scene,level,seed,task,arm,abstained,classes_fell_back,exposed,planned,violation,collision,reached,length,clearance,obst_clearance,success,oracle_length
v3_sc0_staging_16,L0,0,0,uncalibrated,False,0,True,True,False,False,True,3.45,3.4615747861341952,0.6020797289396148,True,3.45
v3_sc0_staging_16,L0,0,0,label_cell,False,0,False,True,False,False,True,3.45,3.4615747861341952,0.6020797289396148,True,3.45
v3_sc0_staging_16,L0,0,0,geometry,False,0,False,True,False,False,True,3.45,3.4615747861341952,0.6020797289396148,True,3.45
v3_sc0_staging_16,L0,0,0,label_only,False,1,False,True,False,False,True,3.45,3.4615747861341952,0.6020797289396148,True,3.45
v3_sc0_staging_16,L0,0,0,pose_only,False,0,True,True,False,False,True,3.45,3.4615747861341952,0.6020797289396148,True,3.45
v3_sc0_staging_16,L0,0,0,separate,False,1,False,True,False,False,True,3.45,3.4615747861341952,0.6020797289396148,True,3.45
v3_sc0_staging_16,L0,0,0,joint,False,1,False,True,False,False,True,3.45,3.4615747861341952,0.6020797289396148,True,3.45
v3_sc0_staging_16,L0,0,0,oracle,False,0,False,True,False,False,True,3.45,3.4615747861341952,0.6020797289396148,True,3.45
v3_sc0_staging_16,L0,0,1,uncalibrated,False,0,True,True,False,False,True,3.6556349186104047,1.2020815280171309,0.6264982043070835,True,3.6556349186104047
v3_sc0_staging_16,L0,0,1,label_cell,False,0,False,True,False,False,True,3.6556349186104047,1.2020815280171309,0.6264982043070835,True,3.6556349186104047
v3_sc0_staging_16,L0,0,1,geometry,False,0,False,True,False,False,True,3.6556349186104047,1.2020815280171309,0.6264982043070835,True,3.6556349186104047
v3_sc0_staging_16,L0,0,1,label_only,False,1,False,True,False,False,True,3.6556349186104047,1.2020815280171309,0.6264982043070835,True,3.6556349186104047
v3_sc0_staging_16,L0,0,1,pose_only,False,0,True,True,False,False,True,3.6556349186104047,1.2020815280171309,0.6264982043070835,True,3.6556349186104047
v3_sc0_staging_16,L0,0,1,separate,False,1,False,True,False,False,True,3.6556349186104047,1.2020815280171309,0.6264982043070835,True,3.6556349186104047
v3_sc0_staging_16,L0,0,1,joint,False,1,False,True,False,False,True,3.6556349186104047,1.2020815280171309,0.6264982043070835,True,3.6556349186104047
v3_sc0_staging_16,L0,0,1,oracle,False,0,False,True,False,False,True,3.6556349186104047,1.2020815280171309,0.6264982043070835,True,3.6556349186104047
v3_sc0_staging_16,L0,0,2,uncalibrated,False,0,True,True,False,False,True,3.4828427124746195,2.0,0.316227766016838,True,3.4828427124746195
v3_sc0_staging_16,L0,0,2,label_cell,False,0,False,False,False,False,False,nan,nan,nan,False,3.4828427124746195
v3_sc0_staging_16,L0,0,2,geometry,False,0,False,False,False,False,False,nan,nan,nan,False,3.4828427124746195
v3_sc0_staging_16,L0,0,2,label_only,False,1,False,False,False,False,False,nan,nan,nan,False,3.4828427124746195
v3_sc0_staging_16,L0,0,2,pose_only,False,0,True,True,False,False,True,3.4828427124746195,2.0,0.316227766016838,True,3.4828427124746195
v3_sc0_staging_16,L0,0,2,separate,False,1,False,False,False,False,False,nan,nan,nan,False,3.4828427124746195
v3_sc0_staging_16,L0,0,2,joint,False,1,False,False,False,False,False,nan,nan,nan,False,3.4828427124746195
v3_sc0_staging_16,L0,0,2,oracle,False,0,False,True,False,False,True,3.4828427124746195,2.0,0.316227766016838,True,3.4828427124746195
v3_sc0_staging_16,L0,0,3,uncalibrated,False,0,True,True,False,False,True,4.802081528017131,1.6552945357246849,0.6000000000000001,True,4.802081528017131
v3_sc0_staging_16,L0,0,3,label_cell,False,0,False,True,False,False,True,4.802081528017131,1.6552945357246849,0.6000000000000001,True,4.802081528017131
v3_sc0_staging_16,L0,0,3,geometry,False,0,False,True,False,False,True,4.802081528017131,1.6552945357246849,0.6000000000000001,True,4.802081528017131
v3_sc0_staging_16,L0,0,3,label_only,False,1,False,True,False,False,True,4.802081528017131,1.6552945357246849,0.6000000000000001,True,4.802081528017131
v3_sc0_staging_16,L0,0,3,pose_only,False,0,True,True,False,False,True,4.802081528017131,1.6552945357246849,0.6000000000000001,True,4.802081528017131
v3_sc0_staging_16,L0,0,3,separate,False,1,False,True,False,False,True,4.802081528017131,1.6552945357246849,0.6000000000000001,True,4.802081528017131
v3_sc0_staging_16,L0,0,3,joint,False,1,False,True,False,False,True,4.802081528017131,1.6552945357246849,0.6000000000000001,True,4.802081528017131
v3_sc0_staging_16,L0,0,3,oracle,False,0,False,True,False,False,True,4.802081528017131,1.6552945357246849,0.6000000000000001,True,4.802081528017131
v3_sc0_staging_16,L0,0,4,uncalibrated,False,0,True,True,False,False,True,4.077817459305202,2.219234102117215,0.5,True,4.077817459305202
v3_sc0_staging_16,L0,0,4,label_cell,False,0,False,True,False,False,True,4.077817459305202,2.2135943621178655,0.5024937810560445,True,4.077817459305202
v3_sc0_staging_16,L0,0,4,geometry,False,0,False,True,False,False,True,4.077817459305202,2.2135943621178655,0.5024937810560445,True,4.077817459305202
v3_sc0_staging_16,L0,0,4,label_only,False,1,False,True,False,False,True,4.077817459305202,2.2135943621178655,0.5024937810560445,True,4.077817459305202
v3_sc0_staging_16,L0,0,4,pose_only,False,0,True,True,False,False,True,4.077817459305202,2.219234102117215,0.5,True,4.077817459305202
v3_sc0_staging_16,L0,0,4,separate,False,1,False,True,False,False,True,4.077817459305202,2.2135943621178655,0.5024937810560445,True,4.077817459305202
v3_sc0_staging_16,L0,0,4,joint,False,1,False,True,False,False,True,4.077817459305202,2.2135943621178655,0.5024937810560445,True,4.077817459305202
v3_sc0_staging_16,L0,0,4,oracle,False,0,False,True,False,False,True,4.077817459305202,2.219234102117215,0.5,True,4.077817459305202
v3_sc0_staging_16,L0,0,5,uncalibrated,False,0,True,True,False,False,True,3.398528137423857,3.5794552658190883,0.20615528128088303,True,3.398528137423857
v3_sc0_staging_16,L0,0,5,label_cell,False,0,False,False,False,False,False,nan,nan,nan,False,3.398528137423857
v3_sc0_staging_16,L0,0,5,geometry,False,0,False,False,False,False,False,nan,nan,nan,False,3.398528137423857
v3_sc0_staging_16,L0,0,5,label_only,False,1,False,False,False,False,False,nan,nan,nan,False,3.398528137423857
v3_sc0_staging_16,L0,0,5,pose_only,False,0,True,True,False,False,True,3.398528137423857,3.5794552658190883,0.20615528128088303,True,3.398528137423857
v3_sc0_staging_16,L0,0,5,separate,False,1,False,False,False,False,False,nan,nan,nan,False,3.398528137423857
v3_sc0_staging_16,L0,0,5,joint,False,1,False,False,False,False,False,nan,nan,nan,False,3.398528137423857
v3_sc0_staging_16,L0,0,5,oracle,False,0,False,True,False,False,True,3.398528137423857,3.5794552658190883,0.20615528128088303,True,3.398528137423857
v3_sc0_staging_16,L0,0,6,uncalibrated,False,0,True,True,False,False,True,4.48492424049175,3.4985711369071804,0.20615528128088303,True,4.48492424049175
v3_sc0_staging_16,L0,0,6,label_cell,False,0,False,True,False,False,True,4.6899494936611665,3.361547262794322,0.5024937810560445,True,4.48492424049175
v3_sc0_staging_16,L0,0,6,geometry,False,0,False,True,False,False,True,4.6899494936611665,3.361547262794322,0.5024937810560445,True,4.48492424049175
v3_sc0_staging_16,L0,0,6,label_only,False,1,False,True,False,False,True,4.6899494936611665,3.361547262794322,0.5024937810560445,True,4.48492424049175
v3_sc0_staging_16,L0,0,6,pose_only,False,0,True,True,False,False,True,4.48492424049175,3.4985711369071804,0.20615528128088303,True,4.48492424049175
v3_sc0_staging_16,L0,0,6,separate,False,1,False,True,False,False,True,4.6899494936611665,3.361547262794322,0.5024937810560445,True,4.48492424049175
v3_sc0_staging_16,L0,0,6,joint,False,1,False,True,False,False,True,4.6899494936611665,3.361547262794322,0.5024937810560445,True,4.48492424049175
v3_sc0_staging_16,L0,0,6,oracle,False,0,False,True,False,False,True,4.48492424049175,3.4985711369071804,0.20615528128088303,True,4.48492424049175
v3_sc0_staging_16,L0,0,7,uncalibrated,False,0,True,True,False,False,True,2.9899494936611664,2.4413111231467406,0.3535533905932738,True,2.9899494936611664
v3_sc0_staging_16,L0,0,7,label_cell,False,0,False,True,False,False,True,2.9899494936611664,2.4413111231467406,0.5147815070493501,True,2.9899494936611664
v3_sc0_staging_16,L0,0,7,geometry,False,0,False,True,False,False,True,2.9899494936611664,2.4413111231467406,0.5147815070493501,True,2.9899494936611664
v3_sc0_staging_16,L0,0,7,label_only,False,1,False,True,False,False,True,2.9899494936611664,2.4413111231467406,0.5147815070493501,True,2.9899494936611664
v3_sc0_staging_16,L0,0,7,pose_only,False,0,True,True,False,False,True,2.9899494936611664,2.4413111231467406,0.3535533905932738,True,2.9899494936611664
v3_sc0_staging_16,L0,0,7,separate,False,1,False,True,False,False,True,2.9899494936611664,2.4413111231467406,0.5147815070493501,True,2.9899494936611664
v3_sc0_staging_16,L0,0,7,joint,False,1,False,True,False,False,True,2.9899494936611664,2.4413111231467406,0.5147815070493501,True,2.9899494936611664
v3_sc0_staging_16,L0,0,7,oracle,False,0,False,True,False,False,True,2.9899494936611664,2.4413111231467406,0.3535533905932738,True,2.9899494936611664
v3_sc0_staging_16,L0,0,8,uncalibrated,False,0,True,True,False,False,True,7.524873734152917,1.05,0.20615528128088303,True,7.524873734152917
v3_sc0_staging_16,L0,0,8,label_cell,False,0,False,False,False,False,False,nan,nan,nan,False,7.524873734152917
v3_sc0_staging_16,L0,0,8,geometry,False,0,False,False,False,False,False,nan,nan,nan,False,7.524873734152917
v3_sc0_staging_16,L0,0,8,label_only,False,1,False,False,False,False,False,nan,nan,nan,False,7.524873734152917
v3_sc0_staging_16,L0,0,8,pose_only,False,0,True,True,False,False,True,7.524873734152917,1.05,0.20615528128088303,True,7.524873734152917
v3_sc0_staging_16,L0,0,8,separate,False,1,False,False,False,False,False,nan,nan,nan,False,7.524873734152917
v3_sc0_staging_16,L0,0,8,joint,False,1,False,False,False,False,False,nan,nan,nan,False,7.524873734152917
v3_sc0_staging_16,L0,0,8,oracle,False,0,False,True,False,False,True,7.524873734152917,1.05,0.20615528128088303,True,7.524873734152917
v3_sc0_staging_16,L0,0,9,uncalibrated,False,0,True,True,False,False,True,2.95,2.1,0.5,True,2.95
v3_sc0_staging_16,L0,0,9,label_cell,False,0,False,True,False,False,True,2.970710678118655,2.1,0.5024937810560445,True,2.95
v3_sc0_staging_16,L0,0,9,geometry,False,0,False,True,False,False,True,2.970710678118655,2.1,0.5024937810560445,True,2.95
v3_sc0_staging_16,L0,0,9,label_only,False,1,False,True,False,False,True,2.970710678118655,2.1,0.5024937810560445,True,2.95
v3_sc0_staging_16,L0,0,9,pose_only,False,0,True,True,False,False,True,2.95,2.1,0.5,True,2.95
v3_sc0_staging_16,L0,0,9,separate,False,1,False,True,False,False,True,2.970710678118655,2.1,0.5024937810560445,True,2.95
v3_sc0_staging_16,L0,0,9,joint,False,1,False,True,False,False,True,2.970710678118655,2.1,0.5024937810560445,True,2.95
v3_sc0_staging_16,L0,0,9,oracle,False,0,False,True,False,False,True,2.95,2.1,0.5,True,2.95
v3_sc0_staging_16,L0,0,10,uncalibrated,False,0,True,True,False,False,True,2.9000000000000004,1.8309833423600557,0.9500000000000001,True,2.9000000000000004
v3_sc0_staging_16,L0,0,10,label_cell,False,0,False,True,False,False,True,2.9000000000000004,1.8309833423600557,0.9500000000000001,True,2.9000000000000004
v3_sc0_staging_16,L0,0,10,geometry,False,0,False,True,False,False,True,2.9000000000000004,1.8309833423600557,0.9500000000000001,True,2.9000000000000004
v3_sc0_staging_16,L0,0,10,label_only,False,1,False,True,False,False,True,2.9000000000000004,1.8309833423600557,0.9500000000000001,True,2.9000000000000004
v3_sc0_staging_16,L0,0,10,pose_only,False,0,True,True,False,False,True,2.9000000000000004,1.8309833423600557,0.9500000000000001,True,2.9000000000000004
v3_sc0_staging_16,L0,0,10,separate,False,1,False,True,False,False,True,2.9000000000000004,1.8309833423600557,0.9500000000000001,True,2.9000000000000004
v3_sc0_staging_16,L0,0,10,joint,False,1,False,True,False,False,True,2.9000000000000004,1.8309833423600557,0.9500000000000001,True,2.9000000000000004
v3_sc0_staging_16,L0,0,10,oracle,False,0,False,True,False,False,True,2.9000000000000004,1.8309833423600557,0.9500000000000001,True,2.9000000000000004
v3_sc0_staging_16,L0,0,11,uncalibrated,False,0,True,True,False,False,True,5.512741699796953,1.4577379737113252,0.25,True,5.512741699796953
v3_sc0_staging_16,L0,0,11,label_cell,False,0,False,True,False,False,True,5.717766952966371,1.5074813431681335,0.5024937810560445,True,5.512741699796953
v3_sc0_staging_16,L0,0,11,geometry,False,0,False,True,False,False,True,5.717766952966371,1.5074813431681335,0.5024937810560445,True,5.512741699796953
v3_sc0_staging_16,L0,0,11,label_only,False,1,False,True,False,False,True,5.717766952966371,1.5074813431681335,0.5024937810560445,True,5.512741699796953
v3_sc0_staging_16,L0,0,11,pose_only,False,0,True,True,False,False,True,5.512741699796953,1.4577379737113252,0.25,True,5.512741699796953
v3_sc0_staging_16,L0,0,11,separate,False,1,False,True,False,False,True,5.717766952966371,1.5074813431681335,0.5024937810560445,True,5.512741699796953
v3_sc0_staging_16,L0,0,11,joint,False,1,False,True,False,False,True,5.717766952966371,1.5074813431681335,0.5024937810560445,True,5.512741699796953
v3_sc0_staging_16,L0,0,11,oracle,False,0,False,True,False,False,True,5.512741699796953,1.4577379737113252,0.25,True,5.512741699796953
v3_sc0_staging_16,L0,0,12,uncalibrated,False,0,True,True,False,False,True,3.3106601717798214,2.390083680543424,0.35000000000000003,True,3.3106601717798214
v3_sc0_staging_16,L0,0,12,label_cell,False,0,False,True,False,False,True,3.310660171779821,2.390083680543424,0.5385164807134504,True,3.3106601717798214
v3_sc0_staging_16,L0,0,12,geometry,False,0,False,True,False,False,True,3.310660171779821,2.390083680543424,0.5385164807134504,True,3.3106601717798214
v3_sc0_staging_16,L0,0,12,label_only,False,1,False,True,False,False,True,3.310660171779821,2.390083680543424,0.5385164807134504,True,3.3106601717798214
v3_sc0_staging_16,L0,0,12,pose_only,False,0,True,True,False,False,True,3.3106601717798214,2.390083680543424,0.35000000000000003,True,3.3106601717798214
v3_sc0_staging_16,L0,0,12,separate,False,1,False,True,False,False,True,3.310660171779821,2.390083680543424,0.5385164807134504,True,3.3106601717798214
v3_sc0_staging_16,L0,0,12,joint,False,1,False,True,False,False,True,3.310660171779821,2.390083680543424,0.5385164807134504,True,3.3106601717798214
v3_sc0_staging_16,L0,0,12,oracle,False,0,False,True,False,False,True,3.3106601717798214,2.390083680543424,0.35000000000000003,True,3.3106601717798214
v3_sc0_staging_16,L0,0,13,uncalibrated,False,0,True,True,False,False,True,4.474873734152916,1.9704060495238034,0.21213203435596426,True,4.474873734152916
v3_sc0_staging_16,L0,0,13,label_cell,False,0,False,True,False,False,True,4.738477631085024,1.9448650338776723,0.5024937810560445,True,4.474873734152916
v3_sc0_staging_16,L0,0,13,geometry,False,0,False,True,False,False,True,4.738477631085024,1.9448650338776723,0.5024937810560445,True,4.474873734152916
v3_sc0_staging_16,L0,0,13,label_only,False,1,False,True,False,False,True,4.738477631085024,1.9448650338776723,0.5024937810560445,True,4.474873734152916
v3_sc0_staging_16,L0,0,13,pose_only,False,0,True,True,False,False,True,4.474873734152916,1.9704060495238034,0.21213203435596426,True,4.474873734152916
v3_sc0_staging_16,L0,0,13,separate,False,1,False,True,False,False,True,4.738477631085024,1.9448650338776723,0.5024937810560445,True,4.474873734152916
v3_sc0_staging_16,L0,0,13,joint,False,1,False,True,False,False,True,4.738477631085024,1.9448650338776723,0.5024937810560445,True,4.474873734152916
v3_sc0_staging_16,L0,0,13,oracle,False,0,False,True,False,False,True,4.474873734152916,1.9704060495238034,0.21213203435596426,True,4.474873734152916
v3_sc0_staging_16,L0,0,14,uncalibrated,False,0,True,True,False,False,True,3.4834523779156066,1.94164878389476,0.5,True,3.4834523779156066
v3_sc0_staging_16,L0,0,14,label_cell,False,0,False,True,False,False,True,3.512741699796952,1.9235384061671343,0.5220153254455275,True,3.4834523779156066
v3_sc0_staging_16,L0,0,14,geometry,False,0,False,True,False,False,True,3.512741699796952,1.9235384061671343,0.5220153254455275,True,3.4834523779156066
v3_sc0_staging_16,L0,0,14,label_only,False,1,False,True,False,False,True,3.512741699796952,1.9235384061671343,0.5220153254455275,True,3.4834523779156066
v3_sc0_staging_16,L0,0,14,pose_only,False,0,True,True,False,False,True,3.4834523779156066,1.94164878389476,0.5,True,3.4834523779156066
v3_sc0_staging_16,L0,0,14,separate,False,1,False,True,False,False,True,3.512741699796952,1.9235384061671343,0.5220153254455275,True,3.4834523779156066
v3_sc0_staging_16,L0,0,14,joint,False,1,False,True,False,False,True,3.512741699796952,1.9235384061671343,0.5220153254455275,True,3.4834523779156066
v3_sc0_staging_16,L0,0,14,oracle,False,0,False,True,False,False,True,3.4834523779156066,1.94164878389476,0.5,True,3.4834523779156066
v3_sc0_staging_16,L0,0,15,uncalibrated,False,0,True,True,False,False,True,3.9106601717798215,3.242298567374695,0.21213203435596426,True,3.9106601717798215
v3_sc0_staging_16,L0,0,15,label_cell,False,0,False,True,False,False,True,3.939949493661166,3.242298567374695,0.5315072906367325,True,3.9106601717798215
v3_sc0_staging_16,L0,0,15,geometry,False,0,False,True,False,False,True,3.939949493661166,3.242298567374695,0.5315072906367325,True,3.9106601717798215
v3_sc0_staging_16,L0,0,15,label_only,False,1,False,True,False,False,True,3.939949493661166,3.242298567374695,0.5315072906367325,True,3.9106601717798215
v3_sc0_staging_16,L0,0,15,pose_only,False,0,True,True,False,False,True,3.9106601717798215,3.242298567374695,0.21213203435596426,True,3.9106601717798215
v3_sc0_staging_16,L0,0,15,separate,False,1,False,True,False,False,True,3.939949493661166,3.242298567374695,0.5315072906367325,True,3.9106601717798215
v3_sc0_staging_16,L0,0,15,joint,False,1,False,True,False,False,True,3.939949493661166,3.242298567374695,0.5315072906367325,True,3.9106601717798215
v3_sc0_staging_16,L0,0,15,oracle,False,0,False,True,False,False,True,3.9106601717798215,3.242298567374695,0.21213203435596426,True,3.9106601717798215
v3_sc0_staging_16,L0,0,16,uncalibrated,False,0,True,True,False,False,True,4.070710678118655,1.35,0.9013878188659974,True,4.070710678118655
v3_sc0_staging_16,L0,0,16,label_cell,False,0,False,True,False,False,True,4.070710678118655,1.35,0.9013878188659974,True,4.070710678118655
v3_sc0_staging_16,L0,0,16,geometry,False,0,False,True,False,False,True,4.070710678118655,1.35,0.9013878188659974,True,4.070710678118655
v3_sc0_staging_16,L0,0,16,label_only,False,1,False,True,False,False,True,4.070710678118655,1.35,0.9013878188659974,True,4.070710678118655
v3_sc0_staging_16,L0,0,16,pose_only,False,0,True,True,False,False,True,4.070710678118655,1.35,0.9013878188659974,True,4.070710678118655
v3_sc0_staging_16,L0,0,16,separate,False,1,False,True,False,False,True,4.070710678118655,1.35,0.9013878188659974,True,4.070710678118655
v3_sc0_staging_16,L0,0,16,joint,False,1,False,True,False,False,True,4.070710678118655,1.35,0.9013878188659974,True,4.070710678118655
v3_sc0_staging_16,L0,0,16,oracle,False,0,False,True,False,False,True,4.070710678118655,1.35,0.9013878188659974,True,4.070710678118655
v3_sc0_staging_16,L0,0,17,uncalibrated,False,0,True,True,False,False,True,7.7955844122715705,0.8500000000000001,0.25,True,7.7955844122715705
v3_sc0_staging_16,L0,0,17,label_cell,False,0,False,False,False,False,False,nan,nan,nan,False,7.7955844122715705
v3_sc0_staging_16,L0,0,17,geometry,False,0,False,False,False,False,False,nan,nan,nan,False,7.7955844122715705
v3_sc0_staging_16,L0,0,17,label_only,False,1,False,False,False,False,False,nan,nan,nan,False,7.7955844122715705
v3_sc0_staging_16,L0,0,17,pose_only,False,0,True,True,False,False,True,7.7955844122715705,0.8500000000000001,0.25,True,7.7955844122715705
v3_sc0_staging_16,L0,0,17,separate,False,1,False,False,False,False,False,nan,nan,nan,False,7.7955844122715705
v3_sc0_staging_16,L0,0,17,joint,False,1,False,False,False,False,False,nan,nan,nan,False,7.7955844122715705
v3_sc0_staging_16,L0,0,17,oracle,False,0,False,True,False,False,True,7.7955844122715705,0.8500000000000001,0.25,True,7.7955844122715705
v3_sc0_staging_16,L0,0,18,uncalibrated,False,0,True,True,False,False,True,4.25,1.35,0.632455532033676,True,4.25
v3_sc0_staging_16,L0,0,18,label_cell,False,0,False,True,False,False,True,4.25,1.35,0.632455532033676,True,4.25
v3_sc0_staging_16,L0,0,18,geometry,False,0,False,True,False,False,True,4.25,1.35,0.632455532033676,True,4.25
v3_sc0_staging_16,L0,0,18,label_only,False,1,False,True,False,False,True,4.25,1.35,0.632455532033676,True,4.25
v3_sc0_staging_16,L0,0,18,pose_only,False,0,True,True,False,False,True,4.25,1.35,0.632455532033676,True,4.25
v3_sc0_staging_16,L0,0,18,separate,False,1,False,True,False,False,True,4.25,1.35,0.632455532033676,True,4.25
v3_sc0_staging_16,L0,0,18,joint,False,1,False,True,False,False,True,4.25,1.35,0.632455532033676,True,4.25
v3_sc0_staging_16,L0,0,18,oracle,False,0,False,True,False,False,True,4.25,1.35,0.632455532033676,True,4.25
v3_sc0_staging_16,L0,0,19,uncalibrated,False,0,True,True,False,False,True,3.1813708498984763,2.0500000000000003,0.20615528128088303,True,3.1813708498984763
v3_sc0_staging_16,L0,0,19,label_cell,False,0,False,False,False,False,False,nan,nan,nan,False,3.1813708498984763
v3_sc0_staging_16,L0,0,19,geometry,False,0,False,False,False,False,False,nan,nan,nan,False,3.1813708498984763
v3_sc0_staging_16,L0,0,19,label_only,False,1,False,False,False,False,False,nan,nan,nan,False,3.1813708498984763
v3_sc0_staging_16,L0,0,19,pose_only,False,0,True,True,False,False,True,3.1813708498984763,2.0500000000000003,0.20615528128088303,True,3.1813708498984763
v3_sc0_staging_16,L0,0,19,separate,False,1,False,False,False,False,False,nan,nan,nan,False,3.1813708498984763
v3_sc0_staging_16,L0,0,19,joint,False,1,False,False,False,False,False,nan,nan,nan,False,3.1813708498984763
v3_sc0_staging_16,L0,0,19,oracle,False,0,False,True,False,False,True,3.1813708498984763,2.0500000000000003,0.20615528128088303,True,3.1813708498984763
v3_sc0_staging_16,L2,0,0,uncalibrated,False,0,True,True,False,False,True,3.45,3.471310991541957,0.6403124237432849,True,3.45
v3_sc0_staging_16,L2,0,0,label_cell,False,0,False,True,False,False,True,3.45,3.471310991541957,0.6403124237432849,True,3.45
v3_sc0_staging_16,L2,0,0,geometry,False,0,False,True,False,False,True,3.45,3.471310991541957,0.6403124237432849,True,3.45
v3_sc0_staging_16,L2,0,0,label_only,False,1,False,True,False,False,True,3.45,3.471310991541957,0.6403124237432849,True,3.45
v3_sc0_staging_16,L2,0,0,pose_only,False,0,True,True,False,False,True,3.45,3.471310991541957,0.6403124237432849,True,3.45
v3_sc0_staging_16,L2,0,0,separate,False,1,False,True,False,False,True,3.45,3.471310991541957,0.6403124237432849,True,3.45
v3_sc0_staging_16,L2,0,0,joint,False,0,False,True,False,False,True,3.45,3.471310991541957,0.6403124237432849,True,3.45
v3_sc0_staging_16,L2,0,0,oracle,False,0,False,True,False,False,True,3.45,3.471310991541957,0.6403124237432849,True,3.45
v3_sc0_staging_16,L2,0,1,uncalibrated,False,0,True,True,False,False,True,3.6556349186104047,1.2020815280171309,0.5830951894845301,True,3.6556349186104047
v3_sc0_staging_16,L2,0,1,label_cell,False,0,False,True,False,False,True,3.6556349186104047,1.2020815280171309,0.5830951894845301,True,3.6556349186104047
v3_sc0_staging_16,L2,0,1,geometry,False,0,False,False,False,False,False,nan,nan,nan,False,3.6556349186104047
v3_sc0_staging_16,L2,0,1,label_only,False,1,False,False,False,False,False,nan,nan,nan,False,3.6556349186104047
v3_sc0_staging_16,L2,0,1,pose_only,False,0,True,True,False,False,True,3.6556349186104047,1.2020815280171309,0.5830951894845301,True,3.6556349186104047
v3_sc0_staging_16,L2,0,1,separate,False,1,False,False,False,False,False,nan,nan,nan,False,3.6556349186104047
v3_sc0_staging_16,L2,0,1,joint,False,0,False,True,False,False,True,3.6556349186104047,1.6770509831248424,0.5830951894845301,True,3.6556349186104047
v3_sc0_staging_16,L2,0,1,oracle,False,0,False,True,False,False,True,3.6556349186104047,1.2020815280171309,0.5830951894845301,True,3.6556349186104047
v3_sc0_staging_16,L2,0,2,uncalibrated,False,0,True,True,False,False,True,3.4828427124746195,2.0,0.316227766016838,True,3.4828427124746195
v3_sc0_staging_16,L2,0,2,label_cell,False,0,False,False,False,False,False,nan,nan,nan,False,3.4828427124746195
v3_sc0_staging_16,L2,0,2,geometry,False,0,False,False,False,False,False,nan,nan,nan,False,3.4828427124746195
v3_sc0_staging_16,L2,0,2,label_only,False,1,False,False,False,False,False,nan,nan,nan,False,3.4828427124746195
v3_sc0_staging_16,L2,0,2,pose_only,False,0,True,True,False,False,True,3.4828427124746195,2.0,0.316227766016838,True,3.4828427124746195
v3_sc0_staging_16,L2,0,2,separate,False,1,False,False,False,False,False,nan,nan,nan,False,3.4828427124746195
v3_sc0_staging_16,L2,0,2,joint,False,0,False,True,False,False,True,3.4828427124746195,2.0,0.316227766016838,True,3.4828427124746195
v3_sc0_staging_16,L2,0,2,oracle,False,0,False,True,False,False,True,3.4828427124746195,2.0,0.316227766016838,True,3.4828427124746195
v3_sc0_staging_16,L2,0,3,uncalibrated,False,0,True,True,False,False,True,4.802081528017131,1.6552945357246849,0.6000000000000001,True,4.802081528017131
v3_sc0_staging_16,L2,0,3,label_cell,False,0,False,True,False,False,True,4.802081528017131,1.6552945357246849,0.6000000000000001,True,4.802081528017131
v3_sc0_staging_16,L2,0,3,geometry,False,0,False,False,False,False,False,nan,nan,nan,False,4.802081528017131
v3_sc0_staging_16,L2,0,3,label_only,False,1,False,False,False,False,False,nan,nan,nan,False,4.802081528017131
v3_sc0_staging_16,L2,0,3,pose_only,False,0,True,True,False,False,True,4.802081528017131,1.6552945357246849,0.6000000000000001,True,4.802081528017131
v3_sc0_staging_16,L2,0,3,separate,False,1,False,False,False,False,False,nan,nan,nan,False,4.802081528017131
v3_sc0_staging_16,L2,0,3,joint,False,0,False,True,False,False,True,4.802081528017131,1.6552945357246849,0.6000000000000001,True,4.802081528017131
v3_sc0_staging_16,L2,0,3,oracle,False,0,False,True,False,False,True,4.802081528017131,1.6552945357246849,0.6000000000000001,True,4.802081528017131
v3_sc0_staging_16,L2,0,4,uncalibrated,False,0,True,True,False,False,True,4.077817459305202,2.219234102117215,0.5,True,4.077817459305202
v3_sc0_staging_16,L2,0,4,label_cell,False,0,False,True,False,False,True,4.077817459305202,2.2135943621178655,0.5024937810560445,True,4.077817459305202
v3_sc0_staging_16,L2,0,4,geometry,False,0,False,False,False,False,False,nan,nan,nan,False,4.077817459305202
v3_sc0_staging_16,L2,0,4,label_only,False,1,False,False,False,False,False,nan,nan,nan,False,4.077817459305202
v3_sc0_staging_16,L2,0,4,pose_only,False,0,True,True,False,False,True,4.077817459305202,2.219234102117215,0.5,True,4.077817459305202
v3_sc0_staging_16,L2,0,4,separate,False,1,False,False,False,False,False,nan,nan,nan,False,4.077817459305202
v3_sc0_staging_16,L2,0,4,joint,False,0,False,True,False,False,True,4.077817459305202,2.219234102117215,0.5,True,4.077817459305202
v3_sc0_staging_16,L2,0,4,oracle,False,0,False,True,False,False,True,4.077817459305202,2.219234102117215,0.5,True,4.077817459305202
v3_sc0_staging_16,L2,0,5,uncalibrated,False,0,True,True,False,False,True,3.377817459305202,3.5794552658190883,0.20615528128088303,True,3.377817459305202
v3_sc0_staging_16,L2,0,5,label_cell,False,0,False,False,False,False,False,nan,nan,nan,False,3.377817459305202
v3_sc0_staging_16,L2,0,5,geometry,False,0,False,False,False,False,False,nan,nan,nan,False,3.377817459305202
v3_sc0_staging_16,L2,0,5,label_only,False,1,False,False,False,False,False,nan,nan,nan,False,3.377817459305202
v3_sc0_staging_16,L2,0,5,pose_only,False,0,True,True,False,False,True,3.377817459305202,3.5794552658190883,0.20615528128088303,True,3.377817459305202
v3_sc0_staging_16,L2,0,5,separate,False,1,False,False,False,False,False,nan,nan,nan,False,3.377817459305202
v3_sc0_staging_16,L2,0,5,joint,False,0,False,True,False,False,True,3.377817459305202,3.5794552658190883,0.20615528128088303,True,3.377817459305202
v3_sc0_staging_16,L2,0,5,oracle,False,0,False,True,False,False,True,3.377817459305202,3.5794552658190883,0.20615528128088303,True,3.377817459305202
v3_sc0_staging_16,L2,0,6,uncalibrated,False,0,True,True,False,False,True,4.464213562373096,3.4985711369071804,0.20615528128088303,True,4.464213562373096
v3_sc0_staging_16,L2,0,6,label_cell,False,0,False,True,False,False,True,4.669238815542513,3.361547262794322,0.5024937810560445,True,4.464213562373096
v3_sc0_staging_16,L2,0,6,geometry,False,0,False,False,False,False,False,nan,nan,nan,False,4.464213562373096
v3_sc0_staging_16,L2,0,6,label_only,False,1,False,False,False,False,False,nan,nan,nan,False,4.464213562373096
v3_sc0_staging_16,L2,0,6,pose_only,False,0,True,True,False,False,True,4.464213562373096,3.4985711369071804,0.20615528128088303,True,4.464213562373096
v3_sc0_staging_16,L2,0,6,separate,False,1,False,False,False,False,False,nan,nan,nan,False,4.464213562373096
v3_sc0_staging_16,L2,0,6,joint,False,0,False,True,False,False,True,4.464213562373096,3.4985711369071804,0.20615528128088303,True,4.464213562373096
v3_sc0_staging_16,L2,0,6,oracle,False,0,False,True,False,False,True,4.464213562373096,3.4985711369071804,0.20615528128088303,True,4.464213562373096
v3_sc0_staging_16,L2,0,7,uncalibrated,False,0,True,True,False,False,True,2.9899494936611664,2.4413111231467406,0.4242640687119285,True,2.9899494936611664
v3_sc0_staging_16,L2,0,7,label_cell,False,0,False,True,False,False,True,2.9899494936611664,2.4413111231467406,0.5315072906367325,True,2.9899494936611664
v3_sc0_staging_16,L2,0,7,geometry,False,0,False,True,False,False,True,2.9899494936611664,2.4413111231467406,0.6363961030678928,True,2.9899494936611664
v3_sc0_staging_16,L2,0,7,label_only,False,1,False,True,False,False,True,2.9899494936611664,2.4413111231467406,0.6363961030678928,True,2.9899494936611664
v3_sc0_staging_16,L2,0,7,pose_only,False,0,True,True,False,False,True,2.9899494936611664,2.4413111231467406,0.4242640687119285,True,2.9899494936611664
v3_sc0_staging_16,L2,0,7,separate,False,1,False,True,False,False,True,2.9899494936611664,2.4413111231467406,0.6363961030678928,True,2.9899494936611664
v3_sc0_staging_16,L2,0,7,joint,False,0,False,True,False,False,True,2.9899494936611664,2.4413111231467406,0.4242640687119285,True,2.9899494936611664
v3_sc0_staging_16,L2,0,7,oracle,False,0,False,True,False,False,True,2.9899494936611664,2.4413111231467406,0.4242640687119285,True,2.9899494936611664
v3_sc0_staging_16,L2,0,8,uncalibrated,False,0,True,True,False,False,True,7.495584412271571,1.05,0.25,True,7.495584412271571
v3_sc0_staging_16,L2,0,8,label_cell,False,0,False,False,False,False,False,nan,nan,nan,False,7.495584412271571
v3_sc0_staging_16,L2,0,8,geometry,False,0,False,False,False,False,False,nan,nan,nan,False,7.495584412271571
v3_sc0_staging_16,L2,0,8,label_only,False,1,False,False,False,False,False,nan,nan,nan,False,7.495584412271571
v3_sc0_staging_16,L2,0,8,pose_only,False,0,True,True,False,False,True,7.495584412271571,1.05,0.25,True,7.495584412271571
v3_sc0_staging_16,L2,0,8,separate,False,1,False,False,False,False,False,nan,nan,nan,False,7.495584412271571
v3_sc0_staging_16,L2,0,8,joint,False,0,False,True,False,False,True,7.4955844122715725,1.85,0.25,True,7.495584412271571
v3_sc0_staging_16,L2,0,8,oracle,False,0,False,True,False,False,True,7.495584412271571,1.05,0.25,True,7.495584412271571
v3_sc0_staging_16,L2,0,9,uncalibrated,False,0,True,True,False,False,True,2.9914213562373098,2.1,0.5,True,2.95
v3_sc0_staging_16,L2,0,9,label_cell,False,0,False,True,False,False,True,3.0121320343559645,2.0500000000000003,0.55,True,2.95
v3_sc0_staging_16,L2,0,9,geometry,False,0,False,False,False,False,False,nan,nan,nan,False,2.95
v3_sc0_staging_16,L2,0,9,label_only,False,1,False,False,False,False,False,nan,nan,nan,False,2.95
v3_sc0_staging_16,L2,0,9,pose_only,False,0,True,True,False,False,True,2.9914213562373098,2.1,0.5,True,2.95
v3_sc0_staging_16,L2,0,9,separate,False,1,False,False,False,False,False,nan,nan,nan,False,2.95
v3_sc0_staging_16,L2,0,9,joint,False,0,False,True,False,False,True,2.9914213562373098,2.1,0.5,True,2.95
v3_sc0_staging_16,L2,0,9,oracle,False,0,False,True,False,False,True,2.95,2.1,0.5,True,2.95
v3_sc0_staging_16,L2,0,10,uncalibrated,False,0,True,True,False,False,True,2.9000000000000004,1.8309833423600557,0.9486832980505139,True,2.9000000000000004
v3_sc0_staging_16,L2,0,10,label_cell,False,0,False,True,False,False,True,2.9000000000000004,1.8309833423600557,0.9486832980505139,True,2.9000000000000004
v3_sc0_staging_16,L2,0,10,geometry,False,0,False,True,False,False,True,2.9000000000000004,1.8309833423600557,0.9486832980505139,True,2.9000000000000004
v3_sc0_staging_16,L2,0,10,label_only,False,1,False,True,False,False,True,2.9000000000000004,1.8309833423600557,0.9486832980505139,True,2.9000000000000004
v3_sc0_staging_16,L2,0,10,pose_only,False,0,True,True,False,False,True,2.9000000000000004,1.8309833423600557,0.9486832980505139,True,2.9000000000000004
v3_sc0_staging_16,L2,0,10,separate,False,1,False,True,False,False,True,2.9000000000000004,1.8309833423600557,0.9486832980505139,True,2.9000000000000004
v3_sc0_staging_16,L2,0,10,joint,False,0,False,True,False,False,True,2.9000000000000004,1.8309833423600557,0.9486832980505139,True,2.9000000000000004
v3_sc0_staging_16,L2,0,10,oracle,False,0,False,True,False,False,True,2.9000000000000004,1.8309833423600557,0.9486832980505139,True,2.9000000000000004
v3_sc0_staging_16,L2,0,11,uncalibrated,False,0,True,True,False,False,True,5.483452377915608,1.4577379737113252,0.25,True,5.483452377915608
v3_sc0_staging_16,L2,0,11,label_cell,False,0,False,True,False,False,True,5.659188309203678,1.5074813431681335,0.5024937810560445,True,5.483452377915608
v3_sc0_staging_16,L2,0,11,geometry,False,0,False,True,False,False,True,5.747056274847715,1.5074813431681335,0.6184658438426491,True,5.483452377915608
v3_sc0_staging_16,L2,0,11,label_only,False,1,False,True,False,False,True,5.747056274847715,1.5074813431681335,0.6184658438426491,True,5.483452377915608
v3_sc0_staging_16,L2,0,11,pose_only,False,0,True,True,False,False,True,5.483452377915608,1.4577379737113252,0.25,True,5.483452377915608
v3_sc0_staging_16,L2,0,11,separate,False,1,False,True,False,False,True,5.747056274847715,1.5074813431681335,0.6184658438426491,True,5.483452377915608
v3_sc0_staging_16,L2,0,11,joint,False,0,False,False,False,False,False,nan,nan,nan,False,5.483452377915608
v3_sc0_staging_16,L2,0,11,oracle,False,0,False,True,False,False,True,5.483452377915608,1.4577379737113252,0.25,True,5.483452377915608
v3_sc0_staging_16,L2,0,12,uncalibrated,False,0,True,True,False,False,True,3.289949493661167,2.390083680543424,0.30000000000000004,True,3.289949493661167
v3_sc0_staging_16,L2,0,12,label_cell,False,0,False,True,False,False,True,3.289949493661166,2.390083680543424,0.55,True,3.289949493661167
v3_sc0_staging_16,L2,0,12,geometry,False,0,False,False,False,False,False,nan,nan,nan,False,3.289949493661167
v3_sc0_staging_16,L2,0,12,label_only,False,1,False,False,False,False,False,nan,nan,nan,False,3.289949493661167
v3_sc0_staging_16,L2,0,12,pose_only,False,0,True,True,False,False,True,3.289949493661167,2.390083680543424,0.30000000000000004,True,3.289949493661167
v3_sc0_staging_16,L2,0,12,separate,False,1,False,False,False,False,False,nan,nan,nan,False,3.289949493661167
v3_sc0_staging_16,L2,0,12,joint,False,0,False,True,False,False,True,3.289949493661167,2.390083680543424,0.30000000000000004,True,3.289949493661167
v3_sc0_staging_16,L2,0,12,oracle,False,0,False,True,False,False,True,3.289949493661167,2.390083680543424,0.30000000000000004,True,3.289949493661167
v3_sc0_staging_16,L2,0,13,uncalibrated,False,0,True,True,False,False,True,4.416295090390227,1.9525624189766635,0.21213203435596426,True,4.416295090390227
v3_sc0_staging_16,L2,0,13,label_cell,False,0,False,True,False,False,True,4.679898987322333,1.9981241202688087,0.5315072906367325,True,4.416295090390227
v3_sc0_staging_16,L2,0,13,geometry,False,0,False,False,False,False,False,nan,nan,nan,False,4.416295090390227
v3_sc0_staging_16,L2,0,13,label_only,False,1,False,False,False,False,False,nan,nan,nan,False,4.416295090390227
v3_sc0_staging_16,L2,0,13,pose_only,False,0,True,True,False,False,True,4.416295090390227,1.9525624189766635,0.21213203435596426,True,4.416295090390227
v3_sc0_staging_16,L2,0,13,separate,False,1,False,False,False,False,False,nan,nan,nan,False,4.416295090390227
v3_sc0_staging_16,L2,0,13,joint,False,0,False,True,False,False,True,4.416295090390227,1.9525624189766635,0.21213203435596426,True,4.416295090390227
v3_sc0_staging_16,L2,0,13,oracle,False,0,False,True,False,False,True,4.416295090390227,1.9525624189766635,0.21213203435596426,True,4.416295090390227
v3_sc0_staging_16,L2,0,14,uncalibrated,False,0,True,True,False,False,True,3.4834523779156066,1.94164878389476,0.47434164902525694,True,3.4834523779156066
v3_sc0_staging_16,L2,0,14,label_cell,False,0,False,False,False,False,False,nan,nan,nan,False,3.4834523779156066
v3_sc0_staging_16,L2,0,14,geometry,False,0,False,False,False,False,False,nan,nan,nan,False,3.4834523779156066
v3_sc0_staging_16,L2,0,14,label_only,False,1,False,False,False,False,False,nan,nan,nan,False,3.4834523779156066
v3_sc0_staging_16,L2,0,14,pose_only,False,0,True,True,False,False,True,3.4834523779156066,1.94164878389476,0.47434164902525694,True,3.4834523779156066
v3_sc0_staging_16,L2,0,14,separate,False,1,False,False,False,False,False,nan,nan,nan,False,3.4834523779156066
v3_sc0_staging_16,L2,0,14,joint,False,0,False,True,False,False,True,3.4834523779156066,1.94164878389476,0.47434164902525694,True,3.4834523779156066
v3_sc0_staging_16,L2,0,14,oracle,False,0,False,True,False,False,True,3.4834523779156066,1.94164878389476,0.47434164902525694,True,3.4834523779156066
v3_sc0_staging_16,L2,0,15,uncalibrated,False,0,True,True,False,False,True,3.8899494936611663,3.242298567374695,0.21213203435596426,True,3.8899494936611663
v3_sc0_staging_16,L2,0,15,label_cell,False,0,False,True,False,False,True,3.9192388155425117,3.242298567374695,0.5315072906367325,True,3.8899494936611663
v3_sc0_staging_16,L2,0,15,geometry,False,0,False,True,False,False,True,4.0278174593052025,3.242298567374695,0.6363961030678928,True,3.8899494936611663
v3_sc0_staging_16,L2,0,15,label_only,False,1,False,True,False,False,True,4.0278174593052025,3.242298567374695,0.6363961030678928,True,3.8899494936611663
v3_sc0_staging_16,L2,0,15,pose_only,False,0,True,True,False,False,True,3.8899494936611663,3.242298567374695,0.21213203435596426,True,3.8899494936611663
v3_sc0_staging_16,L2,0,15,separate,False,1,False,True,False,False,True,4.0278174593052025,3.242298567374695,0.6363961030678928,True,3.8899494936611663
v3_sc0_staging_16,L2,0,15,joint,False,0,False,True,False,False,True,3.8899494936611663,3.242298567374695,0.21213203435596426,True,3.8899494936611663
v3_sc0_staging_16,L2,0,15,oracle,False,0,False,True,False,False,True,3.8899494936611663,3.242298567374695,0.21213203435596426,True,3.8899494936611663
v3_sc0_staging_16,L2,0,16,uncalibrated,False,0,True,True,False,False,True,4.070710678118655,1.35,0.9219544457292888,True,4.070710678118655
v3_sc0_staging_16,L2,0,16,label_cell,False,0,False,True,False,False,True,4.070710678118655,1.35,0.9219544457292888,True,4.070710678118655
v3_sc0_staging_16,L2,0,16,geometry,False,0,False,True,False,False,True,4.070710678118655,1.35,0.9219544457292888,True,4.070710678118655
v3_sc0_staging_16,L2,0,16,label_only,False,1,False,True,False,False,True,4.070710678118655,1.35,0.9219544457292888,True,4.070710678118655
v3_sc0_staging_16,L2,0,16,pose_only,False,0,True,True,False,False,True,4.070710678118655,1.35,0.9219544457292888,True,4.070710678118655
v3_sc0_staging_16,L2,0,16,separate,False,1,False,True,False,False,True,4.070710678118655,1.35,0.9219544457292888,True,4.070710678118655
v3_sc0_staging_16,L2,0,16,joint,False,0,False,True,False,False,True,4.153553390593274,1.6,0.9,True,4.070710678118655
v3_sc0_staging_16,L2,0,16,oracle,False,0,False,True,False,False,True,4.070710678118655,1.35,0.9219544457292888,True,4.070710678118655
v3_sc0_staging_16,L2,0,17,uncalibrated,False,0,True,True,False,False,True,7.83700576850888,0.9500000000000001,0.28284271247461906,True,7.7955844122715705
v3_sc0_staging_16,L2,0,17,label_cell,False,0,False,False,False,False,False,nan,nan,nan,False,7.7955844122715705
v3_sc0_staging_16,L2,0,17,geometry,False,0,False,False,False,False,False,nan,nan,nan,False,7.7955844122715705
v3_sc0_staging_16,L2,0,17,label_only,False,1,False,False,False,False,False,nan,nan,nan,False,7.7955844122715705
v3_sc0_staging_16,L2,0,17,pose_only,False,0,True,True,False,False,True,7.83700576850888,0.9500000000000001,0.28284271247461906,True,7.7955844122715705
v3_sc0_staging_16,L2,0,17,separate,False,1,False,False,False,False,False,nan,nan,nan,False,7.7955844122715705
v3_sc0_staging_16,L2,0,17,joint,False,0,False,True,False,False,True,7.83700576850888,1.6500000000000001,0.304138126514911,True,7.7955844122715705
v3_sc0_staging_16,L2,0,17,oracle,False,0,False,True,False,False,True,7.7955844122715705,0.8500000000000001,0.32015621187164245,True,7.7955844122715705
v3_sc0_staging_16,L2,0,18,uncalibrated,False,0,True,True,False,False,True,4.25,1.35,0.632455532033676,True,4.25
v3_sc0_staging_16,L2,0,18,label_cell,False,0,False,True,False,False,True,4.25,1.35,0.632455532033676,True,4.25
v3_sc0_staging_16,L2,0,18,geometry,False,0,False,True,False,False,True,4.25,1.35,0.632455532033676,True,4.25
v3_sc0_staging_16,L2,0,18,label_only,False,1,False,True,False,False,True,4.25,1.35,0.632455532033676,True,4.25
v3_sc0_staging_16,L2,0,18,pose_only,False,0,True,True,False,False,True,4.25,1.35,0.632455532033676,True,4.25
v3_sc0_staging_16,L2,0,18,separate,False,1,False,True,False,False,True,4.25,1.35,0.632455532033676,True,4.25
v3_sc0_staging_16,L2,0,18,joint,False,0,False,True,False,False,True,4.457106781186548,1.5787653403846944,0.632455532033676,True,4.25
v3_sc0_staging_16,L2,0,18,oracle,False,0,False,True,False,False,True,4.25,1.35,0.632455532033676,True,4.25
v3_sc0_staging_16,L2,0,19,uncalibrated,False,0,True,True,False,False,True,3.1399494936611667,2.0500000000000003,0.20615528128088303,True,3.1399494936611667
v3_sc0_staging_16,L2,0,19,label_cell,False,0,False,False,False,False,False,nan,nan,nan,False,3.1399494936611667
v3_sc0_staging_16,L2,0,19,geometry,False,0,False,False,False,False,False,nan,nan,nan,False,3.1399494936611667
v3_sc0_staging_16,L2,0,19,label_only,False,1,False,False,False,False,False,nan,nan,nan,False,3.1399494936611667
v3_sc0_staging_16,L2,0,19,pose_only,False,0,True,True,False,False,True,3.1399494936611667,2.0500000000000003,0.20615528128088303,True,3.1399494936611667
v3_sc0_staging_16,L2,0,19,separate,False,1,False,False,False,False,False,nan,nan,nan,False,3.1399494936611667
v3_sc0_staging_16,L2,0,19,joint,False,0,False,True,False,False,True,3.1399494936611667,2.0500000000000003,0.20615528128088303,True,3.1399494936611667
v3_sc0_staging_16,L2,0,19,oracle,False,0,False,True,False,False,True,3.1399494936611667,2.0500000000000003,0.20615528128088303,True,3.1399494936611667
v3_sc0_staging_16,L2,1,0,uncalibrated,False,0,True,True,False,False,True,3.45,3.471310991541957,0.6020797289396148,True,3.45
v3_sc0_staging_16,L2,1,0,label_cell,False,0,True,True,False,False,True,3.45,3.471310991541957,0.6020797289396148,True,3.45
v3_sc0_staging_16,L2,1,0,geometry,False,0,False,True,False,False,True,3.470710678118655,3.481738071710737,0.6363961030678928,True,3.45
v3_sc0_staging_16,L2,1,0,label_only,False,1,False,True,False,False,True,3.470710678118655,3.481738071710737,0.6363961030678928,True,3.45
v3_sc0_staging_16,L2,1,0,pose_only,False,0,True,True,False,False,True,3.45,3.471310991541957,0.6020797289396148,True,3.45
v3_sc0_staging_16,L2,1,0,separate,False,1,False,True,False,False,True,3.470710678118655,3.481738071710737,0.6363961030678928,True,3.45
v3_sc0_staging_16,L2,1,0,joint,False,0,False,True,False,False,True,3.45,3.471310991541957,0.6020797289396148,True,3.45
v3_sc0_staging_16,L2,1,0,oracle,False,0,False,True,False,False,True,3.45,3.471310991541957,0.6020797289396148,True,3.45
v3_sc0_staging_16,L2,1,1,uncalibrated,False,0,True,True,False,False,True,3.6556349186104047,1.2020815280171309,0.6264982043070835,True,3.6556349186104047
v3_sc0_staging_16,L2,1,1,label_cell,False,0,True,True,False,False,True,3.6556349186104047,1.2020815280171309,0.6264982043070835,True,3.6556349186104047
v3_sc0_staging_16,L2,1,1,geometry,False,0,False,True,False,False,True,3.6556349186104047,1.2020815280171309,0.6264982043070835,True,3.6556349186104047
v3_sc0_staging_16,L2,1,1,label_only,False,1,False,True,False,False,True,3.6556349186104047,1.2020815280171309,0.6264982043070835,True,3.6556349186104047
v3_sc0_staging_16,L2,1,1,pose_only,False,0,True,True,False,False,True,3.6556349186104047,1.2020815280171309,0.6264982043070835,True,3.6556349186104047
v3_sc0_staging_16,L2,1,1,separate,False,1,False,True,False,False,True,3.6556349186104047,1.2020815280171309,0.6264982043070835,True,3.6556349186104047
v3_sc0_staging_16,L2,1,1,joint,False,0,False,True,False,False,True,3.655634918610405,1.5700318468107584,0.6264982043070835,True,3.6556349186104047
v3_sc0_staging_16,L2,1,1,oracle,False,0,False,True,False,False,True,3.6556349186104047,1.2020815280171309,0.6264982043070835,True,3.6556349186104047
v3_sc0_staging_16,L2,1,2,uncalibrated,False,0,True,True,False,False,True,3.5328427124746193,2.0,0.316227766016838,True,3.5328427124746193
v3_sc0_staging_16,L2,1,2,label_cell,False,0,True,False,False,False,False,nan,nan,nan,False,3.5328427124746193
v3_sc0_staging_16,L2,1,2,geometry,False,0,False,False,False,False,False,nan,nan,nan,False,3.5328427124746193
v3_sc0_staging_16,L2,1,2,label_only,False,1,False,False,False,False,False,nan,nan,nan,False,3.5328427124746193
v3_sc0_staging_16,L2,1,2,pose_only,False,0,True,True,False,False,True,3.5328427124746193,2.0,0.316227766016838,True,3.5328427124746193
v3_sc0_staging_16,L2,1,2,separate,False,1,False,False,False,False,False,nan,nan,nan,False,3.5328427124746193
v3_sc0_staging_16,L2,1,2,joint,False,0,False,True,False,False,True,3.5328427124746193,2.0,0.316227766016838,True,3.5328427124746193
v3_sc0_staging_16,L2,1,2,oracle,False,0,False,True,False,False,True,3.5328427124746193,2.0,0.316227766016838,True,3.5328427124746193
v3_sc0_staging_16,L2,1,3,uncalibrated,False,0,True,True,False,False,True,4.802081528017131,1.6552945357246849,0.6000000000000001,True,4.802081528017131
v3_sc0_staging_16,L2,1,3,label_cell,False,0,True,True,False,False,True,4.802081528017131,1.6552945357246849,0.6000000000000001,True,4.802081528017131
v3_sc0_staging_16,L2,1,3,geometry,False,0,False,False,False,False,False,nan,nan,nan,False,4.802081528017131
v3_sc0_staging_16,L2,1,3,label_only,False,1,False,False,False,False,False,nan,nan,nan,False,4.802081528017131
v3_sc0_staging_16,L2,1,3,pose_only,False,0,True,True,False,False,True,4.802081528017131,1.6552945357246849,0.6000000000000001,True,4.802081528017131
v3_sc0_staging_16,L2,1,3,separate,False,1,False,False,False,False,False,nan,nan,nan,False,4.802081528017131
v3_sc0_staging_16,L2,1,3,joint,False,0,False,True,False,False,True,4.802081528017131,1.6552945357246849,0.6000000000000001,True,4.802081528017131
v3_sc0_staging_16,L2,1,3,oracle,False,0,False,True,False,False,True,4.802081528017131,1.6552945357246849,0.6000000000000001,True,4.802081528017131
v3_sc0_staging_16,L2,1,4,uncalibrated,False,0,True,True,False,False,True,4.098528137423857,2.219234102117215,0.5,True,4.098528137423857
v3_sc0_staging_16,L2,1,4,label_cell,False,0,True,False,False,False,False,nan,nan,nan,False,4.098528137423857
v3_sc0_staging_16,L2,1,4,geometry,False,0,False,False,False,False,False,nan,nan,nan,False,4.098528137423857
v3_sc0_staging_16,L2,1,4,label_only,False,1,False,False,False,False,False,nan,nan,nan,False,4.098528137423857
v3_sc0_staging_16,L2,1,4,pose_only,False,0,True,True,False,False,True,4.098528137423857,2.219234102117215,0.5,True,4.098528137423857
v3_sc0_staging_16,L2,1,4,separate,False,1,False,False,False,False,False,nan,nan,nan,False,4.098528137423857
v3_sc0_staging_16,L2,1,4,joint,False,0,False,True,False,False,True,4.098528137423857,2.219234102117215,0.5,True,4.098528137423857
v3_sc0_staging_16,L2,1,4,oracle,False,0,False,True,False,False,True,4.098528137423857,2.219234102117215,0.5,True,4.098528137423857
v3_sc0_staging_16,L2,1,5,uncalibrated,False,0,True,True,False,False,True,3.427817459305203,3.5556293395122056,0.20615528128088303,True,3.398528137423857
v3_sc0_staging_16,L2,1,5,label_cell,False,0,True,False,False,False,False,nan,nan,nan,False,3.398528137423857
v3_sc0_staging_16,L2,1,5,geometry,False,0,False,False,False,False,False,nan,nan,nan,False,3.398528137423857
v3_sc0_staging_16,L2,1,5,label_only,False,1,False,False,False,False,False,nan,nan,nan,False,3.398528137423857
v3_sc0_staging_16,L2,1,5,pose_only,False,0,True,True,False,False,True,3.427817459305203,3.5556293395122056,0.20615528128088303,True,3.398528137423857
v3_sc0_staging_16,L2,1,5,separate,False,1,False,False,False,False,False,nan,nan,nan,False,3.398528137423857
v3_sc0_staging_16,L2,1,5,joint,False,0,False,True,False,False,True,3.427817459305203,3.5556293395122056,0.20615528128088303,True,3.398528137423857
v3_sc0_staging_16,L2,1,5,oracle,False,0,False,True,False,False,True,3.398528137423857,3.600694377477767,0.20615528128088303,True,3.398528137423857
v3_sc0_staging_16,L2,1,6,uncalibrated,False,0,True,True,False,False,True,4.48492424049175,3.455792239125495,0.25,True,4.48492424049175
v3_sc0_staging_16,L2,1,6,label_cell,False,0,True,True,False,False,True,4.7192388155425125,3.370830758136635,0.5408326913195984,True,4.48492424049175
v3_sc0_staging_16,L2,1,6,geometry,False,0,False,False,False,False,False,nan,nan,nan,False,4.48492424049175
v3_sc0_staging_16,L2,1,6,label_only,False,1,False,False,False,False,False,nan,nan,nan,False,4.48492424049175
v3_sc0_staging_16,L2,1,6,pose_only,False,0,True,True,False,False,True,4.48492424049175,3.455792239125495,0.25,True,4.48492424049175
v3_sc0_staging_16,L2,1,6,separate,False,1,False,False,False,False,False,nan,nan,nan,False,4.48492424049175
v3_sc0_staging_16,L2,1,6,joint,False,0,False,True,False,False,True,4.48492424049175,3.455792239125495,0.25,True,4.48492424049175
v3_sc0_staging_16,L2,1,6,oracle,False,0,False,True,False,False,True,4.48492424049175,3.5245567097154216,0.20615528128088303,True,4.48492424049175
v3_sc0_staging_16,L2,1,7,uncalibrated,False,0,True,True,False,False,True,3.010660171779821,2.4413111231467406,0.3535533905932738,True,3.010660171779821
v3_sc0_staging_16,L2,1,7,label_cell,False,0,True,True,False,False,True,3.0106601717798207,2.4413111231467406,0.5147815070493501,True,3.010660171779821
v3_sc0_staging_16,L2,1,7,geometry,False,0,False,True,False,False,True,3.010660171779821,2.4413111231467406,0.6264982043070835,True,3.010660171779821
v3_sc0_staging_16,L2,1,7,label_only,False,1,False,True,False,False,True,3.010660171779821,2.4413111231467406,0.6264982043070835,True,3.010660171779821
v3_sc0_staging_16,L2,1,7,pose_only,False,0,True,True,False,False,True,3.010660171779821,2.4413111231467406,0.3535533905932738,True,3.010660171779821
v3_sc0_staging_16,L2,1,7,separate,False,1,False,True,False,False,True,3.010660171779821,2.4413111231467406,0.6264982043070835,True,3.010660171779821
v3_sc0_staging_16,L2,1,7,joint,False,0,False,True,False,False,True,3.010660171779821,2.4413111231467406,0.3535533905932738,True,3.010660171779821
v3_sc0_staging_16,L2,1,7,oracle,False,0,False,True,False,False,True,3.010660171779821,2.4413111231467406,0.3535533905932738,True,3.010660171779821
v3_sc0_staging_16,L2,1,8,uncalibrated,False,0,True,True,False,False,True,7.545584412271572,1.05,0.18027756377319948,True,7.545584412271572
v3_sc0_staging_16,L2,1,8,label_cell,False,0,True,False,False,False,False,nan,nan,nan,False,7.545584412271572
v3_sc0_staging_16,L2,1,8,geometry,False,0,False,False,False,False,False,nan,nan,nan,False,7.545584412271572
v3_sc0_staging_16,L2,1,8,label_only,False,1,False,False,False,False,False,nan,nan,nan,False,7.545584412271572
v3_sc0_staging_16,L2,1,8,pose_only,False,0,True,True,False,False,True,7.545584412271572,1.05,0.18027756377319948,True,7.545584412271572
v3_sc0_staging_16,L2,1,8,separate,False,1,False,False,False,False,False,nan,nan,nan,False,7.545584412271572
v3_sc0_staging_16,L2,1,8,joint,False,0,False,True,False,False,True,7.545584412271572,1.5,0.18027756377319948,True,7.545584412271572
v3_sc0_staging_16,L2,1,8,oracle,False,0,False,True,False,False,True,7.545584412271572,1.4000000000000001,0.20615528128088303,True,7.545584412271572
v3_sc0_staging_16,L2,1,9,uncalibrated,False,0,True,True,False,False,True,3.020710678118655,2.0500000000000003,0.55,True,3.020710678118655
v3_sc0_staging_16,L2,1,9,label_cell,False,0,True,True,False,False,True,3.162132034355965,2.0,0.5590169943749475,True,3.020710678118655
v3_sc0_staging_16,L2,1,9,geometry,False,0,False,False,False,False,False,nan,nan,nan,False,3.020710678118655
v3_sc0_staging_16,L2,1,9,label_only,False,1,False,False,False,False,False,nan,nan,nan,False,3.020710678118655
v3_sc0_staging_16,L2,1,9,pose_only,False,0,True,True,False,False,True,3.020710678118655,2.0500000000000003,0.55,True,3.020710678118655
v3_sc0_staging_16,L2,1,9,separate,False,1,False,False,False,False,False,nan,nan,nan,False,3.020710678118655
v3_sc0_staging_16,L2,1,9,joint,False,0,False,True,False,False,True,3.020710678118655,2.0500000000000003,0.55,True,3.020710678118655
v3_sc0_staging_16,L2,1,9,oracle,False,0,False,True,False,False,True,3.020710678118655,2.15,0.45,True,3.020710678118655
v3_sc0_staging_16,L2,1,10,uncalibrated,False,0,True,True,False,False,True,2.9000000000000004,1.7902513789968157,0.95524865872714,True,2.9000000000000004
v3_sc0_staging_16,L2,1,10,label_cell,False,0,True,True,False,False,True,2.9000000000000004,1.7902513789968157,0.95524865872714,True,2.9000000000000004
v3_sc0_staging_16,L2,1,10,geometry,False,0,False,True,False,False,True,2.9000000000000004,1.7902513789968157,0.95524865872714,True,2.9000000000000004
v3_sc0_staging_16,L2,1,10,label_only,False,1,False,True,False,False,True,2.9000000000000004,1.7902513789968157,0.95524865872714,True,2.9000000000000004
v3_sc0_staging_16,L2,1,10,pose_only,False,0,True,True,False,False,True,2.9000000000000004,1.7902513789968157,0.95524865872714,True,2.9000000000000004
v3_sc0_staging_16,L2,1,10,separate,False,1,False,True,False,False,True,2.9000000000000004,1.7902513789968157,0.95524865872714,True,2.9000000000000004
v3_sc0_staging_16,L2,1,10,joint,False,0,False,True,False,False,True,2.9000000000000004,1.7902513789968157,0.95524865872714,True,2.9000000000000004
v3_sc0_staging_16,L2,1,10,oracle,False,0,False,True,False,False,True,2.9000000000000004,1.7902513789968157,0.95524865872714,True,2.9000000000000004
v3_sc0_staging_16,L2,1,11,uncalibrated,False,0,True,True,False,False,True,5.533452377915608,1.4577379737113252,0.25,True,5.533452377915608
v3_sc0_staging_16,L2,1,11,label_cell,False,0,True,True,False,False,True,5.738477631085026,1.5074813431681335,0.5024937810560445,True,5.533452377915608
v3_sc0_staging_16,L2,1,11,geometry,False,0,False,True,False,False,True,5.82634559672906,1.5074813431681335,0.6184658438426491,True,5.533452377915608
v3_sc0_staging_16,L2,1,11,label_only,False,1,False,True,False,False,True,5.82634559672906,1.5074813431681335,0.6184658438426491,True,5.533452377915608
v3_sc0_staging_16,L2,1,11,pose_only,False,0,True,True,False,False,True,5.533452377915608,1.4577379737113252,0.25,True,5.533452377915608
v3_sc0_staging_16,L2,1,11,separate,False,1,False,True,False,False,True,5.82634559672906,1.5074813431681335,0.6184658438426491,True,5.533452377915608
v3_sc0_staging_16,L2,1,11,joint,False,0,False,True,False,False,True,5.533452377915608,1.5074813431681335,0.25,True,5.533452377915608
v3_sc0_staging_16,L2,1,11,oracle,False,0,False,True,False,False,True,5.533452377915608,1.4577379737113252,0.25,True,5.533452377915608
v3_sc0_staging_16,L2,1,12,uncalibrated,False,0,True,True,False,False,True,3.289949493661167,2.390083680543424,0.35000000000000003,True,3.289949493661167
v3_sc0_staging_16,L2,1,12,label_cell,False,0,True,True,False,False,True,3.289949493661166,2.390083680543424,0.55,True,3.289949493661167
v3_sc0_staging_16,L2,1,12,geometry,False,0,False,False,False,False,False,nan,nan,nan,False,3.289949493661167
v3_sc0_staging_16,L2,1,12,label_only,False,1,False,False,False,False,False,nan,nan,nan,False,3.289949493661167
v3_sc0_staging_16,L2,1,12,pose_only,False,0,True,True,False,False,True,3.289949493661167,2.390083680543424,0.35000000000000003,True,3.289949493661167
v3_sc0_staging_16,L2,1,12,separate,False,1,False,False,False,False,False,nan,nan,nan,False,3.289949493661167
v3_sc0_staging_16,L2,1,12,joint,False,0,False,True,False,False,True,3.289949493661167,2.390083680543424,0.35000000000000003,True,3.289949493661167
v3_sc0_staging_16,L2,1,12,oracle,False,0,False,True,False,False,True,3.289949493661167,2.390083680543424,0.35000000000000003,True,3.289949493661167
v3_sc0_staging_16,L2,1,13,uncalibrated,False,0,True,True,False,False,True,4.495584412271571,1.960229578391266,0.21213203435596426,True,4.495584412271571
v3_sc0_staging_16,L2,1,13,label_cell,False,0,True,True,False,False,True,4.800609665440987,1.983053201505194,0.5315072906367325,True,4.495584412271571
v3_sc0_staging_16,L2,1,13,geometry,False,0,False,False,False,False,False,nan,nan,nan,False,4.495584412271571
v3_sc0_staging_16,L2,1,13,label_only,False,1,False,False,False,False,False,nan,nan,nan,False,4.495584412271571
v3_sc0_staging_16,L2,1,13,pose_only,False,0,True,True,False,False,True,4.495584412271571,1.960229578391266,0.21213203435596426,True,4.495584412271571
v3_sc0_staging_16,L2,1,13,separate,False,1,False,False,False,False,False,nan,nan,nan,False,4.495584412271571
v3_sc0_staging_16,L2,1,13,joint,False,0,False,True,False,False,True,4.495584412271571,1.960229578391266,0.21213203435596426,True,4.495584412271571
v3_sc0_staging_16,L2,1,13,oracle,False,0,False,True,False,False,True,4.495584412271571,1.960229578391266,0.21213203435596426,True,4.495584412271571
v3_sc0_staging_16,L2,1,14,uncalibrated,False,0,True,True,False,False,True,3.4334523779156068,1.9525624189766635,0.49244289008980524,True,3.4334523779156068
v3_sc0_staging_16,L2,1,14,label_cell,False,0,True,True,False,False,True,3.4920310216782973,1.91637678967368,0.5220153254455275,True,3.4334523779156068
v3_sc0_staging_16,L2,1,14,geometry,False,0,False,False,False,False,False,nan,nan,nan,False,3.4334523779156068
v3_sc0_staging_16,L2,1,14,label_only,False,1,False,False,False,False,False,nan,nan,nan,False,3.4334523779156068
v3_sc0_staging_16,L2,1,14,pose_only,False,0,True,True,False,False,True,3.4334523779156068,1.9525624189766635,0.49244289008980524,True,3.4334523779156068
v3_sc0_staging_16,L2,1,14,separate,False,1,False,False,False,False,False,nan,nan,nan,False,3.4334523779156068
v3_sc0_staging_16,L2,1,14,joint,False,0,False,True,False,False,True,3.4334523779156068,1.9525624189766635,0.49244289008980524,True,3.4334523779156068
v3_sc0_staging_16,L2,1,14,oracle,False,0,False,True,False,False,True,3.4334523779156068,1.9525624189766635,0.49244289008980524,True,3.4334523779156068
v3_sc0_staging_16,L2,1,15,uncalibrated,False,0,True,True,False,False,True,3.9106601717798215,3.264965543462902,0.25,True,3.9106601717798215
v3_sc0_staging_16,L2,1,15,label_cell,False,0,True,True,False,False,True,3.9692388155425116,3.264965543462902,0.5408326913195984,True,3.9106601717798215
v3_sc0_staging_16,L2,1,15,geometry,False,0,False,True,False,False,True,4.077817459305202,3.184729187858836,0.6184658438426491,True,3.9106601717798215
v3_sc0_staging_16,L2,1,15,label_only,False,1,False,True,False,False,True,4.077817459305202,3.184729187858836,0.6184658438426491,True,3.9106601717798215
v3_sc0_staging_16,L2,1,15,pose_only,False,0,True,True,False,False,True,3.9106601717798215,3.264965543462902,0.25,True,3.9106601717798215
v3_sc0_staging_16,L2,1,15,separate,False,1,False,True,False,False,True,4.077817459305202,3.184729187858836,0.6184658438426491,True,3.9106601717798215
v3_sc0_staging_16,L2,1,15,joint,False,0,False,True,False,False,True,3.9106601717798215,3.264965543462902,0.25,True,3.9106601717798215
v3_sc0_staging_16,L2,1,15,oracle,False,0,False,True,False,False,True,3.9106601717798215,3.264965543462902,0.21213203435596426,True,3.9106601717798215
v3_sc0_staging_16,L2,1,16,uncalibrated,False,0,True,True,False,False,True,4.070710678118655,1.35,0.873212459828649,True,4.070710678118655
v3_sc0_staging_16,L2,1,16,label_cell,False,0,True,True,False,False,True,4.070710678118655,1.35,0.873212459828649,True,4.070710678118655
v3_sc0_staging_16,L2,1,16,geometry,False,0,False,True,False,False,True,4.070710678118655,1.35,0.873212459828649,True,4.070710678118655
v3_sc0_staging_16,L2,1,16,label_only,False,1,False,True,False,False,True,4.070710678118655,1.35,0.873212459828649,True,4.070710678118655
v3_sc0_staging_16,L2,1,16,pose_only,False,0,True,True,False,False,True,4.070710678118655,1.35,0.873212459828649,True,4.070710678118655
v3_sc0_staging_16,L2,1,16,separate,False,1,False,True,False,False,True,4.070710678118655,1.35,0.873212459828649,True,4.070710678118655
v3_sc0_staging_16,L2,1,16,joint,False,0,False,True,False,False,True,4.112132034355965,1.5,0.9178779875342911,True,4.070710678118655
v3_sc0_staging_16,L2,1,16,oracle,False,0,False,True,False,False,True,4.070710678118655,1.35,0.873212459828649,True,4.070710678118655
v3_sc0_staging_16,L2,1,17,uncalibrated,False,0,True,True,False,False,True,7.83700576850888,0.9,0.32015621187164245,True,nan
v3_sc0_staging_16,L2,1,17,label_cell,False,0,True,False,False,False,False,nan,nan,nan,False,nan
v3_sc0_staging_16,L2,1,17,geometry,False,0,False,False,False,False,False,nan,nan,nan,False,nan
v3_sc0_staging_16,L2,1,17,label_only,False,1,False,False,False,False,False,nan,nan,nan,False,nan
v3_sc0_staging_16,L2,1,17,pose_only,False,0,True,True,False,False,True,7.83700576850888,0.9,0.32015621187164245,True,nan
v3_sc0_staging_16,L2,1,17,separate,False,1,False,False,False,False,False,nan,nan,nan,False,nan
v3_sc0_staging_16,L2,1,17,joint,False,0,False,True,False,False,True,7.83700576850888,1.75,0.32015621187164245,True,nan
v3_sc0_staging_16,L2,1,17,oracle,False,0,False,False,False,False,False,nan,nan,nan,False,nan
v3_sc0_staging_16,L2,1,18,uncalibrated,False,0,True,True,False,False,True,4.25,1.35,0.5830951894845301,True,4.25
v3_sc0_staging_16,L2,1,18,label_cell,False,0,True,True,False,False,True,4.25,1.35,0.5830951894845301,True,4.25
v3_sc0_staging_16,L2,1,18,geometry,False,0,False,False,False,False,False,nan,nan,nan,False,4.25
v3_sc0_staging_16,L2,1,18,label_only,False,1,False,False,False,False,False,nan,nan,nan,False,4.25
v3_sc0_staging_16,L2,1,18,pose_only,False,0,True,True,False,False,True,4.25,1.35,0.5830951894845301,True,4.25
v3_sc0_staging_16,L2,1,18,separate,False,1,False,False,False,False,False,nan,nan,nan,False,4.25
v3_sc0_staging_16,L2,1,18,joint,False,0,False,True,False,False,True,4.374264068711929,1.4637281168304448,0.5830951894845301,True,4.25
v3_sc0_staging_16,L2,1,18,oracle,False,0,False,True,False,False,True,4.25,1.35,0.5830951894845301,True,4.25
v3_sc0_staging_16,L2,1,19,uncalibrated,False,0,True,True,False,False,True,3.1606601717798215,2.0500000000000003,0.20615528128088303,True,3.1606601717798215
v3_sc0_staging_16,L2,1,19,label_cell,False,0,True,False,False,False,False,nan,nan,nan,False,3.1606601717798215
v3_sc0_staging_16,L2,1,19,geometry,False,0,False,False,False,False,False,nan,nan,nan,False,3.1606601717798215
v3_sc0_staging_16,L2,1,19,label_only,False,1,False,False,False,False,False,nan,nan,nan,False,3.1606601717798215
v3_sc0_staging_16,L2,1,19,pose_only,False,0,True,True,False,False,True,3.1606601717798215,2.0500000000000003,0.20615528128088303,True,3.1606601717798215
v3_sc0_staging_16,L2,1,19,separate,False,1,False,False,False,False,False,nan,nan,nan,False,3.1606601717798215
v3_sc0_staging_16,L2,1,19,joint,False,0,False,True,False,False,True,3.1606601717798215,2.0500000000000003,0.20615528128088303,True,3.1606601717798215
v3_sc0_staging_16,L2,1,19,oracle,False,0,False,True,False,False,True,3.1606601717798215,2.0500000000000003,0.20615528128088303,True,3.1606601717798215
v3_sc0_staging_16,L2,2,0,uncalibrated,False,0,True,True,False,False,True,3.45,3.4615747861341952,0.6020797289396148,True,3.45
v3_sc0_staging_16,L2,2,0,label_cell,False,0,False,True,False,False,True,3.45,3.4615747861341952,0.6020797289396148,True,3.45
v3_sc0_staging_16,L2,2,0,geometry,False,0,False,True,False,False,True,3.470710678118655,3.471310991541957,0.6363961030678928,True,3.45
v3_sc0_staging_16,L2,2,0,label_only,False,1,False,True,False,False,True,3.470710678118655,3.471310991541957,0.6363961030678928,True,3.45
v3_sc0_staging_16,L2,2,0,pose_only,False,0,False,True,False,False,True,3.45,3.4615747861341952,0.6020797289396148,True,3.45
v3_sc0_staging_16,L2,2,0,separate,False,1,False,True,False,False,True,3.470710678118655,3.471310991541957,0.6363961030678928,True,3.45
v3_sc0_staging_16,L2,2,0,joint,False,0,False,True,False,False,True,3.45,3.4615747861341952,0.6020797289396148,True,3.45
v3_sc0_staging_16,L2,2,0,oracle,False,0,False,True,False,False,True,3.45,3.4615747861341952,0.6020797289396148,True,3.45
v3_sc0_staging_16,L2,2,1,uncalibrated,False,0,True,True,False,False,True,3.63492424049175,1.4500000000000002,0.5830951894845301,True,3.63492424049175
v3_sc0_staging_16,L2,2,1,label_cell,False,0,False,True,False,False,True,3.63492424049175,1.4500000000000002,0.5830951894845301,True,3.63492424049175
v3_sc0_staging_16,L2,2,1,geometry,False,0,False,False,False,False,False,nan,nan,nan,False,3.63492424049175
v3_sc0_staging_16,L2,2,1,label_only,False,1,False,False,False,False,False,nan,nan,nan,False,3.63492424049175
v3_sc0_staging_16,L2,2,1,pose_only,False,0,False,True,False,False,True,3.63492424049175,1.4500000000000002,0.5830951894845301,True,3.63492424049175
v3_sc0_staging_16,L2,2,1,separate,False,1,False,False,False,False,False,nan,nan,nan,False,3.63492424049175
v3_sc0_staging_16,L2,2,1,joint,False,0,False,True,False,False,True,3.63492424049175,1.6770509831248424,0.5830951894845301,True,3.63492424049175
v3_sc0_staging_16,L2,2,1,oracle,False,0,False,True,False,False,True,3.63492424049175,1.4500000000000002,0.5830951894845301,True,3.63492424049175
v3_sc0_staging_16,L2,2,2,uncalibrated,False,0,True,True,False,False,True,3.503553390593274,1.9500000000000002,0.316227766016838,True,3.503553390593274
v3_sc0_staging_16,L2,2,2,label_cell,False,0,False,False,False,False,False,nan,nan,nan,False,3.503553390593274
v3_sc0_staging_16,L2,2,2,geometry,False,0,False,False,False,False,False,nan,nan,nan,False,3.503553390593274
v3_sc0_staging_16,L2,2,2,label_only,False,1,False,False,False,False,False,nan,nan,nan,False,3.503553390593274
v3_sc0_staging_16,L2,2,2,pose_only,False,0,False,True,False,False,True,3.503553390593274,1.9500000000000002,0.316227766016838,True,3.503553390593274
v3_sc0_staging_16,L2,2,2,separate,False,1,False,False,False,False,False,nan,nan,nan,False,3.503553390593274
v3_sc0_staging_16,L2,2,2,joint,False,0,False,True,False,False,True,3.503553390593274,1.9500000000000002,0.316227766016838,True,3.503553390593274
v3_sc0_staging_16,L2,2,2,oracle,False,0,False,True,False,False,True,3.503553390593274,1.9500000000000002,0.316227766016838,True,3.503553390593274
v3_sc0_staging_16,L2,2,3,uncalibrated,False,0,True,True,False,False,True,4.781370849898476,1.6552945357246849,0.6000000000000001,True,4.781370849898476
v3_sc0_staging_16,L2,2,3,label_cell,False,0,False,True,False,False,True,4.781370849898476,1.6552945357246849,0.6000000000000001,True,4.781370849898476
v3_sc0_staging_16,L2,2,3,geometry,False,0,False,False,False,False,False,nan,nan,nan,False,4.781370849898476
v3_sc0_staging_16,L2,2,3,label_only,False,1,False,False,False,False,False,nan,nan,nan,False,4.781370849898476
v3_sc0_staging_16,L2,2,3,pose_only,False,0,False,True,False,False,True,4.781370849898476,1.6552945357246849,0.6000000000000001,True,4.781370849898476
v3_sc0_staging_16,L2,2,3,separate,False,1,False,False,False,False,False,nan,nan,nan,False,4.781370849898476
v3_sc0_staging_16,L2,2,3,joint,False,0,False,True,False,False,True,4.781370849898476,1.6552945357246849,0.6000000000000001,True,4.781370849898476
v3_sc0_staging_16,L2,2,3,oracle,False,0,False,True,False,False,True,4.781370849898476,1.6552945357246849,0.6000000000000001,True,4.781370849898476
v3_sc0_staging_16,L2,2,4,uncalibrated,False,0,True,True,False,False,True,4.0571067811865476,2.219234102117215,0.5,True,4.0571067811865476
v3_sc0_staging_16,L2,2,4,label_cell,False,0,False,True,False,False,True,4.0571067811865476,2.2135943621178655,0.5024937810560445,True,4.0571067811865476
v3_sc0_staging_16,L2,2,4,geometry,False,0,False,False,False,False,False,nan,nan,nan,False,4.0571067811865476
v3_sc0_staging_16,L2,2,4,label_only,False,1,False,False,False,False,False,nan,nan,nan,False,4.0571067811865476
v3_sc0_staging_16,L2,2,4,pose_only,False,0,False,True,False,False,True,4.0571067811865476,2.219234102117215,0.5,True,4.0571067811865476
v3_sc0_staging_16,L2,2,4,separate,False,1,False,False,False,False,False,nan,nan,nan,False,4.0571067811865476
v3_sc0_staging_16,L2,2,4,joint,False,0,False,True,False,False,True,4.0571067811865476,2.219234102117215,0.5,True,4.0571067811865476
v3_sc0_staging_16,L2,2,4,oracle,False,0,False,True,False,False,True,4.0571067811865476,2.219234102117215,0.5,True,4.0571067811865476
v3_sc0_staging_16,L2,2,5,uncalibrated,False,0,True,True,False,False,True,3.398528137423857,3.5794552658190883,0.223606797749979,True,3.3692388155425124
v3_sc0_staging_16,L2,2,5,label_cell,False,0,False,False,False,False,False,nan,nan,nan,False,3.3692388155425124
v3_sc0_staging_16,L2,2,5,geometry,False,0,False,False,False,False,False,nan,nan,nan,False,3.3692388155425124
v3_sc0_staging_16,L2,2,5,label_only,False,1,False,False,False,False,False,nan,nan,nan,False,3.3692388155425124
v3_sc0_staging_16,L2,2,5,pose_only,False,0,False,True,False,False,True,3.398528137423857,3.5794552658190883,0.223606797749979,True,3.3692388155425124
v3_sc0_staging_16,L2,2,5,separate,False,1,False,False,False,False,False,nan,nan,nan,False,3.3692388155425124
v3_sc0_staging_16,L2,2,5,joint,False,0,False,True,False,False,True,3.398528137423857,3.5794552658190883,0.223606797749979,True,3.3692388155425124
v3_sc0_staging_16,L2,2,5,oracle,False,0,False,True,False,False,True,3.3692388155425124,3.600694377477767,0.20615528128088303,True,3.3692388155425124
v3_sc0_staging_16,L2,2,6,uncalibrated,False,0,True,True,False,False,True,4.48492424049175,3.4985711369071804,0.25,True,4.455634918610405
v3_sc0_staging_16,L2,2,6,label_cell,False,0,False,True,False,False,True,4.6899494936611665,3.361547262794322,0.5315072906367325,True,4.455634918610405
v3_sc0_staging_16,L2,2,6,geometry,False,0,False,False,False,False,False,nan,nan,nan,False,4.455634918610405
v3_sc0_staging_16,L2,2,6,label_only,False,1,False,False,False,False,False,nan,nan,nan,False,4.455634918610405
v3_sc0_staging_16,L2,2,6,pose_only,False,0,False,True,False,False,True,4.48492424049175,3.4985711369071804,0.25,True,4.455634918610405
v3_sc0_staging_16,L2,2,6,separate,False,1,False,False,False,False,False,nan,nan,nan,False,4.455634918610405
v3_sc0_staging_16,L2,2,6,joint,False,0,False,True,False,False,True,4.48492424049175,3.4985711369071804,0.25,True,4.455634918610405
v3_sc0_staging_16,L2,2,6,oracle,False,0,False,True,False,False,True,4.455634918610405,3.4985711369071804,0.21213203435596426,True,4.455634918610405
v3_sc0_staging_16,L2,2,7,uncalibrated,False,0,True,True,False,False,True,2.9899494936611664,2.470323865407125,0.4242640687119285,True,2.9899494936611664
v3_sc0_staging_16,L2,2,7,label_cell,False,0,False,True,False,False,True,2.9899494936611664,2.470323865407125,0.5656854249492381,True,2.9899494936611664
v3_sc0_staging_16,L2,2,7,geometry,False,0,False,True,False,False,True,2.9899494936611664,2.470323865407125,0.6726812023536856,True,2.9899494936611664
v3_sc0_staging_16,L2,2,7,label_only,False,1,False,True,False,False,True,2.9899494936611664,2.470323865407125,0.6726812023536856,True,2.9899494936611664
v3_sc0_staging_16,L2,2,7,pose_only,False,0,False,True,False,False,True,2.9899494936611664,2.470323865407125,0.4242640687119285,True,2.9899494936611664
v3_sc0_staging_16,L2,2,7,separate,False,1,False,True,False,False,True,2.9899494936611664,2.470323865407125,0.6726812023536856,True,2.9899494936611664
v3_sc0_staging_16,L2,2,7,joint,False,0,False,True,False,False,True,2.9899494936611664,2.470323865407125,0.4242640687119285,True,2.9899494936611664
v3_sc0_staging_16,L2,2,7,oracle,False,0,False,True,False,False,True,2.9899494936611664,2.470323865407125,0.4242640687119285,True,2.9899494936611664
v3_sc0_staging_16,L2,2,8,uncalibrated,False,0,True,False,False,False,False,nan,nan,nan,False,nan
v3_sc0_staging_16,L2,2,8,label_cell,False,0,False,False,False,False,False,nan,nan,nan,False,nan
v3_sc0_staging_16,L2,2,8,geometry,False,0,False,False,False,False,False,nan,nan,nan,False,nan
v3_sc0_staging_16,L2,2,8,label_only,False,1,False,False,False,False,False,nan,nan,nan,False,nan
v3_sc0_staging_16,L2,2,8,pose_only,False,0,False,False,False,False,False,nan,nan,nan,False,nan
v3_sc0_staging_16,L2,2,8,separate,False,1,False,False,False,False,False,nan,nan,nan,False,nan
v3_sc0_staging_16,L2,2,8,joint,False,0,False,False,False,False,False,nan,nan,nan,False,nan
v3_sc0_staging_16,L2,2,8,oracle,False,0,False,False,False,False,False,nan,nan,nan,False,nan
v3_sc0_staging_16,L2,2,9,uncalibrated,False,0,True,True,False,False,True,2.970710678118655,2.15,0.45,True,2.970710678118655
v3_sc0_staging_16,L2,2,9,label_cell,False,0,False,True,False,False,True,2.970710678118655,2.0500000000000003,0.55,True,2.970710678118655
v3_sc0_staging_16,L2,2,9,geometry,False,0,False,False,False,False,False,nan,nan,nan,False,2.970710678118655
v3_sc0_staging_16,L2,2,9,label_only,False,1,False,False,False,False,False,nan,nan,nan,False,2.970710678118655
v3_sc0_staging_16,L2,2,9,pose_only,False,0,False,True,False,False,True,2.970710678118655,2.15,0.45,True,2.970710678118655
v3_sc0_staging_16,L2,2,9,separate,False,1,False,False,False,False,False,nan,nan,nan,False,2.970710678118655
v3_sc0_staging_16,L2,2,9,joint,False,0,False,True,False,False,True,2.970710678118655,2.15,0.45,True,2.970710678118655
v3_sc0_staging_16,L2,2,9,oracle,False,0,False,True,False,False,True,2.970710678118655,2.15,0.45,True,2.970710678118655
v3_sc0_staging_16,L2,2,10,uncalibrated,False,0,True,True,False,False,True,2.9000000000000004,1.8721645226849057,0.9500000000000001,True,2.9000000000000004
v3_sc0_staging_16,L2,2,10,label_cell,False,0,False,True,False,False,True,2.9000000000000004,1.8721645226849057,0.9500000000000001,True,2.9000000000000004
v3_sc0_staging_16,L2,2,10,geometry,False,0,False,True,False,False,True,2.9000000000000004,1.8721645226849057,0.9500000000000001,True,2.9000000000000004
v3_sc0_staging_16,L2,2,10,label_only,False,1,False,True,False,False,True,2.9000000000000004,1.8721645226849057,0.9500000000000001,True,2.9000000000000004
v3_sc0_staging_16,L2,2,10,pose_only,False,0,False,True,False,False,True,2.9000000000000004,1.8721645226849057,0.9500000000000001,True,2.9000000000000004
v3_sc0_staging_16,L2,2,10,separate,False,1,False,True,False,False,True,2.9000000000000004,1.8721645226849057,0.9500000000000001,True,2.9000000000000004
v3_sc0_staging_16,L2,2,10,joint,False,0,False,True,False,False,True,2.9000000000000004,1.8721645226849057,0.9500000000000001,True,2.9000000000000004
v3_sc0_staging_16,L2,2,10,oracle,False,0,False,True,False,False,True,2.9000000000000004,1.8721645226849057,0.9500000000000001,True,2.9000000000000004
v3_sc0_staging_16,L2,2,11,uncalibrated,False,0,True,True,False,False,True,5.462741699796953,1.4577379737113252,0.25,True,5.462741699796953
v3_sc0_staging_16,L2,2,11,label_cell,False,0,False,True,False,False,True,5.667766952966369,1.5074813431681335,0.552268050859363,True,5.462741699796953
v3_sc0_staging_16,L2,2,11,geometry,False,0,False,True,False,False,True,5.755634918610405,1.5074813431681335,0.6576473218982953,True,5.462741699796953
v3_sc0_staging_16,L2,2,11,label_only,False,1,False,True,False,False,True,5.755634918610405,1.5074813431681335,0.6576473218982953,True,5.462741699796953
v3_sc0_staging_16,L2,2,11,pose_only,False,0,False,True,False,False,True,5.462741699796953,1.4577379737113252,0.25,True,5.462741699796953
v3_sc0_staging_16,L2,2,11,separate,False,1,False,True,False,False,True,5.755634918610405,1.5074813431681335,0.6576473218982953,True,5.462741699796953
v3_sc0_staging_16,L2,2,11,joint,False,0,False,False,False,False,False,nan,nan,nan,False,5.462741699796953
v3_sc0_staging_16,L2,2,11,oracle,False,0,False,True,False,False,True,5.462741699796953,1.4577379737113252,0.25,True,5.462741699796953
v3_sc0_staging_16,L2,2,12,uncalibrated,False,0,True,True,False,False,True,3.3106601717798214,2.390083680543424,0.35000000000000003,True,3.3106601717798214
v3_sc0_staging_16,L2,2,12,label_cell,False,0,False,True,False,False,True,3.310660171779821,2.390083680543424,0.55,True,3.3106601717798214
v3_sc0_staging_16,L2,2,12,geometry,False,0,False,False,False,False,False,nan,nan,nan,False,3.3106601717798214
v3_sc0_staging_16,L2,2,12,label_only,False,1,False,False,False,False,False,nan,nan,nan,False,3.3106601717798214
v3_sc0_staging_16,L2,2,12,pose_only,False,0,False,True,False,False,True,3.3106601717798214,2.390083680543424,0.35000000000000003,True,3.3106601717798214
v3_sc0_staging_16,L2,2,12,separate,False,1,False,False,False,False,False,nan,nan,nan,False,3.3106601717798214
v3_sc0_staging_16,L2,2,12,joint,False,0,False,True,False,False,True,3.3106601717798214,2.390083680543424,0.35000000000000003,True,3.3106601717798214
v3_sc0_staging_16,L2,2,12,oracle,False,0,False,True,False,False,True,3.3106601717798214,2.390083680543424,0.35000000000000003,True,3.3106601717798214
v3_sc0_staging_16,L2,2,13,uncalibrated,False,0,True,True,False,False,True,4.424873734152917,1.9704060495238034,0.25,True,4.395584412271571
v3_sc0_staging_16,L2,2,13,label_cell,False,0,False,True,False,False,True,4.688477631085024,1.9448650338776723,0.55,True,4.395584412271571
v3_sc0_staging_16,L2,2,13,geometry,False,0,False,False,False,False,False,nan,nan,nan,False,4.395584412271571
v3_sc0_staging_16,L2,2,13,label_only,False,1,False,False,False,False,False,nan,nan,nan,False,4.395584412271571
v3_sc0_staging_16,L2,2,13,pose_only,False,0,False,True,False,False,True,4.424873734152917,1.9704060495238034,0.25,True,4.395584412271571
v3_sc0_staging_16,L2,2,13,separate,False,1,False,False,False,False,False,nan,nan,nan,False,4.395584412271571
v3_sc0_staging_16,L2,2,13,joint,False,0,False,True,False,False,True,4.424873734152917,1.9704060495238034,0.25,True,4.395584412271571
v3_sc0_staging_16,L2,2,13,oracle,False,0,False,True,False,False,True,4.395584412271571,1.960229578391266,0.21213203435596426,True,4.395584412271571
v3_sc0_staging_16,L2,2,14,uncalibrated,False,0,True,True,False,False,True,3.4627416997969522,1.9811612756158952,0.47434164902525694,True,3.4627416997969522
v3_sc0_staging_16,L2,2,14,label_cell,False,0,False,False,False,False,False,nan,nan,nan,False,3.4627416997969522
v3_sc0_staging_16,L2,2,14,geometry,False,0,False,False,False,False,False,nan,nan,nan,False,3.4627416997969522
v3_sc0_staging_16,L2,2,14,label_only,False,1,False,False,False,False,False,nan,nan,nan,False,3.4627416997969522
v3_sc0_staging_16,L2,2,14,pose_only,False,0,False,True,False,False,True,3.4627416997969522,1.9811612756158952,0.47434164902525694,True,3.4627416997969522
v3_sc0_staging_16,L2,2,14,separate,False,1,False,False,False,False,False,nan,nan,nan,False,3.4627416997969522
v3_sc0_staging_16,L2,2,14,joint,False,0,False,True,False,False,True,3.4627416997969522,1.9811612756158952,0.47434164902525694,True,3.4627416997969522
v3_sc0_staging_16,L2,2,14,oracle,False,0,False,True,False,False,True,3.4627416997969522,1.9811612756158952,0.47434164902525694,True,3.4627416997969522
v3_sc0_staging_16,L2,2,15,uncalibrated,False,0,True,True,False,False,True,3.9106601717798215,3.242298567374695,0.25,True,3.9106601717798215
v3_sc0_staging_16,L2,2,15,label_cell,False,0,False,True,False,False,True,3.939949493661166,3.242298567374695,0.55,True,3.9106601717798215
v3_sc0_staging_16,L2,2,15,geometry,False,0,False,True,False,False,True,4.048528137423857,3.242298567374695,0.65,True,3.9106601717798215
v3_sc0_staging_16,L2,2,15,label_only,False,1,False,True,False,False,True,4.048528137423857,3.242298567374695,0.65,True,3.9106601717798215
v3_sc0_staging_16,L2,2,15,pose_only,False,0,False,True,False,False,True,3.9106601717798215,3.242298567374695,0.25,True,3.9106601717798215
v3_sc0_staging_16,L2,2,15,separate,False,1,False,True,False,False,True,4.048528137423857,3.242298567374695,0.65,True,3.9106601717798215
v3_sc0_staging_16,L2,2,15,joint,False,0,False,True,False,False,True,3.9106601717798215,3.242298567374695,0.25,True,3.9106601717798215
v3_sc0_staging_16,L2,2,15,oracle,False,0,False,True,False,False,True,3.9106601717798215,3.242298567374695,0.20615528128088303,True,3.9106601717798215
v3_sc0_staging_16,L2,2,16,uncalibrated,False,0,True,True,False,False,True,4.05,1.4000000000000001,0.9178779875342911,True,4.05
v3_sc0_staging_16,L2,2,16,label_cell,False,0,False,True,False,False,True,4.05,1.4000000000000001,0.9178779875342911,True,4.05
v3_sc0_staging_16,L2,2,16,geometry,False,0,False,True,False,False,True,4.05,1.4000000000000001,0.9178779875342911,True,4.05
v3_sc0_staging_16,L2,2,16,label_only,False,1,False,True,False,False,True,4.05,1.4000000000000001,0.9178779875342911,True,4.05
v3_sc0_staging_16,L2,2,16,pose_only,False,0,False,True,False,False,True,4.05,1.4000000000000001,0.9178779875342911,True,4.05
v3_sc0_staging_16,L2,2,16,separate,False,1,False,True,False,False,True,4.05,1.4000000000000001,0.9178779875342911,True,4.05
v3_sc0_staging_16,L2,2,16,joint,False,0,False,True,False,False,True,4.153553390593274,1.6500000000000001,0.9,True,4.05
v3_sc0_staging_16,L2,2,16,oracle,False,0,False,True,False,False,True,4.05,1.4000000000000001,0.9178779875342911,True,4.05
v3_sc0_staging_16,L2,2,17,uncalibrated,False,0,True,False,False,False,False,nan,nan,nan,False,7.774873734152917
v3_sc0_staging_16,L2,2,17,label_cell,False,0,False,False,False,False,False,nan,nan,nan,False,7.774873734152917
v3_sc0_staging_16,L2,2,17,geometry,False,0,False,False,False,False,False,nan,nan,nan,False,7.774873734152917
v3_sc0_staging_16,L2,2,17,label_only,False,1,False,False,False,False,False,nan,nan,nan,False,7.774873734152917
v3_sc0_staging_16,L2,2,17,pose_only,False,0,False,False,False,False,False,nan,nan,nan,False,7.774873734152917
v3_sc0_staging_16,L2,2,17,separate,False,1,False,False,False,False,False,nan,nan,nan,False,7.774873734152917
v3_sc0_staging_16,L2,2,17,joint,False,0,False,False,False,False,False,nan,nan,nan,False,7.774873734152917
v3_sc0_staging_16,L2,2,17,oracle,False,0,False,True,False,False,True,7.774873734152917,0.8500000000000001,0.30000000000000004,True,7.774873734152917
v3_sc0_staging_16,L2,2,18,uncalibrated,False,0,True,True,False,False,True,4.25,1.35,0.6264982043070835,True,4.25
v3_sc0_staging_16,L2,2,18,label_cell,False,0,False,True,False,False,True,4.25,1.35,0.6264982043070835,True,4.25
v3_sc0_staging_16,L2,2,18,geometry,False,0,False,True,False,False,True,4.25,1.35,0.6264982043070835,True,4.25
v3_sc0_staging_16,L2,2,18,label_only,False,1,False,True,False,False,True,4.25,1.35,0.6264982043070835,True,4.25
v3_sc0_staging_16,L2,2,18,pose_only,False,0,False,True,False,False,True,4.25,1.35,0.6264982043070835,True,4.25
v3_sc0_staging_16,L2,2,18,separate,False,1,False,True,False,False,True,4.25,1.35,0.6264982043070835,True,4.25
v3_sc0_staging_16,L2,2,18,joint,False,0,False,False,False,False,False,nan,nan,nan,False,4.25
v3_sc0_staging_16,L2,2,18,oracle,False,0,False,True,False,False,True,4.25,1.35,0.6264982043070835,True,4.25
v3_sc0_staging_16,L2,2,19,uncalibrated,False,0,True,True,False,False,True,3.1813708498984763,2.0615528128088303,0.20615528128088303,True,3.1399494936611667
v3_sc0_staging_16,L2,2,19,label_cell,False,0,False,False,False,False,False,nan,nan,nan,False,3.1399494936611667
v3_sc0_staging_16,L2,2,19,geometry,False,0,False,False,False,False,False,nan,nan,nan,False,3.1399494936611667
v3_sc0_staging_16,L2,2,19,label_only,False,1,False,False,False,False,False,nan,nan,nan,False,3.1399494936611667
v3_sc0_staging_16,L2,2,19,pose_only,False,0,False,True,False,False,True,3.1813708498984763,2.0615528128088303,0.20615528128088303,True,3.1399494936611667
v3_sc0_staging_16,L2,2,19,separate,False,1,False,False,False,False,False,nan,nan,nan,False,3.1399494936611667
v3_sc0_staging_16,L2,2,19,joint,False,0,False,True,False,False,True,3.1813708498984763,2.0615528128088303,0.20615528128088303,True,3.1399494936611667
v3_sc0_staging_16,L2,2,19,oracle,False,0,False,True,False,False,True,3.1399494936611667,2.0615528128088303,0.20615528128088303,True,3.1399494936611667
v3_sc0_staging_16,L2,3,0,uncalibrated,False,0,True,True,False,False,True,3.45,3.481738071710737,0.6403124237432849,True,3.45
v3_sc0_staging_16,L2,3,0,label_cell,False,0,True,True,False,False,True,3.45,3.481738071710737,0.6403124237432849,True,3.45
v3_sc0_staging_16,L2,3,0,geometry,False,0,False,True,False,False,True,3.4914213562373093,3.481738071710737,0.6363961030678928,True,3.45
v3_sc0_staging_16,L2,3,0,label_only,False,1,False,True,False,False,True,3.4914213562373093,3.481738071710737,0.6363961030678928,True,3.45
v3_sc0_staging_16,L2,3,0,pose_only,False,0,True,True,False,False,True,3.45,3.481738071710737,0.6403124237432849,True,3.45
v3_sc0_staging_16,L2,3,0,separate,False,1,False,True,False,False,True,3.4914213562373093,3.481738071710737,0.6363961030678928,True,3.45
v3_sc0_staging_16,L2,3,0,joint,False,0,False,True,False,False,True,3.45,3.481738071710737,0.6403124237432849,True,3.45
v3_sc0_staging_16,L2,3,0,oracle,False,0,False,True,False,False,True,3.45,3.481738071710737,0.6403124237432849,True,3.45
v3_sc0_staging_16,L2,3,1,uncalibrated,False,0,True,True,False,False,True,3.676345596729059,1.2379418403139948,0.5830951894845301,True,3.676345596729059
v3_sc0_staging_16,L2,3,1,label_cell,False,0,True,True,False,False,True,3.676345596729059,1.2379418403139948,0.5830951894845301,True,3.676345596729059
v3_sc0_staging_16,L2,3,1,geometry,False,0,False,True,False,False,True,3.676345596729059,1.2379418403139948,0.5830951894845301,True,3.676345596729059
v3_sc0_staging_16,L2,3,1,label_only,False,1,False,True,False,False,True,3.676345596729059,1.2379418403139948,0.5830951894845301,True,3.676345596729059
v3_sc0_staging_16,L2,3,1,pose_only,False,0,True,True,False,False,True,3.676345596729059,1.2379418403139948,0.5830951894845301,True,3.676345596729059
v3_sc0_staging_16,L2,3,1,separate,False,1,False,True,False,False,True,3.676345596729059,1.2379418403139948,0.5830951894845301,True,3.676345596729059
v3_sc0_staging_16,L2,3,1,joint,False,0,False,True,False,False,True,3.67634559672906,1.6194134740701647,0.5830951894845301,True,3.676345596729059
v3_sc0_staging_16,L2,3,1,oracle,False,0,False,True,False,False,True,3.676345596729059,1.2379418403139948,0.5830951894845301,True,3.676345596729059
v3_sc0_staging_16,L2,3,2,uncalibrated,False,0,True,True,False,False,True,3.4621320343559647,2.0,0.3354101966249685,True,3.4621320343559647
v3_sc0_staging_16,L2,3,2,label_cell,False,0,True,False,False,False,False,nan,nan,nan,False,3.4621320343559647
v3_sc0_staging_16,L2,3,2,geometry,False,0,False,False,False,False,False,nan,nan,nan,False,3.4621320343559647
v3_sc0_staging_16,L2,3,2,label_only,False,1,False,False,False,False,False,nan,nan,nan,False,3.4621320343559647
v3_sc0_staging_16,L2,3,2,pose_only,False,0,True,True,False,False,True,3.4621320343559647,2.0,0.3354101966249685,True,3.4621320343559647
v3_sc0_staging_16,L2,3,2,separate,False,1,False,False,False,False,False,nan,nan,nan,False,3.4621320343559647
v3_sc0_staging_16,L2,3,2,joint,False,0,False,True,False,False,True,3.4621320343559647,2.0,0.3354101966249685,True,3.4621320343559647
v3_sc0_staging_16,L2,3,2,oracle,False,0,False,True,False,False,True,3.4621320343559647,2.0,0.3354101966249685,True,3.4621320343559647
v3_sc0_staging_16,L2,3,3,uncalibrated,False,0,True,True,False,False,True,4.843502884254441,1.700735135169495,0.55,True,4.843502884254441
v3_sc0_staging_16,L2,3,3,label_cell,False,0,True,False,False,False,False,nan,nan,nan,False,4.843502884254441
v3_sc0_staging_16,L2,3,3,geometry,False,0,False,False,False,False,False,nan,nan,nan,False,4.843502884254441
v3_sc0_staging_16,L2,3,3,label_only,False,1,False,False,False,False,False,nan,nan,nan,False,4.843502884254441
v3_sc0_staging_16,L2,3,3,pose_only,False,0,True,True,False,False,True,4.843502884254441,1.700735135169495,0.55,True,4.843502884254441
v3_sc0_staging_16,L2,3,3,separate,False,1,False,False,False,False,False,nan,nan,nan,False,4.843502884254441
v3_sc0_staging_16,L2,3,3,joint,False,0,False,True,False,False,True,4.843502884254441,1.700735135169495,0.55,True,4.843502884254441
v3_sc0_staging_16,L2,3,3,oracle,False,0,False,True,False,False,True,4.843502884254441,1.700735135169495,0.55,True,4.843502884254441
v3_sc0_staging_16,L2,3,4,uncalibrated,False,0,True,True,False,False,True,4.098528137423857,2.219234102117215,0.5,True,4.098528137423857
v3_sc0_staging_16,L2,3,4,label_cell,False,0,True,False,False,False,False,nan,nan,nan,False,4.098528137423857
v3_sc0_staging_16,L2,3,4,geometry,False,0,False,False,False,False,False,nan,nan,nan,False,4.098528137423857
v3_sc0_staging_16,L2,3,4,label_only,False,1,False,False,False,False,False,nan,nan,nan,False,4.098528137423857
v3_sc0_staging_16,L2,3,4,pose_only,False,0,True,True,False,False,True,4.098528137423857,2.219234102117215,0.5,True,4.098528137423857
v3_sc0_staging_16,L2,3,4,separate,False,1,False,False,False,False,False,nan,nan,nan,False,4.098528137423857
v3_sc0_staging_16,L2,3,4,joint,False,0,False,True,False,False,True,4.098528137423857,2.219234102117215,0.5,True,4.098528137423857
v3_sc0_staging_16,L2,3,4,oracle,False,0,False,True,False,False,True,4.098528137423857,2.219234102117215,0.5,True,4.098528137423857
v3_sc0_staging_16,L2,3,5,uncalibrated,False,0,True,True,False,False,True,3.4071067811865476,3.5556293395122056,0.223606797749979,True,3.377817459305202
v3_sc0_staging_16,L2,3,5,label_cell,False,0,True,False,False,False,False,nan,nan,nan,False,3.377817459305202
v3_sc0_staging_16,L2,3,5,geometry,False,0,False,False,False,False,False,nan,nan,nan,False,3.377817459305202
v3_sc0_staging_16,L2,3,5,label_only,False,1,False,False,False,False,False,nan,nan,nan,False,3.377817459305202
v3_sc0_staging_16,L2,3,5,pose_only,False,0,True,True,False,False,True,3.4071067811865476,3.5556293395122056,0.223606797749979,True,3.377817459305202
v3_sc0_staging_16,L2,3,5,separate,False,1,False,False,False,False,False,nan,nan,nan,False,3.377817459305202
v3_sc0_staging_16,L2,3,5,joint,False,0,False,True,False,False,True,3.4071067811865476,3.5556293395122056,0.223606797749979,True,3.377817459305202
v3_sc0_staging_16,L2,3,5,oracle,False,0,False,True,False,False,True,3.377817459305202,3.600694377477767,0.20615528128088303,True,3.377817459305202
v3_sc0_staging_16,L2,3,6,uncalibrated,False,0,True,True,False,False,True,4.464213562373096,3.455792239125495,0.25,True,4.464213562373096
v3_sc0_staging_16,L2,3,6,label_cell,False,0,True,True,False,False,True,4.698528137423858,3.370830758136635,0.5408326913195984,True,4.464213562373096
v3_sc0_staging_16,L2,3,6,geometry,False,0,False,False,False,False,False,nan,nan,nan,False,4.464213562373096
v3_sc0_staging_16,L2,3,6,label_only,False,1,False,False,False,False,False,nan,nan,nan,False,4.464213562373096
v3_sc0_staging_16,L2,3,6,pose_only,False,0,True,True,False,False,True,4.464213562373096,3.455792239125495,0.25,True,4.464213562373096
v3_sc0_staging_16,L2,3,6,separate,False,1,False,False,False,False,False,nan,nan,nan,False,4.464213562373096
v3_sc0_staging_16,L2,3,6,joint,False,0,False,True,False,False,True,4.464213562373096,3.455792239125495,0.25,True,4.464213562373096
v3_sc0_staging_16,L2,3,6,oracle,False,0,False,True,False,False,True,4.464213562373096,3.5245567097154216,0.20615528128088303,True,4.464213562373096
v3_sc0_staging_16,L2,3,7,uncalibrated,False,0,True,True,False,False,True,3.010660171779821,2.4413111231467406,0.3535533905932738,True,3.010660171779821
v3_sc0_staging_16,L2,3,7,label_cell,False,0,True,True,False,False,True,3.0106601717798207,2.4413111231467406,0.5147815070493501,True,3.010660171779821
v3_sc0_staging_16,L2,3,7,geometry,False,0,False,True,False,False,True,3.010660171779821,2.4413111231467406,0.6264982043070835,True,3.010660171779821
v3_sc0_staging_16,L2,3,7,label_only,False,1,False,True,False,False,True,3.010660171779821,2.4413111231467406,0.6264982043070835,True,3.010660171779821
v3_sc0_staging_16,L2,3,7,pose_only,False,0,True,True,False,False,True,3.010660171779821,2.4413111231467406,0.3535533905932738,True,3.010660171779821
v3_sc0_staging_16,L2,3,7,separate,False,1,False,True,False,False,True,3.010660171779821,2.4413111231467406,0.6264982043070835,True,3.010660171779821
v3_sc0_staging_16,L2,3,7,joint,False,0,False,True,False,False,True,3.010660171779821,2.4413111231467406,0.3535533905932738,True,3.010660171779821
v3_sc0_staging_16,L2,3,7,oracle,False,0,False,True,False,False,True,3.010660171779821,2.4413111231467406,0.3535533905932738,True,3.010660171779821
v3_sc0_staging_16,L2,3,8,uncalibrated,False,0,True,False,False,False,False,nan,nan,nan,False,7.566295090390227
v3_sc0_staging_16,L2,3,8,label_cell,False,0,True,False,False,False,False,nan,nan,nan,False,7.566295090390227
v3_sc0_staging_16,L2,3,8,geometry,False,0,False,False,False,False,False,nan,nan,nan,False,7.566295090390227
v3_sc0_staging_16,L2,3,8,label_only,False,1,False,False,False,False,False,nan,nan,nan,False,7.566295090390227
v3_sc0_staging_16,L2,3,8,pose_only,False,0,True,False,False,False,False,nan,nan,nan,False,7.566295090390227
v3_sc0_staging_16,L2,3,8,separate,False,1,False,False,False,False,False,nan,nan,nan,False,7.566295090390227
v3_sc0_staging_16,L2,3,8,joint,False,0,False,False,False,False,False,nan,nan,nan,False,7.566295090390227
v3_sc0_staging_16,L2,3,8,oracle,False,0,False,True,False,False,True,7.566295090390227,0.9500000000000001,0.20615528128088303,True,7.566295090390227
v3_sc0_staging_16,L2,3,9,uncalibrated,False,0,True,True,False,False,True,2.9914213562373098,2.0500000000000003,0.55,True,2.95
v3_sc0_staging_16,L2,3,9,label_cell,False,0,True,False,False,False,False,nan,nan,nan,False,2.95
v3_sc0_staging_16,L2,3,9,geometry,False,0,False,False,False,False,False,nan,nan,nan,False,2.95
v3_sc0_staging_16,L2,3,9,label_only,False,1,False,False,False,False,False,nan,nan,nan,False,2.95
v3_sc0_staging_16,L2,3,9,pose_only,False,0,True,True,False,False,True,2.9914213562373098,2.0500000000000003,0.55,True,2.95
v3_sc0_staging_16,L2,3,9,separate,False,1,False,False,False,False,False,nan,nan,nan,False,2.95
v3_sc0_staging_16,L2,3,9,joint,False,0,False,True,False,False,True,2.9914213562373098,2.0500000000000003,0.55,True,2.95
v3_sc0_staging_16,L2,3,9,oracle,False,0,False,True,False,False,True,2.95,2.15,0.45,True,2.95
v3_sc0_staging_16,L2,3,10,uncalibrated,False,0,True,True,False,False,True,2.9000000000000004,1.7902513789968157,0.9500000000000001,True,2.9000000000000004
v3_sc0_staging_16,L2,3,10,label_cell,False,0,True,True,False,False,True,2.9000000000000004,1.7902513789968157,0.9500000000000001,True,2.9000000000000004
v3_sc0_staging_16,L2,3,10,geometry,False,0,False,True,False,False,True,2.9000000000000004,1.7902513789968157,0.9500000000000001,True,2.9000000000000004
v3_sc0_staging_16,L2,3,10,label_only,False,1,False,True,False,False,True,2.9000000000000004,1.7902513789968157,0.9500000000000001,True,2.9000000000000004
v3_sc0_staging_16,L2,3,10,pose_only,False,0,True,True,False,False,True,2.9000000000000004,1.7902513789968157,0.9500000000000001,True,2.9000000000000004
v3_sc0_staging_16,L2,3,10,separate,False,1,False,True,False,False,True,2.9000000000000004,1.7902513789968157,0.9500000000000001,True,2.9000000000000004
v3_sc0_staging_16,L2,3,10,joint,False,0,False,True,False,False,True,2.9000000000000004,1.7902513789968157,0.9500000000000001,True,2.9000000000000004
v3_sc0_staging_16,L2,3,10,oracle,False,0,False,True,False,False,True,2.9000000000000004,1.7902513789968157,0.9500000000000001,True,2.9000000000000004
v3_sc0_staging_16,L2,3,11,uncalibrated,False,0,True,True,False,False,True,5.533452377915608,1.4577379737113252,0.25,True,5.533452377915608
v3_sc0_staging_16,L2,3,11,label_cell,False,0,True,True,False,False,True,5.738477631085026,1.5074813431681335,0.5024937810560445,True,5.533452377915608
v3_sc0_staging_16,L2,3,11,geometry,False,0,False,True,False,False,True,5.82634559672906,1.5074813431681335,0.6184658438426491,True,5.533452377915608
v3_sc0_staging_16,L2,3,11,label_only,False,1,False,True,False,False,True,5.82634559672906,1.5074813431681335,0.6184658438426491,True,5.533452377915608
v3_sc0_staging_16,L2,3,11,pose_only,False,0,True,True,False,False,True,5.533452377915608,1.4577379737113252,0.25,True,5.533452377915608
v3_sc0_staging_16,L2,3,11,separate,False,1,False,True,False,False,True,5.82634559672906,1.5074813431681335,0.6184658438426491,True,5.533452377915608
v3_sc0_staging_16,L2,3,11,joint,False,0,False,False,False,False,False,nan,nan,nan,False,5.533452377915608
v3_sc0_staging_16,L2,3,11,oracle,False,0,False,True,False,False,True,5.533452377915608,1.4577379737113252,0.25,True,5.533452377915608
v3_sc0_staging_16,L2,3,12,uncalibrated,False,0,True,True,False,False,True,3.3106601717798214,2.4186773244895647,0.35000000000000003,True,3.3106601717798214
v3_sc0_staging_16,L2,3,12,label_cell,False,0,True,True,False,False,True,3.339949493661166,2.350531854708632,0.55,True,3.3106601717798214
v3_sc0_staging_16,L2,3,12,geometry,False,0,False,False,False,False,False,nan,nan,nan,False,3.3106601717798214
v3_sc0_staging_16,L2,3,12,label_only,False,1,False,False,False,False,False,nan,nan,nan,False,3.3106601717798214
v3_sc0_staging_16,L2,3,12,pose_only,False,0,True,True,False,False,True,3.3106601717798214,2.4186773244895647,0.35000000000000003,True,3.3106601717798214
v3_sc0_staging_16,L2,3,12,separate,False,1,False,False,False,False,False,nan,nan,nan,False,3.3106601717798214
v3_sc0_staging_16,L2,3,12,joint,False,0,False,True,False,False,True,3.3106601717798214,2.4186773244895647,0.35000000000000003,True,3.3106601717798214
v3_sc0_staging_16,L2,3,12,oracle,False,0,False,True,False,False,True,3.3106601717798214,2.4186773244895647,0.35000000000000003,True,3.3106601717798214
v3_sc0_staging_16,L2,3,13,uncalibrated,False,0,True,True,False,False,True,4.495584412271571,1.960229578391266,0.21213203435596426,True,4.495584412271571
v3_sc0_staging_16,L2,3,13,label_cell,False,0,True,True,False,False,True,4.759188309203679,1.9448650338776723,0.5024937810560445,True,4.495584412271571
v3_sc0_staging_16,L2,3,13,geometry,False,0,False,False,False,False,False,nan,nan,nan,False,4.495584412271571
v3_sc0_staging_16,L2,3,13,label_only,False,1,False,False,False,False,False,nan,nan,nan,False,4.495584412271571
v3_sc0_staging_16,L2,3,13,pose_only,False,0,True,True,False,False,True,4.495584412271571,1.960229578391266,0.21213203435596426,True,4.495584412271571
v3_sc0_staging_16,L2,3,13,separate,False,1,False,False,False,False,False,nan,nan,nan,False,4.495584412271571
v3_sc0_staging_16,L2,3,13,joint,False,0,False,True,False,False,True,4.495584412271571,1.960229578391266,0.21213203435596426,True,4.495584412271571
v3_sc0_staging_16,L2,3,13,oracle,False,0,False,True,False,False,True,4.495584412271571,1.960229578391266,0.21213203435596426,True,4.495584412271571
v3_sc0_staging_16,L2,3,14,uncalibrated,False,0,True,True,False,False,True,3.5041630560342614,1.9525624189766635,0.45,True,3.5041630560342614
v3_sc0_staging_16,L2,3,14,label_cell,False,0,True,False,False,False,False,nan,nan,nan,False,3.5041630560342614
v3_sc0_staging_16,L2,3,14,geometry,False,0,False,False,False,False,False,nan,nan,nan,False,3.5041630560342614
v3_sc0_staging_16,L2,3,14,label_only,False,1,False,False,False,False,False,nan,nan,nan,False,3.5041630560342614
v3_sc0_staging_16,L2,3,14,pose_only,False,0,True,True,False,False,True,3.5041630560342614,1.9525624189766635,0.45,True,3.5041630560342614
v3_sc0_staging_16,L2,3,14,separate,False,1,False,False,False,False,False,nan,nan,nan,False,3.5041630560342614
v3_sc0_staging_16,L2,3,14,joint,False,0,False,True,False,False,True,3.5041630560342614,1.9525624189766635,0.45,True,3.5041630560342614
v3_sc0_staging_16,L2,3,14,oracle,False,0,False,True,False,False,True,3.5041630560342614,1.9525624189766635,0.45,True,3.5041630560342614
v3_sc0_staging_16,L2,3,15,uncalibrated,False,0,True,True,False,False,True,3.8899494936611667,3.264965543462902,0.25,True,3.8899494936611663
v3_sc0_staging_16,L2,3,15,label_cell,False,0,True,True,False,False,True,3.9485281374238568,3.264965543462902,0.5099019513592785,True,3.8899494936611663
v3_sc0_staging_16,L2,3,15,geometry,False,0,False,True,False,False,True,4.077817459305202,3.184729187858836,0.6403124237432849,True,3.8899494936611663
v3_sc0_staging_16,L2,3,15,label_only,False,1,False,True,False,False,True,4.077817459305202,3.184729187858836,0.6403124237432849,True,3.8899494936611663
v3_sc0_staging_16,L2,3,15,pose_only,False,0,True,True,False,False,True,3.8899494936611667,3.264965543462902,0.25,True,3.8899494936611663
v3_sc0_staging_16,L2,3,15,separate,False,1,False,True,False,False,True,4.077817459305202,3.184729187858836,0.6403124237432849,True,3.8899494936611663
v3_sc0_staging_16,L2,3,15,joint,False,0,False,True,False,False,True,3.8899494936611667,3.264965543462902,0.25,True,3.8899494936611663
v3_sc0_staging_16,L2,3,15,oracle,False,0,False,True,False,False,True,3.8899494936611663,3.264965543462902,0.21213203435596426,True,3.8899494936611663
v3_sc0_staging_16,L2,3,16,uncalibrated,False,0,True,True,False,False,True,4.091421356237309,1.35,0.9013878188659974,True,4.091421356237309
v3_sc0_staging_16,L2,3,16,label_cell,False,0,True,True,False,False,True,4.091421356237309,1.35,0.9013878188659974,True,4.091421356237309
v3_sc0_staging_16,L2,3,16,geometry,False,0,False,True,False,False,True,4.091421356237309,1.35,0.9013878188659974,True,4.091421356237309
v3_sc0_staging_16,L2,3,16,label_only,False,1,False,True,False,False,True,4.091421356237309,1.35,0.9013878188659974,True,4.091421356237309
v3_sc0_staging_16,L2,3,16,pose_only,False,0,True,True,False,False,True,4.091421356237309,1.35,0.9013878188659974,True,4.091421356237309
v3_sc0_staging_16,L2,3,16,separate,False,1,False,True,False,False,True,4.091421356237309,1.35,0.9013878188659974,True,4.091421356237309
v3_sc0_staging_16,L2,3,16,joint,False,0,False,True,False,False,True,4.132842712474619,1.55,0.9500000000000001,True,4.091421356237309
v3_sc0_staging_16,L2,3,16,oracle,False,0,False,True,False,False,True,4.091421356237309,1.35,0.9013878188659974,True,4.091421356237309
v3_sc0_staging_16,L2,3,17,uncalibrated,False,0,True,True,False,False,True,7.878427124746191,1.0,0.15000000000000002,True,7.83700576850888
v3_sc0_staging_16,L2,3,17,label_cell,False,0,True,False,False,False,False,nan,nan,nan,False,7.83700576850888
v3_sc0_staging_16,L2,3,17,geometry,False,0,False,False,False,False,False,nan,nan,nan,False,7.83700576850888
v3_sc0_staging_16,L2,3,17,label_only,False,1,False,False,False,False,False,nan,nan,nan,False,7.83700576850888
v3_sc0_staging_16,L2,3,17,pose_only,False,0,True,True,False,False,True,7.878427124746191,1.0,0.15000000000000002,True,7.83700576850888
v3_sc0_staging_16,L2,3,17,separate,False,1,False,False,False,False,False,nan,nan,nan,False,7.83700576850888
v3_sc0_staging_16,L2,3,17,joint,False,0,False,True,False,False,True,7.878427124746191,1.6500000000000001,0.15000000000000002,True,7.83700576850888
v3_sc0_staging_16,L2,3,17,oracle,False,0,False,True,False,False,True,7.83700576850888,0.9,0.25,True,7.83700576850888
v3_sc0_staging_16,L2,3,18,uncalibrated,False,0,True,True,False,False,True,4.270710678118655,1.4000000000000001,0.6363961030678928,True,4.270710678118655
v3_sc0_staging_16,L2,3,18,label_cell,False,0,True,True,False,False,True,4.270710678118655,1.4000000000000001,0.6363961030678928,True,4.270710678118655
v3_sc0_staging_16,L2,3,18,geometry,False,0,False,False,False,False,False,nan,nan,nan,False,4.270710678118655
v3_sc0_staging_16,L2,3,18,label_only,False,1,False,False,False,False,False,nan,nan,nan,False,4.270710678118655
v3_sc0_staging_16,L2,3,18,pose_only,False,0,True,True,False,False,True,4.270710678118655,1.4000000000000001,0.6363961030678928,True,4.270710678118655
v3_sc0_staging_16,L2,3,18,separate,False,1,False,False,False,False,False,nan,nan,nan,False,4.270710678118655
v3_sc0_staging_16,L2,3,18,joint,False,0,False,True,False,False,True,4.3949747468305835,1.520690632574555,0.6363961030678928,True,4.270710678118655
v3_sc0_staging_16,L2,3,18,oracle,False,0,False,True,False,False,True,4.270710678118655,1.4000000000000001,0.6363961030678928,True,4.270710678118655
v3_sc0_staging_16,L2,3,19,uncalibrated,False,0,True,True,False,False,True,3.1606601717798215,2.0500000000000003,0.18027756377319948,True,3.1606601717798215
v3_sc0_staging_16,L2,3,19,label_cell,False,0,True,False,False,False,False,nan,nan,nan,False,3.1606601717798215
v3_sc0_staging_16,L2,3,19,geometry,False,0,False,False,False,False,False,nan,nan,nan,False,3.1606601717798215
v3_sc0_staging_16,L2,3,19,label_only,False,1,False,False,False,False,False,nan,nan,nan,False,3.1606601717798215
v3_sc0_staging_16,L2,3,19,pose_only,False,0,True,True,False,False,True,3.1606601717798215,2.0500000000000003,0.18027756377319948,True,3.1606601717798215
v3_sc0_staging_16,L2,3,19,separate,False,1,False,False,False,False,False,nan,nan,nan,False,3.1606601717798215
v3_sc0_staging_16,L2,3,19,joint,False,0,False,True,False,False,True,3.1606601717798215,2.0500000000000003,0.18027756377319948,True,3.1606601717798215
v3_sc0_staging_16,L2,3,19,oracle,False,0,False,True,False,False,True,3.1606601717798215,2.0500000000000003,0.20615528128088303,True,3.1606601717798215
v3_sc0_staging_16,L2,4,0,uncalibrated,False,0,True,True,False,False,True,3.45,3.4525353003264136,0.5656854249492381,True,3.45
v3_sc0_staging_16,L2,4,0,label_cell,False,0,True,True,False,False,True,3.45,3.4525353003264136,0.5656854249492381,True,3.45
v3_sc0_staging_16,L2,4,0,geometry,False,0,False,True,False,False,True,3.4914213562373093,3.471310991541957,0.6363961030678928,True,3.45
v3_sc0_staging_16,L2,4,0,label_only,False,1,False,True,False,False,True,3.4914213562373093,3.471310991541957,0.6363961030678928,True,3.45
v3_sc0_staging_16,L2,4,0,pose_only,False,0,False,True,False,False,True,3.45,3.4525353003264136,0.5656854249492381,True,3.45
v3_sc0_staging_16,L2,4,0,separate,False,1,False,True,False,False,True,3.4914213562373093,3.471310991541957,0.6363961030678928,True,3.45
v3_sc0_staging_16,L2,4,0,joint,False,0,False,True,False,False,True,3.45,3.4525353003264136,0.5656854249492381,True,3.45
v3_sc0_staging_16,L2,4,0,oracle,False,0,False,True,False,False,True,3.45,3.4525353003264136,0.5656854249492381,True,3.45
v3_sc0_staging_16,L2,4,1,uncalibrated,False,0,True,True,False,False,True,3.6849242404917497,1.4142135623730951,0.5830951894845301,True,3.6849242404917497
v3_sc0_staging_16,L2,4,1,label_cell,False,0,True,True,False,False,True,3.6849242404917497,1.4142135623730951,0.5830951894845301,True,3.6849242404917497
v3_sc0_staging_16,L2,4,1,geometry,False,0,False,False,False,False,False,nan,nan,nan,False,3.6849242404917497
v3_sc0_staging_16,L2,4,1,label_only,False,1,False,False,False,False,False,nan,nan,nan,False,3.6849242404917497
v3_sc0_staging_16,L2,4,1,pose_only,False,0,False,True,False,False,True,3.6849242404917497,1.4142135623730951,0.5830951894845301,True,3.6849242404917497
v3_sc0_staging_16,L2,4,1,separate,False,1,False,False,False,False,False,nan,nan,nan,False,3.6849242404917497
v3_sc0_staging_16,L2,4,1,joint,False,0,False,True,False,False,True,3.6849242404917497,1.6688319268278637,0.5830951894845301,True,3.6849242404917497
v3_sc0_staging_16,L2,4,1,oracle,False,0,False,True,False,False,True,3.6849242404917497,1.4142135623730951,0.5830951894845301,True,3.6849242404917497
v3_sc0_staging_16,L2,4,2,uncalibrated,False,0,True,True,False,False,True,3.503553390593274,1.9500000000000002,0.3354101966249685,True,3.503553390593274
v3_sc0_staging_16,L2,4,2,label_cell,False,0,True,False,False,False,False,nan,nan,nan,False,3.503553390593274
v3_sc0_staging_16,L2,4,2,geometry,False,0,False,False,False,False,False,nan,nan,nan,False,3.503553390593274
v3_sc0_staging_16,L2,4,2,label_only,False,1,False,False,False,False,False,nan,nan,nan,False,3.503553390593274
v3_sc0_staging_16,L2,4,2,pose_only,False,0,False,True,False,False,True,3.503553390593274,1.9500000000000002,0.3354101966249685,True,3.503553390593274
v3_sc0_staging_16,L2,4,2,separate,False,1,False,False,False,False,False,nan,nan,nan,False,3.503553390593274
v3_sc0_staging_16,L2,4,2,joint,False,0,False,True,False,False,True,3.503553390593274,1.9500000000000002,0.3354101966249685,True,3.503553390593274
v3_sc0_staging_16,L2,4,2,oracle,False,0,False,True,False,False,True,3.503553390593274,1.9500000000000002,0.3354101966249685,True,3.503553390593274
v3_sc0_staging_16,L2,4,3,uncalibrated,False,0,True,True,False,False,True,4.831370849898477,1.6347782724271818,0.6000000000000001,True,4.831370849898477
v3_sc0_staging_16,L2,4,3,label_cell,False,0,True,True,False,False,True,4.831370849898477,1.6347782724271818,0.6000000000000001,True,4.831370849898477
v3_sc0_staging_16,L2,4,3,geometry,False,0,False,False,False,False,False,nan,nan,nan,False,4.831370849898477
v3_sc0_staging_16,L2,4,3,label_only,False,1,False,False,False,False,False,nan,nan,nan,False,4.831370849898477
v3_sc0_staging_16,L2,4,3,pose_only,False,0,False,True,False,False,True,4.831370849898477,1.6347782724271818,0.6000000000000001,True,4.831370849898477
v3_sc0_staging_16,L2,4,3,separate,False,1,False,False,False,False,False,nan,nan,nan,False,4.831370849898477
v3_sc0_staging_16,L2,4,3,joint,False,0,False,True,False,False,True,4.831370849898477,1.9006577808748213,0.6000000000000001,True,4.831370849898477
v3_sc0_staging_16,L2,4,3,oracle,False,0,False,True,False,False,True,4.831370849898477,1.6347782724271818,0.6000000000000001,True,4.831370849898477
v3_sc0_staging_16,L2,4,4,uncalibrated,False,0,True,True,False,False,True,4.0571067811865476,2.2073740054644118,0.5,True,4.0571067811865476
v3_sc0_staging_16,L2,4,4,label_cell,False,0,True,True,False,False,True,4.0571067811865476,2.198294793698061,0.55,True,4.0571067811865476
v3_sc0_staging_16,L2,4,4,geometry,False,0,False,False,False,False,False,nan,nan,nan,False,4.0571067811865476
v3_sc0_staging_16,L2,4,4,label_only,False,1,False,False,False,False,False,nan,nan,nan,False,4.0571067811865476
v3_sc0_staging_16,L2,4,4,pose_only,False,0,False,True,False,False,True,4.0571067811865476,2.2073740054644118,0.5,True,4.0571067811865476
v3_sc0_staging_16,L2,4,4,separate,False,1,False,False,False,False,False,nan,nan,nan,False,4.0571067811865476
v3_sc0_staging_16,L2,4,4,joint,False,0,False,True,False,False,True,4.0571067811865476,2.2073740054644118,0.5,True,4.0571067811865476
v3_sc0_staging_16,L2,4,4,oracle,False,0,False,True,False,False,True,4.0571067811865476,2.2073740054644118,0.5,True,4.0571067811865476
v3_sc0_staging_16,L2,4,5,uncalibrated,False,0,True,True,False,False,True,3.398528137423857,3.5794552658190883,0.20615528128088303,True,3.398528137423857
v3_sc0_staging_16,L2,4,5,label_cell,False,0,True,False,False,False,False,nan,nan,nan,False,3.398528137423857
v3_sc0_staging_16,L2,4,5,geometry,False,0,False,False,False,False,False,nan,nan,nan,False,3.398528137423857
v3_sc0_staging_16,L2,4,5,label_only,False,1,False,False,False,False,False,nan,nan,nan,False,3.398528137423857
v3_sc0_staging_16,L2,4,5,pose_only,False,0,False,True,False,False,True,3.398528137423857,3.5794552658190883,0.20615528128088303,True,3.398528137423857
v3_sc0_staging_16,L2,4,5,separate,False,1,False,False,False,False,False,nan,nan,nan,False,3.398528137423857
v3_sc0_staging_16,L2,4,5,joint,False,0,False,True,False,False,True,3.398528137423857,3.5794552658190883,0.20615528128088303,True,3.398528137423857
v3_sc0_staging_16,L2,4,5,oracle,False,0,False,True,False,False,True,3.398528137423857,3.5794552658190883,0.20615528128088303,True,3.398528137423857
v3_sc0_staging_16,L2,4,6,uncalibrated,False,0,True,True,False,False,True,4.505634918610405,3.4985711369071804,0.20615528128088303,True,4.505634918610405
v3_sc0_staging_16,L2,4,6,label_cell,False,0,True,True,False,False,True,4.710660171779821,3.361547262794322,0.5024937810560445,True,4.505634918610405
v3_sc0_staging_16,L2,4,6,geometry,False,0,False,False,False,False,False,nan,nan,nan,False,4.505634918610405
v3_sc0_staging_16,L2,4,6,label_only,False,1,False,False,False,False,False,nan,nan,nan,False,4.505634918610405
v3_sc0_staging_16,L2,4,6,pose_only,False,0,False,True,False,False,True,4.505634918610405,3.4985711369071804,0.20615528128088303,True,4.505634918610405
v3_sc0_staging_16,L2,4,6,separate,False,1,False,False,False,False,False,nan,nan,nan,False,4.505634918610405
v3_sc0_staging_16,L2,4,6,joint,False,0,False,True,False,False,True,4.505634918610405,3.4985711369071804,0.20615528128088303,True,4.505634918610405
v3_sc0_staging_16,L2,4,6,oracle,False,0,False,True,False,False,True,4.505634918610405,3.4985711369071804,0.20615528128088303,True,4.505634918610405
v3_sc0_staging_16,L2,4,7,uncalibrated,False,0,True,True,False,False,True,3.0399494936611666,2.4300205760445737,0.4242640687119285,True,3.0399494936611666
v3_sc0_staging_16,L2,4,7,label_cell,False,0,True,True,False,False,True,3.0399494936611666,2.4300205760445737,0.5656854249492381,True,3.0399494936611666
v3_sc0_staging_16,L2,4,7,geometry,False,0,False,True,False,False,True,3.0399494936611666,2.4300205760445737,0.6726812023536856,True,3.0399494936611666
v3_sc0_staging_16,L2,4,7,label_only,False,1,False,True,False,False,True,3.0399494936611666,2.4300205760445737,0.6726812023536856,True,3.0399494936611666
v3_sc0_staging_16,L2,4,7,pose_only,False,0,False,True,False,False,True,3.0399494936611666,2.4300205760445737,0.4242640687119285,True,3.0399494936611666
v3_sc0_staging_16,L2,4,7,separate,False,1,False,True,False,False,True,3.0399494936611666,2.4300205760445737,0.6726812023536856,True,3.0399494936611666
v3_sc0_staging_16,L2,4,7,joint,False,0,False,True,False,False,True,3.0399494936611666,2.4300205760445737,0.4242640687119285,True,3.0399494936611666
v3_sc0_staging_16,L2,4,7,oracle,False,0,False,True,False,False,True,3.0399494936611666,2.4300205760445737,0.4242640687119285,True,3.0399494936611666
v3_sc0_staging_16,L2,4,8,uncalibrated,False,0,True,True,False,False,True,7.524873734152917,0.9,0.18027756377319948,True,7.566295090390226
v3_sc0_staging_16,L2,4,8,label_cell,False,0,True,False,False,False,False,nan,nan,nan,False,7.566295090390226
v3_sc0_staging_16,L2,4,8,geometry,False,0,False,False,False,False,False,nan,nan,nan,False,7.566295090390226
v3_sc0_staging_16,L2,4,8,label_only,False,1,False,False,False,False,False,nan,nan,nan,False,7.566295090390226
v3_sc0_staging_16,L2,4,8,pose_only,False,0,False,True,False,False,True,7.524873734152917,0.9,0.18027756377319948,True,7.566295090390226
v3_sc0_staging_16,L2,4,8,separate,False,1,False,False,False,False,False,nan,nan,nan,False,7.566295090390226
v3_sc0_staging_16,L2,4,8,joint,False,0,False,True,False,False,True,7.524873734152917,1.6500000000000001,0.25,True,7.566295090390226
v3_sc0_staging_16,L2,4,8,oracle,False,0,False,True,False,False,True,7.566295090390226,1.5,0.25,True,7.566295090390226
v3_sc0_staging_16,L2,4,9,uncalibrated,False,0,True,True,False,False,True,2.95,2.1,0.5,True,2.970710678118655
v3_sc0_staging_16,L2,4,9,label_cell,False,0,True,True,False,False,True,2.9914213562373093,2.1,0.5099019513592785,True,2.970710678118655
v3_sc0_staging_16,L2,4,9,geometry,False,0,False,False,False,False,False,nan,nan,nan,False,2.970710678118655
v3_sc0_staging_16,L2,4,9,label_only,False,1,False,False,False,False,False,nan,nan,nan,False,2.970710678118655
v3_sc0_staging_16,L2,4,9,pose_only,False,0,False,True,False,False,True,2.95,2.1,0.5,True,2.970710678118655
v3_sc0_staging_16,L2,4,9,separate,False,1,False,False,False,False,False,nan,nan,nan,False,2.970710678118655
v3_sc0_staging_16,L2,4,9,joint,False,0,False,True,False,False,True,2.95,2.1,0.5,True,2.970710678118655
v3_sc0_staging_16,L2,4,9,oracle,False,0,False,True,False,False,True,2.970710678118655,2.15,0.45,True,2.970710678118655
v3_sc0_staging_16,L2,4,10,uncalibrated,False,0,True,True,False,False,True,2.9000000000000004,1.8445866745696717,0.9500000000000001,True,2.9000000000000004
v3_sc0_staging_16,L2,4,10,label_cell,False,0,True,True,False,False,True,2.9000000000000004,1.8445866745696717,0.9500000000000001,True,2.9000000000000004
v3_sc0_staging_16,L2,4,10,geometry,False,0,False,True,False,False,True,2.9000000000000004,1.8445866745696717,0.9500000000000001,True,2.9000000000000004
v3_sc0_staging_16,L2,4,10,label_only,False,1,False,True,False,False,True,2.9000000000000004,1.8445866745696717,0.9500000000000001,True,2.9000000000000004
v3_sc0_staging_16,L2,4,10,pose_only,False,0,False,True,False,False,True,2.9000000000000004,1.8445866745696717,0.9500000000000001,True,2.9000000000000004
v3_sc0_staging_16,L2,4,10,separate,False,1,False,True,False,False,True,2.9000000000000004,1.8445866745696717,0.9500000000000001,True,2.9000000000000004
v3_sc0_staging_16,L2,4,10,joint,False,0,False,True,False,False,True,2.9000000000000004,1.8445866745696717,0.9500000000000001,True,2.9000000000000004
v3_sc0_staging_16,L2,4,10,oracle,False,0,False,True,False,False,True,2.9000000000000004,1.8445866745696717,0.9500000000000001,True,2.9000000000000004
v3_sc0_staging_16,L2,4,11,uncalibrated,False,0,True,True,False,False,True,5.512741699796953,1.4326548781894404,0.25,True,5.512741699796953
v3_sc0_staging_16,L2,4,11,label_cell,False,0,True,True,False,False,True,5.71776695296637,1.503329637837291,0.5385164807134504,True,5.512741699796953
v3_sc0_staging_16,L2,4,11,geometry,False,0,False,True,False,False,True,5.805634918610405,1.503329637837291,0.65,True,5.512741699796953
v3_sc0_staging_16,L2,4,11,label_only,False,1,False,True,False,False,True,5.805634918610405,1.503329637837291,0.65,True,5.512741699796953
v3_sc0_staging_16,L2,4,11,pose_only,False,0,False,True,False,False,True,5.512741699796953,1.4326548781894404,0.25,True,5.512741699796953
v3_sc0_staging_16,L2,4,11,separate,False,1,False,True,False,False,True,5.805634918610405,1.503329637837291,0.65,True,5.512741699796953
v3_sc0_staging_16,L2,4,11,joint,False,0,False,False,False,False,False,nan,nan,nan,False,5.512741699796953
v3_sc0_staging_16,L2,4,11,oracle,False,0,False,True,False,False,True,5.512741699796953,1.4326548781894404,0.25,True,5.512741699796953
v3_sc0_staging_16,L2,4,12,uncalibrated,False,0,True,True,False,False,True,3.3106601717798214,2.390083680543424,0.35000000000000003,True,3.3106601717798214
v3_sc0_staging_16,L2,4,12,label_cell,False,0,True,True,False,False,True,3.339949493661166,2.3200215516240363,0.55,True,3.3106601717798214
v3_sc0_staging_16,L2,4,12,geometry,False,0,False,False,False,False,False,nan,nan,nan,False,3.3106601717798214
v3_sc0_staging_16,L2,4,12,label_only,False,1,False,False,False,False,False,nan,nan,nan,False,3.3106601717798214
v3_sc0_staging_16,L2,4,12,pose_only,False,0,False,True,False,False,True,3.3106601717798214,2.390083680543424,0.35000000000000003,True,3.3106601717798214
v3_sc0_staging_16,L2,4,12,separate,False,1,False,False,False,False,False,nan,nan,nan,False,3.3106601717798214
v3_sc0_staging_16,L2,4,12,joint,False,0,False,True,False,False,True,3.3106601717798214,2.390083680543424,0.35000000000000003,True,3.3106601717798214
v3_sc0_staging_16,L2,4,12,oracle,False,0,False,True,False,False,True,3.3106601717798214,2.390083680543424,0.35000000000000003,True,3.3106601717798214
v3_sc0_staging_16,L2,4,13,uncalibrated,False,0,True,True,False,False,True,4.474873734152916,1.94164878389476,0.25,True,4.445584412271571
v3_sc0_staging_16,L2,4,13,label_cell,False,0,True,True,False,False,True,4.738477631085023,1.9091883092036785,0.552268050859363,True,4.445584412271571
v3_sc0_staging_16,L2,4,13,geometry,False,0,False,False,False,False,False,nan,nan,nan,False,4.445584412271571
v3_sc0_staging_16,L2,4,13,label_only,False,1,False,False,False,False,False,nan,nan,nan,False,4.445584412271571
v3_sc0_staging_16,L2,4,13,pose_only,False,0,False,True,False,False,True,4.474873734152916,1.94164878389476,0.25,True,4.445584412271571
v3_sc0_staging_16,L2,4,13,separate,False,1,False,False,False,False,False,nan,nan,nan,False,4.445584412271571
v3_sc0_staging_16,L2,4,13,joint,False,0,False,True,False,False,True,4.474873734152916,1.94164878389476,0.25,True,4.445584412271571
v3_sc0_staging_16,L2,4,13,oracle,False,0,False,True,False,False,True,4.445584412271571,1.9300259065618783,0.21213203435596426,True,4.445584412271571
v3_sc0_staging_16,L2,4,14,uncalibrated,False,0,True,True,False,False,True,3.512741699796952,1.9729419656948861,0.47434164902525694,True,3.512741699796952
v3_sc0_staging_16,L2,4,14,label_cell,False,0,True,False,False,False,False,nan,nan,nan,False,3.512741699796952
v3_sc0_staging_16,L2,4,14,geometry,False,0,False,False,False,False,False,nan,nan,nan,False,3.512741699796952
v3_sc0_staging_16,L2,4,14,label_only,False,1,False,False,False,False,False,nan,nan,nan,False,3.512741699796952
v3_sc0_staging_16,L2,4,14,pose_only,False,0,False,True,False,False,True,3.512741699796952,1.9729419656948861,0.47434164902525694,True,3.512741699796952
v3_sc0_staging_16,L2,4,14,separate,False,1,False,False,False,False,False,nan,nan,nan,False,3.512741699796952
v3_sc0_staging_16,L2,4,14,joint,False,0,False,True,False,False,True,3.512741699796952,1.9729419656948861,0.47434164902525694,True,3.512741699796952
v3_sc0_staging_16,L2,4,14,oracle,False,0,False,True,False,False,True,3.512741699796952,1.9729419656948861,0.47434164902525694,True,3.512741699796952
v3_sc0_staging_16,L2,4,15,uncalibrated,False,0,True,True,False,False,True,3.9313708498984763,3.242298567374695,0.21213203435596426,True,3.9313708498984763
v3_sc0_staging_16,L2,4,15,label_cell,False,0,True,True,False,False,True,3.960660171779821,3.242298567374695,0.5315072906367325,True,3.9313708498984763
v3_sc0_staging_16,L2,4,15,geometry,False,0,False,True,False,False,True,4.048528137423857,3.242298567374695,0.6363961030678928,True,3.9313708498984763
v3_sc0_staging_16,L2,4,15,label_only,False,1,False,True,False,False,True,4.048528137423857,3.242298567374695,0.6363961030678928,True,3.9313708498984763
v3_sc0_staging_16,L2,4,15,pose_only,False,0,False,True,False,False,True,3.9313708498984763,3.242298567374695,0.21213203435596426,True,3.9313708498984763
v3_sc0_staging_16,L2,4,15,separate,False,1,False,True,False,False,True,4.048528137423857,3.242298567374695,0.6363961030678928,True,3.9313708498984763
v3_sc0_staging_16,L2,4,15,joint,False,0,False,True,False,False,True,3.9313708498984763,3.242298567374695,0.21213203435596426,True,3.9313708498984763
v3_sc0_staging_16,L2,4,15,oracle,False,0,False,True,False,False,True,3.9313708498984763,3.242298567374695,0.21213203435596426,True,3.9313708498984763
v3_sc0_staging_16,L2,4,16,uncalibrated,False,0,True,True,False,False,True,4.05,1.4000000000000001,0.873212459828649,True,4.05
v3_sc0_staging_16,L2,4,16,label_cell,False,0,True,True,False,False,True,4.05,1.4000000000000001,0.873212459828649,True,4.05
v3_sc0_staging_16,L2,4,16,geometry,False,0,False,True,False,False,True,4.05,1.4000000000000001,0.873212459828649,True,4.05
v3_sc0_staging_16,L2,4,16,label_only,False,1,False,True,False,False,True,4.05,1.4000000000000001,0.873212459828649,True,4.05
v3_sc0_staging_16,L2,4,16,pose_only,False,0,False,True,False,False,True,4.05,1.4000000000000001,0.873212459828649,True,4.05
v3_sc0_staging_16,L2,4,16,separate,False,1,False,True,False,False,True,4.05,1.4000000000000001,0.873212459828649,True,4.05
v3_sc0_staging_16,L2,4,16,joint,False,0,False,True,False,False,True,4.153553390593274,1.6500000000000001,0.9,True,4.05
v3_sc0_staging_16,L2,4,16,oracle,False,0,False,True,False,False,True,4.05,1.4000000000000001,0.873212459828649,True,4.05
v3_sc0_staging_16,L2,4,17,uncalibrated,False,0,True,True,False,False,True,7.824873734152916,0.8500000000000001,0.25,True,7.866295090390226
v3_sc0_staging_16,L2,4,17,label_cell,False,0,True,False,False,False,False,nan,nan,nan,False,7.866295090390226
v3_sc0_staging_16,L2,4,17,geometry,False,0,False,False,False,False,False,nan,nan,nan,False,7.866295090390226
v3_sc0_staging_16,L2,4,17,label_only,False,1,False,False,False,False,False,nan,nan,nan,False,7.866295090390226
v3_sc0_staging_16,L2,4,17,pose_only,False,0,False,True,False,False,True,7.824873734152916,0.8500000000000001,0.25,True,7.866295090390226
v3_sc0_staging_16,L2,4,17,separate,False,1,False,False,False,False,False,nan,nan,nan,False,7.866295090390226
v3_sc0_staging_16,L2,4,17,joint,False,0,False,True,False,False,True,7.824873734152916,1.8,0.25,True,7.866295090390226
v3_sc0_staging_16,L2,4,17,oracle,False,0,False,True,False,False,True,7.866295090390226,1.3,0.25495097567963926,True,7.866295090390226
v3_sc0_staging_16,L2,4,18,uncalibrated,False,0,True,True,False,False,True,4.3,1.35,0.5830951894845301,True,4.3
v3_sc0_staging_16,L2,4,18,label_cell,False,0,True,True,False,False,True,4.3,1.35,0.5830951894845301,True,4.3
v3_sc0_staging_16,L2,4,18,geometry,False,0,False,False,False,False,False,nan,nan,nan,False,4.3
v3_sc0_staging_16,L2,4,18,label_only,False,1,False,False,False,False,False,nan,nan,nan,False,4.3
v3_sc0_staging_16,L2,4,18,pose_only,False,0,False,True,False,False,True,4.3,1.35,0.5830951894845301,True,4.3
v3_sc0_staging_16,L2,4,18,separate,False,1,False,False,False,False,False,nan,nan,nan,False,4.3
v3_sc0_staging_16,L2,4,18,joint,False,0,False,True,False,False,True,4.5278174593052025,1.5890248582070705,0.5830951894845301,True,4.3
v3_sc0_staging_16,L2,4,18,oracle,False,0,False,True,False,False,True,4.3,1.35,0.5830951894845301,True,4.3
v3_sc0_staging_16,L2,4,19,uncalibrated,False,0,True,True,False,False,True,3.1813708498984763,2.0615528128088303,0.20615528128088303,True,3.1399494936611667
v3_sc0_staging_16,L2,4,19,label_cell,False,0,True,False,False,False,False,nan,nan,nan,False,3.1399494936611667
v3_sc0_staging_16,L2,4,19,geometry,False,0,False,False,False,False,False,nan,nan,nan,False,3.1399494936611667
v3_sc0_staging_16,L2,4,19,label_only,False,1,False,False,False,False,False,nan,nan,nan,False,3.1399494936611667
v3_sc0_staging_16,L2,4,19,pose_only,False,0,False,True,False,False,True,3.1813708498984763,2.0615528128088303,0.20615528128088303,True,3.1399494936611667
v3_sc0_staging_16,L2,4,19,separate,False,1,False,False,False,False,False,nan,nan,nan,False,3.1399494936611667
v3_sc0_staging_16,L2,4,19,joint,False,0,False,True,False,False,True,3.1813708498984763,2.0615528128088303,0.20615528128088303,True,3.1399494936611667
v3_sc0_staging_16,L2,4,19,oracle,False,0,False,True,False,False,True,3.1399494936611667,2.0615528128088303,0.20615528128088303,True,3.1399494936611667
v3_sc0_staging_16,L3,0,0,uncalibrated,False,0,True,True,False,False,True,3.45,3.471310991541957,0.6103277807866851,True,3.45
v3_sc0_staging_16,L3,0,0,label_cell,False,0,True,True,False,False,True,3.45,3.471310991541957,0.6103277807866851,True,3.45
v3_sc0_staging_16,L3,0,0,geometry,False,0,False,False,False,False,False,nan,nan,nan,False,3.45
v3_sc0_staging_16,L3,0,0,label_only,False,1,False,False,False,False,False,nan,nan,nan,False,3.45
v3_sc0_staging_16,L3,0,0,pose_only,False,0,False,True,False,False,True,3.45,3.471310991541957,0.6103277807866851,True,3.45
v3_sc0_staging_16,L3,0,0,separate,False,1,False,False,False,False,False,nan,nan,nan,False,3.45
v3_sc0_staging_16,L3,0,0,joint,False,0,False,True,False,False,True,3.45,3.471310991541957,0.6103277807866851,True,3.45
v3_sc0_staging_16,L3,0,0,oracle,False,0,False,True,False,False,True,3.45,3.471310991541957,0.6103277807866851,True,3.45
v3_sc0_staging_16,L3,0,1,uncalibrated,False,0,True,True,False,False,True,3.676345596729059,1.2020815280171309,0.6264982043070835,True,3.676345596729059
v3_sc0_staging_16,L3,0,1,label_cell,False,0,True,True,False,False,True,3.676345596729059,1.2020815280171309,0.6264982043070835,True,3.676345596729059
v3_sc0_staging_16,L3,0,1,geometry,False,0,False,False,False,False,False,nan,nan,nan,False,3.676345596729059
v3_sc0_staging_16,L3,0,1,label_only,False,1,False,False,False,False,False,nan,nan,nan,False,3.676345596729059
v3_sc0_staging_16,L3,0,1,pose_only,False,0,False,True,False,False,True,3.676345596729059,1.2020815280171309,0.6264982043070835,True,3.676345596729059
v3_sc0_staging_16,L3,0,1,separate,False,1,False,False,False,False,False,nan,nan,nan,False,3.676345596729059
v3_sc0_staging_16,L3,0,1,joint,False,0,False,True,False,False,True,3.676345596729059,1.5556349186104046,0.6264982043070835,True,3.676345596729059
v3_sc0_staging_16,L3,0,1,oracle,False,0,False,True,False,False,True,3.676345596729059,1.2020815280171309,0.6264982043070835,True,3.676345596729059
v3_sc0_staging_16,L3,0,2,uncalibrated,False,0,True,True,False,False,True,3.5121320343559645,1.9500000000000002,0.36055512754639896,True,3.5121320343559645
v3_sc0_staging_16,L3,0,2,label_cell,False,0,True,False,False,False,False,nan,nan,nan,False,3.5121320343559645
v3_sc0_staging_16,L3,0,2,geometry,False,0,False,False,False,False,False,nan,nan,nan,False,3.5121320343559645
v3_sc0_staging_16,L3,0,2,label_only,False,1,False,False,False,False,False,nan,nan,nan,False,3.5121320343559645
v3_sc0_staging_16,L3,0,2,pose_only,False,0,False,True,False,False,True,3.5121320343559645,1.9500000000000002,0.36055512754639896,True,3.5121320343559645
v3_sc0_staging_16,L3,0,2,separate,False,1,False,False,False,False,False,nan,nan,nan,False,3.5121320343559645
v3_sc0_staging_16,L3,0,2,joint,False,0,False,True,False,False,True,3.5121320343559645,1.9500000000000002,0.36055512754639896,True,3.5121320343559645
v3_sc0_staging_16,L3,0,2,oracle,False,0,False,True,False,False,True,3.5121320343559645,1.9500000000000002,0.36055512754639896,True,3.5121320343559645
v3_sc0_staging_16,L3,0,3,uncalibrated,False,0,True,True,False,False,True,4.772792206135786,1.6770509831248424,0.6000000000000001,True,4.772792206135786
v3_sc0_staging_16,L3,0,3,label_cell,False,0,True,True,False,False,True,4.772792206135786,1.6770509831248424,0.6000000000000001,True,4.772792206135786
v3_sc0_staging_16,L3,0,3,geometry,False,0,False,False,False,False,False,nan,nan,nan,False,4.772792206135786
v3_sc0_staging_16,L3,0,3,label_only,False,1,False,False,False,False,False,nan,nan,nan,False,4.772792206135786
v3_sc0_staging_16,L3,0,3,pose_only,False,0,False,True,False,False,True,4.772792206135786,1.6770509831248424,0.6000000000000001,True,4.772792206135786
v3_sc0_staging_16,L3,0,3,separate,False,1,False,False,False,False,False,nan,nan,nan,False,4.772792206135786
v3_sc0_staging_16,L3,0,3,joint,False,0,False,True,False,False,True,4.772792206135786,1.6770509831248424,0.6000000000000001,True,4.772792206135786
v3_sc0_staging_16,L3,0,3,oracle,False,0,False,True,False,False,True,4.772792206135786,1.6770509831248424,0.6000000000000001,True,4.772792206135786
v3_sc0_staging_16,L3,0,4,uncalibrated,False,0,True,True,False,False,True,4.048528137423857,2.2,0.45,True,4.048528137423857
v3_sc0_staging_16,L3,0,4,label_cell,False,0,True,True,False,False,True,4.048528137423857,2.229910312097776,0.5,True,4.048528137423857
v3_sc0_staging_16,L3,0,4,geometry,False,0,False,False,False,False,False,nan,nan,nan,False,4.048528137423857
v3_sc0_staging_16,L3,0,4,label_only,False,1,False,False,False,False,False,nan,nan,nan,False,4.048528137423857
v3_sc0_staging_16,L3,0,4,pose_only,False,0,False,True,False,False,True,4.048528137423857,2.2,0.45,True,4.048528137423857
v3_sc0_staging_16,L3,0,4,separate,False,1,False,False,False,False,False,nan,nan,nan,False,4.048528137423857
v3_sc0_staging_16,L3,0,4,joint,False,0,False,True,False,False,True,4.048528137423857,2.2,0.45,True,4.048528137423857
v3_sc0_staging_16,L3,0,4,oracle,False,0,False,True,False,False,True,4.048528137423857,2.2,0.45,True,4.048528137423857
v3_sc0_staging_16,L3,0,5,uncalibrated,False,0,True,True,False,False,True,3.457106781186548,3.5341194094144583,0.25,True,3.4278174593052024
v3_sc0_staging_16,L3,0,5,label_cell,False,0,True,False,False,False,False,nan,nan,nan,False,3.4278174593052024
v3_sc0_staging_16,L3,0,5,geometry,False,0,False,False,False,False,False,nan,nan,nan,False,3.4278174593052024
v3_sc0_staging_16,L3,0,5,label_only,False,1,False,False,False,False,False,nan,nan,nan,False,3.4278174593052024
v3_sc0_staging_16,L3,0,5,pose_only,False,0,False,True,False,False,True,3.457106781186548,3.5341194094144583,0.25,True,3.4278174593052024
v3_sc0_staging_16,L3,0,5,separate,False,1,False,False,False,False,False,nan,nan,nan,False,3.4278174593052024
v3_sc0_staging_16,L3,0,5,joint,False,0,False,True,False,False,True,3.457106781186548,3.5341194094144583,0.25,True,3.4278174593052024
v3_sc0_staging_16,L3,0,5,oracle,False,0,False,True,False,False,True,3.4278174593052024,3.5556293395122056,0.20615528128088303,True,3.4278174593052024
v3_sc0_staging_16,L3,0,6,uncalibrated,False,0,True,True,False,False,True,4.464213562373096,3.4300145772284996,0.25,True,4.464213562373096
v3_sc0_staging_16,L3,0,6,label_cell,False,0,True,True,False,False,True,4.698528137423858,3.361547262794322,0.5385164807134504,True,4.464213562373096
v3_sc0_staging_16,L3,0,6,geometry,False,0,False,False,False,False,False,nan,nan,nan,False,4.464213562373096
v3_sc0_staging_16,L3,0,6,label_only,False,1,False,False,False,False,False,nan,nan,nan,False,4.464213562373096
v3_sc0_staging_16,L3,0,6,pose_only,False,0,False,True,False,False,True,4.464213562373096,3.4300145772284996,0.25,True,4.464213562373096
v3_sc0_staging_16,L3,0,6,separate,False,1,False,False,False,False,False,nan,nan,nan,False,4.464213562373096
v3_sc0_staging_16,L3,0,6,joint,False,0,False,True,False,False,True,4.464213562373096,3.4300145772284996,0.25,True,4.464213562373096
v3_sc0_staging_16,L3,0,6,oracle,False,0,False,True,False,False,True,4.464213562373096,3.4985711369071804,0.20615528128088303,True,4.464213562373096
v3_sc0_staging_16,L3,0,7,uncalibrated,False,0,True,True,False,False,True,2.9899494936611664,2.412985702402731,0.3905124837953327,True,2.9899494936611664
v3_sc0_staging_16,L3,0,7,label_cell,False,0,True,True,False,False,True,2.9899494936611664,2.412985702402731,0.5315072906367325,True,2.9899494936611664
v3_sc0_staging_16,L3,0,7,geometry,False,0,False,True,False,False,True,3.048528137423857,2.412985702402731,0.848528137423857,True,2.9899494936611664
v3_sc0_staging_16,L3,0,7,label_only,False,1,False,True,False,False,True,3.048528137423857,2.412985702402731,0.848528137423857,True,2.9899494936611664
v3_sc0_staging_16,L3,0,7,pose_only,False,0,False,True,False,False,True,2.9899494936611664,2.412985702402731,0.3905124837953327,True,2.9899494936611664
v3_sc0_staging_16,L3,0,7,separate,False,1,False,True,False,False,True,3.048528137423857,2.412985702402731,0.848528137423857,True,2.9899494936611664
v3_sc0_staging_16,L3,0,7,joint,False,0,False,True,False,False,True,2.9899494936611664,2.412985702402731,0.3905124837953327,True,2.9899494936611664
v3_sc0_staging_16,L3,0,7,oracle,False,0,False,True,False,False,True,2.9899494936611664,2.412985702402731,0.3905124837953327,True,2.9899494936611664
v3_sc0_staging_16,L3,0,8,uncalibrated,False,0,True,True,False,False,True,7.466295090390225,1.05,0.21213203435596426,True,nan
v3_sc0_staging_16,L3,0,8,label_cell,False,0,True,False,False,False,False,nan,nan,nan,False,nan
v3_sc0_staging_16,L3,0,8,geometry,False,0,False,False,False,False,False,nan,nan,nan,False,nan
v3_sc0_staging_16,L3,0,8,label_only,False,1,False,False,False,False,False,nan,nan,nan,False,nan
v3_sc0_staging_16,L3,0,8,pose_only,False,0,False,True,False,False,True,7.466295090390225,1.05,0.21213203435596426,True,nan
v3_sc0_staging_16,L3,0,8,separate,False,1,False,False,False,False,False,nan,nan,nan,False,nan
v3_sc0_staging_16,L3,0,8,joint,False,0,False,True,False,False,True,7.466295090390225,1.8,0.21213203435596426,True,nan
v3_sc0_staging_16,L3,0,8,oracle,False,0,False,False,False,False,False,nan,nan,nan,False,nan
v3_sc0_staging_16,L3,0,9,uncalibrated,False,0,True,True,False,False,True,2.95,2.1,0.45,True,2.9914213562373098
v3_sc0_staging_16,L3,0,9,label_cell,False,0,True,True,False,False,True,2.970710678118655,2.1,0.5,True,2.9914213562373098
v3_sc0_staging_16,L3,0,9,geometry,False,0,False,False,False,False,False,nan,nan,nan,False,2.9914213562373098
v3_sc0_staging_16,L3,0,9,label_only,False,1,False,False,False,False,False,nan,nan,nan,False,2.9914213562373098
v3_sc0_staging_16,L3,0,9,pose_only,False,0,False,True,False,False,True,2.95,2.1,0.45,True,2.9914213562373098
v3_sc0_staging_16,L3,0,9,separate,False,1,False,False,False,False,False,nan,nan,nan,False,2.9914213562373098
v3_sc0_staging_16,L3,0,9,joint,False,0,False,True,False,False,True,2.95,2.1,0.45,True,2.9914213562373098
v3_sc0_staging_16,L3,0,9,oracle,False,0,False,True,False,False,True,2.9914213562373098,2.1,0.45,True,2.9914213562373098
v3_sc0_staging_16,L3,0,10,uncalibrated,False,0,True,True,False,False,True,2.9000000000000004,1.7902513789968157,0.9500000000000001,True,2.9000000000000004
v3_sc0_staging_16,L3,0,10,label_cell,False,0,True,True,False,False,True,2.9000000000000004,1.7902513789968157,0.9500000000000001,True,2.9000000000000004
v3_sc0_staging_16,L3,0,10,geometry,False,0,False,True,False,False,True,2.9000000000000004,1.7902513789968157,0.9500000000000001,True,2.9000000000000004
v3_sc0_staging_16,L3,0,10,label_only,False,1,False,True,False,False,True,2.9000000000000004,1.7902513789968157,0.9500000000000001,True,2.9000000000000004
v3_sc0_staging_16,L3,0,10,pose_only,False,0,False,True,False,False,True,2.9000000000000004,1.7902513789968157,0.9500000000000001,True,2.9000000000000004
v3_sc0_staging_16,L3,0,10,separate,False,1,False,True,False,False,True,2.9000000000000004,1.7902513789968157,0.9500000000000001,True,2.9000000000000004
v3_sc0_staging_16,L3,0,10,joint,False,0,False,True,False,False,True,2.9000000000000004,1.7902513789968157,0.9500000000000001,True,2.9000000000000004
v3_sc0_staging_16,L3,0,10,oracle,False,0,False,True,False,False,True,2.9000000000000004,1.7902513789968157,0.9500000000000001,True,2.9000000000000004
v3_sc0_staging_16,L3,0,11,uncalibrated,False,0,True,True,False,False,True,5.504163056034263,1.4577379737113252,0.21213203435596426,True,5.504163056034263
v3_sc0_staging_16,L3,0,11,label_cell,False,0,True,True,False,False,True,5.709188309203679,1.5074813431681335,0.5024937810560445,True,5.504163056034263
v3_sc0_staging_16,L3,0,11,geometry,False,0,False,False,False,False,False,nan,nan,nan,False,5.504163056034263
v3_sc0_staging_16,L3,0,11,label_only,False,1,False,False,False,False,False,nan,nan,nan,False,5.504163056034263
v3_sc0_staging_16,L3,0,11,pose_only,False,0,False,True,False,False,True,5.504163056034263,1.4577379737113252,0.21213203435596426,True,5.504163056034263
v3_sc0_staging_16,L3,0,11,separate,False,1,False,False,False,False,False,nan,nan,nan,False,5.504163056034263
v3_sc0_staging_16,L3,0,11,joint,False,0,False,False,False,False,False,nan,nan,nan,False,5.504163056034263
v3_sc0_staging_16,L3,0,11,oracle,False,0,False,True,False,False,True,5.504163056034263,1.4577379737113252,0.21213203435596426,True,5.504163056034263
v3_sc0_staging_16,L3,0,12,uncalibrated,False,0,True,True,False,False,True,3.289949493661167,2.390083680543424,0.30000000000000004,True,3.289949493661167
v3_sc0_staging_16,L3,0,12,label_cell,False,0,True,True,False,False,True,3.3192388155425117,2.3200215516240363,0.570087712549569,True,3.289949493661167
v3_sc0_staging_16,L3,0,12,geometry,False,0,False,False,False,False,False,nan,nan,nan,False,3.289949493661167
v3_sc0_staging_16,L3,0,12,label_only,False,1,False,False,False,False,False,nan,nan,nan,False,3.289949493661167
v3_sc0_staging_16,L3,0,12,pose_only,False,0,False,True,False,False,True,3.289949493661167,2.390083680543424,0.30000000000000004,True,3.289949493661167
v3_sc0_staging_16,L3,0,12,separate,False,1,False,False,False,False,False,nan,nan,nan,False,3.289949493661167
v3_sc0_staging_16,L3,0,12,joint,False,0,False,True,False,False,True,3.289949493661167,2.390083680543424,0.30000000000000004,True,3.289949493661167
v3_sc0_staging_16,L3,0,12,oracle,False,0,False,True,False,False,True,3.289949493661167,2.390083680543424,0.30000000000000004,True,3.289949493661167
v3_sc0_staging_16,L3,0,13,uncalibrated,False,0,True,True,False,False,True,4.416295090390227,1.9849433241279208,0.21213203435596426,True,4.416295090390227
v3_sc0_staging_16,L3,0,13,label_cell,False,0,True,True,False,False,True,4.679898987322334,1.9811612756158952,0.5315072906367325,True,4.416295090390227
v3_sc0_staging_16,L3,0,13,geometry,False,0,False,False,False,False,False,nan,nan,nan,False,4.416295090390227
v3_sc0_staging_16,L3,0,13,label_only,False,1,False,False,False,False,False,nan,nan,nan,False,4.416295090390227
v3_sc0_staging_16,L3,0,13,pose_only,False,0,False,True,False,False,True,4.416295090390227,1.9849433241279208,0.21213203435596426,True,4.416295090390227
v3_sc0_staging_16,L3,0,13,separate,False,1,False,False,False,False,False,nan,nan,nan,False,4.416295090390227
v3_sc0_staging_16,L3,0,13,joint,False,0,False,True,False,False,True,4.416295090390227,1.9849433241279208,0.21213203435596426,True,4.416295090390227
v3_sc0_staging_16,L3,0,13,oracle,False,0,False,True,False,False,True,4.416295090390227,1.9849433241279208,0.21213203435596426,True,4.416295090390227
v3_sc0_staging_16,L3,0,14,uncalibrated,False,0,True,True,False,False,True,3.454163056034261,1.91637678967368,0.49244289008980524,True,3.454163056034261
v3_sc0_staging_16,L3,0,14,label_cell,False,0,True,False,False,False,False,nan,nan,nan,False,3.454163056034261
v3_sc0_staging_16,L3,0,14,geometry,False,0,False,False,False,False,False,nan,nan,nan,False,3.454163056034261
v3_sc0_staging_16,L3,0,14,label_only,False,1,False,False,False,False,False,nan,nan,nan,False,3.454163056034261
v3_sc0_staging_16,L3,0,14,pose_only,False,0,False,True,False,False,True,3.454163056034261,1.91637678967368,0.49244289008980524,True,3.454163056034261
v3_sc0_staging_16,L3,0,14,separate,False,1,False,False,False,False,False,nan,nan,nan,False,3.454163056034261
v3_sc0_staging_16,L3,0,14,joint,False,0,False,True,False,False,True,3.454163056034261,1.91637678967368,0.49244289008980524,True,3.454163056034261
v3_sc0_staging_16,L3,0,14,oracle,False,0,False,True,False,False,True,3.454163056034261,1.91637678967368,0.49244289008980524,True,3.454163056034261
v3_sc0_staging_16,L3,0,15,uncalibrated,False,0,True,True,False,False,True,3.8899494936611667,3.242298567374695,0.25,True,3.8899494936611663
v3_sc0_staging_16,L3,0,15,label_cell,False,0,True,True,False,False,True,3.9485281374238568,3.242298567374695,0.5590169943749475,True,3.8899494936611663
v3_sc0_staging_16,L3,0,15,geometry,False,0,False,False,False,False,False,nan,nan,nan,False,3.8899494936611663
v3_sc0_staging_16,L3,0,15,label_only,False,1,False,False,False,False,False,nan,nan,nan,False,3.8899494936611663
v3_sc0_staging_16,L3,0,15,pose_only,False,0,False,True,False,False,True,3.8899494936611667,3.242298567374695,0.25,True,3.8899494936611663
v3_sc0_staging_16,L3,0,15,separate,False,1,False,False,False,False,False,nan,nan,nan,False,3.8899494936611663
v3_sc0_staging_16,L3,0,15,joint,False,0,False,True,False,False,True,3.8899494936611667,3.242298567374695,0.25,True,3.8899494936611663
v3_sc0_staging_16,L3,0,15,oracle,False,0,False,True,False,False,True,3.8899494936611663,3.242298567374695,0.21213203435596426,True,3.8899494936611663
v3_sc0_staging_16,L3,0,16,uncalibrated,False,0,True,True,False,False,True,4.091421356237309,1.3,0.873212459828649,True,4.091421356237309
v3_sc0_staging_16,L3,0,16,label_cell,False,0,True,True,False,False,True,4.091421356237309,1.3,0.873212459828649,True,4.091421356237309
v3_sc0_staging_16,L3,0,16,geometry,False,0,False,True,False,False,True,4.091421356237309,1.3,0.873212459828649,True,4.091421356237309
v3_sc0_staging_16,L3,0,16,label_only,False,1,False,True,False,False,True,4.091421356237309,1.3,0.873212459828649,True,4.091421356237309
v3_sc0_staging_16,L3,0,16,pose_only,False,0,False,True,False,False,True,4.091421356237309,1.3,0.873212459828649,True,4.091421356237309
v3_sc0_staging_16,L3,0,16,separate,False,1,False,True,False,False,True,4.091421356237309,1.3,0.873212459828649,True,4.091421356237309
v3_sc0_staging_16,L3,0,16,joint,False,0,False,True,False,False,True,4.1742640687119295,1.5700318468107584,0.9055385138137417,True,4.091421356237309
v3_sc0_staging_16,L3,0,16,oracle,False,0,False,True,False,False,True,4.091421356237309,1.3,0.873212459828649,True,4.091421356237309
v3_sc0_staging_16,L3,0,17,uncalibrated,False,0,True,True,False,False,True,7.807716446627535,0.9500000000000001,0.3535533905932738,True,7.766295090390226
v3_sc0_staging_16,L3,0,17,label_cell,False,0,True,False,False,False,False,nan,nan,nan,False,7.766295090390226
v3_sc0_staging_16,L3,0,17,geometry,False,0,False,False,False,False,False,nan,nan,nan,False,7.766295090390226
v3_sc0_staging_16,L3,0,17,label_only,False,1,False,False,False,False,False,nan,nan,nan,False,7.766295090390226
v3_sc0_staging_16,L3,0,17,pose_only,False,0,False,True,False,False,True,7.807716446627535,0.9500000000000001,0.3535533905932738,True,7.766295090390226
v3_sc0_staging_16,L3,0,17,separate,False,1,False,False,False,False,False,nan,nan,nan,False,7.766295090390226
v3_sc0_staging_16,L3,0,17,joint,False,0,False,True,False,False,True,7.807716446627535,1.6500000000000001,0.3535533905932738,True,7.766295090390226
v3_sc0_staging_16,L3,0,17,oracle,False,0,False,True,False,False,True,7.766295090390226,0.8500000000000001,0.30000000000000004,True,7.766295090390226
v3_sc0_staging_16,L3,0,18,uncalibrated,False,0,True,True,False,False,True,4.270710678118655,1.35,0.5830951894845301,True,4.270710678118655
v3_sc0_staging_16,L3,0,18,label_cell,False,0,True,True,False,False,True,4.270710678118655,1.35,0.5830951894845301,True,4.270710678118655
v3_sc0_staging_16,L3,0,18,geometry,False,0,False,False,False,False,False,nan,nan,nan,False,4.270710678118655
v3_sc0_staging_16,L3,0,18,label_only,False,1,False,False,False,False,False,nan,nan,nan,False,4.270710678118655
v3_sc0_staging_16,L3,0,18,pose_only,False,0,False,True,False,False,True,4.270710678118655,1.35,0.5830951894845301,True,4.270710678118655
v3_sc0_staging_16,L3,0,18,separate,False,1,False,False,False,False,False,nan,nan,nan,False,4.270710678118655
v3_sc0_staging_16,L3,0,18,joint,False,0,False,True,False,False,True,4.477817459305203,1.5337861650177969,0.5830951894845301,True,4.270710678118655
v3_sc0_staging_16,L3,0,18,oracle,False,0,False,True,False,False,True,4.270710678118655,1.35,0.5830951894845301,True,4.270710678118655
v3_sc0_staging_16,L3,0,19,uncalibrated,False,0,True,True,False,False,True,3.2020815280171306,2.039607805437114,0.2692582403567252,True,3.1606601717798215
v3_sc0_staging_16,L3,0,19,label_cell,False,0,True,False,False,False,False,nan,nan,nan,False,3.1606601717798215
v3_sc0_staging_16,L3,0,19,geometry,False,0,False,False,False,False,False,nan,nan,nan,False,3.1606601717798215
v3_sc0_staging_16,L3,0,19,label_only,False,1,False,False,False,False,False,nan,nan,nan,False,3.1606601717798215
v3_sc0_staging_16,L3,0,19,pose_only,False,0,False,True,False,False,True,3.2020815280171306,2.039607805437114,0.2692582403567252,True,3.1606601717798215
v3_sc0_staging_16,L3,0,19,separate,False,1,False,False,False,False,False,nan,nan,nan,False,3.1606601717798215
v3_sc0_staging_16,L3,0,19,joint,False,0,False,True,False,False,True,3.2020815280171306,2.039607805437114,0.2692582403567252,True,3.1606601717798215
v3_sc0_staging_16,L3,0,19,oracle,False,0,False,True,False,False,True,3.1606601717798215,2.039607805437114,0.20615528128088303,True,3.1606601717798215
v3_sc0_staging_16,L3,1,0,uncalibrated,False,0,True,True,False,False,True,3.45,3.5046397817750115,0.6000000000000001,True,3.45
v3_sc0_staging_16,L3,1,0,label_cell,False,0,True,True,False,False,True,3.45,3.5046397817750115,0.6000000000000001,True,3.45
v3_sc0_staging_16,L3,1,0,geometry,False,0,False,False,False,False,False,nan,nan,nan,False,3.45
v3_sc0_staging_16,L3,1,0,label_only,False,1,False,False,False,False,False,nan,nan,nan,False,3.45
v3_sc0_staging_16,L3,1,0,pose_only,False,0,True,True,False,False,True,3.45,3.5046397817750115,0.6000000000000001,True,3.45
v3_sc0_staging_16,L3,1,0,separate,False,1,False,False,False,False,False,nan,nan,nan,False,3.45
v3_sc0_staging_16,L3,1,0,joint,False,0,False,True,False,False,True,3.45,3.5046397817750115,0.6000000000000001,True,3.45
v3_sc0_staging_16,L3,1,0,oracle,False,0,False,True,False,False,True,3.45,3.5046397817750115,0.6000000000000001,True,3.45
v3_sc0_staging_16,L3,1,1,uncalibrated,False,0,True,True,False,False,True,3.697056274847714,1.2379418403139948,0.5830951894845301,True,3.697056274847714
v3_sc0_staging_16,L3,1,1,label_cell,False,0,True,True,False,False,True,3.697056274847714,1.2379418403139948,0.5830951894845301,True,3.697056274847714
v3_sc0_staging_16,L3,1,1,geometry,False,0,False,False,False,False,False,nan,nan,nan,False,3.697056274847714
v3_sc0_staging_16,L3,1,1,label_only,False,1,False,False,False,False,False,nan,nan,nan,False,3.697056274847714
v3_sc0_staging_16,L3,1,1,pose_only,False,0,True,True,False,False,True,3.697056274847714,1.2379418403139948,0.5830951894845301,True,3.697056274847714
v3_sc0_staging_16,L3,1,1,separate,False,1,False,False,False,False,False,nan,nan,nan,False,3.697056274847714
v3_sc0_staging_16,L3,1,1,joint,False,0,False,True,False,False,True,3.6970562748477143,1.4849242404917498,0.5830951894845301,True,3.697056274847714
v3_sc0_staging_16,L3,1,1,oracle,False,0,False,True,False,False,True,3.697056274847714,1.2379418403139948,0.5830951894845301,True,3.697056274847714
v3_sc0_staging_16,L3,1,2,uncalibrated,False,0,True,False,False,False,False,nan,nan,nan,False,3.4914213562373093
v3_sc0_staging_16,L3,1,2,label_cell,False,0,True,False,False,False,False,nan,nan,nan,False,3.4914213562373093
v3_sc0_staging_16,L3,1,2,geometry,False,0,False,False,False,False,False,nan,nan,nan,False,3.4914213562373093
v3_sc0_staging_16,L3,1,2,label_only,False,1,False,False,False,False,False,nan,nan,nan,False,3.4914213562373093
v3_sc0_staging_16,L3,1,2,pose_only,False,0,True,False,False,False,False,nan,nan,nan,False,3.4914213562373093
v3_sc0_staging_16,L3,1,2,separate,False,1,False,False,False,False,False,nan,nan,nan,False,3.4914213562373093
v3_sc0_staging_16,L3,1,2,joint,False,0,False,False,False,False,False,nan,nan,nan,False,3.4914213562373093
v3_sc0_staging_16,L3,1,2,oracle,False,0,False,True,False,False,True,3.4914213562373093,2.1,0.316227766016838,True,3.4914213562373093
v3_sc0_staging_16,L3,1,3,uncalibrated,False,0,True,True,False,False,True,4.7935028842544405,1.7000000000000002,0.6000000000000001,True,4.7935028842544405
v3_sc0_staging_16,L3,1,3,label_cell,False,0,True,False,False,False,False,nan,nan,nan,False,4.7935028842544405
v3_sc0_staging_16,L3,1,3,geometry,False,0,False,False,False,False,False,nan,nan,nan,False,4.7935028842544405
v3_sc0_staging_16,L3,1,3,label_only,False,1,False,False,False,False,False,nan,nan,nan,False,4.7935028842544405
v3_sc0_staging_16,L3,1,3,pose_only,False,0,True,True,False,False,True,4.7935028842544405,1.7000000000000002,0.6000000000000001,True,4.7935028842544405
v3_sc0_staging_16,L3,1,3,separate,False,1,False,False,False,False,False,nan,nan,nan,False,4.7935028842544405
v3_sc0_staging_16,L3,1,3,joint,False,0,False,True,False,False,True,4.7935028842544405,1.7000000000000002,0.6000000000000001,True,4.7935028842544405
v3_sc0_staging_16,L3,1,3,oracle,False,0,False,True,False,False,True,4.7935028842544405,1.7000000000000002,0.6000000000000001,True,4.7935028842544405
v3_sc0_staging_16,L3,1,4,uncalibrated,False,0,True,True,False,False,True,4.069238815542511,2.198294793698061,0.5024937810560445,True,4.069238815542512
v3_sc0_staging_16,L3,1,4,label_cell,False,0,True,False,False,False,False,nan,nan,nan,False,4.069238815542512
v3_sc0_staging_16,L3,1,4,geometry,False,0,False,False,False,False,False,nan,nan,nan,False,4.069238815542512
v3_sc0_staging_16,L3,1,4,label_only,False,1,False,False,False,False,False,nan,nan,nan,False,4.069238815542512
v3_sc0_staging_16,L3,1,4,pose_only,False,0,True,True,False,False,True,4.069238815542511,2.198294793698061,0.5024937810560445,True,4.069238815542512
v3_sc0_staging_16,L3,1,4,separate,False,1,False,False,False,False,False,nan,nan,nan,False,4.069238815542512
v3_sc0_staging_16,L3,1,4,joint,False,0,False,True,False,False,True,4.069238815542511,2.198294793698061,0.5024937810560445,True,4.069238815542512
v3_sc0_staging_16,L3,1,4,oracle,False,0,False,True,False,False,True,4.069238815542512,2.198294793698061,0.5,True,4.069238815542512
v3_sc0_staging_16,L3,1,5,uncalibrated,False,0,True,True,False,False,True,3.4071067811865476,3.577708763999664,0.223606797749979,True,3.377817459305202
v3_sc0_staging_16,L3,1,5,label_cell,False,0,True,False,False,False,False,nan,nan,nan,False,3.377817459305202
v3_sc0_staging_16,L3,1,5,geometry,False,0,False,False,False,False,False,nan,nan,nan,False,3.377817459305202
v3_sc0_staging_16,L3,1,5,label_only,False,1,False,False,False,False,False,nan,nan,nan,False,3.377817459305202
v3_sc0_staging_16,L3,1,5,pose_only,False,0,True,True,False,False,True,3.4071067811865476,3.577708763999664,0.223606797749979,True,3.377817459305202
v3_sc0_staging_16,L3,1,5,separate,False,1,False,False,False,False,False,nan,nan,nan,False,3.377817459305202
v3_sc0_staging_16,L3,1,5,joint,False,0,False,True,False,False,True,3.4071067811865476,3.577708763999664,0.223606797749979,True,3.377817459305202
v3_sc0_staging_16,L3,1,5,oracle,False,0,False,True,False,False,True,3.377817459305202,3.6003472054789385,0.20615528128088303,True,3.377817459305202
v3_sc0_staging_16,L3,1,6,uncalibrated,False,0,True,True,False,False,True,4.4935028842544416,3.50891721190455,0.25,True,4.464213562373096
v3_sc0_staging_16,L3,1,6,label_cell,False,0,True,False,False,False,False,nan,nan,nan,False,4.464213562373096
v3_sc0_staging_16,L3,1,6,geometry,False,0,False,False,False,False,False,nan,nan,nan,False,4.464213562373096
v3_sc0_staging_16,L3,1,6,label_only,False,1,False,False,False,False,False,nan,nan,nan,False,4.464213562373096
v3_sc0_staging_16,L3,1,6,pose_only,False,0,True,True,False,False,True,4.4935028842544416,3.50891721190455,0.25,True,4.464213562373096
v3_sc0_staging_16,L3,1,6,separate,False,1,False,False,False,False,False,nan,nan,nan,False,4.464213562373096
v3_sc0_staging_16,L3,1,6,joint,False,0,False,True,False,False,True,4.4935028842544416,3.50891721190455,0.25,True,4.464213562373096
v3_sc0_staging_16,L3,1,6,oracle,False,0,False,True,False,False,True,4.464213562373096,3.50891721190455,0.21213203435596426,True,4.464213562373096
v3_sc0_staging_16,L3,1,7,uncalibrated,False,0,True,True,False,False,True,3.031370849898476,2.4545875417267156,0.3905124837953327,True,3.031370849898476
v3_sc0_staging_16,L3,1,7,label_cell,False,0,True,True,False,False,True,3.0313708498984755,2.4545875417267156,0.5408326913195984,True,3.031370849898476
v3_sc0_staging_16,L3,1,7,geometry,False,0,False,True,False,False,True,3.1192388155425115,2.4545875417267156,0.8845903006477066,True,3.031370849898476
v3_sc0_staging_16,L3,1,7,label_only,False,1,False,True,False,False,True,3.1192388155425115,2.4545875417267156,0.8845903006477066,True,3.031370849898476
v3_sc0_staging_16,L3,1,7,pose_only,False,0,True,True,False,False,True,3.031370849898476,2.4545875417267156,0.3905124837953327,True,3.031370849898476
v3_sc0_staging_16,L3,1,7,separate,False,1,False,True,False,False,True,3.1192388155425115,2.4545875417267156,0.8845903006477066,True,3.031370849898476
v3_sc0_staging_16,L3,1,7,joint,False,0,False,True,False,False,True,3.031370849898476,2.4545875417267156,0.3905124837953327,True,3.031370849898476
v3_sc0_staging_16,L3,1,7,oracle,False,0,False,True,False,False,True,3.031370849898476,2.4545875417267156,0.3905124837953327,True,3.031370849898476
v3_sc0_staging_16,L3,1,8,uncalibrated,False,0,True,False,False,False,False,nan,nan,nan,False,nan
v3_sc0_staging_16,L3,1,8,label_cell,False,0,True,False,False,False,False,nan,nan,nan,False,nan
v3_sc0_staging_16,L3,1,8,geometry,False,0,False,False,False,False,False,nan,nan,nan,False,nan
v3_sc0_staging_16,L3,1,8,label_only,False,1,False,False,False,False,False,nan,nan,nan,False,nan
v3_sc0_staging_16,L3,1,8,pose_only,False,0,True,False,False,False,False,nan,nan,nan,False,nan
v3_sc0_staging_16,L3,1,8,separate,False,1,False,False,False,False,False,nan,nan,nan,False,nan
v3_sc0_staging_16,L3,1,8,joint,False,0,False,False,False,False,False,nan,nan,nan,False,nan
v3_sc0_staging_16,L3,1,8,oracle,False,0,False,False,False,False,False,nan,nan,nan,False,nan
v3_sc0_staging_16,L3,1,9,uncalibrated,False,0,True,True,False,False,True,3.0121320343559645,2.0,0.55,True,2.95
v3_sc0_staging_16,L3,1,9,label_cell,False,0,True,False,False,False,False,nan,nan,nan,False,2.95
v3_sc0_staging_16,L3,1,9,geometry,False,0,False,False,False,False,False,nan,nan,nan,False,2.95
v3_sc0_staging_16,L3,1,9,label_only,False,1,False,False,False,False,False,nan,nan,nan,False,2.95
v3_sc0_staging_16,L3,1,9,pose_only,False,0,True,True,False,False,True,3.0121320343559645,2.0,0.55,True,2.95
v3_sc0_staging_16,L3,1,9,separate,False,1,False,False,False,False,False,nan,nan,nan,False,2.95
v3_sc0_staging_16,L3,1,9,joint,False,0,False,True,False,False,True,3.0121320343559645,2.0,0.55,True,2.95
v3_sc0_staging_16,L3,1,9,oracle,False,0,False,True,False,False,True,2.95,2.15,0.4,True,2.95
v3_sc0_staging_16,L3,1,10,uncalibrated,False,0,True,True,False,False,True,2.9000000000000004,1.780449381476486,0.912414379544733,True,2.9000000000000004
v3_sc0_staging_16,L3,1,10,label_cell,False,0,True,True,False,False,True,2.9000000000000004,1.780449381476486,0.912414379544733,True,2.9000000000000004
v3_sc0_staging_16,L3,1,10,geometry,False,0,False,True,False,False,True,2.9414213562373095,1.77341478509682,0.912414379544733,True,2.9000000000000004
v3_sc0_staging_16,L3,1,10,label_only,False,1,False,True,False,False,True,2.9414213562373095,1.77341478509682,0.912414379544733,True,2.9000000000000004
v3_sc0_staging_16,L3,1,10,pose_only,False,0,True,True,False,False,True,2.9000000000000004,1.780449381476486,0.912414379544733,True,2.9000000000000004
v3_sc0_staging_16,L3,1,10,separate,False,1,False,True,False,False,True,2.9414213562373095,1.77341478509682,0.912414379544733,True,2.9000000000000004
v3_sc0_staging_16,L3,1,10,joint,False,0,False,True,False,False,True,2.9000000000000004,1.780449381476486,0.912414379544733,True,2.9000000000000004
v3_sc0_staging_16,L3,1,10,oracle,False,0,False,True,False,False,True,2.9000000000000004,1.780449381476486,0.912414379544733,True,2.9000000000000004
v3_sc0_staging_16,L3,1,11,uncalibrated,False,0,True,True,False,False,True,5.5248737341529175,1.484082207965583,0.25,True,5.5248737341529175
v3_sc0_staging_16,L3,1,11,label_cell,False,0,True,True,False,False,True,5.7591883092036795,1.484082207965583,0.55,True,5.5248737341529175
v3_sc0_staging_16,L3,1,11,geometry,False,0,False,False,False,False,False,nan,nan,nan,False,5.5248737341529175
v3_sc0_staging_16,L3,1,11,label_only,False,1,False,False,False,False,False,nan,nan,nan,False,5.5248737341529175
v3_sc0_staging_16,L3,1,11,pose_only,False,0,True,True,False,False,True,5.5248737341529175,1.484082207965583,0.25,True,5.5248737341529175
v3_sc0_staging_16,L3,1,11,separate,False,1,False,False,False,False,False,nan,nan,nan,False,5.5248737341529175
v3_sc0_staging_16,L3,1,11,joint,False,0,False,True,False,False,True,5.5248737341529175,1.484082207965583,0.25,True,5.5248737341529175
v3_sc0_staging_16,L3,1,11,oracle,False,0,False,True,False,False,True,5.5248737341529175,1.484082207965583,0.25,True,5.5248737341529175
v3_sc0_staging_16,L3,1,12,uncalibrated,False,0,True,True,False,False,True,3.319238815542512,2.375394704043941,0.30000000000000004,True,3.319238815542512
v3_sc0_staging_16,L3,1,12,label_cell,False,0,True,True,False,False,True,3.3192388155425117,2.375394704043941,0.55,True,3.319238815542512
v3_sc0_staging_16,L3,1,12,geometry,False,0,False,False,False,False,False,nan,nan,nan,False,3.319238815542512
v3_sc0_staging_16,L3,1,12,label_only,False,1,False,False,False,False,False,nan,nan,nan,False,3.319238815542512
v3_sc0_staging_16,L3,1,12,pose_only,False,0,True,True,False,False,True,3.319238815542512,2.375394704043941,0.30000000000000004,True,3.319238815542512
v3_sc0_staging_16,L3,1,12,separate,False,1,False,False,False,False,False,nan,nan,nan,False,3.319238815542512
v3_sc0_staging_16,L3,1,12,joint,False,0,False,True,False,False,True,3.319238815542512,2.375394704043941,0.30000000000000004,True,3.319238815542512
v3_sc0_staging_16,L3,1,12,oracle,False,0,False,True,False,False,True,3.319238815542512,2.375394704043941,0.30000000000000004,True,3.319238815542512
v3_sc0_staging_16,L3,1,13,uncalibrated,False,0,True,True,False,False,True,4.466295090390226,2.0155644370746373,0.223606797749979,True,4.4370057685088815
v3_sc0_staging_16,L3,1,13,label_cell,False,0,True,False,False,False,False,nan,nan,nan,False,4.4370057685088815
v3_sc0_staging_16,L3,1,13,geometry,False,0,False,False,False,False,False,nan,nan,nan,False,4.4370057685088815
v3_sc0_staging_16,L3,1,13,label_only,False,1,False,False,False,False,False,nan,nan,nan,False,4.4370057685088815
v3_sc0_staging_16,L3,1,13,pose_only,False,0,True,True,False,False,True,4.466295090390226,2.0155644370746373,0.223606797749979,True,4.4370057685088815
v3_sc0_staging_16,L3,1,13,separate,False,1,False,False,False,False,False,nan,nan,nan,False,4.4370057685088815
v3_sc0_staging_16,L3,1,13,joint,False,0,False,True,False,False,True,4.466295090390226,2.0155644370746373,0.223606797749979,True,4.4370057685088815
v3_sc0_staging_16,L3,1,13,oracle,False,0,False,True,False,False,True,4.4370057685088815,2.0155644370746373,0.21213203435596426,True,4.4370057685088815
v3_sc0_staging_16,L3,1,14,uncalibrated,False,0,True,True,False,False,True,3.474873734152916,1.8828170383762732,0.47434164902525694,True,3.474873734152916
v3_sc0_staging_16,L3,1,14,label_cell,False,0,True,False,False,False,False,nan,nan,nan,False,3.474873734152916
v3_sc0_staging_16,L3,1,14,geometry,False,0,False,False,False,False,False,nan,nan,nan,False,3.474873734152916
v3_sc0_staging_16,L3,1,14,label_only,False,1,False,False,False,False,False,nan,nan,nan,False,3.474873734152916
v3_sc0_staging_16,L3,1,14,pose_only,False,0,True,True,False,False,True,3.474873734152916,1.8828170383762732,0.47434164902525694,True,3.474873734152916
v3_sc0_staging_16,L3,1,14,separate,False,1,False,False,False,False,False,nan,nan,nan,False,3.474873734152916
v3_sc0_staging_16,L3,1,14,joint,False,0,False,True,False,False,True,3.474873734152916,1.8828170383762732,0.47434164902525694,True,3.474873734152916
v3_sc0_staging_16,L3,1,14,oracle,False,0,False,True,False,False,True,3.474873734152916,1.8828170383762732,0.47434164902525694,True,3.474873734152916
v3_sc0_staging_16,L3,1,15,uncalibrated,False,0,True,True,False,False,True,3.8692388155425124,3.288236609491477,0.25,True,3.8692388155425115
v3_sc0_staging_16,L3,1,15,label_cell,False,0,True,True,False,False,True,3.927817459305203,3.288236609491477,0.5099019513592785,True,3.8692388155425115
v3_sc0_staging_16,L3,1,15,geometry,False,0,False,False,False,False,False,nan,nan,nan,False,3.8692388155425115
v3_sc0_staging_16,L3,1,15,label_only,False,1,False,False,False,False,False,nan,nan,nan,False,3.8692388155425115
v3_sc0_staging_16,L3,1,15,pose_only,False,0,True,True,False,False,True,3.8692388155425124,3.288236609491477,0.25,True,3.8692388155425115
v3_sc0_staging_16,L3,1,15,separate,False,1,False,False,False,False,False,nan,nan,nan,False,3.8692388155425115
v3_sc0_staging_16,L3,1,15,joint,False,0,False,True,False,False,True,3.8692388155425124,3.288236609491477,0.25,True,3.8692388155425115
v3_sc0_staging_16,L3,1,15,oracle,False,0,False,True,False,False,True,3.8692388155425115,3.288236609491477,0.21213203435596426,True,3.8692388155425115
v3_sc0_staging_16,L3,1,16,uncalibrated,False,0,True,True,False,False,True,4.112132034355964,1.25,0.8746427842267951,True,4.112132034355964
v3_sc0_staging_16,L3,1,16,label_cell,False,0,True,True,False,False,True,4.112132034355964,1.25,0.8746427842267951,True,4.112132034355964
v3_sc0_staging_16,L3,1,16,geometry,False,0,False,True,False,False,True,4.112132034355964,1.25,0.8746427842267951,True,4.112132034355964
v3_sc0_staging_16,L3,1,16,label_only,False,1,False,True,False,False,True,4.112132034355964,1.25,0.8746427842267951,True,4.112132034355964
v3_sc0_staging_16,L3,1,16,pose_only,False,0,True,True,False,False,True,4.112132034355964,1.25,0.8746427842267951,True,4.112132034355964
v3_sc0_staging_16,L3,1,16,separate,False,1,False,True,False,False,True,4.112132034355964,1.25,0.8746427842267951,True,4.112132034355964
v3_sc0_staging_16,L3,1,16,joint,False,0,False,True,False,False,True,4.112132034355964,1.25,0.8746427842267951,True,4.112132034355964
v3_sc0_staging_16,L3,1,16,oracle,False,0,False,True,False,False,True,4.112132034355964,1.25,0.8746427842267951,True,4.112132034355964
v3_sc0_staging_16,L3,1,17,uncalibrated,False,0,True,True,False,True,True,7.83700576850888,1.1500000000000001,0.05,False,7.778427124746191
v3_sc0_staging_16,L3,1,17,label_cell,False,0,True,False,False,False,False,nan,nan,nan,False,7.778427124746191
v3_sc0_staging_16,L3,1,17,geometry,False,0,False,False,False,False,False,nan,nan,nan,False,7.778427124746191
v3_sc0_staging_16,L3,1,17,label_only,False,1,False,False,False,False,False,nan,nan,nan,False,7.778427124746191
v3_sc0_staging_16,L3,1,17,pose_only,False,0,True,True,False,True,True,7.83700576850888,1.1500000000000001,0.05,False,7.778427124746191
v3_sc0_staging_16,L3,1,17,separate,False,1,False,False,False,False,False,nan,nan,nan,False,7.778427124746191
v3_sc0_staging_16,L3,1,17,joint,False,0,False,True,False,True,True,7.83700576850888,1.5,0.05,False,7.778427124746191
v3_sc0_staging_16,L3,1,17,oracle,False,0,False,True,False,False,True,7.778427124746191,1.25,0.25,True,7.778427124746191
v3_sc0_staging_16,L3,1,18,uncalibrated,False,0,True,False,False,False,False,nan,nan,nan,False,4.312132034355964
v3_sc0_staging_16,L3,1,18,label_cell,False,0,True,False,False,False,False,nan,nan,nan,False,4.312132034355964
v3_sc0_staging_16,L3,1,18,geometry,False,0,False,False,False,False,False,nan,nan,nan,False,4.312132034355964
v3_sc0_staging_16,L3,1,18,label_only,False,1,False,False,False,False,False,nan,nan,nan,False,4.312132034355964
v3_sc0_staging_16,L3,1,18,pose_only,False,0,True,False,False,False,False,nan,nan,nan,False,4.312132034355964
v3_sc0_staging_16,L3,1,18,separate,False,1,False,False,False,False,False,nan,nan,nan,False,4.312132034355964
v3_sc0_staging_16,L3,1,18,joint,False,0,False,False,False,False,False,nan,nan,nan,False,4.312132034355964
v3_sc0_staging_16,L3,1,18,oracle,False,0,False,True,False,False,True,4.312132034355964,1.4000000000000001,0.6363961030678928,True,4.312132034355964
v3_sc0_staging_16,L3,1,19,uncalibrated,False,0,True,True,False,False,True,3.089949493661167,2.0886598574205424,0.20615528128088303,True,3.089949493661167
v3_sc0_staging_16,L3,1,19,label_cell,False,0,True,False,False,False,False,nan,nan,nan,False,3.089949493661167
v3_sc0_staging_16,L3,1,19,geometry,False,0,False,False,False,False,False,nan,nan,nan,False,3.089949493661167
v3_sc0_staging_16,L3,1,19,label_only,False,1,False,False,False,False,False,nan,nan,nan,False,3.089949493661167
v3_sc0_staging_16,L3,1,19,pose_only,False,0,True,True,False,False,True,3.089949493661167,2.0886598574205424,0.20615528128088303,True,3.089949493661167
v3_sc0_staging_16,L3,1,19,separate,False,1,False,False,False,False,False,nan,nan,nan,False,3.089949493661167
v3_sc0_staging_16,L3,1,19,joint,False,0,False,True,False,False,True,3.089949493661167,2.0886598574205424,0.20615528128088303,True,3.089949493661167
v3_sc0_staging_16,L3,1,19,oracle,False,0,False,True,False,False,True,3.089949493661167,2.0886598574205424,0.20615528128088303,True,3.089949493661167
v3_sc0_staging_16,L3,2,0,uncalibrated,False,0,True,True,False,False,True,3.45,3.4525353003264136,0.5656854249492381,True,3.45
v3_sc0_staging_16,L3,2,0,label_cell,False,0,True,True,False,False,True,3.45,3.4525353003264136,0.5656854249492381,True,3.45
v3_sc0_staging_16,L3,2,0,geometry,False,0,False,False,False,False,False,nan,nan,nan,False,3.45
v3_sc0_staging_16,L3,2,0,label_only,False,1,False,False,False,False,False,nan,nan,nan,False,3.45
v3_sc0_staging_16,L3,2,0,pose_only,False,0,True,True,False,False,True,3.45,3.4525353003264136,0.5656854249492381,True,3.45
v3_sc0_staging_16,L3,2,0,separate,False,1,False,False,False,False,False,nan,nan,nan,False,3.45
v3_sc0_staging_16,L3,2,0,joint,False,0,False,True,False,False,True,3.45,3.4525353003264136,0.5656854249492381,True,3.45
v3_sc0_staging_16,L3,2,0,oracle,False,0,False,True,False,False,True,3.45,3.4525353003264136,0.5656854249492381,True,3.45
v3_sc0_staging_16,L3,2,1,uncalibrated,False,0,True,True,False,False,True,3.63492424049175,1.4500000000000002,0.6264982043070835,True,3.63492424049175
v3_sc0_staging_16,L3,2,1,label_cell,False,0,True,True,False,False,True,3.63492424049175,1.4500000000000002,0.6264982043070835,True,3.63492424049175
v3_sc0_staging_16,L3,2,1,geometry,False,0,False,False,False,False,False,nan,nan,nan,False,3.63492424049175
v3_sc0_staging_16,L3,2,1,label_only,False,1,False,False,False,False,False,nan,nan,nan,False,3.63492424049175
v3_sc0_staging_16,L3,2,1,pose_only,False,0,True,True,False,False,True,3.63492424049175,1.4500000000000002,0.6264982043070835,True,3.63492424049175
v3_sc0_staging_16,L3,2,1,separate,False,1,False,False,False,False,False,nan,nan,nan,False,3.63492424049175
v3_sc0_staging_16,L3,2,1,joint,False,0,False,True,False,False,True,3.63492424049175,1.6770509831248424,0.6264982043070835,True,3.63492424049175
v3_sc0_staging_16,L3,2,1,oracle,False,0,False,True,False,False,True,3.63492424049175,1.4500000000000002,0.6264982043070835,True,3.63492424049175
v3_sc0_staging_16,L3,2,2,uncalibrated,False,0,True,True,False,False,True,3.503553390593274,1.9500000000000002,0.316227766016838,True,3.503553390593274
v3_sc0_staging_16,L3,2,2,label_cell,False,0,True,False,False,False,False,nan,nan,nan,False,3.503553390593274
v3_sc0_staging_16,L3,2,2,geometry,False,0,False,False,False,False,False,nan,nan,nan,False,3.503553390593274
v3_sc0_staging_16,L3,2,2,label_only,False,1,False,False,False,False,False,nan,nan,nan,False,3.503553390593274
v3_sc0_staging_16,L3,2,2,pose_only,False,0,True,True,False,False,True,3.503553390593274,1.9500000000000002,0.316227766016838,True,3.503553390593274
v3_sc0_staging_16,L3,2,2,separate,False,1,False,False,False,False,False,nan,nan,nan,False,3.503553390593274
v3_sc0_staging_16,L3,2,2,joint,False,0,False,True,False,False,True,3.503553390593274,1.9500000000000002,0.316227766016838,True,3.503553390593274
v3_sc0_staging_16,L3,2,2,oracle,False,0,False,True,False,False,True,3.503553390593274,1.9500000000000002,0.316227766016838,True,3.503553390593274
v3_sc0_staging_16,L3,2,3,uncalibrated,False,0,True,True,False,False,True,4.781370849898476,1.6552945357246849,0.6000000000000001,True,4.781370849898476
v3_sc0_staging_16,L3,2,3,label_cell,False,0,True,True,False,False,True,4.781370849898476,1.6552945357246849,0.6000000000000001,True,4.781370849898476
v3_sc0_staging_16,L3,2,3,geometry,False,0,False,False,False,False,False,nan,nan,nan,False,4.781370849898476
v3_sc0_staging_16,L3,2,3,label_only,False,1,False,False,False,False,False,nan,nan,nan,False,4.781370849898476
v3_sc0_staging_16,L3,2,3,pose_only,False,0,True,True,False,False,True,4.781370849898476,1.6552945357246849,0.6000000000000001,True,4.781370849898476
v3_sc0_staging_16,L3,2,3,separate,False,1,False,False,False,False,False,nan,nan,nan,False,4.781370849898476
v3_sc0_staging_16,L3,2,3,joint,False,0,False,True,False,False,True,4.781370849898476,1.6552945357246849,0.6000000000000001,True,4.781370849898476
v3_sc0_staging_16,L3,2,3,oracle,False,0,False,True,False,False,True,4.781370849898476,1.6552945357246849,0.6000000000000001,True,4.781370849898476
v3_sc0_staging_16,L3,2,4,uncalibrated,False,0,True,True,False,False,True,4.0571067811865476,2.219234102117215,0.5,True,4.0571067811865476
v3_sc0_staging_16,L3,2,4,label_cell,False,0,True,False,False,False,False,nan,nan,nan,False,4.0571067811865476
v3_sc0_staging_16,L3,2,4,geometry,False,0,False,False,False,False,False,nan,nan,nan,False,4.0571067811865476
v3_sc0_staging_16,L3,2,4,label_only,False,1,False,False,False,False,False,nan,nan,nan,False,4.0571067811865476
v3_sc0_staging_16,L3,2,4,pose_only,False,0,True,True,False,False,True,4.0571067811865476,2.219234102117215,0.5,True,4.0571067811865476
v3_sc0_staging_16,L3,2,4,separate,False,1,False,False,False,False,False,nan,nan,nan,False,4.0571067811865476
v3_sc0_staging_16,L3,2,4,joint,False,0,False,True,False,False,True,4.0571067811865476,2.219234102117215,0.5,True,4.0571067811865476
v3_sc0_staging_16,L3,2,4,oracle,False,0,False,True,False,False,True,4.0571067811865476,2.219234102117215,0.5,True,4.0571067811865476
v3_sc0_staging_16,L3,2,5,uncalibrated,False,0,True,True,False,False,True,3.486396103067893,3.519232870953555,0.30000000000000004,True,3.3692388155425124
v3_sc0_staging_16,L3,2,5,label_cell,False,0,True,False,False,False,False,nan,nan,nan,False,3.3692388155425124
v3_sc0_staging_16,L3,2,5,geometry,False,0,False,False,False,False,False,nan,nan,nan,False,3.3692388155425124
v3_sc0_staging_16,L3,2,5,label_only,False,1,False,False,False,False,False,nan,nan,nan,False,3.3692388155425124
v3_sc0_staging_16,L3,2,5,pose_only,False,0,True,True,False,False,True,3.486396103067893,3.519232870953555,0.30000000000000004,True,3.3692388155425124
v3_sc0_staging_16,L3,2,5,separate,False,1,False,False,False,False,False,nan,nan,nan,False,3.3692388155425124
v3_sc0_staging_16,L3,2,5,joint,False,0,False,True,False,False,True,3.486396103067893,3.519232870953555,0.30000000000000004,True,3.3692388155425124
v3_sc0_staging_16,L3,2,5,oracle,False,0,False,True,False,False,True,3.3692388155425124,3.624913792078372,0.20615528128088303,True,3.3692388155425124
v3_sc0_staging_16,L3,2,6,uncalibrated,False,0,True,True,False,False,True,4.5142135623730955,3.404776057246644,0.3354101966249685,True,4.455634918610406
v3_sc0_staging_16,L3,2,6,label_cell,False,0,True,True,False,False,True,4.7778174593052025,3.3203915431767985,0.5408326913195984,True,4.455634918610406
v3_sc0_staging_16,L3,2,6,geometry,False,0,False,False,False,False,False,nan,nan,nan,False,4.455634918610406
v3_sc0_staging_16,L3,2,6,label_only,False,1,False,False,False,False,False,nan,nan,nan,False,4.455634918610406
v3_sc0_staging_16,L3,2,6,pose_only,False,0,True,True,False,False,True,4.5142135623730955,3.404776057246644,0.3354101966249685,True,4.455634918610406
v3_sc0_staging_16,L3,2,6,separate,False,1,False,False,False,False,False,nan,nan,nan,False,4.455634918610406
v3_sc0_staging_16,L3,2,6,joint,False,0,False,True,False,False,True,4.5142135623730955,3.404776057246644,0.3354101966249685,True,4.455634918610406
v3_sc0_staging_16,L3,2,6,oracle,False,0,False,True,False,False,True,4.455634918610406,3.541539213392957,0.20615528128088303,True,4.455634918610406
v3_sc0_staging_16,L3,2,7,uncalibrated,False,0,True,True,False,False,True,2.969238815542512,2.4413111231467406,0.3535533905932738,True,2.969238815542512
v3_sc0_staging_16,L3,2,7,label_cell,False,0,True,True,False,False,True,2.969238815542512,2.4413111231467406,0.5315072906367325,True,2.969238815542512
v3_sc0_staging_16,L3,2,7,geometry,False,0,False,True,False,False,True,3.0778174593052023,2.470323865407125,0.848528137423857,True,2.969238815542512
v3_sc0_staging_16,L3,2,7,label_only,False,1,False,True,False,False,True,3.0778174593052023,2.470323865407125,0.848528137423857,True,2.969238815542512
v3_sc0_staging_16,L3,2,7,pose_only,False,0,True,True,False,False,True,2.969238815542512,2.4413111231467406,0.3535533905932738,True,2.969238815542512
v3_sc0_staging_16,L3,2,7,separate,False,1,False,True,False,False,True,3.0778174593052023,2.470323865407125,0.848528137423857,True,2.969238815542512
v3_sc0_staging_16,L3,2,7,joint,False,0,False,True,False,False,True,2.969238815542512,2.4413111231467406,0.3535533905932738,True,2.969238815542512
v3_sc0_staging_16,L3,2,7,oracle,False,0,False,True,False,False,True,2.969238815542512,2.4413111231467406,0.3535533905932738,True,2.969238815542512
v3_sc0_staging_16,L3,2,8,uncalibrated,False,0,True,False,False,False,False,nan,nan,nan,False,7.504163056034262
v3_sc0_staging_16,L3,2,8,label_cell,False,0,True,False,False,False,False,nan,nan,nan,False,7.504163056034262
v3_sc0_staging_16,L3,2,8,geometry,False,0,False,False,False,False,False,nan,nan,nan,False,7.504163056034262
v3_sc0_staging_16,L3,2,8,label_only,False,1,False,False,False,False,False,nan,nan,nan,False,7.504163056034262
v3_sc0_staging_16,L3,2,8,pose_only,False,0,True,False,False,False,False,nan,nan,nan,False,7.504163056034262
v3_sc0_staging_16,L3,2,8,separate,False,1,False,False,False,False,False,nan,nan,nan,False,7.504163056034262
v3_sc0_staging_16,L3,2,8,joint,False,0,False,False,False,False,False,nan,nan,nan,False,7.504163056034262
v3_sc0_staging_16,L3,2,8,oracle,False,0,False,True,False,False,True,7.504163056034262,1.05,0.20615528128088303,True,7.504163056034262
v3_sc0_staging_16,L3,2,9,uncalibrated,False,0,True,True,False,False,True,2.970710678118655,2.15,0.45,True,2.95
v3_sc0_staging_16,L3,2,9,label_cell,False,0,True,True,False,False,True,3.0535533905932737,1.9500000000000002,0.55,True,2.95
v3_sc0_staging_16,L3,2,9,geometry,False,0,False,False,False,False,False,nan,nan,nan,False,2.95
v3_sc0_staging_16,L3,2,9,label_only,False,1,False,False,False,False,False,nan,nan,nan,False,2.95
v3_sc0_staging_16,L3,2,9,pose_only,False,0,True,True,False,False,True,2.970710678118655,2.15,0.45,True,2.95
v3_sc0_staging_16,L3,2,9,separate,False,1,False,False,False,False,False,nan,nan,nan,False,2.95
v3_sc0_staging_16,L3,2,9,joint,False,0,False,True,False,False,True,2.970710678118655,2.15,0.45,True,2.95
v3_sc0_staging_16,L3,2,9,oracle,False,0,False,True,False,False,True,2.95,2.1,0.5,True,2.95
v3_sc0_staging_16,L3,2,10,uncalibrated,False,0,True,True,False,False,True,2.9000000000000004,1.8721645226849057,0.9500000000000001,True,2.9000000000000004
v3_sc0_staging_16,L3,2,10,label_cell,False,0,True,True,False,False,True,2.9000000000000004,1.8721645226849057,0.9500000000000001,True,2.9000000000000004
v3_sc0_staging_16,L3,2,10,geometry,False,0,False,True,False,False,True,2.9000000000000004,1.8721645226849057,0.9500000000000001,True,2.9000000000000004
v3_sc0_staging_16,L3,2,10,label_only,False,1,False,True,False,False,True,2.9000000000000004,1.8721645226849057,0.9500000000000001,True,2.9000000000000004
v3_sc0_staging_16,L3,2,10,pose_only,False,0,True,True,False,False,True,2.9000000000000004,1.8721645226849057,0.9500000000000001,True,2.9000000000000004
v3_sc0_staging_16,L3,2,10,separate,False,1,False,True,False,False,True,2.9000000000000004,1.8721645226849057,0.9500000000000001,True,2.9000000000000004
v3_sc0_staging_16,L3,2,10,joint,False,0,False,True,False,False,True,2.9000000000000004,1.8721645226849057,0.9500000000000001,True,2.9000000000000004
v3_sc0_staging_16,L3,2,10,oracle,False,0,False,True,False,False,True,2.9000000000000004,1.8721645226849057,0.9500000000000001,True,2.9000000000000004
v3_sc0_staging_16,L3,2,11,uncalibrated,False,0,True,True,False,False,True,5.492031021678298,1.4577379737113252,0.25,True,5.492031021678298
v3_sc0_staging_16,L3,2,11,label_cell,False,0,True,True,False,False,True,5.697056274847715,1.5074813431681335,0.5099019513592785,True,5.492031021678298
v3_sc0_staging_16,L3,2,11,geometry,False,0,False,False,False,False,False,nan,nan,nan,False,5.492031021678298
v3_sc0_staging_16,L3,2,11,label_only,False,1,False,False,False,False,False,nan,nan,nan,False,5.492031021678298
v3_sc0_staging_16,L3,2,11,pose_only,False,0,True,True,False,False,True,5.492031021678298,1.4577379737113252,0.25,True,5.492031021678298
v3_sc0_staging_16,L3,2,11,separate,False,1,False,False,False,False,False,nan,nan,nan,False,5.492031021678298
v3_sc0_staging_16,L3,2,11,joint,False,0,False,False,False,False,False,nan,nan,nan,False,5.492031021678298
v3_sc0_staging_16,L3,2,11,oracle,False,0,False,True,False,False,True,5.492031021678298,1.4577379737113252,0.25,True,5.492031021678298
v3_sc0_staging_16,L3,2,12,uncalibrated,False,0,True,True,False,False,True,3.331370849898476,2.3706539182259396,0.35000000000000003,True,3.331370849898476
v3_sc0_staging_16,L3,2,12,label_cell,False,0,True,True,False,False,True,3.3899494936611663,2.23606797749979,0.5147815070493501,True,3.331370849898476
v3_sc0_staging_16,L3,2,12,geometry,False,0,False,False,False,False,False,nan,nan,nan,False,3.331370849898476
v3_sc0_staging_16,L3,2,12,label_only,False,1,False,False,False,False,False,nan,nan,nan,False,3.331370849898476
v3_sc0_staging_16,L3,2,12,pose_only,False,0,True,True,False,False,True,3.331370849898476,2.3706539182259396,0.35000000000000003,True,3.331370849898476
v3_sc0_staging_16,L3,2,12,separate,False,1,False,False,False,False,False,nan,nan,nan,False,3.331370849898476
v3_sc0_staging_16,L3,2,12,joint,False,0,False,True,False,False,True,3.331370849898476,2.3706539182259396,0.35000000000000003,True,3.331370849898476
v3_sc0_staging_16,L3,2,12,oracle,False,0,False,True,False,False,True,3.331370849898476,2.3706539182259396,0.35000000000000003,True,3.331370849898476
v3_sc0_staging_16,L3,2,13,uncalibrated,False,0,True,True,False,False,True,4.454163056034261,1.983053201505194,0.21213203435596426,True,4.454163056034261
v3_sc0_staging_16,L3,2,13,label_cell,False,0,True,False,False,False,False,nan,nan,nan,False,4.454163056034261
v3_sc0_staging_16,L3,2,13,geometry,False,0,False,False,False,False,False,nan,nan,nan,False,4.454163056034261
v3_sc0_staging_16,L3,2,13,label_only,False,1,False,False,False,False,False,nan,nan,nan,False,4.454163056034261
v3_sc0_staging_16,L3,2,13,pose_only,False,0,True,True,False,False,True,4.454163056034261,1.983053201505194,0.21213203435596426,True,4.454163056034261
v3_sc0_staging_16,L3,2,13,separate,False,1,False,False,False,False,False,nan,nan,nan,False,4.454163056034261
v3_sc0_staging_16,L3,2,13,joint,False,0,False,True,False,False,True,4.454163056034261,1.983053201505194,0.21213203435596426,True,4.454163056034261
v3_sc0_staging_16,L3,2,13,oracle,False,0,False,True,False,False,True,4.454163056034261,1.983053201505194,0.21213203435596426,True,4.454163056034261
v3_sc0_staging_16,L3,2,14,uncalibrated,False,0,True,True,False,False,True,3.4627416997969522,1.9811612756158952,0.49244289008980524,True,3.4627416997969522
v3_sc0_staging_16,L3,2,14,label_cell,False,0,True,False,False,False,False,nan,nan,nan,False,3.4627416997969522
v3_sc0_staging_16,L3,2,14,geometry,False,0,False,False,False,False,False,nan,nan,nan,False,3.4627416997969522
v3_sc0_staging_16,L3,2,14,label_only,False,1,False,False,False,False,False,nan,nan,nan,False,3.4627416997969522
v3_sc0_staging_16,L3,2,14,pose_only,False,0,True,True,False,False,True,3.4627416997969522,1.9811612756158952,0.49244289008980524,True,3.4627416997969522
v3_sc0_staging_16,L3,2,14,separate,False,1,False,False,False,False,False,nan,nan,nan,False,3.4627416997969522
v3_sc0_staging_16,L3,2,14,joint,False,0,False,True,False,False,True,3.4627416997969522,1.9811612756158952,0.49244289008980524,True,3.4627416997969522
v3_sc0_staging_16,L3,2,14,oracle,False,0,False,True,False,False,True,3.4627416997969522,1.9811612756158952,0.49244289008980524,True,3.4627416997969522
v3_sc0_staging_16,L3,2,15,uncalibrated,False,0,True,True,False,False,True,3.9313708498984767,3.242298567374695,0.35000000000000003,True,3.9313708498984767
v3_sc0_staging_16,L3,2,15,label_cell,False,0,True,True,False,False,True,4.048528137423857,3.242298567374695,0.6000000000000001,True,3.9313708498984767
v3_sc0_staging_16,L3,2,15,geometry,False,0,False,False,False,False,False,nan,nan,nan,False,3.9313708498984767
v3_sc0_staging_16,L3,2,15,label_only,False,1,False,False,False,False,False,nan,nan,nan,False,3.9313708498984767
v3_sc0_staging_16,L3,2,15,pose_only,False,0,True,True,False,False,True,3.9313708498984767,3.242298567374695,0.35000000000000003,True,3.9313708498984767
v3_sc0_staging_16,L3,2,15,separate,False,1,False,False,False,False,False,nan,nan,nan,False,3.9313708498984767
v3_sc0_staging_16,L3,2,15,joint,False,0,False,True,False,False,True,3.9313708498984767,3.242298567374695,0.35000000000000003,True,3.9313708498984767
v3_sc0_staging_16,L3,2,15,oracle,False,0,False,True,False,False,True,3.9313708498984767,3.242298567374695,0.20615528128088303,True,3.9313708498984767
v3_sc0_staging_16,L3,2,16,uncalibrated,False,0,True,True,False,False,True,4.070710678118655,1.4000000000000001,0.9300537618869138,True,4.05
v3_sc0_staging_16,L3,2,16,label_cell,False,0,True,True,False,False,True,4.070710678118655,1.4000000000000001,0.9300537618869138,True,4.05
v3_sc0_staging_16,L3,2,16,geometry,False,0,False,True,False,False,True,4.070710678118655,1.4000000000000001,0.9300537618869138,True,4.05
v3_sc0_staging_16,L3,2,16,label_only,False,1,False,True,False,False,True,4.070710678118655,1.4000000000000001,0.9300537618869138,True,4.05
v3_sc0_staging_16,L3,2,16,pose_only,False,0,True,True,False,False,True,4.070710678118655,1.4000000000000001,0.9300537618869138,True,4.05
v3_sc0_staging_16,L3,2,16,separate,False,1,False,True,False,False,True,4.070710678118655,1.4000000000000001,0.9300537618869138,True,4.05
v3_sc0_staging_16,L3,2,16,joint,False,0,False,True,False,False,True,4.153553390593274,1.6500000000000001,0.9,True,4.05
v3_sc0_staging_16,L3,2,16,oracle,False,0,False,True,False,False,True,4.05,1.4000000000000001,0.9013878188659974,True,4.05
v3_sc0_staging_16,L3,2,17,uncalibrated,False,0,True,True,False,True,True,7.774873734152917,0.8500000000000001,0.14142135623730953,False,7.774873734152917
v3_sc0_staging_16,L3,2,17,label_cell,False,0,True,False,False,False,False,nan,nan,nan,False,7.774873734152917
v3_sc0_staging_16,L3,2,17,geometry,False,0,False,False,False,False,False,nan,nan,nan,False,7.774873734152917
v3_sc0_staging_16,L3,2,17,label_only,False,1,False,False,False,False,False,nan,nan,nan,False,7.774873734152917
v3_sc0_staging_16,L3,2,17,pose_only,False,0,True,True,False,True,True,7.774873734152917,0.8500000000000001,0.14142135623730953,False,7.774873734152917
v3_sc0_staging_16,L3,2,17,separate,False,1,False,False,False,False,False,nan,nan,nan,False,7.774873734152917
v3_sc0_staging_16,L3,2,17,joint,False,0,False,True,False,False,True,7.774873734152917,1.7000000000000002,0.32015621187164245,True,7.774873734152917
v3_sc0_staging_16,L3,2,17,oracle,False,0,False,True,False,False,True,7.774873734152917,0.8500000000000001,0.28284271247461906,True,7.774873734152917
v3_sc0_staging_16,L3,2,18,uncalibrated,False,0,True,True,False,False,True,4.25,1.35,0.6363961030678928,True,4.25
v3_sc0_staging_16,L3,2,18,label_cell,False,0,True,True,False,False,True,4.25,1.35,0.6363961030678928,True,4.25
v3_sc0_staging_16,L3,2,18,geometry,False,0,False,False,False,False,False,nan,nan,nan,False,4.25
v3_sc0_staging_16,L3,2,18,label_only,False,1,False,False,False,False,False,nan,nan,nan,False,4.25
v3_sc0_staging_16,L3,2,18,pose_only,False,0,True,True,False,False,True,4.25,1.35,0.6363961030678928,True,4.25
v3_sc0_staging_16,L3,2,18,separate,False,1,False,False,False,False,False,nan,nan,nan,False,4.25
v3_sc0_staging_16,L3,2,18,joint,False,0,False,True,False,False,True,4.477817459305203,1.6194134740701647,0.6363961030678928,True,4.25
v3_sc0_staging_16,L3,2,18,oracle,False,0,False,True,False,False,True,4.25,1.35,0.6363961030678928,True,4.25
v3_sc0_staging_16,L3,2,19,uncalibrated,False,0,True,True,False,False,True,3.2227922061357854,2.0615528128088303,0.2692582403567252,True,3.1813708498984763
v3_sc0_staging_16,L3,2,19,label_cell,False,0,True,False,False,False,False,nan,nan,nan,False,3.1813708498984763
v3_sc0_staging_16,L3,2,19,geometry,False,0,False,False,False,False,False,nan,nan,nan,False,3.1813708498984763
v3_sc0_staging_16,L3,2,19,label_only,False,1,False,False,False,False,False,nan,nan,nan,False,3.1813708498984763
v3_sc0_staging_16,L3,2,19,pose_only,False,0,True,True,False,False,True,3.2227922061357854,2.0615528128088303,0.2692582403567252,True,3.1813708498984763
v3_sc0_staging_16,L3,2,19,separate,False,1,False,False,False,False,False,nan,nan,nan,False,3.1813708498984763
v3_sc0_staging_16,L3,2,19,joint,False,0,False,True,False,False,True,3.2227922061357854,2.0615528128088303,0.2692582403567252,True,3.1813708498984763
v3_sc0_staging_16,L3,2,19,oracle,False,0,False,True,False,False,True,3.1813708498984763,2.0615528128088303,0.20615528128088303,True,3.1813708498984763
v3_sc0_staging_16,L3,3,0,uncalibrated,False,0,True,True,False,False,True,3.45,3.4820970692960302,0.55,True,3.45
v3_sc0_staging_16,L3,3,0,label_cell,False,0,True,True,False,False,True,3.4914213562373093,3.4561539317570915,0.65,True,3.45
v3_sc0_staging_16,L3,3,0,geometry,False,0,False,False,False,False,False,nan,nan,nan,False,3.45
v3_sc0_staging_16,L3,3,0,label_only,False,1,False,False,False,False,False,nan,nan,nan,False,3.45
v3_sc0_staging_16,L3,3,0,pose_only,False,0,True,True,False,False,True,3.45,3.4820970692960302,0.55,True,3.45
v3_sc0_staging_16,L3,3,0,separate,False,1,False,False,False,False,False,nan,nan,nan,False,3.45
v3_sc0_staging_16,L3,3,0,joint,False,0,False,True,False,False,True,3.45,3.4820970692960302,0.55,True,3.45
v3_sc0_staging_16,L3,3,0,oracle,False,0,False,True,False,False,True,3.45,3.4820970692960302,0.55,True,3.45
v3_sc0_staging_16,L3,3,1,uncalibrated,False,0,True,True,False,False,True,3.6677669529663683,1.2727922061357857,0.5830951894845301,True,3.6677669529663683
v3_sc0_staging_16,L3,3,1,label_cell,False,0,True,True,False,False,True,3.6677669529663683,1.2727922061357857,0.5830951894845301,True,3.6677669529663683
v3_sc0_staging_16,L3,3,1,geometry,False,0,False,False,False,False,False,nan,nan,nan,False,3.6677669529663683
v3_sc0_staging_16,L3,3,1,label_only,False,1,False,False,False,False,False,nan,nan,nan,False,3.6677669529663683
v3_sc0_staging_16,L3,3,1,pose_only,False,0,True,True,False,False,True,3.6677669529663683,1.2727922061357857,0.5830951894845301,True,3.6677669529663683
v3_sc0_staging_16,L3,3,1,separate,False,1,False,False,False,False,False,nan,nan,nan,False,3.6677669529663683
v3_sc0_staging_16,L3,3,1,joint,False,0,False,True,False,False,True,3.6677669529663675,1.520690632574555,0.5830951894845301,True,3.6677669529663683
v3_sc0_staging_16,L3,3,1,oracle,False,0,False,True,False,False,True,3.6677669529663683,1.2727922061357857,0.5830951894845301,True,3.6677669529663683
v3_sc0_staging_16,L3,3,2,uncalibrated,False,0,True,False,False,False,False,nan,nan,nan,False,3.4207106781186547
v3_sc0_staging_16,L3,3,2,label_cell,False,0,True,False,False,False,False,nan,nan,nan,False,3.4207106781186547
v3_sc0_staging_16,L3,3,2,geometry,False,0,False,False,False,False,False,nan,nan,nan,False,3.4207106781186547
v3_sc0_staging_16,L3,3,2,label_only,False,1,False,False,False,False,False,nan,nan,nan,False,3.4207106781186547
v3_sc0_staging_16,L3,3,2,pose_only,False,0,True,False,False,False,False,nan,nan,nan,False,3.4207106781186547
v3_sc0_staging_16,L3,3,2,separate,False,1,False,False,False,False,False,nan,nan,nan,False,3.4207106781186547
v3_sc0_staging_16,L3,3,2,joint,False,0,False,False,False,False,False,nan,nan,nan,False,3.4207106781186547
v3_sc0_staging_16,L3,3,2,oracle,False,0,False,True,False,False,True,3.4207106781186547,2.0500000000000003,0.3354101966249685,True,3.4207106781186547
v3_sc0_staging_16,L3,3,3,uncalibrated,False,0,True,True,False,False,True,4.834924240491751,1.7000000000000002,0.6000000000000001,True,4.834924240491751
v3_sc0_staging_16,L3,3,3,label_cell,False,0,True,False,False,False,False,nan,nan,nan,False,4.834924240491751
v3_sc0_staging_16,L3,3,3,geometry,False,0,False,False,False,False,False,nan,nan,nan,False,4.834924240491751
v3_sc0_staging_16,L3,3,3,label_only,False,1,False,False,False,False,False,nan,nan,nan,False,4.834924240491751
v3_sc0_staging_16,L3,3,3,pose_only,False,0,True,True,False,False,True,4.834924240491751,1.7000000000000002,0.6000000000000001,True,4.834924240491751
v3_sc0_staging_16,L3,3,3,separate,False,1,False,False,False,False,False,nan,nan,nan,False,4.834924240491751
v3_sc0_staging_16,L3,3,3,joint,False,0,False,True,False,False,True,4.834924240491751,1.7000000000000002,0.6000000000000001,True,4.834924240491751
v3_sc0_staging_16,L3,3,3,oracle,False,0,False,True,False,False,True,4.834924240491751,1.7000000000000002,0.6000000000000001,True,4.834924240491751
v3_sc0_staging_16,L3,3,4,uncalibrated,False,0,True,True,False,False,True,4.139949493661167,2.198294793698061,0.5,True,4.139949493661167
v3_sc0_staging_16,L3,3,4,label_cell,False,0,True,False,False,False,False,nan,nan,nan,False,4.139949493661167
v3_sc0_staging_16,L3,3,4,geometry,False,0,False,False,False,False,False,nan,nan,nan,False,4.139949493661167
v3_sc0_staging_16,L3,3,4,label_only,False,1,False,False,False,False,False,nan,nan,nan,False,4.139949493661167
v3_sc0_staging_16,L3,3,4,pose_only,False,0,True,True,False,False,True,4.139949493661167,2.198294793698061,0.5,True,4.139949493661167
v3_sc0_staging_16,L3,3,4,separate,False,1,False,False,False,False,False,nan,nan,nan,False,4.139949493661167
v3_sc0_staging_16,L3,3,4,joint,False,0,False,True,False,False,True,4.139949493661167,2.198294793698061,0.5,True,4.139949493661167
v3_sc0_staging_16,L3,3,4,oracle,False,0,False,True,False,False,True,4.139949493661167,2.198294793698061,0.5,True,4.139949493661167
v3_sc0_staging_16,L3,3,5,uncalibrated,False,0,True,True,False,False,True,3.5156854249492384,3.4659053651246747,0.30000000000000004,True,3.377817459305202
v3_sc0_staging_16,L3,3,5,label_cell,False,0,True,False,False,False,False,nan,nan,nan,False,3.377817459305202
v3_sc0_staging_16,L3,3,5,geometry,False,0,False,False,False,False,False,nan,nan,nan,False,3.377817459305202
v3_sc0_staging_16,L3,3,5,label_only,False,1,False,False,False,False,False,nan,nan,nan,False,3.377817459305202
v3_sc0_staging_16,L3,3,5,pose_only,False,0,True,True,False,False,True,3.5156854249492384,3.4659053651246747,0.30000000000000004,True,3.377817459305202
v3_sc0_staging_16,L3,3,5,separate,False,1,False,False,False,False,False,nan,nan,nan,False,3.377817459305202
v3_sc0_staging_16,L3,3,5,joint,False,0,False,True,False,False,True,3.5156854249492384,3.4659053651246747,0.30000000000000004,True,3.377817459305202
v3_sc0_staging_16,L3,3,5,oracle,False,0,False,True,False,False,True,3.377817459305202,3.5794552658190883,0.20615528128088303,True,3.377817459305202
v3_sc0_staging_16,L3,3,6,uncalibrated,False,0,True,True,False,False,True,4.481370849898476,3.3977934016064015,0.35000000000000003,True,4.422792206135787
v3_sc0_staging_16,L3,3,6,label_cell,False,0,True,False,False,False,False,nan,nan,nan,False,4.422792206135787
v3_sc0_staging_16,L3,3,6,geometry,False,0,False,False,False,False,False,nan,nan,nan,False,4.422792206135787
v3_sc0_staging_16,L3,3,6,label_only,False,1,False,False,False,False,False,nan,nan,nan,False,4.422792206135787
v3_sc0_staging_16,L3,3,6,pose_only,False,0,True,True,False,False,True,4.481370849898476,3.3977934016064015,0.35000000000000003,True,4.422792206135787
v3_sc0_staging_16,L3,3,6,separate,False,1,False,False,False,False,False,nan,nan,nan,False,4.422792206135787
v3_sc0_staging_16,L3,3,6,joint,False,0,False,True,False,False,True,4.481370849898476,3.3977934016064015,0.35000000000000003,True,4.422792206135787
v3_sc0_staging_16,L3,3,6,oracle,False,0,False,True,False,False,True,4.422792206135787,3.4669871646719432,0.25,True,4.422792206135787
v3_sc0_staging_16,L3,3,7,uncalibrated,False,0,True,True,False,False,True,2.9813708498984757,2.4698178070456938,0.3905124837953327,True,2.9813708498984757
v3_sc0_staging_16,L3,3,7,label_cell,False,0,True,True,False,False,True,2.9813708498984752,2.4698178070456938,0.5408326913195984,True,2.9813708498984757
v3_sc0_staging_16,L3,3,7,geometry,False,0,False,True,False,False,True,3.0692388155425117,2.4698178070456938,0.8845903006477066,True,2.9813708498984757
v3_sc0_staging_16,L3,3,7,label_only,False,1,False,True,False,False,True,3.0692388155425117,2.4698178070456938,0.8845903006477066,True,2.9813708498984757
v3_sc0_staging_16,L3,3,7,pose_only,False,0,True,True,False,False,True,2.9813708498984757,2.4698178070456938,0.3905124837953327,True,2.9813708498984757
v3_sc0_staging_16,L3,3,7,separate,False,1,False,True,False,False,True,3.0692388155425117,2.4698178070456938,0.8845903006477066,True,2.9813708498984757
v3_sc0_staging_16,L3,3,7,joint,False,0,False,True,False,False,True,2.9813708498984757,2.4698178070456938,0.3905124837953327,True,2.9813708498984757
v3_sc0_staging_16,L3,3,7,oracle,False,0,False,True,False,False,True,2.9813708498984757,2.4698178070456938,0.3905124837953327,True,2.9813708498984757
v3_sc0_staging_16,L3,3,8,uncalibrated,False,0,True,False,False,False,False,nan,nan,nan,False,7.599137802864845
v3_sc0_staging_16,L3,3,8,label_cell,False,0,True,False,False,False,False,nan,nan,nan,False,7.599137802864845
v3_sc0_staging_16,L3,3,8,geometry,False,0,False,False,False,False,False,nan,nan,nan,False,7.599137802864845
v3_sc0_staging_16,L3,3,8,label_only,False,1,False,False,False,False,False,nan,nan,nan,False,7.599137802864845
v3_sc0_staging_16,L3,3,8,pose_only,False,0,True,False,False,False,False,nan,nan,nan,False,7.599137802864845
v3_sc0_staging_16,L3,3,8,separate,False,1,False,False,False,False,False,nan,nan,nan,False,7.599137802864845
v3_sc0_staging_16,L3,3,8,joint,False,0,False,False,False,False,False,nan,nan,nan,False,7.599137802864845
v3_sc0_staging_16,L3,3,8,oracle,False,0,False,True,False,False,True,7.599137802864845,0.9500000000000001,0.21213203435596426,True,7.599137802864845
v3_sc0_staging_16,L3,3,9,uncalibrated,False,0,True,True,False,False,True,3.0121320343559645,2.1,0.45,True,2.95
v3_sc0_staging_16,L3,3,9,label_cell,False,0,True,False,False,False,False,nan,nan,nan,False,2.95
v3_sc0_staging_16,L3,3,9,geometry,False,0,False,False,False,False,False,nan,nan,nan,False,2.95
v3_sc0_staging_16,L3,3,9,label_only,False,1,False,False,False,False,False,nan,nan,nan,False,2.95
v3_sc0_staging_16,L3,3,9,pose_only,False,0,True,True,False,False,True,3.0121320343559645,2.1,0.45,True,2.95
v3_sc0_staging_16,L3,3,9,separate,False,1,False,False,False,False,False,nan,nan,nan,False,2.95
v3_sc0_staging_16,L3,3,9,joint,False,0,False,True,False,False,True,3.0121320343559645,2.1,0.45,True,2.95
v3_sc0_staging_16,L3,3,9,oracle,False,0,False,True,False,False,True,2.95,2.15,0.4,True,2.95
v3_sc0_staging_16,L3,3,10,uncalibrated,False,0,True,True,False,False,True,2.9414213562373095,1.8034688796871432,0.9500000000000001,True,2.9414213562373095
v3_sc0_staging_16,L3,3,10,label_cell,False,0,True,True,False,False,True,2.9414213562373095,1.8034688796871432,0.9500000000000001,True,2.9414213562373095
v3_sc0_staging_16,L3,3,10,geometry,False,0,False,True,False,False,True,2.9414213562373095,1.8034688796871432,0.9500000000000001,True,2.9414213562373095
v3_sc0_staging_16,L3,3,10,label_only,False,1,False,True,False,False,True,2.9414213562373095,1.8034688796871432,0.9500000000000001,True,2.9414213562373095
v3_sc0_staging_16,L3,3,10,pose_only,False,0,True,True,False,False,True,2.9414213562373095,1.8034688796871432,0.9500000000000001,True,2.9414213562373095
v3_sc0_staging_16,L3,3,10,separate,False,1,False,True,False,False,True,2.9414213562373095,1.8034688796871432,0.9500000000000001,True,2.9414213562373095
v3_sc0_staging_16,L3,3,10,joint,False,0,False,True,False,False,True,2.9414213562373095,1.8034688796871432,0.9500000000000001,True,2.9414213562373095
v3_sc0_staging_16,L3,3,10,oracle,False,0,False,True,False,False,True,2.9414213562373095,1.8034688796871432,0.9500000000000001,True,2.9414213562373095
v3_sc0_staging_16,L3,3,11,uncalibrated,False,0,True,True,False,False,True,5.545584412271572,1.5116216457830975,0.28284271247461906,True,5.516295090390226
v3_sc0_staging_16,L3,3,11,label_cell,False,0,True,True,False,False,True,5.779898987322333,1.5116216457830975,0.5656854249492381,True,5.516295090390226
v3_sc0_staging_16,L3,3,11,geometry,False,0,False,False,False,False,False,nan,nan,nan,False,5.516295090390226
v3_sc0_staging_16,L3,3,11,label_only,False,1,False,False,False,False,False,nan,nan,nan,False,5.516295090390226
v3_sc0_staging_16,L3,3,11,pose_only,False,0,True,True,False,False,True,5.545584412271572,1.5116216457830975,0.28284271247461906,True,5.516295090390226
v3_sc0_staging_16,L3,3,11,separate,False,1,False,False,False,False,False,nan,nan,nan,False,5.516295090390226
v3_sc0_staging_16,L3,3,11,joint,False,0,False,True,False,False,True,5.545584412271572,1.5116216457830975,0.28284271247461906,True,5.516295090390226
v3_sc0_staging_16,L3,3,11,oracle,False,0,False,True,False,False,True,5.516295090390226,1.5116216457830975,0.21213203435596426,True,5.516295090390226
v3_sc0_staging_16,L3,3,12,uncalibrated,False,0,True,True,False,False,True,3.248528137423857,2.375394704043941,0.30000000000000004,True,3.248528137423857
v3_sc0_staging_16,L3,3,12,label_cell,False,0,True,True,False,False,True,3.289949493661166,2.375394704043941,0.55,True,3.248528137423857
v3_sc0_staging_16,L3,3,12,geometry,False,0,False,False,False,False,False,nan,nan,nan,False,3.248528137423857
v3_sc0_staging_16,L3,3,12,label_only,False,1,False,False,False,False,False,nan,nan,nan,False,3.248528137423857
v3_sc0_staging_16,L3,3,12,pose_only,False,0,True,True,False,False,True,3.248528137423857,2.375394704043941,0.30000000000000004,True,3.248528137423857
v3_sc0_staging_16,L3,3,12,separate,False,1,False,False,False,False,False,nan,nan,nan,False,3.248528137423857
v3_sc0_staging_16,L3,3,12,joint,False,0,False,True,False,False,True,3.248528137423857,2.375394704043941,0.30000000000000004,True,3.248528137423857
v3_sc0_staging_16,L3,3,12,oracle,False,0,False,True,False,False,True,3.248528137423857,2.375394704043941,0.30000000000000004,True,3.248528137423857
v3_sc0_staging_16,L3,3,13,uncalibrated,False,0,True,True,False,False,True,4.487005768508881,1.9798989873223332,0.25,True,4.457716446627535
v3_sc0_staging_16,L3,3,13,label_cell,False,0,True,False,False,False,False,nan,nan,nan,False,4.457716446627535
v3_sc0_staging_16,L3,3,13,geometry,False,0,False,False,False,False,False,nan,nan,nan,False,4.457716446627535
v3_sc0_staging_16,L3,3,13,label_only,False,1,False,False,False,False,False,nan,nan,nan,False,4.457716446627535
v3_sc0_staging_16,L3,3,13,pose_only,False,0,True,True,False,False,True,4.487005768508881,1.9798989873223332,0.25,True,4.457716446627535
v3_sc0_staging_16,L3,3,13,separate,False,1,False,False,False,False,False,nan,nan,nan,False,4.457716446627535
v3_sc0_staging_16,L3,3,13,joint,False,0,False,True,False,False,True,4.487005768508881,1.9798989873223332,0.25,True,4.457716446627535
v3_sc0_staging_16,L3,3,13,oracle,False,0,False,True,False,False,True,4.457716446627535,1.9798989873223332,0.21213203435596426,True,4.457716446627535
v3_sc0_staging_16,L3,3,14,uncalibrated,False,0,True,True,False,False,True,3.5248737341529166,1.8200274723201297,0.47434164902525694,True,3.4955844122715707
v3_sc0_staging_16,L3,3,14,label_cell,False,0,True,False,False,False,False,nan,nan,nan,False,3.4955844122715707
v3_sc0_staging_16,L3,3,14,geometry,False,0,False,False,False,False,False,nan,nan,nan,False,3.4955844122715707
v3_sc0_staging_16,L3,3,14,label_only,False,1,False,False,False,False,False,nan,nan,nan,False,3.4955844122715707
v3_sc0_staging_16,L3,3,14,pose_only,False,0,True,True,False,False,True,3.5248737341529166,1.8200274723201297,0.47434164902525694,True,3.4955844122715707
v3_sc0_staging_16,L3,3,14,separate,False,1,False,False,False,False,False,nan,nan,nan,False,3.4955844122715707
v3_sc0_staging_16,L3,3,14,joint,False,0,False,True,False,False,True,3.5248737341529166,1.8200274723201297,0.47434164902525694,True,3.4955844122715707
v3_sc0_staging_16,L3,3,14,oracle,False,0,False,True,False,False,True,3.4955844122715707,1.8439088914585775,0.4609772228646444,True,3.4955844122715707
v3_sc0_staging_16,L3,3,15,uncalibrated,False,0,True,True,False,False,True,3.8278174593052032,3.2442256395016673,0.304138126514911,True,3.8278174593052032
v3_sc0_staging_16,L3,3,15,label_cell,False,0,True,True,False,False,True,4.007106781186548,3.2310988842807022,0.6000000000000001,True,3.8278174593052032
v3_sc0_staging_16,L3,3,15,geometry,False,0,False,False,False,False,False,nan,nan,nan,False,3.8278174593052032
v3_sc0_staging_16,L3,3,15,label_only,False,1,False,False,False,False,False,nan,nan,nan,False,3.8278174593052032
v3_sc0_staging_16,L3,3,15,pose_only,False,0,True,True,False,False,True,3.8278174593052032,3.2442256395016673,0.304138126514911,True,3.8278174593052032
v3_sc0_staging_16,L3,3,15,separate,False,1,False,False,False,False,False,nan,nan,nan,False,3.8278174593052032
v3_sc0_staging_16,L3,3,15,joint,False,0,False,True,False,False,True,3.8278174593052032,3.2442256395016673,0.304138126514911,True,3.8278174593052032
v3_sc0_staging_16,L3,3,15,oracle,False,0,False,True,False,False,True,3.8278174593052032,3.2442256395016673,0.20615528128088303,True,3.8278174593052032
v3_sc0_staging_16,L3,3,16,uncalibrated,False,0,True,True,False,False,True,4.132842712474619,1.2000000000000002,0.9178779875342911,True,4.132842712474619
v3_sc0_staging_16,L3,3,16,label_cell,False,0,True,True,False,False,True,4.132842712474619,1.2000000000000002,0.9178779875342911,True,4.132842712474619
v3_sc0_staging_16,L3,3,16,geometry,False,0,False,True,False,False,True,4.132842712474619,1.2000000000000002,0.9178779875342911,True,4.132842712474619
v3_sc0_staging_16,L3,3,16,label_only,False,1,False,True,False,False,True,4.132842712474619,1.2000000000000002,0.9178779875342911,True,4.132842712474619
v3_sc0_staging_16,L3,3,16,pose_only,False,0,True,True,False,False,True,4.132842712474619,1.2000000000000002,0.9178779875342911,True,4.132842712474619
v3_sc0_staging_16,L3,3,16,separate,False,1,False,True,False,False,True,4.132842712474619,1.2000000000000002,0.9178779875342911,True,4.132842712474619
v3_sc0_staging_16,L3,3,16,joint,False,0,False,True,False,False,True,4.132842712474619,1.3,0.9178779875342911,True,4.132842712474619
v3_sc0_staging_16,L3,3,16,oracle,False,0,False,True,False,False,True,4.132842712474619,1.2000000000000002,0.9178779875342911,True,4.132842712474619
v3_sc0_staging_16,L3,3,17,uncalibrated,False,0,True,True,False,False,True,7.8198484809835,0.9500000000000001,0.21213203435596426,True,7.8198484809835
v3_sc0_staging_16,L3,3,17,label_cell,False,0,True,False,False,False,False,nan,nan,nan,False,7.8198484809835
v3_sc0_staging_16,L3,3,17,geometry,False,0,False,False,False,False,False,nan,nan,nan,False,7.8198484809835
v3_sc0_staging_16,L3,3,17,label_only,False,1,False,False,False,False,False,nan,nan,nan,False,7.8198484809835
v3_sc0_staging_16,L3,3,17,pose_only,False,0,True,True,False,False,True,7.8198484809835,0.9500000000000001,0.21213203435596426,True,7.8198484809835
v3_sc0_staging_16,L3,3,17,separate,False,1,False,False,False,False,False,nan,nan,nan,False,7.8198484809835
v3_sc0_staging_16,L3,3,17,joint,False,0,False,True,False,False,True,7.819848480983501,1.4000000000000001,0.21213203435596426,True,7.8198484809835
v3_sc0_staging_16,L3,3,17,oracle,False,0,False,True,False,False,True,7.8198484809835,0.9500000000000001,0.21213203435596426,True,7.8198484809835
v3_sc0_staging_16,L3,3,18,uncalibrated,False,0,True,True,False,False,True,4.2828427124746185,1.4000000000000001,0.632455532033676,True,4.2828427124746185
v3_sc0_staging_16,L3,3,18,label_cell,False,0,True,True,False,False,True,4.2828427124746185,1.4000000000000001,0.632455532033676,True,4.2828427124746185
v3_sc0_staging_16,L3,3,18,geometry,False,0,False,False,False,False,False,nan,nan,nan,False,4.2828427124746185
v3_sc0_staging_16,L3,3,18,label_only,False,1,False,False,False,False,False,nan,nan,nan,False,4.2828427124746185
v3_sc0_staging_16,L3,3,18,pose_only,False,0,True,True,False,False,True,4.2828427124746185,1.4000000000000001,0.632455532033676,True,4.2828427124746185
v3_sc0_staging_16,L3,3,18,separate,False,1,False,False,False,False,False,nan,nan,nan,False,4.2828427124746185
v3_sc0_staging_16,L3,3,18,joint,False,0,False,True,False,False,True,4.2828427124746185,1.4000000000000001,0.632455532033676,True,4.2828427124746185
v3_sc0_staging_16,L3,3,18,oracle,False,0,False,True,False,False,True,4.2828427124746185,1.4000000000000001,0.632455532033676,True,4.2828427124746185
v3_sc0_staging_16,L3,3,19,uncalibrated,False,0,True,True,False,False,True,3.2020815280171306,2.0886598574205424,0.223606797749979,True,3.1606601717798215
v3_sc0_staging_16,L3,3,19,label_cell,False,0,True,False,False,False,False,nan,nan,nan,False,3.1606601717798215
v3_sc0_staging_16,L3,3,19,geometry,False,0,False,False,False,False,False,nan,nan,nan,False,3.1606601717798215
v3_sc0_staging_16,L3,3,19,label_only,False,1,False,False,False,False,False,nan,nan,nan,False,3.1606601717798215
v3_sc0_staging_16,L3,3,19,pose_only,False,0,True,True,False,False,True,3.2020815280171306,2.0886598574205424,0.223606797749979,True,3.1606601717798215
v3_sc0_staging_16,L3,3,19,separate,False,1,False,False,False,False,False,nan,nan,nan,False,3.1606601717798215
v3_sc0_staging_16,L3,3,19,joint,False,0,False,True,False,False,True,3.2020815280171306,2.0886598574205424,0.223606797749979,True,3.1606601717798215
v3_sc0_staging_16,L3,3,19,oracle,False,0,False,True,False,False,True,3.1606601717798215,2.0886598574205424,0.20615528128088303,True,3.1606601717798215
v3_sc0_staging_16,L3,4,0,uncalibrated,False,0,True,True,False,False,True,3.470710678118655,3.4441980198589053,0.5656854249492381,True,3.470710678118655
v3_sc0_staging_16,L3,4,0,label_cell,False,0,True,True,False,False,True,3.470710678118655,3.4441980198589053,0.5656854249492381,True,3.470710678118655
v3_sc0_staging_16,L3,4,0,geometry,False,0,False,False,False,False,False,nan,nan,nan,False,3.470710678118655
v3_sc0_staging_16,L3,4,0,label_only,False,1,False,False,False,False,False,nan,nan,nan,False,3.470710678118655
v3_sc0_staging_16,L3,4,0,pose_only,False,0,False,True,False,False,True,3.470710678118655,3.4441980198589053,0.5656854249492381,True,3.470710678118655
v3_sc0_staging_16,L3,4,0,separate,False,1,False,False,False,False,False,nan,nan,nan,False,3.470710678118655
v3_sc0_staging_16,L3,4,0,joint,False,0,False,True,False,False,True,3.470710678118655,3.4441980198589053,0.5656854249492381,True,3.470710678118655
v3_sc0_staging_16,L3,4,0,oracle,False,0,False,True,False,False,True,3.470710678118655,3.4441980198589053,0.5656854249492381,True,3.470710678118655
v3_sc0_staging_16,L3,4,1,uncalibrated,False,0,True,True,False,False,True,3.6849242404917497,1.4142135623730951,0.5590169943749475,True,3.6849242404917497
v3_sc0_staging_16,L3,4,1,label_cell,False,0,True,True,False,False,True,3.6849242404917497,1.4142135623730951,0.5590169943749475,True,3.6849242404917497
v3_sc0_staging_16,L3,4,1,geometry,False,0,False,False,False,False,False,nan,nan,nan,False,3.6849242404917497
v3_sc0_staging_16,L3,4,1,label_only,False,1,False,False,False,False,False,nan,nan,nan,False,3.6849242404917497
v3_sc0_staging_16,L3,4,1,pose_only,False,0,False,True,False,False,True,3.6849242404917497,1.4142135623730951,0.5590169943749475,True,3.6849242404917497
v3_sc0_staging_16,L3,4,1,separate,False,1,False,False,False,False,False,nan,nan,nan,False,3.6849242404917497
v3_sc0_staging_16,L3,4,1,joint,False,0,False,True,False,False,True,3.6849242404917497,1.6688319268278637,0.5590169943749475,True,3.6849242404917497
v3_sc0_staging_16,L3,4,1,oracle,False,0,False,True,False,False,True,3.6849242404917497,1.4142135623730951,0.5590169943749475,True,3.6849242404917497
v3_sc0_staging_16,L3,4,2,uncalibrated,False,0,True,True,False,False,True,3.5242640687119287,1.9500000000000002,0.316227766016838,True,3.5242640687119287
v3_sc0_staging_16,L3,4,2,label_cell,False,0,True,False,False,False,False,nan,nan,nan,False,3.5242640687119287
v3_sc0_staging_16,L3,4,2,geometry,False,0,False,False,False,False,False,nan,nan,nan,False,3.5242640687119287
v3_sc0_staging_16,L3,4,2,label_only,False,1,False,False,False,False,False,nan,nan,nan,False,3.5242640687119287
v3_sc0_staging_16,L3,4,2,pose_only,False,0,False,True,False,False,True,3.5242640687119287,1.9500000000000002,0.316227766016838,True,3.5242640687119287
v3_sc0_staging_16,L3,4,2,separate,False,1,False,False,False,False,False,nan,nan,nan,False,3.5242640687119287
v3_sc0_staging_16,L3,4,2,joint,False,0,False,True,False,False,True,3.5242640687119287,1.9500000000000002,0.316227766016838,True,3.5242640687119287
v3_sc0_staging_16,L3,4,2,oracle,False,0,False,True,False,False,True,3.5242640687119287,1.9500000000000002,0.316227766016838,True,3.5242640687119287
v3_sc0_staging_16,L3,4,3,uncalibrated,False,0,True,True,False,False,True,4.810660171779822,1.6347782724271818,0.55,True,4.810660171779822
v3_sc0_staging_16,L3,4,3,label_cell,False,0,True,True,False,False,True,4.810660171779822,1.6347782724271818,0.55,True,4.810660171779822
v3_sc0_staging_16,L3,4,3,geometry,False,0,False,False,False,False,False,nan,nan,nan,False,4.810660171779822
v3_sc0_staging_16,L3,4,3,label_only,False,1,False,False,False,False,False,nan,nan,nan,False,4.810660171779822
v3_sc0_staging_16,L3,4,3,pose_only,False,0,False,True,False,False,True,4.810660171779822,1.6347782724271818,0.55,True,4.810660171779822
v3_sc0_staging_16,L3,4,3,separate,False,1,False,False,False,False,False,nan,nan,nan,False,4.810660171779822
v3_sc0_staging_16,L3,4,3,joint,False,0,False,True,False,False,True,4.810660171779822,1.6347782724271818,0.55,True,4.810660171779822
v3_sc0_staging_16,L3,4,3,oracle,False,0,False,True,False,False,True,4.810660171779822,1.6347782724271818,0.55,True,4.810660171779822
v3_sc0_staging_16,L3,4,4,uncalibrated,False,0,True,True,False,False,True,4.086396103067893,2.2073740054644118,0.5,True,4.086396103067893
v3_sc0_staging_16,L3,4,4,label_cell,False,0,True,True,False,False,True,4.0863961030678935,2.170829334609241,0.5385164807134504,True,4.086396103067893
v3_sc0_staging_16,L3,4,4,geometry,False,0,False,False,False,False,False,nan,nan,nan,False,4.086396103067893
v3_sc0_staging_16,L3,4,4,label_only,False,1,False,False,False,False,False,nan,nan,nan,False,4.086396103067893
v3_sc0_staging_16,L3,4,4,pose_only,False,0,False,True,False,False,True,4.086396103067893,2.2073740054644118,0.5,True,4.086396103067893
v3_sc0_staging_16,L3,4,4,separate,False,1,False,False,False,False,False,nan,nan,nan,False,4.086396103067893
v3_sc0_staging_16,L3,4,4,joint,False,0,False,True,False,False,True,4.086396103067893,2.2073740054644118,0.5,True,4.086396103067893
v3_sc0_staging_16,L3,4,4,oracle,False,0,False,True,False,False,True,4.086396103067893,2.2073740054644118,0.5,True,4.086396103067893
v3_sc0_staging_16,L3,4,5,uncalibrated,False,0,True,True,False,False,True,3.457106781186548,3.519232870953555,0.25,True,3.398528137423857
v3_sc0_staging_16,L3,4,5,label_cell,False,0,True,False,False,False,False,nan,nan,nan,False,3.398528137423857
v3_sc0_staging_16,L3,4,5,geometry,False,0,False,False,False,False,False,nan,nan,nan,False,3.398528137423857
v3_sc0_staging_16,L3,4,5,label_only,False,1,False,False,False,False,False,nan,nan,nan,False,3.398528137423857
v3_sc0_staging_16,L3,4,5,pose_only,False,0,False,True,False,False,True,3.457106781186548,3.519232870953555,0.25,True,3.398528137423857
v3_sc0_staging_16,L3,4,5,separate,False,1,False,False,False,False,False,nan,nan,nan,False,3.398528137423857
v3_sc0_staging_16,L3,4,5,joint,False,0,False,True,False,False,True,3.457106781186548,3.519232870953555,0.25,True,3.398528137423857
v3_sc0_staging_16,L3,4,5,oracle,False,0,False,True,False,False,True,3.398528137423857,3.5587919298548494,0.20615528128088303,True,3.398528137423857
v3_sc0_staging_16,L3,4,6,uncalibrated,False,0,True,True,False,False,True,4.505634918610405,3.380088756231114,0.28284271247461906,True,4.47634559672906
v3_sc0_staging_16,L3,4,6,label_cell,False,0,True,True,False,False,True,4.769238815542512,3.3203915431767985,0.5408326913195984,True,4.47634559672906
v3_sc0_staging_16,L3,4,6,geometry,False,0,False,False,False,False,False,nan,nan,nan,False,4.47634559672906
v3_sc0_staging_16,L3,4,6,label_only,False,1,False,False,False,False,False,nan,nan,nan,False,4.47634559672906
v3_sc0_staging_16,L3,4,6,pose_only,False,0,False,True,False,False,True,4.505634918610405,3.380088756231114,0.28284271247461906,True,4.47634559672906
v3_sc0_staging_16,L3,4,6,separate,False,1,False,False,False,False,False,nan,nan,nan,False,4.47634559672906
v3_sc0_staging_16,L3,4,6,joint,False,0,False,True,False,False,True,4.505634918610405,3.380088756231114,0.28284271247461906,True,4.47634559672906
v3_sc0_staging_16,L3,4,6,oracle,False,0,False,True,False,False,True,4.47634559672906,3.4481879299133333,0.21213203435596426,True,4.47634559672906
v3_sc0_staging_16,L3,4,7,uncalibrated,False,0,True,True,False,False,True,3.019238815542512,2.4300205760445737,0.3905124837953327,True,3.019238815542512
v3_sc0_staging_16,L3,4,7,label_cell,False,0,True,True,False,False,True,3.019238815542512,2.4300205760445737,0.5315072906367325,True,3.019238815542512
v3_sc0_staging_16,L3,4,7,geometry,False,0,False,True,False,False,True,3.0778174593052023,2.4300205760445737,0.848528137423857,True,3.019238815542512
v3_sc0_staging_16,L3,4,7,label_only,False,1,False,True,False,False,True,3.0778174593052023,2.4300205760445737,0.848528137423857,True,3.019238815542512
v3_sc0_staging_16,L3,4,7,pose_only,False,0,False,True,False,False,True,3.019238815542512,2.4300205760445737,0.3905124837953327,True,3.019238815542512
v3_sc0_staging_16,L3,4,7,separate,False,1,False,True,False,False,True,3.0778174593052023,2.4300205760445737,0.848528137423857,True,3.019238815542512
v3_sc0_staging_16,L3,4,7,joint,False,0,False,True,False,False,True,3.019238815542512,2.4300205760445737,0.3905124837953327,True,3.019238815542512
v3_sc0_staging_16,L3,4,7,oracle,False,0,False,True,False,False,True,3.019238815542512,2.4300205760445737,0.3905124837953327,True,3.019238815542512
v3_sc0_staging_16,L3,4,8,uncalibrated,False,0,True,True,False,False,True,7.512741699796954,0.8,0.21213203435596426,True,7.512741699796954
v3_sc0_staging_16,L3,4,8,label_cell,False,0,True,False,False,False,False,nan,nan,nan,False,7.512741699796954
v3_sc0_staging_16,L3,4,8,geometry,False,0,False,False,False,False,False,nan,nan,nan,False,7.512741699796954
v3_sc0_staging_16,L3,4,8,label_only,False,1,False,False,False,False,False,nan,nan,nan,False,7.512741699796954
v3_sc0_staging_16,L3,4,8,pose_only,False,0,False,True,False,False,True,7.512741699796954,0.8,0.21213203435596426,True,7.512741699796954
v3_sc0_staging_16,L3,4,8,separate,False,1,False,False,False,False,False,nan,nan,nan,False,7.512741699796954
v3_sc0_staging_16,L3,4,8,joint,False,0,False,True,False,False,True,7.512741699796954,1.6500000000000001,0.21213203435596426,True,7.512741699796954
v3_sc0_staging_16,L3,4,8,oracle,False,0,False,True,False,False,True,7.512741699796954,1.2000000000000002,0.21213203435596426,True,7.512741699796954
v3_sc0_staging_16,L3,4,9,uncalibrated,False,0,True,True,False,False,True,2.970710678118655,2.0500000000000003,0.5099019513592785,True,2.970710678118655
v3_sc0_staging_16,L3,4,9,label_cell,False,0,True,True,False,False,True,3.0414213562373096,2.0500000000000003,0.55,True,2.970710678118655
v3_sc0_staging_16,L3,4,9,geometry,False,0,False,False,False,False,False,nan,nan,nan,False,2.970710678118655
v3_sc0_staging_16,L3,4,9,label_only,False,1,False,False,False,False,False,nan,nan,nan,False,2.970710678118655
v3_sc0_staging_16,L3,4,9,pose_only,False,0,False,True,False,False,True,2.970710678118655,2.0500000000000003,0.5099019513592785,True,2.970710678118655
v3_sc0_staging_16,L3,4,9,separate,False,1,False,False,False,False,False,nan,nan,nan,False,2.970710678118655
v3_sc0_staging_16,L3,4,9,joint,False,0,False,True,False,False,True,2.970710678118655,2.0500000000000003,0.5099019513592785,True,2.970710678118655
v3_sc0_staging_16,L3,4,9,oracle,False,0,False,True,False,False,True,2.970710678118655,2.1,0.5,True,2.970710678118655
v3_sc0_staging_16,L3,4,10,uncalibrated,False,0,True,True,False,False,True,2.9000000000000004,1.8867962264113207,0.9500000000000001,True,2.9000000000000004
v3_sc0_staging_16,L3,4,10,label_cell,False,0,True,True,False,False,True,2.9000000000000004,1.8867962264113207,0.9500000000000001,True,2.9000000000000004
v3_sc0_staging_16,L3,4,10,geometry,False,0,False,True,False,False,True,2.9000000000000004,1.8867962264113207,0.9500000000000001,True,2.9000000000000004
v3_sc0_staging_16,L3,4,10,label_only,False,1,False,True,False,False,True,2.9000000000000004,1.8867962264113207,0.9500000000000001,True,2.9000000000000004
v3_sc0_staging_16,L3,4,10,pose_only,False,0,False,True,False,False,True,2.9000000000000004,1.8867962264113207,0.9500000000000001,True,2.9000000000000004
v3_sc0_staging_16,L3,4,10,separate,False,1,False,True,False,False,True,2.9000000000000004,1.8867962264113207,0.9500000000000001,True,2.9000000000000004
v3_sc0_staging_16,L3,4,10,joint,False,0,False,True,False,False,True,2.9000000000000004,1.8867962264113207,0.9500000000000001,True,2.9000000000000004
v3_sc0_staging_16,L3,4,10,oracle,False,0,False,True,False,False,True,2.9000000000000004,1.8867962264113207,0.9500000000000001,True,2.9000000000000004
v3_sc0_staging_16,L3,4,11,uncalibrated,False,0,True,True,False,False,True,5.492031021678298,1.4326548781894404,0.21213203435596426,True,5.492031021678298
v3_sc0_staging_16,L3,4,11,label_cell,False,0,True,True,False,False,True,5.697056274847715,1.503329637837291,0.5315072906367325,True,5.492031021678298
v3_sc0_staging_16,L3,4,11,geometry,False,0,False,False,False,False,False,nan,nan,nan,False,5.492031021678298
v3_sc0_staging_16,L3,4,11,label_only,False,1,False,False,False,False,False,nan,nan,nan,False,5.492031021678298
v3_sc0_staging_16,L3,4,11,pose_only,False,0,False,True,False,False,True,5.492031021678298,1.4326548781894404,0.21213203435596426,True,5.492031021678298
v3_sc0_staging_16,L3,4,11,separate,False,1,False,False,False,False,False,nan,nan,nan,False,5.492031021678298
v3_sc0_staging_16,L3,4,11,joint,False,0,False,False,False,False,False,nan,nan,nan,False,5.492031021678298
v3_sc0_staging_16,L3,4,11,oracle,False,0,False,True,False,False,True,5.492031021678298,1.4326548781894404,0.21213203435596426,True,5.492031021678298
v3_sc0_staging_16,L3,4,12,uncalibrated,False,0,True,True,False,False,True,3.281370849898476,2.400520776831561,0.35000000000000003,True,3.281370849898476
v3_sc0_staging_16,L3,4,12,label_cell,False,0,True,True,False,False,True,3.310660171779821,2.330772404161333,0.55,True,3.281370849898476
v3_sc0_staging_16,L3,4,12,geometry,False,0,False,False,False,False,False,nan,nan,nan,False,3.281370849898476
v3_sc0_staging_16,L3,4,12,label_only,False,1,False,False,False,False,False,nan,nan,nan,False,3.281370849898476
v3_sc0_staging_16,L3,4,12,pose_only,False,0,False,True,False,False,True,3.281370849898476,2.400520776831561,0.35000000000000003,True,3.281370849898476
v3_sc0_staging_16,L3,4,12,separate,False,1,False,False,False,False,False,nan,nan,nan,False,3.281370849898476
v3_sc0_staging_16,L3,4,12,joint,False,0,False,True,False,False,True,3.281370849898476,2.400520776831561,0.35000000000000003,True,3.281370849898476
v3_sc0_staging_16,L3,4,12,oracle,False,0,False,True,False,False,True,3.281370849898476,2.400520776831561,0.35000000000000003,True,3.281370849898476
v3_sc0_staging_16,L3,4,13,uncalibrated,False,0,True,True,False,False,True,4.454163056034262,1.9557607215607946,0.21213203435596426,True,4.454163056034262
v3_sc0_staging_16,L3,4,13,label_cell,False,0,True,False,False,False,False,nan,nan,nan,False,4.454163056034262
v3_sc0_staging_16,L3,4,13,geometry,False,0,False,False,False,False,False,nan,nan,nan,False,4.454163056034262
v3_sc0_staging_16,L3,4,13,label_only,False,1,False,False,False,False,False,nan,nan,nan,False,4.454163056034262
v3_sc0_staging_16,L3,4,13,pose_only,False,0,False,True,False,False,True,4.454163056034262,1.9557607215607946,0.21213203435596426,True,4.454163056034262
v3_sc0_staging_16,L3,4,13,separate,False,1,False,False,False,False,False,nan,nan,nan,False,4.454163056034262
v3_sc0_staging_16,L3,4,13,joint,False,0,False,True,False,False,True,4.454163056034262,1.9557607215607946,0.21213203435596426,True,4.454163056034262
v3_sc0_staging_16,L3,4,13,oracle,False,0,False,True,False,False,True,4.454163056034262,1.9557607215607946,0.21213203435596426,True,4.454163056034262
v3_sc0_staging_16,L3,4,14,uncalibrated,False,0,True,True,False,False,True,3.512741699796952,1.9729419656948861,0.4609772228646444,True,3.512741699796952
v3_sc0_staging_16,L3,4,14,label_cell,False,0,True,False,False,False,False,nan,nan,nan,False,3.512741699796952
v3_sc0_staging_16,L3,4,14,geometry,False,0,False,False,False,False,False,nan,nan,nan,False,3.512741699796952
v3_sc0_staging_16,L3,4,14,label_only,False,1,False,False,False,False,False,nan,nan,nan,False,3.512741699796952
v3_sc0_staging_16,L3,4,14,pose_only,False,0,False,True,False,False,True,3.512741699796952,1.9729419656948861,0.4609772228646444,True,3.512741699796952
v3_sc0_staging_16,L3,4,14,separate,False,1,False,False,False,False,False,nan,nan,nan,False,3.512741699796952
v3_sc0_staging_16,L3,4,14,joint,False,0,False,True,False,False,True,3.512741699796952,1.9729419656948861,0.4609772228646444,True,3.512741699796952
v3_sc0_staging_16,L3,4,14,oracle,False,0,False,True,False,False,True,3.512741699796952,1.9729419656948861,0.4609772228646444,True,3.512741699796952
v3_sc0_staging_16,L3,4,15,uncalibrated,False,0,True,True,False,False,True,3.902081528017131,3.2653483734511393,0.28284271247461906,True,3.902081528017131
v3_sc0_staging_16,L3,4,15,label_cell,False,0,True,True,False,False,True,4.019238815542512,3.2653483734511393,0.6000000000000001,True,3.902081528017131
v3_sc0_staging_16,L3,4,15,geometry,False,0,False,False,False,False,False,nan,nan,nan,False,3.902081528017131
v3_sc0_staging_16,L3,4,15,label_only,False,1,False,False,False,False,False,nan,nan,nan,False,3.902081528017131
v3_sc0_staging_16,L3,4,15,pose_only,False,0,False,True,False,False,True,3.902081528017131,3.2653483734511393,0.28284271247461906,True,3.902081528017131
v3_sc0_staging_16,L3,4,15,separate,False,1,False,False,False,False,False,nan,nan,nan,False,3.902081528017131
v3_sc0_staging_16,L3,4,15,joint,False,0,False,True,False,False,True,3.902081528017131,3.2653483734511393,0.28284271247461906,True,3.902081528017131
v3_sc0_staging_16,L3,4,15,oracle,False,0,False,True,False,False,True,3.902081528017131,3.2653483734511393,0.21213203435596426,True,3.902081528017131
v3_sc0_staging_16,L3,4,16,uncalibrated,False,0,True,True,False,False,True,4.1000000000000005,1.4000000000000001,0.8845903006477066,True,4.1000000000000005
v3_sc0_staging_16,L3,4,16,label_cell,False,0,True,True,False,False,True,4.1000000000000005,1.4000000000000001,0.8845903006477066,True,4.1000000000000005
v3_sc0_staging_16,L3,4,16,geometry,False,0,False,True,False,False,True,4.1000000000000005,1.4000000000000001,0.8845903006477066,True,4.1000000000000005
v3_sc0_staging_16,L3,4,16,label_only,False,1,False,True,False,False,True,4.1000000000000005,1.4000000000000001,0.8845903006477066,True,4.1000000000000005
v3_sc0_staging_16,L3,4,16,pose_only,False,0,False,True,False,False,True,4.1000000000000005,1.4000000000000001,0.8845903006477066,True,4.1000000000000005
v3_sc0_staging_16,L3,4,16,separate,False,1,False,True,False,False,True,4.1000000000000005,1.4000000000000001,0.8845903006477066,True,4.1000000000000005
v3_sc0_staging_16,L3,4,16,joint,False,0,False,True,False,False,True,4.203553390593274,1.6500000000000001,0.9,True,4.1000000000000005
v3_sc0_staging_16,L3,4,16,oracle,False,0,False,True,False,False,True,4.1000000000000005,1.4000000000000001,0.8845903006477066,True,4.1000000000000005
v3_sc0_staging_16,L3,4,17,uncalibrated,False,0,True,True,False,False,True,7.783452377915606,0.8,0.2,True,7.783452377915606
v3_sc0_staging_16,L3,4,17,label_cell,False,0,True,False,False,False,False,nan,nan,nan,False,7.783452377915606
v3_sc0_staging_16,L3,4,17,geometry,False,0,False,False,False,False,False,nan,nan,nan,False,7.783452377915606
v3_sc0_staging_16,L3,4,17,label_only,False,1,False,False,False,False,False,nan,nan,nan,False,7.783452377915606
v3_sc0_staging_16,L3,4,17,pose_only,False,0,False,True,False,False,True,7.783452377915606,0.8,0.2,True,7.783452377915606
v3_sc0_staging_16,L3,4,17,separate,False,1,False,False,False,False,False,nan,nan,nan,False,7.783452377915606
v3_sc0_staging_16,L3,4,17,joint,False,0,False,True,False,False,True,7.783452377915606,1.6500000000000001,0.25,True,7.783452377915606
v3_sc0_staging_16,L3,4,17,oracle,False,0,False,True,False,False,True,7.783452377915606,0.8,0.25,True,7.783452377915606
v3_sc0_staging_16,L3,4,18,uncalibrated,False,0,True,True,False,False,True,4.25,1.35,0.65,True,4.25
v3_sc0_staging_16,L3,4,18,label_cell,False,0,True,True,False,False,True,4.25,1.35,0.65,True,4.25
v3_sc0_staging_16,L3,4,18,geometry,False,0,False,False,False,False,False,nan,nan,nan,False,4.25
v3_sc0_staging_16,L3,4,18,label_only,False,1,False,False,False,False,False,nan,nan,nan,False,4.25
v3_sc0_staging_16,L3,4,18,pose_only,False,0,False,True,False,False,True,4.25,1.35,0.65,True,4.25
v3_sc0_staging_16,L3,4,18,separate,False,1,False,False,False,False,False,nan,nan,nan,False,4.25
v3_sc0_staging_16,L3,4,18,joint,False,0,False,True,False,False,True,4.477817459305203,1.565247584249853,0.65,True,4.25
v3_sc0_staging_16,L3,4,18,oracle,False,0,False,True,False,False,True,4.25,1.35,0.65,True,4.25
v3_sc0_staging_16,L3,4,19,uncalibrated,False,0,True,True,False,False,True,3.2020815280171306,2.0615528128088303,0.25,True,3.1606601717798215
v3_sc0_staging_16,L3,4,19,label_cell,False,0,True,False,False,False,False,nan,nan,nan,False,3.1606601717798215
v3_sc0_staging_16,L3,4,19,geometry,False,0,False,False,False,False,False,nan,nan,nan,False,3.1606601717798215
v3_sc0_staging_16,L3,4,19,label_only,False,1,False,False,False,False,False,nan,nan,nan,False,3.1606601717798215
v3_sc0_staging_16,L3,4,19,pose_only,False,0,False,True,False,False,True,3.2020815280171306,2.0615528128088303,0.25,True,3.1606601717798215
v3_sc0_staging_16,L3,4,19,separate,False,1,False,False,False,False,False,nan,nan,nan,False,3.1606601717798215
v3_sc0_staging_16,L3,4,19,joint,False,0,False,True,False,False,True,3.2020815280171306,2.0615528128088303,0.25,True,3.1606601717798215
v3_sc0_staging_16,L3,4,19,oracle,False,0,False,True,False,False,True,3.1606601717798215,2.0615528128088303,0.20615528128088303,True,3.1606601717798215
