scene,level,seed,task,margin,planned,violation,collision,length,clearance_indoor_plant,clearance_bike
v3_sc3_staging_04,L0,0,0,0.0,True,False,False,5.109797974644667,0.8,0.20710678118654757
v3_sc3_staging_04,L0,0,1,0.0,True,False,False,3.6556349186104047,0.03150729063673252,0.42195444572928875
v3_sc3_staging_04,L0,0,2,0.0,True,False,False,6.740559159102158,0.22801098892805183,0.050000000000000044
v3_sc3_staging_04,L0,0,3,0.0,True,False,False,4.933452377915606,0.6672617529928753,2.0932604959779884
v3_sc3_staging_04,L0,0,4,0.0,True,False,False,6.034062043356594,0.2778174593052023,2.664253466459348
v3_sc3_staging_04,L0,0,5,0.0,True,False,False,3.749137802864845,1.2677669529663689,4.2169905660283025
v3_sc3_staging_04,L0,0,6,0.0,True,False,False,4.5269552621700475,0.2778174593052023,2.5203476621077914
v3_sc3_staging_04,L0,0,7,0.0,True,False,False,4.226345596729059,1.197056274847714,2.664253466459348
v3_sc3_staging_04,L0,0,8,0.0,True,True,False,5.240559159102155,0.002493781056044475,1.5718349355100663
v3_sc3_staging_04,L0,0,9,0.0,True,False,False,8.225483399593905,0.18007352543677224,0.050000000000000044
v3_sc3_staging_04,L0,0,10,0.0,True,False,False,4.748528137423857,1.1,2.3783675929248513
v3_sc3_staging_04,L0,0,11,0.0,True,False,False,5.9106601717798215,0.9000000000000001,1.3062391868188443
v3_sc3_staging_04,L0,0,12,0.0,True,False,False,8.641168824543144,0.36023252670426276,0.10000000000000009
v3_sc3_staging_04,L0,0,13,0.0,True,False,False,5.837615433949869,0.7093386622447824,0.10000000000000009
v3_sc3_staging_04,L0,0,14,0.0,True,False,False,4.289949493661166,0.348528137423857,0.4
v3_sc3_staging_04,L0,0,15,0.0,True,False,False,9.97903679018718,0.36023252670426276,0.10000000000000009
v3_sc3_staging_04,L0,0,16,0.0,True,False,False,5.697665940288703,0.2778174593052023,2.9630189141845586
v3_sc3_staging_04,L0,0,17,0.0,True,False,False,5.918376618407358,0.33216584885466194,0.10000000000000009
v3_sc3_staging_04,L0,0,18,0.0,True,False,False,5.3091883092036785,0.10827625302982202,1.295132307101624
v3_sc3_staging_04,L0,0,19,0.0,True,True,False,6.311269837220809,0.002493781056044475,1.912985702402731
v3_sc3_staging_04,L0,0,0,0.1,True,False,False,5.109797974644667,0.8,0.20710678118654757
v3_sc3_staging_04,L0,0,1,0.1,True,False,False,3.655634918610405,0.13639610306789285,0.42195444572928875
v3_sc3_staging_04,L0,0,2,0.1,True,False,False,6.740559159102158,0.22801098892805183,0.10000000000000009
v3_sc3_staging_04,L0,0,3,0.1,True,False,False,4.933452377915606,0.6672617529928753,2.0932604959779884
v3_sc3_staging_04,L0,0,4,0.1,True,False,False,6.034062043356594,0.2778174593052023,2.664253466459348
v3_sc3_staging_04,L0,0,5,0.1,True,False,False,3.749137802864845,1.2677669529663689,4.2169905660283025
v3_sc3_staging_04,L0,0,6,0.1,True,False,False,4.5269552621700475,0.2778174593052023,2.5203476621077914
v3_sc3_staging_04,L0,0,7,0.1,True,False,False,4.226345596729059,1.197056274847714,2.664253466459348
v3_sc3_staging_04,L0,0,8,0.1,True,False,False,5.240559159102154,0.10000000000000009,1.5718349355100663
v3_sc3_staging_04,L0,0,9,0.1,True,False,False,8.225483399593905,0.18007352543677224,0.10000000000000009
v3_sc3_staging_04,L0,0,10,0.1,True,False,False,4.748528137423857,1.1,2.3783675929248513
v3_sc3_staging_04,L0,0,11,0.1,True,False,False,5.9106601717798215,0.9000000000000001,1.3062391868188443
v3_sc3_staging_04,L0,0,12,0.1,True,False,False,8.641168824543144,0.36023252670426276,0.10000000000000009
v3_sc3_staging_04,L0,0,13,0.1,True,False,False,5.837615433949869,0.7093386622447824,0.10000000000000009
v3_sc3_staging_04,L0,0,14,0.1,True,False,False,4.289949493661166,0.348528137423857,0.4
v3_sc3_staging_04,L0,0,15,0.1,True,False,False,9.97903679018718,0.36023252670426276,0.10000000000000009
v3_sc3_staging_04,L0,0,16,0.1,True,False,False,5.697665940288703,0.2778174593052023,2.9630189141845586
v3_sc3_staging_04,L0,0,17,0.1,True,False,False,5.918376618407358,0.33216584885466194,0.10000000000000009
v3_sc3_staging_04,L0,0,18,0.1,True,False,False,5.3091883092036785,0.10827625302982202,1.295132307101624
v3_sc3_staging_04,L0,0,19,0.1,True,False,False,6.311269837220809,0.10000000000000009,1.912985702402731
v3_sc3_staging_04,L0,0,0,0.2,True,False,False,5.109797974644667,0.8,0.20710678118654757
v3_sc3_staging_04,L0,0,1,0.2,True,False,False,3.6556349186104047,0.20710678118654757,0.26485292703891783
v3_sc3_staging_04,L0,0,2,0.2,True,False,False,6.8234018715767775,0.22801098892805183,0.20000000000000007
v3_sc3_staging_04,L0,0,3,0.2,True,False,False,4.933452377915606,0.6672617529928753,2.0932604959779884
v3_sc3_staging_04,L0,0,4,0.2,True,False,False,6.034062043356594,0.2778174593052023,2.664253466459348
v3_sc3_staging_04,L0,0,5,0.2,True,False,False,3.749137802864845,1.2677669529663689,4.2169905660283025
v3_sc3_staging_04,L0,0,6,0.2,True,False,False,4.5269552621700475,0.2778174593052023,2.5203476621077914
v3_sc3_staging_04,L0,0,7,0.2,True,False,False,4.226345596729059,1.197056274847714,2.664253466459348
v3_sc3_staging_04,L0,0,8,0.2,True,False,False,5.240559159102154,0.20000000000000007,1.5718349355100663
v3_sc3_staging_04,L0,0,9,0.2,True,False,False,8.308326112068524,0.21063352017759485,0.20000000000000007
v3_sc3_staging_04,L0,0,10,0.2,True,False,False,4.748528137423857,1.1,2.3783675929248513
v3_sc3_staging_04,L0,0,11,0.2,True,False,False,5.9106601717798215,0.9000000000000001,1.3062391868188443
v3_sc3_staging_04,L0,0,12,0.2,True,False,False,8.724011537017763,0.36023252670426276,0.20000000000000007
v3_sc3_staging_04,L0,0,13,0.2,True,False,False,5.83761543394987,0.7093386622447824,0.20710678118654757
v3_sc3_staging_04,L0,0,14,0.2,True,False,False,4.289949493661166,0.348528137423857,0.4
v3_sc3_staging_04,L0,0,15,0.2,True,False,False,10.0618795026618,0.36023252670426276,0.20000000000000007
v3_sc3_staging_04,L0,0,16,0.2,True,False,False,5.697665940288703,0.2778174593052023,2.9630189141845586
v3_sc3_staging_04,L0,0,17,0.2,True,False,False,5.918376618407358,0.33216584885466194,0.20000000000000007
v3_sc3_staging_04,L0,0,18,0.2,True,False,False,5.3091883092036785,0.2778174593052023,1.295132307101624
v3_sc3_staging_04,L0,0,19,0.2,True,False,False,6.311269837220809,0.20000000000000007,1.912985702402731
v3_sc3_staging_04,L0,0,0,0.3,True,False,False,7.399747468305837,0.3062257748298549,0.9764823060233401
v3_sc3_staging_04,L0,0,1,0.3,False,False,False,nan,nan,nan
v3_sc3_staging_04,L0,0,2,0.3,True,False,False,14.817514421272206,0.3015609770940699,0.45000000000000007
v3_sc3_staging_04,L0,0,3,0.3,True,False,False,4.933452377915606,0.6672617529928753,2.0932604959779884
v3_sc3_staging_04,L0,0,4,0.3,True,False,False,6.034062043356595,0.3062257748298549,2.664253466459348
v3_sc3_staging_04,L0,0,5,0.3,True,False,False,3.749137802864845,1.2677669529663689,4.2169905660283025
v3_sc3_staging_04,L0,0,6,0.3,True,False,False,4.556244584051392,0.3062257748298549,2.5203476621077914
v3_sc3_staging_04,L0,0,7,0.3,True,False,False,4.226345596729059,1.197056274847714,2.664253466459348
v3_sc3_staging_04,L0,0,8,0.3,True,False,False,5.269848480983501,0.3015609770940699,1.5718349355100663
v3_sc3_staging_04,L0,0,9,0.3,True,False,False,11.051828996322968,0.3062257748298549,0.6000000000000001
v3_sc3_staging_04,L0,0,10,0.3,True,False,False,4.748528137423857,1.1,2.3783675929248513
v3_sc3_staging_04,L0,0,11,0.3,True,False,False,5.9106601717798215,0.9000000000000001,1.3062391868188443
v3_sc3_staging_04,L0,0,12,0.3,True,False,False,11.755382386916239,0.3015609770940699,0.3015609770940699
v3_sc3_staging_04,L0,0,13,0.3,True,False,False,7.2275649276110405,0.3062257748298549,1.647673159491453
v3_sc3_staging_04,L0,0,14,0.3,True,False,False,4.289949493661166,0.348528137423857,0.4
v3_sc3_staging_04,L0,0,15,0.3,True,False,False,11.574011537017762,0.3015609770940699,0.3015609770940699
v3_sc3_staging_04,L0,0,16,0.3,True,False,False,5.697665940288703,0.3062257748298549,2.9630189141845586
v3_sc3_staging_04,L0,0,17,0.3,True,False,False,6.984062043356596,0.3015609770940699,1.1347782724271818
v3_sc3_staging_04,L0,0,18,0.3,True,False,False,5.3384776310850235,0.3062257748298549,1.295132307101624
v3_sc3_staging_04,L0,0,19,0.3,True,False,False,6.340559159102154,0.3015609770940699,1.912985702402731
v3_sc3_staging_04,L0,0,0,0.4,False,False,False,nan,nan,nan
v3_sc3_staging_04,L0,0,1,0.4,False,False,False,nan,nan,nan
v3_sc3_staging_04,L0,0,2,0.4,False,False,False,nan,nan,nan
v3_sc3_staging_04,L0,0,3,0.4,True,False,False,4.933452377915606,0.6672617529928753,2.0932604959779884
v3_sc3_staging_04,L0,0,4,0.4,False,False,False,nan,nan,nan
v3_sc3_staging_04,L0,0,5,0.4,True,False,False,3.749137802864845,1.2677669529663689,4.2169905660283025
v3_sc3_staging_04,L0,0,6,0.4,False,False,False,nan,nan,nan
v3_sc3_staging_04,L0,0,7,0.4,True,False,False,4.226345596729059,1.197056274847714,2.664253466459348
v3_sc3_staging_04,L0,0,8,0.4,False,False,False,nan,nan,nan
v3_sc3_staging_04,L0,0,9,0.4,False,False,False,nan,nan,nan
v3_sc3_staging_04,L0,0,10,0.4,True,False,False,4.748528137423857,1.1,2.3783675929248513
v3_sc3_staging_04,L0,0,11,0.4,True,False,False,5.9106601717798215,0.9000000000000001,1.3062391868188443
v3_sc3_staging_04,L0,0,12,0.4,False,False,False,nan,nan,nan
v3_sc3_staging_04,L0,0,13,0.4,False,False,False,nan,nan,nan
v3_sc3_staging_04,L0,0,14,0.4,False,False,False,nan,nan,nan
v3_sc3_staging_04,L0,0,15,0.4,False,False,False,nan,nan,nan
v3_sc3_staging_04,L0,0,16,0.4,False,False,False,nan,nan,nan
v3_sc3_staging_04,L0,0,17,0.4,False,False,False,nan,nan,nan
v3_sc3_staging_04,L0,0,18,0.4,False,False,False,nan,nan,nan
v3_sc3_staging_04,L0,0,19,0.4,False,False,False,nan,nan,nan
v3_sc3_staging_04,L0,0,0,0.5,False,False,False,nan,nan,nan
v3_sc3_staging_04,L0,0,1,0.5,False,False,False,nan,nan,nan
v3_sc3_staging_04,L0,0,2,0.5,False,False,False,nan,nan,nan
v3_sc3_staging_04,L0,0,3,0.5,True,False,False,4.933452377915606,0.6672617529928753,2.0932604959779884
v3_sc3_staging_04,L0,0,4,0.5,False,False,False,nan,nan,nan
v3_sc3_staging_04,L0,0,5,0.5,True,False,False,3.749137802864845,1.2677669529663689,4.2169905660283025
v3_sc3_staging_04,L0,0,6,0.5,False,False,False,nan,nan,nan
v3_sc3_staging_04,L0,0,7,0.5,True,False,False,4.226345596729059,1.197056274847714,2.664253466459348
v3_sc3_staging_04,L0,0,8,0.5,False,False,False,nan,nan,nan
v3_sc3_staging_04,L0,0,9,0.5,False,False,False,nan,nan,nan
v3_sc3_staging_04,L0,0,10,0.5,True,False,False,4.748528137423857,1.1,2.3783675929248513
v3_sc3_staging_04,L0,0,11,0.5,True,False,False,5.9106601717798215,0.9000000000000001,1.3062391868188443
v3_sc3_staging_04,L0,0,12,0.5,False,False,False,nan,nan,nan
v3_sc3_staging_04,L0,0,13,0.5,False,False,False,nan,nan,nan
v3_sc3_staging_04,L0,0,14,0.5,False,False,False,nan,nan,nan
v3_sc3_staging_04,L0,0,15,0.5,False,False,False,nan,nan,nan
v3_sc3_staging_04,L0,0,16,0.5,False,False,False,nan,nan,nan
v3_sc3_staging_04,L0,0,17,0.5,False,False,False,nan,nan,nan
v3_sc3_staging_04,L0,0,18,0.5,False,False,False,nan,nan,nan
v3_sc3_staging_04,L0,0,19,0.5,False,False,False,nan,nan,nan
v3_sc3_staging_04,L0,0,0,0.6,False,False,False,nan,nan,nan
v3_sc3_staging_04,L0,0,1,0.6,False,False,False,nan,nan,nan
v3_sc3_staging_04,L0,0,2,0.6,False,False,False,nan,nan,nan
v3_sc3_staging_04,L0,0,3,0.6,True,False,False,4.933452377915606,0.6672617529928753,2.0932604959779884
v3_sc3_staging_04,L0,0,4,0.6,False,False,False,nan,nan,nan
v3_sc3_staging_04,L0,0,5,0.6,True,False,False,3.749137802864845,1.2677669529663689,4.2169905660283025
v3_sc3_staging_04,L0,0,6,0.6,False,False,False,nan,nan,nan
v3_sc3_staging_04,L0,0,7,0.6,True,False,False,4.226345596729059,1.197056274847714,2.664253466459348
v3_sc3_staging_04,L0,0,8,0.6,False,False,False,nan,nan,nan
v3_sc3_staging_04,L0,0,9,0.6,False,False,False,nan,nan,nan
v3_sc3_staging_04,L0,0,10,0.6,True,False,False,4.748528137423857,1.1,2.3783675929248513
v3_sc3_staging_04,L0,0,11,0.6,True,False,False,5.9106601717798215,0.9000000000000001,1.3062391868188443
v3_sc3_staging_04,L0,0,12,0.6,False,False,False,nan,nan,nan
v3_sc3_staging_04,L0,0,13,0.6,False,False,False,nan,nan,nan
v3_sc3_staging_04,L0,0,14,0.6,False,False,False,nan,nan,nan
v3_sc3_staging_04,L0,0,15,0.6,False,False,False,nan,nan,nan
v3_sc3_staging_04,L0,0,16,0.6,False,False,False,nan,nan,nan
v3_sc3_staging_04,L0,0,17,0.6,False,False,False,nan,nan,nan
v3_sc3_staging_04,L0,0,18,0.6,False,False,False,nan,nan,nan
v3_sc3_staging_04,L0,0,19,0.6,False,False,False,nan,nan,nan
v3_sc3_staging_04,L0,0,0,0.8,False,False,False,nan,nan,nan
v3_sc3_staging_04,L0,0,1,0.8,False,False,False,nan,nan,nan
v3_sc3_staging_04,L0,0,2,0.8,False,False,False,nan,nan,nan
v3_sc3_staging_04,L0,0,3,0.8,True,False,False,4.933452377915607,0.80384048104053,2.0932604959779884
v3_sc3_staging_04,L0,0,4,0.8,False,False,False,nan,nan,nan
v3_sc3_staging_04,L0,0,5,0.8,True,False,False,3.749137802864845,1.2677669529663689,4.2169905660283025
v3_sc3_staging_04,L0,0,6,0.8,False,False,False,nan,nan,nan
v3_sc3_staging_04,L0,0,7,0.8,True,False,False,4.226345596729059,1.197056274847714,2.664253466459348
v3_sc3_staging_04,L0,0,8,0.8,False,False,False,nan,nan,nan
v3_sc3_staging_04,L0,0,9,0.8,False,False,False,nan,nan,nan
v3_sc3_staging_04,L0,0,10,0.8,True,False,False,4.748528137423857,1.1,2.3783675929248513
v3_sc3_staging_04,L0,0,11,0.8,True,False,False,5.9106601717798215,0.9000000000000001,1.3062391868188443
v3_sc3_staging_04,L0,0,12,0.8,False,False,False,nan,nan,nan
v3_sc3_staging_04,L0,0,13,0.8,False,False,False,nan,nan,nan
v3_sc3_staging_04,L0,0,14,0.8,False,False,False,nan,nan,nan
v3_sc3_staging_04,L0,0,15,0.8,False,False,False,nan,nan,nan
v3_sc3_staging_04,L0,0,16,0.8,False,False,False,nan,nan,nan
v3_sc3_staging_04,L0,0,17,0.8,False,False,False,nan,nan,nan
v3_sc3_staging_04,L0,0,18,0.8,False,False,False,nan,nan,nan
v3_sc3_staging_04,L0,0,19,0.8,False,False,False,nan,nan,nan
v3_sc3_staging_04,L0,0,0,1.0,False,False,False,nan,nan,nan
v3_sc3_staging_04,L0,0,1,1.0,False,False,False,nan,nan,nan
v3_sc3_staging_04,L0,0,2,1.0,False,False,False,nan,nan,nan
v3_sc3_staging_04,L0,0,3,1.0,True,False,False,4.962741699796952,1.0008331019803636,2.1419689627245813
v3_sc3_staging_04,L0,0,4,1.0,False,False,False,nan,nan,nan
v3_sc3_staging_04,L0,0,5,1.0,True,False,False,3.749137802864845,1.2677669529663689,4.2169905660283025
v3_sc3_staging_04,L0,0,6,1.0,False,False,False,nan,nan,nan
v3_sc3_staging_04,L0,0,7,1.0,True,False,False,4.226345596729059,1.197056274847714,2.664253466459348
v3_sc3_staging_04,L0,0,8,1.0,False,False,False,nan,nan,nan
v3_sc3_staging_04,L0,0,9,1.0,False,False,False,nan,nan,nan
v3_sc3_staging_04,L0,0,10,1.0,True,False,False,4.748528137423857,1.1,2.3783675929248513
v3_sc3_staging_04,L0,0,11,1.0,True,False,False,6.034924240491751,1.0008331019803636,1.3062391868188443
v3_sc3_staging_04,L0,0,12,1.0,False,False,False,nan,nan,nan
v3_sc3_staging_04,L0,0,13,1.0,False,False,False,nan,nan,nan
v3_sc3_staging_04,L0,0,14,1.0,False,False,False,nan,nan,nan
v3_sc3_staging_04,L0,0,15,1.0,False,False,False,nan,nan,nan
v3_sc3_staging_04,L0,0,16,1.0,False,False,False,nan,nan,nan
v3_sc3_staging_04,L0,0,17,1.0,False,False,False,nan,nan,nan
v3_sc3_staging_04,L0,0,18,1.0,False,False,False,nan,nan,nan
v3_sc3_staging_04,L0,0,19,1.0,False,False,False,nan,nan,nan
v3_sc3_staging_04,L0,0,0,1.25,False,False,False,nan,nan,nan
v3_sc3_staging_04,L0,0,1,1.25,False,False,False,nan,nan,nan
v3_sc3_staging_04,L0,0,2,1.25,False,False,False,nan,nan,nan
v3_sc3_staging_04,L0,0,3,1.25,True,False,False,5.188477631085024,1.2507141400011599,2.277138815399763
v3_sc3_staging_04,L0,0,4,1.25,False,False,False,nan,nan,nan
v3_sc3_staging_04,L0,0,5,1.25,True,False,False,3.749137802864845,1.2677669529663689,4.2169905660283025
v3_sc3_staging_04,L0,0,6,1.25,False,False,False,nan,nan,nan
v3_sc3_staging_04,L0,0,7,1.25,True,False,False,4.226345596729059,1.2613914953808536,2.664253466459348
v3_sc3_staging_04,L0,0,8,1.25,False,False,False,nan,nan,nan
v3_sc3_staging_04,L0,0,9,1.25,False,False,False,nan,nan,nan
v3_sc3_staging_04,L0,0,10,1.25,True,False,False,4.7485281374238575,1.35,2.3783675929248513
v3_sc3_staging_04,L0,0,11,1.25,True,False,False,6.242031021678298,1.2507141400011599,1.3062391868188443
v3_sc3_staging_04,L0,0,12,1.25,False,False,False,nan,nan,nan
v3_sc3_staging_04,L0,0,13,1.25,False,False,False,nan,nan,nan
v3_sc3_staging_04,L0,0,14,1.25,False,False,False,nan,nan,nan
v3_sc3_staging_04,L0,0,15,1.25,False,False,False,nan,nan,nan
v3_sc3_staging_04,L0,0,16,1.25,False,False,False,nan,nan,nan
v3_sc3_staging_04,L0,0,17,1.25,False,False,False,nan,nan,nan
v3_sc3_staging_04,L0,0,18,1.25,False,False,False,nan,nan,nan
v3_sc3_staging_04,L0,0,19,1.25,False,False,False,nan,nan,nan
v3_sc3_staging_04,L0,0,0,1.5,False,False,False,nan,nan,nan
v3_sc3_staging_04,L0,0,1,1.5,False,False,False,nan,nan,nan
v3_sc3_staging_04,L0,0,2,1.5,False,False,False,nan,nan,nan
v3_sc3_staging_04,L0,0,3,1.5,False,False,False,nan,nan,nan
v3_sc3_staging_04,L0,0,4,1.5,False,False,False,nan,nan,nan
v3_sc3_staging_04,L0,0,5,1.5,False,False,False,nan,nan,nan
v3_sc3_staging_04,L0,0,6,1.5,False,False,False,nan,nan,nan
v3_sc3_staging_04,L0,0,7,1.5,False,False,False,nan,nan,nan
v3_sc3_staging_04,L0,0,8,1.5,False,False,False,nan,nan,nan
v3_sc3_staging_04,L0,0,9,1.5,False,False,False,nan,nan,nan
v3_sc3_staging_04,L0,0,10,1.5,False,False,False,nan,nan,nan
v3_sc3_staging_04,L0,0,11,1.5,False,False,False,nan,nan,nan
v3_sc3_staging_04,L0,0,12,1.5,False,False,False,nan,nan,nan
v3_sc3_staging_04,L0,0,13,1.5,False,False,False,nan,nan,nan
v3_sc3_staging_04,L0,0,14,1.5,False,False,False,nan,nan,nan
v3_sc3_staging_04,L0,0,15,1.5,False,False,False,nan,nan,nan
v3_sc3_staging_04,L0,0,16,1.5,False,False,False,nan,nan,nan
v3_sc3_staging_04,L0,0,17,1.5,False,False,False,nan,nan,nan
v3_sc3_staging_04,L0,0,18,1.5,False,False,False,nan,nan,nan
v3_sc3_staging_04,L0,0,19,1.5,False,False,False,nan,nan,nan
v3_sc3_staging_04,L0,0,0,2.0,False,False,False,nan,nan,nan
v3_sc3_staging_04,L0,0,1,2.0,False,False,False,nan,nan,nan
v3_sc3_staging_04,L0,0,2,2.0,False,False,False,nan,nan,nan
v3_sc3_staging_04,L0,0,3,2.0,False,False,False,nan,nan,nan
v3_sc3_staging_04,L0,0,4,2.0,False,False,False,nan,nan,nan
v3_sc3_staging_04,L0,0,5,2.0,False,False,False,nan,nan,nan
v3_sc3_staging_04,L0,0,6,2.0,False,False,False,nan,nan,nan
v3_sc3_staging_04,L0,0,7,2.0,False,False,False,nan,nan,nan
v3_sc3_staging_04,L0,0,8,2.0,False,False,False,nan,nan,nan
v3_sc3_staging_04,L0,0,9,2.0,False,False,False,nan,nan,nan
v3_sc3_staging_04,L0,0,10,2.0,False,False,False,nan,nan,nan
v3_sc3_staging_04,L0,0,11,2.0,False,False,False,nan,nan,nan
v3_sc3_staging_04,L0,0,12,2.0,False,False,False,nan,nan,nan
v3_sc3_staging_04,L0,0,13,2.0,False,False,False,nan,nan,nan
v3_sc3_staging_04,L0,0,14,2.0,False,False,False,nan,nan,nan
v3_sc3_staging_04,L0,0,15,2.0,False,False,False,nan,nan,nan
v3_sc3_staging_04,L0,0,16,2.0,False,False,False,nan,nan,nan
v3_sc3_staging_04,L0,0,17,2.0,False,False,False,nan,nan,nan
v3_sc3_staging_04,L0,0,18,2.0,False,False,False,nan,nan,nan
v3_sc3_staging_04,L0,0,19,2.0,False,False,False,nan,nan,nan
v3_sc3_staging_04,L2,0,0,0.0,True,False,False,5.109797974644667,0.23824115301167004,0.23824115301167004
v3_sc3_staging_04,L2,0,1,0.0,True,False,False,3.7056349186104054,0.009901951359278516,0.16708320320631675
v3_sc3_staging_04,L2,0,2,0.0,True,False,False,6.799137802864848,0.002493781056044475,0.10000000000000009
v3_sc3_staging_04,L2,0,3,0.0,True,False,False,4.954163056034261,0.8793114224133722,2.1348624252510797
v3_sc3_staging_04,L2,0,4,0.0,True,False,False,5.863351365237941,0.2778174593052023,2.804920573932148
v3_sc3_staging_04,L2,0,5,0.0,True,False,False,3.7784271247461905,0.41923881554251174,4.2169905660283025
v3_sc3_staging_04,L2,0,6,0.0,True,False,False,4.447665940288702,0.2433034373659253,2.6784430150625638
v3_sc3_staging_04,L2,0,7,0.0,True,False,False,4.247056274847714,1.1620770138594663,2.6906112267087634
v3_sc3_staging_04,L2,0,8,0.0,True,False,False,5.131980515339464,0.002493781056044475,1.7808989455914088
v3_sc3_staging_04,L2,0,9,0.0,True,False,False,8.284062043356595,0.014781507049350107,0.10000000000000009
v3_sc3_staging_04,L2,0,10,0.0,True,False,False,4.769238815542512,1.1,2.4261749776799064
v3_sc3_staging_04,L2,0,11,0.0,True,False,False,5.931370849898477,0.8500000000000001,1.3560711193270585
v3_sc3_staging_04,L2,0,12,0.0,True,False,False,8.699747468305834,0.12649820430708347,0.10000000000000009
v3_sc3_staging_04,L2,0,13,0.0,True,False,False,5.858326112068525,0.23824115301167004,0.10000000000000009
v3_sc3_staging_04,L2,0,14,0.0,False,False,False,nan,nan,nan
v3_sc3_staging_04,L2,0,15,0.0,True,False,False,10.108326112068525,0.12649820430708347,0.10000000000000009
v3_sc3_staging_04,L2,0,16,0.0,True,False,False,5.576955262170048,0.2778174593052023,3.1062445840513924
v3_sc3_staging_04,L2,0,17,0.0,True,False,False,5.918376618407358,0.19641941385920603,0.10000000000000009
v3_sc3_staging_04,L2,0,18,0.0,True,False,False,5.179898987322334,0.05901699437494745,1.5573040611440985
v3_sc3_staging_04,L2,0,19,0.0,False,False,False,nan,nan,nan
v3_sc3_staging_04,L2,0,0,0.1,True,False,False,5.109797974644667,0.23824115301167004,0.23824115301167004
v3_sc3_staging_04,L2,0,1,0.1,True,False,False,3.734924240491749,0.10207972893961481,0.37321245982864903
v3_sc3_staging_04,L2,0,2,0.1,True,False,False,6.799137802864848,0.10000000000000009,0.10000000000000009
v3_sc3_staging_04,L2,0,3,0.1,True,False,False,4.954163056034261,0.8793114224133722,2.1348624252510797
v3_sc3_staging_04,L2,0,4,0.1,True,False,False,5.863351365237941,0.2778174593052023,2.804920573932148
v3_sc3_staging_04,L2,0,5,0.1,True,False,False,3.7784271247461905,0.41923881554251174,4.2169905660283025
v3_sc3_staging_04,L2,0,6,0.1,True,False,False,4.447665940288702,0.2433034373659253,2.6784430150625638
v3_sc3_staging_04,L2,0,7,0.1,True,False,False,4.247056274847714,1.1620770138594663,2.6906112267087634
v3_sc3_staging_04,L2,0,8,0.1,True,False,False,5.131980515339464,0.10000000000000009,1.7808989455914088
v3_sc3_staging_04,L2,0,9,0.1,True,False,False,8.284062043356597,0.10000000000000009,0.10000000000000009
v3_sc3_staging_04,L2,0,10,0.1,True,False,False,4.769238815542512,1.1,2.4261749776799064
v3_sc3_staging_04,L2,0,11,0.1,True,False,False,5.931370849898477,0.8500000000000001,1.3560711193270585
v3_sc3_staging_04,L2,0,12,0.1,True,False,False,8.699747468305834,0.12649820430708347,0.10000000000000009
v3_sc3_staging_04,L2,0,13,0.1,True,False,False,5.858326112068525,0.23824115301167004,0.10000000000000009
v3_sc3_staging_04,L2,0,14,0.1,False,False,False,nan,nan,nan
v3_sc3_staging_04,L2,0,15,0.1,True,False,False,10.108326112068525,0.12649820430708347,0.10000000000000009
v3_sc3_staging_04,L2,0,16,0.1,True,False,False,5.576955262170048,0.2778174593052023,3.1062445840513924
v3_sc3_staging_04,L2,0,17,0.1,True,False,False,5.918376618407358,0.19641941385920603,0.10000000000000009
v3_sc3_staging_04,L2,0,18,0.1,True,False,False,5.179898987322334,0.27620873481300123,1.5573040611440985
v3_sc3_staging_04,L2,0,19,0.1,False,False,False,nan,nan,nan
v3_sc3_staging_04,L2,0,0,0.2,True,False,False,5.109797974644667,0.23824115301167004,0.23824115301167004
v3_sc3_staging_04,L2,0,1,0.2,False,False,False,nan,nan,nan
v3_sc3_staging_04,L2,0,2,0.2,False,False,False,nan,nan,nan
v3_sc3_staging_04,L2,0,3,0.2,True,False,False,4.954163056034261,0.8793114224133722,2.1348624252510797
v3_sc3_staging_04,L2,0,4,0.2,True,False,False,5.863351365237941,0.2778174593052023,2.804920573932148
v3_sc3_staging_04,L2,0,5,0.2,True,False,False,3.7784271247461905,0.41923881554251174,4.2169905660283025
v3_sc3_staging_04,L2,0,6,0.2,True,False,False,4.447665940288702,0.2433034373659253,2.6784430150625638
v3_sc3_staging_04,L2,0,7,0.2,True,False,False,4.247056274847714,1.1620770138594663,2.6906112267087634
v3_sc3_staging_04,L2,0,8,0.2,True,False,False,5.131980515339464,0.20000000000000007,1.7808989455914088
v3_sc3_staging_04,L2,0,9,0.2,False,False,False,nan,nan,nan
v3_sc3_staging_04,L2,0,10,0.2,True,False,False,4.769238815542512,1.1,2.4261749776799064
v3_sc3_staging_04,L2,0,11,0.2,True,False,False,5.931370849898477,0.8500000000000001,1.3560711193270585
v3_sc3_staging_04,L2,0,12,0.2,False,False,False,nan,nan,nan
v3_sc3_staging_04,L2,0,13,0.2,True,False,False,5.858326112068525,0.23824115301167004,0.2433034373659253
v3_sc3_staging_04,L2,0,14,0.2,False,False,False,nan,nan,nan
v3_sc3_staging_04,L2,0,15,0.2,False,False,False,nan,nan,nan
v3_sc3_staging_04,L2,0,16,0.2,True,False,False,5.576955262170048,0.2778174593052023,3.1062445840513924
v3_sc3_staging_04,L2,0,17,0.2,True,False,False,5.918376618407358,0.21589105316381774,0.20000000000000007
v3_sc3_staging_04,L2,0,18,0.2,True,False,False,5.179898987322334,0.27620873481300123,1.5573040611440985
v3_sc3_staging_04,L2,0,19,0.2,False,False,False,nan,nan,nan
v3_sc3_staging_04,L2,0,0,0.3,True,False,False,7.258326112068527,0.3062257748298549,1.2269916039170543
v3_sc3_staging_04,L2,0,1,0.3,False,False,False,nan,nan,nan
v3_sc3_staging_04,L2,0,2,0.3,False,False,False,nan,nan,nan
v3_sc3_staging_04,L2,0,3,0.3,True,False,False,4.954163056034261,0.8793114224133722,2.1348624252510797
v3_sc3_staging_04,L2,0,4,0.3,True,False,False,5.86335136523794,0.3062257748298549,2.804920573932148
v3_sc3_staging_04,L2,0,5,0.3,True,False,False,3.7784271247461905,0.41923881554251174,4.2169905660283025
v3_sc3_staging_04,L2,0,6,0.3,True,False,False,4.447665940288703,0.3139410298049854,2.742298567374695
v3_sc3_staging_04,L2,0,7,0.3,True,False,False,4.247056274847714,1.1620770138594663,2.6906112267087634
v3_sc3_staging_04,L2,0,8,0.3,True,False,False,5.161269837220808,0.3015609770940699,1.7808989455914088
v3_sc3_staging_04,L2,0,9,0.3,False,False,False,nan,nan,nan
v3_sc3_staging_04,L2,0,10,0.3,True,False,False,4.769238815542512,1.1,2.4261749776799064
v3_sc3_staging_04,L2,0,11,0.3,True,False,False,5.931370849898477,0.8500000000000001,1.3560711193270585
v3_sc3_staging_04,L2,0,12,0.3,False,False,False,nan,nan,nan
v3_sc3_staging_04,L2,0,13,0.3,True,False,False,7.03614357137373,0.3062257748298549,1.9052026941611389
v3_sc3_staging_04,L2,0,14,0.3,False,False,False,nan,nan,nan
v3_sc3_staging_04,L2,0,15,0.3,False,False,False,nan,nan,nan
v3_sc3_staging_04,L2,0,16,0.3,True,False,False,5.576955262170047,0.3062257748298549,3.1062445840513924
v3_sc3_staging_04,L2,0,17,0.3,True,False,False,6.842640687119285,0.3015609770940699,1.3973665961010278
v3_sc3_staging_04,L2,0,18,0.3,True,False,False,5.209188309203679,0.3062257748298549,1.5573040611440985
v3_sc3_staging_04,L2,0,19,0.3,False,False,False,nan,nan,nan
v3_sc3_staging_04,L2,0,0,0.4,False,False,False,nan,nan,nan
v3_sc3_staging_04,L2,0,1,0.4,False,False,False,nan,nan,nan
v3_sc3_staging_04,L2,0,2,0.4,False,False,False,nan,nan,nan
v3_sc3_staging_04,L2,0,3,0.4,True,False,False,4.954163056034261,0.8793114224133722,2.1348624252510797
v3_sc3_staging_04,L2,0,4,0.4,False,False,False,nan,nan,nan
v3_sc3_staging_04,L2,0,5,0.4,True,False,False,3.7784271247461905,0.41923881554251174,4.2169905660283025
v3_sc3_staging_04,L2,0,6,0.4,False,False,False,nan,nan,nan
v3_sc3_staging_04,L2,0,7,0.4,True,False,False,4.247056274847714,1.1620770138594663,2.6906112267087634
v3_sc3_staging_04,L2,0,8,0.4,False,False,False,nan,nan,nan
v3_sc3_staging_04,L2,0,9,0.4,False,False,False,nan,nan,nan
v3_sc3_staging_04,L2,0,10,0.4,True,False,False,4.769238815542512,1.1,2.4261749776799064
v3_sc3_staging_04,L2,0,11,0.4,True,False,False,5.931370849898477,0.8500000000000001,1.3560711193270585
v3_sc3_staging_04,L2,0,12,0.4,False,False,False,nan,nan,nan
v3_sc3_staging_04,L2,0,13,0.4,False,False,False,nan,nan,nan
v3_sc3_staging_04,L2,0,14,0.4,False,False,False,nan,nan,nan
v3_sc3_staging_04,L2,0,15,0.4,False,False,False,nan,nan,nan
v3_sc3_staging_04,L2,0,16,0.4,False,False,False,nan,nan,nan
v3_sc3_staging_04,L2,0,17,0.4,False,False,False,nan,nan,nan
v3_sc3_staging_04,L2,0,18,0.4,False,False,False,nan,nan,nan
v3_sc3_staging_04,L2,0,19,0.4,False,False,False,nan,nan,nan
v3_sc3_staging_04,L2,0,0,0.5,False,False,False,nan,nan,nan
v3_sc3_staging_04,L2,0,1,0.5,False,False,False,nan,nan,nan
v3_sc3_staging_04,L2,0,2,0.5,False,False,False,nan,nan,nan
v3_sc3_staging_04,L2,0,3,0.5,True,False,False,4.954163056034261,0.8793114224133722,2.1348624252510797
v3_sc3_staging_04,L2,0,4,0.5,False,False,False,nan,nan,nan
v3_sc3_staging_04,L2,0,5,0.5,False,False,False,nan,nan,nan
v3_sc3_staging_04,L2,0,6,0.5,False,False,False,nan,nan,nan
v3_sc3_staging_04,L2,0,7,0.5,True,False,False,4.247056274847714,1.1620770138594663,2.6906112267087634
v3_sc3_staging_04,L2,0,8,0.5,False,False,False,nan,nan,nan
v3_sc3_staging_04,L2,0,9,0.5,False,False,False,nan,nan,nan
v3_sc3_staging_04,L2,0,10,0.5,True,False,False,4.769238815542512,1.1,2.4261749776799064
v3_sc3_staging_04,L2,0,11,0.5,True,False,False,5.931370849898477,0.8500000000000001,1.3560711193270585
v3_sc3_staging_04,L2,0,12,0.5,False,False,False,nan,nan,nan
v3_sc3_staging_04,L2,0,13,0.5,False,False,False,nan,nan,nan
v3_sc3_staging_04,L2,0,14,0.5,False,False,False,nan,nan,nan
v3_sc3_staging_04,L2,0,15,0.5,False,False,False,nan,nan,nan
v3_sc3_staging_04,L2,0,16,0.5,False,False,False,nan,nan,nan
v3_sc3_staging_04,L2,0,17,0.5,False,False,False,nan,nan,nan
v3_sc3_staging_04,L2,0,18,0.5,False,False,False,nan,nan,nan
v3_sc3_staging_04,L2,0,19,0.5,False,False,False,nan,nan,nan
v3_sc3_staging_04,L2,0,0,0.6,False,False,False,nan,nan,nan
v3_sc3_staging_04,L2,0,1,0.6,False,False,False,nan,nan,nan
v3_sc3_staging_04,L2,0,2,0.6,False,False,False,nan,nan,nan
v3_sc3_staging_04,L2,0,3,0.6,True,False,False,4.954163056034261,0.8793114224133722,2.1348624252510797
v3_sc3_staging_04,L2,0,4,0.6,False,False,False,nan,nan,nan
v3_sc3_staging_04,L2,0,5,0.6,False,False,False,nan,nan,nan
v3_sc3_staging_04,L2,0,6,0.6,False,False,False,nan,nan,nan
v3_sc3_staging_04,L2,0,7,0.6,True,False,False,4.247056274847714,1.1620770138594663,2.6906112267087634
v3_sc3_staging_04,L2,0,8,0.6,False,False,False,nan,nan,nan
v3_sc3_staging_04,L2,0,9,0.6,False,False,False,nan,nan,nan
v3_sc3_staging_04,L2,0,10,0.6,True,False,False,4.769238815542512,1.1,2.4261749776799064
v3_sc3_staging_04,L2,0,11,0.6,True,False,False,5.931370849898477,0.8500000000000001,1.3560711193270585
v3_sc3_staging_04,L2,0,12,0.6,False,False,False,nan,nan,nan
v3_sc3_staging_04,L2,0,13,0.6,False,False,False,nan,nan,nan
v3_sc3_staging_04,L2,0,14,0.6,False,False,False,nan,nan,nan
v3_sc3_staging_04,L2,0,15,0.6,False,False,False,nan,nan,nan
v3_sc3_staging_04,L2,0,16,0.6,False,False,False,nan,nan,nan
v3_sc3_staging_04,L2,0,17,0.6,False,False,False,nan,nan,nan
v3_sc3_staging_04,L2,0,18,0.6,False,False,False,nan,nan,nan
v3_sc3_staging_04,L2,0,19,0.6,False,False,False,nan,nan,nan
v3_sc3_staging_04,L2,0,0,0.8,False,False,False,nan,nan,nan
v3_sc3_staging_04,L2,0,1,0.8,False,False,False,nan,nan,nan
v3_sc3_staging_04,L2,0,2,0.8,False,False,False,nan,nan,nan
v3_sc3_staging_04,L2,0,3,0.8,True,False,False,4.954163056034261,0.8793114224133722,2.1348624252510797
v3_sc3_staging_04,L2,0,4,0.8,False,False,False,nan,nan,nan
v3_sc3_staging_04,L2,0,5,0.8,False,False,False,nan,nan,nan
v3_sc3_staging_04,L2,0,6,0.8,False,False,False,nan,nan,nan
v3_sc3_staging_04,L2,0,7,0.8,True,False,False,4.247056274847714,1.1620770138594663,2.6906112267087634
v3_sc3_staging_04,L2,0,8,0.8,False,False,False,nan,nan,nan
v3_sc3_staging_04,L2,0,9,0.8,False,False,False,nan,nan,nan
v3_sc3_staging_04,L2,0,10,0.8,True,False,False,4.769238815542512,1.1,2.4261749776799064
v3_sc3_staging_04,L2,0,11,0.8,True,False,False,5.931370849898477,0.8500000000000001,1.3560711193270585
v3_sc3_staging_04,L2,0,12,0.8,False,False,False,nan,nan,nan
v3_sc3_staging_04,L2,0,13,0.8,False,False,False,nan,nan,nan
v3_sc3_staging_04,L2,0,14,0.8,False,False,False,nan,nan,nan
v3_sc3_staging_04,L2,0,15,0.8,False,False,False,nan,nan,nan
v3_sc3_staging_04,L2,0,16,0.8,False,False,False,nan,nan,nan
v3_sc3_staging_04,L2,0,17,0.8,False,False,False,nan,nan,nan
v3_sc3_staging_04,L2,0,18,0.8,False,False,False,nan,nan,nan
v3_sc3_staging_04,L2,0,19,0.8,False,False,False,nan,nan,nan
v3_sc3_staging_04,L2,0,0,1.0,False,False,False,nan,nan,nan
v3_sc3_staging_04,L2,0,1,1.0,False,False,False,nan,nan,nan
v3_sc3_staging_04,L2,0,2,1.0,False,False,False,nan,nan,nan
v3_sc3_staging_04,L2,0,3,1.0,True,False,False,5.012741699796952,1.0008331019803636,2.185609800399157
v3_sc3_staging_04,L2,0,4,1.0,False,False,False,nan,nan,nan
v3_sc3_staging_04,L2,0,5,1.0,False,False,False,nan,nan,nan
v3_sc3_staging_04,L2,0,6,1.0,False,False,False,nan,nan,nan
v3_sc3_staging_04,L2,0,7,1.0,True,False,False,4.247056274847714,1.1620770138594663,2.6906112267087634
v3_sc3_staging_04,L2,0,8,1.0,False,False,False,nan,nan,nan
v3_sc3_staging_04,L2,0,9,1.0,False,False,False,nan,nan,nan
v3_sc3_staging_04,L2,0,10,1.0,True,False,False,4.769238815542512,1.1,2.4261749776799064
v3_sc3_staging_04,L2,0,11,1.0,True,False,False,6.055634918610405,1.0008331019803636,1.3560711193270585
v3_sc3_staging_04,L2,0,12,1.0,False,False,False,nan,nan,nan
v3_sc3_staging_04,L2,0,13,1.0,False,False,False,nan,nan,nan
v3_sc3_staging_04,L2,0,14,1.0,False,False,False,nan,nan,nan
v3_sc3_staging_04,L2,0,15,1.0,False,False,False,nan,nan,nan
v3_sc3_staging_04,L2,0,16,1.0,False,False,False,nan,nan,nan
v3_sc3_staging_04,L2,0,17,1.0,False,False,False,nan,nan,nan
v3_sc3_staging_04,L2,0,18,1.0,False,False,False,nan,nan,nan
v3_sc3_staging_04,L2,0,19,1.0,False,False,False,nan,nan,nan
v3_sc3_staging_04,L2,0,0,1.25,False,False,False,nan,nan,nan
v3_sc3_staging_04,L2,0,1,1.25,False,False,False,nan,nan,nan
v3_sc3_staging_04,L2,0,2,1.25,False,False,False,nan,nan,nan
v3_sc3_staging_04,L2,0,3,1.25,True,False,False,5.238477631085023,1.2507141400011599,2.323118842698621
v3_sc3_staging_04,L2,0,4,1.25,False,False,False,nan,nan,nan
v3_sc3_staging_04,L2,0,5,1.25,False,False,False,nan,nan,nan
v3_sc3_staging_04,L2,0,6,1.25,False,False,False,nan,nan,nan
v3_sc3_staging_04,L2,0,7,1.25,True,False,False,4.247056274847714,1.2613914953808536,2.6906112267087634
v3_sc3_staging_04,L2,0,8,1.25,False,False,False,nan,nan,nan
v3_sc3_staging_04,L2,0,9,1.25,False,False,False,nan,nan,nan
v3_sc3_staging_04,L2,0,10,1.25,True,False,False,4.769238815542512,1.3200274723201297,2.4261749776799064
v3_sc3_staging_04,L2,0,11,1.25,False,False,False,nan,nan,nan
v3_sc3_staging_04,L2,0,12,1.25,False,False,False,nan,nan,nan
v3_sc3_staging_04,L2,0,13,1.25,False,False,False,nan,nan,nan
v3_sc3_staging_04,L2,0,14,1.25,False,False,False,nan,nan,nan
v3_sc3_staging_04,L2,0,15,1.25,False,False,False,nan,nan,nan
v3_sc3_staging_04,L2,0,16,1.25,False,False,False,nan,nan,nan
v3_sc3_staging_04,L2,0,17,1.25,False,False,False,nan,nan,nan
v3_sc3_staging_04,L2,0,18,1.25,False,False,False,nan,nan,nan
v3_sc3_staging_04,L2,0,19,1.25,False,False,False,nan,nan,nan
v3_sc3_staging_04,L2,0,0,1.5,False,False,False,nan,nan,nan
v3_sc3_staging_04,L2,0,1,1.5,False,False,False,nan,nan,nan
v3_sc3_staging_04,L2,0,2,1.5,False,False,False,nan,nan,nan
v3_sc3_staging_04,L2,0,3,1.5,False,False,False,nan,nan,nan
v3_sc3_staging_04,L2,0,4,1.5,False,False,False,nan,nan,nan
v3_sc3_staging_04,L2,0,5,1.5,False,False,False,nan,nan,nan
v3_sc3_staging_04,L2,0,6,1.5,False,False,False,nan,nan,nan
v3_sc3_staging_04,L2,0,7,1.5,False,False,False,nan,nan,nan
v3_sc3_staging_04,L2,0,8,1.5,False,False,False,nan,nan,nan
v3_sc3_staging_04,L2,0,9,1.5,False,False,False,nan,nan,nan
v3_sc3_staging_04,L2,0,10,1.5,False,False,False,nan,nan,nan
v3_sc3_staging_04,L2,0,11,1.5,False,False,False,nan,nan,nan
v3_sc3_staging_04,L2,0,12,1.5,False,False,False,nan,nan,nan
v3_sc3_staging_04,L2,0,13,1.5,False,False,False,nan,nan,nan
v3_sc3_staging_04,L2,0,14,1.5,False,False,False,nan,nan,nan
v3_sc3_staging_04,L2,0,15,1.5,False,False,False,nan,nan,nan
v3_sc3_staging_04,L2,0,16,1.5,False,False,False,nan,nan,nan
v3_sc3_staging_04,L2,0,17,1.5,False,False,False,nan,nan,nan
v3_sc3_staging_04,L2,0,18,1.5,False,False,False,nan,nan,nan
v3_sc3_staging_04,L2,0,19,1.5,False,False,False,nan,nan,nan
v3_sc3_staging_04,L2,0,0,2.0,False,False,False,nan,nan,nan
v3_sc3_staging_04,L2,0,1,2.0,False,False,False,nan,nan,nan
v3_sc3_staging_04,L2,0,2,2.0,False,False,False,nan,nan,nan
v3_sc3_staging_04,L2,0,3,2.0,False,False,False,nan,nan,nan
v3_sc3_staging_04,L2,0,4,2.0,False,False,False,nan,nan,nan
v3_sc3_staging_04,L2,0,5,2.0,False,False,False,nan,nan,nan
v3_sc3_staging_04,L2,0,6,2.0,False,False,False,nan,nan,nan
v3_sc3_staging_04,L2,0,7,2.0,False,False,False,nan,nan,nan
v3_sc3_staging_04,L2,0,8,2.0,False,False,False,nan,nan,nan
v3_sc3_staging_04,L2,0,9,2.0,False,False,False,nan,nan,nan
v3_sc3_staging_04,L2,0,10,2.0,False,False,False,nan,nan,nan
v3_sc3_staging_04,L2,0,11,2.0,False,False,False,nan,nan,nan
v3_sc3_staging_04,L2,0,12,2.0,False,False,False,nan,nan,nan
v3_sc3_staging_04,L2,0,13,2.0,False,False,False,nan,nan,nan
v3_sc3_staging_04,L2,0,14,2.0,False,False,False,nan,nan,nan
v3_sc3_staging_04,L2,0,15,2.0,False,False,False,nan,nan,nan
v3_sc3_staging_04,L2,0,16,2.0,False,False,False,nan,nan,nan
v3_sc3_staging_04,L2,0,17,2.0,False,False,False,nan,nan,nan
v3_sc3_staging_04,L2,0,18,2.0,False,False,False,nan,nan,nan
v3_sc3_staging_04,L2,0,19,2.0,False,False,False,nan,nan,nan
v3_sc3_staging_04,L2,1,0,0.0,True,False,False,7.329036790187184,0.009901951359278516,1.2269916039170543
v3_sc3_staging_04,L2,1,1,0.0,True,False,False,3.6849242404917497,0.014781507049350107,0.3139410298049854
v3_sc3_staging_04,L2,1,2,0.0,True,False,False,14.755382386916239,0.10000000000000009,0.75
v3_sc3_staging_04,L2,1,3,0.0,True,False,False,4.924873734152916,0.8435028842544403,2.0932604959779884
v3_sc3_staging_04,L2,1,4,0.0,True,False,False,5.9840620433565945,0.3139410298049854,2.7729955698106283
v3_sc3_staging_04,L2,1,5,0.0,True,False,False,3.7698484809835,1.2677669529663689,4.190682253148256
v3_sc3_staging_04,L2,1,6,0.0,True,False,False,4.5269552621700475,0.2778174593052023,2.6484122982862335
v3_sc3_staging_04,L2,1,7,0.0,True,False,False,4.267766952966368,1.1620770138594663,2.6484122982862335
v3_sc3_staging_04,L2,1,8,0.0,True,True,False,5.211269837220809,0.002493781056044475,1.7588713996153036
v3_sc3_staging_04,L2,1,9,0.0,True,False,False,10.960407640085657,0.21589105316381774,0.55
v3_sc3_staging_04,L2,1,10,0.0,True,False,False,4.789949493661166,0.9000000000000001,2.4120439557122073
v3_sc3_staging_04,L2,1,11,0.0,True,False,False,5.9106601717798215,0.8509256086106296,1.3527007313648907
v3_sc3_staging_04,L2,1,12,0.0,True,True,False,11.643250352560274,0.002493781056044475,0.15000000000000002
v3_sc3_staging_04,L2,1,13,0.0,True,False,False,7.177564927611041,0.10827625302982202,1.923324163210527
v3_sc3_staging_04,L2,1,14,0.0,False,False,False,nan,nan,nan
v3_sc3_staging_04,L2,1,15,0.0,True,True,False,11.441168824543142,0.002493781056044475,0.15000000000000002
v3_sc3_staging_04,L2,1,16,0.0,True,False,False,5.647665940288702,0.3139410298049854,3.058440669731617
v3_sc3_staging_04,L2,1,17,0.0,True,True,False,6.913351365237941,0.002493781056044475,1.3973665961010278
v3_sc3_staging_04,L2,1,18,0.0,True,False,False,5.3091883092036785,0.05901699437494745,1.5248456731316589
v3_sc3_staging_04,L2,1,19,0.0,True,True,False,6.30269119345812,0.002493781056044475,2.053918557824427
v3_sc3_staging_04,L2,1,0,0.1,True,False,False,7.329036790187184,0.27620873481300123,1.2269916039170543
v3_sc3_staging_04,L2,1,1,0.1,True,False,False,3.6849242404917497,0.17268120235368556,0.3139410298049854
v3_sc3_staging_04,L2,1,2,0.1,True,False,False,14.755382386916239,0.10000000000000009,0.75
v3_sc3_staging_04,L2,1,3,0.1,True,False,False,4.924873734152916,0.8435028842544403,2.0932604959779884
v3_sc3_staging_04,L2,1,4,0.1,True,False,False,5.9840620433565945,0.3139410298049854,2.7729955698106283
v3_sc3_staging_04,L2,1,5,0.1,True,False,False,3.7698484809835,1.2677669529663689,4.190682253148256
v3_sc3_staging_04,L2,1,6,0.1,True,False,False,4.5269552621700475,0.2778174593052023,2.6484122982862335
v3_sc3_staging_04,L2,1,7,0.1,True,False,False,4.267766952966368,1.1620770138594663,2.6484122982862335
v3_sc3_staging_04,L2,1,8,0.1,True,False,False,5.211269837220809,0.10000000000000009,1.7588713996153036
v3_sc3_staging_04,L2,1,9,0.1,True,False,False,10.960407640085657,0.21589105316381774,0.55
v3_sc3_staging_04,L2,1,10,0.1,True,False,False,4.789949493661166,0.9000000000000001,2.4120439557122073
v3_sc3_staging_04,L2,1,11,0.1,True,False,False,5.9106601717798215,0.8509256086106296,1.3527007313648907
v3_sc3_staging_04,L2,1,12,0.1,True,False,False,11.643250352560274,0.10000000000000009,0.15000000000000002
v3_sc3_staging_04,L2,1,13,0.1,True,False,False,7.177564927611041,0.10827625302982202,1.923324163210527
v3_sc3_staging_04,L2,1,14,0.1,False,False,False,nan,nan,nan
v3_sc3_staging_04,L2,1,15,0.1,True,False,False,11.441168824543142,0.10000000000000009,0.15000000000000002
v3_sc3_staging_04,L2,1,16,0.1,True,False,False,5.647665940288702,0.3139410298049854,3.058440669731617
v3_sc3_staging_04,L2,1,17,0.1,True,False,False,6.913351365237943,0.10000000000000009,1.3973665961010278
v3_sc3_staging_04,L2,1,18,0.1,True,False,False,5.3091883092036785,0.27620873481300123,1.5248456731316589
v3_sc3_staging_04,L2,1,19,0.1,True,False,False,6.30269119345812,0.10000000000000009,2.053918557824427
v3_sc3_staging_04,L2,1,0,0.2,True,False,False,7.329036790187184,0.27620873481300123,1.2269916039170543
v3_sc3_staging_04,L2,1,1,0.2,True,False,False,3.6849242404917497,0.21589105316381774,0.42195444572928875
v3_sc3_staging_04,L2,1,2,0.2,True,False,False,14.755382386916239,0.21589105316381774,0.55
v3_sc3_staging_04,L2,1,3,0.2,True,False,False,4.924873734152916,0.8435028842544403,2.0932604959779884
v3_sc3_staging_04,L2,1,4,0.2,True,False,False,5.9840620433565945,0.3139410298049854,2.7729955698106283
v3_sc3_staging_04,L2,1,5,0.2,True,False,False,3.7698484809835,1.2677669529663689,4.190682253148256
v3_sc3_staging_04,L2,1,6,0.2,True,False,False,4.5269552621700475,0.2778174593052023,2.6484122982862335
v3_sc3_staging_04,L2,1,7,0.2,True,False,False,4.267766952966368,1.1620770138594663,2.6484122982862335
v3_sc3_staging_04,L2,1,8,0.2,True,False,False,5.211269837220809,0.20000000000000007,1.7588713996153036
v3_sc3_staging_04,L2,1,9,0.2,True,False,False,10.960407640085657,0.21589105316381774,0.55
v3_sc3_staging_04,L2,1,10,0.2,True,False,False,4.789949493661166,0.9000000000000001,2.4120439557122073
v3_sc3_staging_04,L2,1,11,0.2,True,False,False,5.9106601717798215,0.8509256086106296,1.3527007313648907
v3_sc3_staging_04,L2,1,12,0.2,True,False,False,11.643250352560274,0.20000000000000007,0.20000000000000007
v3_sc3_staging_04,L2,1,13,0.2,True,False,False,7.177564927611041,0.3139410298049854,1.923324163210527
v3_sc3_staging_04,L2,1,14,0.2,False,False,False,nan,nan,nan
v3_sc3_staging_04,L2,1,15,0.2,True,False,False,11.441168824543142,0.20000000000000007,0.20000000000000007
v3_sc3_staging_04,L2,1,16,0.2,True,False,False,5.647665940288702,0.3139410298049854,3.058440669731617
v3_sc3_staging_04,L2,1,17,0.2,True,False,False,6.913351365237943,0.20000000000000007,1.3973665961010278
v3_sc3_staging_04,L2,1,18,0.2,True,False,False,5.3091883092036785,0.27620873481300123,1.5248456731316589
v3_sc3_staging_04,L2,1,19,0.2,True,False,False,6.30269119345812,0.20000000000000007,2.053918557824427
v3_sc3_staging_04,L2,1,0,0.3,True,False,False,7.329036790187184,0.3139410298049854,1.2269916039170543
v3_sc3_staging_04,L2,1,1,0.3,False,False,False,nan,nan,nan
v3_sc3_staging_04,L2,1,2,0.3,False,False,False,nan,nan,nan
v3_sc3_staging_04,L2,1,3,0.3,True,False,False,4.924873734152916,0.8435028842544403,2.0932604959779884
v3_sc3_staging_04,L2,1,4,0.3,True,False,False,5.9840620433565945,0.3139410298049854,2.7729955698106283
v3_sc3_staging_04,L2,1,5,0.3,True,False,False,3.7698484809835,1.2677669529663689,4.190682253148256
v3_sc3_staging_04,L2,1,6,0.3,True,False,False,4.5269552621700475,0.3062257748298549,2.6484122982862335
v3_sc3_staging_04,L2,1,7,0.3,True,False,False,4.267766952966368,1.1620770138594663,2.6484122982862335
v3_sc3_staging_04,L2,1,8,0.3,True,False,False,5.211269837220809,0.3015609770940699,1.7588713996153036
v3_sc3_staging_04,L2,1,9,0.3,False,False,False,nan,nan,nan
v3_sc3_staging_04,L2,1,10,0.3,True,False,False,4.789949493661166,0.9000000000000001,2.4120439557122073
v3_sc3_staging_04,L2,1,11,0.3,True,False,False,5.9106601717798215,0.8509256086106296,1.3527007313648907
v3_sc3_staging_04,L2,1,12,0.3,False,False,False,nan,nan,nan
v3_sc3_staging_04,L2,1,13,0.3,True,False,False,7.177564927611041,0.3139410298049854,1.923324163210527
v3_sc3_staging_04,L2,1,14,0.3,False,False,False,nan,nan,nan
v3_sc3_staging_04,L2,1,15,0.3,False,False,False,nan,nan,nan
v3_sc3_staging_04,L2,1,16,0.3,True,False,False,5.647665940288702,0.3139410298049854,3.058440669731617
v3_sc3_staging_04,L2,1,17,0.3,True,False,False,6.913351365237941,0.3015609770940699,1.3973665961010278
v3_sc3_staging_04,L2,1,18,0.3,True,False,False,5.3091883092036785,0.3139410298049854,1.5248456731316589
v3_sc3_staging_04,L2,1,19,0.3,True,False,False,6.30269119345812,0.3015609770940699,2.053918557824427
v3_sc3_staging_04,L2,1,0,0.4,False,False,False,nan,nan,nan
v3_sc3_staging_04,L2,1,1,0.4,False,False,False,nan,nan,nan
v3_sc3_staging_04,L2,1,2,0.4,False,False,False,nan,nan,nan
v3_sc3_staging_04,L2,1,3,0.4,True,False,False,4.924873734152916,0.8435028842544403,2.0932604959779884
v3_sc3_staging_04,L2,1,4,0.4,False,False,False,nan,nan,nan
v3_sc3_staging_04,L2,1,5,0.4,True,False,False,3.7698484809835,1.2677669529663689,4.190682253148256
v3_sc3_staging_04,L2,1,6,0.4,False,False,False,nan,nan,nan
v3_sc3_staging_04,L2,1,7,0.4,True,False,False,4.267766952966368,1.1620770138594663,2.6484122982862335
v3_sc3_staging_04,L2,1,8,0.4,False,False,False,nan,nan,nan
v3_sc3_staging_04,L2,1,9,0.4,False,False,False,nan,nan,nan
v3_sc3_staging_04,L2,1,10,0.4,True,False,False,4.789949493661166,0.9000000000000001,2.4120439557122073
v3_sc3_staging_04,L2,1,11,0.4,True,False,False,5.9106601717798215,0.8509256086106296,1.3527007313648907
v3_sc3_staging_04,L2,1,12,0.4,False,False,False,nan,nan,nan
v3_sc3_staging_04,L2,1,13,0.4,False,False,False,nan,nan,nan
v3_sc3_staging_04,L2,1,14,0.4,False,False,False,nan,nan,nan
v3_sc3_staging_04,L2,1,15,0.4,False,False,False,nan,nan,nan
v3_sc3_staging_04,L2,1,16,0.4,False,False,False,nan,nan,nan
v3_sc3_staging_04,L2,1,17,0.4,False,False,False,nan,nan,nan
v3_sc3_staging_04,L2,1,18,0.4,False,False,False,nan,nan,nan
v3_sc3_staging_04,L2,1,19,0.4,False,False,False,nan,nan,nan
v3_sc3_staging_04,L2,1,0,0.5,False,False,False,nan,nan,nan
v3_sc3_staging_04,L2,1,1,0.5,False,False,False,nan,nan,nan
v3_sc3_staging_04,L2,1,2,0.5,False,False,False,nan,nan,nan
v3_sc3_staging_04,L2,1,3,0.5,True,False,False,4.924873734152916,0.8435028842544403,2.0932604959779884
v3_sc3_staging_04,L2,1,4,0.5,False,False,False,nan,nan,nan
v3_sc3_staging_04,L2,1,5,0.5,True,False,False,3.7698484809835,1.2677669529663689,4.190682253148256
v3_sc3_staging_04,L2,1,6,0.5,False,False,False,nan,nan,nan
v3_sc3_staging_04,L2,1,7,0.5,True,False,False,4.267766952966368,1.1620770138594663,2.6484122982862335
v3_sc3_staging_04,L2,1,8,0.5,False,False,False,nan,nan,nan
v3_sc3_staging_04,L2,1,9,0.5,False,False,False,nan,nan,nan
v3_sc3_staging_04,L2,1,10,0.5,True,False,False,4.789949493661166,0.9000000000000001,2.4120439557122073
v3_sc3_staging_04,L2,1,11,0.5,True,False,False,5.9106601717798215,0.8509256086106296,1.3527007313648907
v3_sc3_staging_04,L2,1,12,0.5,False,False,False,nan,nan,nan
v3_sc3_staging_04,L2,1,13,0.5,False,False,False,nan,nan,nan
v3_sc3_staging_04,L2,1,14,0.5,False,False,False,nan,nan,nan
v3_sc3_staging_04,L2,1,15,0.5,False,False,False,nan,nan,nan
v3_sc3_staging_04,L2,1,16,0.5,False,False,False,nan,nan,nan
v3_sc3_staging_04,L2,1,17,0.5,False,False,False,nan,nan,nan
v3_sc3_staging_04,L2,1,18,0.5,False,False,False,nan,nan,nan
v3_sc3_staging_04,L2,1,19,0.5,False,False,False,nan,nan,nan
v3_sc3_staging_04,L2,1,0,0.6,False,False,False,nan,nan,nan
v3_sc3_staging_04,L2,1,1,0.6,False,False,False,nan,nan,nan
v3_sc3_staging_04,L2,1,2,0.6,False,False,False,nan,nan,nan
v3_sc3_staging_04,L2,1,3,0.6,True,False,False,4.924873734152916,0.8435028842544403,2.0932604959779884
v3_sc3_staging_04,L2,1,4,0.6,False,False,False,nan,nan,nan
v3_sc3_staging_04,L2,1,5,0.6,True,False,False,3.7698484809835,1.2677669529663689,4.190682253148256
v3_sc3_staging_04,L2,1,6,0.6,False,False,False,nan,nan,nan
v3_sc3_staging_04,L2,1,7,0.6,True,False,False,4.267766952966368,1.1620770138594663,2.6484122982862335
v3_sc3_staging_04,L2,1,8,0.6,False,False,False,nan,nan,nan
v3_sc3_staging_04,L2,1,9,0.6,False,False,False,nan,nan,nan
v3_sc3_staging_04,L2,1,10,0.6,True,False,False,4.789949493661166,0.9000000000000001,2.4120439557122073
v3_sc3_staging_04,L2,1,11,0.6,True,False,False,5.9106601717798215,0.8509256086106296,1.3527007313648907
v3_sc3_staging_04,L2,1,12,0.6,False,False,False,nan,nan,nan
v3_sc3_staging_04,L2,1,13,0.6,False,False,False,nan,nan,nan
v3_sc3_staging_04,L2,1,14,0.6,False,False,False,nan,nan,nan
v3_sc3_staging_04,L2,1,15,0.6,False,False,False,nan,nan,nan
v3_sc3_staging_04,L2,1,16,0.6,False,False,False,nan,nan,nan
v3_sc3_staging_04,L2,1,17,0.6,False,False,False,nan,nan,nan
v3_sc3_staging_04,L2,1,18,0.6,False,False,False,nan,nan,nan
v3_sc3_staging_04,L2,1,19,0.6,False,False,False,nan,nan,nan
v3_sc3_staging_04,L2,1,0,0.8,False,False,False,nan,nan,nan
v3_sc3_staging_04,L2,1,1,0.8,False,False,False,nan,nan,nan
v3_sc3_staging_04,L2,1,2,0.8,False,False,False,nan,nan,nan
v3_sc3_staging_04,L2,1,3,0.8,True,False,False,4.924873734152916,0.8435028842544403,2.0932604959779884
v3_sc3_staging_04,L2,1,4,0.8,False,False,False,nan,nan,nan
v3_sc3_staging_04,L2,1,5,0.8,True,False,False,3.7698484809835,1.2677669529663689,4.190682253148256
v3_sc3_staging_04,L2,1,6,0.8,False,False,False,nan,nan,nan
v3_sc3_staging_04,L2,1,7,0.8,True,False,False,4.267766952966368,1.1620770138594663,2.6484122982862335
v3_sc3_staging_04,L2,1,8,0.8,False,False,False,nan,nan,nan
v3_sc3_staging_04,L2,1,9,0.8,False,False,False,nan,nan,nan
v3_sc3_staging_04,L2,1,10,0.8,True,False,False,4.789949493661166,0.9000000000000001,2.4120439557122073
v3_sc3_staging_04,L2,1,11,0.8,True,False,False,5.9106601717798215,0.8509256086106296,1.3527007313648907
v3_sc3_staging_04,L2,1,12,0.8,False,False,False,nan,nan,nan
v3_sc3_staging_04,L2,1,13,0.8,False,False,False,nan,nan,nan
v3_sc3_staging_04,L2,1,14,0.8,False,False,False,nan,nan,nan
v3_sc3_staging_04,L2,1,15,0.8,False,False,False,nan,nan,nan
v3_sc3_staging_04,L2,1,16,0.8,False,False,False,nan,nan,nan
v3_sc3_staging_04,L2,1,17,0.8,False,False,False,nan,nan,nan
v3_sc3_staging_04,L2,1,18,0.8,False,False,False,nan,nan,nan
v3_sc3_staging_04,L2,1,19,0.8,False,False,False,nan,nan,nan
v3_sc3_staging_04,L2,1,0,1.0,False,False,False,nan,nan,nan
v3_sc3_staging_04,L2,1,1,1.0,False,False,False,nan,nan,nan
v3_sc3_staging_04,L2,1,2,1.0,False,False,False,nan,nan,nan
v3_sc3_staging_04,L2,1,3,1.0,True,False,False,5.012741699796951,1.0008331019803636,2.1419689627245813
v3_sc3_staging_04,L2,1,4,1.0,False,False,False,nan,nan,nan
v3_sc3_staging_04,L2,1,5,1.0,True,False,False,3.7698484809835,1.2677669529663689,4.190682253148256
v3_sc3_staging_04,L2,1,6,1.0,False,False,False,nan,nan,nan
v3_sc3_staging_04,L2,1,7,1.0,True,False,False,4.267766952966368,1.1620770138594663,2.6484122982862335
v3_sc3_staging_04,L2,1,8,1.0,False,False,False,nan,nan,nan
v3_sc3_staging_04,L2,1,9,1.0,False,False,False,nan,nan,nan
v3_sc3_staging_04,L2,1,10,1.0,True,False,False,4.789949493661167,1.1500000000000001,2.4120439557122073
v3_sc3_staging_04,L2,1,11,1.0,True,False,False,6.034924240491751,1.0008331019803636,1.3527007313648907
v3_sc3_staging_04,L2,1,12,1.0,False,False,False,nan,nan,nan
v3_sc3_staging_04,L2,1,13,1.0,False,False,False,nan,nan,nan
v3_sc3_staging_04,L2,1,14,1.0,False,False,False,nan,nan,nan
v3_sc3_staging_04,L2,1,15,1.0,False,False,False,nan,nan,nan
v3_sc3_staging_04,L2,1,16,1.0,False,False,False,nan,nan,nan
v3_sc3_staging_04,L2,1,17,1.0,False,False,False,nan,nan,nan
v3_sc3_staging_04,L2,1,18,1.0,False,False,False,nan,nan,nan
v3_sc3_staging_04,L2,1,19,1.0,False,False,False,nan,nan,nan
v3_sc3_staging_04,L2,1,0,1.25,False,False,False,nan,nan,nan
v3_sc3_staging_04,L2,1,1,1.25,False,False,False,nan,nan,nan
v3_sc3_staging_04,L2,1,2,1.25,False,False,False,nan,nan,nan
v3_sc3_staging_04,L2,1,3,1.25,True,False,False,5.217766952966369,1.2507141400011599,2.2577164466275352
v3_sc3_staging_04,L2,1,4,1.25,False,False,False,nan,nan,nan
v3_sc3_staging_04,L2,1,5,1.25,True,False,False,3.7698484809835,1.2677669529663689,4.190682253148256
v3_sc3_staging_04,L2,1,6,1.25,False,False,False,nan,nan,nan
v3_sc3_staging_04,L2,1,7,1.25,True,False,False,4.267766952966368,1.2613914953808536,2.6484122982862335
v3_sc3_staging_04,L2,1,8,1.25,False,False,False,nan,nan,nan
v3_sc3_staging_04,L2,1,9,1.25,False,False,False,nan,nan,nan
v3_sc3_staging_04,L2,1,10,1.25,True,False,False,4.789949493661168,1.3,2.4120439557122073
v3_sc3_staging_04,L2,1,11,1.25,False,False,False,nan,nan,nan
v3_sc3_staging_04,L2,1,12,1.25,False,False,False,nan,nan,nan
v3_sc3_staging_04,L2,1,13,1.25,False,False,False,nan,nan,nan
v3_sc3_staging_04,L2,1,14,1.25,False,False,False,nan,nan,nan
v3_sc3_staging_04,L2,1,15,1.25,False,False,False,nan,nan,nan
v3_sc3_staging_04,L2,1,16,1.25,False,False,False,nan,nan,nan
v3_sc3_staging_04,L2,1,17,1.25,False,False,False,nan,nan,nan
v3_sc3_staging_04,L2,1,18,1.25,False,False,False,nan,nan,nan
v3_sc3_staging_04,L2,1,19,1.25,False,False,False,nan,nan,nan
v3_sc3_staging_04,L2,1,0,1.5,False,False,False,nan,nan,nan
v3_sc3_staging_04,L2,1,1,1.5,False,False,False,nan,nan,nan
v3_sc3_staging_04,L2,1,2,1.5,False,False,False,nan,nan,nan
v3_sc3_staging_04,L2,1,3,1.5,False,False,False,nan,nan,nan
v3_sc3_staging_04,L2,1,4,1.5,False,False,False,nan,nan,nan
v3_sc3_staging_04,L2,1,5,1.5,False,False,False,nan,nan,nan
v3_sc3_staging_04,L2,1,6,1.5,False,False,False,nan,nan,nan
v3_sc3_staging_04,L2,1,7,1.5,False,False,False,nan,nan,nan
v3_sc3_staging_04,L2,1,8,1.5,False,False,False,nan,nan,nan
v3_sc3_staging_04,L2,1,9,1.5,False,False,False,nan,nan,nan
v3_sc3_staging_04,L2,1,10,1.5,False,False,False,nan,nan,nan
v3_sc3_staging_04,L2,1,11,1.5,False,False,False,nan,nan,nan
v3_sc3_staging_04,L2,1,12,1.5,False,False,False,nan,nan,nan
v3_sc3_staging_04,L2,1,13,1.5,False,False,False,nan,nan,nan
v3_sc3_staging_04,L2,1,14,1.5,False,False,False,nan,nan,nan
v3_sc3_staging_04,L2,1,15,1.5,False,False,False,nan,nan,nan
v3_sc3_staging_04,L2,1,16,1.5,False,False,False,nan,nan,nan
v3_sc3_staging_04,L2,1,17,1.5,False,False,False,nan,nan,nan
v3_sc3_staging_04,L2,1,18,1.5,False,False,False,nan,nan,nan
v3_sc3_staging_04,L2,1,19,1.5,False,False,False,nan,nan,nan
v3_sc3_staging_04,L2,1,0,2.0,False,False,False,nan,nan,nan
v3_sc3_staging_04,L2,1,1,2.0,False,False,False,nan,nan,nan
v3_sc3_staging_04,L2,1,2,2.0,False,False,False,nan,nan,nan
v3_sc3_staging_04,L2,1,3,2.0,False,False,False,nan,nan,nan
v3_sc3_staging_04,L2,1,4,2.0,False,False,False,nan,nan,nan
v3_sc3_staging_04,L2,1,5,2.0,False,False,False,nan,nan,nan
v3_sc3_staging_04,L2,1,6,2.0,False,False,False,nan,nan,nan
v3_sc3_staging_04,L2,1,7,2.0,False,False,False,nan,nan,nan
v3_sc3_staging_04,L2,1,8,2.0,False,False,False,nan,nan,nan
v3_sc3_staging_04,L2,1,9,2.0,False,False,False,nan,nan,nan
v3_sc3_staging_04,L2,1,10,2.0,False,False,False,nan,nan,nan
v3_sc3_staging_04,L2,1,11,2.0,False,False,False,nan,nan,nan
v3_sc3_staging_04,L2,1,12,2.0,False,False,False,nan,nan,nan
v3_sc3_staging_04,L2,1,13,2.0,False,False,False,nan,nan,nan
v3_sc3_staging_04,L2,1,14,2.0,False,False,False,nan,nan,nan
v3_sc3_staging_04,L2,1,15,2.0,False,False,False,nan,nan,nan
v3_sc3_staging_04,L2,1,16,2.0,False,False,False,nan,nan,nan
v3_sc3_staging_04,L2,1,17,2.0,False,False,False,nan,nan,nan
v3_sc3_staging_04,L2,1,18,2.0,False,False,False,nan,nan,nan
v3_sc3_staging_04,L2,1,19,2.0,False,False,False,nan,nan,nan
v3_sc3_staging_04,L2,2,0,0.0,True,False,False,5.159797974644668,0.5606601717798214,0.19641941385920603
v3_sc3_staging_04,L2,2,1,0.0,True,False,False,3.676345596729059,0.014781507049350107,0.21589105316381774
v3_sc3_staging_04,L2,2,2,0.0,True,False,False,6.7112698372208115,0.002493781056044475,0.050000000000000044
v3_sc3_staging_04,L2,2,3,0.0,True,False,False,4.9127416997969515,0.6672617529928753,2.081181899828062
v3_sc3_staging_04,L2,2,4,0.0,True,False,False,6.00477272147525,0.3139410298049854,2.8203915431767985
v3_sc3_staging_04,L2,2,5,0.0,False,False,False,nan,nan,nan
v3_sc3_staging_04,L2,2,6,0.0,True,False,False,4.5269552621700475,0.2778174593052023,2.6953090617340916
v3_sc3_staging_04,L2,2,7,0.0,True,False,False,4.2056349186104045,1.197056274847714,2.6567388235329195
v3_sc3_staging_04,L2,2,8,0.0,True,True,False,5.240559159102154,0.002493781056044475,1.8032585612562042
v3_sc3_staging_04,L2,2,9,0.0,True,False,False,8.246194077712559,0.06568542494923812,0.050000000000000044
v3_sc3_staging_04,L2,2,10,0.0,True,False,False,4.727817459305203,1.05,2.3460498941515415
v3_sc3_staging_04,L2,2,11,0.0,True,False,False,5.931370849898477,0.9000000000000001,1.2613914953808536
v3_sc3_staging_04,L2,2,12,0.0,True,False,False,8.620458146424488,0.2615773105863909,0.07008771254956903
v3_sc3_staging_04,L2,2,13,0.0,True,False,False,5.837615433949869,0.45000000000000007,0.10000000000000009
v3_sc3_staging_04,L2,2,14,0.0,True,False,False,4.198528137423856,0.15000000000000002,0.7000000000000002
v3_sc3_staging_04,L2,2,15,0.0,True,False,False,9.916904755831215,0.2615773105863909,0.07008771254956903
v3_sc3_staging_04,L2,2,16,0.0,True,False,False,5.668376618407358,0.3139410298049854,3.1062445840513924
v3_sc3_staging_04,L2,2,17,0.0,True,False,False,5.9683766184073574,0.33216584885466194,0.07008771254956903
v3_sc3_staging_04,L2,2,18,0.0,True,False,False,5.350609665440988,0.10827625302982202,1.5838665984174707
v3_sc3_staging_04,L2,2,19,0.0,False,False,False,nan,nan,nan
v3_sc3_staging_04,L2,2,0,0.1,True,False,False,5.159797974644668,0.5606601717798214,0.19641941385920603
v3_sc3_staging_04,L2,2,1,0.1,True,False,False,3.67634559672906,0.10207972893961481,0.21589105316381774
v3_sc3_staging_04,L2,2,2,0.1,True,False,False,6.7112698372208115,0.10000000000000009,0.10000000000000009
v3_sc3_staging_04,L2,2,3,0.1,True,False,False,4.9127416997969515,0.6672617529928753,2.081181899828062
v3_sc3_staging_04,L2,2,4,0.1,True,False,False,6.00477272147525,0.3139410298049854,2.8203915431767985
v3_sc3_staging_04,L2,2,5,0.1,False,False,False,nan,nan,nan
v3_sc3_staging_04,L2,2,6,0.1,True,False,False,4.5269552621700475,0.2778174593052023,2.6953090617340916
v3_sc3_staging_04,L2,2,7,0.1,True,False,False,4.2056349186104045,1.197056274847714,2.6567388235329195
v3_sc3_staging_04,L2,2,8,0.1,True,False,False,5.240559159102154,0.10000000000000009,1.8032585612562042
v3_sc3_staging_04,L2,2,9,0.1,True,False,False,8.246194077712559,0.10207972893961481,0.10000000000000009
v3_sc3_staging_04,L2,2,10,0.1,True,False,False,4.727817459305203,1.05,2.3460498941515415
v3_sc3_staging_04,L2,2,11,0.1,True,False,False,5.931370849898477,0.9000000000000001,1.2613914953808536
v3_sc3_staging_04,L2,2,12,0.1,True,False,False,8.620458146424488,0.2615773105863909,0.10000000000000009
v3_sc3_staging_04,L2,2,13,0.1,True,False,False,5.837615433949869,0.45000000000000007,0.10000000000000009
v3_sc3_staging_04,L2,2,14,0.1,True,False,False,4.198528137423856,0.15000000000000002,0.7000000000000002
v3_sc3_staging_04,L2,2,15,0.1,True,False,False,9.916904755831215,0.2615773105863909,0.10000000000000009
v3_sc3_staging_04,L2,2,16,0.1,True,False,False,5.668376618407358,0.3139410298049854,3.1062445840513924
v3_sc3_staging_04,L2,2,17,0.1,True,False,False,5.9683766184073574,0.33216584885466194,0.10000000000000009
v3_sc3_staging_04,L2,2,18,0.1,True,False,False,5.350609665440988,0.10827625302982202,1.5838665984174707
v3_sc3_staging_04,L2,2,19,0.1,False,False,False,nan,nan,nan
v3_sc3_staging_04,L2,2,0,0.2,True,False,False,5.159797974644667,0.5606601717798214,0.20710678118654757
v3_sc3_staging_04,L2,2,1,0.2,True,False,False,3.7642135623730946,0.20000000000000007,0.41241437954473303
v3_sc3_staging_04,L2,2,2,0.2,True,False,False,6.8234018715767775,0.20000000000000007,0.20000000000000007
v3_sc3_staging_04,L2,2,3,0.2,True,False,False,4.9127416997969515,0.6672617529928753,2.081181899828062
v3_sc3_staging_04,L2,2,4,0.2,True,False,False,6.00477272147525,0.3139410298049854,2.8203915431767985
v3_sc3_staging_04,L2,2,5,0.2,False,False,False,nan,nan,nan
v3_sc3_staging_04,L2,2,6,0.2,True,False,False,4.5269552621700475,0.2778174593052023,2.6953090617340916
v3_sc3_staging_04,L2,2,7,0.2,True,False,False,4.2056349186104045,1.197056274847714,2.6567388235329195
v3_sc3_staging_04,L2,2,8,0.2,True,False,False,5.240559159102154,0.20000000000000007,1.8032585612562042
v3_sc3_staging_04,L2,2,9,0.2,True,False,False,8.32903679018718,0.20000000000000007,0.20000000000000007
v3_sc3_staging_04,L2,2,10,0.2,True,False,False,4.727817459305203,1.05,2.3460498941515415
v3_sc3_staging_04,L2,2,11,0.2,True,False,False,5.931370849898477,0.9000000000000001,1.2613914953808536
v3_sc3_staging_04,L2,2,12,0.2,True,False,False,8.703300858899107,0.2615773105863909,0.20000000000000007
v3_sc3_staging_04,L2,2,13,0.2,True,False,False,5.83761543394987,0.5606601717798214,0.20710678118654757
v3_sc3_staging_04,L2,2,14,0.2,True,False,False,4.198528137423857,0.20000000000000007,0.6500000000000001
v3_sc3_staging_04,L2,2,15,0.2,True,False,False,9.999747468305834,0.2615773105863909,0.20000000000000007
v3_sc3_staging_04,L2,2,16,0.2,True,False,False,5.668376618407358,0.3139410298049854,3.1062445840513924
v3_sc3_staging_04,L2,2,17,0.2,True,False,False,5.9683766184073574,0.33216584885466194,0.20000000000000007
v3_sc3_staging_04,L2,2,18,0.2,True,False,False,5.350609665440988,0.3139410298049854,1.5838665984174707
v3_sc3_staging_04,L2,2,19,0.2,False,False,False,nan,nan,nan
v3_sc3_staging_04,L2,2,0,0.3,True,False,False,7.391168824543147,0.3139410298049854,1.288854381999832
v3_sc3_staging_04,L2,2,1,0.3,False,False,False,nan,nan,nan
v3_sc3_staging_04,L2,2,2,0.3,False,False,False,nan,nan,nan
v3_sc3_staging_04,L2,2,3,0.3,True,False,False,4.9127416997969515,0.6672617529928753,2.081181899828062
v3_sc3_staging_04,L2,2,4,0.3,True,False,False,6.00477272147525,0.3139410298049854,2.8203915431767985
v3_sc3_staging_04,L2,2,5,0.3,False,False,False,nan,nan,nan
v3_sc3_staging_04,L2,2,6,0.3,True,False,False,4.5269552621700475,0.3062257748298549,2.6953090617340916
v3_sc3_staging_04,L2,2,7,0.3,True,False,False,4.2056349186104045,1.197056274847714,2.6567388235329195
v3_sc3_staging_04,L2,2,8,0.3,True,False,False,5.240559159102154,0.3015609770940699,1.8032585612562042
v3_sc3_staging_04,L2,2,9,0.3,False,False,False,nan,nan,nan
v3_sc3_staging_04,L2,2,10,0.3,True,False,False,4.727817459305203,1.05,2.3460498941515415
v3_sc3_staging_04,L2,2,11,0.3,True,False,False,5.931370849898477,0.9000000000000001,1.2613914953808536
v3_sc3_staging_04,L2,2,12,0.3,False,False,False,nan,nan,nan
v3_sc3_staging_04,L2,2,13,0.3,True,False,False,7.198275605729695,0.3139410298049854,1.9423349483639627
v3_sc3_staging_04,L2,2,14,0.3,False,False,False,nan,nan,nan
v3_sc3_staging_04,L2,2,15,0.3,False,False,False,nan,nan,nan
v3_sc3_staging_04,L2,2,16,0.3,True,False,False,5.668376618407358,0.3139410298049854,3.1062445840513924
v3_sc3_staging_04,L2,2,17,0.3,True,False,False,6.975483399593905,0.3015609770940699,1.4500000000000002
v3_sc3_staging_04,L2,2,18,0.3,True,False,False,5.350609665440988,0.3139410298049854,1.5838665984174707
v3_sc3_staging_04,L2,2,19,0.3,False,False,False,nan,nan,nan
v3_sc3_staging_04,L2,2,0,0.4,False,False,False,nan,nan,nan
v3_sc3_staging_04,L2,2,1,0.4,False,False,False,nan,nan,nan
v3_sc3_staging_04,L2,2,2,0.4,False,False,False,nan,nan,nan
v3_sc3_staging_04,L2,2,3,0.4,True,False,False,4.9127416997969515,0.6672617529928753,2.081181899828062
v3_sc3_staging_04,L2,2,4,0.4,False,False,False,nan,nan,nan
v3_sc3_staging_04,L2,2,5,0.4,False,False,False,nan,nan,nan
v3_sc3_staging_04,L2,2,6,0.4,False,False,False,nan,nan,nan
v3_sc3_staging_04,L2,2,7,0.4,True,False,False,4.2056349186104045,1.197056274847714,2.6567388235329195
v3_sc3_staging_04,L2,2,8,0.4,False,False,False,nan,nan,nan
v3_sc3_staging_04,L2,2,9,0.4,False,False,False,nan,nan,nan
v3_sc3_staging_04,L2,2,10,0.4,True,False,False,4.727817459305203,1.05,2.3460498941515415
v3_sc3_staging_04,L2,2,11,0.4,True,False,False,5.931370849898477,0.9000000000000001,1.2613914953808536
v3_sc3_staging_04,L2,2,12,0.4,False,False,False,nan,nan,nan
v3_sc3_staging_04,L2,2,13,0.4,False,False,False,nan,nan,nan
v3_sc3_staging_04,L2,2,14,0.4,False,False,False,nan,nan,nan
v3_sc3_staging_04,L2,2,15,0.4,False,False,False,nan,nan,nan
v3_sc3_staging_04,L2,2,16,0.4,False,False,False,nan,nan,nan
v3_sc3_staging_04,L2,2,17,0.4,False,False,False,nan,nan,nan
v3_sc3_staging_04,L2,2,18,0.4,False,False,False,nan,nan,nan
v3_sc3_staging_04,L2,2,19,0.4,False,False,False,nan,nan,nan
v3_sc3_staging_04,L2,2,0,0.5,False,False,False,nan,nan,nan
v3_sc3_staging_04,L2,2,1,0.5,False,False,False,nan,nan,nan
v3_sc3_staging_04,L2,2,2,0.5,False,False,False,nan,nan,nan
v3_sc3_staging_04,L2,2,3,0.5,True,False,False,4.9127416997969515,0.6672617529928753,2.081181899828062
v3_sc3_staging_04,L2,2,4,0.5,False,False,False,nan,nan,nan
v3_sc3_staging_04,L2,2,5,0.5,False,False,False,nan,nan,nan
v3_sc3_staging_04,L2,2,6,0.5,False,False,False,nan,nan,nan
v3_sc3_staging_04,L2,2,7,0.5,True,False,False,4.2056349186104045,1.197056274847714,2.6567388235329195
v3_sc3_staging_04,L2,2,8,0.5,False,False,False,nan,nan,nan
v3_sc3_staging_04,L2,2,9,0.5,False,False,False,nan,nan,nan
v3_sc3_staging_04,L2,2,10,0.5,True,False,False,4.727817459305203,1.05,2.3460498941515415
v3_sc3_staging_04,L2,2,11,0.5,True,False,False,5.931370849898477,0.9000000000000001,1.2613914953808536
v3_sc3_staging_04,L2,2,12,0.5,False,False,False,nan,nan,nan
v3_sc3_staging_04,L2,2,13,0.5,False,False,False,nan,nan,nan
v3_sc3_staging_04,L2,2,14,0.5,False,False,False,nan,nan,nan
v3_sc3_staging_04,L2,2,15,0.5,False,False,False,nan,nan,nan
v3_sc3_staging_04,L2,2,16,0.5,False,False,False,nan,nan,nan
v3_sc3_staging_04,L2,2,17,0.5,False,False,False,nan,nan,nan
v3_sc3_staging_04,L2,2,18,0.5,False,False,False,nan,nan,nan
v3_sc3_staging_04,L2,2,19,0.5,False,False,False,nan,nan,nan
v3_sc3_staging_04,L2,2,0,0.6,False,False,False,nan,nan,nan
v3_sc3_staging_04,L2,2,1,0.6,False,False,False,nan,nan,nan
v3_sc3_staging_04,L2,2,2,0.6,False,False,False,nan,nan,nan
v3_sc3_staging_04,L2,2,3,0.6,True,False,False,4.9127416997969515,0.6672617529928753,2.081181899828062
v3_sc3_staging_04,L2,2,4,0.6,False,False,False,nan,nan,nan
v3_sc3_staging_04,L2,2,5,0.6,False,False,False,nan,nan,nan
v3_sc3_staging_04,L2,2,6,0.6,False,False,False,nan,nan,nan
v3_sc3_staging_04,L2,2,7,0.6,True,False,False,4.2056349186104045,1.197056274847714,2.6567388235329195
v3_sc3_staging_04,L2,2,8,0.6,False,False,False,nan,nan,nan
v3_sc3_staging_04,L2,2,9,0.6,False,False,False,nan,nan,nan
v3_sc3_staging_04,L2,2,10,0.6,True,False,False,4.727817459305203,1.05,2.3460498941515415
v3_sc3_staging_04,L2,2,11,0.6,True,False,False,5.931370849898477,0.9000000000000001,1.2613914953808536
v3_sc3_staging_04,L2,2,12,0.6,False,False,False,nan,nan,nan
v3_sc3_staging_04,L2,2,13,0.6,False,False,False,nan,nan,nan
v3_sc3_staging_04,L2,2,14,0.6,False,False,False,nan,nan,nan
v3_sc3_staging_04,L2,2,15,0.6,False,False,False,nan,nan,nan
v3_sc3_staging_04,L2,2,16,0.6,False,False,False,nan,nan,nan
v3_sc3_staging_04,L2,2,17,0.6,False,False,False,nan,nan,nan
v3_sc3_staging_04,L2,2,18,0.6,False,False,False,nan,nan,nan
v3_sc3_staging_04,L2,2,19,0.6,False,False,False,nan,nan,nan
v3_sc3_staging_04,L2,2,0,0.8,False,False,False,nan,nan,nan
v3_sc3_staging_04,L2,2,1,0.8,False,False,False,nan,nan,nan
v3_sc3_staging_04,L2,2,2,0.8,False,False,False,nan,nan,nan
v3_sc3_staging_04,L2,2,3,0.8,True,False,False,4.9127416997969515,0.80384048104053,2.081181899828062
v3_sc3_staging_04,L2,2,4,0.8,False,False,False,nan,nan,nan
v3_sc3_staging_04,L2,2,5,0.8,False,False,False,nan,nan,nan
v3_sc3_staging_04,L2,2,6,0.8,False,False,False,nan,nan,nan
v3_sc3_staging_04,L2,2,7,0.8,True,False,False,4.2056349186104045,1.197056274847714,2.6567388235329195
v3_sc3_staging_04,L2,2,8,0.8,False,False,False,nan,nan,nan
v3_sc3_staging_04,L2,2,9,0.8,False,False,False,nan,nan,nan
v3_sc3_staging_04,L2,2,10,0.8,True,False,False,4.727817459305203,1.05,2.3460498941515415
v3_sc3_staging_04,L2,2,11,0.8,True,False,False,5.931370849898477,0.9000000000000001,1.2613914953808536
v3_sc3_staging_04,L2,2,12,0.8,False,False,False,nan,nan,nan
v3_sc3_staging_04,L2,2,13,0.8,False,False,False,nan,nan,nan
v3_sc3_staging_04,L2,2,14,0.8,False,False,False,nan,nan,nan
v3_sc3_staging_04,L2,2,15,0.8,False,False,False,nan,nan,nan
v3_sc3_staging_04,L2,2,16,0.8,False,False,False,nan,nan,nan
v3_sc3_staging_04,L2,2,17,0.8,False,False,False,nan,nan,nan
v3_sc3_staging_04,L2,2,18,0.8,False,False,False,nan,nan,nan
v3_sc3_staging_04,L2,2,19,0.8,False,False,False,nan,nan,nan
v3_sc3_staging_04,L2,2,0,1.0,False,False,False,nan,nan,nan
v3_sc3_staging_04,L2,2,1,1.0,False,False,False,nan,nan,nan
v3_sc3_staging_04,L2,2,2,1.0,False,False,False,nan,nan,nan
v3_sc3_staging_04,L2,2,3,1.0,True,False,False,4.942031021678297,1.0008331019803636,2.1386549603917526
v3_sc3_staging_04,L2,2,4,1.0,False,False,False,nan,nan,nan
v3_sc3_staging_04,L2,2,5,1.0,False,False,False,nan,nan,nan
v3_sc3_staging_04,L2,2,6,1.0,False,False,False,nan,nan,nan
v3_sc3_staging_04,L2,2,7,1.0,True,False,False,4.2056349186104045,1.197056274847714,2.6567388235329195
v3_sc3_staging_04,L2,2,8,1.0,False,False,False,nan,nan,nan
v3_sc3_staging_04,L2,2,9,1.0,False,False,False,nan,nan,nan
v3_sc3_staging_04,L2,2,10,1.0,True,False,False,4.727817459305203,1.05,2.3460498941515415
v3_sc3_staging_04,L2,2,11,1.0,True,False,False,6.055634918610405,1.0008331019803636,1.2613914953808536
v3_sc3_staging_04,L2,2,12,1.0,False,False,False,nan,nan,nan
v3_sc3_staging_04,L2,2,13,1.0,False,False,False,nan,nan,nan
v3_sc3_staging_04,L2,2,14,1.0,False,False,False,nan,nan,nan
v3_sc3_staging_04,L2,2,15,1.0,False,False,False,nan,nan,nan
v3_sc3_staging_04,L2,2,16,1.0,False,False,False,nan,nan,nan
v3_sc3_staging_04,L2,2,17,1.0,False,False,False,nan,nan,nan
v3_sc3_staging_04,L2,2,18,1.0,False,False,False,nan,nan,nan
v3_sc3_staging_04,L2,2,19,1.0,False,False,False,nan,nan,nan
v3_sc3_staging_04,L2,2,0,1.25,False,False,False,nan,nan,nan
v3_sc3_staging_04,L2,2,1,1.25,False,False,False,nan,nan,nan
v3_sc3_staging_04,L2,2,2,1.25,False,False,False,nan,nan,nan
v3_sc3_staging_04,L2,2,3,1.25,True,False,False,5.188477631085024,1.2507141400011599,2.297320146139873
v3_sc3_staging_04,L2,2,4,1.25,False,False,False,nan,nan,nan
v3_sc3_staging_04,L2,2,5,1.25,False,False,False,nan,nan,nan
v3_sc3_staging_04,L2,2,6,1.25,False,False,False,nan,nan,nan
v3_sc3_staging_04,L2,2,7,1.25,True,False,False,4.2056349186104045,1.2613914953808536,2.6567388235329195
v3_sc3_staging_04,L2,2,8,1.25,False,False,False,nan,nan,nan
v3_sc3_staging_04,L2,2,9,1.25,False,False,False,nan,nan,nan
v3_sc3_staging_04,L2,2,10,1.25,True,False,False,4.727817459305203,1.3,2.3460498941515415
v3_sc3_staging_04,L2,2,11,1.25,True,False,False,6.262741699796953,1.2507141400011599,1.2613914953808536
v3_sc3_staging_04,L2,2,12,1.25,False,False,False,nan,nan,nan
v3_sc3_staging_04,L2,2,13,1.25,False,False,False,nan,nan,nan
v3_sc3_staging_04,L2,2,14,1.25,False,False,False,nan,nan,nan
v3_sc3_staging_04,L2,2,15,1.25,False,False,False,nan,nan,nan
v3_sc3_staging_04,L2,2,16,1.25,False,False,False,nan,nan,nan
v3_sc3_staging_04,L2,2,17,1.25,False,False,False,nan,nan,nan
v3_sc3_staging_04,L2,2,18,1.25,False,False,False,nan,nan,nan
v3_sc3_staging_04,L2,2,19,1.25,False,False,False,nan,nan,nan
v3_sc3_staging_04,L2,2,0,1.5,False,False,False,nan,nan,nan
v3_sc3_staging_04,L2,2,1,1.5,False,False,False,nan,nan,nan
v3_sc3_staging_04,L2,2,2,1.5,False,False,False,nan,nan,nan
v3_sc3_staging_04,L2,2,3,1.5,False,False,False,nan,nan,nan
v3_sc3_staging_04,L2,2,4,1.5,False,False,False,nan,nan,nan
v3_sc3_staging_04,L2,2,5,1.5,False,False,False,nan,nan,nan
v3_sc3_staging_04,L2,2,6,1.5,False,False,False,nan,nan,nan
v3_sc3_staging_04,L2,2,7,1.5,False,False,False,nan,nan,nan
v3_sc3_staging_04,L2,2,8,1.5,False,False,False,nan,nan,nan
v3_sc3_staging_04,L2,2,9,1.5,False,False,False,nan,nan,nan
v3_sc3_staging_04,L2,2,10,1.5,False,False,False,nan,nan,nan
v3_sc3_staging_04,L2,2,11,1.5,False,False,False,nan,nan,nan
v3_sc3_staging_04,L2,2,12,1.5,False,False,False,nan,nan,nan
v3_sc3_staging_04,L2,2,13,1.5,False,False,False,nan,nan,nan
v3_sc3_staging_04,L2,2,14,1.5,False,False,False,nan,nan,nan
v3_sc3_staging_04,L2,2,15,1.5,False,False,False,nan,nan,nan
v3_sc3_staging_04,L2,2,16,1.5,False,False,False,nan,nan,nan
v3_sc3_staging_04,L2,2,17,1.5,False,False,False,nan,nan,nan
v3_sc3_staging_04,L2,2,18,1.5,False,False,False,nan,nan,nan
v3_sc3_staging_04,L2,2,19,1.5,False,False,False,nan,nan,nan
v3_sc3_staging_04,L2,2,0,2.0,False,False,False,nan,nan,nan
v3_sc3_staging_04,L2,2,1,2.0,False,False,False,nan,nan,nan
v3_sc3_staging_04,L2,2,2,2.0,False,False,False,nan,nan,nan
v3_sc3_staging_04,L2,2,3,2.0,False,False,False,nan,nan,nan
v3_sc3_staging_04,L2,2,4,2.0,False,False,False,nan,nan,nan
v3_sc3_staging_04,L2,2,5,2.0,False,False,False,nan,nan,nan
v3_sc3_staging_04,L2,2,6,2.0,False,False,False,nan,nan,nan
v3_sc3_staging_04,L2,2,7,2.0,False,False,False,nan,nan,nan
v3_sc3_staging_04,L2,2,8,2.0,False,False,False,nan,nan,nan
v3_sc3_staging_04,L2,2,9,2.0,False,False,False,nan,nan,nan
v3_sc3_staging_04,L2,2,10,2.0,False,False,False,nan,nan,nan
v3_sc3_staging_04,L2,2,11,2.0,False,False,False,nan,nan,nan
v3_sc3_staging_04,L2,2,12,2.0,False,False,False,nan,nan,nan
v3_sc3_staging_04,L2,2,13,2.0,False,False,False,nan,nan,nan
v3_sc3_staging_04,L2,2,14,2.0,False,False,False,nan,nan,nan
v3_sc3_staging_04,L2,2,15,2.0,False,False,False,nan,nan,nan
v3_sc3_staging_04,L2,2,16,2.0,False,False,False,nan,nan,nan
v3_sc3_staging_04,L2,2,17,2.0,False,False,False,nan,nan,nan
v3_sc3_staging_04,L2,2,18,2.0,False,False,False,nan,nan,nan
v3_sc3_staging_04,L2,2,19,2.0,False,False,False,nan,nan,nan
v3_sc3_staging_04,L2,3,0,0.0,True,False,False,5.118376618407358,0.21589105316381774,0.15000000000000002
v3_sc3_staging_04,L2,3,1,0.0,True,False,False,3.634924240491751,0.014781507049350107,0.42195444572928875
v3_sc3_staging_04,L2,3,2,0.0,True,False,False,6.699137802864847,0.10207972893961481,0.050000000000000044
v3_sc3_staging_04,L2,3,3,0.0,True,False,False,4.954163056034261,0.8793114224133722,2.0656383221335
v3_sc3_staging_04,L2,3,4,0.0,True,False,False,5.963351365237941,0.2433034373659253,2.7893768406797053
v3_sc3_staging_04,L2,3,5,0.0,False,False,False,nan,nan,nan
v3_sc3_staging_04,L2,3,6,0.0,True,False,False,4.476955262170047,0.20710678118654757,2.6484122982862335
v3_sc3_staging_04,L2,3,7,0.0,True,False,False,4.197056274847713,1.1620770138594663,2.6484122982862335
v3_sc3_staging_04,L2,3,8,0.0,True,True,False,5.181980515339464,0.002493781056044475,1.7588713996153036
v3_sc3_staging_04,L2,3,9,0.0,True,False,False,8.21335136523794,0.11032778078668515,0.050000000000000044
v3_sc3_staging_04,L2,3,10,0.0,True,False,False,4.769238815542512,1.1,2.3460498941515415
v3_sc3_staging_04,L2,3,11,0.0,True,False,False,5.931370849898477,0.8509256086106296,1.2613914953808536
v3_sc3_staging_04,L2,3,12,0.0,True,False,False,8.608326112068523,0.19641941385920603,0.050000000000000044
v3_sc3_staging_04,L2,3,13,0.0,True,False,False,5.837615433949869,0.21589105316381774,0.050000000000000044
v3_sc3_staging_04,L2,3,14,0.0,False,False,False,nan,nan,nan
v3_sc3_staging_04,L2,3,15,0.0,True,False,False,9.925483399593904,0.19641941385920603,0.050000000000000044
v3_sc3_staging_04,L2,3,16,0.0,True,False,False,5.626955262170048,0.2433034373659253,3.0735136770411273
v3_sc3_staging_04,L2,3,17,0.0,True,False,False,5.906244584051393,0.19641941385920603,0.050000000000000044
v3_sc3_staging_04,L2,3,18,0.0,True,False,False,5.2506096654409875,0.052268050859363036,1.50124960961895
v3_sc3_staging_04,L2,3,19,0.0,False,False,False,nan,nan,nan
v3_sc3_staging_04,L2,3,0,0.1,True,False,False,5.118376618407358,0.21589105316381774,0.15000000000000002
v3_sc3_staging_04,L2,3,1,0.1,True,False,False,3.634924240491751,0.10207972893961481,0.42195444572928875
v3_sc3_staging_04,L2,3,2,0.1,True,False,False,6.740559159102158,0.10207972893961481,0.10000000000000009
v3_sc3_staging_04,L2,3,3,0.1,True,False,False,4.954163056034261,0.8793114224133722,2.0656383221335
v3_sc3_staging_04,L2,3,4,0.1,True,False,False,5.963351365237941,0.2433034373659253,2.7893768406797053
v3_sc3_staging_04,L2,3,5,0.1,False,False,False,nan,nan,nan
v3_sc3_staging_04,L2,3,6,0.1,True,False,False,4.476955262170047,0.20710678118654757,2.6484122982862335
v3_sc3_staging_04,L2,3,7,0.1,True,False,False,4.197056274847713,1.1620770138594663,2.6484122982862335
v3_sc3_staging_04,L2,3,8,0.1,True,False,False,5.181980515339464,0.10000000000000009,1.7588713996153036
v3_sc3_staging_04,L2,3,9,0.1,True,False,False,8.254772721475248,0.11032778078668515,0.10000000000000009
v3_sc3_staging_04,L2,3,10,0.1,True,False,False,4.769238815542512,1.1,2.3460498941515415
v3_sc3_staging_04,L2,3,11,0.1,True,False,False,5.931370849898477,0.8509256086106296,1.2613914953808536
v3_sc3_staging_04,L2,3,12,0.1,True,False,False,8.649747468305833,0.19641941385920603,0.10000000000000009
v3_sc3_staging_04,L2,3,13,0.1,True,False,False,5.83761543394987,0.21589105316381774,0.17268120235368556
v3_sc3_staging_04,L2,3,14,0.1,False,False,False,nan,nan,nan
v3_sc3_staging_04,L2,3,15,0.1,True,False,False,9.966904755831216,0.19641941385920603,0.10000000000000009
v3_sc3_staging_04,L2,3,16,0.1,True,False,False,5.626955262170048,0.2433034373659253,3.0735136770411273
v3_sc3_staging_04,L2,3,17,0.1,True,False,False,5.906244584051393,0.19641941385920603,0.10000000000000009
v3_sc3_staging_04,L2,3,18,0.1,True,False,False,5.250609665440988,0.2433034373659253,1.50124960961895
v3_sc3_staging_04,L2,3,19,0.1,False,False,False,nan,nan,nan
v3_sc3_staging_04,L2,3,0,0.2,True,False,False,7.279036790187182,0.2433034373659253,1.1770509831248424
v3_sc3_staging_04,L2,3,1,0.2,True,False,False,3.69350288425444,0.20710678118654757,0.41241437954473303
v3_sc3_staging_04,L2,3,2,0.2,True,False,False,14.676093065034895,0.20000000000000007,0.45000000000000007
v3_sc3_staging_04,L2,3,3,0.2,True,False,False,4.954163056034261,0.8793114224133722,2.0656383221335
v3_sc3_staging_04,L2,3,4,0.2,True,False,False,5.963351365237941,0.2433034373659253,2.7893768406797053
v3_sc3_staging_04,L2,3,5,0.2,False,False,False,nan,nan,nan
v3_sc3_staging_04,L2,3,6,0.2,True,False,False,4.476955262170047,0.20710678118654757,2.6484122982862335
v3_sc3_staging_04,L2,3,7,0.2,True,False,False,4.197056274847713,1.1620770138594663,2.6484122982862335
v3_sc3_staging_04,L2,3,8,0.2,True,False,False,5.181980515339464,0.20000000000000007,1.7588713996153036
v3_sc3_staging_04,L2,3,9,0.2,True,False,False,10.910407640085655,0.21063352017759485,0.6500000000000001
v3_sc3_staging_04,L2,3,10,0.2,True,False,False,4.769238815542512,1.1,2.3460498941515415
v3_sc3_staging_04,L2,3,11,0.2,True,False,False,5.931370849898477,0.8509256086106296,1.2613914953808536
v3_sc3_staging_04,L2,3,12,0.2,True,False,False,11.551828996322966,0.20000000000000007,0.21589105316381774
v3_sc3_staging_04,L2,3,13,0.2,True,False,False,7.056854249492384,0.2433034373659253,1.850531854708632
v3_sc3_staging_04,L2,3,14,0.2,False,False,False,nan,nan,nan
v3_sc3_staging_04,L2,3,15,0.2,True,False,False,11.361879502661798,0.20000000000000007,0.21589105316381774
v3_sc3_staging_04,L2,3,16,0.2,True,False,False,5.626955262170048,0.2433034373659253,3.0735136770411273
v3_sc3_staging_04,L2,3,17,0.2,True,False,False,6.813351365237944,0.20000000000000007,1.3384776310850235
v3_sc3_staging_04,L2,3,18,0.2,True,False,False,5.250609665440988,0.2433034373659253,1.50124960961895
v3_sc3_staging_04,L2,3,19,0.2,False,False,False,nan,nan,nan
v3_sc3_staging_04,L2,3,0,0.3,False,False,False,nan,nan,nan
v3_sc3_staging_04,L2,3,1,0.3,False,False,False,nan,nan,nan
v3_sc3_staging_04,L2,3,2,0.3,False,False,False,nan,nan,nan
v3_sc3_staging_04,L2,3,3,0.3,True,False,False,4.954163056034261,0.8793114224133722,2.0656383221335
v3_sc3_staging_04,L2,3,4,0.3,False,False,False,nan,nan,nan
v3_sc3_staging_04,L2,3,5,0.3,False,False,False,nan,nan,nan
v3_sc3_staging_04,L2,3,6,0.3,False,False,False,nan,nan,nan
v3_sc3_staging_04,L2,3,7,0.3,True,False,False,4.197056274847713,1.1620770138594663,2.6484122982862335
v3_sc3_staging_04,L2,3,8,0.3,False,False,False,nan,nan,nan
v3_sc3_staging_04,L2,3,9,0.3,False,False,False,nan,nan,nan
v3_sc3_staging_04,L2,3,10,0.3,True,False,False,4.769238815542512,1.1,2.3460498941515415
v3_sc3_staging_04,L2,3,11,0.3,True,False,False,5.931370849898477,0.8509256086106296,1.2613914953808536
v3_sc3_staging_04,L2,3,12,0.3,False,False,False,nan,nan,nan
v3_sc3_staging_04,L2,3,13,0.3,False,False,False,nan,nan,nan
v3_sc3_staging_04,L2,3,14,0.3,False,False,False,nan,nan,nan
v3_sc3_staging_04,L2,3,15,0.3,False,False,False,nan,nan,nan
v3_sc3_staging_04,L2,3,16,0.3,False,False,False,nan,nan,nan
v3_sc3_staging_04,L2,3,17,0.3,False,False,False,nan,nan,nan
v3_sc3_staging_04,L2,3,18,0.3,False,False,False,nan,nan,nan
v3_sc3_staging_04,L2,3,19,0.3,False,False,False,nan,nan,nan
v3_sc3_staging_04,L2,3,0,0.4,False,False,False,nan,nan,nan
v3_sc3_staging_04,L2,3,1,0.4,False,False,False,nan,nan,nan
v3_sc3_staging_04,L2,3,2,0.4,False,False,False,nan,nan,nan
v3_sc3_staging_04,L2,3,3,0.4,True,False,False,4.954163056034261,0.8793114224133722,2.0656383221335
v3_sc3_staging_04,L2,3,4,0.4,False,False,False,nan,nan,nan
v3_sc3_staging_04,L2,3,5,0.4,False,False,False,nan,nan,nan
v3_sc3_staging_04,L2,3,6,0.4,False,False,False,nan,nan,nan
v3_sc3_staging_04,L2,3,7,0.4,True,False,False,4.197056274847713,1.1620770138594663,2.6484122982862335
v3_sc3_staging_04,L2,3,8,0.4,False,False,False,nan,nan,nan
v3_sc3_staging_04,L2,3,9,0.4,False,False,False,nan,nan,nan
v3_sc3_staging_04,L2,3,10,0.4,True,False,False,4.769238815542512,1.1,2.3460498941515415
v3_sc3_staging_04,L2,3,11,0.4,True,False,False,5.931370849898477,0.8509256086106296,1.2613914953808536
v3_sc3_staging_04,L2,3,12,0.4,False,False,False,nan,nan,nan
v3_sc3_staging_04,L2,3,13,0.4,False,False,False,nan,nan,nan
v3_sc3_staging_04,L2,3,14,0.4,False,False,False,nan,nan,nan
v3_sc3_staging_04,L2,3,15,0.4,False,False,False,nan,nan,nan
v3_sc3_staging_04,L2,3,16,0.4,False,False,False,nan,nan,nan
v3_sc3_staging_04,L2,3,17,0.4,False,False,False,nan,nan,nan
v3_sc3_staging_04,L2,3,18,0.4,False,False,False,nan,nan,nan
v3_sc3_staging_04,L2,3,19,0.4,False,False,False,nan,nan,nan
v3_sc3_staging_04,L2,3,0,0.5,False,False,False,nan,nan,nan
v3_sc3_staging_04,L2,3,1,0.5,False,False,False,nan,nan,nan
v3_sc3_staging_04,L2,3,2,0.5,False,False,False,nan,nan,nan
v3_sc3_staging_04,L2,3,3,0.5,True,False,False,4.954163056034261,0.8793114224133722,2.0656383221335
v3_sc3_staging_04,L2,3,4,0.5,False,False,False,nan,nan,nan
v3_sc3_staging_04,L2,3,5,0.5,False,False,False,nan,nan,nan
v3_sc3_staging_04,L2,3,6,0.5,False,False,False,nan,nan,nan
v3_sc3_staging_04,L2,3,7,0.5,True,False,False,4.197056274847713,1.1620770138594663,2.6484122982862335
v3_sc3_staging_04,L2,3,8,0.5,False,False,False,nan,nan,nan
v3_sc3_staging_04,L2,3,9,0.5,False,False,False,nan,nan,nan
v3_sc3_staging_04,L2,3,10,0.5,True,False,False,4.769238815542512,1.1,2.3460498941515415
v3_sc3_staging_04,L2,3,11,0.5,True,False,False,5.931370849898477,0.8509256086106296,1.2613914953808536
v3_sc3_staging_04,L2,3,12,0.5,False,False,False,nan,nan,nan
v3_sc3_staging_04,L2,3,13,0.5,False,False,False,nan,nan,nan
v3_sc3_staging_04,L2,3,14,0.5,False,False,False,nan,nan,nan
v3_sc3_staging_04,L2,3,15,0.5,False,False,False,nan,nan,nan
v3_sc3_staging_04,L2,3,16,0.5,False,False,False,nan,nan,nan
v3_sc3_staging_04,L2,3,17,0.5,False,False,False,nan,nan,nan
v3_sc3_staging_04,L2,3,18,0.5,False,False,False,nan,nan,nan
v3_sc3_staging_04,L2,3,19,0.5,False,False,False,nan,nan,nan
v3_sc3_staging_04,L2,3,0,0.6,False,False,False,nan,nan,nan
v3_sc3_staging_04,L2,3,1,0.6,False,False,False,nan,nan,nan
v3_sc3_staging_04,L2,3,2,0.6,False,False,False,nan,nan,nan
v3_sc3_staging_04,L2,3,3,0.6,True,False,False,4.954163056034261,0.8793114224133722,2.0656383221335
v3_sc3_staging_04,L2,3,4,0.6,False,False,False,nan,nan,nan
v3_sc3_staging_04,L2,3,5,0.6,False,False,False,nan,nan,nan
v3_sc3_staging_04,L2,3,6,0.6,False,False,False,nan,nan,nan
v3_sc3_staging_04,L2,3,7,0.6,True,False,False,4.197056274847713,1.1620770138594663,2.6484122982862335
v3_sc3_staging_04,L2,3,8,0.6,False,False,False,nan,nan,nan
v3_sc3_staging_04,L2,3,9,0.6,False,False,False,nan,nan,nan
v3_sc3_staging_04,L2,3,10,0.6,True,False,False,4.769238815542512,1.1,2.3460498941515415
v3_sc3_staging_04,L2,3,11,0.6,True,False,False,5.931370849898477,0.8509256086106296,1.2613914953808536
v3_sc3_staging_04,L2,3,12,0.6,False,False,False,nan,nan,nan
v3_sc3_staging_04,L2,3,13,0.6,False,False,False,nan,nan,nan
v3_sc3_staging_04,L2,3,14,0.6,False,False,False,nan,nan,nan
v3_sc3_staging_04,L2,3,15,0.6,False,False,False,nan,nan,nan
v3_sc3_staging_04,L2,3,16,0.6,False,False,False,nan,nan,nan
v3_sc3_staging_04,L2,3,17,0.6,False,False,False,nan,nan,nan
v3_sc3_staging_04,L2,3,18,0.6,False,False,False,nan,nan,nan
v3_sc3_staging_04,L2,3,19,0.6,False,False,False,nan,nan,nan
v3_sc3_staging_04,L2,3,0,0.8,False,False,False,nan,nan,nan
v3_sc3_staging_04,L2,3,1,0.8,False,False,False,nan,nan,nan
v3_sc3_staging_04,L2,3,2,0.8,False,False,False,nan,nan,nan
v3_sc3_staging_04,L2,3,3,0.8,True,False,False,4.954163056034261,0.8793114224133722,2.0656383221335
v3_sc3_staging_04,L2,3,4,0.8,False,False,False,nan,nan,nan
v3_sc3_staging_04,L2,3,5,0.8,False,False,False,nan,nan,nan
v3_sc3_staging_04,L2,3,6,0.8,False,False,False,nan,nan,nan
v3_sc3_staging_04,L2,3,7,0.8,True,False,False,4.197056274847713,1.1620770138594663,2.6484122982862335
v3_sc3_staging_04,L2,3,8,0.8,False,False,False,nan,nan,nan
v3_sc3_staging_04,L2,3,9,0.8,False,False,False,nan,nan,nan
v3_sc3_staging_04,L2,3,10,0.8,True,False,False,4.769238815542512,1.1,2.3460498941515415
v3_sc3_staging_04,L2,3,11,0.8,True,False,False,5.931370849898477,0.8509256086106296,1.2613914953808536
v3_sc3_staging_04,L2,3,12,0.8,False,False,False,nan,nan,nan
v3_sc3_staging_04,L2,3,13,0.8,False,False,False,nan,nan,nan
v3_sc3_staging_04,L2,3,14,0.8,False,False,False,nan,nan,nan
v3_sc3_staging_04,L2,3,15,0.8,False,False,False,nan,nan,nan
v3_sc3_staging_04,L2,3,16,0.8,False,False,False,nan,nan,nan
v3_sc3_staging_04,L2,3,17,0.8,False,False,False,nan,nan,nan
v3_sc3_staging_04,L2,3,18,0.8,False,False,False,nan,nan,nan
v3_sc3_staging_04,L2,3,19,0.8,False,False,False,nan,nan,nan
v3_sc3_staging_04,L2,3,0,1.0,False,False,False,nan,nan,nan
v3_sc3_staging_04,L2,3,1,1.0,False,False,False,nan,nan,nan
v3_sc3_staging_04,L2,3,2,1.0,False,False,False,nan,nan,nan
v3_sc3_staging_04,L2,3,3,1.0,True,False,False,5.012741699796952,1.0008331019803636,2.117728022541685
v3_sc3_staging_04,L2,3,4,1.0,False,False,False,nan,nan,nan
v3_sc3_staging_04,L2,3,5,1.0,False,False,False,nan,nan,nan
v3_sc3_staging_04,L2,3,6,1.0,False,False,False,nan,nan,nan
v3_sc3_staging_04,L2,3,7,1.0,True,False,False,4.197056274847713,1.1620770138594663,2.6484122982862335
v3_sc3_staging_04,L2,3,8,1.0,False,False,False,nan,nan,nan
v3_sc3_staging_04,L2,3,9,1.0,False,False,False,nan,nan,nan
v3_sc3_staging_04,L2,3,10,1.0,True,False,False,4.769238815542512,1.1,2.3460498941515415
v3_sc3_staging_04,L2,3,11,1.0,True,False,False,6.055634918610405,1.0008331019803636,1.2613914953808536
v3_sc3_staging_04,L2,3,12,1.0,False,False,False,nan,nan,nan
v3_sc3_staging_04,L2,3,13,1.0,False,False,False,nan,nan,nan
v3_sc3_staging_04,L2,3,14,1.0,False,False,False,nan,nan,nan
v3_sc3_staging_04,L2,3,15,1.0,False,False,False,nan,nan,nan
v3_sc3_staging_04,L2,3,16,1.0,False,False,False,nan,nan,nan
v3_sc3_staging_04,L2,3,17,1.0,False,False,False,nan,nan,nan
v3_sc3_staging_04,L2,3,18,1.0,False,False,False,nan,nan,nan
v3_sc3_staging_04,L2,3,19,1.0,False,False,False,nan,nan,nan
v3_sc3_staging_04,L2,3,0,1.25,False,False,False,nan,nan,nan
v3_sc3_staging_04,L2,3,1,1.25,False,False,False,nan,nan,nan
v3_sc3_staging_04,L2,3,2,1.25,False,False,False,nan,nan,nan
v3_sc3_staging_04,L2,3,3,1.25,True,False,False,5.238477631085024,1.2507141400011599,2.2518175811634027
v3_sc3_staging_04,L2,3,4,1.25,False,False,False,nan,nan,nan
v3_sc3_staging_04,L2,3,5,1.25,False,False,False,nan,nan,nan
v3_sc3_staging_04,L2,3,6,1.25,False,False,False,nan,nan,nan
v3_sc3_staging_04,L2,3,7,1.25,True,False,False,4.197056274847713,1.2613914953808536,2.6484122982862335
v3_sc3_staging_04,L2,3,8,1.25,False,False,False,nan,nan,nan
v3_sc3_staging_04,L2,3,9,1.25,False,False,False,nan,nan,nan
v3_sc3_staging_04,L2,3,10,1.25,True,False,False,4.769238815542512,1.3200274723201297,2.3460498941515415
v3_sc3_staging_04,L2,3,11,1.25,False,False,False,nan,nan,nan
v3_sc3_staging_04,L2,3,12,1.25,False,False,False,nan,nan,nan
v3_sc3_staging_04,L2,3,13,1.25,False,False,False,nan,nan,nan
v3_sc3_staging_04,L2,3,14,1.25,False,False,False,nan,nan,nan
v3_sc3_staging_04,L2,3,15,1.25,False,False,False,nan,nan,nan
v3_sc3_staging_04,L2,3,16,1.25,False,False,False,nan,nan,nan
v3_sc3_staging_04,L2,3,17,1.25,False,False,False,nan,nan,nan
v3_sc3_staging_04,L2,3,18,1.25,False,False,False,nan,nan,nan
v3_sc3_staging_04,L2,3,19,1.25,False,False,False,nan,nan,nan
v3_sc3_staging_04,L2,3,0,1.5,False,False,False,nan,nan,nan
v3_sc3_staging_04,L2,3,1,1.5,False,False,False,nan,nan,nan
v3_sc3_staging_04,L2,3,2,1.5,False,False,False,nan,nan,nan
v3_sc3_staging_04,L2,3,3,1.5,False,False,False,nan,nan,nan
v3_sc3_staging_04,L2,3,4,1.5,False,False,False,nan,nan,nan
v3_sc3_staging_04,L2,3,5,1.5,False,False,False,nan,nan,nan
v3_sc3_staging_04,L2,3,6,1.5,False,False,False,nan,nan,nan
v3_sc3_staging_04,L2,3,7,1.5,False,False,False,nan,nan,nan
v3_sc3_staging_04,L2,3,8,1.5,False,False,False,nan,nan,nan
v3_sc3_staging_04,L2,3,9,1.5,False,False,False,nan,nan,nan
v3_sc3_staging_04,L2,3,10,1.5,False,False,False,nan,nan,nan
v3_sc3_staging_04,L2,3,11,1.5,False,False,False,nan,nan,nan
v3_sc3_staging_04,L2,3,12,1.5,False,False,False,nan,nan,nan
v3_sc3_staging_04,L2,3,13,1.5,False,False,False,nan,nan,nan
v3_sc3_staging_04,L2,3,14,1.5,False,False,False,nan,nan,nan
v3_sc3_staging_04,L2,3,15,1.5,False,False,False,nan,nan,nan
v3_sc3_staging_04,L2,3,16,1.5,False,False,False,nan,nan,nan
v3_sc3_staging_04,L2,3,17,1.5,False,False,False,nan,nan,nan
v3_sc3_staging_04,L2,3,18,1.5,False,False,False,nan,nan,nan
v3_sc3_staging_04,L2,3,19,1.5,False,False,False,nan,nan,nan
v3_sc3_staging_04,L2,3,0,2.0,False,False,False,nan,nan,nan
v3_sc3_staging_04,L2,3,1,2.0,False,False,False,nan,nan,nan
v3_sc3_staging_04,L2,3,2,2.0,False,False,False,nan,nan,nan
v3_sc3_staging_04,L2,3,3,2.0,False,False,False,nan,nan,nan
v3_sc3_staging_04,L2,3,4,2.0,False,False,False,nan,nan,nan
v3_sc3_staging_04,L2,3,5,2.0,False,False,False,nan,nan,nan
v3_sc3_staging_04,L2,3,6,2.0,False,False,False,nan,nan,nan
v3_sc3_staging_04,L2,3,7,2.0,False,False,False,nan,nan,nan
v3_sc3_staging_04,L2,3,8,2.0,False,False,False,nan,nan,nan
v3_sc3_staging_04,L2,3,9,2.0,False,False,False,nan,nan,nan
v3_sc3_staging_04,L2,3,10,2.0,False,False,False,nan,nan,nan
v3_sc3_staging_04,L2,3,11,2.0,False,False,False,nan,nan,nan
v3_sc3_staging_04,L2,3,12,2.0,False,False,False,nan,nan,nan
v3_sc3_staging_04,L2,3,13,2.0,False,False,False,nan,nan,nan
v3_sc3_staging_04,L2,3,14,2.0,False,False,False,nan,nan,nan
v3_sc3_staging_04,L2,3,15,2.0,False,False,False,nan,nan,nan
v3_sc3_staging_04,L2,3,16,2.0,False,False,False,nan,nan,nan
v3_sc3_staging_04,L2,3,17,2.0,False,False,False,nan,nan,nan
v3_sc3_staging_04,L2,3,18,2.0,False,False,False,nan,nan,nan
v3_sc3_staging_04,L2,3,19,2.0,False,False,False,nan,nan,nan
v3_sc3_staging_04,L2,4,0,0.0,True,False,False,5.089087296526011,0.8,0.17268120235368556
v3_sc3_staging_04,L2,4,1,0.0,True,False,False,3.67634559672906,0.040832691319598435,0.42195444572928875
v3_sc3_staging_04,L2,4,2,0.0,True,False,False,6.640559159102157,0.30000000000000004,0.050000000000000044
v3_sc3_staging_04,L2,4,3,0.0,True,False,False,4.983452377915606,0.6672617529928753,2.081181899828062
v3_sc3_staging_04,L2,4,4,0.0,True,False,False,6.0133513652379404,0.2778174593052023,2.8203915431767985
v3_sc3_staging_04,L2,4,5,0.0,True,False,False,3.7784271247461905,1.232772345116346,4.174665763453041
v3_sc3_staging_04,L2,4,6,0.0,True,False,False,4.547665940288701,0.2778174593052023,2.6945265689926576
v3_sc3_staging_04,L2,4,7,0.0,True,False,False,4.276345596729059,1.197056274847714,2.6567388235329195
v3_sc3_staging_04,L2,4,8,0.0,True,True,False,5.211269837220809,0.002493781056044475,1.7847319317591728
v3_sc3_staging_04,L2,4,9,0.0,True,False,False,8.15477272147525,0.18007352543677224,0.050000000000000044
v3_sc3_staging_04,L2,4,10,0.0,True,False,False,4.748528137423857,1.1,2.3987066081271493
v3_sc3_staging_04,L2,4,11,0.0,True,False,False,5.9106601717798215,0.9000000000000001,1.3527007313648907
v3_sc3_staging_04,L2,4,12,0.0,True,False,False,8.558326112068524,0.3500000000000001,0.050000000000000044
v3_sc3_staging_04,L2,4,13,0.0,True,False,False,5.8169047558312155,0.6500000000000001,0.10000000000000009
v3_sc3_staging_04,L2,4,14,0.0,False,False,False,nan,nan,nan
v3_sc3_staging_04,L2,4,15,0.0,True,False,False,9.88761543394987,0.3500000000000001,0.050000000000000044
v3_sc3_staging_04,L2,4,16,0.0,True,False,False,5.676955262170047,0.2778174593052023,3.1062445840513924
v3_sc3_staging_04,L2,4,17,0.0,True,False,False,5.868376618407357,0.3845903006477066,0.050000000000000044
v3_sc3_staging_04,L2,4,18,0.0,True,False,False,5.279898987322333,0.10827625302982202,1.5591260281974004
v3_sc3_staging_04,L2,4,19,0.0,True,True,False,6.331980515339464,0.002493781056044475,2.0932604959779884
v3_sc3_staging_04,L2,4,0,0.1,True,False,False,5.089087296526011,0.8,0.17268120235368556
v3_sc3_staging_04,L2,4,1,0.1,True,False,False,3.67634559672906,0.10207972893961481,0.42195444572928875
v3_sc3_staging_04,L2,4,2,0.1,True,False,False,6.681980515339467,0.30000000000000004,0.10000000000000009
v3_sc3_staging_04,L2,4,3,0.1,True,False,False,4.983452377915606,0.6672617529928753,2.081181899828062
v3_sc3_staging_04,L2,4,4,0.1,True,False,False,6.0133513652379404,0.2778174593052023,2.8203915431767985
v3_sc3_staging_04,L2,4,5,0.1,True,False,False,3.7784271247461905,1.232772345116346,4.174665763453041
v3_sc3_staging_04,L2,4,6,0.1,True,False,False,4.547665940288701,0.2778174593052023,2.6945265689926576
v3_sc3_staging_04,L2,4,7,0.1,True,False,False,4.276345596729059,1.197056274847714,2.6567388235329195
v3_sc3_staging_04,L2,4,8,0.1,True,False,False,5.211269837220809,0.10000000000000009,1.7847319317591728
v3_sc3_staging_04,L2,4,9,0.1,True,False,False,8.19619407771256,0.18007352543677224,0.10000000000000009
v3_sc3_staging_04,L2,4,10,0.1,True,False,False,4.748528137423857,1.1,2.3987066081271493
v3_sc3_staging_04,L2,4,11,0.1,True,False,False,5.9106601717798215,0.9000000000000001,1.3527007313648907
v3_sc3_staging_04,L2,4,12,0.1,True,False,False,8.599747468305834,0.3500000000000001,0.10000000000000009
v3_sc3_staging_04,L2,4,13,0.1,True,False,False,5.8169047558312155,0.6500000000000001,0.10000000000000009
v3_sc3_staging_04,L2,4,14,0.1,False,False,False,nan,nan,nan
v3_sc3_staging_04,L2,4,15,0.1,True,False,False,9.929036790187178,0.3500000000000001,0.10000000000000009
v3_sc3_staging_04,L2,4,16,0.1,True,False,False,5.676955262170047,0.2778174593052023,3.1062445840513924
v3_sc3_staging_04,L2,4,17,0.1,True,False,False,5.868376618407356,0.3845903006477066,0.10000000000000009
v3_sc3_staging_04,L2,4,18,0.1,True,False,False,5.279898987322333,0.10827625302982202,1.5591260281974004
v3_sc3_staging_04,L2,4,19,0.1,True,False,False,6.331980515339464,0.10000000000000009,2.0932604959779884
v3_sc3_staging_04,L2,4,0,0.2,True,False,False,7.3497474683058375,0.2778174593052023,1.246424919657298
v3_sc3_staging_04,L2,4,1,0.2,True,False,False,3.67634559672906,0.20710678118654757,0.42195444572928875
v3_sc3_staging_04,L2,4,2,0.2,True,False,False,14.758935777509514,0.2778174593052023,0.45000000000000007
v3_sc3_staging_04,L2,4,3,0.2,True,False,False,4.983452377915606,0.6672617529928753,2.081181899828062
v3_sc3_staging_04,L2,4,4,0.2,True,False,False,6.0133513652379404,0.2778174593052023,2.8203915431767985
v3_sc3_staging_04,L2,4,5,0.2,True,False,False,3.7784271247461905,1.232772345116346,4.174665763453041
v3_sc3_staging_04,L2,4,6,0.2,True,False,False,4.547665940288701,0.2778174593052023,2.6945265689926576
v3_sc3_staging_04,L2,4,7,0.2,True,False,False,4.276345596729059,1.197056274847714,2.6567388235329195
v3_sc3_staging_04,L2,4,8,0.2,True,False,False,5.211269837220809,0.20000000000000007,1.7847319317591728
v3_sc3_staging_04,L2,4,9,0.2,True,False,False,11.02253967444162,0.21063352017759485,0.3062257748298549
v3_sc3_staging_04,L2,4,10,0.2,True,False,False,4.748528137423857,1.1,2.3987066081271493
v3_sc3_staging_04,L2,4,11,0.2,True,False,False,5.9106601717798215,0.9000000000000001,1.3527007313648907
v3_sc3_staging_04,L2,4,12,0.2,True,False,False,11.655382386916239,0.20000000000000007,0.20000000000000007
v3_sc3_staging_04,L2,4,13,0.2,True,False,False,7.148275605729694,0.2778174593052023,1.923324163210527
v3_sc3_staging_04,L2,4,14,0.2,False,False,False,nan,nan,nan
v3_sc3_staging_04,L2,4,15,0.2,True,False,False,11.494722215136418,0.20000000000000007,0.20000000000000007
v3_sc3_staging_04,L2,4,16,0.2,True,False,False,5.676955262170047,0.2778174593052023,3.1062445840513924
v3_sc3_staging_04,L2,4,17,0.2,True,False,False,6.904772721475251,0.20000000000000007,1.413765920900464
v3_sc3_staging_04,L2,4,18,0.2,True,False,False,5.279898987322333,0.2778174593052023,1.5591260281974004
v3_sc3_staging_04,L2,4,19,0.2,True,False,False,6.331980515339464,0.20000000000000007,2.0932604959779884
v3_sc3_staging_04,L2,4,0,0.3,True,False,False,7.379036790187183,0.3062257748298549,1.246424919657298
v3_sc3_staging_04,L2,4,1,0.3,False,False,False,nan,nan,nan
v3_sc3_staging_04,L2,4,2,0.3,True,False,False,14.78822509939086,0.3015609770940699,0.45000000000000007
v3_sc3_staging_04,L2,4,3,0.3,True,False,False,4.983452377915606,0.6672617529928753,2.081181899828062
v3_sc3_staging_04,L2,4,4,0.3,True,False,False,6.0133513652379404,0.3062257748298549,2.8203915431767985
v3_sc3_staging_04,L2,4,5,0.3,True,False,False,3.7784271247461905,1.232772345116346,4.174665763453041
v3_sc3_staging_04,L2,4,6,0.3,True,False,False,4.576955262170047,0.3062257748298549,2.6945265689926576
v3_sc3_staging_04,L2,4,7,0.3,True,False,False,4.276345596729059,1.197056274847714,2.6567388235329195
v3_sc3_staging_04,L2,4,8,0.3,True,False,False,5.240559159102155,0.3015609770940699,1.7847319317591728
v3_sc3_staging_04,L2,4,9,0.3,True,False,False,11.051828996322968,0.3015609770940699,0.6000000000000001
v3_sc3_staging_04,L2,4,10,0.3,True,False,False,4.748528137423857,1.1,2.3987066081271493
v3_sc3_staging_04,L2,4,11,0.3,True,False,False,5.9106601717798215,0.9000000000000001,1.3527007313648907
v3_sc3_staging_04,L2,4,12,0.3,True,False,False,11.684671708797584,0.3015609770940699,0.3015609770940699
v3_sc3_staging_04,L2,4,13,0.3,True,False,False,7.177564927611039,0.3062257748298549,1.923324163210527
v3_sc3_staging_04,L2,4,14,0.3,False,False,False,nan,nan,nan
v3_sc3_staging_04,L2,4,15,0.3,True,False,False,11.524011537017762,0.3015609770940699,0.3015609770940699
v3_sc3_staging_04,L2,4,16,0.3,True,False,False,5.676955262170048,0.3062257748298549,3.1062445840513924
v3_sc3_staging_04,L2,4,17,0.3,True,False,False,6.9340620433565965,0.3015609770940699,1.413765920900464
v3_sc3_staging_04,L2,4,18,0.3,True,False,False,5.3091883092036785,0.3062257748298549,1.5591260281974004
v3_sc3_staging_04,L2,4,19,0.3,True,False,False,6.36126983722081,0.3015609770940699,2.0932604959779884
v3_sc3_staging_04,L2,4,0,0.4,False,False,False,nan,nan,nan
v3_sc3_staging_04,L2,4,1,0.4,False,False,False,nan,nan,nan
v3_sc3_staging_04,L2,4,2,0.4,False,False,False,nan,nan,nan
v3_sc3_staging_04,L2,4,3,0.4,True,False,False,4.983452377915606,0.6672617529928753,2.081181899828062
v3_sc3_staging_04,L2,4,4,0.4,False,False,False,nan,nan,nan
v3_sc3_staging_04,L2,4,5,0.4,True,False,False,3.7784271247461905,1.232772345116346,4.174665763453041
v3_sc3_staging_04,L2,4,6,0.4,False,False,False,nan,nan,nan
v3_sc3_staging_04,L2,4,7,0.4,True,False,False,4.276345596729059,1.197056274847714,2.6567388235329195
v3_sc3_staging_04,L2,4,8,0.4,False,False,False,nan,nan,nan
v3_sc3_staging_04,L2,4,9,0.4,False,False,False,nan,nan,nan
v3_sc3_staging_04,L2,4,10,0.4,True,False,False,4.748528137423857,1.1,2.3987066081271493
v3_sc3_staging_04,L2,4,11,0.4,True,False,False,5.9106601717798215,0.9000000000000001,1.3527007313648907
v3_sc3_staging_04,L2,4,12,0.4,False,False,False,nan,nan,nan
v3_sc3_staging_04,L2,4,13,0.4,False,False,False,nan,nan,nan
v3_sc3_staging_04,L2,4,14,0.4,False,False,False,nan,nan,nan
v3_sc3_staging_04,L2,4,15,0.4,False,False,False,nan,nan,nan
v3_sc3_staging_04,L2,4,16,0.4,False,False,False,nan,nan,nan
v3_sc3_staging_04,L2,4,17,0.4,False,False,False,nan,nan,nan
v3_sc3_staging_04,L2,4,18,0.4,False,False,False,nan,nan,nan
v3_sc3_staging_04,L2,4,19,0.4,False,False,False,nan,nan,nan
v3_sc3_staging_04,L2,4,0,0.5,False,False,False,nan,nan,nan
v3_sc3_staging_04,L2,4,1,0.5,False,False,False,nan,nan,nan
v3_sc3_staging_04,L2,4,2,0.5,False,False,False,nan,nan,nan
v3_sc3_staging_04,L2,4,3,0.5,True,False,False,4.983452377915606,0.6672617529928753,2.081181899828062
v3_sc3_staging_04,L2,4,4,0.5,False,False,False,nan,nan,nan
v3_sc3_staging_04,L2,4,5,0.5,True,False,False,3.7784271247461905,1.232772345116346,4.174665763453041
v3_sc3_staging_04,L2,4,6,0.5,False,False,False,nan,nan,nan
v3_sc3_staging_04,L2,4,7,0.5,True,False,False,4.276345596729059,1.197056274847714,2.6567388235329195
v3_sc3_staging_04,L2,4,8,0.5,False,False,False,nan,nan,nan
v3_sc3_staging_04,L2,4,9,0.5,False,False,False,nan,nan,nan
v3_sc3_staging_04,L2,4,10,0.5,True,False,False,4.748528137423857,1.1,2.3987066081271493
v3_sc3_staging_04,L2,4,11,0.5,True,False,False,5.9106601717798215,0.9000000000000001,1.3527007313648907
v3_sc3_staging_04,L2,4,12,0.5,False,False,False,nan,nan,nan
v3_sc3_staging_04,L2,4,13,0.5,False,False,False,nan,nan,nan
v3_sc3_staging_04,L2,4,14,0.5,False,False,False,nan,nan,nan
v3_sc3_staging_04,L2,4,15,0.5,False,False,False,nan,nan,nan
v3_sc3_staging_04,L2,4,16,0.5,False,False,False,nan,nan,nan
v3_sc3_staging_04,L2,4,17,0.5,False,False,False,nan,nan,nan
v3_sc3_staging_04,L2,4,18,0.5,False,False,False,nan,nan,nan
v3_sc3_staging_04,L2,4,19,0.5,False,False,False,nan,nan,nan
v3_sc3_staging_04,L2,4,0,0.6,False,False,False,nan,nan,nan
v3_sc3_staging_04,L2,4,1,0.6,False,False,False,nan,nan,nan
v3_sc3_staging_04,L2,4,2,0.6,False,False,False,nan,nan,nan
v3_sc3_staging_04,L2,4,3,0.6,True,False,False,4.983452377915606,0.6672617529928753,2.081181899828062
v3_sc3_staging_04,L2,4,4,0.6,False,False,False,nan,nan,nan
v3_sc3_staging_04,L2,4,5,0.6,True,False,False,3.7784271247461905,1.232772345116346,4.174665763453041
v3_sc3_staging_04,L2,4,6,0.6,False,False,False,nan,nan,nan
v3_sc3_staging_04,L2,4,7,0.6,True,False,False,4.276345596729059,1.197056274847714,2.6567388235329195
v3_sc3_staging_04,L2,4,8,0.6,False,False,False,nan,nan,nan
v3_sc3_staging_04,L2,4,9,0.6,False,False,False,nan,nan,nan
v3_sc3_staging_04,L2,4,10,0.6,True,False,False,4.748528137423857,1.1,2.3987066081271493
v3_sc3_staging_04,L2,4,11,0.6,True,False,False,5.9106601717798215,0.9000000000000001,1.3527007313648907
v3_sc3_staging_04,L2,4,12,0.6,False,False,False,nan,nan,nan
v3_sc3_staging_04,L2,4,13,0.6,False,False,False,nan,nan,nan
v3_sc3_staging_04,L2,4,14,0.6,False,False,False,nan,nan,nan
v3_sc3_staging_04,L2,4,15,0.6,False,False,False,nan,nan,nan
v3_sc3_staging_04,L2,4,16,0.6,False,False,False,nan,nan,nan
v3_sc3_staging_04,L2,4,17,0.6,False,False,False,nan,nan,nan
v3_sc3_staging_04,L2,4,18,0.6,False,False,False,nan,nan,nan
v3_sc3_staging_04,L2,4,19,0.6,False,False,False,nan,nan,nan
v3_sc3_staging_04,L2,4,0,0.8,False,False,False,nan,nan,nan
v3_sc3_staging_04,L2,4,1,0.8,False,False,False,nan,nan,nan
v3_sc3_staging_04,L2,4,2,0.8,False,False,False,nan,nan,nan
v3_sc3_staging_04,L2,4,3,0.8,True,False,False,4.983452377915606,0.80384048104053,2.081181899828062
v3_sc3_staging_04,L2,4,4,0.8,False,False,False,nan,nan,nan
v3_sc3_staging_04,L2,4,5,0.8,True,False,False,3.7784271247461905,1.232772345116346,4.174665763453041
v3_sc3_staging_04,L2,4,6,0.8,False,False,False,nan,nan,nan
v3_sc3_staging_04,L2,4,7,0.8,True,False,False,4.276345596729059,1.197056274847714,2.6567388235329195
v3_sc3_staging_04,L2,4,8,0.8,False,False,False,nan,nan,nan
v3_sc3_staging_04,L2,4,9,0.8,False,False,False,nan,nan,nan
v3_sc3_staging_04,L2,4,10,0.8,True,False,False,4.748528137423857,1.1,2.3987066081271493
v3_sc3_staging_04,L2,4,11,0.8,True,False,False,5.9106601717798215,0.9000000000000001,1.3527007313648907
v3_sc3_staging_04,L2,4,12,0.8,False,False,False,nan,nan,nan
v3_sc3_staging_04,L2,4,13,0.8,False,False,False,nan,nan,nan
v3_sc3_staging_04,L2,4,14,0.8,False,False,False,nan,nan,nan
v3_sc3_staging_04,L2,4,15,0.8,False,False,False,nan,nan,nan
v3_sc3_staging_04,L2,4,16,0.8,False,False,False,nan,nan,nan
v3_sc3_staging_04,L2,4,17,0.8,False,False,False,nan,nan,nan
v3_sc3_staging_04,L2,4,18,0.8,False,False,False,nan,nan,nan
v3_sc3_staging_04,L2,4,19,0.8,False,False,False,nan,nan,nan
v3_sc3_staging_04,L2,4,0,1.0,False,False,False,nan,nan,nan
v3_sc3_staging_04,L2,4,1,1.0,False,False,False,nan,nan,nan
v3_sc3_staging_04,L2,4,2,1.0,False,False,False,nan,nan,nan
v3_sc3_staging_04,L2,4,3,1.0,True,False,False,5.012741699796952,1.0008331019803636,2.1386549603917526
v3_sc3_staging_04,L2,4,4,1.0,False,False,False,nan,nan,nan
v3_sc3_staging_04,L2,4,5,1.0,True,False,False,3.7784271247461905,1.232772345116346,4.174665763453041
v3_sc3_staging_04,L2,4,6,1.0,False,False,False,nan,nan,nan
v3_sc3_staging_04,L2,4,7,1.0,True,False,False,4.276345596729059,1.197056274847714,2.6567388235329195
v3_sc3_staging_04,L2,4,8,1.0,False,False,False,nan,nan,nan
v3_sc3_staging_04,L2,4,9,1.0,False,False,False,nan,nan,nan
v3_sc3_staging_04,L2,4,10,1.0,True,False,False,4.748528137423857,1.1,2.3987066081271493
v3_sc3_staging_04,L2,4,11,1.0,True,False,False,6.034924240491751,1.0008331019803636,1.3527007313648907
v3_sc3_staging_04,L2,4,12,1.0,False,False,False,nan,nan,nan
v3_sc3_staging_04,L2,4,13,1.0,False,False,False,nan,nan,nan
v3_sc3_staging_04,L2,4,14,1.0,False,False,False,nan,nan,nan
v3_sc3_staging_04,L2,4,15,1.0,False,False,False,nan,nan,nan
v3_sc3_staging_04,L2,4,16,1.0,False,False,False,nan,nan,nan
v3_sc3_staging_04,L2,4,17,1.0,False,False,False,nan,nan,nan
v3_sc3_staging_04,L2,4,18,1.0,False,False,False,nan,nan,nan
v3_sc3_staging_04,L2,4,19,1.0,False,False,False,nan,nan,nan
v3_sc3_staging_04,L2,4,0,1.25,False,False,False,nan,nan,nan
v3_sc3_staging_04,L2,4,1,1.25,False,False,False,nan,nan,nan
v3_sc3_staging_04,L2,4,2,1.25,False,False,False,nan,nan,nan
v3_sc3_staging_04,L2,4,3,1.25,True,False,False,5.238477631085024,1.2507141400011599,2.285677655436824
v3_sc3_staging_04,L2,4,4,1.25,False,False,False,nan,nan,nan
v3_sc3_staging_04,L2,4,5,1.25,True,False,False,3.7784271247461905,1.2670597047072292,4.174665763453041
v3_sc3_staging_04,L2,4,6,1.25,False,False,False,nan,nan,nan
v3_sc3_staging_04,L2,4,7,1.25,True,False,False,4.276345596729059,1.2613914953808536,2.6567388235329195
v3_sc3_staging_04,L2,4,8,1.25,False,False,False,nan,nan,nan
v3_sc3_staging_04,L2,4,9,1.25,False,False,False,nan,nan,nan
v3_sc3_staging_04,L2,4,10,1.25,True,False,False,4.7485281374238575,1.35,2.3987066081271493
v3_sc3_staging_04,L2,4,11,1.25,True,False,False,6.242031021678298,1.2507141400011599,1.3527007313648907
v3_sc3_staging_04,L2,4,12,1.25,False,False,False,nan,nan,nan
v3_sc3_staging_04,L2,4,13,1.25,False,False,False,nan,nan,nan
v3_sc3_staging_04,L2,4,14,1.25,False,False,False,nan,nan,nan
v3_sc3_staging_04,L2,4,15,1.25,False,False,False,nan,nan,nan
v3_sc3_staging_04,L2,4,16,1.25,False,False,False,nan,nan,nan
v3_sc3_staging_04,L2,4,17,1.25,False,False,False,nan,nan,nan
v3_sc3_staging_04,L2,4,18,1.25,False,False,False,nan,nan,nan
v3_sc3_staging_04,L2,4,19,1.25,False,False,False,nan,nan,nan
v3_sc3_staging_04,L2,4,0,1.5,False,False,False,nan,nan,nan
v3_sc3_staging_04,L2,4,1,1.5,False,False,False,nan,nan,nan
v3_sc3_staging_04,L2,4,2,1.5,False,False,False,nan,nan,nan
v3_sc3_staging_04,L2,4,3,1.5,False,False,False,nan,nan,nan
v3_sc3_staging_04,L2,4,4,1.5,False,False,False,nan,nan,nan
v3_sc3_staging_04,L2,4,5,1.5,False,False,False,nan,nan,nan
v3_sc3_staging_04,L2,4,6,1.5,False,False,False,nan,nan,nan
v3_sc3_staging_04,L2,4,7,1.5,False,False,False,nan,nan,nan
v3_sc3_staging_04,L2,4,8,1.5,False,False,False,nan,nan,nan
v3_sc3_staging_04,L2,4,9,1.5,False,False,False,nan,nan,nan
v3_sc3_staging_04,L2,4,10,1.5,False,False,False,nan,nan,nan
v3_sc3_staging_04,L2,4,11,1.5,False,False,False,nan,nan,nan
v3_sc3_staging_04,L2,4,12,1.5,False,False,False,nan,nan,nan
v3_sc3_staging_04,L2,4,13,1.5,False,False,False,nan,nan,nan
v3_sc3_staging_04,L2,4,14,1.5,False,False,False,nan,nan,nan
v3_sc3_staging_04,L2,4,15,1.5,False,False,False,nan,nan,nan
v3_sc3_staging_04,L2,4,16,1.5,False,False,False,nan,nan,nan
v3_sc3_staging_04,L2,4,17,1.5,False,False,False,nan,nan,nan
v3_sc3_staging_04,L2,4,18,1.5,False,False,False,nan,nan,nan
v3_sc3_staging_04,L2,4,19,1.5,False,False,False,nan,nan,nan
v3_sc3_staging_04,L2,4,0,2.0,False,False,False,nan,nan,nan
v3_sc3_staging_04,L2,4,1,2.0,False,False,False,nan,nan,nan
v3_sc3_staging_04,L2,4,2,2.0,False,False,False,nan,nan,nan
v3_sc3_staging_04,L2,4,3,2.0,False,False,False,nan,nan,nan
v3_sc3_staging_04,L2,4,4,2.0,False,False,False,nan,nan,nan
v3_sc3_staging_04,L2,4,5,2.0,False,False,False,nan,nan,nan
v3_sc3_staging_04,L2,4,6,2.0,False,False,False,nan,nan,nan
v3_sc3_staging_04,L2,4,7,2.0,False,False,False,nan,nan,nan
v3_sc3_staging_04,L2,4,8,2.0,False,False,False,nan,nan,nan
v3_sc3_staging_04,L2,4,9,2.0,False,False,False,nan,nan,nan
v3_sc3_staging_04,L2,4,10,2.0,False,False,False,nan,nan,nan
v3_sc3_staging_04,L2,4,11,2.0,False,False,False,nan,nan,nan
v3_sc3_staging_04,L2,4,12,2.0,False,False,False,nan,nan,nan
v3_sc3_staging_04,L2,4,13,2.0,False,False,False,nan,nan,nan
v3_sc3_staging_04,L2,4,14,2.0,False,False,False,nan,nan,nan
v3_sc3_staging_04,L2,4,15,2.0,False,False,False,nan,nan,nan
v3_sc3_staging_04,L2,4,16,2.0,False,False,False,nan,nan,nan
v3_sc3_staging_04,L2,4,17,2.0,False,False,False,nan,nan,nan
v3_sc3_staging_04,L2,4,18,2.0,False,False,False,nan,nan,nan
v3_sc3_staging_04,L2,4,19,2.0,False,False,False,nan,nan,nan
v3_sc3_staging_04,L3,0,0,0.0,True,False,False,5.289087296526012,0.4899494936611666,0.13639610306789285
v3_sc3_staging_04,L3,0,1,0.0,False,False,False,nan,nan,nan
v3_sc3_staging_04,L3,0,2,0.0,False,False,False,nan,nan,nan
v3_sc3_staging_04,L3,0,3,0.0,True,False,False,4.945584412271571,0.7727922061357857,2.1500000000000004
v3_sc3_staging_04,L3,0,4,0.0,True,False,False,5.559797974644667,0.2433034373659253,2.564718584144391
v3_sc3_staging_04,L3,0,5,0.0,False,False,False,nan,nan,nan
v3_sc3_staging_04,L3,0,6,0.0,True,False,False,4.5269552621700475,0.20710678118654757,2.4154759474226504
v3_sc3_staging_04,L3,0,7,0.0,True,False,False,4.238477631085023,1.0913830462839549,2.7035136959282697
v3_sc3_staging_04,L3,0,8,0.0,True,False,False,4.976955262170047,0.002493781056044475,1.46596032513375
v3_sc3_staging_04,L3,0,9,0.0,False,False,False,nan,nan,nan
v3_sc3_staging_04,L3,0,10,0.0,True,False,False,4.810660171779822,1.1,2.460152023123137
v3_sc3_staging_04,L3,0,11,0.0,True,False,False,5.972792206135786,0.7589678312014172,1.4026297590440446
v3_sc3_staging_04,L3,0,12,0.0,False,False,False,nan,nan,nan
v3_sc3_staging_04,L3,0,13,0.0,True,False,False,5.941168824543143,0.4899494936611666,0.13639610306789285
v3_sc3_staging_04,L3,0,14,0.0,False,False,False,nan,nan,nan
v3_sc3_staging_04,L3,0,15,0.0,False,False,False,nan,nan,nan
v3_sc3_staging_04,L3,0,16,0.0,True,False,False,5.223401871576774,0.2433034373659253,2.863406011768428
v3_sc3_staging_04,L3,0,17,0.0,True,False,True,6.076955262170047,0.45524865872714004,0.050000000000000044
v3_sc3_staging_04,L3,0,18,0.0,True,False,False,5.004163056034261,0.052268050859363036,1.1867127793433
v3_sc3_staging_04,L3,0,19,0.0,False,False,False,nan,nan,nan
v3_sc3_staging_04,L3,0,0,0.1,True,False,False,5.289087296526012,0.4899494936611666,0.13639610306789285
v3_sc3_staging_04,L3,0,1,0.1,False,False,False,nan,nan,nan
v3_sc3_staging_04,L3,0,2,0.1,False,False,False,nan,nan,nan
v3_sc3_staging_04,L3,0,3,0.1,True,False,False,4.945584412271571,0.7727922061357857,2.1500000000000004
v3_sc3_staging_04,L3,0,4,0.1,True,False,False,5.559797974644667,0.2433034373659253,2.564718584144391
v3_sc3_staging_04,L3,0,5,0.1,False,False,False,nan,nan,nan
v3_sc3_staging_04,L3,0,6,0.1,True,False,False,4.5269552621700475,0.20710678118654757,2.4154759474226504
v3_sc3_staging_04,L3,0,7,0.1,True,False,False,4.238477631085023,1.0913830462839549,2.7035136959282697
v3_sc3_staging_04,L3,0,8,0.1,True,False,False,4.976955262170048,0.10000000000000009,1.46596032513375
v3_sc3_staging_04,L3,0,9,0.1,False,False,False,nan,nan,nan
v3_sc3_staging_04,L3,0,10,0.1,True,False,False,4.810660171779822,1.1,2.460152023123137
v3_sc3_staging_04,L3,0,11,0.1,True,False,False,5.972792206135786,0.7589678312014172,1.4026297590440446
v3_sc3_staging_04,L3,0,12,0.1,False,False,False,nan,nan,nan
v3_sc3_staging_04,L3,0,13,0.1,True,False,False,5.941168824543143,0.4899494936611666,0.13639610306789285
v3_sc3_staging_04,L3,0,14,0.1,False,False,False,nan,nan,nan
v3_sc3_staging_04,L3,0,15,0.1,False,False,False,nan,nan,nan
v3_sc3_staging_04,L3,0,16,0.1,True,False,False,5.223401871576774,0.2433034373659253,2.863406011768428
v3_sc3_staging_04,L3,0,17,0.1,True,False,True,6.076955262170047,0.45524865872714004,0.10000000000000009
v3_sc3_staging_04,L3,0,18,0.1,True,False,False,5.004163056034262,0.2433034373659253,1.1867127793433
v3_sc3_staging_04,L3,0,19,0.1,False,False,False,nan,nan,nan
v3_sc3_staging_04,L3,0,0,0.2,True,False,False,6.854772721475254,0.2433034373659253,0.8416407864998741
v3_sc3_staging_04,L3,0,1,0.2,False,False,False,nan,nan,nan
v3_sc3_staging_04,L3,0,2,0.2,False,False,False,nan,nan,nan
v3_sc3_staging_04,L3,0,3,0.2,True,False,False,4.945584412271571,0.7727922061357857,2.1500000000000004
v3_sc3_staging_04,L3,0,4,0.2,True,False,False,5.559797974644667,0.2433034373659253,2.564718584144391
v3_sc3_staging_04,L3,0,5,0.2,False,False,False,nan,nan,nan
v3_sc3_staging_04,L3,0,6,0.2,True,False,False,4.5269552621700475,0.20710678118654757,2.4154759474226504
v3_sc3_staging_04,L3,0,7,0.2,True,False,False,4.238477631085023,1.0913830462839549,2.7035136959282697
v3_sc3_staging_04,L3,0,8,0.2,True,False,False,4.976955262170048,0.20000000000000007,1.46596032513375
v3_sc3_staging_04,L3,0,9,0.2,False,False,False,nan,nan,nan
v3_sc3_staging_04,L3,0,10,0.2,True,False,False,4.810660171779822,1.1,2.460152023123137
v3_sc3_staging_04,L3,0,11,0.2,True,False,False,5.972792206135786,0.7589678312014172,1.4026297590440446
v3_sc3_staging_04,L3,0,12,0.2,False,False,False,nan,nan,nan
v3_sc3_staging_04,L3,0,13,0.2,True,False,False,6.65330085889911,0.2433034373659253,1.5359273071502333
v3_sc3_staging_04,L3,0,14,0.2,False,False,False,nan,nan,nan
v3_sc3_staging_04,L3,0,15,0.2,False,False,False,nan,nan,nan
v3_sc3_staging_04,L3,0,16,0.2,True,False,False,5.223401871576774,0.2433034373659253,2.863406011768428
v3_sc3_staging_04,L3,0,17,0.2,True,False,False,6.389087296526013,0.20000000000000007,1.0041608956491324
v3_sc3_staging_04,L3,0,18,0.2,True,False,False,5.004163056034262,0.2433034373659253,1.1867127793433
v3_sc3_staging_04,L3,0,19,0.2,False,False,False,nan,nan,nan
v3_sc3_staging_04,L3,0,0,0.3,False,False,False,nan,nan,nan
v3_sc3_staging_04,L3,0,1,0.3,False,False,False,nan,nan,nan
v3_sc3_staging_04,L3,0,2,0.3,False,False,False,nan,nan,nan
v3_sc3_staging_04,L3,0,3,0.3,True,False,False,4.945584412271571,0.7727922061357857,2.1500000000000004
v3_sc3_staging_04,L3,0,4,0.3,False,False,False,nan,nan,nan
v3_sc3_staging_04,L3,0,5,0.3,False,False,False,nan,nan,nan
v3_sc3_staging_04,L3,0,6,0.3,False,False,False,nan,nan,nan
v3_sc3_staging_04,L3,0,7,0.3,True,False,False,4.238477631085023,1.0913830462839549,2.7035136959282697
v3_sc3_staging_04,L3,0,8,0.3,False,False,False,nan,nan,nan
v3_sc3_staging_04,L3,0,9,0.3,False,False,False,nan,nan,nan
v3_sc3_staging_04,L3,0,10,0.3,True,False,False,4.810660171779822,1.1,2.460152023123137
v3_sc3_staging_04,L3,0,11,0.3,True,False,False,5.972792206135786,0.7589678312014172,1.4026297590440446
v3_sc3_staging_04,L3,0,12,0.3,False,False,False,nan,nan,nan
v3_sc3_staging_04,L3,0,13,0.3,False,False,False,nan,nan,nan
v3_sc3_staging_04,L3,0,14,0.3,False,False,False,nan,nan,nan
v3_sc3_staging_04,L3,0,15,0.3,False,False,False,nan,nan,nan
v3_sc3_staging_04,L3,0,16,0.3,False,False,False,nan,nan,nan
v3_sc3_staging_04,L3,0,17,0.3,False,False,False,nan,nan,nan
v3_sc3_staging_04,L3,0,18,0.3,False,False,False,nan,nan,nan
v3_sc3_staging_04,L3,0,19,0.3,False,False,False,nan,nan,nan
v3_sc3_staging_04,L3,0,0,0.4,False,False,False,nan,nan,nan
v3_sc3_staging_04,L3,0,1,0.4,False,False,False,nan,nan,nan
v3_sc3_staging_04,L3,0,2,0.4,False,False,False,nan,nan,nan
v3_sc3_staging_04,L3,0,3,0.4,True,False,False,4.945584412271571,0.7727922061357857,2.1500000000000004
v3_sc3_staging_04,L3,0,4,0.4,False,False,False,nan,nan,nan
v3_sc3_staging_04,L3,0,5,0.4,False,False,False,nan,nan,nan
v3_sc3_staging_04,L3,0,6,0.4,False,False,False,nan,nan,nan
v3_sc3_staging_04,L3,0,7,0.4,True,False,False,4.238477631085023,1.0913830462839549,2.7035136959282697
v3_sc3_staging_04,L3,0,8,0.4,False,False,False,nan,nan,nan
v3_sc3_staging_04,L3,0,9,0.4,False,False,False,nan,nan,nan
v3_sc3_staging_04,L3,0,10,0.4,True,False,False,4.810660171779822,1.1,2.460152023123137
v3_sc3_staging_04,L3,0,11,0.4,True,False,False,5.972792206135786,0.7589678312014172,1.4026297590440446
v3_sc3_staging_04,L3,0,12,0.4,False,False,False,nan,nan,nan
v3_sc3_staging_04,L3,0,13,0.4,False,False,False,nan,nan,nan
v3_sc3_staging_04,L3,0,14,0.4,False,False,False,nan,nan,nan
v3_sc3_staging_04,L3,0,15,0.4,False,False,False,nan,nan,nan
v3_sc3_staging_04,L3,0,16,0.4,False,False,False,nan,nan,nan
v3_sc3_staging_04,L3,0,17,0.4,False,False,False,nan,nan,nan
v3_sc3_staging_04,L3,0,18,0.4,False,False,False,nan,nan,nan
v3_sc3_staging_04,L3,0,19,0.4,False,False,False,nan,nan,nan
v3_sc3_staging_04,L3,0,0,0.5,False,False,False,nan,nan,nan
v3_sc3_staging_04,L3,0,1,0.5,False,False,False,nan,nan,nan
v3_sc3_staging_04,L3,0,2,0.5,False,False,False,nan,nan,nan
v3_sc3_staging_04,L3,0,3,0.5,True,False,False,4.945584412271571,0.7727922061357857,2.1500000000000004
v3_sc3_staging_04,L3,0,4,0.5,False,False,False,nan,nan,nan
v3_sc3_staging_04,L3,0,5,0.5,False,False,False,nan,nan,nan
v3_sc3_staging_04,L3,0,6,0.5,False,False,False,nan,nan,nan
v3_sc3_staging_04,L3,0,7,0.5,True,False,False,4.238477631085023,1.0913830462839549,2.7035136959282697
v3_sc3_staging_04,L3,0,8,0.5,False,False,False,nan,nan,nan
v3_sc3_staging_04,L3,0,9,0.5,False,False,False,nan,nan,nan
v3_sc3_staging_04,L3,0,10,0.5,True,False,False,4.810660171779822,1.1,2.460152023123137
v3_sc3_staging_04,L3,0,11,0.5,True,False,False,5.972792206135786,0.7589678312014172,1.4026297590440446
v3_sc3_staging_04,L3,0,12,0.5,False,False,False,nan,nan,nan
v3_sc3_staging_04,L3,0,13,0.5,False,False,False,nan,nan,nan
v3_sc3_staging_04,L3,0,14,0.5,False,False,False,nan,nan,nan
v3_sc3_staging_04,L3,0,15,0.5,False,False,False,nan,nan,nan
v3_sc3_staging_04,L3,0,16,0.5,False,False,False,nan,nan,nan
v3_sc3_staging_04,L3,0,17,0.5,False,False,False,nan,nan,nan
v3_sc3_staging_04,L3,0,18,0.5,False,False,False,nan,nan,nan
v3_sc3_staging_04,L3,0,19,0.5,False,False,False,nan,nan,nan
v3_sc3_staging_04,L3,0,0,0.6,False,False,False,nan,nan,nan
v3_sc3_staging_04,L3,0,1,0.6,False,False,False,nan,nan,nan
v3_sc3_staging_04,L3,0,2,0.6,False,False,False,nan,nan,nan
v3_sc3_staging_04,L3,0,3,0.6,True,False,False,4.945584412271571,0.7727922061357857,2.1500000000000004
v3_sc3_staging_04,L3,0,4,0.6,False,False,False,nan,nan,nan
v3_sc3_staging_04,L3,0,5,0.6,False,False,False,nan,nan,nan
v3_sc3_staging_04,L3,0,6,0.6,False,False,False,nan,nan,nan
v3_sc3_staging_04,L3,0,7,0.6,True,False,False,4.238477631085023,1.0913830462839549,2.7035136959282697
v3_sc3_staging_04,L3,0,8,0.6,False,False,False,nan,nan,nan
v3_sc3_staging_04,L3,0,9,0.6,False,False,False,nan,nan,nan
v3_sc3_staging_04,L3,0,10,0.6,True,False,False,4.810660171779822,1.1,2.460152023123137
v3_sc3_staging_04,L3,0,11,0.6,True,False,False,5.972792206135786,0.7589678312014172,1.4026297590440446
v3_sc3_staging_04,L3,0,12,0.6,False,False,False,nan,nan,nan
v3_sc3_staging_04,L3,0,13,0.6,False,False,False,nan,nan,nan
v3_sc3_staging_04,L3,0,14,0.6,False,False,False,nan,nan,nan
v3_sc3_staging_04,L3,0,15,0.6,False,False,False,nan,nan,nan
v3_sc3_staging_04,L3,0,16,0.6,False,False,False,nan,nan,nan
v3_sc3_staging_04,L3,0,17,0.6,False,False,False,nan,nan,nan
v3_sc3_staging_04,L3,0,18,0.6,False,False,False,nan,nan,nan
v3_sc3_staging_04,L3,0,19,0.6,False,False,False,nan,nan,nan
v3_sc3_staging_04,L3,0,0,0.8,False,False,False,nan,nan,nan
v3_sc3_staging_04,L3,0,1,0.8,False,False,False,nan,nan,nan
v3_sc3_staging_04,L3,0,2,0.8,False,False,False,nan,nan,nan
v3_sc3_staging_04,L3,0,3,0.8,True,False,False,4.945584412271571,0.80384048104053,2.1500000000000004
v3_sc3_staging_04,L3,0,4,0.8,False,False,False,nan,nan,nan
v3_sc3_staging_04,L3,0,5,0.8,False,False,False,nan,nan,nan
v3_sc3_staging_04,L3,0,6,0.8,False,False,False,nan,nan,nan
v3_sc3_staging_04,L3,0,7,0.8,True,False,False,4.238477631085023,1.0913830462839549,2.7035136959282697
v3_sc3_staging_04,L3,0,8,0.8,False,False,False,nan,nan,nan
v3_sc3_staging_04,L3,0,9,0.8,False,False,False,nan,nan,nan
v3_sc3_staging_04,L3,0,10,0.8,True,False,False,4.810660171779822,1.1,2.460152023123137
v3_sc3_staging_04,L3,0,11,0.8,True,False,False,5.972792206135786,0.80384048104053,1.4026297590440446
v3_sc3_staging_04,L3,0,12,0.8,False,False,False,nan,nan,nan
v3_sc3_staging_04,L3,0,13,0.8,False,False,False,nan,nan,nan
v3_sc3_staging_04,L3,0,14,0.8,False,False,False,nan,nan,nan
v3_sc3_staging_04,L3,0,15,0.8,False,False,False,nan,nan,nan
v3_sc3_staging_04,L3,0,16,0.8,False,False,False,nan,nan,nan
v3_sc3_staging_04,L3,0,17,0.8,False,False,False,nan,nan,nan
v3_sc3_staging_04,L3,0,18,0.8,False,False,False,nan,nan,nan
v3_sc3_staging_04,L3,0,19,0.8,False,False,False,nan,nan,nan
v3_sc3_staging_04,L3,0,0,1.0,False,False,False,nan,nan,nan
v3_sc3_staging_04,L3,0,1,1.0,False,False,False,nan,nan,nan
v3_sc3_staging_04,L3,0,2,1.0,False,False,False,nan,nan,nan
v3_sc3_staging_04,L3,0,3,1.0,False,False,False,nan,nan,nan
v3_sc3_staging_04,L3,0,4,1.0,False,False,False,nan,nan,nan
v3_sc3_staging_04,L3,0,5,1.0,False,False,False,nan,nan,nan
v3_sc3_staging_04,L3,0,6,1.0,False,False,False,nan,nan,nan
v3_sc3_staging_04,L3,0,7,1.0,True,False,False,4.238477631085023,1.0913830462839549,2.7035136959282697
v3_sc3_staging_04,L3,0,8,1.0,False,False,False,nan,nan,nan
v3_sc3_staging_04,L3,0,9,1.0,False,False,False,nan,nan,nan
v3_sc3_staging_04,L3,0,10,1.0,True,False,False,4.810660171779822,1.1,2.460152023123137
v3_sc3_staging_04,L3,0,11,1.0,True,False,False,6.097056274847715,1.0008331019803636,1.4026297590440446
v3_sc3_staging_04,L3,0,12,1.0,False,False,False,nan,nan,nan
v3_sc3_staging_04,L3,0,13,1.0,False,False,False,nan,nan,nan
v3_sc3_staging_04,L3,0,14,1.0,False,False,False,nan,nan,nan
v3_sc3_staging_04,L3,0,15,1.0,False,False,False,nan,nan,nan
v3_sc3_staging_04,L3,0,16,1.0,False,False,False,nan,nan,nan
v3_sc3_staging_04,L3,0,17,1.0,False,False,False,nan,nan,nan
v3_sc3_staging_04,L3,0,18,1.0,False,False,False,nan,nan,nan
v3_sc3_staging_04,L3,0,19,1.0,False,False,False,nan,nan,nan
v3_sc3_staging_04,L3,0,0,1.25,False,False,False,nan,nan,nan
v3_sc3_staging_04,L3,0,1,1.25,False,False,False,nan,nan,nan
v3_sc3_staging_04,L3,0,2,1.25,False,False,False,nan,nan,nan
v3_sc3_staging_04,L3,0,3,1.25,False,False,False,nan,nan,nan
v3_sc3_staging_04,L3,0,4,1.25,False,False,False,nan,nan,nan
v3_sc3_staging_04,L3,0,5,1.25,False,False,False,nan,nan,nan
v3_sc3_staging_04,L3,0,6,1.25,False,False,False,nan,nan,nan
v3_sc3_staging_04,L3,0,7,1.25,False,False,False,nan,nan,nan
v3_sc3_staging_04,L3,0,8,1.25,False,False,False,nan,nan,nan
v3_sc3_staging_04,L3,0,9,1.25,False,False,False,nan,nan,nan
v3_sc3_staging_04,L3,0,10,1.25,False,False,False,nan,nan,nan
v3_sc3_staging_04,L3,0,11,1.25,False,False,False,nan,nan,nan
v3_sc3_staging_04,L3,0,12,1.25,False,False,False,nan,nan,nan
v3_sc3_staging_04,L3,0,13,1.25,False,False,False,nan,nan,nan
v3_sc3_staging_04,L3,0,14,1.25,False,False,False,nan,nan,nan
v3_sc3_staging_04,L3,0,15,1.25,False,False,False,nan,nan,nan
v3_sc3_staging_04,L3,0,16,1.25,False,False,False,nan,nan,nan
v3_sc3_staging_04,L3,0,17,1.25,False,False,False,nan,nan,nan
v3_sc3_staging_04,L3,0,18,1.25,False,False,False,nan,nan,nan
v3_sc3_staging_04,L3,0,19,1.25,False,False,False,nan,nan,nan
v3_sc3_staging_04,L3,0,0,1.5,False,False,False,nan,nan,nan
v3_sc3_staging_04,L3,0,1,1.5,False,False,False,nan,nan,nan
v3_sc3_staging_04,L3,0,2,1.5,False,False,False,nan,nan,nan
v3_sc3_staging_04,L3,0,3,1.5,False,False,False,nan,nan,nan
v3_sc3_staging_04,L3,0,4,1.5,False,False,False,nan,nan,nan
v3_sc3_staging_04,L3,0,5,1.5,False,False,False,nan,nan,nan
v3_sc3_staging_04,L3,0,6,1.5,False,False,False,nan,nan,nan
v3_sc3_staging_04,L3,0,7,1.5,False,False,False,nan,nan,nan
v3_sc3_staging_04,L3,0,8,1.5,False,False,False,nan,nan,nan
v3_sc3_staging_04,L3,0,9,1.5,False,False,False,nan,nan,nan
v3_sc3_staging_04,L3,0,10,1.5,False,False,False,nan,nan,nan
v3_sc3_staging_04,L3,0,11,1.5,False,False,False,nan,nan,nan
v3_sc3_staging_04,L3,0,12,1.5,False,False,False,nan,nan,nan
v3_sc3_staging_04,L3,0,13,1.5,False,False,False,nan,nan,nan
v3_sc3_staging_04,L3,0,14,1.5,False,False,False,nan,nan,nan
v3_sc3_staging_04,L3,0,15,1.5,False,False,False,nan,nan,nan
v3_sc3_staging_04,L3,0,16,1.5,False,False,False,nan,nan,nan
v3_sc3_staging_04,L3,0,17,1.5,False,False,False,nan,nan,nan
v3_sc3_staging_04,L3,0,18,1.5,False,False,False,nan,nan,nan
v3_sc3_staging_04,L3,0,19,1.5,False,False,False,nan,nan,nan
v3_sc3_staging_04,L3,0,0,2.0,False,False,False,nan,nan,nan
v3_sc3_staging_04,L3,0,1,2.0,False,False,False,nan,nan,nan
v3_sc3_staging_04,L3,0,2,2.0,False,False,False,nan,nan,nan
v3_sc3_staging_04,L3,0,3,2.0,False,False,False,nan,nan,nan
v3_sc3_staging_04,L3,0,4,2.0,False,False,False,nan,nan,nan
v3_sc3_staging_04,L3,0,5,2.0,False,False,False,nan,nan,nan
v3_sc3_staging_04,L3,0,6,2.0,False,False,False,nan,nan,nan
v3_sc3_staging_04,L3,0,7,2.0,False,False,False,nan,nan,nan
v3_sc3_staging_04,L3,0,8,2.0,False,False,False,nan,nan,nan
v3_sc3_staging_04,L3,0,9,2.0,False,False,False,nan,nan,nan
v3_sc3_staging_04,L3,0,10,2.0,False,False,False,nan,nan,nan
v3_sc3_staging_04,L3,0,11,2.0,False,False,False,nan,nan,nan
v3_sc3_staging_04,L3,0,12,2.0,False,False,False,nan,nan,nan
v3_sc3_staging_04,L3,0,13,2.0,False,False,False,nan,nan,nan
v3_sc3_staging_04,L3,0,14,2.0,False,False,False,nan,nan,nan
v3_sc3_staging_04,L3,0,15,2.0,False,False,False,nan,nan,nan
v3_sc3_staging_04,L3,0,16,2.0,False,False,False,nan,nan,nan
v3_sc3_staging_04,L3,0,17,2.0,False,False,False,nan,nan,nan
v3_sc3_staging_04,L3,0,18,2.0,False,False,False,nan,nan,nan
v3_sc3_staging_04,L3,0,19,2.0,False,False,False,nan,nan,nan
v3_sc3_staging_04,L3,1,0,0.0,True,False,False,5.135533905932738,0.03150729063673252,0.20710678118654757
v3_sc3_staging_04,L3,1,1,0.0,True,False,False,3.6435028842544406,0.009901951359278516,0.3558621384311845
v3_sc3_staging_04,L3,1,2,0.0,True,False,False,7.235533905932741,0.002493781056044475,0.20710678118654757
v3_sc3_staging_04,L3,1,3,0.0,True,False,False,4.916295090390225,0.7727922061357857,2.1100766272276377
v3_sc3_staging_04,L3,1,4,0.0,True,False,False,5.9547727214752495,0.2778174593052023,2.7128647652834688
v3_sc3_staging_04,L3,1,5,0.0,False,False,False,nan,nan,nan
v3_sc3_staging_04,L3,1,6,0.0,True,False,False,4.506244584051393,0.20710678118654757,2.6196954979612994
v3_sc3_staging_04,L3,1,7,0.0,True,False,False,4.259188309203679,1.0913830462839549,2.650396800404673
v3_sc3_staging_04,L3,1,8,0.0,True,True,False,5.190559159102154,0.002493781056044475,1.647091055358389
v3_sc3_staging_04,L3,1,9,0.0,False,False,False,nan,nan,nan
v3_sc3_staging_04,L3,1,10,0.0,True,False,False,4.810660171779822,0.9000000000000001,2.409467305195231
v3_sc3_staging_04,L3,1,11,0.0,True,False,False,5.889949493661167,0.8086252328302401,1.3607794065928396
v3_sc3_staging_04,L3,1,12,0.0,True,False,False,9.144722215136417,0.002493781056044475,0.20178344238090995
v3_sc3_staging_04,L3,1,13,0.0,True,False,False,5.79619407771256,0.03150729063673252,0.20710678118654757
v3_sc3_staging_04,L3,1,14,0.0,False,False,False,nan,nan,nan
v3_sc3_staging_04,L3,1,15,0.0,True,False,False,10.520458146424488,0.002493781056044475,0.20178344238090995
v3_sc3_staging_04,L3,1,16,0.0,True,False,False,5.618376618407357,0.2778174593052023,2.9785054261852175
v3_sc3_staging_04,L3,1,17,0.0,True,False,False,5.923401871576774,0.002493781056044475,0.20710678118654757
v3_sc3_staging_04,L3,1,18,0.0,True,False,False,5.3091883092036785,0.20178344238090995,1.429378138157474
v3_sc3_staging_04,L3,1,19,0.0,False,False,False,nan,nan,nan
v3_sc3_staging_04,L3,1,0,0.1,True,False,False,7.337615433949873,0.20710678118654757,1.1101242188104619
v3_sc3_staging_04,L3,1,1,0.1,False,False,False,nan,nan,nan
v3_sc3_staging_04,L3,1,2,0.1,False,False,False,nan,nan,nan
v3_sc3_staging_04,L3,1,3,0.1,True,False,False,4.916295090390225,0.7727922061357857,2.1100766272276377
v3_sc3_staging_04,L3,1,4,0.1,True,False,False,5.9547727214752495,0.2778174593052023,2.7128647652834688
v3_sc3_staging_04,L3,1,5,0.1,False,False,False,nan,nan,nan
v3_sc3_staging_04,L3,1,6,0.1,True,False,False,4.506244584051393,0.20710678118654757,2.6196954979612994
v3_sc3_staging_04,L3,1,7,0.1,True,False,False,4.259188309203679,1.0913830462839549,2.650396800404673
v3_sc3_staging_04,L3,1,8,0.1,True,False,False,5.190559159102154,0.10000000000000009,1.647091055358389
v3_sc3_staging_04,L3,1,9,0.1,False,False,False,nan,nan,nan
v3_sc3_staging_04,L3,1,10,0.1,True,False,False,4.810660171779822,0.9000000000000001,2.409467305195231
v3_sc3_staging_04,L3,1,11,0.1,True,False,False,5.889949493661167,0.8086252328302401,1.3607794065928396
v3_sc3_staging_04,L3,1,12,0.1,False,False,False,nan,nan,nan
v3_sc3_staging_04,L3,1,13,0.1,True,False,False,7.186143571373731,0.2778174593052023,1.8048861143232222
v3_sc3_staging_04,L3,1,14,0.1,False,False,False,nan,nan,nan
v3_sc3_staging_04,L3,1,15,0.1,False,False,False,nan,nan,nan
v3_sc3_staging_04,L3,1,16,0.1,True,False,False,5.618376618407357,0.2778174593052023,2.9785054261852175
v3_sc3_staging_04,L3,1,17,0.1,True,False,False,6.901219330881978,0.10000000000000009,1.27341478509682
v3_sc3_staging_04,L3,1,18,0.1,True,False,False,5.3091883092036785,0.20178344238090995,1.429378138157474
v3_sc3_staging_04,L3,1,19,0.1,False,False,False,nan,nan,nan
v3_sc3_staging_04,L3,1,0,0.2,True,False,False,7.337615433949873,0.20710678118654757,1.1101242188104619
v3_sc3_staging_04,L3,1,1,0.2,False,False,False,nan,nan,nan
v3_sc3_staging_04,L3,1,2,0.2,False,False,False,nan,nan,nan
v3_sc3_staging_04,L3,1,3,0.2,True,False,False,4.916295090390225,0.7727922061357857,2.1100766272276377
v3_sc3_staging_04,L3,1,4,0.2,True,False,False,5.9547727214752495,0.2778174593052023,2.7128647652834688
v3_sc3_staging_04,L3,1,5,0.2,False,False,False,nan,nan,nan
v3_sc3_staging_04,L3,1,6,0.2,True,False,False,4.506244584051393,0.20710678118654757,2.6196954979612994
v3_sc3_staging_04,L3,1,7,0.2,True,False,False,4.259188309203679,1.0913830462839549,2.650396800404673
v3_sc3_staging_04,L3,1,8,0.2,True,False,False,5.190559159102154,0.20000000000000007,1.647091055358389
v3_sc3_staging_04,L3,1,9,0.2,False,False,False,nan,nan,nan
v3_sc3_staging_04,L3,1,10,0.2,True,False,False,4.810660171779822,0.9000000000000001,2.409467305195231
v3_sc3_staging_04,L3,1,11,0.2,True,False,False,5.889949493661167,0.8086252328302401,1.3607794065928396
v3_sc3_staging_04,L3,1,12,0.2,False,False,False,nan,nan,nan
v3_sc3_staging_04,L3,1,13,0.2,True,False,False,7.186143571373731,0.2778174593052023,1.8048861143232222
v3_sc3_staging_04,L3,1,14,0.2,False,False,False,nan,nan,nan
v3_sc3_staging_04,L3,1,15,0.2,False,False,False,nan,nan,nan
v3_sc3_staging_04,L3,1,16,0.2,True,False,False,5.618376618407357,0.2778174593052023,2.9785054261852175
v3_sc3_staging_04,L3,1,17,0.2,True,False,False,6.901219330881978,0.20000000000000007,1.27341478509682
v3_sc3_staging_04,L3,1,18,0.2,True,False,False,5.3091883092036785,0.20178344238090995,1.429378138157474
v3_sc3_staging_04,L3,1,19,0.2,False,False,False,nan,nan,nan
v3_sc3_staging_04,L3,1,0,0.3,False,False,False,nan,nan,nan
v3_sc3_staging_04,L3,1,1,0.3,False,False,False,nan,nan,nan
v3_sc3_staging_04,L3,1,2,0.3,False,False,False,nan,nan,nan
v3_sc3_staging_04,L3,1,3,0.3,True,False,False,4.916295090390225,0.7727922061357857,2.1100766272276377
v3_sc3_staging_04,L3,1,4,0.3,False,False,False,nan,nan,nan
v3_sc3_staging_04,L3,1,5,0.3,False,False,False,nan,nan,nan
v3_sc3_staging_04,L3,1,6,0.3,False,False,False,nan,nan,nan
v3_sc3_staging_04,L3,1,7,0.3,True,False,False,4.259188309203679,1.0913830462839549,2.650396800404673
v3_sc3_staging_04,L3,1,8,0.3,False,False,False,nan,nan,nan
v3_sc3_staging_04,L3,1,9,0.3,False,False,False,nan,nan,nan
v3_sc3_staging_04,L3,1,10,0.3,True,False,False,4.810660171779822,0.9000000000000001,2.409467305195231
v3_sc3_staging_04,L3,1,11,0.3,True,False,False,5.889949493661167,0.8086252328302401,1.3607794065928396
v3_sc3_staging_04,L3,1,12,0.3,False,False,False,nan,nan,nan
v3_sc3_staging_04,L3,1,13,0.3,False,False,False,nan,nan,nan
v3_sc3_staging_04,L3,1,14,0.3,False,False,False,nan,nan,nan
v3_sc3_staging_04,L3,1,15,0.3,False,False,False,nan,nan,nan
v3_sc3_staging_04,L3,1,16,0.3,False,False,False,nan,nan,nan
v3_sc3_staging_04,L3,1,17,0.3,False,False,False,nan,nan,nan
v3_sc3_staging_04,L3,1,18,0.3,False,False,False,nan,nan,nan
v3_sc3_staging_04,L3,1,19,0.3,False,False,False,nan,nan,nan
v3_sc3_staging_04,L3,1,0,0.4,False,False,False,nan,nan,nan
v3_sc3_staging_04,L3,1,1,0.4,False,False,False,nan,nan,nan
v3_sc3_staging_04,L3,1,2,0.4,False,False,False,nan,nan,nan
v3_sc3_staging_04,L3,1,3,0.4,True,False,False,4.916295090390225,0.7727922061357857,2.1100766272276377
v3_sc3_staging_04,L3,1,4,0.4,False,False,False,nan,nan,nan
v3_sc3_staging_04,L3,1,5,0.4,False,False,False,nan,nan,nan
v3_sc3_staging_04,L3,1,6,0.4,False,False,False,nan,nan,nan
v3_sc3_staging_04,L3,1,7,0.4,True,False,False,4.259188309203679,1.0913830462839549,2.650396800404673
v3_sc3_staging_04,L3,1,8,0.4,False,False,False,nan,nan,nan
v3_sc3_staging_04,L3,1,9,0.4,False,False,False,nan,nan,nan
v3_sc3_staging_04,L3,1,10,0.4,True,False,False,4.810660171779822,0.9000000000000001,2.409467305195231
v3_sc3_staging_04,L3,1,11,0.4,True,False,False,5.889949493661167,0.8086252328302401,1.3607794065928396
v3_sc3_staging_04,L3,1,12,0.4,False,False,False,nan,nan,nan
v3_sc3_staging_04,L3,1,13,0.4,False,False,False,nan,nan,nan
v3_sc3_staging_04,L3,1,14,0.4,False,False,False,nan,nan,nan
v3_sc3_staging_04,L3,1,15,0.4,False,False,False,nan,nan,nan
v3_sc3_staging_04,L3,1,16,0.4,False,False,False,nan,nan,nan
v3_sc3_staging_04,L3,1,17,0.4,False,False,False,nan,nan,nan
v3_sc3_staging_04,L3,1,18,0.4,False,False,False,nan,nan,nan
v3_sc3_staging_04,L3,1,19,0.4,False,False,False,nan,nan,nan
v3_sc3_staging_04,L3,1,0,0.5,False,False,False,nan,nan,nan
v3_sc3_staging_04,L3,1,1,0.5,False,False,False,nan,nan,nan
v3_sc3_staging_04,L3,1,2,0.5,False,False,False,nan,nan,nan
v3_sc3_staging_04,L3,1,3,0.5,True,False,False,4.916295090390225,0.7727922061357857,2.1100766272276377
v3_sc3_staging_04,L3,1,4,0.5,False,False,False,nan,nan,nan
v3_sc3_staging_04,L3,1,5,0.5,False,False,False,nan,nan,nan
v3_sc3_staging_04,L3,1,6,0.5,False,False,False,nan,nan,nan
v3_sc3_staging_04,L3,1,7,0.5,True,False,False,4.259188309203679,1.0913830462839549,2.650396800404673
v3_sc3_staging_04,L3,1,8,0.5,False,False,False,nan,nan,nan
v3_sc3_staging_04,L3,1,9,0.5,False,False,False,nan,nan,nan
v3_sc3_staging_04,L3,1,10,0.5,True,False,False,4.810660171779822,0.9000000000000001,2.409467305195231
v3_sc3_staging_04,L3,1,11,0.5,True,False,False,5.889949493661167,0.8086252328302401,1.3607794065928396
v3_sc3_staging_04,L3,1,12,0.5,False,False,False,nan,nan,nan
v3_sc3_staging_04,L3,1,13,0.5,False,False,False,nan,nan,nan
v3_sc3_staging_04,L3,1,14,0.5,False,False,False,nan,nan,nan
v3_sc3_staging_04,L3,1,15,0.5,False,False,False,nan,nan,nan
v3_sc3_staging_04,L3,1,16,0.5,False,False,False,nan,nan,nan
v3_sc3_staging_04,L3,1,17,0.5,False,False,False,nan,nan,nan
v3_sc3_staging_04,L3,1,18,0.5,False,False,False,nan,nan,nan
v3_sc3_staging_04,L3,1,19,0.5,False,False,False,nan,nan,nan
v3_sc3_staging_04,L3,1,0,0.6,False,False,False,nan,nan,nan
v3_sc3_staging_04,L3,1,1,0.6,False,False,False,nan,nan,nan
v3_sc3_staging_04,L3,1,2,0.6,False,False,False,nan,nan,nan
v3_sc3_staging_04,L3,1,3,0.6,True,False,False,4.916295090390225,0.7727922061357857,2.1100766272276377
v3_sc3_staging_04,L3,1,4,0.6,False,False,False,nan,nan,nan
v3_sc3_staging_04,L3,1,5,0.6,False,False,False,nan,nan,nan
v3_sc3_staging_04,L3,1,6,0.6,False,False,False,nan,nan,nan
v3_sc3_staging_04,L3,1,7,0.6,True,False,False,4.259188309203679,1.0913830462839549,2.650396800404673
v3_sc3_staging_04,L3,1,8,0.6,False,False,False,nan,nan,nan
v3_sc3_staging_04,L3,1,9,0.6,False,False,False,nan,nan,nan
v3_sc3_staging_04,L3,1,10,0.6,True,False,False,4.810660171779822,0.9000000000000001,2.409467305195231
v3_sc3_staging_04,L3,1,11,0.6,True,False,False,5.889949493661167,0.8086252328302401,1.3607794065928396
v3_sc3_staging_04,L3,1,12,0.6,False,False,False,nan,nan,nan
v3_sc3_staging_04,L3,1,13,0.6,False,False,False,nan,nan,nan
v3_sc3_staging_04,L3,1,14,0.6,False,False,False,nan,nan,nan
v3_sc3_staging_04,L3,1,15,0.6,False,False,False,nan,nan,nan
v3_sc3_staging_04,L3,1,16,0.6,False,False,False,nan,nan,nan
v3_sc3_staging_04,L3,1,17,0.6,False,False,False,nan,nan,nan
v3_sc3_staging_04,L3,1,18,0.6,False,False,False,nan,nan,nan
v3_sc3_staging_04,L3,1,19,0.6,False,False,False,nan,nan,nan
v3_sc3_staging_04,L3,1,0,0.8,False,False,False,nan,nan,nan
v3_sc3_staging_04,L3,1,1,0.8,False,False,False,nan,nan,nan
v3_sc3_staging_04,L3,1,2,0.8,False,False,False,nan,nan,nan
v3_sc3_staging_04,L3,1,3,0.8,True,False,False,4.916295090390226,0.80384048104053,2.1100766272276377
v3_sc3_staging_04,L3,1,4,0.8,False,False,False,nan,nan,nan
v3_sc3_staging_04,L3,1,5,0.8,False,False,False,nan,nan,nan
v3_sc3_staging_04,L3,1,6,0.8,False,False,False,nan,nan,nan
v3_sc3_staging_04,L3,1,7,0.8,True,False,False,4.259188309203679,1.0913830462839549,2.650396800404673
v3_sc3_staging_04,L3,1,8,0.8,False,False,False,nan,nan,nan
v3_sc3_staging_04,L3,1,9,0.8,False,False,False,nan,nan,nan
v3_sc3_staging_04,L3,1,10,0.8,True,False,False,4.810660171779822,0.9000000000000001,2.409467305195231
v3_sc3_staging_04,L3,1,11,0.8,True,False,False,5.889949493661167,0.8086252328302401,1.3607794065928396
v3_sc3_staging_04,L3,1,12,0.8,False,False,False,nan,nan,nan
v3_sc3_staging_04,L3,1,13,0.8,False,False,False,nan,nan,nan
v3_sc3_staging_04,L3,1,14,0.8,False,False,False,nan,nan,nan
v3_sc3_staging_04,L3,1,15,0.8,False,False,False,nan,nan,nan
v3_sc3_staging_04,L3,1,16,0.8,False,False,False,nan,nan,nan
v3_sc3_staging_04,L3,1,17,0.8,False,False,False,nan,nan,nan
v3_sc3_staging_04,L3,1,18,0.8,False,False,False,nan,nan,nan
v3_sc3_staging_04,L3,1,19,0.8,False,False,False,nan,nan,nan
v3_sc3_staging_04,L3,1,0,1.0,False,False,False,nan,nan,nan
v3_sc3_staging_04,L3,1,1,1.0,False,False,False,nan,nan,nan
v3_sc3_staging_04,L3,1,2,1.0,False,False,False,nan,nan,nan
v3_sc3_staging_04,L3,1,3,1.0,True,False,False,5.062741699796952,1.0008331019803636,2.1669270706189177
v3_sc3_staging_04,L3,1,4,1.0,False,False,False,nan,nan,nan
v3_sc3_staging_04,L3,1,5,1.0,False,False,False,nan,nan,nan
v3_sc3_staging_04,L3,1,6,1.0,False,False,False,nan,nan,nan
v3_sc3_staging_04,L3,1,7,1.0,True,False,False,4.259188309203679,1.0913830462839549,2.650396800404673
v3_sc3_staging_04,L3,1,8,1.0,False,False,False,nan,nan,nan
v3_sc3_staging_04,L3,1,9,1.0,False,False,False,nan,nan,nan
v3_sc3_staging_04,L3,1,10,1.0,True,False,False,4.810660171779822,1.1500000000000001,2.409467305195231
v3_sc3_staging_04,L3,1,11,1.0,True,False,False,6.055634918610405,1.0008331019803636,1.3607794065928396
v3_sc3_staging_04,L3,1,12,1.0,False,False,False,nan,nan,nan
v3_sc3_staging_04,L3,1,13,1.0,False,False,False,nan,nan,nan
v3_sc3_staging_04,L3,1,14,1.0,False,False,False,nan,nan,nan
v3_sc3_staging_04,L3,1,15,1.0,False,False,False,nan,nan,nan
v3_sc3_staging_04,L3,1,16,1.0,False,False,False,nan,nan,nan
v3_sc3_staging_04,L3,1,17,1.0,False,False,False,nan,nan,nan
v3_sc3_staging_04,L3,1,18,1.0,False,False,False,nan,nan,nan
v3_sc3_staging_04,L3,1,19,1.0,False,False,False,nan,nan,nan
v3_sc3_staging_04,L3,1,0,1.25,False,False,False,nan,nan,nan
v3_sc3_staging_04,L3,1,1,1.25,False,False,False,nan,nan,nan
v3_sc3_staging_04,L3,1,2,1.25,False,False,False,nan,nan,nan
v3_sc3_staging_04,L3,1,3,1.25,True,False,False,5.267766952966369,1.2507141400011599,2.2730849247724096
v3_sc3_staging_04,L3,1,4,1.25,False,False,False,nan,nan,nan
v3_sc3_staging_04,L3,1,5,1.25,False,False,False,nan,nan,nan
v3_sc3_staging_04,L3,1,6,1.25,False,False,False,nan,nan,nan
v3_sc3_staging_04,L3,1,7,1.25,True,False,False,4.259188309203679,1.255704986607944,2.650396800404673
v3_sc3_staging_04,L3,1,8,1.25,False,False,False,nan,nan,nan
v3_sc3_staging_04,L3,1,9,1.25,False,False,False,nan,nan,nan
v3_sc3_staging_04,L3,1,10,1.25,True,False,False,4.810660171779823,1.2902513789968157,2.409467305195231
v3_sc3_staging_04,L3,1,11,1.25,False,False,False,nan,nan,nan
v3_sc3_staging_04,L3,1,12,1.25,False,False,False,nan,nan,nan
v3_sc3_staging_04,L3,1,13,1.25,False,False,False,nan,nan,nan
v3_sc3_staging_04,L3,1,14,1.25,False,False,False,nan,nan,nan
v3_sc3_staging_04,L3,1,15,1.25,False,False,False,nan,nan,nan
v3_sc3_staging_04,L3,1,16,1.25,False,False,False,nan,nan,nan
v3_sc3_staging_04,L3,1,17,1.25,False,False,False,nan,nan,nan
v3_sc3_staging_04,L3,1,18,1.25,False,False,False,nan,nan,nan
v3_sc3_staging_04,L3,1,19,1.25,False,False,False,nan,nan,nan
v3_sc3_staging_04,L3,1,0,1.5,False,False,False,nan,nan,nan
v3_sc3_staging_04,L3,1,1,1.5,False,False,False,nan,nan,nan
v3_sc3_staging_04,L3,1,2,1.5,False,False,False,nan,nan,nan
v3_sc3_staging_04,L3,1,3,1.5,False,False,False,nan,nan,nan
v3_sc3_staging_04,L3,1,4,1.5,False,False,False,nan,nan,nan
v3_sc3_staging_04,L3,1,5,1.5,False,False,False,nan,nan,nan
v3_sc3_staging_04,L3,1,6,1.5,False,False,False,nan,nan,nan
v3_sc3_staging_04,L3,1,7,1.5,False,False,False,nan,nan,nan
v3_sc3_staging_04,L3,1,8,1.5,False,False,False,nan,nan,nan
v3_sc3_staging_04,L3,1,9,1.5,False,False,False,nan,nan,nan
v3_sc3_staging_04,L3,1,10,1.5,False,False,False,nan,nan,nan
v3_sc3_staging_04,L3,1,11,1.5,False,False,False,nan,nan,nan
v3_sc3_staging_04,L3,1,12,1.5,False,False,False,nan,nan,nan
v3_sc3_staging_04,L3,1,13,1.5,False,False,False,nan,nan,nan
v3_sc3_staging_04,L3,1,14,1.5,False,False,False,nan,nan,nan
v3_sc3_staging_04,L3,1,15,1.5,False,False,False,nan,nan,nan
v3_sc3_staging_04,L3,1,16,1.5,False,False,False,nan,nan,nan
v3_sc3_staging_04,L3,1,17,1.5,False,False,False,nan,nan,nan
v3_sc3_staging_04,L3,1,18,1.5,False,False,False,nan,nan,nan
v3_sc3_staging_04,L3,1,19,1.5,False,False,False,nan,nan,nan
v3_sc3_staging_04,L3,1,0,2.0,False,False,False,nan,nan,nan
v3_sc3_staging_04,L3,1,1,2.0,False,False,False,nan,nan,nan
v3_sc3_staging_04,L3,1,2,2.0,False,False,False,nan,nan,nan
v3_sc3_staging_04,L3,1,3,2.0,False,False,False,nan,nan,nan
v3_sc3_staging_04,L3,1,4,2.0,False,False,False,nan,nan,nan
v3_sc3_staging_04,L3,1,5,2.0,False,False,False,nan,nan,nan
v3_sc3_staging_04,L3,1,6,2.0,False,False,False,nan,nan,nan
v3_sc3_staging_04,L3,1,7,2.0,False,False,False,nan,nan,nan
v3_sc3_staging_04,L3,1,8,2.0,False,False,False,nan,nan,nan
v3_sc3_staging_04,L3,1,9,2.0,False,False,False,nan,nan,nan
v3_sc3_staging_04,L3,1,10,2.0,False,False,False,nan,nan,nan
v3_sc3_staging_04,L3,1,11,2.0,False,False,False,nan,nan,nan
v3_sc3_staging_04,L3,1,12,2.0,False,False,False,nan,nan,nan
v3_sc3_staging_04,L3,1,13,2.0,False,False,False,nan,nan,nan
v3_sc3_staging_04,L3,1,14,2.0,False,False,False,nan,nan,nan
v3_sc3_staging_04,L3,1,15,2.0,False,False,False,nan,nan,nan
v3_sc3_staging_04,L3,1,16,2.0,False,False,False,nan,nan,nan
v3_sc3_staging_04,L3,1,17,2.0,False,False,False,nan,nan,nan
v3_sc3_staging_04,L3,1,18,2.0,False,False,False,nan,nan,nan
v3_sc3_staging_04,L3,1,19,2.0,False,False,False,nan,nan,nan
v3_sc3_staging_04,L3,2,0,0.0,True,False,False,5.056244584051393,0.3544003745317531,0.22801098892805183
v3_sc3_staging_04,L3,2,1,0.0,True,False,False,3.78492424049175,0.03150729063673252,0.3015609770940699
v3_sc3_staging_04,L3,2,2,0.0,True,False,False,6.731980515339467,0.022015325445527534,0.10000000000000009
v3_sc3_staging_04,L3,2,3,0.0,True,False,False,4.9420310216782966,0.6672617529928753,2.0387004549572207
v3_sc3_staging_04,L3,2,4,0.0,True,False,False,6.042640687119287,0.2433034373659253,2.7190837205639746
v3_sc3_staging_04,L3,2,5,0.0,False,False,False,nan,nan,nan
v3_sc3_staging_04,L3,2,6,0.0,True,False,False,4.5269552621700475,0.20710678118654757,2.5203476621077914
v3_sc3_staging_04,L3,2,7,0.0,True,False,False,4.184924240491749,0.9422205101855958,2.5401480227120525
v3_sc3_staging_04,L3,2,8,0.0,True,True,False,5.211269837220809,0.002493781056044475,1.628966885604377
v3_sc3_staging_04,L3,2,9,0.0,True,False,False,8.113351365237941,0.014781507049350107,0.10000000000000009
v3_sc3_staging_04,L3,2,10,0.0,True,False,False,4.727817459305203,1.0,2.2829840100151495
v3_sc3_staging_04,L3,2,11,0.0,True,False,False,5.952081528017132,0.9000000000000001,1.2066048165876013
v3_sc3_staging_04,L3,2,12,0.0,True,False,False,8.466904755831214,0.32462112512353214,0.10000000000000009
v3_sc3_staging_04,L3,2,13,0.0,True,False,False,5.734062043356596,0.55,0.15000000000000002
v3_sc3_staging_04,L3,2,14,0.0,True,False,False,4.127817459305202,0.17268120235368556,0.5606601717798214
v3_sc3_staging_04,L3,2,15,0.0,True,False,False,9.80477272147525,0.32462112512353214,0.10000000000000009
v3_sc3_staging_04,L3,2,16,0.0,True,False,False,5.706244584051393,0.2433034373659253,3.0174564673923117
v3_sc3_staging_04,L3,2,17,0.0,True,False,False,5.8648232278140835,0.55,0.10000000000000009
v3_sc3_staging_04,L3,2,18,0.0,True,False,False,5.2506096654409875,0.10827625302982202,1.3553975315279474
v3_sc3_staging_04,L3,2,19,0.0,False,False,False,nan,nan,nan
v3_sc3_staging_04,L3,2,0,0.1,True,False,False,5.056244584051393,0.3544003745317531,0.22801098892805183
v3_sc3_staging_04,L3,2,1,0.1,True,False,False,3.78492424049175,0.10207972893961481,0.3015609770940699
v3_sc3_staging_04,L3,2,2,0.1,True,False,False,6.731980515339467,0.10207972893961481,0.10000000000000009
v3_sc3_staging_04,L3,2,3,0.1,True,False,False,4.9420310216782966,0.6672617529928753,2.0387004549572207
v3_sc3_staging_04,L3,2,4,0.1,True,False,False,6.042640687119287,0.2433034373659253,2.7190837205639746
v3_sc3_staging_04,L3,2,5,0.1,False,False,False,nan,nan,nan
v3_sc3_staging_04,L3,2,6,0.1,True,False,False,4.5269552621700475,0.20710678118654757,2.5203476621077914
v3_sc3_staging_04,L3,2,7,0.1,True,False,False,4.184924240491749,0.9422205101855958,2.5401480227120525
v3_sc3_staging_04,L3,2,8,0.1,True,False,False,5.211269837220809,0.10000000000000009,1.628966885604377
v3_sc3_staging_04,L3,2,9,0.1,True,False,False,8.113351365237941,0.13639610306789285,0.10000000000000009
v3_sc3_staging_04,L3,2,10,0.1,True,False,False,4.727817459305203,1.0,2.2829840100151495
v3_sc3_staging_04,L3,2,11,0.1,True,False,False,5.952081528017132,0.9000000000000001,1.2066048165876013
v3_sc3_staging_04,L3,2,12,0.1,True,False,False,8.466904755831214,0.32462112512353214,0.10000000000000009
v3_sc3_staging_04,L3,2,13,0.1,True,False,False,5.734062043356596,0.55,0.15000000000000002
v3_sc3_staging_04,L3,2,14,0.1,True,False,False,4.127817459305202,0.17268120235368556,0.5606601717798214
v3_sc3_staging_04,L3,2,15,0.1,True,False,False,9.80477272147525,0.32462112512353214,0.10000000000000009
v3_sc3_staging_04,L3,2,16,0.1,True,False,False,5.706244584051393,0.2433034373659253,3.0174564673923117
v3_sc3_staging_04,L3,2,17,0.1,True,False,False,5.8648232278140835,0.55,0.10000000000000009
v3_sc3_staging_04,L3,2,18,0.1,True,False,False,5.2506096654409875,0.10827625302982202,1.3553975315279474
v3_sc3_staging_04,L3,2,19,0.1,False,False,False,nan,nan,nan
v3_sc3_staging_04,L3,2,0,0.2,True,False,False,5.056244584051393,0.3544003745317531,0.22801098892805183
v3_sc3_staging_04,L3,2,1,0.2,False,False,False,nan,nan,nan
v3_sc3_staging_04,L3,2,2,0.2,True,False,False,6.773401871576777,0.20710678118654757,0.20000000000000007
v3_sc3_staging_04,L3,2,3,0.2,True,False,False,4.9420310216782966,0.6672617529928753,2.0387004549572207
v3_sc3_staging_04,L3,2,4,0.2,True,False,False,6.042640687119287,0.2433034373659253,2.7190837205639746
v3_sc3_staging_04,L3,2,5,0.2,False,False,False,nan,nan,nan
v3_sc3_staging_04,L3,2,6,0.2,True,False,False,4.5269552621700475,0.20710678118654757,2.5203476621077914
v3_sc3_staging_04,L3,2,7,0.2,True,False,False,4.184924240491749,0.9422205101855958,2.5401480227120525
v3_sc3_staging_04,L3,2,8,0.2,True,False,False,5.211269837220809,0.20000000000000007,1.628966885604377
v3_sc3_staging_04,L3,2,9,0.2,True,False,False,8.154772721475249,0.20710678118654757,0.20000000000000007
v3_sc3_staging_04,L3,2,10,0.2,True,False,False,4.727817459305203,1.0,2.2829840100151495
v3_sc3_staging_04,L3,2,11,0.2,True,False,False,5.952081528017132,0.9000000000000001,1.2066048165876013
v3_sc3_staging_04,L3,2,12,0.2,True,False,False,8.508326112068522,0.32462112512353214,0.20000000000000007
v3_sc3_staging_04,L3,2,13,0.2,True,False,False,5.734062043356595,0.3845903006477066,0.2433034373659253
v3_sc3_staging_04,L3,2,14,0.2,True,False,False,4.127817459305202,0.20710678118654757,0.5606601717798214
v3_sc3_staging_04,L3,2,15,0.2,True,False,False,9.84619407771256,0.32462112512353214,0.20000000000000007
v3_sc3_staging_04,L3,2,16,0.2,True,False,False,5.706244584051393,0.2433034373659253,3.0174564673923117
v3_sc3_staging_04,L3,2,17,0.2,True,False,False,5.8648232278140835,0.5511898020814321,0.20000000000000007
v3_sc3_staging_04,L3,2,18,0.2,True,False,False,5.2506096654409875,0.2433034373659253,1.3553975315279474
v3_sc3_staging_04,L3,2,19,0.2,False,False,False,nan,nan,nan
v3_sc3_staging_04,L3,2,0,0.3,False,False,False,nan,nan,nan
v3_sc3_staging_04,L3,2,1,0.3,False,False,False,nan,nan,nan
v3_sc3_staging_04,L3,2,2,0.3,False,False,False,nan,nan,nan
v3_sc3_staging_04,L3,2,3,0.3,True,False,False,4.9420310216782966,0.6672617529928753,2.0387004549572207
v3_sc3_staging_04,L3,2,4,0.3,False,False,False,nan,nan,nan
v3_sc3_staging_04,L3,2,5,0.3,False,False,False,nan,nan,nan
v3_sc3_staging_04,L3,2,6,0.3,False,False,False,nan,nan,nan
v3_sc3_staging_04,L3,2,7,0.3,True,False,False,4.184924240491749,0.9422205101855958,2.5401480227120525
v3_sc3_staging_04,L3,2,8,0.3,False,False,False,nan,nan,nan
v3_sc3_staging_04,L3,2,9,0.3,False,False,False,nan,nan,nan
v3_sc3_staging_04,L3,2,10,0.3,True,False,False,4.727817459305203,1.0,2.2829840100151495
v3_sc3_staging_04,L3,2,11,0.3,True,False,False,5.952081528017132,0.9000000000000001,1.2066048165876013
v3_sc3_staging_04,L3,2,12,0.3,False,False,False,nan,nan,nan
v3_sc3_staging_04,L3,2,13,0.3,False,False,False,nan,nan,nan
v3_sc3_staging_04,L3,2,14,0.3,True,False,False,4.127817459305201,0.3062257748298549,0.6000000000000001
v3_sc3_staging_04,L3,2,15,0.3,False,False,False,nan,nan,nan
v3_sc3_staging_04,L3,2,16,0.3,False,False,False,nan,nan,nan
v3_sc3_staging_04,L3,2,17,0.3,False,False,False,nan,nan,nan
v3_sc3_staging_04,L3,2,18,0.3,False,False,False,nan,nan,nan
v3_sc3_staging_04,L3,2,19,0.3,False,False,False,nan,nan,nan
v3_sc3_staging_04,L3,2,0,0.4,False,False,False,nan,nan,nan
v3_sc3_staging_04,L3,2,1,0.4,False,False,False,nan,nan,nan
v3_sc3_staging_04,L3,2,2,0.4,False,False,False,nan,nan,nan
v3_sc3_staging_04,L3,2,3,0.4,True,False,False,4.9420310216782966,0.6672617529928753,2.0387004549572207
v3_sc3_staging_04,L3,2,4,0.4,False,False,False,nan,nan,nan
v3_sc3_staging_04,L3,2,5,0.4,False,False,False,nan,nan,nan
v3_sc3_staging_04,L3,2,6,0.4,False,False,False,nan,nan,nan
v3_sc3_staging_04,L3,2,7,0.4,True,False,False,4.184924240491749,0.9422205101855958,2.5401480227120525
v3_sc3_staging_04,L3,2,8,0.4,False,False,False,nan,nan,nan
v3_sc3_staging_04,L3,2,9,0.4,False,False,False,nan,nan,nan
v3_sc3_staging_04,L3,2,10,0.4,True,False,False,4.727817459305203,1.0,2.2829840100151495
v3_sc3_staging_04,L3,2,11,0.4,True,False,False,5.952081528017132,0.9000000000000001,1.2066048165876013
v3_sc3_staging_04,L3,2,12,0.4,False,False,False,nan,nan,nan
v3_sc3_staging_04,L3,2,13,0.4,False,False,False,nan,nan,nan
v3_sc3_staging_04,L3,2,14,0.4,False,False,False,nan,nan,nan
v3_sc3_staging_04,L3,2,15,0.4,False,False,False,nan,nan,nan
v3_sc3_staging_04,L3,2,16,0.4,False,False,False,nan,nan,nan
v3_sc3_staging_04,L3,2,17,0.4,False,False,False,nan,nan,nan
v3_sc3_staging_04,L3,2,18,0.4,False,False,False,nan,nan,nan
v3_sc3_staging_04,L3,2,19,0.4,False,False,False,nan,nan,nan
v3_sc3_staging_04,L3,2,0,0.5,False,False,False,nan,nan,nan
v3_sc3_staging_04,L3,2,1,0.5,False,False,False,nan,nan,nan
v3_sc3_staging_04,L3,2,2,0.5,False,False,False,nan,nan,nan
v3_sc3_staging_04,L3,2,3,0.5,True,False,False,4.9420310216782966,0.6672617529928753,2.0387004549572207
v3_sc3_staging_04,L3,2,4,0.5,False,False,False,nan,nan,nan
v3_sc3_staging_04,L3,2,5,0.5,False,False,False,nan,nan,nan
v3_sc3_staging_04,L3,2,6,0.5,False,False,False,nan,nan,nan
v3_sc3_staging_04,L3,2,7,0.5,True,False,False,4.184924240491749,0.9422205101855958,2.5401480227120525
v3_sc3_staging_04,L3,2,8,0.5,False,False,False,nan,nan,nan
v3_sc3_staging_04,L3,2,9,0.5,False,False,False,nan,nan,nan
v3_sc3_staging_04,L3,2,10,0.5,True,False,False,4.727817459305203,1.0,2.2829840100151495
v3_sc3_staging_04,L3,2,11,0.5,True,False,False,5.952081528017132,0.9000000000000001,1.2066048165876013
v3_sc3_staging_04,L3,2,12,0.5,False,False,False,nan,nan,nan
v3_sc3_staging_04,L3,2,13,0.5,False,False,False,nan,nan,nan
v3_sc3_staging_04,L3,2,14,0.5,False,False,False,nan,nan,nan
v3_sc3_staging_04,L3,2,15,0.5,False,False,False,nan,nan,nan
v3_sc3_staging_04,L3,2,16,0.5,False,False,False,nan,nan,nan
v3_sc3_staging_04,L3,2,17,0.5,False,False,False,nan,nan,nan
v3_sc3_staging_04,L3,2,18,0.5,False,False,False,nan,nan,nan
v3_sc3_staging_04,L3,2,19,0.5,False,False,False,nan,nan,nan
v3_sc3_staging_04,L3,2,0,0.6,False,False,False,nan,nan,nan
v3_sc3_staging_04,L3,2,1,0.6,False,False,False,nan,nan,nan
v3_sc3_staging_04,L3,2,2,0.6,False,False,False,nan,nan,nan
v3_sc3_staging_04,L3,2,3,0.6,True,False,False,4.9420310216782966,0.6672617529928753,2.0387004549572207
v3_sc3_staging_04,L3,2,4,0.6,False,False,False,nan,nan,nan
v3_sc3_staging_04,L3,2,5,0.6,False,False,False,nan,nan,nan
v3_sc3_staging_04,L3,2,6,0.6,False,False,False,nan,nan,nan
v3_sc3_staging_04,L3,2,7,0.6,True,False,False,4.184924240491749,0.9422205101855958,2.5401480227120525
v3_sc3_staging_04,L3,2,8,0.6,False,False,False,nan,nan,nan
v3_sc3_staging_04,L3,2,9,0.6,False,False,False,nan,nan,nan
v3_sc3_staging_04,L3,2,10,0.6,True,False,False,4.727817459305203,1.0,2.2829840100151495
v3_sc3_staging_04,L3,2,11,0.6,True,False,False,5.952081528017132,0.9000000000000001,1.2066048165876013
v3_sc3_staging_04,L3,2,12,0.6,False,False,False,nan,nan,nan
v3_sc3_staging_04,L3,2,13,0.6,False,False,False,nan,nan,nan
v3_sc3_staging_04,L3,2,14,0.6,False,False,False,nan,nan,nan
v3_sc3_staging_04,L3,2,15,0.6,False,False,False,nan,nan,nan
v3_sc3_staging_04,L3,2,16,0.6,False,False,False,nan,nan,nan
v3_sc3_staging_04,L3,2,17,0.6,False,False,False,nan,nan,nan
v3_sc3_staging_04,L3,2,18,0.6,False,False,False,nan,nan,nan
v3_sc3_staging_04,L3,2,19,0.6,False,False,False,nan,nan,nan
v3_sc3_staging_04,L3,2,0,0.8,False,False,False,nan,nan,nan
v3_sc3_staging_04,L3,2,1,0.8,False,False,False,nan,nan,nan
v3_sc3_staging_04,L3,2,2,0.8,False,False,False,nan,nan,nan
v3_sc3_staging_04,L3,2,3,0.8,True,False,False,4.9420310216782966,0.80384048104053,2.0387004549572207
v3_sc3_staging_04,L3,2,4,0.8,False,False,False,nan,nan,nan
v3_sc3_staging_04,L3,2,5,0.8,False,False,False,nan,nan,nan
v3_sc3_staging_04,L3,2,6,0.8,False,False,False,nan,nan,nan
v3_sc3_staging_04,L3,2,7,0.8,True,False,False,4.184924240491749,0.9422205101855958,2.5401480227120525
v3_sc3_staging_04,L3,2,8,0.8,False,False,False,nan,nan,nan
v3_sc3_staging_04,L3,2,9,0.8,False,False,False,nan,nan,nan
v3_sc3_staging_04,L3,2,10,0.8,True,False,False,4.727817459305203,1.0,2.2829840100151495
v3_sc3_staging_04,L3,2,11,0.8,True,False,False,5.952081528017132,0.9000000000000001,1.2066048165876013
v3_sc3_staging_04,L3,2,12,0.8,False,False,False,nan,nan,nan
v3_sc3_staging_04,L3,2,13,0.8,False,False,False,nan,nan,nan
v3_sc3_staging_04,L3,2,14,0.8,False,False,False,nan,nan,nan
v3_sc3_staging_04,L3,2,15,0.8,False,False,False,nan,nan,nan
v3_sc3_staging_04,L3,2,16,0.8,False,False,False,nan,nan,nan
v3_sc3_staging_04,L3,2,17,0.8,False,False,False,nan,nan,nan
v3_sc3_staging_04,L3,2,18,0.8,False,False,False,nan,nan,nan
v3_sc3_staging_04,L3,2,19,0.8,False,False,False,nan,nan,nan
v3_sc3_staging_04,L3,2,0,1.0,False,False,False,nan,nan,nan
v3_sc3_staging_04,L3,2,1,1.0,False,False,False,nan,nan,nan
v3_sc3_staging_04,L3,2,2,1.0,False,False,False,nan,nan,nan
v3_sc3_staging_04,L3,2,3,1.0,True,False,False,4.971320343559643,1.0008331019803636,2.0942243542145693
v3_sc3_staging_04,L3,2,4,1.0,False,False,False,nan,nan,nan
v3_sc3_staging_04,L3,2,5,1.0,False,False,False,nan,nan,nan
v3_sc3_staging_04,L3,2,6,1.0,False,False,False,nan,nan,nan
v3_sc3_staging_04,L3,2,7,1.0,True,False,False,4.184924240491749,1.0008331019803636,2.5401480227120525
v3_sc3_staging_04,L3,2,8,1.0,False,False,False,nan,nan,nan
v3_sc3_staging_04,L3,2,9,1.0,False,False,False,nan,nan,nan
v3_sc3_staging_04,L3,2,10,1.0,True,False,False,4.727817459305203,1.1500000000000001,2.2829840100151495
v3_sc3_staging_04,L3,2,11,1.0,True,False,False,6.07634559672906,1.0008331019803636,1.2066048165876013
v3_sc3_staging_04,L3,2,12,1.0,False,False,False,nan,nan,nan
v3_sc3_staging_04,L3,2,13,1.0,False,False,False,nan,nan,nan
v3_sc3_staging_04,L3,2,14,1.0,False,False,False,nan,nan,nan
v3_sc3_staging_04,L3,2,15,1.0,False,False,False,nan,nan,nan
v3_sc3_staging_04,L3,2,16,1.0,False,False,False,nan,nan,nan
v3_sc3_staging_04,L3,2,17,1.0,False,False,False,nan,nan,nan
v3_sc3_staging_04,L3,2,18,1.0,False,False,False,nan,nan,nan
v3_sc3_staging_04,L3,2,19,1.0,False,False,False,nan,nan,nan
v3_sc3_staging_04,L3,2,0,1.25,False,False,False,nan,nan,nan
v3_sc3_staging_04,L3,2,1,1.25,False,False,False,nan,nan,nan
v3_sc3_staging_04,L3,2,2,1.25,False,False,False,nan,nan,nan
v3_sc3_staging_04,L3,2,3,1.25,False,False,False,nan,nan,nan
v3_sc3_staging_04,L3,2,4,1.25,False,False,False,nan,nan,nan
v3_sc3_staging_04,L3,2,5,1.25,False,False,False,nan,nan,nan
v3_sc3_staging_04,L3,2,6,1.25,False,False,False,nan,nan,nan
v3_sc3_staging_04,L3,2,7,1.25,True,False,False,4.18492424049175,1.2507141400011599,2.564718584144391
v3_sc3_staging_04,L3,2,8,1.25,False,False,False,nan,nan,nan
v3_sc3_staging_04,L3,2,9,1.25,False,False,False,nan,nan,nan
v3_sc3_staging_04,L3,2,10,1.25,True,False,False,4.727817459305203,1.3200274723201297,2.2829840100151495
v3_sc3_staging_04,L3,2,11,1.25,False,False,False,nan,nan,nan
v3_sc3_staging_04,L3,2,12,1.25,False,False,False,nan,nan,nan
v3_sc3_staging_04,L3,2,13,1.25,False,False,False,nan,nan,nan
v3_sc3_staging_04,L3,2,14,1.25,False,False,False,nan,nan,nan
v3_sc3_staging_04,L3,2,15,1.25,False,False,False,nan,nan,nan
v3_sc3_staging_04,L3,2,16,1.25,False,False,False,nan,nan,nan
v3_sc3_staging_04,L3,2,17,1.25,False,False,False,nan,nan,nan
v3_sc3_staging_04,L3,2,18,1.25,False,False,False,nan,nan,nan
v3_sc3_staging_04,L3,2,19,1.25,False,False,False,nan,nan,nan
v3_sc3_staging_04,L3,2,0,1.5,False,False,False,nan,nan,nan
v3_sc3_staging_04,L3,2,1,1.5,False,False,False,nan,nan,nan
v3_sc3_staging_04,L3,2,2,1.5,False,False,False,nan,nan,nan
v3_sc3_staging_04,L3,2,3,1.5,False,False,False,nan,nan,nan
v3_sc3_staging_04,L3,2,4,1.5,False,False,False,nan,nan,nan
v3_sc3_staging_04,L3,2,5,1.5,False,False,False,nan,nan,nan
v3_sc3_staging_04,L3,2,6,1.5,False,False,False,nan,nan,nan
v3_sc3_staging_04,L3,2,7,1.5,False,False,False,nan,nan,nan
v3_sc3_staging_04,L3,2,8,1.5,False,False,False,nan,nan,nan
v3_sc3_staging_04,L3,2,9,1.5,False,False,False,nan,nan,nan
v3_sc3_staging_04,L3,2,10,1.5,False,False,False,nan,nan,nan
v3_sc3_staging_04,L3,2,11,1.5,False,False,False,nan,nan,nan
v3_sc3_staging_04,L3,2,12,1.5,False,False,False,nan,nan,nan
v3_sc3_staging_04,L3,2,13,1.5,False,False,False,nan,nan,nan
v3_sc3_staging_04,L3,2,14,1.5,False,False,False,nan,nan,nan
v3_sc3_staging_04,L3,2,15,1.5,False,False,False,nan,nan,nan
v3_sc3_staging_04,L3,2,16,1.5,False,False,False,nan,nan,nan
v3_sc3_staging_04,L3,2,17,1.5,False,False,False,nan,nan,nan
v3_sc3_staging_04,L3,2,18,1.5,False,False,False,nan,nan,nan
v3_sc3_staging_04,L3,2,19,1.5,False,False,False,nan,nan,nan
v3_sc3_staging_04,L3,2,0,2.0,False,False,False,nan,nan,nan
v3_sc3_staging_04,L3,2,1,2.0,False,False,False,nan,nan,nan
v3_sc3_staging_04,L3,2,2,2.0,False,False,False,nan,nan,nan
v3_sc3_staging_04,L3,2,3,2.0,False,False,False,nan,nan,nan
v3_sc3_staging_04,L3,2,4,2.0,False,False,False,nan,nan,nan
v3_sc3_staging_04,L3,2,5,2.0,False,False,False,nan,nan,nan
v3_sc3_staging_04,L3,2,6,2.0,False,False,False,nan,nan,nan
v3_sc3_staging_04,L3,2,7,2.0,False,False,False,nan,nan,nan
v3_sc3_staging_04,L3,2,8,2.0,False,False,False,nan,nan,nan
v3_sc3_staging_04,L3,2,9,2.0,False,False,False,nan,nan,nan
v3_sc3_staging_04,L3,2,10,2.0,False,False,False,nan,nan,nan
v3_sc3_staging_04,L3,2,11,2.0,False,False,False,nan,nan,nan
v3_sc3_staging_04,L3,2,12,2.0,False,False,False,nan,nan,nan
v3_sc3_staging_04,L3,2,13,2.0,False,False,False,nan,nan,nan
v3_sc3_staging_04,L3,2,14,2.0,False,False,False,nan,nan,nan
v3_sc3_staging_04,L3,2,15,2.0,False,False,False,nan,nan,nan
v3_sc3_staging_04,L3,2,16,2.0,False,False,False,nan,nan,nan
v3_sc3_staging_04,L3,2,17,2.0,False,False,False,nan,nan,nan
v3_sc3_staging_04,L3,2,18,2.0,False,False,False,nan,nan,nan
v3_sc3_staging_04,L3,2,19,2.0,False,False,False,nan,nan,nan
v3_sc3_staging_04,L3,3,0,0.0,True,False,False,5.126955262170048,0.20000000000000007,0.132455532033676
v3_sc3_staging_04,L3,3,1,0.0,True,False,False,3.6435028842544406,0.009901951359278516,0.3860022573334675
v3_sc3_staging_04,L3,3,2,0.0,True,False,False,6.973401871576775,0.002493781056044475,0.17268120235368556
v3_sc3_staging_04,L3,3,3,0.0,True,False,False,4.966295090390226,0.7658988901172163,2.0700194551792794
v3_sc3_staging_04,L3,3,4,0.0,True,False,False,5.559797974644667,0.2778174593052023,2.6484122982862335
v3_sc3_staging_04,L3,3,5,0.0,False,False,False,nan,nan,nan
v3_sc3_staging_04,L3,3,6,0.0,True,False,False,4.456244584051392,0.2778174593052023,2.6084562084739105
v3_sc3_staging_04,L3,3,7,0.0,True,False,False,4.209188309203678,1.0556349186104046,2.6240998703626617
v3_sc3_staging_04,L3,3,8,0.0,True,True,False,4.976955262170048,0.002493781056044475,1.610094784600919
v3_sc3_staging_04,L3,3,9,0.0,True,False,False,8.44619407771256,0.002493781056044475,0.20710678118654757
v3_sc3_staging_04,L3,3,10,0.0,True,False,False,4.760660171779821,1.1,2.3324018076537096
v3_sc3_staging_04,L3,3,11,0.0,True,False,False,5.922792206135785,0.7257650672131264,1.2677669529663689
v3_sc3_staging_04,L3,3,12,0.0,True,False,False,8.903300858899106,0.002493781056044475,0.10000000000000009
v3_sc3_staging_04,L3,3,13,0.0,True,False,False,5.8169047558312155,0.1403124237432849,0.20710678118654757
v3_sc3_staging_04,L3,3,14,0.0,False,False,False,nan,nan,nan
v3_sc3_staging_04,L3,3,15,0.0,True,False,False,10.158326112068526,0.002493781056044475,0.10000000000000009
v3_sc3_staging_04,L3,3,16,0.0,True,False,False,5.223401871576773,0.2778174593052023,2.9441980198589053
v3_sc3_staging_04,L3,3,17,0.0,True,False,False,5.8941125496954285,0.002493781056044475,0.10000000000000009
v3_sc3_staging_04,L3,3,18,0.0,True,False,False,5.054163056034262,0.052268050859363036,1.35
v3_sc3_staging_04,L3,3,19,0.0,False,False,False,nan,nan,nan
v3_sc3_staging_04,L3,3,0,0.1,True,False,False,5.126955262170048,0.20000000000000007,0.132455532033676
v3_sc3_staging_04,L3,3,1,0.1,False,False,False,nan,nan,nan
v3_sc3_staging_04,L3,3,2,0.1,False,False,False,nan,nan,nan
v3_sc3_staging_04,L3,3,3,0.1,True,False,False,4.966295090390226,0.7658988901172163,2.0700194551792794
v3_sc3_staging_04,L3,3,4,0.1,True,False,False,5.559797974644667,0.2778174593052023,2.6484122982862335
v3_sc3_staging_04,L3,3,5,0.1,False,False,False,nan,nan,nan
v3_sc3_staging_04,L3,3,6,0.1,True,False,False,4.456244584051392,0.2778174593052023,2.6084562084739105
v3_sc3_staging_04,L3,3,7,0.1,True,False,False,4.209188309203678,1.0556349186104046,2.6240998703626617
v3_sc3_staging_04,L3,3,8,0.1,True,False,False,4.976955262170048,0.10000000000000009,1.610094784600919
v3_sc3_staging_04,L3,3,9,0.1,False,False,False,nan,nan,nan
v3_sc3_staging_04,L3,3,10,0.1,True,False,False,4.760660171779821,1.1,2.3324018076537096
v3_sc3_staging_04,L3,3,11,0.1,True,False,False,5.922792206135785,0.7257650672131264,1.2677669529663689
v3_sc3_staging_04,L3,3,12,0.1,False,False,False,nan,nan,nan
v3_sc3_staging_04,L3,3,13,0.1,True,False,False,5.8169047558312155,0.1403124237432849,0.20710678118654757
v3_sc3_staging_04,L3,3,14,0.1,False,False,False,nan,nan,nan
v3_sc3_staging_04,L3,3,15,0.1,False,False,False,nan,nan,nan
v3_sc3_staging_04,L3,3,16,0.1,True,False,False,5.223401871576773,0.2778174593052023,2.9441980198589053
v3_sc3_staging_04,L3,3,17,0.1,True,False,False,5.8941125496954285,0.10000000000000009,0.10000000000000009
v3_sc3_staging_04,L3,3,18,0.1,True,False,False,5.054163056034262,0.26485292703891783,1.35
v3_sc3_staging_04,L3,3,19,0.1,False,False,False,nan,nan,nan
v3_sc3_staging_04,L3,3,0,0.2,True,False,False,5.126955262170048,0.20000000000000007,0.20710678118654757
v3_sc3_staging_04,L3,3,1,0.2,False,False,False,nan,nan,nan
v3_sc3_staging_04,L3,3,2,0.2,False,False,False,nan,nan,nan
v3_sc3_staging_04,L3,3,3,0.2,True,False,False,4.966295090390226,0.7658988901172163,2.0700194551792794
v3_sc3_staging_04,L3,3,4,0.2,True,False,False,5.559797974644667,0.2778174593052023,2.6484122982862335
v3_sc3_staging_04,L3,3,5,0.2,False,False,False,nan,nan,nan
v3_sc3_staging_04,L3,3,6,0.2,True,False,False,4.456244584051392,0.2778174593052023,2.6084562084739105
v3_sc3_staging_04,L3,3,7,0.2,True,False,False,4.209188309203678,1.0556349186104046,2.6240998703626617
v3_sc3_staging_04,L3,3,8,0.2,True,False,False,4.976955262170048,0.20000000000000007,1.610094784600919
v3_sc3_staging_04,L3,3,9,0.2,False,False,False,nan,nan,nan
v3_sc3_staging_04,L3,3,10,0.2,True,False,False,4.760660171779821,1.1,2.3324018076537096
v3_sc3_staging_04,L3,3,11,0.2,True,False,False,5.922792206135785,0.7257650672131264,1.2677669529663689
v3_sc3_staging_04,L3,3,12,0.2,False,False,False,nan,nan,nan
v3_sc3_staging_04,L3,3,13,0.2,True,False,False,5.8169047558312155,0.21589105316381774,0.20710678118654757
v3_sc3_staging_04,L3,3,14,0.2,False,False,False,nan,nan,nan
v3_sc3_staging_04,L3,3,15,0.2,False,False,False,nan,nan,nan
v3_sc3_staging_04,L3,3,16,0.2,True,False,False,5.223401871576773,0.2778174593052023,2.9441980198589053
v3_sc3_staging_04,L3,3,17,0.2,True,False,False,5.8941125496954285,0.20000000000000007,0.20000000000000007
v3_sc3_staging_04,L3,3,18,0.2,True,False,False,5.054163056034262,0.26485292703891783,1.35
v3_sc3_staging_04,L3,3,19,0.2,False,False,False,nan,nan,nan
v3_sc3_staging_04,L3,3,0,0.3,False,False,False,nan,nan,nan
v3_sc3_staging_04,L3,3,1,0.3,False,False,False,nan,nan,nan
v3_sc3_staging_04,L3,3,2,0.3,False,False,False,nan,nan,nan
v3_sc3_staging_04,L3,3,3,0.3,True,False,False,4.966295090390226,0.7658988901172163,2.0700194551792794
v3_sc3_staging_04,L3,3,4,0.3,False,False,False,nan,nan,nan
v3_sc3_staging_04,L3,3,5,0.3,False,False,False,nan,nan,nan
v3_sc3_staging_04,L3,3,6,0.3,False,False,False,nan,nan,nan
v3_sc3_staging_04,L3,3,7,0.3,True,False,False,4.209188309203678,1.0556349186104046,2.6240998703626617
v3_sc3_staging_04,L3,3,8,0.3,False,False,False,nan,nan,nan
v3_sc3_staging_04,L3,3,9,0.3,False,False,False,nan,nan,nan
v3_sc3_staging_04,L3,3,10,0.3,True,False,False,4.760660171779821,1.1,2.3324018076537096
v3_sc3_staging_04,L3,3,11,0.3,True,False,False,5.922792206135785,0.7257650672131264,1.2677669529663689
v3_sc3_staging_04,L3,3,12,0.3,False,False,False,nan,nan,nan
v3_sc3_staging_04,L3,3,13,0.3,False,False,False,nan,nan,nan
v3_sc3_staging_04,L3,3,14,0.3,False,False,False,nan,nan,nan
v3_sc3_staging_04,L3,3,15,0.3,False,False,False,nan,nan,nan
v3_sc3_staging_04,L3,3,16,0.3,False,False,False,nan,nan,nan
v3_sc3_staging_04,L3,3,17,0.3,False,False,False,nan,nan,nan
v3_sc3_staging_04,L3,3,18,0.3,False,False,False,nan,nan,nan
v3_sc3_staging_04,L3,3,19,0.3,False,False,False,nan,nan,nan
v3_sc3_staging_04,L3,3,0,0.4,False,False,False,nan,nan,nan
v3_sc3_staging_04,L3,3,1,0.4,False,False,False,nan,nan,nan
v3_sc3_staging_04,L3,3,2,0.4,False,False,False,nan,nan,nan
v3_sc3_staging_04,L3,3,3,0.4,True,False,False,4.966295090390226,0.7658988901172163,2.0700194551792794
v3_sc3_staging_04,L3,3,4,0.4,False,False,False,nan,nan,nan
v3_sc3_staging_04,L3,3,5,0.4,False,False,False,nan,nan,nan
v3_sc3_staging_04,L3,3,6,0.4,False,False,False,nan,nan,nan
v3_sc3_staging_04,L3,3,7,0.4,True,False,False,4.209188309203678,1.0556349186104046,2.6240998703626617
v3_sc3_staging_04,L3,3,8,0.4,False,False,False,nan,nan,nan
v3_sc3_staging_04,L3,3,9,0.4,False,False,False,nan,nan,nan
v3_sc3_staging_04,L3,3,10,0.4,True,False,False,4.760660171779821,1.1,2.3324018076537096
v3_sc3_staging_04,L3,3,11,0.4,True,False,False,5.922792206135785,0.7257650672131264,1.2677669529663689
v3_sc3_staging_04,L3,3,12,0.4,False,False,False,nan,nan,nan
v3_sc3_staging_04,L3,3,13,0.4,False,False,False,nan,nan,nan
v3_sc3_staging_04,L3,3,14,0.4,False,False,False,nan,nan,nan
v3_sc3_staging_04,L3,3,15,0.4,False,False,False,nan,nan,nan
v3_sc3_staging_04,L3,3,16,0.4,False,False,False,nan,nan,nan
v3_sc3_staging_04,L3,3,17,0.4,False,False,False,nan,nan,nan
v3_sc3_staging_04,L3,3,18,0.4,False,False,False,nan,nan,nan
v3_sc3_staging_04,L3,3,19,0.4,False,False,False,nan,nan,nan
v3_sc3_staging_04,L3,3,0,0.5,False,False,False,nan,nan,nan
v3_sc3_staging_04,L3,3,1,0.5,False,False,False,nan,nan,nan
v3_sc3_staging_04,L3,3,2,0.5,False,False,False,nan,nan,nan
v3_sc3_staging_04,L3,3,3,0.5,True,False,False,4.966295090390226,0.7658988901172163,2.0700194551792794
v3_sc3_staging_04,L3,3,4,0.5,False,False,False,nan,nan,nan
v3_sc3_staging_04,L3,3,5,0.5,False,False,False,nan,nan,nan
v3_sc3_staging_04,L3,3,6,0.5,False,False,False,nan,nan,nan
v3_sc3_staging_04,L3,3,7,0.5,True,False,False,4.209188309203678,1.0556349186104046,2.6240998703626617
v3_sc3_staging_04,L3,3,8,0.5,False,False,False,nan,nan,nan
v3_sc3_staging_04,L3,3,9,0.5,False,False,False,nan,nan,nan
v3_sc3_staging_04,L3,3,10,0.5,True,False,False,4.760660171779821,1.1,2.3324018076537096
v3_sc3_staging_04,L3,3,11,0.5,True,False,False,5.922792206135785,0.7257650672131264,1.2677669529663689
v3_sc3_staging_04,L3,3,12,0.5,False,False,False,nan,nan,nan
v3_sc3_staging_04,L3,3,13,0.5,False,False,False,nan,nan,nan
v3_sc3_staging_04,L3,3,14,0.5,False,False,False,nan,nan,nan
v3_sc3_staging_04,L3,3,15,0.5,False,False,False,nan,nan,nan
v3_sc3_staging_04,L3,3,16,0.5,False,False,False,nan,nan,nan
v3_sc3_staging_04,L3,3,17,0.5,False,False,False,nan,nan,nan
v3_sc3_staging_04,L3,3,18,0.5,False,False,False,nan,nan,nan
v3_sc3_staging_04,L3,3,19,0.5,False,False,False,nan,nan,nan
v3_sc3_staging_04,L3,3,0,0.6,False,False,False,nan,nan,nan
v3_sc3_staging_04,L3,3,1,0.6,False,False,False,nan,nan,nan
v3_sc3_staging_04,L3,3,2,0.6,False,False,False,nan,nan,nan
v3_sc3_staging_04,L3,3,3,0.6,True,False,False,4.966295090390226,0.7658988901172163,2.0700194551792794
v3_sc3_staging_04,L3,3,4,0.6,False,False,False,nan,nan,nan
v3_sc3_staging_04,L3,3,5,0.6,False,False,False,nan,nan,nan
v3_sc3_staging_04,L3,3,6,0.6,False,False,False,nan,nan,nan
v3_sc3_staging_04,L3,3,7,0.6,True,False,False,4.209188309203678,1.0556349186104046,2.6240998703626617
v3_sc3_staging_04,L3,3,8,0.6,False,False,False,nan,nan,nan
v3_sc3_staging_04,L3,3,9,0.6,False,False,False,nan,nan,nan
v3_sc3_staging_04,L3,3,10,0.6,True,False,False,4.760660171779821,1.1,2.3324018076537096
v3_sc3_staging_04,L3,3,11,0.6,True,False,False,5.922792206135785,0.7257650672131264,1.2677669529663689
v3_sc3_staging_04,L3,3,12,0.6,False,False,False,nan,nan,nan
v3_sc3_staging_04,L3,3,13,0.6,False,False,False,nan,nan,nan
v3_sc3_staging_04,L3,3,14,0.6,False,False,False,nan,nan,nan
v3_sc3_staging_04,L3,3,15,0.6,False,False,False,nan,nan,nan
v3_sc3_staging_04,L3,3,16,0.6,False,False,False,nan,nan,nan
v3_sc3_staging_04,L3,3,17,0.6,False,False,False,nan,nan,nan
v3_sc3_staging_04,L3,3,18,0.6,False,False,False,nan,nan,nan
v3_sc3_staging_04,L3,3,19,0.6,False,False,False,nan,nan,nan
v3_sc3_staging_04,L3,3,0,0.8,False,False,False,nan,nan,nan
v3_sc3_staging_04,L3,3,1,0.8,False,False,False,nan,nan,nan
v3_sc3_staging_04,L3,3,2,0.8,False,False,False,nan,nan,nan
v3_sc3_staging_04,L3,3,3,0.8,True,False,False,4.966295090390226,0.80384048104053,2.0700194551792794
v3_sc3_staging_04,L3,3,4,0.8,False,False,False,nan,nan,nan
v3_sc3_staging_04,L3,3,5,0.8,False,False,False,nan,nan,nan
v3_sc3_staging_04,L3,3,6,0.8,False,False,False,nan,nan,nan
v3_sc3_staging_04,L3,3,7,0.8,True,False,False,4.209188309203678,1.0556349186104046,2.6240998703626617
v3_sc3_staging_04,L3,3,8,0.8,False,False,False,nan,nan,nan
v3_sc3_staging_04,L3,3,9,0.8,False,False,False,nan,nan,nan
v3_sc3_staging_04,L3,3,10,0.8,True,False,False,4.760660171779821,1.1,2.3324018076537096
v3_sc3_staging_04,L3,3,11,0.8,True,False,False,5.922792206135785,0.8086252328302401,1.2677669529663689
v3_sc3_staging_04,L3,3,12,0.8,False,False,False,nan,nan,nan
v3_sc3_staging_04,L3,3,13,0.8,False,False,False,nan,nan,nan
v3_sc3_staging_04,L3,3,14,0.8,False,False,False,nan,nan,nan
v3_sc3_staging_04,L3,3,15,0.8,False,False,False,nan,nan,nan
v3_sc3_staging_04,L3,3,16,0.8,False,False,False,nan,nan,nan
v3_sc3_staging_04,L3,3,17,0.8,False,False,False,nan,nan,nan
v3_sc3_staging_04,L3,3,18,0.8,False,False,False,nan,nan,nan
v3_sc3_staging_04,L3,3,19,0.8,False,False,False,nan,nan,nan
v3_sc3_staging_04,L3,3,0,1.0,False,False,False,nan,nan,nan
v3_sc3_staging_04,L3,3,1,1.0,False,False,False,nan,nan,nan
v3_sc3_staging_04,L3,3,2,1.0,False,False,False,nan,nan,nan
v3_sc3_staging_04,L3,3,3,1.0,True,False,False,5.112741699796953,1.0008331019803636,2.10768096208106
v3_sc3_staging_04,L3,3,4,1.0,False,False,False,nan,nan,nan
v3_sc3_staging_04,L3,3,5,1.0,False,False,False,nan,nan,nan
v3_sc3_staging_04,L3,3,6,1.0,False,False,False,nan,nan,nan
v3_sc3_staging_04,L3,3,7,1.0,True,False,False,4.209188309203678,1.0556349186104046,2.6240998703626617
v3_sc3_staging_04,L3,3,8,1.0,False,False,False,nan,nan,nan
v3_sc3_staging_04,L3,3,9,1.0,False,False,False,nan,nan,nan
v3_sc3_staging_04,L3,3,10,1.0,True,False,False,4.760660171779821,1.1,2.3324018076537096
v3_sc3_staging_04,L3,3,11,1.0,True,False,False,6.047056274847713,1.0008331019803636,1.2677669529663689
v3_sc3_staging_04,L3,3,12,1.0,False,False,False,nan,nan,nan
v3_sc3_staging_04,L3,3,13,1.0,False,False,False,nan,nan,nan
v3_sc3_staging_04,L3,3,14,1.0,False,False,False,nan,nan,nan
v3_sc3_staging_04,L3,3,15,1.0,False,False,False,nan,nan,nan
v3_sc3_staging_04,L3,3,16,1.0,False,False,False,nan,nan,nan
v3_sc3_staging_04,L3,3,17,1.0,False,False,False,nan,nan,nan
v3_sc3_staging_04,L3,3,18,1.0,False,False,False,nan,nan,nan
v3_sc3_staging_04,L3,3,19,1.0,False,False,False,nan,nan,nan
v3_sc3_staging_04,L3,3,0,1.25,False,False,False,nan,nan,nan
v3_sc3_staging_04,L3,3,1,1.25,False,False,False,nan,nan,nan
v3_sc3_staging_04,L3,3,2,1.25,False,False,False,nan,nan,nan
v3_sc3_staging_04,L3,3,3,1.25,False,False,False,nan,nan,nan
v3_sc3_staging_04,L3,3,4,1.25,False,False,False,nan,nan,nan
v3_sc3_staging_04,L3,3,5,1.25,False,False,False,nan,nan,nan
v3_sc3_staging_04,L3,3,6,1.25,False,False,False,nan,nan,nan
v3_sc3_staging_04,L3,3,7,1.25,True,False,False,4.209188309203678,1.2507141400011599,2.6312936623702354
v3_sc3_staging_04,L3,3,8,1.25,False,False,False,nan,nan,nan
v3_sc3_staging_04,L3,3,9,1.25,False,False,False,nan,nan,nan
v3_sc3_staging_04,L3,3,10,1.25,True,False,False,4.760660171779822,1.27341478509682,2.3324018076537096
v3_sc3_staging_04,L3,3,11,1.25,False,False,False,nan,nan,nan
v3_sc3_staging_04,L3,3,12,1.25,False,False,False,nan,nan,nan
v3_sc3_staging_04,L3,3,13,1.25,False,False,False,nan,nan,nan
v3_sc3_staging_04,L3,3,14,1.25,False,False,False,nan,nan,nan
v3_sc3_staging_04,L3,3,15,1.25,False,False,False,nan,nan,nan
v3_sc3_staging_04,L3,3,16,1.25,False,False,False,nan,nan,nan
v3_sc3_staging_04,L3,3,17,1.25,False,False,False,nan,nan,nan
v3_sc3_staging_04,L3,3,18,1.25,False,False,False,nan,nan,nan
v3_sc3_staging_04,L3,3,19,1.25,False,False,False,nan,nan,nan
v3_sc3_staging_04,L3,3,0,1.5,False,False,False,nan,nan,nan
v3_sc3_staging_04,L3,3,1,1.5,False,False,False,nan,nan,nan
v3_sc3_staging_04,L3,3,2,1.5,False,False,False,nan,nan,nan
v3_sc3_staging_04,L3,3,3,1.5,False,False,False,nan,nan,nan
v3_sc3_staging_04,L3,3,4,1.5,False,False,False,nan,nan,nan
v3_sc3_staging_04,L3,3,5,1.5,False,False,False,nan,nan,nan
v3_sc3_staging_04,L3,3,6,1.5,False,False,False,nan,nan,nan
v3_sc3_staging_04,L3,3,7,1.5,False,False,False,nan,nan,nan
v3_sc3_staging_04,L3,3,8,1.5,False,False,False,nan,nan,nan
v3_sc3_staging_04,L3,3,9,1.5,False,False,False,nan,nan,nan
v3_sc3_staging_04,L3,3,10,1.5,False,False,False,nan,nan,nan
v3_sc3_staging_04,L3,3,11,1.5,False,False,False,nan,nan,nan
v3_sc3_staging_04,L3,3,12,1.5,False,False,False,nan,nan,nan
v3_sc3_staging_04,L3,3,13,1.5,False,False,False,nan,nan,nan
v3_sc3_staging_04,L3,3,14,1.5,False,False,False,nan,nan,nan
v3_sc3_staging_04,L3,3,15,1.5,False,False,False,nan,nan,nan
v3_sc3_staging_04,L3,3,16,1.5,False,False,False,nan,nan,nan
v3_sc3_staging_04,L3,3,17,1.5,False,False,False,nan,nan,nan
v3_sc3_staging_04,L3,3,18,1.5,False,False,False,nan,nan,nan
v3_sc3_staging_04,L3,3,19,1.5,False,False,False,nan,nan,nan
v3_sc3_staging_04,L3,3,0,2.0,False,False,False,nan,nan,nan
v3_sc3_staging_04,L3,3,1,2.0,False,False,False,nan,nan,nan
v3_sc3_staging_04,L3,3,2,2.0,False,False,False,nan,nan,nan
v3_sc3_staging_04,L3,3,3,2.0,False,False,False,nan,nan,nan
v3_sc3_staging_04,L3,3,4,2.0,False,False,False,nan,nan,nan
v3_sc3_staging_04,L3,3,5,2.0,False,False,False,nan,nan,nan
v3_sc3_staging_04,L3,3,6,2.0,False,False,False,nan,nan,nan
v3_sc3_staging_04,L3,3,7,2.0,False,False,False,nan,nan,nan
v3_sc3_staging_04,L3,3,8,2.0,False,False,False,nan,nan,nan
v3_sc3_staging_04,L3,3,9,2.0,False,False,False,nan,nan,nan
v3_sc3_staging_04,L3,3,10,2.0,False,False,False,nan,nan,nan
v3_sc3_staging_04,L3,3,11,2.0,False,False,False,nan,nan,nan
v3_sc3_staging_04,L3,3,12,2.0,False,False,False,nan,nan,nan
v3_sc3_staging_04,L3,3,13,2.0,False,False,False,nan,nan,nan
v3_sc3_staging_04,L3,3,14,2.0,False,False,False,nan,nan,nan
v3_sc3_staging_04,L3,3,15,2.0,False,False,False,nan,nan,nan
v3_sc3_staging_04,L3,3,16,2.0,False,False,False,nan,nan,nan
v3_sc3_staging_04,L3,3,17,2.0,False,False,False,nan,nan,nan
v3_sc3_staging_04,L3,3,18,2.0,False,False,False,nan,nan,nan
v3_sc3_staging_04,L3,3,19,2.0,False,False,False,nan,nan,nan
v3_sc3_staging_04,L3,4,0,0.0,True,False,False,5.089087296526011,0.5547511554864495,0.17268120235368556
v3_sc3_staging_04,L3,4,1,0.0,True,False,False,3.6263455967290583,0.11032778078668515,0.4340770846134703
v3_sc3_staging_04,L3,4,2,0.0,True,False,False,6.761269837220812,0.25,0.10000000000000009
v3_sc3_staging_04,L3,4,3,0.0,True,False,False,4.9420310216782966,0.6672617529928753,2.117728022541685
v3_sc3_staging_04,L3,4,4,0.0,True,False,False,6.365432893255071,0.5404326023342407,0.17268120235368556
v3_sc3_staging_04,L3,4,5,0.0,False,False,False,nan,nan,nan
v3_sc3_staging_04,L3,4,6,0.0,True,False,False,9.832590180780452,0.348528137423857,0.17268120235368556
v3_sc3_staging_04,L3,4,7,0.0,True,False,False,4.2349242404917495,0.9840822079655831,2.621698255757593
v3_sc3_staging_04,L3,4,8,0.0,True,False,False,8.134062043356597,0.5,0.10415229867972864
v3_sc3_staging_04,L3,4,9,0.0,True,False,False,8.20477272147525,0.2905694150420949,0.10000000000000009
v3_sc3_staging_04,L3,4,10,0.0,True,False,False,4.707106781186548,1.05,2.4120439557122073
v3_sc3_staging_04,L3,4,11,0.0,True,False,False,5.889949493661168,0.8509256086106296,1.3560711193270585
v3_sc3_staging_04,L3,4,12,0.0,True,False,False,8.658326112068524,0.37321245982864903,0.050000000000000044
v3_sc3_staging_04,L3,4,13,0.0,True,False,False,5.79619407771256,0.55,0.10000000000000009
v3_sc3_staging_04,L3,4,14,0.0,False,False,False,nan,nan,nan
v3_sc3_staging_04,L3,4,15,0.0,True,False,False,9.958326112068526,0.37321245982864903,0.050000000000000044
v3_sc3_staging_04,L3,4,16,0.0,True,False,False,6.69472221513642,0.5547511554864495,0.17268120235368556
v3_sc3_staging_04,L3,4,17,0.0,True,False,False,5.868376618407356,0.36023252670426276,0.050000000000000044
v3_sc3_staging_04,L3,4,18,0.0,True,False,False,7.121930009000632,0.2905694150420949,0.17268120235368556
v3_sc3_staging_04,L3,4,19,0.0,False,False,False,nan,nan,nan
v3_sc3_staging_04,L3,4,0,0.1,True,False,False,5.089087296526011,0.5547511554864495,0.17268120235368556
v3_sc3_staging_04,L3,4,1,0.1,True,False,False,3.6263455967290583,0.11032778078668515,0.4340770846134703
v3_sc3_staging_04,L3,4,2,0.1,True,False,False,6.761269837220812,0.25,0.10000000000000009
v3_sc3_staging_04,L3,4,3,0.1,True,False,False,4.9420310216782966,0.6672617529928753,2.117728022541685
v3_sc3_staging_04,L3,4,4,0.1,True,False,False,6.365432893255071,0.5404326023342407,0.17268120235368556
v3_sc3_staging_04,L3,4,5,0.1,False,False,False,nan,nan,nan
v3_sc3_staging_04,L3,4,6,0.1,True,False,False,9.832590180780452,0.348528137423857,0.17268120235368556
v3_sc3_staging_04,L3,4,7,0.1,True,False,False,4.2349242404917495,0.9840822079655831,2.621698255757593
v3_sc3_staging_04,L3,4,8,0.1,True,False,False,8.134062043356597,0.5,0.10415229867972864
v3_sc3_staging_04,L3,4,9,0.1,True,False,False,8.20477272147525,0.2905694150420949,0.10000000000000009
v3_sc3_staging_04,L3,4,10,0.1,True,False,False,4.707106781186548,1.05,2.4120439557122073
v3_sc3_staging_04,L3,4,11,0.1,True,False,False,5.889949493661168,0.8509256086106296,1.3560711193270585
v3_sc3_staging_04,L3,4,12,0.1,True,False,False,8.658326112068524,0.37321245982864903,0.10000000000000009
v3_sc3_staging_04,L3,4,13,0.1,True,False,False,5.79619407771256,0.55,0.10000000000000009
v3_sc3_staging_04,L3,4,14,0.1,False,False,False,nan,nan,nan
v3_sc3_staging_04,L3,4,15,0.1,True,False,False,9.958326112068525,0.37321245982864903,0.10000000000000009
v3_sc3_staging_04,L3,4,16,0.1,True,False,False,6.69472221513642,0.5547511554864495,0.17268120235368556
v3_sc3_staging_04,L3,4,17,0.1,True,False,False,5.868376618407356,0.36023252670426276,0.10000000000000009
v3_sc3_staging_04,L3,4,18,0.1,True,False,False,7.121930009000632,0.2905694150420949,0.17268120235368556
v3_sc3_staging_04,L3,4,19,0.1,False,False,False,nan,nan,nan
v3_sc3_staging_04,L3,4,0,0.2,False,False,False,nan,nan,nan
v3_sc3_staging_04,L3,4,1,0.2,True,False,False,3.6263455967290583,0.20710678118654757,0.4340770846134703
v3_sc3_staging_04,L3,4,2,0.2,False,False,False,nan,nan,nan
v3_sc3_staging_04,L3,4,3,0.2,True,False,False,4.9420310216782966,0.6672617529928753,2.117728022541685
v3_sc3_staging_04,L3,4,4,0.2,False,False,False,nan,nan,nan
v3_sc3_staging_04,L3,4,5,0.2,False,False,False,nan,nan,nan
v3_sc3_staging_04,L3,4,6,0.2,False,False,False,nan,nan,nan
v3_sc3_staging_04,L3,4,7,0.2,True,False,False,4.2349242404917495,0.9840822079655831,2.621698255757593
v3_sc3_staging_04,L3,4,8,0.2,False,False,False,nan,nan,nan
v3_sc3_staging_04,L3,4,9,0.2,False,False,False,nan,nan,nan
v3_sc3_staging_04,L3,4,10,0.2,True,False,False,4.707106781186548,1.05,2.4120439557122073
v3_sc3_staging_04,L3,4,11,0.2,True,False,False,5.889949493661168,0.8509256086106296,1.3560711193270585
v3_sc3_staging_04,L3,4,12,0.2,False,False,False,nan,nan,nan
v3_sc3_staging_04,L3,4,13,0.2,False,False,False,nan,nan,nan
v3_sc3_staging_04,L3,4,14,0.2,False,False,False,nan,nan,nan
v3_sc3_staging_04,L3,4,15,0.2,False,False,False,nan,nan,nan
v3_sc3_staging_04,L3,4,16,0.2,False,False,False,nan,nan,nan
v3_sc3_staging_04,L3,4,17,0.2,False,False,False,nan,nan,nan
v3_sc3_staging_04,L3,4,18,0.2,False,False,False,nan,nan,nan
v3_sc3_staging_04,L3,4,19,0.2,False,False,False,nan,nan,nan
v3_sc3_staging_04,L3,4,0,0.3,False,False,False,nan,nan,nan
v3_sc3_staging_04,L3,4,1,0.3,True,False,False,3.6849242404917497,0.3062257748298549,0.42195444572928875
v3_sc3_staging_04,L3,4,2,0.3,False,False,False,nan,nan,nan
v3_sc3_staging_04,L3,4,3,0.3,True,False,False,4.9420310216782966,0.6672617529928753,2.117728022541685
v3_sc3_staging_04,L3,4,4,0.3,False,False,False,nan,nan,nan
v3_sc3_staging_04,L3,4,5,0.3,False,False,False,nan,nan,nan
v3_sc3_staging_04,L3,4,6,0.3,False,False,False,nan,nan,nan
v3_sc3_staging_04,L3,4,7,0.3,True,False,False,4.2349242404917495,0.9840822079655831,2.621698255757593
v3_sc3_staging_04,L3,4,8,0.3,False,False,False,nan,nan,nan
v3_sc3_staging_04,L3,4,9,0.3,False,False,False,nan,nan,nan
v3_sc3_staging_04,L3,4,10,0.3,True,False,False,4.707106781186548,1.05,2.4120439557122073
v3_sc3_staging_04,L3,4,11,0.3,True,False,False,5.889949493661168,0.8509256086106296,1.3560711193270585
v3_sc3_staging_04,L3,4,12,0.3,False,False,False,nan,nan,nan
v3_sc3_staging_04,L3,4,13,0.3,False,False,False,nan,nan,nan
v3_sc3_staging_04,L3,4,14,0.3,False,False,False,nan,nan,nan
v3_sc3_staging_04,L3,4,15,0.3,False,False,False,nan,nan,nan
v3_sc3_staging_04,L3,4,16,0.3,False,False,False,nan,nan,nan
v3_sc3_staging_04,L3,4,17,0.3,False,False,False,nan,nan,nan
v3_sc3_staging_04,L3,4,18,0.3,False,False,False,nan,nan,nan
v3_sc3_staging_04,L3,4,19,0.3,False,False,False,nan,nan,nan
v3_sc3_staging_04,L3,4,0,0.4,False,False,False,nan,nan,nan
v3_sc3_staging_04,L3,4,1,0.4,False,False,False,nan,nan,nan
v3_sc3_staging_04,L3,4,2,0.4,False,False,False,nan,nan,nan
v3_sc3_staging_04,L3,4,3,0.4,True,False,False,4.9420310216782966,0.6672617529928753,2.117728022541685
v3_sc3_staging_04,L3,4,4,0.4,False,False,False,nan,nan,nan
v3_sc3_staging_04,L3,4,5,0.4,False,False,False,nan,nan,nan
v3_sc3_staging_04,L3,4,6,0.4,False,False,False,nan,nan,nan
v3_sc3_staging_04,L3,4,7,0.4,True,False,False,4.2349242404917495,0.9840822079655831,2.621698255757593
v3_sc3_staging_04,L3,4,8,0.4,False,False,False,nan,nan,nan
v3_sc3_staging_04,L3,4,9,0.4,False,False,False,nan,nan,nan
v3_sc3_staging_04,L3,4,10,0.4,True,False,False,4.707106781186548,1.05,2.4120439557122073
v3_sc3_staging_04,L3,4,11,0.4,True,False,False,5.889949493661168,0.8509256086106296,1.3560711193270585
v3_sc3_staging_04,L3,4,12,0.4,False,False,False,nan,nan,nan
v3_sc3_staging_04,L3,4,13,0.4,False,False,False,nan,nan,nan
v3_sc3_staging_04,L3,4,14,0.4,False,False,False,nan,nan,nan
v3_sc3_staging_04,L3,4,15,0.4,False,False,False,nan,nan,nan
v3_sc3_staging_04,L3,4,16,0.4,False,False,False,nan,nan,nan
v3_sc3_staging_04,L3,4,17,0.4,False,False,False,nan,nan,nan
v3_sc3_staging_04,L3,4,18,0.4,False,False,False,nan,nan,nan
v3_sc3_staging_04,L3,4,19,0.4,False,False,False,nan,nan,nan
v3_sc3_staging_04,L3,4,0,0.5,False,False,False,nan,nan,nan
v3_sc3_staging_04,L3,4,1,0.5,False,False,False,nan,nan,nan
v3_sc3_staging_04,L3,4,2,0.5,False,False,False,nan,nan,nan
v3_sc3_staging_04,L3,4,3,0.5,True,False,False,4.9420310216782966,0.6672617529928753,2.117728022541685
v3_sc3_staging_04,L3,4,4,0.5,False,False,False,nan,nan,nan
v3_sc3_staging_04,L3,4,5,0.5,False,False,False,nan,nan,nan
v3_sc3_staging_04,L3,4,6,0.5,False,False,False,nan,nan,nan
v3_sc3_staging_04,L3,4,7,0.5,True,False,False,4.2349242404917495,0.9840822079655831,2.621698255757593
v3_sc3_staging_04,L3,4,8,0.5,False,False,False,nan,nan,nan
v3_sc3_staging_04,L3,4,9,0.5,False,False,False,nan,nan,nan
v3_sc3_staging_04,L3,4,10,0.5,True,False,False,4.707106781186548,1.05,2.4120439557122073
v3_sc3_staging_04,L3,4,11,0.5,True,False,False,5.889949493661168,0.8509256086106296,1.3560711193270585
v3_sc3_staging_04,L3,4,12,0.5,False,False,False,nan,nan,nan
v3_sc3_staging_04,L3,4,13,0.5,False,False,False,nan,nan,nan
v3_sc3_staging_04,L3,4,14,0.5,False,False,False,nan,nan,nan
v3_sc3_staging_04,L3,4,15,0.5,False,False,False,nan,nan,nan
v3_sc3_staging_04,L3,4,16,0.5,False,False,False,nan,nan,nan
v3_sc3_staging_04,L3,4,17,0.5,False,False,False,nan,nan,nan
v3_sc3_staging_04,L3,4,18,0.5,False,False,False,nan,nan,nan
v3_sc3_staging_04,L3,4,19,0.5,False,False,False,nan,nan,nan
v3_sc3_staging_04,L3,4,0,0.6,False,False,False,nan,nan,nan
v3_sc3_staging_04,L3,4,1,0.6,False,False,False,nan,nan,nan
v3_sc3_staging_04,L3,4,2,0.6,False,False,False,nan,nan,nan
v3_sc3_staging_04,L3,4,3,0.6,True,False,False,4.9420310216782966,0.6672617529928753,2.117728022541685
v3_sc3_staging_04,L3,4,4,0.6,False,False,False,nan,nan,nan
v3_sc3_staging_04,L3,4,5,0.6,False,False,False,nan,nan,nan
v3_sc3_staging_04,L3,4,6,0.6,False,False,False,nan,nan,nan
v3_sc3_staging_04,L3,4,7,0.6,True,False,False,4.2349242404917495,0.9840822079655831,2.621698255757593
v3_sc3_staging_04,L3,4,8,0.6,False,False,False,nan,nan,nan
v3_sc3_staging_04,L3,4,9,0.6,False,False,False,nan,nan,nan
v3_sc3_staging_04,L3,4,10,0.6,True,False,False,4.707106781186548,1.05,2.4120439557122073
v3_sc3_staging_04,L3,4,11,0.6,True,False,False,5.889949493661168,0.8509256086106296,1.3560711193270585
v3_sc3_staging_04,L3,4,12,0.6,False,False,False,nan,nan,nan
v3_sc3_staging_04,L3,4,13,0.6,False,False,False,nan,nan,nan
v3_sc3_staging_04,L3,4,14,0.6,False,False,False,nan,nan,nan
v3_sc3_staging_04,L3,4,15,0.6,False,False,False,nan,nan,nan
v3_sc3_staging_04,L3,4,16,0.6,False,False,False,nan,nan,nan
v3_sc3_staging_04,L3,4,17,0.6,False,False,False,nan,nan,nan
v3_sc3_staging_04,L3,4,18,0.6,False,False,False,nan,nan,nan
v3_sc3_staging_04,L3,4,19,0.6,False,False,False,nan,nan,nan
v3_sc3_staging_04,L3,4,0,0.8,False,False,False,nan,nan,nan
v3_sc3_staging_04,L3,4,1,0.8,False,False,False,nan,nan,nan
v3_sc3_staging_04,L3,4,2,0.8,False,False,False,nan,nan,nan
v3_sc3_staging_04,L3,4,3,0.8,True,False,False,4.9420310216782966,0.80384048104053,2.117728022541685
v3_sc3_staging_04,L3,4,4,0.8,False,False,False,nan,nan,nan
v3_sc3_staging_04,L3,4,5,0.8,False,False,False,nan,nan,nan
v3_sc3_staging_04,L3,4,6,0.8,False,False,False,nan,nan,nan
v3_sc3_staging_04,L3,4,7,0.8,True,False,False,4.2349242404917495,0.9840822079655831,2.621698255757593
v3_sc3_staging_04,L3,4,8,0.8,False,False,False,nan,nan,nan
v3_sc3_staging_04,L3,4,9,0.8,False,False,False,nan,nan,nan
v3_sc3_staging_04,L3,4,10,0.8,True,False,False,4.707106781186548,1.05,2.4120439557122073
v3_sc3_staging_04,L3,4,11,0.8,True,False,False,5.889949493661168,0.8509256086106296,1.3560711193270585
v3_sc3_staging_04,L3,4,12,0.8,False,False,False,nan,nan,nan
v3_sc3_staging_04,L3,4,13,0.8,False,False,False,nan,nan,nan
v3_sc3_staging_04,L3,4,14,0.8,False,False,False,nan,nan,nan
v3_sc3_staging_04,L3,4,15,0.8,False,False,False,nan,nan,nan
v3_sc3_staging_04,L3,4,16,0.8,False,False,False,nan,nan,nan
v3_sc3_staging_04,L3,4,17,0.8,False,False,False,nan,nan,nan
v3_sc3_staging_04,L3,4,18,0.8,False,False,False,nan,nan,nan
v3_sc3_staging_04,L3,4,19,0.8,False,False,False,nan,nan,nan
v3_sc3_staging_04,L3,4,0,1.0,False,False,False,nan,nan,nan
v3_sc3_staging_04,L3,4,1,1.0,False,False,False,nan,nan,nan
v3_sc3_staging_04,L3,4,2,1.0,False,False,False,nan,nan,nan
v3_sc3_staging_04,L3,4,3,1.0,True,False,False,4.9713203435596425,1.0116216457830975,2.183281572999748
v3_sc3_staging_04,L3,4,4,1.0,False,False,False,nan,nan,nan
v3_sc3_staging_04,L3,4,5,1.0,False,False,False,nan,nan,nan
v3_sc3_staging_04,L3,4,6,1.0,False,False,False,nan,nan,nan
v3_sc3_staging_04,L3,4,7,1.0,True,False,False,4.2349242404917495,1.0008331019803636,2.621698255757593
v3_sc3_staging_04,L3,4,8,1.0,False,False,False,nan,nan,nan
v3_sc3_staging_04,L3,4,9,1.0,False,False,False,nan,nan,nan
v3_sc3_staging_04,L3,4,10,1.0,True,False,False,4.707106781186548,1.05,2.4120439557122073
v3_sc3_staging_04,L3,4,11,1.0,True,False,False,6.014213562373096,1.0008331019803636,1.3560711193270585
v3_sc3_staging_04,L3,4,12,1.0,False,False,False,nan,nan,nan
v3_sc3_staging_04,L3,4,13,1.0,False,False,False,nan,nan,nan
v3_sc3_staging_04,L3,4,14,1.0,False,False,False,nan,nan,nan
v3_sc3_staging_04,L3,4,15,1.0,False,False,False,nan,nan,nan
v3_sc3_staging_04,L3,4,16,1.0,False,False,False,nan,nan,nan
v3_sc3_staging_04,L3,4,17,1.0,False,False,False,nan,nan,nan
v3_sc3_staging_04,L3,4,18,1.0,False,False,False,nan,nan,nan
v3_sc3_staging_04,L3,4,19,1.0,False,False,False,nan,nan,nan
v3_sc3_staging_04,L3,4,0,1.25,False,False,False,nan,nan,nan
v3_sc3_staging_04,L3,4,1,1.25,False,False,False,nan,nan,nan
v3_sc3_staging_04,L3,4,2,1.25,False,False,False,nan,nan,nan
v3_sc3_staging_04,L3,4,3,1.25,False,False,False,nan,nan,nan
v3_sc3_staging_04,L3,4,4,1.25,False,False,False,nan,nan,nan
v3_sc3_staging_04,L3,4,5,1.25,False,False,False,nan,nan,nan
v3_sc3_staging_04,L3,4,6,1.25,False,False,False,nan,nan,nan
v3_sc3_staging_04,L3,4,7,1.25,True,False,False,4.2349242404917495,1.2507141400011599,2.6384709652950433
v3_sc3_staging_04,L3,4,8,1.25,False,False,False,nan,nan,nan
v3_sc3_staging_04,L3,4,9,1.25,False,False,False,nan,nan,nan
v3_sc3_staging_04,L3,4,10,1.25,True,False,False,4.707106781186548,1.3,2.4120439557122073
v3_sc3_staging_04,L3,4,11,1.25,True,False,False,6.221320343559643,1.2507141400011599,1.3560711193270585
v3_sc3_staging_04,L3,4,12,1.25,False,False,False,nan,nan,nan
v3_sc3_staging_04,L3,4,13,1.25,False,False,False,nan,nan,nan
v3_sc3_staging_04,L3,4,14,1.25,False,False,False,nan,nan,nan
v3_sc3_staging_04,L3,4,15,1.25,False,False,False,nan,nan,nan
v3_sc3_staging_04,L3,4,16,1.25,False,False,False,nan,nan,nan
v3_sc3_staging_04,L3,4,17,1.25,False,False,False,nan,nan,nan
v3_sc3_staging_04,L3,4,18,1.25,False,False,False,nan,nan,nan
v3_sc3_staging_04,L3,4,19,1.25,False,False,False,nan,nan,nan
v3_sc3_staging_04,L3,4,0,1.5,False,False,False,nan,nan,nan
v3_sc3_staging_04,L3,4,1,1.5,False,False,False,nan,nan,nan
v3_sc3_staging_04,L3,4,2,1.5,False,False,False,nan,nan,nan
v3_sc3_staging_04,L3,4,3,1.5,False,False,False,nan,nan,nan
v3_sc3_staging_04,L3,4,4,1.5,False,False,False,nan,nan,nan
v3_sc3_staging_04,L3,4,5,1.5,False,False,False,nan,nan,nan
v3_sc3_staging_04,L3,4,6,1.5,False,False,False,nan,nan,nan
v3_sc3_staging_04,L3,4,7,1.5,False,False,False,nan,nan,nan
v3_sc3_staging_04,L3,4,8,1.5,False,False,False,nan,nan,nan
v3_sc3_staging_04,L3,4,9,1.5,False,False,False,nan,nan,nan
v3_sc3_staging_04,L3,4,10,1.5,False,False,False,nan,nan,nan
v3_sc3_staging_04,L3,4,11,1.5,False,False,False,nan,nan,nan
v3_sc3_staging_04,L3,4,12,1.5,False,False,False,nan,nan,nan
v3_sc3_staging_04,L3,4,13,1.5,False,False,False,nan,nan,nan
v3_sc3_staging_04,L3,4,14,1.5,False,False,False,nan,nan,nan
v3_sc3_staging_04,L3,4,15,1.5,False,False,False,nan,nan,nan
v3_sc3_staging_04,L3,4,16,1.5,False,False,False,nan,nan,nan
v3_sc3_staging_04,L3,4,17,1.5,False,False,False,nan,nan,nan
v3_sc3_staging_04,L3,4,18,1.5,False,False,False,nan,nan,nan
v3_sc3_staging_04,L3,4,19,1.5,False,False,False,nan,nan,nan
v3_sc3_staging_04,L3,4,0,2.0,False,False,False,nan,nan,nan
v3_sc3_staging_04,L3,4,1,2.0,False,False,False,nan,nan,nan
v3_sc3_staging_04,L3,4,2,2.0,False,False,False,nan,nan,nan
v3_sc3_staging_04,L3,4,3,2.0,False,False,False,nan,nan,nan
v3_sc3_staging_04,L3,4,4,2.0,False,False,False,nan,nan,nan
v3_sc3_staging_04,L3,4,5,2.0,False,False,False,nan,nan,nan
v3_sc3_staging_04,L3,4,6,2.0,False,False,False,nan,nan,nan
v3_sc3_staging_04,L3,4,7,2.0,False,False,False,nan,nan,nan
v3_sc3_staging_04,L3,4,8,2.0,False,False,False,nan,nan,nan
v3_sc3_staging_04,L3,4,9,2.0,False,False,False,nan,nan,nan
v3_sc3_staging_04,L3,4,10,2.0,False,False,False,nan,nan,nan
v3_sc3_staging_04,L3,4,11,2.0,False,False,False,nan,nan,nan
v3_sc3_staging_04,L3,4,12,2.0,False,False,False,nan,nan,nan
v3_sc3_staging_04,L3,4,13,2.0,False,False,False,nan,nan,nan
v3_sc3_staging_04,L3,4,14,2.0,False,False,False,nan,nan,nan
v3_sc3_staging_04,L3,4,15,2.0,False,False,False,nan,nan,nan
v3_sc3_staging_04,L3,4,16,2.0,False,False,False,nan,nan,nan
v3_sc3_staging_04,L3,4,17,2.0,False,False,False,nan,nan,nan
v3_sc3_staging_04,L3,4,18,2.0,False,False,False,nan,nan,nan
v3_sc3_staging_04,L3,4,19,2.0,False,False,False,nan,nan,nan
v3_sc3_staging_04,L4,0,0,0.0,True,False,False,6.490559159102155,0.002493781056044475,0.2905694150420949
v3_sc3_staging_04,L4,0,1,0.0,False,False,False,nan,nan,nan
v3_sc3_staging_04,L4,0,2,0.0,False,False,False,nan,nan,nan
v3_sc3_staging_04,L4,0,3,0.0,False,False,False,nan,nan,nan
v3_sc3_staging_04,L4,0,4,0.0,True,False,False,5.202691193458119,0.050000000000000044,2.1100766272276377
v3_sc3_staging_04,L4,0,5,0.0,False,False,False,nan,nan,nan
v3_sc3_staging_04,L4,0,6,0.0,False,False,False,nan,nan,nan
v3_sc3_staging_04,L4,0,7,0.0,False,False,False,nan,nan,nan
v3_sc3_staging_04,L4,0,8,0.0,False,False,False,nan,nan,nan
v3_sc3_staging_04,L4,0,9,0.0,False,False,False,nan,nan,nan
v3_sc3_staging_04,L4,0,10,0.0,False,False,False,nan,nan,nan
v3_sc3_staging_04,L4,0,11,0.0,False,False,False,nan,nan,nan
v3_sc3_staging_04,L4,0,12,0.0,False,False,False,nan,nan,nan
v3_sc3_staging_04,L4,0,13,0.0,True,False,False,6.397665940288703,0.002493781056044475,0.9577379737113252
v3_sc3_staging_04,L4,0,14,0.0,False,False,False,nan,nan,nan
v3_sc3_staging_04,L4,0,15,0.0,False,False,False,nan,nan,nan
v3_sc3_staging_04,L4,0,16,0.0,True,False,False,4.937005768508881,0.002493781056044475,2.3111385593741196
v3_sc3_staging_04,L4,0,17,0.0,True,False,False,6.012741699796953,0.002493781056044475,0.42195444572928875
v3_sc3_staging_04,L4,0,18,0.0,True,False,False,4.816295090390227,0.002493781056044475,0.7509996003196804
v3_sc3_staging_04,L4,0,19,0.0,False,False,False,nan,nan,nan
v3_sc3_staging_04,L4,0,0,0.1,True,False,False,6.590559159102156,0.10000000000000009,0.2905694150420949
v3_sc3_staging_04,L4,0,1,0.1,False,False,False,nan,nan,nan
v3_sc3_staging_04,L4,0,2,0.1,False,False,False,nan,nan,nan
v3_sc3_staging_04,L4,0,3,0.1,False,False,False,nan,nan,nan
v3_sc3_staging_04,L4,0,4,0.1,True,False,False,5.244112549695428,0.10000000000000009,2.1100766272276377
v3_sc3_staging_04,L4,0,5,0.1,False,False,False,nan,nan,nan
v3_sc3_staging_04,L4,0,6,0.1,False,False,False,nan,nan,nan
v3_sc3_staging_04,L4,0,7,0.1,False,False,False,nan,nan,nan
v3_sc3_staging_04,L4,0,8,0.1,False,False,False,nan,nan,nan
v3_sc3_staging_04,L4,0,9,0.1,False,False,False,nan,nan,nan
v3_sc3_staging_04,L4,0,10,0.1,False,False,False,nan,nan,nan
v3_sc3_staging_04,L4,0,11,0.1,False,False,False,nan,nan,nan
v3_sc3_staging_04,L4,0,12,0.1,False,False,False,nan,nan,nan
v3_sc3_staging_04,L4,0,13,0.1,True,False,False,6.4976659402887025,0.10000000000000009,0.9577379737113252
v3_sc3_staging_04,L4,0,14,0.1,False,False,False,nan,nan,nan
v3_sc3_staging_04,L4,0,15,0.1,False,False,False,nan,nan,nan
v3_sc3_staging_04,L4,0,16,0.1,True,False,False,4.97842712474619,0.10000000000000009,2.3217902119044926
v3_sc3_staging_04,L4,0,17,0.1,True,False,False,6.112741699796953,0.10000000000000009,0.42195444572928875
v3_sc3_staging_04,L4,0,18,0.1,True,False,False,4.874873734152917,0.10000000000000009,0.7509996003196804
v3_sc3_staging_04,L4,0,19,0.1,False,False,False,nan,nan,nan
v3_sc3_staging_04,L4,0,0,0.2,False,False,False,nan,nan,nan
v3_sc3_staging_04,L4,0,1,0.2,False,False,False,nan,nan,nan
v3_sc3_staging_04,L4,0,2,0.2,False,False,False,nan,nan,nan
v3_sc3_staging_04,L4,0,3,0.2,False,False,False,nan,nan,nan
v3_sc3_staging_04,L4,0,4,0.2,False,False,False,nan,nan,nan
v3_sc3_staging_04,L4,0,5,0.2,False,False,False,nan,nan,nan
v3_sc3_staging_04,L4,0,6,0.2,False,False,False,nan,nan,nan
v3_sc3_staging_04,L4,0,7,0.2,False,False,False,nan,nan,nan
v3_sc3_staging_04,L4,0,8,0.2,False,False,False,nan,nan,nan
v3_sc3_staging_04,L4,0,9,0.2,False,False,False,nan,nan,nan
v3_sc3_staging_04,L4,0,10,0.2,False,False,False,nan,nan,nan
v3_sc3_staging_04,L4,0,11,0.2,False,False,False,nan,nan,nan
v3_sc3_staging_04,L4,0,12,0.2,False,False,False,nan,nan,nan
v3_sc3_staging_04,L4,0,13,0.2,False,False,False,nan,nan,nan
v3_sc3_staging_04,L4,0,14,0.2,False,False,False,nan,nan,nan
v3_sc3_staging_04,L4,0,15,0.2,False,False,False,nan,nan,nan
v3_sc3_staging_04,L4,0,16,0.2,False,False,False,nan,nan,nan
v3_sc3_staging_04,L4,0,17,0.2,False,False,False,nan,nan,nan
v3_sc3_staging_04,L4,0,18,0.2,False,False,False,nan,nan,nan
v3_sc3_staging_04,L4,0,19,0.2,False,False,False,nan,nan,nan
v3_sc3_staging_04,L4,0,0,0.3,False,False,False,nan,nan,nan
v3_sc3_staging_04,L4,0,1,0.3,False,False,False,nan,nan,nan
v3_sc3_staging_04,L4,0,2,0.3,False,False,False,nan,nan,nan
v3_sc3_staging_04,L4,0,3,0.3,False,False,False,nan,nan,nan
v3_sc3_staging_04,L4,0,4,0.3,False,False,False,nan,nan,nan
v3_sc3_staging_04,L4,0,5,0.3,False,False,False,nan,nan,nan
v3_sc3_staging_04,L4,0,6,0.3,False,False,False,nan,nan,nan
v3_sc3_staging_04,L4,0,7,0.3,False,False,False,nan,nan,nan
v3_sc3_staging_04,L4,0,8,0.3,False,False,False,nan,nan,nan
v3_sc3_staging_04,L4,0,9,0.3,False,False,False,nan,nan,nan
v3_sc3_staging_04,L4,0,10,0.3,False,False,False,nan,nan,nan
v3_sc3_staging_04,L4,0,11,0.3,False,False,False,nan,nan,nan
v3_sc3_staging_04,L4,0,12,0.3,False,False,False,nan,nan,nan
v3_sc3_staging_04,L4,0,13,0.3,False,False,False,nan,nan,nan
v3_sc3_staging_04,L4,0,14,0.3,False,False,False,nan,nan,nan
v3_sc3_staging_04,L4,0,15,0.3,False,False,False,nan,nan,nan
v3_sc3_staging_04,L4,0,16,0.3,False,False,False,nan,nan,nan
v3_sc3_staging_04,L4,0,17,0.3,False,False,False,nan,nan,nan
v3_sc3_staging_04,L4,0,18,0.3,False,False,False,nan,nan,nan
v3_sc3_staging_04,L4,0,19,0.3,False,False,False,nan,nan,nan
v3_sc3_staging_04,L4,0,0,0.4,False,False,False,nan,nan,nan
v3_sc3_staging_04,L4,0,1,0.4,False,False,False,nan,nan,nan
v3_sc3_staging_04,L4,0,2,0.4,False,False,False,nan,nan,nan
v3_sc3_staging_04,L4,0,3,0.4,False,False,False,nan,nan,nan
v3_sc3_staging_04,L4,0,4,0.4,False,False,False,nan,nan,nan
v3_sc3_staging_04,L4,0,5,0.4,False,False,False,nan,nan,nan
v3_sc3_staging_04,L4,0,6,0.4,False,False,False,nan,nan,nan
v3_sc3_staging_04,L4,0,7,0.4,False,False,False,nan,nan,nan
v3_sc3_staging_04,L4,0,8,0.4,False,False,False,nan,nan,nan
v3_sc3_staging_04,L4,0,9,0.4,False,False,False,nan,nan,nan
v3_sc3_staging_04,L4,0,10,0.4,False,False,False,nan,nan,nan
v3_sc3_staging_04,L4,0,11,0.4,False,False,False,nan,nan,nan
v3_sc3_staging_04,L4,0,12,0.4,False,False,False,nan,nan,nan
v3_sc3_staging_04,L4,0,13,0.4,False,False,False,nan,nan,nan
v3_sc3_staging_04,L4,0,14,0.4,False,False,False,nan,nan,nan
v3_sc3_staging_04,L4,0,15,0.4,False,False,False,nan,nan,nan
v3_sc3_staging_04,L4,0,16,0.4,False,False,False,nan,nan,nan
v3_sc3_staging_04,L4,0,17,0.4,False,False,False,nan,nan,nan
v3_sc3_staging_04,L4,0,18,0.4,False,False,False,nan,nan,nan
v3_sc3_staging_04,L4,0,19,0.4,False,False,False,nan,nan,nan
v3_sc3_staging_04,L4,0,0,0.5,False,False,False,nan,nan,nan
v3_sc3_staging_04,L4,0,1,0.5,False,False,False,nan,nan,nan
v3_sc3_staging_04,L4,0,2,0.5,False,False,False,nan,nan,nan
v3_sc3_staging_04,L4,0,3,0.5,False,False,False,nan,nan,nan
v3_sc3_staging_04,L4,0,4,0.5,False,False,False,nan,nan,nan
v3_sc3_staging_04,L4,0,5,0.5,False,False,False,nan,nan,nan
v3_sc3_staging_04,L4,0,6,0.5,False,False,False,nan,nan,nan
v3_sc3_staging_04,L4,0,7,0.5,False,False,False,nan,nan,nan
v3_sc3_staging_04,L4,0,8,0.5,False,False,False,nan,nan,nan
v3_sc3_staging_04,L4,0,9,0.5,False,False,False,nan,nan,nan
v3_sc3_staging_04,L4,0,10,0.5,False,False,False,nan,nan,nan
v3_sc3_staging_04,L4,0,11,0.5,False,False,False,nan,nan,nan
v3_sc3_staging_04,L4,0,12,0.5,False,False,False,nan,nan,nan
v3_sc3_staging_04,L4,0,13,0.5,False,False,False,nan,nan,nan
v3_sc3_staging_04,L4,0,14,0.5,False,False,False,nan,nan,nan
v3_sc3_staging_04,L4,0,15,0.5,False,False,False,nan,nan,nan
v3_sc3_staging_04,L4,0,16,0.5,False,False,False,nan,nan,nan
v3_sc3_staging_04,L4,0,17,0.5,False,False,False,nan,nan,nan
v3_sc3_staging_04,L4,0,18,0.5,False,False,False,nan,nan,nan
v3_sc3_staging_04,L4,0,19,0.5,False,False,False,nan,nan,nan
v3_sc3_staging_04,L4,0,0,0.6,False,False,False,nan,nan,nan
v3_sc3_staging_04,L4,0,1,0.6,False,False,False,nan,nan,nan
v3_sc3_staging_04,L4,0,2,0.6,False,False,False,nan,nan,nan
v3_sc3_staging_04,L4,0,3,0.6,False,False,False,nan,nan,nan
v3_sc3_staging_04,L4,0,4,0.6,False,False,False,nan,nan,nan
v3_sc3_staging_04,L4,0,5,0.6,False,False,False,nan,nan,nan
v3_sc3_staging_04,L4,0,6,0.6,False,False,False,nan,nan,nan
v3_sc3_staging_04,L4,0,7,0.6,False,False,False,nan,nan,nan
v3_sc3_staging_04,L4,0,8,0.6,False,False,False,nan,nan,nan
v3_sc3_staging_04,L4,0,9,0.6,False,False,False,nan,nan,nan
v3_sc3_staging_04,L4,0,10,0.6,False,False,False,nan,nan,nan
v3_sc3_staging_04,L4,0,11,0.6,False,False,False,nan,nan,nan
v3_sc3_staging_04,L4,0,12,0.6,False,False,False,nan,nan,nan
v3_sc3_staging_04,L4,0,13,0.6,False,False,False,nan,nan,nan
v3_sc3_staging_04,L4,0,14,0.6,False,False,False,nan,nan,nan
v3_sc3_staging_04,L4,0,15,0.6,False,False,False,nan,nan,nan
v3_sc3_staging_04,L4,0,16,0.6,False,False,False,nan,nan,nan
v3_sc3_staging_04,L4,0,17,0.6,False,False,False,nan,nan,nan
v3_sc3_staging_04,L4,0,18,0.6,False,False,False,nan,nan,nan
v3_sc3_staging_04,L4,0,19,0.6,False,False,False,nan,nan,nan
v3_sc3_staging_04,L4,0,0,0.8,False,False,False,nan,nan,nan
v3_sc3_staging_04,L4,0,1,0.8,False,False,False,nan,nan,nan
v3_sc3_staging_04,L4,0,2,0.8,False,False,False,nan,nan,nan
v3_sc3_staging_04,L4,0,3,0.8,False,False,False,nan,nan,nan
v3_sc3_staging_04,L4,0,4,0.8,False,False,False,nan,nan,nan
v3_sc3_staging_04,L4,0,5,0.8,False,False,False,nan,nan,nan
v3_sc3_staging_04,L4,0,6,0.8,False,False,False,nan,nan,nan
v3_sc3_staging_04,L4,0,7,0.8,False,False,False,nan,nan,nan
v3_sc3_staging_04,L4,0,8,0.8,False,False,False,nan,nan,nan
v3_sc3_staging_04,L4,0,9,0.8,False,False,False,nan,nan,nan
v3_sc3_staging_04,L4,0,10,0.8,False,False,False,nan,nan,nan
v3_sc3_staging_04,L4,0,11,0.8,False,False,False,nan,nan,nan
v3_sc3_staging_04,L4,0,12,0.8,False,False,False,nan,nan,nan
v3_sc3_staging_04,L4,0,13,0.8,False,False,False,nan,nan,nan
v3_sc3_staging_04,L4,0,14,0.8,False,False,False,nan,nan,nan
v3_sc3_staging_04,L4,0,15,0.8,False,False,False,nan,nan,nan
v3_sc3_staging_04,L4,0,16,0.8,False,False,False,nan,nan,nan
v3_sc3_staging_04,L4,0,17,0.8,False,False,False,nan,nan,nan
v3_sc3_staging_04,L4,0,18,0.8,False,False,False,nan,nan,nan
v3_sc3_staging_04,L4,0,19,0.8,False,False,False,nan,nan,nan
v3_sc3_staging_04,L4,0,0,1.0,False,False,False,nan,nan,nan
v3_sc3_staging_04,L4,0,1,1.0,False,False,False,nan,nan,nan
v3_sc3_staging_04,L4,0,2,1.0,False,False,False,nan,nan,nan
v3_sc3_staging_04,L4,0,3,1.0,False,False,False,nan,nan,nan
v3_sc3_staging_04,L4,0,4,1.0,False,False,False,nan,nan,nan
v3_sc3_staging_04,L4,0,5,1.0,False,False,False,nan,nan,nan
v3_sc3_staging_04,L4,0,6,1.0,False,False,False,nan,nan,nan
v3_sc3_staging_04,L4,0,7,1.0,False,False,False,nan,nan,nan
v3_sc3_staging_04,L4,0,8,1.0,False,False,False,nan,nan,nan
v3_sc3_staging_04,L4,0,9,1.0,False,False,False,nan,nan,nan
v3_sc3_staging_04,L4,0,10,1.0,False,False,False,nan,nan,nan
v3_sc3_staging_04,L4,0,11,1.0,False,False,False,nan,nan,nan
v3_sc3_staging_04,L4,0,12,1.0,False,False,False,nan,nan,nan
v3_sc3_staging_04,L4,0,13,1.0,False,False,False,nan,nan,nan
v3_sc3_staging_04,L4,0,14,1.0,False,False,False,nan,nan,nan
v3_sc3_staging_04,L4,0,15,1.0,False,False,False,nan,nan,nan
v3_sc3_staging_04,L4,0,16,1.0,False,False,False,nan,nan,nan
v3_sc3_staging_04,L4,0,17,1.0,False,False,False,nan,nan,nan
v3_sc3_staging_04,L4,0,18,1.0,False,False,False,nan,nan,nan
v3_sc3_staging_04,L4,0,19,1.0,False,False,False,nan,nan,nan
v3_sc3_staging_04,L4,0,0,1.25,False,False,False,nan,nan,nan
v3_sc3_staging_04,L4,0,1,1.25,False,False,False,nan,nan,nan
v3_sc3_staging_04,L4,0,2,1.25,False,False,False,nan,nan,nan
v3_sc3_staging_04,L4,0,3,1.25,False,False,False,nan,nan,nan
v3_sc3_staging_04,L4,0,4,1.25,False,False,False,nan,nan,nan
v3_sc3_staging_04,L4,0,5,1.25,False,False,False,nan,nan,nan
v3_sc3_staging_04,L4,0,6,1.25,False,False,False,nan,nan,nan
v3_sc3_staging_04,L4,0,7,1.25,False,False,False,nan,nan,nan
v3_sc3_staging_04,L4,0,8,1.25,False,False,False,nan,nan,nan
v3_sc3_staging_04,L4,0,9,1.25,False,False,False,nan,nan,nan
v3_sc3_staging_04,L4,0,10,1.25,False,False,False,nan,nan,nan
v3_sc3_staging_04,L4,0,11,1.25,False,False,False,nan,nan,nan
v3_sc3_staging_04,L4,0,12,1.25,False,False,False,nan,nan,nan
v3_sc3_staging_04,L4,0,13,1.25,False,False,False,nan,nan,nan
v3_sc3_staging_04,L4,0,14,1.25,False,False,False,nan,nan,nan
v3_sc3_staging_04,L4,0,15,1.25,False,False,False,nan,nan,nan
v3_sc3_staging_04,L4,0,16,1.25,False,False,False,nan,nan,nan
v3_sc3_staging_04,L4,0,17,1.25,False,False,False,nan,nan,nan
v3_sc3_staging_04,L4,0,18,1.25,False,False,False,nan,nan,nan
v3_sc3_staging_04,L4,0,19,1.25,False,False,False,nan,nan,nan
v3_sc3_staging_04,L4,0,0,1.5,False,False,False,nan,nan,nan
v3_sc3_staging_04,L4,0,1,1.5,False,False,False,nan,nan,nan
v3_sc3_staging_04,L4,0,2,1.5,False,False,False,nan,nan,nan
v3_sc3_staging_04,L4,0,3,1.5,False,False,False,nan,nan,nan
v3_sc3_staging_04,L4,0,4,1.5,False,False,False,nan,nan,nan
v3_sc3_staging_04,L4,0,5,1.5,False,False,False,nan,nan,nan
v3_sc3_staging_04,L4,0,6,1.5,False,False,False,nan,nan,nan
v3_sc3_staging_04,L4,0,7,1.5,False,False,False,nan,nan,nan
v3_sc3_staging_04,L4,0,8,1.5,False,False,False,nan,nan,nan
v3_sc3_staging_04,L4,0,9,1.5,False,False,False,nan,nan,nan
v3_sc3_staging_04,L4,0,10,1.5,False,False,False,nan,nan,nan
v3_sc3_staging_04,L4,0,11,1.5,False,False,False,nan,nan,nan
v3_sc3_staging_04,L4,0,12,1.5,False,False,False,nan,nan,nan
v3_sc3_staging_04,L4,0,13,1.5,False,False,False,nan,nan,nan
v3_sc3_staging_04,L4,0,14,1.5,False,False,False,nan,nan,nan
v3_sc3_staging_04,L4,0,15,1.5,False,False,False,nan,nan,nan
v3_sc3_staging_04,L4,0,16,1.5,False,False,False,nan,nan,nan
v3_sc3_staging_04,L4,0,17,1.5,False,False,False,nan,nan,nan
v3_sc3_staging_04,L4,0,18,1.5,False,False,False,nan,nan,nan
v3_sc3_staging_04,L4,0,19,1.5,False,False,False,nan,nan,nan
v3_sc3_staging_04,L4,0,0,2.0,False,False,False,nan,nan,nan
v3_sc3_staging_04,L4,0,1,2.0,False,False,False,nan,nan,nan
v3_sc3_staging_04,L4,0,2,2.0,False,False,False,nan,nan,nan
v3_sc3_staging_04,L4,0,3,2.0,False,False,False,nan,nan,nan
v3_sc3_staging_04,L4,0,4,2.0,False,False,False,nan,nan,nan
v3_sc3_staging_04,L4,0,5,2.0,False,False,False,nan,nan,nan
v3_sc3_staging_04,L4,0,6,2.0,False,False,False,nan,nan,nan
v3_sc3_staging_04,L4,0,7,2.0,False,False,False,nan,nan,nan
v3_sc3_staging_04,L4,0,8,2.0,False,False,False,nan,nan,nan
v3_sc3_staging_04,L4,0,9,2.0,False,False,False,nan,nan,nan
v3_sc3_staging_04,L4,0,10,2.0,False,False,False,nan,nan,nan
v3_sc3_staging_04,L4,0,11,2.0,False,False,False,nan,nan,nan
v3_sc3_staging_04,L4,0,12,2.0,False,False,False,nan,nan,nan
v3_sc3_staging_04,L4,0,13,2.0,False,False,False,nan,nan,nan
v3_sc3_staging_04,L4,0,14,2.0,False,False,False,nan,nan,nan
v3_sc3_staging_04,L4,0,15,2.0,False,False,False,nan,nan,nan
v3_sc3_staging_04,L4,0,16,2.0,False,False,False,nan,nan,nan
v3_sc3_staging_04,L4,0,17,2.0,False,False,False,nan,nan,nan
v3_sc3_staging_04,L4,0,18,2.0,False,False,False,nan,nan,nan
v3_sc3_staging_04,L4,0,19,2.0,False,False,False,nan,nan,nan
v3_sc3_staging_04,L4,1,0,0.0,False,False,False,nan,nan,nan
v3_sc3_staging_04,L4,1,1,0.0,False,False,False,nan,nan,nan
v3_sc3_staging_04,L4,1,2,0.0,False,False,False,nan,nan,nan
v3_sc3_staging_04,L4,1,3,0.0,False,False,False,nan,nan,nan
v3_sc3_staging_04,L4,1,4,0.0,False,False,False,nan,nan,nan
v3_sc3_staging_04,L4,1,5,0.0,False,False,False,nan,nan,nan
v3_sc3_staging_04,L4,1,6,0.0,False,False,False,nan,nan,nan
v3_sc3_staging_04,L4,1,7,0.0,True,False,False,4.140559159102154,0.8793114224133722,2.752691193458119
v3_sc3_staging_04,L4,1,8,0.0,False,False,False,nan,nan,nan
v3_sc3_staging_04,L4,1,9,0.0,False,False,False,nan,nan,nan
v3_sc3_staging_04,L4,1,10,0.0,False,False,False,nan,nan,nan
v3_sc3_staging_04,L4,1,11,0.0,False,False,False,nan,nan,nan
v3_sc3_staging_04,L4,1,12,0.0,False,False,False,nan,nan,nan
v3_sc3_staging_04,L4,1,13,0.0,False,False,False,nan,nan,nan
v3_sc3_staging_04,L4,1,14,0.0,False,False,False,nan,nan,nan
v3_sc3_staging_04,L4,1,15,0.0,False,False,False,nan,nan,nan
v3_sc3_staging_04,L4,1,16,0.0,False,False,False,nan,nan,nan
v3_sc3_staging_04,L4,1,17,0.0,False,False,False,nan,nan,nan
v3_sc3_staging_04,L4,1,18,0.0,False,False,False,nan,nan,nan
v3_sc3_staging_04,L4,1,19,0.0,False,False,False,nan,nan,nan
v3_sc3_staging_04,L4,1,0,0.1,False,False,False,nan,nan,nan
v3_sc3_staging_04,L4,1,1,0.1,False,False,False,nan,nan,nan
v3_sc3_staging_04,L4,1,2,0.1,False,False,False,nan,nan,nan
v3_sc3_staging_04,L4,1,3,0.1,False,False,False,nan,nan,nan
v3_sc3_staging_04,L4,1,4,0.1,False,False,False,nan,nan,nan
v3_sc3_staging_04,L4,1,5,0.1,False,False,False,nan,nan,nan
v3_sc3_staging_04,L4,1,6,0.1,False,False,False,nan,nan,nan
v3_sc3_staging_04,L4,1,7,0.1,True,False,False,4.140559159102154,0.8793114224133722,2.752691193458119
v3_sc3_staging_04,L4,1,8,0.1,False,False,False,nan,nan,nan
v3_sc3_staging_04,L4,1,9,0.1,False,False,False,nan,nan,nan
v3_sc3_staging_04,L4,1,10,0.1,False,False,False,nan,nan,nan
v3_sc3_staging_04,L4,1,11,0.1,False,False,False,nan,nan,nan
v3_sc3_staging_04,L4,1,12,0.1,False,False,False,nan,nan,nan
v3_sc3_staging_04,L4,1,13,0.1,False,False,False,nan,nan,nan
v3_sc3_staging_04,L4,1,14,0.1,False,False,False,nan,nan,nan
v3_sc3_staging_04,L4,1,15,0.1,False,False,False,nan,nan,nan
v3_sc3_staging_04,L4,1,16,0.1,False,False,False,nan,nan,nan
v3_sc3_staging_04,L4,1,17,0.1,False,False,False,nan,nan,nan
v3_sc3_staging_04,L4,1,18,0.1,False,False,False,nan,nan,nan
v3_sc3_staging_04,L4,1,19,0.1,False,False,False,nan,nan,nan
v3_sc3_staging_04,L4,1,0,0.2,False,False,False,nan,nan,nan
v3_sc3_staging_04,L4,1,1,0.2,False,False,False,nan,nan,nan
v3_sc3_staging_04,L4,1,2,0.2,False,False,False,nan,nan,nan
v3_sc3_staging_04,L4,1,3,0.2,False,False,False,nan,nan,nan
v3_sc3_staging_04,L4,1,4,0.2,False,False,False,nan,nan,nan
v3_sc3_staging_04,L4,1,5,0.2,False,False,False,nan,nan,nan
v3_sc3_staging_04,L4,1,6,0.2,False,False,False,nan,nan,nan
v3_sc3_staging_04,L4,1,7,0.2,True,False,False,4.140559159102154,0.8793114224133722,2.752691193458119
v3_sc3_staging_04,L4,1,8,0.2,False,False,False,nan,nan,nan
v3_sc3_staging_04,L4,1,9,0.2,False,False,False,nan,nan,nan
v3_sc3_staging_04,L4,1,10,0.2,False,False,False,nan,nan,nan
v3_sc3_staging_04,L4,1,11,0.2,False,False,False,nan,nan,nan
v3_sc3_staging_04,L4,1,12,0.2,False,False,False,nan,nan,nan
v3_sc3_staging_04,L4,1,13,0.2,False,False,False,nan,nan,nan
v3_sc3_staging_04,L4,1,14,0.2,False,False,False,nan,nan,nan
v3_sc3_staging_04,L4,1,15,0.2,False,False,False,nan,nan,nan
v3_sc3_staging_04,L4,1,16,0.2,False,False,False,nan,nan,nan
v3_sc3_staging_04,L4,1,17,0.2,False,False,False,nan,nan,nan
v3_sc3_staging_04,L4,1,18,0.2,False,False,False,nan,nan,nan
v3_sc3_staging_04,L4,1,19,0.2,False,False,False,nan,nan,nan
v3_sc3_staging_04,L4,1,0,0.3,False,False,False,nan,nan,nan
v3_sc3_staging_04,L4,1,1,0.3,False,False,False,nan,nan,nan
v3_sc3_staging_04,L4,1,2,0.3,False,False,False,nan,nan,nan
v3_sc3_staging_04,L4,1,3,0.3,False,False,False,nan,nan,nan
v3_sc3_staging_04,L4,1,4,0.3,False,False,False,nan,nan,nan
v3_sc3_staging_04,L4,1,5,0.3,False,False,False,nan,nan,nan
v3_sc3_staging_04,L4,1,6,0.3,False,False,False,nan,nan,nan
v3_sc3_staging_04,L4,1,7,0.3,True,False,False,4.140559159102154,0.8793114224133722,2.752691193458119
v3_sc3_staging_04,L4,1,8,0.3,False,False,False,nan,nan,nan
v3_sc3_staging_04,L4,1,9,0.3,False,False,False,nan,nan,nan
v3_sc3_staging_04,L4,1,10,0.3,False,False,False,nan,nan,nan
v3_sc3_staging_04,L4,1,11,0.3,False,False,False,nan,nan,nan
v3_sc3_staging_04,L4,1,12,0.3,False,False,False,nan,nan,nan
v3_sc3_staging_04,L4,1,13,0.3,False,False,False,nan,nan,nan
v3_sc3_staging_04,L4,1,14,0.3,False,False,False,nan,nan,nan
v3_sc3_staging_04,L4,1,15,0.3,False,False,False,nan,nan,nan
v3_sc3_staging_04,L4,1,16,0.3,False,False,False,nan,nan,nan
v3_sc3_staging_04,L4,1,17,0.3,False,False,False,nan,nan,nan
v3_sc3_staging_04,L4,1,18,0.3,False,False,False,nan,nan,nan
v3_sc3_staging_04,L4,1,19,0.3,False,False,False,nan,nan,nan
v3_sc3_staging_04,L4,1,0,0.4,False,False,False,nan,nan,nan
v3_sc3_staging_04,L4,1,1,0.4,False,False,False,nan,nan,nan
v3_sc3_staging_04,L4,1,2,0.4,False,False,False,nan,nan,nan
v3_sc3_staging_04,L4,1,3,0.4,False,False,False,nan,nan,nan
v3_sc3_staging_04,L4,1,4,0.4,False,False,False,nan,nan,nan
v3_sc3_staging_04,L4,1,5,0.4,False,False,False,nan,nan,nan
v3_sc3_staging_04,L4,1,6,0.4,False,False,False,nan,nan,nan
v3_sc3_staging_04,L4,1,7,0.4,True,False,False,4.140559159102154,0.8793114224133722,2.752691193458119
v3_sc3_staging_04,L4,1,8,0.4,False,False,False,nan,nan,nan
v3_sc3_staging_04,L4,1,9,0.4,False,False,False,nan,nan,nan
v3_sc3_staging_04,L4,1,10,0.4,False,False,False,nan,nan,nan
v3_sc3_staging_04,L4,1,11,0.4,False,False,False,nan,nan,nan
v3_sc3_staging_04,L4,1,12,0.4,False,False,False,nan,nan,nan
v3_sc3_staging_04,L4,1,13,0.4,False,False,False,nan,nan,nan
v3_sc3_staging_04,L4,1,14,0.4,False,False,False,nan,nan,nan
v3_sc3_staging_04,L4,1,15,0.4,False,False,False,nan,nan,nan
v3_sc3_staging_04,L4,1,16,0.4,False,False,False,nan,nan,nan
v3_sc3_staging_04,L4,1,17,0.4,False,False,False,nan,nan,nan
v3_sc3_staging_04,L4,1,18,0.4,False,False,False,nan,nan,nan
v3_sc3_staging_04,L4,1,19,0.4,False,False,False,nan,nan,nan
v3_sc3_staging_04,L4,1,0,0.5,False,False,False,nan,nan,nan
v3_sc3_staging_04,L4,1,1,0.5,False,False,False,nan,nan,nan
v3_sc3_staging_04,L4,1,2,0.5,False,False,False,nan,nan,nan
v3_sc3_staging_04,L4,1,3,0.5,False,False,False,nan,nan,nan
v3_sc3_staging_04,L4,1,4,0.5,False,False,False,nan,nan,nan
v3_sc3_staging_04,L4,1,5,0.5,False,False,False,nan,nan,nan
v3_sc3_staging_04,L4,1,6,0.5,False,False,False,nan,nan,nan
v3_sc3_staging_04,L4,1,7,0.5,True,False,False,4.140559159102154,0.8793114224133722,2.752691193458119
v3_sc3_staging_04,L4,1,8,0.5,False,False,False,nan,nan,nan
v3_sc3_staging_04,L4,1,9,0.5,False,False,False,nan,nan,nan
v3_sc3_staging_04,L4,1,10,0.5,False,False,False,nan,nan,nan
v3_sc3_staging_04,L4,1,11,0.5,False,False,False,nan,nan,nan
v3_sc3_staging_04,L4,1,12,0.5,False,False,False,nan,nan,nan
v3_sc3_staging_04,L4,1,13,0.5,False,False,False,nan,nan,nan
v3_sc3_staging_04,L4,1,14,0.5,False,False,False,nan,nan,nan
v3_sc3_staging_04,L4,1,15,0.5,False,False,False,nan,nan,nan
v3_sc3_staging_04,L4,1,16,0.5,False,False,False,nan,nan,nan
v3_sc3_staging_04,L4,1,17,0.5,False,False,False,nan,nan,nan
v3_sc3_staging_04,L4,1,18,0.5,False,False,False,nan,nan,nan
v3_sc3_staging_04,L4,1,19,0.5,False,False,False,nan,nan,nan
v3_sc3_staging_04,L4,1,0,0.6,False,False,False,nan,nan,nan
v3_sc3_staging_04,L4,1,1,0.6,False,False,False,nan,nan,nan
v3_sc3_staging_04,L4,1,2,0.6,False,False,False,nan,nan,nan
v3_sc3_staging_04,L4,1,3,0.6,False,False,False,nan,nan,nan
v3_sc3_staging_04,L4,1,4,0.6,False,False,False,nan,nan,nan
v3_sc3_staging_04,L4,1,5,0.6,False,False,False,nan,nan,nan
v3_sc3_staging_04,L4,1,6,0.6,False,False,False,nan,nan,nan
v3_sc3_staging_04,L4,1,7,0.6,True,False,False,4.140559159102154,0.8793114224133722,2.752691193458119
v3_sc3_staging_04,L4,1,8,0.6,False,False,False,nan,nan,nan
v3_sc3_staging_04,L4,1,9,0.6,False,False,False,nan,nan,nan
v3_sc3_staging_04,L4,1,10,0.6,False,False,False,nan,nan,nan
v3_sc3_staging_04,L4,1,11,0.6,False,False,False,nan,nan,nan
v3_sc3_staging_04,L4,1,12,0.6,False,False,False,nan,nan,nan
v3_sc3_staging_04,L4,1,13,0.6,False,False,False,nan,nan,nan
v3_sc3_staging_04,L4,1,14,0.6,False,False,False,nan,nan,nan
v3_sc3_staging_04,L4,1,15,0.6,False,False,False,nan,nan,nan
v3_sc3_staging_04,L4,1,16,0.6,False,False,False,nan,nan,nan
v3_sc3_staging_04,L4,1,17,0.6,False,False,False,nan,nan,nan
v3_sc3_staging_04,L4,1,18,0.6,False,False,False,nan,nan,nan
v3_sc3_staging_04,L4,1,19,0.6,False,False,False,nan,nan,nan
v3_sc3_staging_04,L4,1,0,0.8,False,False,False,nan,nan,nan
v3_sc3_staging_04,L4,1,1,0.8,False,False,False,nan,nan,nan
v3_sc3_staging_04,L4,1,2,0.8,False,False,False,nan,nan,nan
v3_sc3_staging_04,L4,1,3,0.8,False,False,False,nan,nan,nan
v3_sc3_staging_04,L4,1,4,0.8,False,False,False,nan,nan,nan
v3_sc3_staging_04,L4,1,5,0.8,False,False,False,nan,nan,nan
v3_sc3_staging_04,L4,1,6,0.8,False,False,False,nan,nan,nan
v3_sc3_staging_04,L4,1,7,0.8,True,False,False,4.140559159102154,0.8793114224133722,2.752691193458119
v3_sc3_staging_04,L4,1,8,0.8,False,False,False,nan,nan,nan
v3_sc3_staging_04,L4,1,9,0.8,False,False,False,nan,nan,nan
v3_sc3_staging_04,L4,1,10,0.8,False,False,False,nan,nan,nan
v3_sc3_staging_04,L4,1,11,0.8,False,False,False,nan,nan,nan
v3_sc3_staging_04,L4,1,12,0.8,False,False,False,nan,nan,nan
v3_sc3_staging_04,L4,1,13,0.8,False,False,False,nan,nan,nan
v3_sc3_staging_04,L4,1,14,0.8,False,False,False,nan,nan,nan
v3_sc3_staging_04,L4,1,15,0.8,False,False,False,nan,nan,nan
v3_sc3_staging_04,L4,1,16,0.8,False,False,False,nan,nan,nan
v3_sc3_staging_04,L4,1,17,0.8,False,False,False,nan,nan,nan
v3_sc3_staging_04,L4,1,18,0.8,False,False,False,nan,nan,nan
v3_sc3_staging_04,L4,1,19,0.8,False,False,False,nan,nan,nan
v3_sc3_staging_04,L4,1,0,1.0,False,False,False,nan,nan,nan
v3_sc3_staging_04,L4,1,1,1.0,False,False,False,nan,nan,nan
v3_sc3_staging_04,L4,1,2,1.0,False,False,False,nan,nan,nan
v3_sc3_staging_04,L4,1,3,1.0,False,False,False,nan,nan,nan
v3_sc3_staging_04,L4,1,4,1.0,False,False,False,nan,nan,nan
v3_sc3_staging_04,L4,1,5,1.0,False,False,False,nan,nan,nan
v3_sc3_staging_04,L4,1,6,1.0,False,False,False,nan,nan,nan
v3_sc3_staging_04,L4,1,7,1.0,True,False,False,4.199137802864845,1.020690632574555,2.752691193458119
v3_sc3_staging_04,L4,1,8,1.0,False,False,False,nan,nan,nan
v3_sc3_staging_04,L4,1,9,1.0,False,False,False,nan,nan,nan
v3_sc3_staging_04,L4,1,10,1.0,False,False,False,nan,nan,nan
v3_sc3_staging_04,L4,1,11,1.0,False,False,False,nan,nan,nan
v3_sc3_staging_04,L4,1,12,1.0,False,False,False,nan,nan,nan
v3_sc3_staging_04,L4,1,13,1.0,False,False,False,nan,nan,nan
v3_sc3_staging_04,L4,1,14,1.0,False,False,False,nan,nan,nan
v3_sc3_staging_04,L4,1,15,1.0,False,False,False,nan,nan,nan
v3_sc3_staging_04,L4,1,16,1.0,False,False,False,nan,nan,nan
v3_sc3_staging_04,L4,1,17,1.0,False,False,False,nan,nan,nan
v3_sc3_staging_04,L4,1,18,1.0,False,False,False,nan,nan,nan
v3_sc3_staging_04,L4,1,19,1.0,False,False,False,nan,nan,nan
v3_sc3_staging_04,L4,1,0,1.25,False,False,False,nan,nan,nan
v3_sc3_staging_04,L4,1,1,1.25,False,False,False,nan,nan,nan
v3_sc3_staging_04,L4,1,2,1.25,False,False,False,nan,nan,nan
v3_sc3_staging_04,L4,1,3,1.25,False,False,False,nan,nan,nan
v3_sc3_staging_04,L4,1,4,1.25,False,False,False,nan,nan,nan
v3_sc3_staging_04,L4,1,5,1.25,False,False,False,nan,nan,nan
v3_sc3_staging_04,L4,1,6,1.25,False,False,False,nan,nan,nan
v3_sc3_staging_04,L4,1,7,1.25,False,False,False,nan,nan,nan
v3_sc3_staging_04,L4,1,8,1.25,False,False,False,nan,nan,nan
v3_sc3_staging_04,L4,1,9,1.25,False,False,False,nan,nan,nan
v3_sc3_staging_04,L4,1,10,1.25,False,False,False,nan,nan,nan
v3_sc3_staging_04,L4,1,11,1.25,False,False,False,nan,nan,nan
v3_sc3_staging_04,L4,1,12,1.25,False,False,False,nan,nan,nan
v3_sc3_staging_04,L4,1,13,1.25,False,False,False,nan,nan,nan
v3_sc3_staging_04,L4,1,14,1.25,False,False,False,nan,nan,nan
v3_sc3_staging_04,L4,1,15,1.25,False,False,False,nan,nan,nan
v3_sc3_staging_04,L4,1,16,1.25,False,False,False,nan,nan,nan
v3_sc3_staging_04,L4,1,17,1.25,False,False,False,nan,nan,nan
v3_sc3_staging_04,L4,1,18,1.25,False,False,False,nan,nan,nan
v3_sc3_staging_04,L4,1,19,1.25,False,False,False,nan,nan,nan
v3_sc3_staging_04,L4,1,0,1.5,False,False,False,nan,nan,nan
v3_sc3_staging_04,L4,1,1,1.5,False,False,False,nan,nan,nan
v3_sc3_staging_04,L4,1,2,1.5,False,False,False,nan,nan,nan
v3_sc3_staging_04,L4,1,3,1.5,False,False,False,nan,nan,nan
v3_sc3_staging_04,L4,1,4,1.5,False,False,False,nan,nan,nan
v3_sc3_staging_04,L4,1,5,1.5,False,False,False,nan,nan,nan
v3_sc3_staging_04,L4,1,6,1.5,False,False,False,nan,nan,nan
v3_sc3_staging_04,L4,1,7,1.5,False,False,False,nan,nan,nan
v3_sc3_staging_04,L4,1,8,1.5,False,False,False,nan,nan,nan
v3_sc3_staging_04,L4,1,9,1.5,False,False,False,nan,nan,nan
v3_sc3_staging_04,L4,1,10,1.5,False,False,False,nan,nan,nan
v3_sc3_staging_04,L4,1,11,1.5,False,False,False,nan,nan,nan
v3_sc3_staging_04,L4,1,12,1.5,False,False,False,nan,nan,nan
v3_sc3_staging_04,L4,1,13,1.5,False,False,False,nan,nan,nan
v3_sc3_staging_04,L4,1,14,1.5,False,False,False,nan,nan,nan
v3_sc3_staging_04,L4,1,15,1.5,False,False,False,nan,nan,nan
v3_sc3_staging_04,L4,1,16,1.5,False,False,False,nan,nan,nan
v3_sc3_staging_04,L4,1,17,1.5,False,False,False,nan,nan,nan
v3_sc3_staging_04,L4,1,18,1.5,False,False,False,nan,nan,nan
v3_sc3_staging_04,L4,1,19,1.5,False,False,False,nan,nan,nan
v3_sc3_staging_04,L4,1,0,2.0,False,False,False,nan,nan,nan
v3_sc3_staging_04,L4,1,1,2.0,False,False,False,nan,nan,nan
v3_sc3_staging_04,L4,1,2,2.0,False,False,False,nan,nan,nan
v3_sc3_staging_04,L4,1,3,2.0,False,False,False,nan,nan,nan
v3_sc3_staging_04,L4,1,4,2.0,False,False,False,nan,nan,nan
v3_sc3_staging_04,L4,1,5,2.0,False,False,False,nan,nan,nan
v3_sc3_staging_04,L4,1,6,2.0,False,False,False,nan,nan,nan
v3_sc3_staging_04,L4,1,7,2.0,False,False,False,nan,nan,nan
v3_sc3_staging_04,L4,1,8,2.0,False,False,False,nan,nan,nan
v3_sc3_staging_04,L4,1,9,2.0,False,False,False,nan,nan,nan
v3_sc3_staging_04,L4,1,10,2.0,False,False,False,nan,nan,nan
v3_sc3_staging_04,L4,1,11,2.0,False,False,False,nan,nan,nan
v3_sc3_staging_04,L4,1,12,2.0,False,False,False,nan,nan,nan
v3_sc3_staging_04,L4,1,13,2.0,False,False,False,nan,nan,nan
v3_sc3_staging_04,L4,1,14,2.0,False,False,False,nan,nan,nan
v3_sc3_staging_04,L4,1,15,2.0,False,False,False,nan,nan,nan
v3_sc3_staging_04,L4,1,16,2.0,False,False,False,nan,nan,nan
v3_sc3_staging_04,L4,1,17,2.0,False,False,False,nan,nan,nan
v3_sc3_staging_04,L4,1,18,2.0,False,False,False,nan,nan,nan
v3_sc3_staging_04,L4,1,19,2.0,False,False,False,nan,nan,nan
v3_sc3_staging_04,L4,2,0,0.0,False,False,False,nan,nan,nan
v3_sc3_staging_04,L4,2,1,0.0,False,False,False,nan,nan,nan
v3_sc3_staging_04,L4,2,2,0.0,False,False,False,nan,nan,nan
v3_sc3_staging_04,L4,2,3,0.0,True,False,False,5.1334523779156065,0.1403124237432849,1.8048861143232222
v3_sc3_staging_04,L4,2,4,0.0,False,False,False,nan,nan,nan
v3_sc3_staging_04,L4,2,5,0.0,False,False,False,nan,nan,nan
v3_sc3_staging_04,L4,2,6,0.0,False,False,False,nan,nan,nan
v3_sc3_staging_04,L4,2,7,0.0,True,False,False,4.181370849898476,0.6423659658795864,2.1348624252510797
v3_sc3_staging_04,L4,2,8,0.0,False,False,False,nan,nan,nan
v3_sc3_staging_04,L4,2,9,0.0,False,False,False,nan,nan,nan
v3_sc3_staging_04,L4,2,10,0.0,True,False,True,4.757106781186548,1.0,1.6662179022434471
v3_sc3_staging_04,L4,2,11,0.0,True,False,False,6.295584412271571,0.3381527307120106,0.5606601717798214
v3_sc3_staging_04,L4,2,12,0.0,False,False,False,nan,nan,nan
v3_sc3_staging_04,L4,2,13,0.0,False,False,False,nan,nan,nan
v3_sc3_staging_04,L4,2,14,0.0,False,False,False,nan,nan,nan
v3_sc3_staging_04,L4,2,15,0.0,False,False,False,nan,nan,nan
v3_sc3_staging_04,L4,2,16,0.0,False,False,False,nan,nan,nan
v3_sc3_staging_04,L4,2,17,0.0,False,False,False,nan,nan,nan
v3_sc3_staging_04,L4,2,18,0.0,False,False,False,nan,nan,nan
v3_sc3_staging_04,L4,2,19,0.0,False,False,False,nan,nan,nan
v3_sc3_staging_04,L4,2,0,0.1,False,False,False,nan,nan,nan
v3_sc3_staging_04,L4,2,1,0.1,False,False,False,nan,nan,nan
v3_sc3_staging_04,L4,2,2,0.1,False,False,False,nan,nan,nan
v3_sc3_staging_04,L4,2,3,0.1,True,False,False,5.1334523779156065,0.1403124237432849,1.8048861143232222
v3_sc3_staging_04,L4,2,4,0.1,False,False,False,nan,nan,nan
v3_sc3_staging_04,L4,2,5,0.1,False,False,False,nan,nan,nan
v3_sc3_staging_04,L4,2,6,0.1,False,False,False,nan,nan,nan
v3_sc3_staging_04,L4,2,7,0.1,True,False,False,4.181370849898476,0.6423659658795864,2.1348624252510797
v3_sc3_staging_04,L4,2,8,0.1,False,False,False,nan,nan,nan
v3_sc3_staging_04,L4,2,9,0.1,False,False,False,nan,nan,nan
v3_sc3_staging_04,L4,2,10,0.1,True,False,True,4.757106781186548,1.0,1.6662179022434471
v3_sc3_staging_04,L4,2,11,0.1,True,False,False,6.295584412271571,0.3381527307120106,0.5606601717798214
v3_sc3_staging_04,L4,2,12,0.1,False,False,False,nan,nan,nan
v3_sc3_staging_04,L4,2,13,0.1,False,False,False,nan,nan,nan
v3_sc3_staging_04,L4,2,14,0.1,False,False,False,nan,nan,nan
v3_sc3_staging_04,L4,2,15,0.1,False,False,False,nan,nan,nan
v3_sc3_staging_04,L4,2,16,0.1,False,False,False,nan,nan,nan
v3_sc3_staging_04,L4,2,17,0.1,False,False,False,nan,nan,nan
v3_sc3_staging_04,L4,2,18,0.1,False,False,False,nan,nan,nan
v3_sc3_staging_04,L4,2,19,0.1,False,False,False,nan,nan,nan
v3_sc3_staging_04,L4,2,0,0.2,False,False,False,nan,nan,nan
v3_sc3_staging_04,L4,2,1,0.2,False,False,False,nan,nan,nan
v3_sc3_staging_04,L4,2,2,0.2,False,False,False,nan,nan,nan
v3_sc3_staging_04,L4,2,3,0.2,False,False,False,nan,nan,nan
v3_sc3_staging_04,L4,2,4,0.2,False,False,False,nan,nan,nan
v3_sc3_staging_04,L4,2,5,0.2,False,False,False,nan,nan,nan
v3_sc3_staging_04,L4,2,6,0.2,False,False,False,nan,nan,nan
v3_sc3_staging_04,L4,2,7,0.2,True,False,False,4.181370849898476,0.6423659658795864,2.1348624252510797
v3_sc3_staging_04,L4,2,8,0.2,False,False,False,nan,nan,nan
v3_sc3_staging_04,L4,2,9,0.2,False,False,False,nan,nan,nan
v3_sc3_staging_04,L4,2,10,0.2,True,False,True,4.757106781186548,1.0,1.6662179022434471
v3_sc3_staging_04,L4,2,11,0.2,True,False,False,6.295584412271571,0.3381527307120106,0.5606601717798214
v3_sc3_staging_04,L4,2,12,0.2,False,False,False,nan,nan,nan
v3_sc3_staging_04,L4,2,13,0.2,False,False,False,nan,nan,nan
v3_sc3_staging_04,L4,2,14,0.2,False,False,False,nan,nan,nan
v3_sc3_staging_04,L4,2,15,0.2,False,False,False,nan,nan,nan
v3_sc3_staging_04,L4,2,16,0.2,False,False,False,nan,nan,nan
v3_sc3_staging_04,L4,2,17,0.2,False,False,False,nan,nan,nan
v3_sc3_staging_04,L4,2,18,0.2,False,False,False,nan,nan,nan
v3_sc3_staging_04,L4,2,19,0.2,False,False,False,nan,nan,nan
v3_sc3_staging_04,L4,2,0,0.3,False,False,False,nan,nan,nan
v3_sc3_staging_04,L4,2,1,0.3,False,False,False,nan,nan,nan
v3_sc3_staging_04,L4,2,2,0.3,False,False,False,nan,nan,nan
v3_sc3_staging_04,L4,2,3,0.3,False,False,False,nan,nan,nan
v3_sc3_staging_04,L4,2,4,0.3,False,False,False,nan,nan,nan
v3_sc3_staging_04,L4,2,5,0.3,False,False,False,nan,nan,nan
v3_sc3_staging_04,L4,2,6,0.3,False,False,False,nan,nan,nan
v3_sc3_staging_04,L4,2,7,0.3,True,False,False,4.181370849898476,0.6423659658795864,2.1348624252510797
v3_sc3_staging_04,L4,2,8,0.3,False,False,False,nan,nan,nan
v3_sc3_staging_04,L4,2,9,0.3,False,False,False,nan,nan,nan
v3_sc3_staging_04,L4,2,10,0.3,True,False,True,4.757106781186548,1.0,1.6662179022434471
v3_sc3_staging_04,L4,2,11,0.3,True,False,False,6.295584412271571,0.3381527307120106,0.5606601717798214
v3_sc3_staging_04,L4,2,12,0.3,False,False,False,nan,nan,nan
v3_sc3_staging_04,L4,2,13,0.3,False,False,False,nan,nan,nan
v3_sc3_staging_04,L4,2,14,0.3,False,False,False,nan,nan,nan
v3_sc3_staging_04,L4,2,15,0.3,False,False,False,nan,nan,nan
v3_sc3_staging_04,L4,2,16,0.3,False,False,False,nan,nan,nan
v3_sc3_staging_04,L4,2,17,0.3,False,False,False,nan,nan,nan
v3_sc3_staging_04,L4,2,18,0.3,False,False,False,nan,nan,nan
v3_sc3_staging_04,L4,2,19,0.3,False,False,False,nan,nan,nan
v3_sc3_staging_04,L4,2,0,0.4,False,False,False,nan,nan,nan
v3_sc3_staging_04,L4,2,1,0.4,False,False,False,nan,nan,nan
v3_sc3_staging_04,L4,2,2,0.4,False,False,False,nan,nan,nan
v3_sc3_staging_04,L4,2,3,0.4,False,False,False,nan,nan,nan
v3_sc3_staging_04,L4,2,4,0.4,False,False,False,nan,nan,nan
v3_sc3_staging_04,L4,2,5,0.4,False,False,False,nan,nan,nan
v3_sc3_staging_04,L4,2,6,0.4,False,False,False,nan,nan,nan
v3_sc3_staging_04,L4,2,7,0.4,True,False,False,4.181370849898476,0.6423659658795864,2.1348624252510797
v3_sc3_staging_04,L4,2,8,0.4,False,False,False,nan,nan,nan
v3_sc3_staging_04,L4,2,9,0.4,False,False,False,nan,nan,nan
v3_sc3_staging_04,L4,2,10,0.4,True,False,True,4.757106781186548,1.0,1.6662179022434471
v3_sc3_staging_04,L4,2,11,0.4,True,False,False,6.324873734152916,0.4013878188659974,0.6045361017187261
v3_sc3_staging_04,L4,2,12,0.4,False,False,False,nan,nan,nan
v3_sc3_staging_04,L4,2,13,0.4,False,False,False,nan,nan,nan
v3_sc3_staging_04,L4,2,14,0.4,False,False,False,nan,nan,nan
v3_sc3_staging_04,L4,2,15,0.4,False,False,False,nan,nan,nan
v3_sc3_staging_04,L4,2,16,0.4,False,False,False,nan,nan,nan
v3_sc3_staging_04,L4,2,17,0.4,False,False,False,nan,nan,nan
v3_sc3_staging_04,L4,2,18,0.4,False,False,False,nan,nan,nan
v3_sc3_staging_04,L4,2,19,0.4,False,False,False,nan,nan,nan
v3_sc3_staging_04,L4,2,0,0.5,False,False,False,nan,nan,nan
v3_sc3_staging_04,L4,2,1,0.5,False,False,False,nan,nan,nan
v3_sc3_staging_04,L4,2,2,0.5,False,False,False,nan,nan,nan
v3_sc3_staging_04,L4,2,3,0.5,False,False,False,nan,nan,nan
v3_sc3_staging_04,L4,2,4,0.5,False,False,False,nan,nan,nan
v3_sc3_staging_04,L4,2,5,0.5,False,False,False,nan,nan,nan
v3_sc3_staging_04,L4,2,6,0.5,False,False,False,nan,nan,nan
v3_sc3_staging_04,L4,2,7,0.5,True,False,False,4.181370849898476,0.6423659658795864,2.1348624252510797
v3_sc3_staging_04,L4,2,8,0.5,False,False,False,nan,nan,nan
v3_sc3_staging_04,L4,2,9,0.5,False,False,False,nan,nan,nan
v3_sc3_staging_04,L4,2,10,0.5,True,False,True,4.757106781186548,1.0,1.6662179022434471
v3_sc3_staging_04,L4,2,11,0.5,False,False,False,nan,nan,nan
v3_sc3_staging_04,L4,2,12,0.5,False,False,False,nan,nan,nan
v3_sc3_staging_04,L4,2,13,0.5,False,False,False,nan,nan,nan
v3_sc3_staging_04,L4,2,14,0.5,False,False,False,nan,nan,nan
v3_sc3_staging_04,L4,2,15,0.5,False,False,False,nan,nan,nan
v3_sc3_staging_04,L4,2,16,0.5,False,False,False,nan,nan,nan
v3_sc3_staging_04,L4,2,17,0.5,False,False,False,nan,nan,nan
v3_sc3_staging_04,L4,2,18,0.5,False,False,False,nan,nan,nan
v3_sc3_staging_04,L4,2,19,0.5,False,False,False,nan,nan,nan
v3_sc3_staging_04,L4,2,0,0.6,False,False,False,nan,nan,nan
v3_sc3_staging_04,L4,2,1,0.6,False,False,False,nan,nan,nan
v3_sc3_staging_04,L4,2,2,0.6,False,False,False,nan,nan,nan
v3_sc3_staging_04,L4,2,3,0.6,False,False,False,nan,nan,nan
v3_sc3_staging_04,L4,2,4,0.6,False,False,False,nan,nan,nan
v3_sc3_staging_04,L4,2,5,0.6,False,False,False,nan,nan,nan
v3_sc3_staging_04,L4,2,6,0.6,False,False,False,nan,nan,nan
v3_sc3_staging_04,L4,2,7,0.6,True,False,False,4.181370849898476,0.6423659658795864,2.1348624252510797
v3_sc3_staging_04,L4,2,8,0.6,False,False,False,nan,nan,nan
v3_sc3_staging_04,L4,2,9,0.6,False,False,False,nan,nan,nan
v3_sc3_staging_04,L4,2,10,0.6,True,False,True,4.757106781186548,1.0,1.6662179022434471
v3_sc3_staging_04,L4,2,11,0.6,False,False,False,nan,nan,nan
v3_sc3_staging_04,L4,2,12,0.6,False,False,False,nan,nan,nan
v3_sc3_staging_04,L4,2,13,0.6,False,False,False,nan,nan,nan
v3_sc3_staging_04,L4,2,14,0.6,False,False,False,nan,nan,nan
v3_sc3_staging_04,L4,2,15,0.6,False,False,False,nan,nan,nan
v3_sc3_staging_04,L4,2,16,0.6,False,False,False,nan,nan,nan
v3_sc3_staging_04,L4,2,17,0.6,False,False,False,nan,nan,nan
v3_sc3_staging_04,L4,2,18,0.6,False,False,False,nan,nan,nan
v3_sc3_staging_04,L4,2,19,0.6,False,False,False,nan,nan,nan
v3_sc3_staging_04,L4,2,0,0.8,False,False,False,nan,nan,nan
v3_sc3_staging_04,L4,2,1,0.8,False,False,False,nan,nan,nan
v3_sc3_staging_04,L4,2,2,0.8,False,False,False,nan,nan,nan
v3_sc3_staging_04,L4,2,3,0.8,False,False,False,nan,nan,nan
v3_sc3_staging_04,L4,2,4,0.8,False,False,False,nan,nan,nan
v3_sc3_staging_04,L4,2,5,0.8,False,False,False,nan,nan,nan
v3_sc3_staging_04,L4,2,6,0.8,False,False,False,nan,nan,nan
v3_sc3_staging_04,L4,2,7,0.8,True,False,False,4.181370849898476,0.80384048104053,2.1348624252510797
v3_sc3_staging_04,L4,2,8,0.8,False,False,False,nan,nan,nan
v3_sc3_staging_04,L4,2,9,0.8,False,False,False,nan,nan,nan
v3_sc3_staging_04,L4,2,10,0.8,True,False,True,4.757106781186548,1.0,1.6662179022434471
v3_sc3_staging_04,L4,2,11,0.8,False,False,False,nan,nan,nan
v3_sc3_staging_04,L4,2,12,0.8,False,False,False,nan,nan,nan
v3_sc3_staging_04,L4,2,13,0.8,False,False,False,nan,nan,nan
v3_sc3_staging_04,L4,2,14,0.8,False,False,False,nan,nan,nan
v3_sc3_staging_04,L4,2,15,0.8,False,False,False,nan,nan,nan
v3_sc3_staging_04,L4,2,16,0.8,False,False,False,nan,nan,nan
v3_sc3_staging_04,L4,2,17,0.8,False,False,False,nan,nan,nan
v3_sc3_staging_04,L4,2,18,0.8,False,False,False,nan,nan,nan
v3_sc3_staging_04,L4,2,19,0.8,False,False,False,nan,nan,nan
v3_sc3_staging_04,L4,2,0,1.0,False,False,False,nan,nan,nan
v3_sc3_staging_04,L4,2,1,1.0,False,False,False,nan,nan,nan
v3_sc3_staging_04,L4,2,2,1.0,False,False,False,nan,nan,nan
v3_sc3_staging_04,L4,2,3,1.0,False,False,False,nan,nan,nan
v3_sc3_staging_04,L4,2,4,1.0,False,False,False,nan,nan,nan
v3_sc3_staging_04,L4,2,5,1.0,False,False,False,nan,nan,nan
v3_sc3_staging_04,L4,2,6,1.0,False,False,False,nan,nan,nan
v3_sc3_staging_04,L4,2,7,1.0,False,False,False,nan,nan,nan
v3_sc3_staging_04,L4,2,8,1.0,False,False,False,nan,nan,nan
v3_sc3_staging_04,L4,2,9,1.0,False,False,False,nan,nan,nan
v3_sc3_staging_04,L4,2,10,1.0,True,False,True,4.798528137423857,1.0008331019803636,1.6662179022434471
v3_sc3_staging_04,L4,2,11,1.0,False,False,False,nan,nan,nan
v3_sc3_staging_04,L4,2,12,1.0,False,False,False,nan,nan,nan
v3_sc3_staging_04,L4,2,13,1.0,False,False,False,nan,nan,nan
v3_sc3_staging_04,L4,2,14,1.0,False,False,False,nan,nan,nan
v3_sc3_staging_04,L4,2,15,1.0,False,False,False,nan,nan,nan
v3_sc3_staging_04,L4,2,16,1.0,False,False,False,nan,nan,nan
v3_sc3_staging_04,L4,2,17,1.0,False,False,False,nan,nan,nan
v3_sc3_staging_04,L4,2,18,1.0,False,False,False,nan,nan,nan
v3_sc3_staging_04,L4,2,19,1.0,False,False,False,nan,nan,nan
v3_sc3_staging_04,L4,2,0,1.25,False,False,False,nan,nan,nan
v3_sc3_staging_04,L4,2,1,1.25,False,False,False,nan,nan,nan
v3_sc3_staging_04,L4,2,2,1.25,False,False,False,nan,nan,nan
v3_sc3_staging_04,L4,2,3,1.25,False,False,False,nan,nan,nan
v3_sc3_staging_04,L4,2,4,1.25,False,False,False,nan,nan,nan
v3_sc3_staging_04,L4,2,5,1.25,False,False,False,nan,nan,nan
v3_sc3_staging_04,L4,2,6,1.25,False,False,False,nan,nan,nan
v3_sc3_staging_04,L4,2,7,1.25,False,False,False,nan,nan,nan
v3_sc3_staging_04,L4,2,8,1.25,False,False,False,nan,nan,nan
v3_sc3_staging_04,L4,2,9,1.25,False,False,False,nan,nan,nan
v3_sc3_staging_04,L4,2,10,1.25,False,False,False,nan,nan,nan
v3_sc3_staging_04,L4,2,11,1.25,False,False,False,nan,nan,nan
v3_sc3_staging_04,L4,2,12,1.25,False,False,False,nan,nan,nan
v3_sc3_staging_04,L4,2,13,1.25,False,False,False,nan,nan,nan
v3_sc3_staging_04,L4,2,14,1.25,False,False,False,nan,nan,nan
v3_sc3_staging_04,L4,2,15,1.25,False,False,False,nan,nan,nan
v3_sc3_staging_04,L4,2,16,1.25,False,False,False,nan,nan,nan
v3_sc3_staging_04,L4,2,17,1.25,False,False,False,nan,nan,nan
v3_sc3_staging_04,L4,2,18,1.25,False,False,False,nan,nan,nan
v3_sc3_staging_04,L4,2,19,1.25,False,False,False,nan,nan,nan
v3_sc3_staging_04,L4,2,0,1.5,False,False,False,nan,nan,nan
v3_sc3_staging_04,L4,2,1,1.5,False,False,False,nan,nan,nan
v3_sc3_staging_04,L4,2,2,1.5,False,False,False,nan,nan,nan
v3_sc3_staging_04,L4,2,3,1.5,False,False,False,nan,nan,nan
v3_sc3_staging_04,L4,2,4,1.5,False,False,False,nan,nan,nan
v3_sc3_staging_04,L4,2,5,1.5,False,False,False,nan,nan,nan
v3_sc3_staging_04,L4,2,6,1.5,False,False,False,nan,nan,nan
v3_sc3_staging_04,L4,2,7,1.5,False,False,False,nan,nan,nan
v3_sc3_staging_04,L4,2,8,1.5,False,False,False,nan,nan,nan
v3_sc3_staging_04,L4,2,9,1.5,False,False,False,nan,nan,nan
v3_sc3_staging_04,L4,2,10,1.5,False,False,False,nan,nan,nan
v3_sc3_staging_04,L4,2,11,1.5,False,False,False,nan,nan,nan
v3_sc3_staging_04,L4,2,12,1.5,False,False,False,nan,nan,nan
v3_sc3_staging_04,L4,2,13,1.5,False,False,False,nan,nan,nan
v3_sc3_staging_04,L4,2,14,1.5,False,False,False,nan,nan,nan
v3_sc3_staging_04,L4,2,15,1.5,False,False,False,nan,nan,nan
v3_sc3_staging_04,L4,2,16,1.5,False,False,False,nan,nan,nan
v3_sc3_staging_04,L4,2,17,1.5,False,False,False,nan,nan,nan
v3_sc3_staging_04,L4,2,18,1.5,False,False,False,nan,nan,nan
v3_sc3_staging_04,L4,2,19,1.5,False,False,False,nan,nan,nan
v3_sc3_staging_04,L4,2,0,2.0,False,False,False,nan,nan,nan
v3_sc3_staging_04,L4,2,1,2.0,False,False,False,nan,nan,nan
v3_sc3_staging_04,L4,2,2,2.0,False,False,False,nan,nan,nan
v3_sc3_staging_04,L4,2,3,2.0,False,False,False,nan,nan,nan
v3_sc3_staging_04,L4,2,4,2.0,False,False,False,nan,nan,nan
v3_sc3_staging_04,L4,2,5,2.0,False,False,False,nan,nan,nan
v3_sc3_staging_04,L4,2,6,2.0,False,False,False,nan,nan,nan
v3_sc3_staging_04,L4,2,7,2.0,False,False,False,nan,nan,nan
v3_sc3_staging_04,L4,2,8,2.0,False,False,False,nan,nan,nan
v3_sc3_staging_04,L4,2,9,2.0,False,False,False,nan,nan,nan
v3_sc3_staging_04,L4,2,10,2.0,False,False,False,nan,nan,nan
v3_sc3_staging_04,L4,2,11,2.0,False,False,False,nan,nan,nan
v3_sc3_staging_04,L4,2,12,2.0,False,False,False,nan,nan,nan
v3_sc3_staging_04,L4,2,13,2.0,False,False,False,nan,nan,nan
v3_sc3_staging_04,L4,2,14,2.0,False,False,False,nan,nan,nan
v3_sc3_staging_04,L4,2,15,2.0,False,False,False,nan,nan,nan
v3_sc3_staging_04,L4,2,16,2.0,False,False,False,nan,nan,nan
v3_sc3_staging_04,L4,2,17,2.0,False,False,False,nan,nan,nan
v3_sc3_staging_04,L4,2,18,2.0,False,False,False,nan,nan,nan
v3_sc3_staging_04,L4,2,19,2.0,False,False,False,nan,nan,nan
v3_sc3_staging_04,L4,3,0,0.0,False,False,False,nan,nan,nan
v3_sc3_staging_04,L4,3,1,0.0,False,False,False,nan,nan,nan
v3_sc3_staging_04,L4,3,2,0.0,False,False,False,nan,nan,nan
v3_sc3_staging_04,L4,3,3,0.0,False,False,False,nan,nan,nan
v3_sc3_staging_04,L4,3,4,0.0,True,False,False,5.526955262170048,0.002493781056044475,2.564718584144391
v3_sc3_staging_04,L4,3,5,0.0,False,False,False,nan,nan,nan
v3_sc3_staging_04,L4,3,6,0.0,False,False,False,nan,nan,nan
v3_sc3_staging_04,L4,3,7,0.0,False,False,False,nan,nan,nan
v3_sc3_staging_04,L4,3,8,0.0,False,False,False,nan,nan,nan
v3_sc3_staging_04,L4,3,9,0.0,False,False,False,nan,nan,nan
v3_sc3_staging_04,L4,3,10,0.0,True,False,True,4.845584412271571,0.8086252328302401,2.0238858928247927
v3_sc3_staging_04,L4,3,11,0.0,False,False,False,nan,nan,nan
v3_sc3_staging_04,L4,3,12,0.0,False,False,False,nan,nan,nan
v3_sc3_staging_04,L4,3,13,0.0,True,False,False,6.6097979746446685,0.002493781056044475,1.4448650338776723
v3_sc3_staging_04,L4,3,14,0.0,False,False,False,nan,nan,nan
v3_sc3_staging_04,L4,3,15,0.0,False,False,False,nan,nan,nan
v3_sc3_staging_04,L4,3,16,0.0,True,False,False,5.4234018715767744,0.002493781056044475,2.5955613384328213
v3_sc3_staging_04,L4,3,17,0.0,True,False,False,6.045584412271571,0.002493781056044475,0.8829316685939332
v3_sc3_staging_04,L4,3,18,0.0,True,False,False,4.607716446627535,0.014781507049350107,1.1124515496597098
v3_sc3_staging_04,L4,3,19,0.0,False,False,False,nan,nan,nan
v3_sc3_staging_04,L4,3,0,0.1,False,False,False,nan,nan,nan
v3_sc3_staging_04,L4,3,1,0.1,False,False,False,nan,nan,nan
v3_sc3_staging_04,L4,3,2,0.1,False,False,False,nan,nan,nan
v3_sc3_staging_04,L4,3,3,0.1,False,False,False,nan,nan,nan
v3_sc3_staging_04,L4,3,4,0.1,True,False,False,5.568376618407358,0.10000000000000009,2.564718584144391
v3_sc3_staging_04,L4,3,5,0.1,False,False,False,nan,nan,nan
v3_sc3_staging_04,L4,3,6,0.1,False,False,False,nan,nan,nan
v3_sc3_staging_04,L4,3,7,0.1,False,False,False,nan,nan,nan
v3_sc3_staging_04,L4,3,8,0.1,False,False,False,nan,nan,nan
v3_sc3_staging_04,L4,3,9,0.1,False,False,False,nan,nan,nan
v3_sc3_staging_04,L4,3,10,0.1,True,False,True,4.845584412271571,0.8086252328302401,2.0238858928247927
v3_sc3_staging_04,L4,3,11,0.1,False,False,False,nan,nan,nan
v3_sc3_staging_04,L4,3,12,0.1,False,False,False,nan,nan,nan
v3_sc3_staging_04,L4,3,13,0.1,True,False,False,6.70979797464467,0.10000000000000009,1.4448650338776723
v3_sc3_staging_04,L4,3,14,0.1,False,False,False,nan,nan,nan
v3_sc3_staging_04,L4,3,15,0.1,False,False,False,nan,nan,nan
v3_sc3_staging_04,L4,3,16,0.1,True,False,False,5.464823227814084,0.10000000000000009,2.5955613384328213
v3_sc3_staging_04,L4,3,17,0.1,True,False,False,6.145584412271571,0.10000000000000009,0.8829316685939332
v3_sc3_staging_04,L4,3,18,0.1,True,False,False,4.666295090390226,0.10207972893961481,1.1124515496597098
v3_sc3_staging_04,L4,3,19,0.1,False,False,False,nan,nan,nan
v3_sc3_staging_04,L4,3,0,0.2,False,False,False,nan,nan,nan
v3_sc3_staging_04,L4,3,1,0.2,False,False,False,nan,nan,nan
v3_sc3_staging_04,L4,3,2,0.2,False,False,False,nan,nan,nan
v3_sc3_staging_04,L4,3,3,0.2,False,False,False,nan,nan,nan
v3_sc3_staging_04,L4,3,4,0.2,True,False,False,5.651219330881976,0.20000000000000007,2.5793668180325646
v3_sc3_staging_04,L4,3,5,0.2,False,False,False,nan,nan,nan
v3_sc3_staging_04,L4,3,6,0.2,False,False,False,nan,nan,nan
v3_sc3_staging_04,L4,3,7,0.2,False,False,False,nan,nan,nan
v3_sc3_staging_04,L4,3,8,0.2,False,False,False,nan,nan,nan
v3_sc3_staging_04,L4,3,9,0.2,False,False,False,nan,nan,nan
v3_sc3_staging_04,L4,3,10,0.2,True,False,True,4.845584412271571,0.8086252328302401,2.0238858928247927
v3_sc3_staging_04,L4,3,11,0.2,False,False,False,nan,nan,nan
v3_sc3_staging_04,L4,3,12,0.2,False,False,False,nan,nan,nan
v3_sc3_staging_04,L4,3,13,0.2,True,False,False,6.880508652763322,0.20000000000000007,1.4448650338776723
v3_sc3_staging_04,L4,3,14,0.2,False,False,False,nan,nan,nan
v3_sc3_staging_04,L4,3,15,0.2,False,False,False,nan,nan,nan
v3_sc3_staging_04,L4,3,16,0.2,False,False,False,nan,nan,nan
v3_sc3_staging_04,L4,3,17,0.2,True,False,False,6.316295090390226,0.20000000000000007,0.8829316685939332
v3_sc3_staging_04,L4,3,18,0.2,True,False,False,4.754163056034262,0.20178344238090995,1.1124515496597098
v3_sc3_staging_04,L4,3,19,0.2,False,False,False,nan,nan,nan
v3_sc3_staging_04,L4,3,0,0.3,False,False,False,nan,nan,nan
v3_sc3_staging_04,L4,3,1,0.3,False,False,False,nan,nan,nan
v3_sc3_staging_04,L4,3,2,0.3,False,False,False,nan,nan,nan
v3_sc3_staging_04,L4,3,3,0.3,False,False,False,nan,nan,nan
v3_sc3_staging_04,L4,3,4,0.3,False,False,False,nan,nan,nan
v3_sc3_staging_04,L4,3,5,0.3,False,False,False,nan,nan,nan
v3_sc3_staging_04,L4,3,6,0.3,False,False,False,nan,nan,nan
v3_sc3_staging_04,L4,3,7,0.3,False,False,False,nan,nan,nan
v3_sc3_staging_04,L4,3,8,0.3,False,False,False,nan,nan,nan
v3_sc3_staging_04,L4,3,9,0.3,False,False,False,nan,nan,nan
v3_sc3_staging_04,L4,3,10,0.3,True,False,True,4.845584412271571,0.8086252328302401,2.0238858928247927
v3_sc3_staging_04,L4,3,11,0.3,False,False,False,nan,nan,nan
v3_sc3_staging_04,L4,3,12,0.3,False,False,False,nan,nan,nan
v3_sc3_staging_04,L4,3,13,0.3,False,False,False,nan,nan,nan
v3_sc3_staging_04,L4,3,14,0.3,False,False,False,nan,nan,nan
v3_sc3_staging_04,L4,3,15,0.3,False,False,False,nan,nan,nan
v3_sc3_staging_04,L4,3,16,0.3,False,False,False,nan,nan,nan
v3_sc3_staging_04,L4,3,17,0.3,False,False,False,nan,nan,nan
v3_sc3_staging_04,L4,3,18,0.3,False,False,False,nan,nan,nan
v3_sc3_staging_04,L4,3,19,0.3,False,False,False,nan,nan,nan
v3_sc3_staging_04,L4,3,0,0.4,False,False,False,nan,nan,nan
v3_sc3_staging_04,L4,3,1,0.4,False,False,False,nan,nan,nan
v3_sc3_staging_04,L4,3,2,0.4,False,False,False,nan,nan,nan
v3_sc3_staging_04,L4,3,3,0.4,False,False,False,nan,nan,nan
v3_sc3_staging_04,L4,3,4,0.4,False,False,False,nan,nan,nan
v3_sc3_staging_04,L4,3,5,0.4,False,False,False,nan,nan,nan
v3_sc3_staging_04,L4,3,6,0.4,False,False,False,nan,nan,nan
v3_sc3_staging_04,L4,3,7,0.4,False,False,False,nan,nan,nan
v3_sc3_staging_04,L4,3,8,0.4,False,False,False,nan,nan,nan
v3_sc3_staging_04,L4,3,9,0.4,False,False,False,nan,nan,nan
v3_sc3_staging_04,L4,3,10,0.4,True,False,True,4.845584412271571,0.8086252328302401,2.0238858928247927
v3_sc3_staging_04,L4,3,11,0.4,False,False,False,nan,nan,nan
v3_sc3_staging_04,L4,3,12,0.4,False,False,False,nan,nan,nan
v3_sc3_staging_04,L4,3,13,0.4,False,False,False,nan,nan,nan
v3_sc3_staging_04,L4,3,14,0.4,False,False,False,nan,nan,nan
v3_sc3_staging_04,L4,3,15,0.4,False,False,False,nan,nan,nan
v3_sc3_staging_04,L4,3,16,0.4,False,False,False,nan,nan,nan
v3_sc3_staging_04,L4,3,17,0.4,False,False,False,nan,nan,nan
v3_sc3_staging_04,L4,3,18,0.4,False,False,False,nan,nan,nan
v3_sc3_staging_04,L4,3,19,0.4,False,False,False,nan,nan,nan
v3_sc3_staging_04,L4,3,0,0.5,False,False,False,nan,nan,nan
v3_sc3_staging_04,L4,3,1,0.5,False,False,False,nan,nan,nan
v3_sc3_staging_04,L4,3,2,0.5,False,False,False,nan,nan,nan
v3_sc3_staging_04,L4,3,3,0.5,False,False,False,nan,nan,nan
v3_sc3_staging_04,L4,3,4,0.5,False,False,False,nan,nan,nan
v3_sc3_staging_04,L4,3,5,0.5,False,False,False,nan,nan,nan
v3_sc3_staging_04,L4,3,6,0.5,False,False,False,nan,nan,nan
v3_sc3_staging_04,L4,3,7,0.5,False,False,False,nan,nan,nan
v3_sc3_staging_04,L4,3,8,0.5,False,False,False,nan,nan,nan
v3_sc3_staging_04,L4,3,9,0.5,False,False,False,nan,nan,nan
v3_sc3_staging_04,L4,3,10,0.5,True,False,True,4.845584412271571,0.8086252328302401,2.0238858928247927
v3_sc3_staging_04,L4,3,11,0.5,False,False,False,nan,nan,nan
v3_sc3_staging_04,L4,3,12,0.5,False,False,False,nan,nan,nan
v3_sc3_staging_04,L4,3,13,0.5,False,False,False,nan,nan,nan
v3_sc3_staging_04,L4,3,14,0.5,False,False,False,nan,nan,nan
v3_sc3_staging_04,L4,3,15,0.5,False,False,False,nan,nan,nan
v3_sc3_staging_04,L4,3,16,0.5,False,False,False,nan,nan,nan
v3_sc3_staging_04,L4,3,17,0.5,False,False,False,nan,nan,nan
v3_sc3_staging_04,L4,3,18,0.5,False,False,False,nan,nan,nan
v3_sc3_staging_04,L4,3,19,0.5,False,False,False,nan,nan,nan
v3_sc3_staging_04,L4,3,0,0.6,False,False,False,nan,nan,nan
v3_sc3_staging_04,L4,3,1,0.6,False,False,False,nan,nan,nan
v3_sc3_staging_04,L4,3,2,0.6,False,False,False,nan,nan,nan
v3_sc3_staging_04,L4,3,3,0.6,False,False,False,nan,nan,nan
v3_sc3_staging_04,L4,3,4,0.6,False,False,False,nan,nan,nan
v3_sc3_staging_04,L4,3,5,0.6,False,False,False,nan,nan,nan
v3_sc3_staging_04,L4,3,6,0.6,False,False,False,nan,nan,nan
v3_sc3_staging_04,L4,3,7,0.6,False,False,False,nan,nan,nan
v3_sc3_staging_04,L4,3,8,0.6,False,False,False,nan,nan,nan
v3_sc3_staging_04,L4,3,9,0.6,False,False,False,nan,nan,nan
v3_sc3_staging_04,L4,3,10,0.6,True,False,True,4.845584412271571,0.8086252328302401,2.0238858928247927
v3_sc3_staging_04,L4,3,11,0.6,False,False,False,nan,nan,nan
v3_sc3_staging_04,L4,3,12,0.6,False,False,False,nan,nan,nan
v3_sc3_staging_04,L4,3,13,0.6,False,False,False,nan,nan,nan
v3_sc3_staging_04,L4,3,14,0.6,False,False,False,nan,nan,nan
v3_sc3_staging_04,L4,3,15,0.6,False,False,False,nan,nan,nan
v3_sc3_staging_04,L4,3,16,0.6,False,False,False,nan,nan,nan
v3_sc3_staging_04,L4,3,17,0.6,False,False,False,nan,nan,nan
v3_sc3_staging_04,L4,3,18,0.6,False,False,False,nan,nan,nan
v3_sc3_staging_04,L4,3,19,0.6,False,False,False,nan,nan,nan
v3_sc3_staging_04,L4,3,0,0.8,False,False,False,nan,nan,nan
v3_sc3_staging_04,L4,3,1,0.8,False,False,False,nan,nan,nan
v3_sc3_staging_04,L4,3,2,0.8,False,False,False,nan,nan,nan
v3_sc3_staging_04,L4,3,3,0.8,False,False,False,nan,nan,nan
v3_sc3_staging_04,L4,3,4,0.8,False,False,False,nan,nan,nan
v3_sc3_staging_04,L4,3,5,0.8,False,False,False,nan,nan,nan
v3_sc3_staging_04,L4,3,6,0.8,False,False,False,nan,nan,nan
v3_sc3_staging_04,L4,3,7,0.8,False,False,False,nan,nan,nan
v3_sc3_staging_04,L4,3,8,0.8,False,False,False,nan,nan,nan
v3_sc3_staging_04,L4,3,9,0.8,False,False,False,nan,nan,nan
v3_sc3_staging_04,L4,3,10,0.8,True,False,True,4.845584412271571,0.8086252328302401,2.0238858928247927
v3_sc3_staging_04,L4,3,11,0.8,False,False,False,nan,nan,nan
v3_sc3_staging_04,L4,3,12,0.8,False,False,False,nan,nan,nan
v3_sc3_staging_04,L4,3,13,0.8,False,False,False,nan,nan,nan
v3_sc3_staging_04,L4,3,14,0.8,False,False,False,nan,nan,nan
v3_sc3_staging_04,L4,3,15,0.8,False,False,False,nan,nan,nan
v3_sc3_staging_04,L4,3,16,0.8,False,False,False,nan,nan,nan
v3_sc3_staging_04,L4,3,17,0.8,False,False,False,nan,nan,nan
v3_sc3_staging_04,L4,3,18,0.8,False,False,False,nan,nan,nan
v3_sc3_staging_04,L4,3,19,0.8,False,False,False,nan,nan,nan
v3_sc3_staging_04,L4,3,0,1.0,False,False,False,nan,nan,nan
v3_sc3_staging_04,L4,3,1,1.0,False,False,False,nan,nan,nan
v3_sc3_staging_04,L4,3,2,1.0,False,False,False,nan,nan,nan
v3_sc3_staging_04,L4,3,3,1.0,False,False,False,nan,nan,nan
v3_sc3_staging_04,L4,3,4,1.0,False,False,False,nan,nan,nan
v3_sc3_staging_04,L4,3,5,1.0,False,False,False,nan,nan,nan
v3_sc3_staging_04,L4,3,6,1.0,False,False,False,nan,nan,nan
v3_sc3_staging_04,L4,3,7,1.0,False,False,False,nan,nan,nan
v3_sc3_staging_04,L4,3,8,1.0,False,False,False,nan,nan,nan
v3_sc3_staging_04,L4,3,9,1.0,False,False,False,nan,nan,nan
v3_sc3_staging_04,L4,3,10,1.0,False,False,False,nan,nan,nan
v3_sc3_staging_04,L4,3,11,1.0,False,False,False,nan,nan,nan
v3_sc3_staging_04,L4,3,12,1.0,False,False,False,nan,nan,nan
v3_sc3_staging_04,L4,3,13,1.0,False,False,False,nan,nan,nan
v3_sc3_staging_04,L4,3,14,1.0,False,False,False,nan,nan,nan
v3_sc3_staging_04,L4,3,15,1.0,False,False,False,nan,nan,nan
v3_sc3_staging_04,L4,3,16,1.0,False,False,False,nan,nan,nan
v3_sc3_staging_04,L4,3,17,1.0,False,False,False,nan,nan,nan
v3_sc3_staging_04,L4,3,18,1.0,False,False,False,nan,nan,nan
v3_sc3_staging_04,L4,3,19,1.0,False,False,False,nan,nan,nan
v3_sc3_staging_04,L4,3,0,1.25,False,False,False,nan,nan,nan
v3_sc3_staging_04,L4,3,1,1.25,False,False,False,nan,nan,nan
v3_sc3_staging_04,L4,3,2,1.25,False,False,False,nan,nan,nan
v3_sc3_staging_04,L4,3,3,1.25,False,False,False,nan,nan,nan
v3_sc3_staging_04,L4,3,4,1.25,False,False,False,nan,nan,nan
v3_sc3_staging_04,L4,3,5,1.25,False,False,False,nan,nan,nan
v3_sc3_staging_04,L4,3,6,1.25,False,False,False,nan,nan,nan
v3_sc3_staging_04,L4,3,7,1.25,False,False,False,nan,nan,nan
v3_sc3_staging_04,L4,3,8,1.25,False,False,False,nan,nan,nan
v3_sc3_staging_04,L4,3,9,1.25,False,False,False,nan,nan,nan
v3_sc3_staging_04,L4,3,10,1.25,False,False,False,nan,nan,nan
v3_sc3_staging_04,L4,3,11,1.25,False,False,False,nan,nan,nan
v3_sc3_staging_04,L4,3,12,1.25,False,False,False,nan,nan,nan
v3_sc3_staging_04,L4,3,13,1.25,False,False,False,nan,nan,nan
v3_sc3_staging_04,L4,3,14,1.25,False,False,False,nan,nan,nan
v3_sc3_staging_04,L4,3,15,1.25,False,False,False,nan,nan,nan
v3_sc3_staging_04,L4,3,16,1.25,False,False,False,nan,nan,nan
v3_sc3_staging_04,L4,3,17,1.25,False,False,False,nan,nan,nan
v3_sc3_staging_04,L4,3,18,1.25,False,False,False,nan,nan,nan
v3_sc3_staging_04,L4,3,19,1.25,False,False,False,nan,nan,nan
v3_sc3_staging_04,L4,3,0,1.5,False,False,False,nan,nan,nan
v3_sc3_staging_04,L4,3,1,1.5,False,False,False,nan,nan,nan
v3_sc3_staging_04,L4,3,2,1.5,False,False,False,nan,nan,nan
v3_sc3_staging_04,L4,3,3,1.5,False,False,False,nan,nan,nan
v3_sc3_staging_04,L4,3,4,1.5,False,False,False,nan,nan,nan
v3_sc3_staging_04,L4,3,5,1.5,False,False,False,nan,nan,nan
v3_sc3_staging_04,L4,3,6,1.5,False,False,False,nan,nan,nan
v3_sc3_staging_04,L4,3,7,1.5,False,False,False,nan,nan,nan
v3_sc3_staging_04,L4,3,8,1.5,False,False,False,nan,nan,nan
v3_sc3_staging_04,L4,3,9,1.5,False,False,False,nan,nan,nan
v3_sc3_staging_04,L4,3,10,1.5,False,False,False,nan,nan,nan
v3_sc3_staging_04,L4,3,11,1.5,False,False,False,nan,nan,nan
v3_sc3_staging_04,L4,3,12,1.5,False,False,False,nan,nan,nan
v3_sc3_staging_04,L4,3,13,1.5,False,False,False,nan,nan,nan
v3_sc3_staging_04,L4,3,14,1.5,False,False,False,nan,nan,nan
v3_sc3_staging_04,L4,3,15,1.5,False,False,False,nan,nan,nan
v3_sc3_staging_04,L4,3,16,1.5,False,False,False,nan,nan,nan
v3_sc3_staging_04,L4,3,17,1.5,False,False,False,nan,nan,nan
v3_sc3_staging_04,L4,3,18,1.5,False,False,False,nan,nan,nan
v3_sc3_staging_04,L4,3,19,1.5,False,False,False,nan,nan,nan
v3_sc3_staging_04,L4,3,0,2.0,False,False,False,nan,nan,nan
v3_sc3_staging_04,L4,3,1,2.0,False,False,False,nan,nan,nan
v3_sc3_staging_04,L4,3,2,2.0,False,False,False,nan,nan,nan
v3_sc3_staging_04,L4,3,3,2.0,False,False,False,nan,nan,nan
v3_sc3_staging_04,L4,3,4,2.0,False,False,False,nan,nan,nan
v3_sc3_staging_04,L4,3,5,2.0,False,False,False,nan,nan,nan
v3_sc3_staging_04,L4,3,6,2.0,False,False,False,nan,nan,nan
v3_sc3_staging_04,L4,3,7,2.0,False,False,False,nan,nan,nan
v3_sc3_staging_04,L4,3,8,2.0,False,False,False,nan,nan,nan
v3_sc3_staging_04,L4,3,9,2.0,False,False,False,nan,nan,nan
v3_sc3_staging_04,L4,3,10,2.0,False,False,False,nan,nan,nan
v3_sc3_staging_04,L4,3,11,2.0,False,False,False,nan,nan,nan
v3_sc3_staging_04,L4,3,12,2.0,False,False,False,nan,nan,nan
v3_sc3_staging_04,L4,3,13,2.0,False,False,False,nan,nan,nan
v3_sc3_staging_04,L4,3,14,2.0,False,False,False,nan,nan,nan
v3_sc3_staging_04,L4,3,15,2.0,False,False,False,nan,nan,nan
v3_sc3_staging_04,L4,3,16,2.0,False,False,False,nan,nan,nan
v3_sc3_staging_04,L4,3,17,2.0,False,False,False,nan,nan,nan
v3_sc3_staging_04,L4,3,18,2.0,False,False,False,nan,nan,nan
v3_sc3_staging_04,L4,3,19,2.0,False,False,False,nan,nan,nan
v3_sc3_staging_04,L4,4,0,0.0,False,False,False,nan,nan,nan
v3_sc3_staging_04,L4,4,1,0.0,False,False,False,nan,nan,nan
v3_sc3_staging_04,L4,4,2,0.0,False,False,False,nan,nan,nan
v3_sc3_staging_04,L4,4,3,0.0,True,False,False,4.914213562373096,0.3062257748298549,2.510398644698074
v3_sc3_staging_04,L4,4,4,0.0,False,False,False,nan,nan,nan
v3_sc3_staging_04,L4,4,5,0.0,False,False,False,nan,nan,nan
v3_sc3_staging_04,L4,4,6,0.0,False,False,False,nan,nan,nan
v3_sc3_staging_04,L4,4,7,0.0,True,False,False,4.086396103067893,0.8647344063956182,2.7039038687201593
v3_sc3_staging_04,L4,4,8,0.0,False,False,False,nan,nan,nan
v3_sc3_staging_04,L4,4,9,0.0,False,False,False,nan,nan,nan
v3_sc3_staging_04,L4,4,10,0.0,False,False,False,nan,nan,nan
v3_sc3_staging_04,L4,4,11,0.0,True,False,False,5.914213562373096,0.8500000000000001,1.5024984394500787
v3_sc3_staging_04,L4,4,12,0.0,False,False,False,nan,nan,nan
v3_sc3_staging_04,L4,4,13,0.0,False,False,False,nan,nan,nan
v3_sc3_staging_04,L4,4,14,0.0,False,False,False,nan,nan,nan
v3_sc3_staging_04,L4,4,15,0.0,False,False,False,nan,nan,nan
v3_sc3_staging_04,L4,4,16,0.0,False,False,False,nan,nan,nan
v3_sc3_staging_04,L4,4,17,0.0,False,False,False,nan,nan,nan
v3_sc3_staging_04,L4,4,18,0.0,False,False,False,nan,nan,nan
v3_sc3_staging_04,L4,4,19,0.0,False,False,False,nan,nan,nan
v3_sc3_staging_04,L4,4,0,0.1,False,False,False,nan,nan,nan
v3_sc3_staging_04,L4,4,1,0.1,False,False,False,nan,nan,nan
v3_sc3_staging_04,L4,4,2,0.1,False,False,False,nan,nan,nan
v3_sc3_staging_04,L4,4,3,0.1,True,False,False,4.914213562373096,0.3062257748298549,2.510398644698074
v3_sc3_staging_04,L4,4,4,0.1,False,False,False,nan,nan,nan
v3_sc3_staging_04,L4,4,5,0.1,False,False,False,nan,nan,nan
v3_sc3_staging_04,L4,4,6,0.1,False,False,False,nan,nan,nan
v3_sc3_staging_04,L4,4,7,0.1,True,False,False,4.086396103067893,0.8647344063956182,2.7039038687201593
v3_sc3_staging_04,L4,4,8,0.1,False,False,False,nan,nan,nan
v3_sc3_staging_04,L4,4,9,0.1,False,False,False,nan,nan,nan
v3_sc3_staging_04,L4,4,10,0.1,False,False,False,nan,nan,nan
v3_sc3_staging_04,L4,4,11,0.1,True,False,False,5.914213562373096,0.8500000000000001,1.5024984394500787
v3_sc3_staging_04,L4,4,12,0.1,False,False,False,nan,nan,nan
v3_sc3_staging_04,L4,4,13,0.1,False,False,False,nan,nan,nan
v3_sc3_staging_04,L4,4,14,0.1,False,False,False,nan,nan,nan
v3_sc3_staging_04,L4,4,15,0.1,False,False,False,nan,nan,nan
v3_sc3_staging_04,L4,4,16,0.1,False,False,False,nan,nan,nan
v3_sc3_staging_04,L4,4,17,0.1,False,False,False,nan,nan,nan
v3_sc3_staging_04,L4,4,18,0.1,False,False,False,nan,nan,nan
v3_sc3_staging_04,L4,4,19,0.1,False,False,False,nan,nan,nan
v3_sc3_staging_04,L4,4,0,0.2,False,False,False,nan,nan,nan
v3_sc3_staging_04,L4,4,1,0.2,False,False,False,nan,nan,nan
v3_sc3_staging_04,L4,4,2,0.2,False,False,False,nan,nan,nan
v3_sc3_staging_04,L4,4,3,0.2,True,False,False,4.914213562373096,0.3062257748298549,2.510398644698074
v3_sc3_staging_04,L4,4,4,0.2,False,False,False,nan,nan,nan
v3_sc3_staging_04,L4,4,5,0.2,False,False,False,nan,nan,nan
v3_sc3_staging_04,L4,4,6,0.2,False,False,False,nan,nan,nan
v3_sc3_staging_04,L4,4,7,0.2,True,False,False,4.086396103067893,0.8647344063956182,2.7039038687201593
v3_sc3_staging_04,L4,4,8,0.2,False,False,False,nan,nan,nan
v3_sc3_staging_04,L4,4,9,0.2,False,False,False,nan,nan,nan
v3_sc3_staging_04,L4,4,10,0.2,False,False,False,nan,nan,nan
v3_sc3_staging_04,L4,4,11,0.2,True,False,False,5.914213562373096,0.8500000000000001,1.5024984394500787
v3_sc3_staging_04,L4,4,12,0.2,False,False,False,nan,nan,nan
v3_sc3_staging_04,L4,4,13,0.2,False,False,False,nan,nan,nan
v3_sc3_staging_04,L4,4,14,0.2,False,False,False,nan,nan,nan
v3_sc3_staging_04,L4,4,15,0.2,False,False,False,nan,nan,nan
v3_sc3_staging_04,L4,4,16,0.2,False,False,False,nan,nan,nan
v3_sc3_staging_04,L4,4,17,0.2,False,False,False,nan,nan,nan
v3_sc3_staging_04,L4,4,18,0.2,False,False,False,nan,nan,nan
v3_sc3_staging_04,L4,4,19,0.2,False,False,False,nan,nan,nan
v3_sc3_staging_04,L4,4,0,0.3,False,False,False,nan,nan,nan
v3_sc3_staging_04,L4,4,1,0.3,False,False,False,nan,nan,nan
v3_sc3_staging_04,L4,4,2,0.3,False,False,False,nan,nan,nan
v3_sc3_staging_04,L4,4,3,0.3,True,False,False,4.914213562373096,0.3062257748298549,2.510398644698074
v3_sc3_staging_04,L4,4,4,0.3,False,False,False,nan,nan,nan
v3_sc3_staging_04,L4,4,5,0.3,False,False,False,nan,nan,nan
v3_sc3_staging_04,L4,4,6,0.3,False,False,False,nan,nan,nan
v3_sc3_staging_04,L4,4,7,0.3,True,False,False,4.086396103067893,0.8647344063956182,2.7039038687201593
v3_sc3_staging_04,L4,4,8,0.3,False,False,False,nan,nan,nan
v3_sc3_staging_04,L4,4,9,0.3,False,False,False,nan,nan,nan
v3_sc3_staging_04,L4,4,10,0.3,False,False,False,nan,nan,nan
v3_sc3_staging_04,L4,4,11,0.3,True,False,False,5.914213562373096,0.8500000000000001,1.5024984394500787
v3_sc3_staging_04,L4,4,12,0.3,False,False,False,nan,nan,nan
v3_sc3_staging_04,L4,4,13,0.3,False,False,False,nan,nan,nan
v3_sc3_staging_04,L4,4,14,0.3,False,False,False,nan,nan,nan
v3_sc3_staging_04,L4,4,15,0.3,False,False,False,nan,nan,nan
v3_sc3_staging_04,L4,4,16,0.3,False,False,False,nan,nan,nan
v3_sc3_staging_04,L4,4,17,0.3,False,False,False,nan,nan,nan
v3_sc3_staging_04,L4,4,18,0.3,False,False,False,nan,nan,nan
v3_sc3_staging_04,L4,4,19,0.3,False,False,False,nan,nan,nan
v3_sc3_staging_04,L4,4,0,0.4,False,False,False,nan,nan,nan
v3_sc3_staging_04,L4,4,1,0.4,False,False,False,nan,nan,nan
v3_sc3_staging_04,L4,4,2,0.4,False,False,False,nan,nan,nan
v3_sc3_staging_04,L4,4,3,0.4,False,False,False,nan,nan,nan
v3_sc3_staging_04,L4,4,4,0.4,False,False,False,nan,nan,nan
v3_sc3_staging_04,L4,4,5,0.4,False,False,False,nan,nan,nan
v3_sc3_staging_04,L4,4,6,0.4,False,False,False,nan,nan,nan
v3_sc3_staging_04,L4,4,7,0.4,True,False,False,4.086396103067893,0.8647344063956182,2.7039038687201593
v3_sc3_staging_04,L4,4,8,0.4,False,False,False,nan,nan,nan
v3_sc3_staging_04,L4,4,9,0.4,False,False,False,nan,nan,nan
v3_sc3_staging_04,L4,4,10,0.4,False,False,False,nan,nan,nan
v3_sc3_staging_04,L4,4,11,0.4,True,False,False,5.914213562373096,0.8500000000000001,1.5024984394500787
v3_sc3_staging_04,L4,4,12,0.4,False,False,False,nan,nan,nan
v3_sc3_staging_04,L4,4,13,0.4,False,False,False,nan,nan,nan
v3_sc3_staging_04,L4,4,14,0.4,False,False,False,nan,nan,nan
v3_sc3_staging_04,L4,4,15,0.4,False,False,False,nan,nan,nan
v3_sc3_staging_04,L4,4,16,0.4,False,False,False,nan,nan,nan
v3_sc3_staging_04,L4,4,17,0.4,False,False,False,nan,nan,nan
v3_sc3_staging_04,L4,4,18,0.4,False,False,False,nan,nan,nan
v3_sc3_staging_04,L4,4,19,0.4,False,False,False,nan,nan,nan
v3_sc3_staging_04,L4,4,0,0.5,False,False,False,nan,nan,nan
v3_sc3_staging_04,L4,4,1,0.5,False,False,False,nan,nan,nan
v3_sc3_staging_04,L4,4,2,0.5,False,False,False,nan,nan,nan
v3_sc3_staging_04,L4,4,3,0.5,False,False,False,nan,nan,nan
v3_sc3_staging_04,L4,4,4,0.5,False,False,False,nan,nan,nan
v3_sc3_staging_04,L4,4,5,0.5,False,False,False,nan,nan,nan
v3_sc3_staging_04,L4,4,6,0.5,False,False,False,nan,nan,nan
v3_sc3_staging_04,L4,4,7,0.5,True,False,False,4.086396103067893,0.8647344063956182,2.7039038687201593
v3_sc3_staging_04,L4,4,8,0.5,False,False,False,nan,nan,nan
v3_sc3_staging_04,L4,4,9,0.5,False,False,False,nan,nan,nan
v3_sc3_staging_04,L4,4,10,0.5,False,False,False,nan,nan,nan
v3_sc3_staging_04,L4,4,11,0.5,True,False,False,5.914213562373096,0.8500000000000001,1.5024984394500787
v3_sc3_staging_04,L4,4,12,0.5,False,False,False,nan,nan,nan
v3_sc3_staging_04,L4,4,13,0.5,False,False,False,nan,nan,nan
v3_sc3_staging_04,L4,4,14,0.5,False,False,False,nan,nan,nan
v3_sc3_staging_04,L4,4,15,0.5,False,False,False,nan,nan,nan
v3_sc3_staging_04,L4,4,16,0.5,False,False,False,nan,nan,nan
v3_sc3_staging_04,L4,4,17,0.5,False,False,False,nan,nan,nan
v3_sc3_staging_04,L4,4,18,0.5,False,False,False,nan,nan,nan
v3_sc3_staging_04,L4,4,19,0.5,False,False,False,nan,nan,nan
v3_sc3_staging_04,L4,4,0,0.6,False,False,False,nan,nan,nan
v3_sc3_staging_04,L4,4,1,0.6,False,False,False,nan,nan,nan
v3_sc3_staging_04,L4,4,2,0.6,False,False,False,nan,nan,nan
v3_sc3_staging_04,L4,4,3,0.6,False,False,False,nan,nan,nan
v3_sc3_staging_04,L4,4,4,0.6,False,False,False,nan,nan,nan
v3_sc3_staging_04,L4,4,5,0.6,False,False,False,nan,nan,nan
v3_sc3_staging_04,L4,4,6,0.6,False,False,False,nan,nan,nan
v3_sc3_staging_04,L4,4,7,0.6,True,False,False,4.086396103067893,0.8647344063956182,2.7039038687201593
v3_sc3_staging_04,L4,4,8,0.6,False,False,False,nan,nan,nan
v3_sc3_staging_04,L4,4,9,0.6,False,False,False,nan,nan,nan
v3_sc3_staging_04,L4,4,10,0.6,False,False,False,nan,nan,nan
v3_sc3_staging_04,L4,4,11,0.6,True,False,False,5.914213562373096,0.8500000000000001,1.5024984394500787
v3_sc3_staging_04,L4,4,12,0.6,False,False,False,nan,nan,nan
v3_sc3_staging_04,L4,4,13,0.6,False,False,False,nan,nan,nan
v3_sc3_staging_04,L4,4,14,0.6,False,False,False,nan,nan,nan
v3_sc3_staging_04,L4,4,15,0.6,False,False,False,nan,nan,nan
v3_sc3_staging_04,L4,4,16,0.6,False,False,False,nan,nan,nan
v3_sc3_staging_04,L4,4,17,0.6,False,False,False,nan,nan,nan
v3_sc3_staging_04,L4,4,18,0.6,False,False,False,nan,nan,nan
v3_sc3_staging_04,L4,4,19,0.6,False,False,False,nan,nan,nan
v3_sc3_staging_04,L4,4,0,0.8,False,False,False,nan,nan,nan
v3_sc3_staging_04,L4,4,1,0.8,False,False,False,nan,nan,nan
v3_sc3_staging_04,L4,4,2,0.8,False,False,False,nan,nan,nan
v3_sc3_staging_04,L4,4,3,0.8,False,False,False,nan,nan,nan
v3_sc3_staging_04,L4,4,4,0.8,False,False,False,nan,nan,nan
v3_sc3_staging_04,L4,4,5,0.8,False,False,False,nan,nan,nan
v3_sc3_staging_04,L4,4,6,0.8,False,False,False,nan,nan,nan
v3_sc3_staging_04,L4,4,7,0.8,True,False,False,4.086396103067893,0.8647344063956182,2.7039038687201593
v3_sc3_staging_04,L4,4,8,0.8,False,False,False,nan,nan,nan
v3_sc3_staging_04,L4,4,9,0.8,False,False,False,nan,nan,nan
v3_sc3_staging_04,L4,4,10,0.8,False,False,False,nan,nan,nan
v3_sc3_staging_04,L4,4,11,0.8,True,False,False,5.914213562373096,0.8500000000000001,1.5024984394500787
v3_sc3_staging_04,L4,4,12,0.8,False,False,False,nan,nan,nan
v3_sc3_staging_04,L4,4,13,0.8,False,False,False,nan,nan,nan
v3_sc3_staging_04,L4,4,14,0.8,False,False,False,nan,nan,nan
v3_sc3_staging_04,L4,4,15,0.8,False,False,False,nan,nan,nan
v3_sc3_staging_04,L4,4,16,0.8,False,False,False,nan,nan,nan
v3_sc3_staging_04,L4,4,17,0.8,False,False,False,nan,nan,nan
v3_sc3_staging_04,L4,4,18,0.8,False,False,False,nan,nan,nan
v3_sc3_staging_04,L4,4,19,0.8,False,False,False,nan,nan,nan
v3_sc3_staging_04,L4,4,0,1.0,False,False,False,nan,nan,nan
v3_sc3_staging_04,L4,4,1,1.0,False,False,False,nan,nan,nan
v3_sc3_staging_04,L4,4,2,1.0,False,False,False,nan,nan,nan
v3_sc3_staging_04,L4,4,3,1.0,False,False,False,nan,nan,nan
v3_sc3_staging_04,L4,4,4,1.0,False,False,False,nan,nan,nan
v3_sc3_staging_04,L4,4,5,1.0,False,False,False,nan,nan,nan
v3_sc3_staging_04,L4,4,6,1.0,False,False,False,nan,nan,nan
v3_sc3_staging_04,L4,4,7,1.0,True,False,False,4.0863961030678935,1.0041608956491324,2.7893768406797053
v3_sc3_staging_04,L4,4,8,1.0,False,False,False,nan,nan,nan
v3_sc3_staging_04,L4,4,9,1.0,False,False,False,nan,nan,nan
v3_sc3_staging_04,L4,4,10,1.0,False,False,False,nan,nan,nan
v3_sc3_staging_04,L4,4,11,1.0,True,False,False,6.038477631085024,1.0008331019803636,1.5024984394500787
v3_sc3_staging_04,L4,4,12,1.0,False,False,False,nan,nan,nan
v3_sc3_staging_04,L4,4,13,1.0,False,False,False,nan,nan,nan
v3_sc3_staging_04,L4,4,14,1.0,False,False,False,nan,nan,nan
v3_sc3_staging_04,L4,4,15,1.0,False,False,False,nan,nan,nan
v3_sc3_staging_04,L4,4,16,1.0,False,False,False,nan,nan,nan
v3_sc3_staging_04,L4,4,17,1.0,False,False,False,nan,nan,nan
v3_sc3_staging_04,L4,4,18,1.0,False,False,False,nan,nan,nan
v3_sc3_staging_04,L4,4,19,1.0,False,False,False,nan,nan,nan
v3_sc3_staging_04,L4,4,0,1.25,False,False,False,nan,nan,nan
v3_sc3_staging_04,L4,4,1,1.25,False,False,False,nan,nan,nan
v3_sc3_staging_04,L4,4,2,1.25,False,False,False,nan,nan,nan
v3_sc3_staging_04,L4,4,3,1.25,False,False,False,nan,nan,nan
v3_sc3_staging_04,L4,4,4,1.25,False,False,False,nan,nan,nan
v3_sc3_staging_04,L4,4,5,1.25,False,False,False,nan,nan,nan
v3_sc3_staging_04,L4,4,6,1.25,False,False,False,nan,nan,nan
v3_sc3_staging_04,L4,4,7,1.25,False,False,False,nan,nan,nan
v3_sc3_staging_04,L4,4,8,1.25,False,False,False,nan,nan,nan
v3_sc3_staging_04,L4,4,9,1.25,False,False,False,nan,nan,nan
v3_sc3_staging_04,L4,4,10,1.25,False,False,False,nan,nan,nan
v3_sc3_staging_04,L4,4,11,1.25,False,False,False,nan,nan,nan
v3_sc3_staging_04,L4,4,12,1.25,False,False,False,nan,nan,nan
v3_sc3_staging_04,L4,4,13,1.25,False,False,False,nan,nan,nan
v3_sc3_staging_04,L4,4,14,1.25,False,False,False,nan,nan,nan
v3_sc3_staging_04,L4,4,15,1.25,False,False,False,nan,nan,nan
v3_sc3_staging_04,L4,4,16,1.25,False,False,False,nan,nan,nan
v3_sc3_staging_04,L4,4,17,1.25,False,False,False,nan,nan,nan
v3_sc3_staging_04,L4,4,18,1.25,False,False,False,nan,nan,nan
v3_sc3_staging_04,L4,4,19,1.25,False,False,False,nan,nan,nan
v3_sc3_staging_04,L4,4,0,1.5,False,False,False,nan,nan,nan
v3_sc3_staging_04,L4,4,1,1.5,False,False,False,nan,nan,nan
v3_sc3_staging_04,L4,4,2,1.5,False,False,False,nan,nan,nan
v3_sc3_staging_04,L4,4,3,1.5,False,False,False,nan,nan,nan
v3_sc3_staging_04,L4,4,4,1.5,False,False,False,nan,nan,nan
v3_sc3_staging_04,L4,4,5,1.5,False,False,False,nan,nan,nan
v3_sc3_staging_04,L4,4,6,1.5,False,False,False,nan,nan,nan
v3_sc3_staging_04,L4,4,7,1.5,False,False,False,nan,nan,nan
v3_sc3_staging_04,L4,4,8,1.5,False,False,False,nan,nan,nan
v3_sc3_staging_04,L4,4,9,1.5,False,False,False,nan,nan,nan
v3_sc3_staging_04,L4,4,10,1.5,False,False,False,nan,nan,nan
v3_sc3_staging_04,L4,4,11,1.5,False,False,False,nan,nan,nan
v3_sc3_staging_04,L4,4,12,1.5,False,False,False,nan,nan,nan
v3_sc3_staging_04,L4,4,13,1.5,False,False,False,nan,nan,nan
v3_sc3_staging_04,L4,4,14,1.5,False,False,False,nan,nan,nan
v3_sc3_staging_04,L4,4,15,1.5,False,False,False,nan,nan,nan
v3_sc3_staging_04,L4,4,16,1.5,False,False,False,nan,nan,nan
v3_sc3_staging_04,L4,4,17,1.5,False,False,False,nan,nan,nan
v3_sc3_staging_04,L4,4,18,1.5,False,False,False,nan,nan,nan
v3_sc3_staging_04,L4,4,19,1.5,False,False,False,nan,nan,nan
v3_sc3_staging_04,L4,4,0,2.0,False,False,False,nan,nan,nan
v3_sc3_staging_04,L4,4,1,2.0,False,False,False,nan,nan,nan
v3_sc3_staging_04,L4,4,2,2.0,False,False,False,nan,nan,nan
v3_sc3_staging_04,L4,4,3,2.0,False,False,False,nan,nan,nan
v3_sc3_staging_04,L4,4,4,2.0,False,False,False,nan,nan,nan
v3_sc3_staging_04,L4,4,5,2.0,False,False,False,nan,nan,nan
v3_sc3_staging_04,L4,4,6,2.0,False,False,False,nan,nan,nan
v3_sc3_staging_04,L4,4,7,2.0,False,False,False,nan,nan,nan
v3_sc3_staging_04,L4,4,8,2.0,False,False,False,nan,nan,nan
v3_sc3_staging_04,L4,4,9,2.0,False,False,False,nan,nan,nan
v3_sc3_staging_04,L4,4,10,2.0,False,False,False,nan,nan,nan
v3_sc3_staging_04,L4,4,11,2.0,False,False,False,nan,nan,nan
v3_sc3_staging_04,L4,4,12,2.0,False,False,False,nan,nan,nan
v3_sc3_staging_04,L4,4,13,2.0,False,False,False,nan,nan,nan
v3_sc3_staging_04,L4,4,14,2.0,False,False,False,nan,nan,nan
v3_sc3_staging_04,L4,4,15,2.0,False,False,False,nan,nan,nan
v3_sc3_staging_04,L4,4,16,2.0,False,False,False,nan,nan,nan
v3_sc3_staging_04,L4,4,17,2.0,False,False,False,nan,nan,nan
v3_sc3_staging_04,L4,4,18,2.0,False,False,False,nan,nan,nan
v3_sc3_staging_04,L4,4,19,2.0,False,False,False,nan,nan,nan
