scene,level,seed,task,margin,planned,violation,collision,length,clearance_indoor_plant,clearance_bike
v3_sc1_staging_06,L0,0,0,0.0,True,False,False,3.672792206135785,4.511237372146724,2.316025568065745
v3_sc1_staging_06,L0,0,1,0.0,True,False,False,8.134062043356597,3.8525854385640725,2.5041637771599605
v3_sc1_staging_06,L0,0,2,0.0,True,False,False,5.502691193458119,3.725221887664599,1.200735135169495
v3_sc1_staging_06,L0,0,3,0.0,True,False,False,3.357106781186548,4.942655601817922,1.933105012119288
v3_sc1_staging_06,L0,0,4,0.0,True,False,False,4.567766952966369,1.5402205763103165,0.30000000000000004
v3_sc1_staging_06,L0,0,5,0.0,True,False,False,4.5278174593052025,2.23221521846285,0.2433034373659253
v3_sc1_staging_06,L0,0,6,0.0,True,False,False,3.0949747468305833,3.488107320521854,2.0500000000000003
v3_sc1_staging_06,L0,0,7,0.0,True,False,False,7.80477272147525,3.678516483155236,2.0104780421266386
v3_sc1_staging_06,L0,0,8,0.0,True,False,False,3.1849242404917493,3.0514081714159524,2.298660393831306
v3_sc1_staging_06,L0,0,9,0.0,True,False,False,7.30979797464467,3.9059618700120415,2.5041637771599605
v3_sc1_staging_06,L0,0,10,0.0,True,False,False,6.0876154339498685,3.4458839313897722,1.6213203435596428
v3_sc1_staging_06,L0,0,11,0.0,True,False,False,7.40979797464467,3.324264635194589,0.8462912017836262
v3_sc1_staging_06,L0,0,12,0.0,True,False,False,6.094112549695428,3.465476011779671,2.2504545078950136
v3_sc1_staging_06,L0,0,13,0.0,True,False,False,4.800609665440988,3.6003048667141817,2.7140317359976396
v3_sc1_staging_06,L0,0,14,0.0,True,False,False,7.675483399593908,3.465476011779671,1.8711811402758753
v3_sc1_staging_06,L0,0,15,0.0,True,False,False,7.760660171779822,1.526079958935481,0.30000000000000004
v3_sc1_staging_06,L0,0,16,0.0,True,False,False,4.267766952966368,1.1620770138594663,0.30000000000000004
v3_sc1_staging_06,L0,0,17,0.0,True,False,False,3.7006096654409877,4.5403372903011165,2.1315394733881536
v3_sc1_staging_06,L0,0,18,0.0,True,False,False,4.443502884254441,1.9300205760445737,0.30000000000000004
v3_sc1_staging_06,L0,0,19,0.0,True,False,False,5.592031021678298,4.508991914547278,1.933105012119288
v3_sc1_staging_06,L0,0,0,0.1,True,False,False,3.672792206135785,4.511237372146724,2.316025568065745
v3_sc1_staging_06,L0,0,1,0.1,True,False,False,8.134062043356597,3.8525854385640725,2.5041637771599605
v3_sc1_staging_06,L0,0,2,0.1,True,False,False,5.502691193458119,3.725221887664599,1.200735135169495
v3_sc1_staging_06,L0,0,3,0.1,True,False,False,3.357106781186548,4.942655601817922,1.933105012119288
v3_sc1_staging_06,L0,0,4,0.1,True,False,False,4.567766952966369,1.5402205763103165,0.30000000000000004
v3_sc1_staging_06,L0,0,5,0.1,True,False,False,4.5278174593052025,2.23221521846285,0.2433034373659253
v3_sc1_staging_06,L0,0,6,0.1,True,False,False,3.0949747468305833,3.488107320521854,2.0500000000000003
v3_sc1_staging_06,L0,0,7,0.1,True,False,False,7.80477272147525,3.678516483155236,2.0104780421266386
v3_sc1_staging_06,L0,0,8,0.1,True,False,False,3.1849242404917493,3.0514081714159524,2.298660393831306
v3_sc1_staging_06,L0,0,9,0.1,True,False,False,7.30979797464467,3.9059618700120415,2.5041637771599605
v3_sc1_staging_06,L0,0,10,0.1,True,False,False,6.0876154339498685,3.4458839313897722,1.6213203435596428
v3_sc1_staging_06,L0,0,11,0.1,True,False,False,7.40979797464467,3.324264635194589,0.8462912017836262
v3_sc1_staging_06,L0,0,12,0.1,True,False,False,6.094112549695428,3.465476011779671,2.2504545078950136
v3_sc1_staging_06,L0,0,13,0.1,True,False,False,4.800609665440988,3.6003048667141817,2.7140317359976396
v3_sc1_staging_06,L0,0,14,0.1,True,False,False,7.675483399593908,3.465476011779671,1.8711811402758753
v3_sc1_staging_06,L0,0,15,0.1,True,False,False,7.760660171779822,1.526079958935481,0.30000000000000004
v3_sc1_staging_06,L0,0,16,0.1,True,False,False,4.267766952966368,1.1620770138594663,0.30000000000000004
v3_sc1_staging_06,L0,0,17,0.1,True,False,False,3.7006096654409877,4.5403372903011165,2.1315394733881536
v3_sc1_staging_06,L0,0,18,0.1,True,False,False,4.443502884254441,1.9300205760445737,0.30000000000000004
v3_sc1_staging_06,L0,0,19,0.1,True,False,False,5.592031021678298,4.508991914547278,1.933105012119288
v3_sc1_staging_06,L0,0,0,0.2,True,False,False,3.672792206135785,4.511237372146724,2.316025568065745
v3_sc1_staging_06,L0,0,1,0.2,True,False,False,8.134062043356597,3.8525854385640725,2.5041637771599605
v3_sc1_staging_06,L0,0,2,0.2,True,False,False,5.502691193458119,3.725221887664599,1.200735135169495
v3_sc1_staging_06,L0,0,3,0.2,True,False,False,3.357106781186548,4.942655601817922,1.933105012119288
v3_sc1_staging_06,L0,0,4,0.2,True,False,False,4.567766952966369,1.5402205763103165,0.30000000000000004
v3_sc1_staging_06,L0,0,5,0.2,True,False,False,4.5278174593052025,2.23221521846285,0.2433034373659253
v3_sc1_staging_06,L0,0,6,0.2,True,False,False,3.0949747468305833,3.488107320521854,2.0500000000000003
v3_sc1_staging_06,L0,0,7,0.2,True,False,False,7.80477272147525,3.678516483155236,2.0104780421266386
v3_sc1_staging_06,L0,0,8,0.2,True,False,False,3.1849242404917493,3.0514081714159524,2.298660393831306
v3_sc1_staging_06,L0,0,9,0.2,True,False,False,7.30979797464467,3.9059618700120415,2.5041637771599605
v3_sc1_staging_06,L0,0,10,0.2,True,False,False,6.0876154339498685,3.4458839313897722,1.6213203435596428
v3_sc1_staging_06,L0,0,11,0.2,True,False,False,7.40979797464467,3.324264635194589,0.8462912017836262
v3_sc1_staging_06,L0,0,12,0.2,True,False,False,6.094112549695428,3.465476011779671,2.2504545078950136
v3_sc1_staging_06,L0,0,13,0.2,True,False,False,4.800609665440988,3.6003048667141817,2.7140317359976396
v3_sc1_staging_06,L0,0,14,0.2,True,False,False,7.675483399593908,3.465476011779671,1.8711811402758753
v3_sc1_staging_06,L0,0,15,0.2,True,False,False,7.760660171779822,1.526079958935481,0.30000000000000004
v3_sc1_staging_06,L0,0,16,0.2,True,False,False,4.267766952966368,1.1620770138594663,0.30000000000000004
v3_sc1_staging_06,L0,0,17,0.2,True,False,False,3.7006096654409877,4.5403372903011165,2.1315394733881536
v3_sc1_staging_06,L0,0,18,0.2,True,False,False,4.443502884254441,1.9300205760445737,0.30000000000000004
v3_sc1_staging_06,L0,0,19,0.2,True,False,False,5.592031021678298,4.508991914547278,1.933105012119288
v3_sc1_staging_06,L0,0,0,0.3,True,False,False,3.672792206135785,4.511237372146724,2.316025568065745
v3_sc1_staging_06,L0,0,1,0.3,True,False,False,8.134062043356597,3.8525854385640725,2.5041637771599605
v3_sc1_staging_06,L0,0,2,0.3,True,False,False,5.502691193458119,3.725221887664599,1.200735135169495
v3_sc1_staging_06,L0,0,3,0.3,True,False,False,3.357106781186548,4.942655601817922,1.933105012119288
v3_sc1_staging_06,L0,0,4,0.3,True,False,False,4.609188309203678,1.5402205763103165,0.3015609770940699
v3_sc1_staging_06,L0,0,5,0.3,True,False,False,4.569238815542511,2.23221521846285,0.3062257748298549
v3_sc1_staging_06,L0,0,6,0.3,True,False,False,3.0949747468305833,3.488107320521854,2.0500000000000003
v3_sc1_staging_06,L0,0,7,0.3,True,False,False,7.80477272147525,3.678516483155236,2.0104780421266386
v3_sc1_staging_06,L0,0,8,0.3,True,False,False,3.1849242404917493,3.0514081714159524,2.298660393831306
v3_sc1_staging_06,L0,0,9,0.3,True,False,False,7.30979797464467,3.9059618700120415,2.5041637771599605
v3_sc1_staging_06,L0,0,10,0.3,True,False,False,6.0876154339498685,3.4458839313897722,1.6213203435596428
v3_sc1_staging_06,L0,0,11,0.3,True,False,False,7.40979797464467,3.324264635194589,0.8462912017836262
v3_sc1_staging_06,L0,0,12,0.3,True,False,False,6.094112549695428,3.465476011779671,2.2504545078950136
v3_sc1_staging_06,L0,0,13,0.3,True,False,False,4.800609665440988,3.6003048667141817,2.7140317359976396
v3_sc1_staging_06,L0,0,14,0.3,True,False,False,7.675483399593908,3.465476011779671,1.8711811402758753
v3_sc1_staging_06,L0,0,15,0.3,True,False,False,7.8020815280171325,1.526079958935481,0.3015609770940699
v3_sc1_staging_06,L0,0,16,0.3,True,False,False,4.3091883092036785,1.1620770138594663,0.3015609770940699
v3_sc1_staging_06,L0,0,17,0.3,True,False,False,3.7006096654409877,4.5403372903011165,2.1315394733881536
v3_sc1_staging_06,L0,0,18,0.3,True,False,False,4.4849242404917495,1.9300205760445737,0.3015609770940699
v3_sc1_staging_06,L0,0,19,0.3,True,False,False,5.592031021678298,4.508991914547278,1.933105012119288
v3_sc1_staging_06,L0,0,0,0.4,True,False,False,3.672792206135785,4.511237372146724,2.316025568065745
v3_sc1_staging_06,L0,0,1,0.4,True,False,False,8.134062043356597,3.8525854385640725,2.5041637771599605
v3_sc1_staging_06,L0,0,2,0.4,True,False,False,5.502691193458119,3.725221887664599,1.200735135169495
v3_sc1_staging_06,L0,0,3,0.4,True,False,False,3.357106781186548,4.942655601817922,1.933105012119288
v3_sc1_staging_06,L0,0,4,0.4,False,False,False,nan,nan,nan
v3_sc1_staging_06,L0,0,5,0.4,False,False,False,nan,nan,nan
v3_sc1_staging_06,L0,0,6,0.4,True,False,False,3.0949747468305833,3.488107320521854,2.0500000000000003
v3_sc1_staging_06,L0,0,7,0.4,True,False,False,7.80477272147525,3.678516483155236,2.0104780421266386
v3_sc1_staging_06,L0,0,8,0.4,True,False,False,3.1849242404917493,3.0514081714159524,2.298660393831306
v3_sc1_staging_06,L0,0,9,0.4,True,False,False,7.30979797464467,3.9059618700120415,2.5041637771599605
v3_sc1_staging_06,L0,0,10,0.4,True,False,False,6.0876154339498685,3.4458839313897722,1.6213203435596428
v3_sc1_staging_06,L0,0,11,0.4,True,False,False,7.40979797464467,3.324264635194589,0.8462912017836262
v3_sc1_staging_06,L0,0,12,0.4,True,False,False,6.094112549695428,3.465476011779671,2.2504545078950136
v3_sc1_staging_06,L0,0,13,0.4,True,False,False,4.800609665440988,3.6003048667141817,2.7140317359976396
v3_sc1_staging_06,L0,0,14,0.4,True,False,False,7.675483399593908,3.465476011779671,1.8711811402758753
v3_sc1_staging_06,L0,0,15,0.4,False,False,False,nan,nan,nan
v3_sc1_staging_06,L0,0,16,0.4,False,False,False,nan,nan,nan
v3_sc1_staging_06,L0,0,17,0.4,True,False,False,3.7006096654409877,4.5403372903011165,2.1315394733881536
v3_sc1_staging_06,L0,0,18,0.4,False,False,False,nan,nan,nan
v3_sc1_staging_06,L0,0,19,0.4,True,False,False,5.592031021678298,4.508991914547278,1.933105012119288
v3_sc1_staging_06,L0,0,0,0.5,True,False,False,3.672792206135785,4.511237372146724,2.316025568065745
v3_sc1_staging_06,L0,0,1,0.5,True,False,False,8.134062043356597,3.8525854385640725,2.5041637771599605
v3_sc1_staging_06,L0,0,2,0.5,True,False,False,5.502691193458119,3.725221887664599,1.200735135169495
v3_sc1_staging_06,L0,0,3,0.5,True,False,False,3.357106781186548,4.942655601817922,1.933105012119288
v3_sc1_staging_06,L0,0,4,0.5,False,False,False,nan,nan,nan
v3_sc1_staging_06,L0,0,5,0.5,False,False,False,nan,nan,nan
v3_sc1_staging_06,L0,0,6,0.5,True,False,False,3.0949747468305833,3.488107320521854,2.0500000000000003
v3_sc1_staging_06,L0,0,7,0.5,True,False,False,7.80477272147525,3.678516483155236,2.0104780421266386
v3_sc1_staging_06,L0,0,8,0.5,True,False,False,3.1849242404917493,3.0514081714159524,2.298660393831306
v3_sc1_staging_06,L0,0,9,0.5,True,False,False,7.30979797464467,3.9059618700120415,2.5041637771599605
v3_sc1_staging_06,L0,0,10,0.5,True,False,False,6.0876154339498685,3.4458839313897722,1.6213203435596428
v3_sc1_staging_06,L0,0,11,0.5,True,False,False,7.40979797464467,3.324264635194589,0.8462912017836262
v3_sc1_staging_06,L0,0,12,0.5,True,False,False,6.094112549695428,3.465476011779671,2.2504545078950136
v3_sc1_staging_06,L0,0,13,0.5,True,False,False,4.800609665440988,3.6003048667141817,2.7140317359976396
v3_sc1_staging_06,L0,0,14,0.5,True,False,False,7.675483399593908,3.465476011779671,1.8711811402758753
v3_sc1_staging_06,L0,0,15,0.5,False,False,False,nan,nan,nan
v3_sc1_staging_06,L0,0,16,0.5,False,False,False,nan,nan,nan
v3_sc1_staging_06,L0,0,17,0.5,True,False,False,3.7006096654409877,4.5403372903011165,2.1315394733881536
v3_sc1_staging_06,L0,0,18,0.5,False,False,False,nan,nan,nan
v3_sc1_staging_06,L0,0,19,0.5,True,False,False,5.592031021678298,4.508991914547278,1.933105012119288
v3_sc1_staging_06,L0,0,0,0.6,True,False,False,3.672792206135785,4.511237372146724,2.316025568065745
v3_sc1_staging_06,L0,0,1,0.6,True,False,False,8.134062043356597,3.8525854385640725,2.5041637771599605
v3_sc1_staging_06,L0,0,2,0.6,True,False,False,5.502691193458119,3.725221887664599,1.200735135169495
v3_sc1_staging_06,L0,0,3,0.6,True,False,False,3.357106781186548,4.942655601817922,1.933105012119288
v3_sc1_staging_06,L0,0,4,0.6,False,False,False,nan,nan,nan
v3_sc1_staging_06,L0,0,5,0.6,False,False,False,nan,nan,nan
v3_sc1_staging_06,L0,0,6,0.6,True,False,False,3.0949747468305833,3.488107320521854,2.0500000000000003
v3_sc1_staging_06,L0,0,7,0.6,True,False,False,7.80477272147525,3.678516483155236,2.0104780421266386
v3_sc1_staging_06,L0,0,8,0.6,True,False,False,3.1849242404917493,3.0514081714159524,2.298660393831306
v3_sc1_staging_06,L0,0,9,0.6,True,False,False,7.30979797464467,3.9059618700120415,2.5041637771599605
v3_sc1_staging_06,L0,0,10,0.6,True,False,False,6.0876154339498685,3.4458839313897722,1.6213203435596428
v3_sc1_staging_06,L0,0,11,0.6,True,False,False,7.40979797464467,3.324264635194589,0.8462912017836262
v3_sc1_staging_06,L0,0,12,0.6,True,False,False,6.094112549695428,3.465476011779671,2.2504545078950136
v3_sc1_staging_06,L0,0,13,0.6,True,False,False,4.800609665440988,3.6003048667141817,2.7140317359976396
v3_sc1_staging_06,L0,0,14,0.6,True,False,False,7.675483399593908,3.465476011779671,1.8711811402758753
v3_sc1_staging_06,L0,0,15,0.6,False,False,False,nan,nan,nan
v3_sc1_staging_06,L0,0,16,0.6,False,False,False,nan,nan,nan
v3_sc1_staging_06,L0,0,17,0.6,True,False,False,3.7006096654409877,4.5403372903011165,2.1315394733881536
v3_sc1_staging_06,L0,0,18,0.6,False,False,False,nan,nan,nan
v3_sc1_staging_06,L0,0,19,0.6,True,False,False,5.592031021678298,4.508991914547278,1.933105012119288
v3_sc1_staging_06,L0,0,0,0.8,True,False,False,3.672792206135785,4.511237372146724,2.316025568065745
v3_sc1_staging_06,L0,0,1,0.8,True,False,False,8.134062043356597,3.8525854385640725,2.5041637771599605
v3_sc1_staging_06,L0,0,2,0.8,True,False,False,5.502691193458119,3.725221887664599,1.200735135169495
v3_sc1_staging_06,L0,0,3,0.8,True,False,False,3.357106781186548,4.942655601817922,1.933105012119288
v3_sc1_staging_06,L0,0,4,0.8,False,False,False,nan,nan,nan
v3_sc1_staging_06,L0,0,5,0.8,False,False,False,nan,nan,nan
v3_sc1_staging_06,L0,0,6,0.8,True,False,False,3.0949747468305833,3.488107320521854,2.0500000000000003
v3_sc1_staging_06,L0,0,7,0.8,True,False,False,7.80477272147525,3.678516483155236,2.0104780421266386
v3_sc1_staging_06,L0,0,8,0.8,True,False,False,3.1849242404917493,3.0514081714159524,2.298660393831306
v3_sc1_staging_06,L0,0,9,0.8,True,False,False,7.30979797464467,3.9059618700120415,2.5041637771599605
v3_sc1_staging_06,L0,0,10,0.8,True,False,False,6.0876154339498685,3.4458839313897722,1.6213203435596428
v3_sc1_staging_06,L0,0,11,0.8,True,False,False,7.40979797464467,3.324264635194589,0.8462912017836262
v3_sc1_staging_06,L0,0,12,0.8,True,False,False,6.094112549695428,3.465476011779671,2.2504545078950136
v3_sc1_staging_06,L0,0,13,0.8,True,False,False,4.800609665440988,3.6003048667141817,2.7140317359976396
v3_sc1_staging_06,L0,0,14,0.8,True,False,False,7.675483399593908,3.465476011779671,1.8711811402758753
v3_sc1_staging_06,L0,0,15,0.8,False,False,False,nan,nan,nan
v3_sc1_staging_06,L0,0,16,0.8,False,False,False,nan,nan,nan
v3_sc1_staging_06,L0,0,17,0.8,True,False,False,3.7006096654409877,4.5403372903011165,2.1315394733881536
v3_sc1_staging_06,L0,0,18,0.8,False,False,False,nan,nan,nan
v3_sc1_staging_06,L0,0,19,0.8,True,False,False,5.592031021678298,4.508991914547278,1.933105012119288
v3_sc1_staging_06,L0,0,0,1.0,True,False,False,3.672792206135785,4.511237372146724,2.316025568065745
v3_sc1_staging_06,L0,0,1,1.0,True,False,False,8.134062043356597,3.8525854385640725,2.5041637771599605
v3_sc1_staging_06,L0,0,2,1.0,True,False,False,5.502691193458119,3.725221887664599,1.200735135169495
v3_sc1_staging_06,L0,0,3,1.0,True,False,False,3.357106781186548,4.942655601817922,1.933105012119288
v3_sc1_staging_06,L0,0,4,1.0,False,False,False,nan,nan,nan
v3_sc1_staging_06,L0,0,5,1.0,False,False,False,nan,nan,nan
v3_sc1_staging_06,L0,0,6,1.0,True,False,False,3.0949747468305833,3.488107320521854,2.0500000000000003
v3_sc1_staging_06,L0,0,7,1.0,True,False,False,7.80477272147525,3.678516483155236,2.0104780421266386
v3_sc1_staging_06,L0,0,8,1.0,True,False,False,3.1849242404917493,3.0514081714159524,2.298660393831306
v3_sc1_staging_06,L0,0,9,1.0,True,False,False,7.30979797464467,3.9059618700120415,2.5041637771599605
v3_sc1_staging_06,L0,0,10,1.0,True,False,False,6.0876154339498685,3.4458839313897722,1.6213203435596428
v3_sc1_staging_06,L0,0,11,1.0,False,False,False,nan,nan,nan
v3_sc1_staging_06,L0,0,12,1.0,True,False,False,6.094112549695428,3.465476011779671,2.2504545078950136
v3_sc1_staging_06,L0,0,13,1.0,True,False,False,4.800609665440988,3.6003048667141817,2.7140317359976396
v3_sc1_staging_06,L0,0,14,1.0,True,False,False,7.675483399593908,3.465476011779671,1.8711811402758753
v3_sc1_staging_06,L0,0,15,1.0,False,False,False,nan,nan,nan
v3_sc1_staging_06,L0,0,16,1.0,False,False,False,nan,nan,nan
v3_sc1_staging_06,L0,0,17,1.0,True,False,False,3.7006096654409877,4.5403372903011165,2.1315394733881536
v3_sc1_staging_06,L0,0,18,1.0,False,False,False,nan,nan,nan
v3_sc1_staging_06,L0,0,19,1.0,True,False,False,5.592031021678298,4.508991914547278,1.933105012119288
v3_sc1_staging_06,L0,0,0,1.25,True,False,False,3.672792206135785,4.511237372146724,2.316025568065745
v3_sc1_staging_06,L0,0,1,1.25,True,False,False,8.134062043356597,3.8525854385640725,2.5041637771599605
v3_sc1_staging_06,L0,0,2,1.25,False,False,False,nan,nan,nan
v3_sc1_staging_06,L0,0,3,1.25,True,False,False,3.357106781186548,4.942655601817922,1.933105012119288
v3_sc1_staging_06,L0,0,4,1.25,False,False,False,nan,nan,nan
v3_sc1_staging_06,L0,0,5,1.25,False,False,False,nan,nan,nan
v3_sc1_staging_06,L0,0,6,1.25,True,False,False,3.0949747468305833,3.488107320521854,2.0500000000000003
v3_sc1_staging_06,L0,0,7,1.25,True,False,False,7.80477272147525,3.678516483155236,2.0104780421266386
v3_sc1_staging_06,L0,0,8,1.25,True,False,False,3.1849242404917493,3.0514081714159524,2.298660393831306
v3_sc1_staging_06,L0,0,9,1.25,True,False,False,7.30979797464467,3.9059618700120415,2.5041637771599605
v3_sc1_staging_06,L0,0,10,1.25,True,False,False,6.0876154339498685,3.4458839313897722,1.6213203435596428
v3_sc1_staging_06,L0,0,11,1.25,False,False,False,nan,nan,nan
v3_sc1_staging_06,L0,0,12,1.25,True,False,False,6.094112549695428,3.465476011779671,2.2504545078950136
v3_sc1_staging_06,L0,0,13,1.25,True,False,False,4.800609665440988,3.6003048667141817,2.7140317359976396
v3_sc1_staging_06,L0,0,14,1.25,True,False,False,7.675483399593908,3.465476011779671,1.8711811402758753
v3_sc1_staging_06,L0,0,15,1.25,False,False,False,nan,nan,nan
v3_sc1_staging_06,L0,0,16,1.25,False,False,False,nan,nan,nan
v3_sc1_staging_06,L0,0,17,1.25,True,False,False,3.7006096654409877,4.5403372903011165,2.1315394733881536
v3_sc1_staging_06,L0,0,18,1.25,False,False,False,nan,nan,nan
v3_sc1_staging_06,L0,0,19,1.25,True,False,False,5.592031021678298,4.508991914547278,1.933105012119288
v3_sc1_staging_06,L0,0,0,1.5,True,False,False,3.672792206135785,4.511237372146724,2.316025568065745
v3_sc1_staging_06,L0,0,1,1.5,True,False,False,8.134062043356597,3.8525854385640725,2.5041637771599605
v3_sc1_staging_06,L0,0,2,1.5,False,False,False,nan,nan,nan
v3_sc1_staging_06,L0,0,3,1.5,True,False,False,3.357106781186548,4.942655601817922,1.933105012119288
v3_sc1_staging_06,L0,0,4,1.5,False,False,False,nan,nan,nan
v3_sc1_staging_06,L0,0,5,1.5,False,False,False,nan,nan,nan
v3_sc1_staging_06,L0,0,6,1.5,True,False,False,3.0949747468305833,3.488107320521854,2.0500000000000003
v3_sc1_staging_06,L0,0,7,1.5,True,False,False,7.80477272147525,3.678516483155236,2.0104780421266386
v3_sc1_staging_06,L0,0,8,1.5,True,False,False,3.1849242404917493,3.0514081714159524,2.298660393831306
v3_sc1_staging_06,L0,0,9,1.5,True,False,False,7.30979797464467,3.9059618700120415,2.5041637771599605
v3_sc1_staging_06,L0,0,10,1.5,True,False,False,6.0876154339498685,3.4458839313897722,1.6213203435596428
v3_sc1_staging_06,L0,0,11,1.5,False,False,False,nan,nan,nan
v3_sc1_staging_06,L0,0,12,1.5,True,False,False,6.094112549695428,3.465476011779671,2.2504545078950136
v3_sc1_staging_06,L0,0,13,1.5,True,False,False,4.800609665440988,3.6003048667141817,2.7140317359976396
v3_sc1_staging_06,L0,0,14,1.5,True,False,False,7.675483399593908,3.465476011779671,1.8711811402758753
v3_sc1_staging_06,L0,0,15,1.5,False,False,False,nan,nan,nan
v3_sc1_staging_06,L0,0,16,1.5,False,False,False,nan,nan,nan
v3_sc1_staging_06,L0,0,17,1.5,True,False,False,3.7006096654409877,4.5403372903011165,2.1315394733881536
v3_sc1_staging_06,L0,0,18,1.5,False,False,False,nan,nan,nan
v3_sc1_staging_06,L0,0,19,1.5,True,False,False,5.592031021678298,4.508991914547278,1.933105012119288
v3_sc1_staging_06,L0,0,0,2.0,True,False,False,3.672792206135785,4.511237372146724,2.316025568065745
v3_sc1_staging_06,L0,0,1,2.0,True,False,False,8.134062043356597,3.8525854385640725,2.5041637771599605
v3_sc1_staging_06,L0,0,2,2.0,False,False,False,nan,nan,nan
v3_sc1_staging_06,L0,0,3,2.0,True,False,False,3.377817459305202,4.942655601817922,2.0004999500099974
v3_sc1_staging_06,L0,0,4,2.0,False,False,False,nan,nan,nan
v3_sc1_staging_06,L0,0,5,2.0,False,False,False,nan,nan,nan
v3_sc1_staging_06,L0,0,6,2.0,True,False,False,3.0949747468305833,3.488107320521854,2.0500000000000003
v3_sc1_staging_06,L0,0,7,2.0,True,False,False,7.80477272147525,3.678516483155236,2.0104780421266386
v3_sc1_staging_06,L0,0,8,2.0,True,False,False,3.1849242404917493,3.0514081714159524,2.298660393831306
v3_sc1_staging_06,L0,0,9,2.0,True,False,False,7.30979797464467,3.9059618700120415,2.5041637771599605
v3_sc1_staging_06,L0,0,10,2.0,True,False,False,6.108326112068525,3.438591118661596,2.004495957273639
v3_sc1_staging_06,L0,0,11,2.0,False,False,False,nan,nan,nan
v3_sc1_staging_06,L0,0,12,2.0,True,False,False,6.094112549695428,3.465476011779671,2.2504545078950136
v3_sc1_staging_06,L0,0,13,2.0,True,False,False,4.800609665440988,3.6003048667141817,2.7140317359976396
v3_sc1_staging_06,L0,0,14,2.0,False,False,False,nan,nan,nan
v3_sc1_staging_06,L0,0,15,2.0,False,False,False,nan,nan,nan
v3_sc1_staging_06,L0,0,16,2.0,False,False,False,nan,nan,nan
v3_sc1_staging_06,L0,0,17,2.0,True,False,False,3.7006096654409877,4.5403372903011165,2.1315394733881536
v3_sc1_staging_06,L0,0,18,2.0,False,False,False,nan,nan,nan
v3_sc1_staging_06,L0,0,19,2.0,True,False,False,5.592031021678299,4.508991914547278,2.1967573120323602
v3_sc1_staging_06,L2,0,0,0.0,True,False,False,3.69350288425444,4.521951811795888,2.3217902119044926
v3_sc1_staging_06,L2,0,1,0.0,True,False,False,8.12193000900063,3.902556075736004,2.5083217912982647
v3_sc1_staging_06,L2,0,2,0.0,True,False,False,5.531980515339464,3.725221887664599,1.1643316977093239
v3_sc1_staging_06,L2,0,3,0.0,True,False,False,3.377817459305202,4.991812087098393,1.9186773244895647
v3_sc1_staging_06,L2,0,4,0.0,True,False,False,4.538477631085023,1.5426698215815495,0.30000000000000004
v3_sc1_staging_06,L2,0,5,0.0,True,False,False,4.548528137423857,2.260887538455705,0.2433034373659253
v3_sc1_staging_06,L2,0,6,0.0,True,False,False,3.115685424949238,3.488107320521854,2.016445906432324
v3_sc1_staging_06,L2,0,7,0.0,True,False,False,7.863351365237941,3.5942032191868547,2.0104780421266386
v3_sc1_staging_06,L2,0,8,0.0,True,False,False,3.1642135623730945,3.0514081714159524,2.2829840100151495
v3_sc1_staging_06,L2,0,9,0.0,True,False,False,7.3390872965260145,3.861765697512878,2.5083217912982647
v3_sc1_staging_06,L2,0,10,0.0,True,False,False,6.116904755831214,3.4458839313897722,1.5862646045025066
v3_sc1_staging_06,L2,0,11,0.0,True,False,False,7.397665940288707,3.369431482789171,0.8285330255586425
v3_sc1_staging_06,L2,0,12,0.0,True,False,False,6.102691193458118,3.465476011779671,2.2735356496717327
v3_sc1_staging_06,L2,0,13,0.0,False,False,False,nan,nan,nan
v3_sc1_staging_06,L2,0,14,0.0,True,False,False,7.7340620433565945,3.490613987846983,1.8817010727629109
v3_sc1_staging_06,L2,0,15,0.0,True,False,False,7.781370849898477,1.589258241577618,0.30000000000000004
v3_sc1_staging_06,L2,0,16,0.0,True,False,False,4.217766952966369,1.1763054614240211,0.30000000000000004
v3_sc1_staging_06,L2,0,17,0.0,True,False,False,3.7506096654409875,4.531152949374527,2.1504716561397146
v3_sc1_staging_06,L2,0,18,0.0,True,False,False,4.414213562373095,1.960182920028509,0.30000000000000004
v3_sc1_staging_06,L2,0,19,0.0,True,False,False,5.612741699796953,4.5122350304031045,1.9418230894149562
v3_sc1_staging_06,L2,0,0,0.1,True,False,False,3.69350288425444,4.521951811795888,2.3217902119044926
v3_sc1_staging_06,L2,0,1,0.1,True,False,False,8.12193000900063,3.902556075736004,2.5083217912982647
v3_sc1_staging_06,L2,0,2,0.1,True,False,False,5.531980515339464,3.725221887664599,1.1643316977093239
v3_sc1_staging_06,L2,0,3,0.1,True,False,False,3.377817459305202,4.991812087098393,1.9186773244895647
v3_sc1_staging_06,L2,0,4,0.1,True,False,False,4.538477631085023,1.5426698215815495,0.30000000000000004
v3_sc1_staging_06,L2,0,5,0.1,True,False,False,4.548528137423857,2.260887538455705,0.2433034373659253
v3_sc1_staging_06,L2,0,6,0.1,True,False,False,3.115685424949238,3.488107320521854,2.016445906432324
v3_sc1_staging_06,L2,0,7,0.1,True,False,False,7.863351365237941,3.5942032191868547,2.0104780421266386
v3_sc1_staging_06,L2,0,8,0.1,True,False,False,3.1642135623730945,3.0514081714159524,2.2829840100151495
v3_sc1_staging_06,L2,0,9,0.1,True,False,False,7.3390872965260145,3.861765697512878,2.5083217912982647
v3_sc1_staging_06,L2,0,10,0.1,True,False,False,6.116904755831214,3.4458839313897722,1.5862646045025066
v3_sc1_staging_06,L2,0,11,0.1,True,False,False,7.397665940288707,3.369431482789171,0.8285330255586425
v3_sc1_staging_06,L2,0,12,0.1,True,False,False,6.102691193458118,3.465476011779671,2.2735356496717327
v3_sc1_staging_06,L2,0,13,0.1,False,False,False,nan,nan,nan
v3_sc1_staging_06,L2,0,14,0.1,True,False,False,7.7340620433565945,3.490613987846983,1.8817010727629109
v3_sc1_staging_06,L2,0,15,0.1,True,False,False,7.781370849898477,1.589258241577618,0.30000000000000004
v3_sc1_staging_06,L2,0,16,0.1,True,False,False,4.217766952966369,1.1763054614240211,0.30000000000000004
v3_sc1_staging_06,L2,0,17,0.1,True,False,False,3.7506096654409875,4.531152949374527,2.1504716561397146
v3_sc1_staging_06,L2,0,18,0.1,True,False,False,4.414213562373095,1.960182920028509,0.30000000000000004
v3_sc1_staging_06,L2,0,19,0.1,True,False,False,5.612741699796953,4.5122350304031045,1.9418230894149562
v3_sc1_staging_06,L2,0,0,0.2,True,False,False,3.69350288425444,4.521951811795888,2.3217902119044926
v3_sc1_staging_06,L2,0,1,0.2,True,False,False,8.12193000900063,3.902556075736004,2.5083217912982647
v3_sc1_staging_06,L2,0,2,0.2,True,False,False,5.531980515339464,3.725221887664599,1.1643316977093239
v3_sc1_staging_06,L2,0,3,0.2,True,False,False,3.377817459305202,4.991812087098393,1.9186773244895647
v3_sc1_staging_06,L2,0,4,0.2,True,False,False,4.538477631085023,1.5426698215815495,0.30000000000000004
v3_sc1_staging_06,L2,0,5,0.2,True,False,False,4.548528137423857,2.260887538455705,0.2433034373659253
v3_sc1_staging_06,L2,0,6,0.2,True,False,False,3.115685424949238,3.488107320521854,2.016445906432324
v3_sc1_staging_06,L2,0,7,0.2,True,False,False,7.863351365237941,3.5942032191868547,2.0104780421266386
v3_sc1_staging_06,L2,0,8,0.2,True,False,False,3.1642135623730945,3.0514081714159524,2.2829840100151495
v3_sc1_staging_06,L2,0,9,0.2,True,False,False,7.3390872965260145,3.861765697512878,2.5083217912982647
v3_sc1_staging_06,L2,0,10,0.2,True,False,False,6.116904755831214,3.4458839313897722,1.5862646045025066
v3_sc1_staging_06,L2,0,11,0.2,True,False,False,7.397665940288707,3.369431482789171,0.8285330255586425
v3_sc1_staging_06,L2,0,12,0.2,True,False,False,6.102691193458118,3.465476011779671,2.2735356496717327
v3_sc1_staging_06,L2,0,13,0.2,False,False,False,nan,nan,nan
v3_sc1_staging_06,L2,0,14,0.2,True,False,False,7.7340620433565945,3.490613987846983,1.8817010727629109
v3_sc1_staging_06,L2,0,15,0.2,True,False,False,7.781370849898477,1.589258241577618,0.30000000000000004
v3_sc1_staging_06,L2,0,16,0.2,True,False,False,4.217766952966369,1.1763054614240211,0.30000000000000004
v3_sc1_staging_06,L2,0,17,0.2,True,False,False,3.7506096654409875,4.531152949374527,2.1504716561397146
v3_sc1_staging_06,L2,0,18,0.2,True,False,False,4.414213562373095,1.960182920028509,0.30000000000000004
v3_sc1_staging_06,L2,0,19,0.2,True,False,False,5.612741699796953,4.5122350304031045,1.9418230894149562
v3_sc1_staging_06,L2,0,0,0.3,True,False,False,3.69350288425444,4.521951811795888,2.3217902119044926
v3_sc1_staging_06,L2,0,1,0.3,True,False,False,8.12193000900063,3.902556075736004,2.5083217912982647
v3_sc1_staging_06,L2,0,2,0.3,True,False,False,5.531980515339464,3.725221887664599,1.1643316977093239
v3_sc1_staging_06,L2,0,3,0.3,True,False,False,3.377817459305202,4.991812087098393,1.9186773244895647
v3_sc1_staging_06,L2,0,4,0.3,True,False,False,4.579898987322333,1.5426698215815495,0.3015609770940699
v3_sc1_staging_06,L2,0,5,0.3,True,False,False,4.589949493661166,2.260887538455705,0.3062257748298549
v3_sc1_staging_06,L2,0,6,0.3,True,False,False,3.115685424949238,3.488107320521854,2.016445906432324
v3_sc1_staging_06,L2,0,7,0.3,True,False,False,7.863351365237941,3.5942032191868547,2.0104780421266386
v3_sc1_staging_06,L2,0,8,0.3,True,False,False,3.1642135623730945,3.0514081714159524,2.2829840100151495
v3_sc1_staging_06,L2,0,9,0.3,True,False,False,7.3390872965260145,3.861765697512878,2.5083217912982647
v3_sc1_staging_06,L2,0,10,0.3,True,False,False,6.116904755831214,3.4458839313897722,1.5862646045025066
v3_sc1_staging_06,L2,0,11,0.3,True,False,False,7.397665940288707,3.369431482789171,0.8285330255586425
v3_sc1_staging_06,L2,0,12,0.3,True,False,False,6.102691193458118,3.465476011779671,2.2735356496717327
v3_sc1_staging_06,L2,0,13,0.3,False,False,False,nan,nan,nan
v3_sc1_staging_06,L2,0,14,0.3,True,False,False,7.7340620433565945,3.490613987846983,1.8817010727629109
v3_sc1_staging_06,L2,0,15,0.3,True,False,False,7.822792206135786,1.589258241577618,0.3015609770940699
v3_sc1_staging_06,L2,0,16,0.3,True,False,False,4.259188309203679,1.1763054614240211,0.3015609770940699
v3_sc1_staging_06,L2,0,17,0.3,True,False,False,3.7506096654409875,4.531152949374527,2.1504716561397146
v3_sc1_staging_06,L2,0,18,0.3,True,False,False,4.455634918610405,1.960182920028509,0.3015609770940699
v3_sc1_staging_06,L2,0,19,0.3,True,False,False,5.612741699796953,4.5122350304031045,1.9418230894149562
v3_sc1_staging_06,L2,0,0,0.4,True,False,False,3.69350288425444,4.521951811795888,2.3217902119044926
v3_sc1_staging_06,L2,0,1,0.4,True,False,False,8.12193000900063,3.902556075736004,2.5083217912982647
v3_sc1_staging_06,L2,0,2,0.4,True,False,False,5.531980515339464,3.725221887664599,1.1643316977093239
v3_sc1_staging_06,L2,0,3,0.4,True,False,False,3.377817459305202,4.991812087098393,1.9186773244895647
v3_sc1_staging_06,L2,0,4,0.4,False,False,False,nan,nan,nan
v3_sc1_staging_06,L2,0,5,0.4,False,False,False,nan,nan,nan
v3_sc1_staging_06,L2,0,6,0.4,True,False,False,3.115685424949238,3.488107320521854,2.016445906432324
v3_sc1_staging_06,L2,0,7,0.4,True,False,False,7.863351365237941,3.5942032191868547,2.0104780421266386
v3_sc1_staging_06,L2,0,8,0.4,True,False,False,3.1642135623730945,3.0514081714159524,2.2829840100151495
v3_sc1_staging_06,L2,0,9,0.4,True,False,False,7.3390872965260145,3.861765697512878,2.5083217912982647
v3_sc1_staging_06,L2,0,10,0.4,True,False,False,6.116904755831214,3.4458839313897722,1.5862646045025066
v3_sc1_staging_06,L2,0,11,0.4,True,False,False,7.397665940288707,3.369431482789171,0.8285330255586425
v3_sc1_staging_06,L2,0,12,0.4,True,False,False,6.102691193458118,3.465476011779671,2.2735356496717327
v3_sc1_staging_06,L2,0,13,0.4,False,False,False,nan,nan,nan
v3_sc1_staging_06,L2,0,14,0.4,True,False,False,7.7340620433565945,3.490613987846983,1.8817010727629109
v3_sc1_staging_06,L2,0,15,0.4,False,False,False,nan,nan,nan
v3_sc1_staging_06,L2,0,16,0.4,False,False,False,nan,nan,nan
v3_sc1_staging_06,L2,0,17,0.4,True,False,False,3.7506096654409875,4.531152949374527,2.1504716561397146
v3_sc1_staging_06,L2,0,18,0.4,False,False,False,nan,nan,nan
v3_sc1_staging_06,L2,0,19,0.4,True,False,False,5.612741699796953,4.5122350304031045,1.9418230894149562
v3_sc1_staging_06,L2,0,0,0.5,True,False,False,3.69350288425444,4.521951811795888,2.3217902119044926
v3_sc1_staging_06,L2,0,1,0.5,True,False,False,8.12193000900063,3.902556075736004,2.5083217912982647
v3_sc1_staging_06,L2,0,2,0.5,True,False,False,5.531980515339464,3.725221887664599,1.1643316977093239
v3_sc1_staging_06,L2,0,3,0.5,True,False,False,3.377817459305202,4.991812087098393,1.9186773244895647
v3_sc1_staging_06,L2,0,4,0.5,False,False,False,nan,nan,nan
v3_sc1_staging_06,L2,0,5,0.5,False,False,False,nan,nan,nan
v3_sc1_staging_06,L2,0,6,0.5,True,False,False,3.115685424949238,3.488107320521854,2.016445906432324
v3_sc1_staging_06,L2,0,7,0.5,True,False,False,7.863351365237941,3.5942032191868547,2.0104780421266386
v3_sc1_staging_06,L2,0,8,0.5,True,False,False,3.1642135623730945,3.0514081714159524,2.2829840100151495
v3_sc1_staging_06,L2,0,9,0.5,True,False,False,7.3390872965260145,3.861765697512878,2.5083217912982647
v3_sc1_staging_06,L2,0,10,0.5,True,False,False,6.116904755831214,3.4458839313897722,1.5862646045025066
v3_sc1_staging_06,L2,0,11,0.5,True,False,False,7.397665940288707,3.369431482789171,0.8285330255586425
v3_sc1_staging_06,L2,0,12,0.5,True,False,False,6.102691193458118,3.465476011779671,2.2735356496717327
v3_sc1_staging_06,L2,0,13,0.5,False,False,False,nan,nan,nan
v3_sc1_staging_06,L2,0,14,0.5,True,False,False,7.7340620433565945,3.490613987846983,1.8817010727629109
v3_sc1_staging_06,L2,0,15,0.5,False,False,False,nan,nan,nan
v3_sc1_staging_06,L2,0,16,0.5,False,False,False,nan,nan,nan
v3_sc1_staging_06,L2,0,17,0.5,True,False,False,3.7506096654409875,4.531152949374527,2.1504716561397146
v3_sc1_staging_06,L2,0,18,0.5,False,False,False,nan,nan,nan
v3_sc1_staging_06,L2,0,19,0.5,True,False,False,5.612741699796953,4.5122350304031045,1.9418230894149562
v3_sc1_staging_06,L2,0,0,0.6,True,False,False,3.69350288425444,4.521951811795888,2.3217902119044926
v3_sc1_staging_06,L2,0,1,0.6,True,False,False,8.12193000900063,3.902556075736004,2.5083217912982647
v3_sc1_staging_06,L2,0,2,0.6,True,False,False,5.531980515339464,3.725221887664599,1.1643316977093239
v3_sc1_staging_06,L2,0,3,0.6,True,False,False,3.377817459305202,4.991812087098393,1.9186773244895647
v3_sc1_staging_06,L2,0,4,0.6,False,False,False,nan,nan,nan
v3_sc1_staging_06,L2,0,5,0.6,False,False,False,nan,nan,nan
v3_sc1_staging_06,L2,0,6,0.6,True,False,False,3.115685424949238,3.488107320521854,2.016445906432324
v3_sc1_staging_06,L2,0,7,0.6,True,False,False,7.863351365237941,3.5942032191868547,2.0104780421266386
v3_sc1_staging_06,L2,0,8,0.6,True,False,False,3.1642135623730945,3.0514081714159524,2.2829840100151495
v3_sc1_staging_06,L2,0,9,0.6,True,False,False,7.3390872965260145,3.861765697512878,2.5083217912982647
v3_sc1_staging_06,L2,0,10,0.6,True,False,False,6.116904755831214,3.4458839313897722,1.5862646045025066
v3_sc1_staging_06,L2,0,11,0.6,True,False,False,7.397665940288707,3.369431482789171,0.8285330255586425
v3_sc1_staging_06,L2,0,12,0.6,True,False,False,6.102691193458118,3.465476011779671,2.2735356496717327
v3_sc1_staging_06,L2,0,13,0.6,False,False,False,nan,nan,nan
v3_sc1_staging_06,L2,0,14,0.6,True,False,False,7.7340620433565945,3.490613987846983,1.8817010727629109
v3_sc1_staging_06,L2,0,15,0.6,False,False,False,nan,nan,nan
v3_sc1_staging_06,L2,0,16,0.6,False,False,False,nan,nan,nan
v3_sc1_staging_06,L2,0,17,0.6,True,False,False,3.7506096654409875,4.531152949374527,2.1504716561397146
v3_sc1_staging_06,L2,0,18,0.6,False,False,False,nan,nan,nan
v3_sc1_staging_06,L2,0,19,0.6,True,False,False,5.612741699796953,4.5122350304031045,1.9418230894149562
v3_sc1_staging_06,L2,0,0,0.8,True,False,False,3.69350288425444,4.521951811795888,2.3217902119044926
v3_sc1_staging_06,L2,0,1,0.8,True,False,False,8.12193000900063,3.902556075736004,2.5083217912982647
v3_sc1_staging_06,L2,0,2,0.8,True,False,False,5.531980515339464,3.725221887664599,1.1643316977093239
v3_sc1_staging_06,L2,0,3,0.8,True,False,False,3.377817459305202,4.991812087098393,1.9186773244895647
v3_sc1_staging_06,L2,0,4,0.8,False,False,False,nan,nan,nan
v3_sc1_staging_06,L2,0,5,0.8,False,False,False,nan,nan,nan
v3_sc1_staging_06,L2,0,6,0.8,True,False,False,3.115685424949238,3.488107320521854,2.016445906432324
v3_sc1_staging_06,L2,0,7,0.8,True,False,False,7.863351365237941,3.5942032191868547,2.0104780421266386
v3_sc1_staging_06,L2,0,8,0.8,True,False,False,3.1642135623730945,3.0514081714159524,2.2829840100151495
v3_sc1_staging_06,L2,0,9,0.8,True,False,False,7.3390872965260145,3.861765697512878,2.5083217912982647
v3_sc1_staging_06,L2,0,10,0.8,True,False,False,6.116904755831214,3.4458839313897722,1.5862646045025066
v3_sc1_staging_06,L2,0,11,0.8,True,False,False,7.397665940288707,3.369431482789171,0.8285330255586425
v3_sc1_staging_06,L2,0,12,0.8,True,False,False,6.102691193458118,3.465476011779671,2.2735356496717327
v3_sc1_staging_06,L2,0,13,0.8,False,False,False,nan,nan,nan
v3_sc1_staging_06,L2,0,14,0.8,True,False,False,7.7340620433565945,3.490613987846983,1.8817010727629109
v3_sc1_staging_06,L2,0,15,0.8,False,False,False,nan,nan,nan
v3_sc1_staging_06,L2,0,16,0.8,False,False,False,nan,nan,nan
v3_sc1_staging_06,L2,0,17,0.8,True,False,False,3.7506096654409875,4.531152949374527,2.1504716561397146
v3_sc1_staging_06,L2,0,18,0.8,False,False,False,nan,nan,nan
v3_sc1_staging_06,L2,0,19,0.8,True,False,False,5.612741699796953,4.5122350304031045,1.9418230894149562
v3_sc1_staging_06,L2,0,0,1.0,True,False,False,3.69350288425444,4.521951811795888,2.3217902119044926
v3_sc1_staging_06,L2,0,1,1.0,True,False,False,8.12193000900063,3.902556075736004,2.5083217912982647
v3_sc1_staging_06,L2,0,2,1.0,True,False,False,5.531980515339464,3.725221887664599,1.1643316977093239
v3_sc1_staging_06,L2,0,3,1.0,True,False,False,3.377817459305202,4.991812087098393,1.9186773244895647
v3_sc1_staging_06,L2,0,4,1.0,False,False,False,nan,nan,nan
v3_sc1_staging_06,L2,0,5,1.0,False,False,False,nan,nan,nan
v3_sc1_staging_06,L2,0,6,1.0,True,False,False,3.115685424949238,3.488107320521854,2.016445906432324
v3_sc1_staging_06,L2,0,7,1.0,True,False,False,7.863351365237941,3.5942032191868547,2.0104780421266386
v3_sc1_staging_06,L2,0,8,1.0,True,False,False,3.1642135623730945,3.0514081714159524,2.2829840100151495
v3_sc1_staging_06,L2,0,9,1.0,True,False,False,7.3390872965260145,3.861765697512878,2.5083217912982647
v3_sc1_staging_06,L2,0,10,1.0,True,False,False,6.116904755831214,3.4458839313897722,1.5862646045025066
v3_sc1_staging_06,L2,0,11,1.0,False,False,False,nan,nan,nan
v3_sc1_staging_06,L2,0,12,1.0,True,False,False,6.102691193458118,3.465476011779671,2.2735356496717327
v3_sc1_staging_06,L2,0,13,1.0,False,False,False,nan,nan,nan
v3_sc1_staging_06,L2,0,14,1.0,True,False,False,7.7340620433565945,3.490613987846983,1.8817010727629109
v3_sc1_staging_06,L2,0,15,1.0,False,False,False,nan,nan,nan
v3_sc1_staging_06,L2,0,16,1.0,False,False,False,nan,nan,nan
v3_sc1_staging_06,L2,0,17,1.0,True,False,False,3.7506096654409875,4.531152949374527,2.1504716561397146
v3_sc1_staging_06,L2,0,18,1.0,False,False,False,nan,nan,nan
v3_sc1_staging_06,L2,0,19,1.0,True,False,False,5.612741699796953,4.5122350304031045,1.9418230894149562
v3_sc1_staging_06,L2,0,0,1.25,True,False,False,3.69350288425444,4.521951811795888,2.3217902119044926
v3_sc1_staging_06,L2,0,1,1.25,True,False,False,8.12193000900063,3.902556075736004,2.5083217912982647
v3_sc1_staging_06,L2,0,2,1.25,False,False,False,nan,nan,nan
v3_sc1_staging_06,L2,0,3,1.25,True,False,False,3.377817459305202,4.991812087098393,1.9186773244895647
v3_sc1_staging_06,L2,0,4,1.25,False,False,False,nan,nan,nan
v3_sc1_staging_06,L2,0,5,1.25,False,False,False,nan,nan,nan
v3_sc1_staging_06,L2,0,6,1.25,True,False,False,3.115685424949238,3.488107320521854,2.016445906432324
v3_sc1_staging_06,L2,0,7,1.25,True,False,False,7.863351365237941,3.5942032191868547,2.0104780421266386
v3_sc1_staging_06,L2,0,8,1.25,True,False,False,3.1642135623730945,3.0514081714159524,2.2829840100151495
v3_sc1_staging_06,L2,0,9,1.25,True,False,False,7.3390872965260145,3.861765697512878,2.5083217912982647
v3_sc1_staging_06,L2,0,10,1.25,True,False,False,6.116904755831214,3.4458839313897722,1.5862646045025066
v3_sc1_staging_06,L2,0,11,1.25,False,False,False,nan,nan,nan
v3_sc1_staging_06,L2,0,12,1.25,True,False,False,6.102691193458118,3.465476011779671,2.2735356496717327
v3_sc1_staging_06,L2,0,13,1.25,False,False,False,nan,nan,nan
v3_sc1_staging_06,L2,0,14,1.25,True,False,False,7.7340620433565945,3.490613987846983,1.8817010727629109
v3_sc1_staging_06,L2,0,15,1.25,False,False,False,nan,nan,nan
v3_sc1_staging_06,L2,0,16,1.25,False,False,False,nan,nan,nan
v3_sc1_staging_06,L2,0,17,1.25,True,False,False,3.7506096654409875,4.531152949374527,2.1504716561397146
v3_sc1_staging_06,L2,0,18,1.25,False,False,False,nan,nan,nan
v3_sc1_staging_06,L2,0,19,1.25,True,False,False,5.612741699796953,4.5122350304031045,1.9418230894149562
v3_sc1_staging_06,L2,0,0,1.5,True,False,False,3.69350288425444,4.521951811795888,2.3217902119044926
v3_sc1_staging_06,L2,0,1,1.5,True,False,False,8.12193000900063,3.902556075736004,2.5083217912982647
v3_sc1_staging_06,L2,0,2,1.5,False,False,False,nan,nan,nan
v3_sc1_staging_06,L2,0,3,1.5,True,False,False,3.377817459305202,4.991812087098393,1.9186773244895647
v3_sc1_staging_06,L2,0,4,1.5,False,False,False,nan,nan,nan
v3_sc1_staging_06,L2,0,5,1.5,False,False,False,nan,nan,nan
v3_sc1_staging_06,L2,0,6,1.5,True,False,False,3.115685424949238,3.488107320521854,2.016445906432324
v3_sc1_staging_06,L2,0,7,1.5,True,False,False,7.863351365237941,3.5942032191868547,2.0104780421266386
v3_sc1_staging_06,L2,0,8,1.5,True,False,False,3.1642135623730945,3.0514081714159524,2.2829840100151495
v3_sc1_staging_06,L2,0,9,1.5,True,False,False,7.3390872965260145,3.861765697512878,2.5083217912982647
v3_sc1_staging_06,L2,0,10,1.5,True,False,False,6.116904755831214,3.4458839313897722,1.5862646045025066
v3_sc1_staging_06,L2,0,11,1.5,False,False,False,nan,nan,nan
v3_sc1_staging_06,L2,0,12,1.5,True,False,False,6.102691193458118,3.465476011779671,2.2735356496717327
v3_sc1_staging_06,L2,0,13,1.5,False,False,False,nan,nan,nan
v3_sc1_staging_06,L2,0,14,1.5,True,False,False,7.7340620433565945,3.490613987846983,1.8817010727629109
v3_sc1_staging_06,L2,0,15,1.5,False,False,False,nan,nan,nan
v3_sc1_staging_06,L2,0,16,1.5,False,False,False,nan,nan,nan
v3_sc1_staging_06,L2,0,17,1.5,True,False,False,3.7506096654409875,4.531152949374527,2.1504716561397146
v3_sc1_staging_06,L2,0,18,1.5,False,False,False,nan,nan,nan
v3_sc1_staging_06,L2,0,19,1.5,True,False,False,5.612741699796953,4.5122350304031045,1.9418230894149562
v3_sc1_staging_06,L2,0,0,2.0,True,False,False,3.69350288425444,4.521951811795888,2.3217902119044926
v3_sc1_staging_06,L2,0,1,2.0,True,False,False,8.12193000900063,3.902556075736004,2.5083217912982647
v3_sc1_staging_06,L2,0,2,2.0,False,False,False,nan,nan,nan
v3_sc1_staging_06,L2,0,3,2.0,True,False,False,3.398528137423857,4.991812087098393,2.0004999500099974
v3_sc1_staging_06,L2,0,4,2.0,False,False,False,nan,nan,nan
v3_sc1_staging_06,L2,0,5,2.0,False,False,False,nan,nan,nan
v3_sc1_staging_06,L2,0,6,2.0,True,False,False,3.115685424949238,3.488107320521854,2.016445906432324
v3_sc1_staging_06,L2,0,7,2.0,True,False,False,7.863351365237941,3.5942032191868547,2.0104780421266386
v3_sc1_staging_06,L2,0,8,2.0,True,False,False,3.1642135623730945,3.0514081714159524,2.2829840100151495
v3_sc1_staging_06,L2,0,9,2.0,True,False,False,7.3390872965260145,3.861765697512878,2.5083217912982647
v3_sc1_staging_06,L2,0,10,2.0,True,False,False,6.158326112068524,3.4319206502675,2.004495957273639
v3_sc1_staging_06,L2,0,11,2.0,False,False,False,nan,nan,nan
v3_sc1_staging_06,L2,0,12,2.0,True,False,False,6.102691193458118,3.465476011779671,2.2735356496717327
v3_sc1_staging_06,L2,0,13,2.0,False,False,False,nan,nan,nan
v3_sc1_staging_06,L2,0,14,2.0,False,False,False,nan,nan,nan
v3_sc1_staging_06,L2,0,15,2.0,False,False,False,nan,nan,nan
v3_sc1_staging_06,L2,0,16,2.0,False,False,False,nan,nan,nan
v3_sc1_staging_06,L2,0,17,2.0,True,False,False,3.7506096654409875,4.531152949374527,2.1504716561397146
v3_sc1_staging_06,L2,0,18,2.0,False,False,False,nan,nan,nan
v3_sc1_staging_06,L2,0,19,2.0,True,False,False,5.612741699796953,4.5122350304031045,2.2
v3_sc1_staging_06,L2,1,0,0.0,True,False,False,3.672792206135785,4.511237372146724,2.314693589007514
v3_sc1_staging_06,L2,1,1,0.0,True,False,False,8.16335136523794,3.8525854385640725,2.5041637771599605
v3_sc1_staging_06,L2,1,2,0.0,True,False,False,5.502691193458119,3.725221887664599,1.200735135169495
v3_sc1_staging_06,L2,1,3,0.0,True,False,False,3.357106781186548,4.942655601817922,1.925386567126981
v3_sc1_staging_06,L2,1,4,0.0,True,False,False,4.567766952966369,1.5402205763103165,0.30000000000000004
v3_sc1_staging_06,L2,1,5,0.0,True,False,False,4.5278174593052025,2.23221521846285,0.2433034373659253
v3_sc1_staging_06,L2,1,6,0.0,True,False,False,3.0949747468305833,3.488107320521854,2.0553864678361276
v3_sc1_staging_06,L2,1,7,0.0,True,False,False,7.834062043356596,3.7358588267316,2.0104780421266386
v3_sc1_staging_06,L2,1,8,0.0,True,False,False,3.1849242404917493,3.0514081714159524,2.298660393831306
v3_sc1_staging_06,L2,1,9,0.0,True,False,False,7.3390872965260145,3.9059618700120415,2.5041637771599605
v3_sc1_staging_06,L2,1,10,0.0,True,False,False,6.0876154339498685,3.4458839313897722,1.6213203435596428
v3_sc1_staging_06,L2,1,11,0.0,True,False,False,7.439087296526018,3.324264635194589,0.8601470508735445
v3_sc1_staging_06,L2,1,12,0.0,True,False,False,6.123401871576773,3.465476011779671,2.2504545078950136
v3_sc1_staging_06,L2,1,13,0.0,True,False,False,4.800609665440988,3.6003048667141817,2.709750769140807
v3_sc1_staging_06,L2,1,14,0.0,True,False,False,7.704772721475251,3.465476011779671,1.8711811402758753
v3_sc1_staging_06,L2,1,15,0.0,True,False,False,7.760660171779822,1.5880613017821101,0.30000000000000004
v3_sc1_staging_06,L2,1,16,0.0,True,False,False,4.267766952966368,1.1620770138594663,0.30000000000000004
v3_sc1_staging_06,L2,1,17,0.0,True,False,False,3.7006096654409877,4.5403372903011165,2.1315394733881536
v3_sc1_staging_06,L2,1,18,0.0,True,False,False,4.443502884254441,1.9300205760445737,0.30000000000000004
v3_sc1_staging_06,L2,1,19,0.0,True,False,False,5.592031021678298,4.508991914547278,1.933105012119288
v3_sc1_staging_06,L2,1,0,0.1,True,False,False,3.672792206135785,4.511237372146724,2.314693589007514
v3_sc1_staging_06,L2,1,1,0.1,True,False,False,8.16335136523794,3.8525854385640725,2.5041637771599605
v3_sc1_staging_06,L2,1,2,0.1,True,False,False,5.502691193458119,3.725221887664599,1.200735135169495
v3_sc1_staging_06,L2,1,3,0.1,True,False,False,3.357106781186548,4.942655601817922,1.925386567126981
v3_sc1_staging_06,L2,1,4,0.1,True,False,False,4.567766952966369,1.5402205763103165,0.30000000000000004
v3_sc1_staging_06,L2,1,5,0.1,True,False,False,4.5278174593052025,2.23221521846285,0.2433034373659253
v3_sc1_staging_06,L2,1,6,0.1,True,False,False,3.0949747468305833,3.488107320521854,2.0553864678361276
v3_sc1_staging_06,L2,1,7,0.1,True,False,False,7.834062043356596,3.7358588267316,2.0104780421266386
v3_sc1_staging_06,L2,1,8,0.1,True,False,False,3.1849242404917493,3.0514081714159524,2.298660393831306
v3_sc1_staging_06,L2,1,9,0.1,True,False,False,7.3390872965260145,3.9059618700120415,2.5041637771599605
v3_sc1_staging_06,L2,1,10,0.1,True,False,False,6.0876154339498685,3.4458839313897722,1.6213203435596428
v3_sc1_staging_06,L2,1,11,0.1,True,False,False,7.439087296526018,3.324264635194589,0.8601470508735445
v3_sc1_staging_06,L2,1,12,0.1,True,False,False,6.123401871576773,3.465476011779671,2.2504545078950136
v3_sc1_staging_06,L2,1,13,0.1,True,False,False,4.800609665440988,3.6003048667141817,2.709750769140807
v3_sc1_staging_06,L2,1,14,0.1,True,False,False,7.704772721475251,3.465476011779671,1.8711811402758753
v3_sc1_staging_06,L2,1,15,0.1,True,False,False,7.760660171779822,1.5880613017821101,0.30000000000000004
v3_sc1_staging_06,L2,1,16,0.1,True,False,False,4.267766952966368,1.1620770138594663,0.30000000000000004
v3_sc1_staging_06,L2,1,17,0.1,True,False,False,3.7006096654409877,4.5403372903011165,2.1315394733881536
v3_sc1_staging_06,L2,1,18,0.1,True,False,False,4.443502884254441,1.9300205760445737,0.30000000000000004
v3_sc1_staging_06,L2,1,19,0.1,True,False,False,5.592031021678298,4.508991914547278,1.933105012119288
v3_sc1_staging_06,L2,1,0,0.2,True,False,False,3.672792206135785,4.511237372146724,2.314693589007514
v3_sc1_staging_06,L2,1,1,0.2,True,False,False,8.16335136523794,3.8525854385640725,2.5041637771599605
v3_sc1_staging_06,L2,1,2,0.2,True,False,False,5.502691193458119,3.725221887664599,1.200735135169495
v3_sc1_staging_06,L2,1,3,0.2,True,False,False,3.357106781186548,4.942655601817922,1.925386567126981
v3_sc1_staging_06,L2,1,4,0.2,True,False,False,4.567766952966369,1.5402205763103165,0.30000000000000004
v3_sc1_staging_06,L2,1,5,0.2,True,False,False,4.5278174593052025,2.23221521846285,0.2433034373659253
v3_sc1_staging_06,L2,1,6,0.2,True,False,False,3.0949747468305833,3.488107320521854,2.0553864678361276
v3_sc1_staging_06,L2,1,7,0.2,True,False,False,7.834062043356596,3.7358588267316,2.0104780421266386
v3_sc1_staging_06,L2,1,8,0.2,True,False,False,3.1849242404917493,3.0514081714159524,2.298660393831306
v3_sc1_staging_06,L2,1,9,0.2,True,False,False,7.3390872965260145,3.9059618700120415,2.5041637771599605
v3_sc1_staging_06,L2,1,10,0.2,True,False,False,6.0876154339498685,3.4458839313897722,1.6213203435596428
v3_sc1_staging_06,L2,1,11,0.2,True,False,False,7.439087296526018,3.324264635194589,0.8601470508735445
v3_sc1_staging_06,L2,1,12,0.2,True,False,False,6.123401871576773,3.465476011779671,2.2504545078950136
v3_sc1_staging_06,L2,1,13,0.2,True,False,False,4.800609665440988,3.6003048667141817,2.709750769140807
v3_sc1_staging_06,L2,1,14,0.2,True,False,False,7.704772721475251,3.465476011779671,1.8711811402758753
v3_sc1_staging_06,L2,1,15,0.2,True,False,False,7.760660171779822,1.5880613017821101,0.30000000000000004
v3_sc1_staging_06,L2,1,16,0.2,True,False,False,4.267766952966368,1.1620770138594663,0.30000000000000004
v3_sc1_staging_06,L2,1,17,0.2,True,False,False,3.7006096654409877,4.5403372903011165,2.1315394733881536
v3_sc1_staging_06,L2,1,18,0.2,True,False,False,4.443502884254441,1.9300205760445737,0.30000000000000004
v3_sc1_staging_06,L2,1,19,0.2,True,False,False,5.592031021678298,4.508991914547278,1.933105012119288
v3_sc1_staging_06,L2,1,0,0.3,True,False,False,3.672792206135785,4.511237372146724,2.314693589007514
v3_sc1_staging_06,L2,1,1,0.3,True,False,False,8.16335136523794,3.8525854385640725,2.5041637771599605
v3_sc1_staging_06,L2,1,2,0.3,True,False,False,5.502691193458119,3.725221887664599,1.200735135169495
v3_sc1_staging_06,L2,1,3,0.3,True,False,False,3.357106781186548,4.942655601817922,1.925386567126981
v3_sc1_staging_06,L2,1,4,0.3,True,False,False,4.609188309203678,1.5402205763103165,0.3015609770940699
v3_sc1_staging_06,L2,1,5,0.3,True,False,False,4.569238815542511,2.23221521846285,0.3062257748298549
v3_sc1_staging_06,L2,1,6,0.3,True,False,False,3.0949747468305833,3.488107320521854,2.0553864678361276
v3_sc1_staging_06,L2,1,7,0.3,True,False,False,7.834062043356596,3.7358588267316,2.0104780421266386
v3_sc1_staging_06,L2,1,8,0.3,True,False,False,3.1849242404917493,3.0514081714159524,2.298660393831306
v3_sc1_staging_06,L2,1,9,0.3,True,False,False,7.3390872965260145,3.9059618700120415,2.5041637771599605
v3_sc1_staging_06,L2,1,10,0.3,True,False,False,6.0876154339498685,3.4458839313897722,1.6213203435596428
v3_sc1_staging_06,L2,1,11,0.3,True,False,False,7.439087296526018,3.324264635194589,0.8601470508735445
v3_sc1_staging_06,L2,1,12,0.3,True,False,False,6.123401871576773,3.465476011779671,2.2504545078950136
v3_sc1_staging_06,L2,1,13,0.3,True,False,False,4.800609665440988,3.6003048667141817,2.709750769140807
v3_sc1_staging_06,L2,1,14,0.3,True,False,False,7.704772721475251,3.465476011779671,1.8711811402758753
v3_sc1_staging_06,L2,1,15,0.3,True,False,False,7.8020815280171325,1.5880613017821101,0.3015609770940699
v3_sc1_staging_06,L2,1,16,0.3,True,False,False,4.3091883092036785,1.1620770138594663,0.3015609770940699
v3_sc1_staging_06,L2,1,17,0.3,True,False,False,3.7006096654409877,4.5403372903011165,2.1315394733881536
v3_sc1_staging_06,L2,1,18,0.3,True,False,False,4.4849242404917495,1.9300205760445737,0.3015609770940699
v3_sc1_staging_06,L2,1,19,0.3,True,False,False,5.592031021678298,4.508991914547278,1.933105012119288
v3_sc1_staging_06,L2,1,0,0.4,True,False,False,3.672792206135785,4.511237372146724,2.314693589007514
v3_sc1_staging_06,L2,1,1,0.4,True,False,False,8.16335136523794,3.8525854385640725,2.5041637771599605
v3_sc1_staging_06,L2,1,2,0.4,True,False,False,5.502691193458119,3.725221887664599,1.200735135169495
v3_sc1_staging_06,L2,1,3,0.4,True,False,False,3.357106781186548,4.942655601817922,1.925386567126981
v3_sc1_staging_06,L2,1,4,0.4,False,False,False,nan,nan,nan
v3_sc1_staging_06,L2,1,5,0.4,False,False,False,nan,nan,nan
v3_sc1_staging_06,L2,1,6,0.4,True,False,False,3.0949747468305833,3.488107320521854,2.0553864678361276
v3_sc1_staging_06,L2,1,7,0.4,True,False,False,7.834062043356596,3.7358588267316,2.0104780421266386
v3_sc1_staging_06,L2,1,8,0.4,True,False,False,3.1849242404917493,3.0514081714159524,2.298660393831306
v3_sc1_staging_06,L2,1,9,0.4,True,False,False,7.3390872965260145,3.9059618700120415,2.5041637771599605
v3_sc1_staging_06,L2,1,10,0.4,True,False,False,6.0876154339498685,3.4458839313897722,1.6213203435596428
v3_sc1_staging_06,L2,1,11,0.4,True,False,False,7.439087296526018,3.324264635194589,0.8601470508735445
v3_sc1_staging_06,L2,1,12,0.4,True,False,False,6.123401871576773,3.465476011779671,2.2504545078950136
v3_sc1_staging_06,L2,1,13,0.4,True,False,False,4.800609665440988,3.6003048667141817,2.709750769140807
v3_sc1_staging_06,L2,1,14,0.4,True,False,False,7.704772721475251,3.465476011779671,1.8711811402758753
v3_sc1_staging_06,L2,1,15,0.4,False,False,False,nan,nan,nan
v3_sc1_staging_06,L2,1,16,0.4,False,False,False,nan,nan,nan
v3_sc1_staging_06,L2,1,17,0.4,True,False,False,3.7006096654409877,4.5403372903011165,2.1315394733881536
v3_sc1_staging_06,L2,1,18,0.4,False,False,False,nan,nan,nan
v3_sc1_staging_06,L2,1,19,0.4,True,False,False,5.592031021678298,4.508991914547278,1.933105012119288
v3_sc1_staging_06,L2,1,0,0.5,True,False,False,3.672792206135785,4.511237372146724,2.314693589007514
v3_sc1_staging_06,L2,1,1,0.5,True,False,False,8.16335136523794,3.8525854385640725,2.5041637771599605
v3_sc1_staging_06,L2,1,2,0.5,True,False,False,5.502691193458119,3.725221887664599,1.200735135169495
v3_sc1_staging_06,L2,1,3,0.5,True,False,False,3.357106781186548,4.942655601817922,1.925386567126981
v3_sc1_staging_06,L2,1,4,0.5,False,False,False,nan,nan,nan
v3_sc1_staging_06,L2,1,5,0.5,False,False,False,nan,nan,nan
v3_sc1_staging_06,L2,1,6,0.5,True,False,False,3.0949747468305833,3.488107320521854,2.0553864678361276
v3_sc1_staging_06,L2,1,7,0.5,True,False,False,7.834062043356596,3.7358588267316,2.0104780421266386
v3_sc1_staging_06,L2,1,8,0.5,True,False,False,3.1849242404917493,3.0514081714159524,2.298660393831306
v3_sc1_staging_06,L2,1,9,0.5,True,False,False,7.3390872965260145,3.9059618700120415,2.5041637771599605
v3_sc1_staging_06,L2,1,10,0.5,True,False,False,6.0876154339498685,3.4458839313897722,1.6213203435596428
v3_sc1_staging_06,L2,1,11,0.5,True,False,False,7.439087296526018,3.324264635194589,0.8601470508735445
v3_sc1_staging_06,L2,1,12,0.5,True,False,False,6.123401871576773,3.465476011779671,2.2504545078950136
v3_sc1_staging_06,L2,1,13,0.5,True,False,False,4.800609665440988,3.6003048667141817,2.709750769140807
v3_sc1_staging_06,L2,1,14,0.5,True,False,False,7.704772721475251,3.465476011779671,1.8711811402758753
v3_sc1_staging_06,L2,1,15,0.5,False,False,False,nan,nan,nan
v3_sc1_staging_06,L2,1,16,0.5,False,False,False,nan,nan,nan
v3_sc1_staging_06,L2,1,17,0.5,True,False,False,3.7006096654409877,4.5403372903011165,2.1315394733881536
v3_sc1_staging_06,L2,1,18,0.5,False,False,False,nan,nan,nan
v3_sc1_staging_06,L2,1,19,0.5,True,False,False,5.592031021678298,4.508991914547278,1.933105012119288
v3_sc1_staging_06,L2,1,0,0.6,True,False,False,3.672792206135785,4.511237372146724,2.314693589007514
v3_sc1_staging_06,L2,1,1,0.6,True,False,False,8.16335136523794,3.8525854385640725,2.5041637771599605
v3_sc1_staging_06,L2,1,2,0.6,True,False,False,5.502691193458119,3.725221887664599,1.200735135169495
v3_sc1_staging_06,L2,1,3,0.6,True,False,False,3.357106781186548,4.942655601817922,1.925386567126981
v3_sc1_staging_06,L2,1,4,0.6,False,False,False,nan,nan,nan
v3_sc1_staging_06,L2,1,5,0.6,False,False,False,nan,nan,nan
v3_sc1_staging_06,L2,1,6,0.6,True,False,False,3.0949747468305833,3.488107320521854,2.0553864678361276
v3_sc1_staging_06,L2,1,7,0.6,True,False,False,7.834062043356596,3.7358588267316,2.0104780421266386
v3_sc1_staging_06,L2,1,8,0.6,True,False,False,3.1849242404917493,3.0514081714159524,2.298660393831306
v3_sc1_staging_06,L2,1,9,0.6,True,False,False,7.3390872965260145,3.9059618700120415,2.5041637771599605
v3_sc1_staging_06,L2,1,10,0.6,True,False,False,6.0876154339498685,3.4458839313897722,1.6213203435596428
v3_sc1_staging_06,L2,1,11,0.6,True,False,False,7.439087296526018,3.324264635194589,0.8601470508735445
v3_sc1_staging_06,L2,1,12,0.6,True,False,False,6.123401871576773,3.465476011779671,2.2504545078950136
v3_sc1_staging_06,L2,1,13,0.6,True,False,False,4.800609665440988,3.6003048667141817,2.709750769140807
v3_sc1_staging_06,L2,1,14,0.6,True,False,False,7.704772721475251,3.465476011779671,1.8711811402758753
v3_sc1_staging_06,L2,1,15,0.6,False,False,False,nan,nan,nan
v3_sc1_staging_06,L2,1,16,0.6,False,False,False,nan,nan,nan
v3_sc1_staging_06,L2,1,17,0.6,True,False,False,3.7006096654409877,4.5403372903011165,2.1315394733881536
v3_sc1_staging_06,L2,1,18,0.6,False,False,False,nan,nan,nan
v3_sc1_staging_06,L2,1,19,0.6,True,False,False,5.592031021678298,4.508991914547278,1.933105012119288
v3_sc1_staging_06,L2,1,0,0.8,True,False,False,3.672792206135785,4.511237372146724,2.314693589007514
v3_sc1_staging_06,L2,1,1,0.8,True,False,False,8.16335136523794,3.8525854385640725,2.5041637771599605
v3_sc1_staging_06,L2,1,2,0.8,True,False,False,5.502691193458119,3.725221887664599,1.200735135169495
v3_sc1_staging_06,L2,1,3,0.8,True,False,False,3.357106781186548,4.942655601817922,1.925386567126981
v3_sc1_staging_06,L2,1,4,0.8,False,False,False,nan,nan,nan
v3_sc1_staging_06,L2,1,5,0.8,False,False,False,nan,nan,nan
v3_sc1_staging_06,L2,1,6,0.8,True,False,False,3.0949747468305833,3.488107320521854,2.0553864678361276
v3_sc1_staging_06,L2,1,7,0.8,True,False,False,7.834062043356596,3.7358588267316,2.0104780421266386
v3_sc1_staging_06,L2,1,8,0.8,True,False,False,3.1849242404917493,3.0514081714159524,2.298660393831306
v3_sc1_staging_06,L2,1,9,0.8,True,False,False,7.3390872965260145,3.9059618700120415,2.5041637771599605
v3_sc1_staging_06,L2,1,10,0.8,True,False,False,6.0876154339498685,3.4458839313897722,1.6213203435596428
v3_sc1_staging_06,L2,1,11,0.8,True,False,False,7.439087296526018,3.324264635194589,0.8601470508735445
v3_sc1_staging_06,L2,1,12,0.8,True,False,False,6.123401871576773,3.465476011779671,2.2504545078950136
v3_sc1_staging_06,L2,1,13,0.8,True,False,False,4.800609665440988,3.6003048667141817,2.709750769140807
v3_sc1_staging_06,L2,1,14,0.8,True,False,False,7.704772721475251,3.465476011779671,1.8711811402758753
v3_sc1_staging_06,L2,1,15,0.8,False,False,False,nan,nan,nan
v3_sc1_staging_06,L2,1,16,0.8,False,False,False,nan,nan,nan
v3_sc1_staging_06,L2,1,17,0.8,True,False,False,3.7006096654409877,4.5403372903011165,2.1315394733881536
v3_sc1_staging_06,L2,1,18,0.8,False,False,False,nan,nan,nan
v3_sc1_staging_06,L2,1,19,0.8,True,False,False,5.592031021678298,4.508991914547278,1.933105012119288
v3_sc1_staging_06,L2,1,0,1.0,True,False,False,3.672792206135785,4.511237372146724,2.314693589007514
v3_sc1_staging_06,L2,1,1,1.0,True,False,False,8.16335136523794,3.8525854385640725,2.5041637771599605
v3_sc1_staging_06,L2,1,2,1.0,True,False,False,5.502691193458119,3.725221887664599,1.200735135169495
v3_sc1_staging_06,L2,1,3,1.0,True,False,False,3.357106781186548,4.942655601817922,1.925386567126981
v3_sc1_staging_06,L2,1,4,1.0,False,False,False,nan,nan,nan
v3_sc1_staging_06,L2,1,5,1.0,False,False,False,nan,nan,nan
v3_sc1_staging_06,L2,1,6,1.0,True,False,False,3.0949747468305833,3.488107320521854,2.0553864678361276
v3_sc1_staging_06,L2,1,7,1.0,True,False,False,7.834062043356596,3.7358588267316,2.0104780421266386
v3_sc1_staging_06,L2,1,8,1.0,True,False,False,3.1849242404917493,3.0514081714159524,2.298660393831306
v3_sc1_staging_06,L2,1,9,1.0,True,False,False,7.3390872965260145,3.9059618700120415,2.5041637771599605
v3_sc1_staging_06,L2,1,10,1.0,True,False,False,6.0876154339498685,3.4458839313897722,1.6213203435596428
v3_sc1_staging_06,L2,1,11,1.0,False,False,False,nan,nan,nan
v3_sc1_staging_06,L2,1,12,1.0,True,False,False,6.123401871576773,3.465476011779671,2.2504545078950136
v3_sc1_staging_06,L2,1,13,1.0,True,False,False,4.800609665440988,3.6003048667141817,2.709750769140807
v3_sc1_staging_06,L2,1,14,1.0,True,False,False,7.704772721475251,3.465476011779671,1.8711811402758753
v3_sc1_staging_06,L2,1,15,1.0,False,False,False,nan,nan,nan
v3_sc1_staging_06,L2,1,16,1.0,False,False,False,nan,nan,nan
v3_sc1_staging_06,L2,1,17,1.0,True,False,False,3.7006096654409877,4.5403372903011165,2.1315394733881536
v3_sc1_staging_06,L2,1,18,1.0,False,False,False,nan,nan,nan
v3_sc1_staging_06,L2,1,19,1.0,True,False,False,5.592031021678298,4.508991914547278,1.933105012119288
v3_sc1_staging_06,L2,1,0,1.25,True,False,False,3.672792206135785,4.511237372146724,2.314693589007514
v3_sc1_staging_06,L2,1,1,1.25,True,False,False,8.16335136523794,3.8525854385640725,2.5041637771599605
v3_sc1_staging_06,L2,1,2,1.25,False,False,False,nan,nan,nan
v3_sc1_staging_06,L2,1,3,1.25,True,False,False,3.357106781186548,4.942655601817922,1.925386567126981
v3_sc1_staging_06,L2,1,4,1.25,False,False,False,nan,nan,nan
v3_sc1_staging_06,L2,1,5,1.25,False,False,False,nan,nan,nan
v3_sc1_staging_06,L2,1,6,1.25,True,False,False,3.0949747468305833,3.488107320521854,2.0553864678361276
v3_sc1_staging_06,L2,1,7,1.25,True,False,False,7.834062043356596,3.7358588267316,2.0104780421266386
v3_sc1_staging_06,L2,1,8,1.25,True,False,False,3.1849242404917493,3.0514081714159524,2.298660393831306
v3_sc1_staging_06,L2,1,9,1.25,True,False,False,7.3390872965260145,3.9059618700120415,2.5041637771599605
v3_sc1_staging_06,L2,1,10,1.25,True,False,False,6.0876154339498685,3.4458839313897722,1.6213203435596428
v3_sc1_staging_06,L2,1,11,1.25,False,False,False,nan,nan,nan
v3_sc1_staging_06,L2,1,12,1.25,True,False,False,6.123401871576773,3.465476011779671,2.2504545078950136
v3_sc1_staging_06,L2,1,13,1.25,True,False,False,4.800609665440988,3.6003048667141817,2.709750769140807
v3_sc1_staging_06,L2,1,14,1.25,True,False,False,7.704772721475251,3.465476011779671,1.8711811402758753
v3_sc1_staging_06,L2,1,15,1.25,False,False,False,nan,nan,nan
v3_sc1_staging_06,L2,1,16,1.25,False,False,False,nan,nan,nan
v3_sc1_staging_06,L2,1,17,1.25,True,False,False,3.7006096654409877,4.5403372903011165,2.1315394733881536
v3_sc1_staging_06,L2,1,18,1.25,False,False,False,nan,nan,nan
v3_sc1_staging_06,L2,1,19,1.25,True,False,False,5.592031021678298,4.508991914547278,1.933105012119288
v3_sc1_staging_06,L2,1,0,1.5,True,False,False,3.672792206135785,4.511237372146724,2.314693589007514
v3_sc1_staging_06,L2,1,1,1.5,True,False,False,8.16335136523794,3.8525854385640725,2.5041637771599605
v3_sc1_staging_06,L2,1,2,1.5,False,False,False,nan,nan,nan
v3_sc1_staging_06,L2,1,3,1.5,True,False,False,3.357106781186548,4.942655601817922,1.925386567126981
v3_sc1_staging_06,L2,1,4,1.5,False,False,False,nan,nan,nan
v3_sc1_staging_06,L2,1,5,1.5,False,False,False,nan,nan,nan
v3_sc1_staging_06,L2,1,6,1.5,True,False,False,3.0949747468305833,3.488107320521854,2.0553864678361276
v3_sc1_staging_06,L2,1,7,1.5,True,False,False,7.834062043356596,3.7358588267316,2.0104780421266386
v3_sc1_staging_06,L2,1,8,1.5,True,False,False,3.1849242404917493,3.0514081714159524,2.298660393831306
v3_sc1_staging_06,L2,1,9,1.5,True,False,False,7.3390872965260145,3.9059618700120415,2.5041637771599605
v3_sc1_staging_06,L2,1,10,1.5,True,False,False,6.0876154339498685,3.4458839313897722,1.6213203435596428
v3_sc1_staging_06,L2,1,11,1.5,False,False,False,nan,nan,nan
v3_sc1_staging_06,L2,1,12,1.5,True,False,False,6.123401871576773,3.465476011779671,2.2504545078950136
v3_sc1_staging_06,L2,1,13,1.5,True,False,False,4.800609665440988,3.6003048667141817,2.709750769140807
v3_sc1_staging_06,L2,1,14,1.5,True,False,False,7.704772721475251,3.465476011779671,1.8711811402758753
v3_sc1_staging_06,L2,1,15,1.5,False,False,False,nan,nan,nan
v3_sc1_staging_06,L2,1,16,1.5,False,False,False,nan,nan,nan
v3_sc1_staging_06,L2,1,17,1.5,True,False,False,3.7006096654409877,4.5403372903011165,2.1315394733881536
v3_sc1_staging_06,L2,1,18,1.5,False,False,False,nan,nan,nan
v3_sc1_staging_06,L2,1,19,1.5,True,False,False,5.592031021678298,4.508991914547278,1.933105012119288
v3_sc1_staging_06,L2,1,0,2.0,True,False,False,3.672792206135785,4.511237372146724,2.314693589007514
v3_sc1_staging_06,L2,1,1,2.0,True,False,False,8.16335136523794,3.8525854385640725,2.5041637771599605
v3_sc1_staging_06,L2,1,2,2.0,False,False,False,nan,nan,nan
v3_sc1_staging_06,L2,1,3,2.0,True,False,False,3.377817459305202,4.942655601817922,2.0004999500099974
v3_sc1_staging_06,L2,1,4,2.0,False,False,False,nan,nan,nan
v3_sc1_staging_06,L2,1,5,2.0,False,False,False,nan,nan,nan
v3_sc1_staging_06,L2,1,6,2.0,True,False,False,3.0949747468305833,3.488107320521854,2.0553864678361276
v3_sc1_staging_06,L2,1,7,2.0,True,False,False,7.834062043356596,3.7358588267316,2.0104780421266386
v3_sc1_staging_06,L2,1,8,2.0,True,False,False,3.1849242404917493,3.0514081714159524,2.298660393831306
v3_sc1_staging_06,L2,1,9,2.0,True,False,False,7.3390872965260145,3.9059618700120415,2.5041637771599605
v3_sc1_staging_06,L2,1,10,2.0,True,False,False,6.108326112068525,3.438591118661596,2.004495957273639
v3_sc1_staging_06,L2,1,11,2.0,False,False,False,nan,nan,nan
v3_sc1_staging_06,L2,1,12,2.0,True,False,False,6.123401871576773,3.465476011779671,2.2504545078950136
v3_sc1_staging_06,L2,1,13,2.0,True,False,False,4.800609665440988,3.6003048667141817,2.709750769140807
v3_sc1_staging_06,L2,1,14,2.0,False,False,False,nan,nan,nan
v3_sc1_staging_06,L2,1,15,2.0,False,False,False,nan,nan,nan
v3_sc1_staging_06,L2,1,16,2.0,False,False,False,nan,nan,nan
v3_sc1_staging_06,L2,1,17,2.0,True,False,False,3.7006096654409877,4.5403372903011165,2.1315394733881536
v3_sc1_staging_06,L2,1,18,2.0,False,False,False,nan,nan,nan
v3_sc1_staging_06,L2,1,19,2.0,True,False,False,5.592031021678299,4.508991914547278,2.1967573120323602
v3_sc1_staging_06,L2,2,0,0.0,True,False,False,3.672792206135785,4.511237372146724,2.314693589007514
v3_sc1_staging_06,L2,2,1,0.0,True,False,False,8.134062043356595,3.8525854385640725,2.5041637771599605
v3_sc1_staging_06,L2,2,2,0.0,True,False,False,5.502691193458119,3.725221887664599,1.2219175357722563
v3_sc1_staging_06,L2,2,3,0.0,True,False,False,3.357106781186548,4.942655601817922,1.925386567126981
v3_sc1_staging_06,L2,2,4,0.0,True,False,False,4.567766952966369,1.5248456731316589,0.3500000000000001
v3_sc1_staging_06,L2,2,5,0.0,True,False,False,4.5278174593052025,2.23221521846285,0.2433034373659253
v3_sc1_staging_06,L2,2,6,0.0,True,False,False,3.0949747468305833,3.488107320521854,2.0500000000000003
v3_sc1_staging_06,L2,2,7,0.0,True,False,False,7.804772721475249,3.678516483155236,2.0104780421266386
v3_sc1_staging_06,L2,2,8,0.0,True,False,False,3.1849242404917493,3.0514081714159524,2.3111385593741196
v3_sc1_staging_06,L2,2,9,0.0,True,False,False,7.30979797464467,3.9059618700120415,2.5041637771599605
v3_sc1_staging_06,L2,2,10,0.0,True,False,False,6.0876154339498685,3.4458839313897722,1.6213203435596428
v3_sc1_staging_06,L2,2,11,0.0,True,False,False,7.40979797464467,3.324264635194589,0.8462912017836262
v3_sc1_staging_06,L2,2,12,0.0,True,False,False,6.094112549695428,3.5024992192379,2.2504545078950136
v3_sc1_staging_06,L2,2,13,0.0,True,False,False,4.800609665440988,3.7101068870041765,2.709750769140807
v3_sc1_staging_06,L2,2,14,0.0,True,False,False,7.67548339959391,3.5024992192379,1.8711811402758753
v3_sc1_staging_06,L2,2,15,0.0,True,False,False,7.781370849898477,1.5554804791094465,0.30000000000000004
v3_sc1_staging_06,L2,2,16,0.0,True,False,False,4.247056274847714,1.2102631376487072,0.3500000000000001
v3_sc1_staging_06,L2,2,17,0.0,True,False,False,3.7006096654409877,4.5403372903011165,2.1315394733881536
v3_sc1_staging_06,L2,2,18,0.0,True,False,False,4.443502884254441,1.9300205760445737,0.3500000000000001
v3_sc1_staging_06,L2,2,19,0.0,True,False,False,5.592031021678298,4.515974481593782,1.933105012119288
v3_sc1_staging_06,L2,2,0,0.1,True,False,False,3.672792206135785,4.511237372146724,2.314693589007514
v3_sc1_staging_06,L2,2,1,0.1,True,False,False,8.134062043356595,3.8525854385640725,2.5041637771599605
v3_sc1_staging_06,L2,2,2,0.1,True,False,False,5.502691193458119,3.725221887664599,1.2219175357722563
v3_sc1_staging_06,L2,2,3,0.1,True,False,False,3.357106781186548,4.942655601817922,1.925386567126981
v3_sc1_staging_06,L2,2,4,0.1,True,False,False,4.567766952966369,1.5248456731316589,0.3500000000000001
v3_sc1_staging_06,L2,2,5,0.1,True,False,False,4.5278174593052025,2.23221521846285,0.2433034373659253
v3_sc1_staging_06,L2,2,6,0.1,True,False,False,3.0949747468305833,3.488107320521854,2.0500000000000003
v3_sc1_staging_06,L2,2,7,0.1,True,False,False,7.804772721475249,3.678516483155236,2.0104780421266386
v3_sc1_staging_06,L2,2,8,0.1,True,False,False,3.1849242404917493,3.0514081714159524,2.3111385593741196
v3_sc1_staging_06,L2,2,9,0.1,True,False,False,7.30979797464467,3.9059618700120415,2.5041637771599605
v3_sc1_staging_06,L2,2,10,0.1,True,False,False,6.0876154339498685,3.4458839313897722,1.6213203435596428
v3_sc1_staging_06,L2,2,11,0.1,True,False,False,7.40979797464467,3.324264635194589,0.8462912017836262
v3_sc1_staging_06,L2,2,12,0.1,True,False,False,6.094112549695428,3.5024992192379,2.2504545078950136
v3_sc1_staging_06,L2,2,13,0.1,True,False,False,4.800609665440988,3.7101068870041765,2.709750769140807
v3_sc1_staging_06,L2,2,14,0.1,True,False,False,7.67548339959391,3.5024992192379,1.8711811402758753
v3_sc1_staging_06,L2,2,15,0.1,True,False,False,7.781370849898477,1.5554804791094465,0.30000000000000004
v3_sc1_staging_06,L2,2,16,0.1,True,False,False,4.247056274847714,1.2102631376487072,0.3500000000000001
v3_sc1_staging_06,L2,2,17,0.1,True,False,False,3.7006096654409877,4.5403372903011165,2.1315394733881536
v3_sc1_staging_06,L2,2,18,0.1,True,False,False,4.443502884254441,1.9300205760445737,0.3500000000000001
v3_sc1_staging_06,L2,2,19,0.1,True,False,False,5.592031021678298,4.515974481593782,1.933105012119288
v3_sc1_staging_06,L2,2,0,0.2,True,False,False,3.672792206135785,4.511237372146724,2.314693589007514
v3_sc1_staging_06,L2,2,1,0.2,True,False,False,8.134062043356595,3.8525854385640725,2.5041637771599605
v3_sc1_staging_06,L2,2,2,0.2,True,False,False,5.502691193458119,3.725221887664599,1.2219175357722563
v3_sc1_staging_06,L2,2,3,0.2,True,False,False,3.357106781186548,4.942655601817922,1.925386567126981
v3_sc1_staging_06,L2,2,4,0.2,True,False,False,4.567766952966369,1.5248456731316589,0.3500000000000001
v3_sc1_staging_06,L2,2,5,0.2,True,False,False,4.5278174593052025,2.23221521846285,0.2433034373659253
v3_sc1_staging_06,L2,2,6,0.2,True,False,False,3.0949747468305833,3.488107320521854,2.0500000000000003
v3_sc1_staging_06,L2,2,7,0.2,True,False,False,7.804772721475249,3.678516483155236,2.0104780421266386
v3_sc1_staging_06,L2,2,8,0.2,True,False,False,3.1849242404917493,3.0514081714159524,2.3111385593741196
v3_sc1_staging_06,L2,2,9,0.2,True,False,False,7.30979797464467,3.9059618700120415,2.5041637771599605
v3_sc1_staging_06,L2,2,10,0.2,True,False,False,6.0876154339498685,3.4458839313897722,1.6213203435596428
v3_sc1_staging_06,L2,2,11,0.2,True,False,False,7.40979797464467,3.324264635194589,0.8462912017836262
v3_sc1_staging_06,L2,2,12,0.2,True,False,False,6.094112549695428,3.5024992192379,2.2504545078950136
v3_sc1_staging_06,L2,2,13,0.2,True,False,False,4.800609665440988,3.7101068870041765,2.709750769140807
v3_sc1_staging_06,L2,2,14,0.2,True,False,False,7.67548339959391,3.5024992192379,1.8711811402758753
v3_sc1_staging_06,L2,2,15,0.2,True,False,False,7.781370849898477,1.5554804791094465,0.30000000000000004
v3_sc1_staging_06,L2,2,16,0.2,True,False,False,4.247056274847714,1.2102631376487072,0.3500000000000001
v3_sc1_staging_06,L2,2,17,0.2,True,False,False,3.7006096654409877,4.5403372903011165,2.1315394733881536
v3_sc1_staging_06,L2,2,18,0.2,True,False,False,4.443502884254441,1.9300205760445737,0.3500000000000001
v3_sc1_staging_06,L2,2,19,0.2,True,False,False,5.592031021678298,4.515974481593782,1.933105012119288
v3_sc1_staging_06,L2,2,0,0.3,True,False,False,3.672792206135785,4.511237372146724,2.314693589007514
v3_sc1_staging_06,L2,2,1,0.3,True,False,False,8.134062043356595,3.8525854385640725,2.5041637771599605
v3_sc1_staging_06,L2,2,2,0.3,True,False,False,5.502691193458119,3.725221887664599,1.2219175357722563
v3_sc1_staging_06,L2,2,3,0.3,True,False,False,3.357106781186548,4.942655601817922,1.925386567126981
v3_sc1_staging_06,L2,2,4,0.3,True,False,False,4.567766952966369,1.5248456731316589,0.3500000000000001
v3_sc1_staging_06,L2,2,5,0.3,True,False,False,4.5278174593052025,2.23221521846285,0.3015609770940699
v3_sc1_staging_06,L2,2,6,0.3,True,False,False,3.0949747468305833,3.488107320521854,2.0500000000000003
v3_sc1_staging_06,L2,2,7,0.3,True,False,False,7.804772721475249,3.678516483155236,2.0104780421266386
v3_sc1_staging_06,L2,2,8,0.3,True,False,False,3.1849242404917493,3.0514081714159524,2.3111385593741196
v3_sc1_staging_06,L2,2,9,0.3,True,False,False,7.30979797464467,3.9059618700120415,2.5041637771599605
v3_sc1_staging_06,L2,2,10,0.3,True,False,False,6.0876154339498685,3.4458839313897722,1.6213203435596428
v3_sc1_staging_06,L2,2,11,0.3,True,False,False,7.40979797464467,3.324264635194589,0.8462912017836262
v3_sc1_staging_06,L2,2,12,0.3,True,False,False,6.094112549695428,3.5024992192379,2.2504545078950136
v3_sc1_staging_06,L2,2,13,0.3,True,False,False,4.800609665440988,3.7101068870041765,2.709750769140807
v3_sc1_staging_06,L2,2,14,0.3,True,False,False,7.67548339959391,3.5024992192379,1.8711811402758753
v3_sc1_staging_06,L2,2,15,0.3,True,False,False,7.781370849898477,1.5554804791094465,0.3015609770940699
v3_sc1_staging_06,L2,2,16,0.3,True,False,False,4.247056274847714,1.2102631376487072,0.3500000000000001
v3_sc1_staging_06,L2,2,17,0.3,True,False,False,3.7006096654409877,4.5403372903011165,2.1315394733881536
v3_sc1_staging_06,L2,2,18,0.3,True,False,False,4.443502884254441,1.9300205760445737,0.3500000000000001
v3_sc1_staging_06,L2,2,19,0.3,True,False,False,5.592031021678298,4.515974481593782,1.933105012119288
v3_sc1_staging_06,L2,2,0,0.4,True,False,False,3.672792206135785,4.511237372146724,2.314693589007514
v3_sc1_staging_06,L2,2,1,0.4,True,False,False,8.134062043356595,3.8525854385640725,2.5041637771599605
v3_sc1_staging_06,L2,2,2,0.4,True,False,False,5.502691193458119,3.725221887664599,1.2219175357722563
v3_sc1_staging_06,L2,2,3,0.4,True,False,False,3.357106781186548,4.942655601817922,1.925386567126981
v3_sc1_staging_06,L2,2,4,0.4,False,False,False,nan,nan,nan
v3_sc1_staging_06,L2,2,5,0.4,False,False,False,nan,nan,nan
v3_sc1_staging_06,L2,2,6,0.4,True,False,False,3.0949747468305833,3.488107320521854,2.0500000000000003
v3_sc1_staging_06,L2,2,7,0.4,True,False,False,7.804772721475249,3.678516483155236,2.0104780421266386
v3_sc1_staging_06,L2,2,8,0.4,True,False,False,3.1849242404917493,3.0514081714159524,2.3111385593741196
v3_sc1_staging_06,L2,2,9,0.4,True,False,False,7.30979797464467,3.9059618700120415,2.5041637771599605
v3_sc1_staging_06,L2,2,10,0.4,True,False,False,6.0876154339498685,3.4458839313897722,1.6213203435596428
v3_sc1_staging_06,L2,2,11,0.4,True,False,False,7.40979797464467,3.324264635194589,0.8462912017836262
v3_sc1_staging_06,L2,2,12,0.4,True,False,False,6.094112549695428,3.5024992192379,2.2504545078950136
v3_sc1_staging_06,L2,2,13,0.4,True,False,False,4.800609665440988,3.7101068870041765,2.709750769140807
v3_sc1_staging_06,L2,2,14,0.4,True,False,False,7.67548339959391,3.5024992192379,1.8711811402758753
v3_sc1_staging_06,L2,2,15,0.4,False,False,False,nan,nan,nan
v3_sc1_staging_06,L2,2,16,0.4,False,False,False,nan,nan,nan
v3_sc1_staging_06,L2,2,17,0.4,True,False,False,3.7006096654409877,4.5403372903011165,2.1315394733881536
v3_sc1_staging_06,L2,2,18,0.4,False,False,False,nan,nan,nan
v3_sc1_staging_06,L2,2,19,0.4,True,False,False,5.592031021678298,4.515974481593782,1.933105012119288
v3_sc1_staging_06,L2,2,0,0.5,True,False,False,3.672792206135785,4.511237372146724,2.314693589007514
v3_sc1_staging_06,L2,2,1,0.5,True,False,False,8.134062043356595,3.8525854385640725,2.5041637771599605
v3_sc1_staging_06,L2,2,2,0.5,True,False,False,5.502691193458119,3.725221887664599,1.2219175357722563
v3_sc1_staging_06,L2,2,3,0.5,True,False,False,3.357106781186548,4.942655601817922,1.925386567126981
v3_sc1_staging_06,L2,2,4,0.5,False,False,False,nan,nan,nan
v3_sc1_staging_06,L2,2,5,0.5,False,False,False,nan,nan,nan
v3_sc1_staging_06,L2,2,6,0.5,True,False,False,3.0949747468305833,3.488107320521854,2.0500000000000003
v3_sc1_staging_06,L2,2,7,0.5,True,False,False,7.804772721475249,3.678516483155236,2.0104780421266386
v3_sc1_staging_06,L2,2,8,0.5,True,False,False,3.1849242404917493,3.0514081714159524,2.3111385593741196
v3_sc1_staging_06,L2,2,9,0.5,True,False,False,7.30979797464467,3.9059618700120415,2.5041637771599605
v3_sc1_staging_06,L2,2,10,0.5,True,False,False,6.0876154339498685,3.4458839313897722,1.6213203435596428
v3_sc1_staging_06,L2,2,11,0.5,True,False,False,7.40979797464467,3.324264635194589,0.8462912017836262
v3_sc1_staging_06,L2,2,12,0.5,True,False,False,6.094112549695428,3.5024992192379,2.2504545078950136
v3_sc1_staging_06,L2,2,13,0.5,True,False,False,4.800609665440988,3.7101068870041765,2.709750769140807
v3_sc1_staging_06,L2,2,14,0.5,True,False,False,7.67548339959391,3.5024992192379,1.8711811402758753
v3_sc1_staging_06,L2,2,15,0.5,False,False,False,nan,nan,nan
v3_sc1_staging_06,L2,2,16,0.5,False,False,False,nan,nan,nan
v3_sc1_staging_06,L2,2,17,0.5,True,False,False,3.7006096654409877,4.5403372903011165,2.1315394733881536
v3_sc1_staging_06,L2,2,18,0.5,False,False,False,nan,nan,nan
v3_sc1_staging_06,L2,2,19,0.5,True,False,False,5.592031021678298,4.515974481593782,1.933105012119288
v3_sc1_staging_06,L2,2,0,0.6,True,False,False,3.672792206135785,4.511237372146724,2.314693589007514
v3_sc1_staging_06,L2,2,1,0.6,True,False,False,8.134062043356595,3.8525854385640725,2.5041637771599605
v3_sc1_staging_06,L2,2,2,0.6,True,False,False,5.502691193458119,3.725221887664599,1.2219175357722563
v3_sc1_staging_06,L2,2,3,0.6,True,False,False,3.357106781186548,4.942655601817922,1.925386567126981
v3_sc1_staging_06,L2,2,4,0.6,False,False,False,nan,nan,nan
v3_sc1_staging_06,L2,2,5,0.6,False,False,False,nan,nan,nan
v3_sc1_staging_06,L2,2,6,0.6,True,False,False,3.0949747468305833,3.488107320521854,2.0500000000000003
v3_sc1_staging_06,L2,2,7,0.6,True,False,False,7.804772721475249,3.678516483155236,2.0104780421266386
v3_sc1_staging_06,L2,2,8,0.6,True,False,False,3.1849242404917493,3.0514081714159524,2.3111385593741196
v3_sc1_staging_06,L2,2,9,0.6,True,False,False,7.30979797464467,3.9059618700120415,2.5041637771599605
v3_sc1_staging_06,L2,2,10,0.6,True,False,False,6.0876154339498685,3.4458839313897722,1.6213203435596428
v3_sc1_staging_06,L2,2,11,0.6,True,False,False,7.40979797464467,3.324264635194589,0.8462912017836262
v3_sc1_staging_06,L2,2,12,0.6,True,False,False,6.094112549695428,3.5024992192379,2.2504545078950136
v3_sc1_staging_06,L2,2,13,0.6,True,False,False,4.800609665440988,3.7101068870041765,2.709750769140807
v3_sc1_staging_06,L2,2,14,0.6,True,False,False,7.67548339959391,3.5024992192379,1.8711811402758753
v3_sc1_staging_06,L2,2,15,0.6,False,False,False,nan,nan,nan
v3_sc1_staging_06,L2,2,16,0.6,False,False,False,nan,nan,nan
v3_sc1_staging_06,L2,2,17,0.6,True,False,False,3.7006096654409877,4.5403372903011165,2.1315394733881536
v3_sc1_staging_06,L2,2,18,0.6,False,False,False,nan,nan,nan
v3_sc1_staging_06,L2,2,19,0.6,True,False,False,5.592031021678298,4.515974481593782,1.933105012119288
v3_sc1_staging_06,L2,2,0,0.8,True,False,False,3.672792206135785,4.511237372146724,2.314693589007514
v3_sc1_staging_06,L2,2,1,0.8,True,False,False,8.134062043356595,3.8525854385640725,2.5041637771599605
v3_sc1_staging_06,L2,2,2,0.8,True,False,False,5.502691193458119,3.725221887664599,1.2219175357722563
v3_sc1_staging_06,L2,2,3,0.8,True,False,False,3.357106781186548,4.942655601817922,1.925386567126981
v3_sc1_staging_06,L2,2,4,0.8,False,False,False,nan,nan,nan
v3_sc1_staging_06,L2,2,5,0.8,False,False,False,nan,nan,nan
v3_sc1_staging_06,L2,2,6,0.8,True,False,False,3.0949747468305833,3.488107320521854,2.0500000000000003
v3_sc1_staging_06,L2,2,7,0.8,True,False,False,7.804772721475249,3.678516483155236,2.0104780421266386
v3_sc1_staging_06,L2,2,8,0.8,True,False,False,3.1849242404917493,3.0514081714159524,2.3111385593741196
v3_sc1_staging_06,L2,2,9,0.8,True,False,False,7.30979797464467,3.9059618700120415,2.5041637771599605
v3_sc1_staging_06,L2,2,10,0.8,True,False,False,6.0876154339498685,3.4458839313897722,1.6213203435596428
v3_sc1_staging_06,L2,2,11,0.8,True,False,False,7.40979797464467,3.324264635194589,0.8462912017836262
v3_sc1_staging_06,L2,2,12,0.8,True,False,False,6.094112549695428,3.5024992192379,2.2504545078950136
v3_sc1_staging_06,L2,2,13,0.8,True,False,False,4.800609665440988,3.7101068870041765,2.709750769140807
v3_sc1_staging_06,L2,2,14,0.8,True,False,False,7.67548339959391,3.5024992192379,1.8711811402758753
v3_sc1_staging_06,L2,2,15,0.8,False,False,False,nan,nan,nan
v3_sc1_staging_06,L2,2,16,0.8,False,False,False,nan,nan,nan
v3_sc1_staging_06,L2,2,17,0.8,True,False,False,3.7006096654409877,4.5403372903011165,2.1315394733881536
v3_sc1_staging_06,L2,2,18,0.8,False,False,False,nan,nan,nan
v3_sc1_staging_06,L2,2,19,0.8,True,False,False,5.592031021678298,4.515974481593782,1.933105012119288
v3_sc1_staging_06,L2,2,0,1.0,True,False,False,3.672792206135785,4.511237372146724,2.314693589007514
v3_sc1_staging_06,L2,2,1,1.0,True,False,False,8.134062043356595,3.8525854385640725,2.5041637771599605
v3_sc1_staging_06,L2,2,2,1.0,True,False,False,5.502691193458119,3.725221887664599,1.2219175357722563
v3_sc1_staging_06,L2,2,3,1.0,True,False,False,3.357106781186548,4.942655601817922,1.925386567126981
v3_sc1_staging_06,L2,2,4,1.0,False,False,False,nan,nan,nan
v3_sc1_staging_06,L2,2,5,1.0,False,False,False,nan,nan,nan
v3_sc1_staging_06,L2,2,6,1.0,True,False,False,3.0949747468305833,3.488107320521854,2.0500000000000003
v3_sc1_staging_06,L2,2,7,1.0,True,False,False,7.804772721475249,3.678516483155236,2.0104780421266386
v3_sc1_staging_06,L2,2,8,1.0,True,False,False,3.1849242404917493,3.0514081714159524,2.3111385593741196
v3_sc1_staging_06,L2,2,9,1.0,True,False,False,7.30979797464467,3.9059618700120415,2.5041637771599605
v3_sc1_staging_06,L2,2,10,1.0,True,False,False,6.0876154339498685,3.4458839313897722,1.6213203435596428
v3_sc1_staging_06,L2,2,11,1.0,False,False,False,nan,nan,nan
v3_sc1_staging_06,L2,2,12,1.0,True,False,False,6.094112549695428,3.5024992192379,2.2504545078950136
v3_sc1_staging_06,L2,2,13,1.0,True,False,False,4.800609665440988,3.7101068870041765,2.709750769140807
v3_sc1_staging_06,L2,2,14,1.0,True,False,False,7.67548339959391,3.5024992192379,1.8711811402758753
v3_sc1_staging_06,L2,2,15,1.0,False,False,False,nan,nan,nan
v3_sc1_staging_06,L2,2,16,1.0,False,False,False,nan,nan,nan
v3_sc1_staging_06,L2,2,17,1.0,True,False,False,3.7006096654409877,4.5403372903011165,2.1315394733881536
v3_sc1_staging_06,L2,2,18,1.0,False,False,False,nan,nan,nan
v3_sc1_staging_06,L2,2,19,1.0,True,False,False,5.592031021678298,4.515974481593782,1.933105012119288
v3_sc1_staging_06,L2,2,0,1.25,True,False,False,3.672792206135785,4.511237372146724,2.314693589007514
v3_sc1_staging_06,L2,2,1,1.25,True,False,False,8.134062043356595,3.8525854385640725,2.5041637771599605
v3_sc1_staging_06,L2,2,2,1.25,False,False,False,nan,nan,nan
v3_sc1_staging_06,L2,2,3,1.25,True,False,False,3.357106781186548,4.942655601817922,1.925386567126981
v3_sc1_staging_06,L2,2,4,1.25,False,False,False,nan,nan,nan
v3_sc1_staging_06,L2,2,5,1.25,False,False,False,nan,nan,nan
v3_sc1_staging_06,L2,2,6,1.25,True,False,False,3.0949747468305833,3.488107320521854,2.0500000000000003
v3_sc1_staging_06,L2,2,7,1.25,True,False,False,7.804772721475249,3.678516483155236,2.0104780421266386
v3_sc1_staging_06,L2,2,8,1.25,True,False,False,3.1849242404917493,3.0514081714159524,2.3111385593741196
v3_sc1_staging_06,L2,2,9,1.25,True,False,False,7.30979797464467,3.9059618700120415,2.5041637771599605
v3_sc1_staging_06,L2,2,10,1.25,True,False,False,6.0876154339498685,3.4458839313897722,1.6213203435596428
v3_sc1_staging_06,L2,2,11,1.25,False,False,False,nan,nan,nan
v3_sc1_staging_06,L2,2,12,1.25,True,False,False,6.094112549695428,3.5024992192379,2.2504545078950136
v3_sc1_staging_06,L2,2,13,1.25,True,False,False,4.800609665440988,3.7101068870041765,2.709750769140807
v3_sc1_staging_06,L2,2,14,1.25,True,False,False,7.67548339959391,3.5024992192379,1.8711811402758753
v3_sc1_staging_06,L2,2,15,1.25,False,False,False,nan,nan,nan
v3_sc1_staging_06,L2,2,16,1.25,False,False,False,nan,nan,nan
v3_sc1_staging_06,L2,2,17,1.25,True,False,False,3.7006096654409877,4.5403372903011165,2.1315394733881536
v3_sc1_staging_06,L2,2,18,1.25,False,False,False,nan,nan,nan
v3_sc1_staging_06,L2,2,19,1.25,True,False,False,5.592031021678298,4.515974481593782,1.933105012119288
v3_sc1_staging_06,L2,2,0,1.5,True,False,False,3.672792206135785,4.511237372146724,2.314693589007514
v3_sc1_staging_06,L2,2,1,1.5,True,False,False,8.134062043356595,3.8525854385640725,2.5041637771599605
v3_sc1_staging_06,L2,2,2,1.5,False,False,False,nan,nan,nan
v3_sc1_staging_06,L2,2,3,1.5,True,False,False,3.357106781186548,4.942655601817922,1.925386567126981
v3_sc1_staging_06,L2,2,4,1.5,False,False,False,nan,nan,nan
v3_sc1_staging_06,L2,2,5,1.5,False,False,False,nan,nan,nan
v3_sc1_staging_06,L2,2,6,1.5,True,False,False,3.0949747468305833,3.488107320521854,2.0500000000000003
v3_sc1_staging_06,L2,2,7,1.5,True,False,False,7.804772721475249,3.678516483155236,2.0104780421266386
v3_sc1_staging_06,L2,2,8,1.5,True,False,False,3.1849242404917493,3.0514081714159524,2.3111385593741196
v3_sc1_staging_06,L2,2,9,1.5,True,False,False,7.30979797464467,3.9059618700120415,2.5041637771599605
v3_sc1_staging_06,L2,2,10,1.5,True,False,False,6.0876154339498685,3.4458839313897722,1.6213203435596428
v3_sc1_staging_06,L2,2,11,1.5,False,False,False,nan,nan,nan
v3_sc1_staging_06,L2,2,12,1.5,True,False,False,6.094112549695428,3.5024992192379,2.2504545078950136
v3_sc1_staging_06,L2,2,13,1.5,True,False,False,4.800609665440988,3.7101068870041765,2.709750769140807
v3_sc1_staging_06,L2,2,14,1.5,True,False,False,7.67548339959391,3.5024992192379,1.8711811402758753
v3_sc1_staging_06,L2,2,15,1.5,False,False,False,nan,nan,nan
v3_sc1_staging_06,L2,2,16,1.5,False,False,False,nan,nan,nan
v3_sc1_staging_06,L2,2,17,1.5,True,False,False,3.7006096654409877,4.5403372903011165,2.1315394733881536
v3_sc1_staging_06,L2,2,18,1.5,False,False,False,nan,nan,nan
v3_sc1_staging_06,L2,2,19,1.5,True,False,False,5.592031021678298,4.515974481593782,1.933105012119288
v3_sc1_staging_06,L2,2,0,2.0,True,False,False,3.672792206135785,4.511237372146724,2.314693589007514
v3_sc1_staging_06,L2,2,1,2.0,True,False,False,8.134062043356595,3.8525854385640725,2.5041637771599605
v3_sc1_staging_06,L2,2,2,2.0,False,False,False,nan,nan,nan
v3_sc1_staging_06,L2,2,3,2.0,True,False,False,3.377817459305202,4.942655601817922,2.0004999500099974
v3_sc1_staging_06,L2,2,4,2.0,False,False,False,nan,nan,nan
v3_sc1_staging_06,L2,2,5,2.0,False,False,False,nan,nan,nan
v3_sc1_staging_06,L2,2,6,2.0,True,False,False,3.0949747468305833,3.488107320521854,2.0500000000000003
v3_sc1_staging_06,L2,2,7,2.0,True,False,False,7.804772721475249,3.678516483155236,2.0104780421266386
v3_sc1_staging_06,L2,2,8,2.0,True,False,False,3.1849242404917493,3.0514081714159524,2.3111385593741196
v3_sc1_staging_06,L2,2,9,2.0,True,False,False,7.30979797464467,3.9059618700120415,2.5041637771599605
v3_sc1_staging_06,L2,2,10,2.0,True,False,False,6.108326112068524,3.438591118661596,2.004495957273639
v3_sc1_staging_06,L2,2,11,2.0,False,False,False,nan,nan,nan
v3_sc1_staging_06,L2,2,12,2.0,True,False,False,6.094112549695428,3.5024992192379,2.2504545078950136
v3_sc1_staging_06,L2,2,13,2.0,True,False,False,4.800609665440988,3.7101068870041765,2.709750769140807
v3_sc1_staging_06,L2,2,14,2.0,False,False,False,nan,nan,nan
v3_sc1_staging_06,L2,2,15,2.0,False,False,False,nan,nan,nan
v3_sc1_staging_06,L2,2,16,2.0,False,False,False,nan,nan,nan
v3_sc1_staging_06,L2,2,17,2.0,True,False,False,3.7006096654409877,4.5403372903011165,2.1315394733881536
v3_sc1_staging_06,L2,2,18,2.0,False,False,False,nan,nan,nan
v3_sc1_staging_06,L2,2,19,2.0,True,False,False,5.592031021678299,4.515974481593782,2.1967573120323602
v3_sc1_staging_06,L2,3,0,0.0,True,False,False,3.672792206135785,4.550000000000001,2.316025568065745
v3_sc1_staging_06,L2,3,1,0.0,True,False,False,8.134062043356593,3.9045431091090483,2.4904013108611363
v3_sc1_staging_06,L2,3,2,0.0,True,False,False,5.502691193458119,3.7432299018554254,1.1918924315688633
v3_sc1_staging_06,L2,3,3,0.0,True,False,False,3.357106781186548,4.982928049865327,1.933105012119288
v3_sc1_staging_06,L2,3,4,0.0,True,False,False,4.567766952966369,1.5880613017821101,0.30000000000000004
v3_sc1_staging_06,L2,3,5,0.0,True,False,False,4.507106781186549,2.23221521846285,0.18007352543677224
v3_sc1_staging_06,L2,3,6,0.0,True,False,False,3.0949747468305833,3.4953097501945956,2.0347583711273156
v3_sc1_staging_06,L2,3,7,0.0,True,False,False,7.85477272147525,3.772001872658765,2.0104780421266386
v3_sc1_staging_06,L2,3,8,0.0,True,False,False,3.1849242404917493,3.053167600887974,2.298660393831306
v3_sc1_staging_06,L2,3,9,0.0,False,False,False,nan,nan,nan
v3_sc1_staging_06,L2,3,10,0.0,True,False,False,6.0876154339498685,3.453795644693843,1.6213203435596428
v3_sc1_staging_06,L2,3,11,0.0,True,False,False,7.4597979746446725,3.3461019227264375,0.8285330255586425
v3_sc1_staging_06,L2,3,12,0.0,True,False,False,6.144112549695428,3.526164427839479,2.2504545078950136
v3_sc1_staging_06,L2,3,13,0.0,True,False,False,4.821320343559643,3.7582273307093415,2.7140317359976396
v3_sc1_staging_06,L2,3,14,0.0,True,False,False,7.696194077712564,3.552159917870962,1.8711811402758753
v3_sc1_staging_06,L2,3,15,0.0,True,False,False,7.739949493661166,1.65,0.15000000000000002
v3_sc1_staging_06,L2,3,16,0.0,True,False,False,4.288477631085024,1.1770509831248424,0.30000000000000004
v3_sc1_staging_06,L2,3,17,0.0,True,False,False,3.7006096654409877,4.550000000000001,2.1315394733881536
v3_sc1_staging_06,L2,3,18,0.0,True,False,False,4.422792206135785,1.9413111231467406,0.30000000000000004
v3_sc1_staging_06,L2,3,19,0.0,True,False,False,5.592031021678298,4.506246098625197,1.933105012119288
v3_sc1_staging_06,L2,3,0,0.1,True,False,False,3.672792206135785,4.550000000000001,2.316025568065745
v3_sc1_staging_06,L2,3,1,0.1,True,False,False,8.134062043356593,3.9045431091090483,2.4904013108611363
v3_sc1_staging_06,L2,3,2,0.1,True,False,False,5.502691193458119,3.7432299018554254,1.1918924315688633
v3_sc1_staging_06,L2,3,3,0.1,True,False,False,3.357106781186548,4.982928049865327,1.933105012119288
v3_sc1_staging_06,L2,3,4,0.1,True,False,False,4.567766952966369,1.5880613017821101,0.30000000000000004
v3_sc1_staging_06,L2,3,5,0.1,True,False,False,4.507106781186549,2.23221521846285,0.18007352543677224
v3_sc1_staging_06,L2,3,6,0.1,True,False,False,3.0949747468305833,3.4953097501945956,2.0347583711273156
v3_sc1_staging_06,L2,3,7,0.1,True,False,False,7.85477272147525,3.772001872658765,2.0104780421266386
v3_sc1_staging_06,L2,3,8,0.1,True,False,False,3.1849242404917493,3.053167600887974,2.298660393831306
v3_sc1_staging_06,L2,3,9,0.1,False,False,False,nan,nan,nan
v3_sc1_staging_06,L2,3,10,0.1,True,False,False,6.0876154339498685,3.453795644693843,1.6213203435596428
v3_sc1_staging_06,L2,3,11,0.1,True,False,False,7.4597979746446725,3.3461019227264375,0.8285330255586425
v3_sc1_staging_06,L2,3,12,0.1,True,False,False,6.144112549695428,3.526164427839479,2.2504545078950136
v3_sc1_staging_06,L2,3,13,0.1,True,False,False,4.821320343559643,3.7582273307093415,2.7140317359976396
v3_sc1_staging_06,L2,3,14,0.1,True,False,False,7.696194077712564,3.552159917870962,1.8711811402758753
v3_sc1_staging_06,L2,3,15,0.1,True,False,False,7.739949493661166,1.65,0.15000000000000002
v3_sc1_staging_06,L2,3,16,0.1,True,False,False,4.288477631085024,1.1770509831248424,0.30000000000000004
v3_sc1_staging_06,L2,3,17,0.1,True,False,False,3.7006096654409877,4.550000000000001,2.1315394733881536
v3_sc1_staging_06,L2,3,18,0.1,True,False,False,4.422792206135785,1.9413111231467406,0.30000000000000004
v3_sc1_staging_06,L2,3,19,0.1,True,False,False,5.592031021678298,4.506246098625197,1.933105012119288
v3_sc1_staging_06,L2,3,0,0.2,True,False,False,3.672792206135785,4.550000000000001,2.316025568065745
v3_sc1_staging_06,L2,3,1,0.2,True,False,False,8.134062043356593,3.9045431091090483,2.4904013108611363
v3_sc1_staging_06,L2,3,2,0.2,True,False,False,5.502691193458119,3.7432299018554254,1.1918924315688633
v3_sc1_staging_06,L2,3,3,0.2,True,False,False,3.357106781186548,4.982928049865327,1.933105012119288
v3_sc1_staging_06,L2,3,4,0.2,True,False,False,4.567766952966369,1.5880613017821101,0.30000000000000004
v3_sc1_staging_06,L2,3,5,0.2,True,False,False,4.507106781186549,2.23221521846285,0.21063352017759485
v3_sc1_staging_06,L2,3,6,0.2,True,False,False,3.0949747468305833,3.4953097501945956,2.0347583711273156
v3_sc1_staging_06,L2,3,7,0.2,True,False,False,7.85477272147525,3.772001872658765,2.0104780421266386
v3_sc1_staging_06,L2,3,8,0.2,True,False,False,3.1849242404917493,3.053167600887974,2.298660393831306
v3_sc1_staging_06,L2,3,9,0.2,False,False,False,nan,nan,nan
v3_sc1_staging_06,L2,3,10,0.2,True,False,False,6.0876154339498685,3.453795644693843,1.6213203435596428
v3_sc1_staging_06,L2,3,11,0.2,True,False,False,7.4597979746446725,3.3461019227264375,0.8285330255586425
v3_sc1_staging_06,L2,3,12,0.2,True,False,False,6.144112549695428,3.526164427839479,2.2504545078950136
v3_sc1_staging_06,L2,3,13,0.2,True,False,False,4.821320343559643,3.7582273307093415,2.7140317359976396
v3_sc1_staging_06,L2,3,14,0.2,True,False,False,7.696194077712564,3.552159917870962,1.8711811402758753
v3_sc1_staging_06,L2,3,15,0.2,True,False,False,7.739949493661166,1.65,0.20000000000000007
v3_sc1_staging_06,L2,3,16,0.2,True,False,False,4.288477631085024,1.1770509831248424,0.30000000000000004
v3_sc1_staging_06,L2,3,17,0.2,True,False,False,3.7006096654409877,4.550000000000001,2.1315394733881536
v3_sc1_staging_06,L2,3,18,0.2,True,False,False,4.422792206135785,1.9413111231467406,0.30000000000000004
v3_sc1_staging_06,L2,3,19,0.2,True,False,False,5.592031021678298,4.506246098625197,1.933105012119288
v3_sc1_staging_06,L2,3,0,0.3,True,False,False,3.672792206135785,4.550000000000001,2.316025568065745
v3_sc1_staging_06,L2,3,1,0.3,True,False,False,8.134062043356593,3.9045431091090483,2.4904013108611363
v3_sc1_staging_06,L2,3,2,0.3,True,False,False,5.502691193458119,3.7432299018554254,1.1918924315688633
v3_sc1_staging_06,L2,3,3,0.3,True,False,False,3.357106781186548,4.982928049865327,1.933105012119288
v3_sc1_staging_06,L2,3,4,0.3,True,False,False,4.609188309203678,1.5880613017821101,0.3015609770940699
v3_sc1_staging_06,L2,3,5,0.3,True,False,False,4.548528137423857,2.23221521846285,0.3015609770940699
v3_sc1_staging_06,L2,3,6,0.3,True,False,False,3.0949747468305833,3.4953097501945956,2.0347583711273156
v3_sc1_staging_06,L2,3,7,0.3,True,False,False,7.85477272147525,3.772001872658765,2.0104780421266386
v3_sc1_staging_06,L2,3,8,0.3,True,False,False,3.1849242404917493,3.053167600887974,2.298660393831306
v3_sc1_staging_06,L2,3,9,0.3,False,False,False,nan,nan,nan
v3_sc1_staging_06,L2,3,10,0.3,True,False,False,6.0876154339498685,3.453795644693843,1.6213203435596428
v3_sc1_staging_06,L2,3,11,0.3,True,False,False,7.4597979746446725,3.3461019227264375,0.8285330255586425
v3_sc1_staging_06,L2,3,12,0.3,True,False,False,6.144112549695428,3.526164427839479,2.2504545078950136
v3_sc1_staging_06,L2,3,13,0.3,True,False,False,4.821320343559643,3.7582273307093415,2.7140317359976396
v3_sc1_staging_06,L2,3,14,0.3,True,False,False,7.696194077712564,3.552159917870962,1.8711811402758753
v3_sc1_staging_06,L2,3,15,0.3,True,False,False,7.781370849898477,1.65,0.3015609770940699
v3_sc1_staging_06,L2,3,16,0.3,True,False,False,4.329898987322333,1.1770509831248424,0.3015609770940699
v3_sc1_staging_06,L2,3,17,0.3,True,False,False,3.7006096654409877,4.550000000000001,2.1315394733881536
v3_sc1_staging_06,L2,3,18,0.3,True,False,False,4.464213562373096,1.9413111231467406,0.3015609770940699
v3_sc1_staging_06,L2,3,19,0.3,True,False,False,5.592031021678298,4.506246098625197,1.933105012119288
v3_sc1_staging_06,L2,3,0,0.4,True,False,False,3.672792206135785,4.550000000000001,2.316025568065745
v3_sc1_staging_06,L2,3,1,0.4,True,False,False,8.134062043356593,3.9045431091090483,2.4904013108611363
v3_sc1_staging_06,L2,3,2,0.4,True,False,False,5.502691193458119,3.7432299018554254,1.1918924315688633
v3_sc1_staging_06,L2,3,3,0.4,True,False,False,3.357106781186548,4.982928049865327,1.933105012119288
v3_sc1_staging_06,L2,3,4,0.4,False,False,False,nan,nan,nan
v3_sc1_staging_06,L2,3,5,0.4,False,False,False,nan,nan,nan
v3_sc1_staging_06,L2,3,6,0.4,True,False,False,3.0949747468305833,3.4953097501945956,2.0347583711273156
v3_sc1_staging_06,L2,3,7,0.4,True,False,False,7.85477272147525,3.772001872658765,2.0104780421266386
v3_sc1_staging_06,L2,3,8,0.4,True,False,False,3.1849242404917493,3.053167600887974,2.298660393831306
v3_sc1_staging_06,L2,3,9,0.4,False,False,False,nan,nan,nan
v3_sc1_staging_06,L2,3,10,0.4,True,False,False,6.0876154339498685,3.453795644693843,1.6213203435596428
v3_sc1_staging_06,L2,3,11,0.4,True,False,False,7.4597979746446725,3.3461019227264375,0.8285330255586425
v3_sc1_staging_06,L2,3,12,0.4,True,False,False,6.144112549695428,3.526164427839479,2.2504545078950136
v3_sc1_staging_06,L2,3,13,0.4,True,False,False,4.821320343559643,3.7582273307093415,2.7140317359976396
v3_sc1_staging_06,L2,3,14,0.4,True,False,False,7.696194077712564,3.552159917870962,1.8711811402758753
v3_sc1_staging_06,L2,3,15,0.4,False,False,False,nan,nan,nan
v3_sc1_staging_06,L2,3,16,0.4,False,False,False,nan,nan,nan
v3_sc1_staging_06,L2,3,17,0.4,True,False,False,3.7006096654409877,4.550000000000001,2.1315394733881536
v3_sc1_staging_06,L2,3,18,0.4,False,False,False,nan,nan,nan
v3_sc1_staging_06,L2,3,19,0.4,True,False,False,5.592031021678298,4.506246098625197,1.933105012119288
v3_sc1_staging_06,L2,3,0,0.5,True,False,False,3.672792206135785,4.550000000000001,2.316025568065745
v3_sc1_staging_06,L2,3,1,0.5,True,False,False,8.134062043356593,3.9045431091090483,2.4904013108611363
v3_sc1_staging_06,L2,3,2,0.5,True,False,False,5.502691193458119,3.7432299018554254,1.1918924315688633
v3_sc1_staging_06,L2,3,3,0.5,True,False,False,3.357106781186548,4.982928049865327,1.933105012119288
v3_sc1_staging_06,L2,3,4,0.5,False,False,False,nan,nan,nan
v3_sc1_staging_06,L2,3,5,0.5,False,False,False,nan,nan,nan
v3_sc1_staging_06,L2,3,6,0.5,True,False,False,3.0949747468305833,3.4953097501945956,2.0347583711273156
v3_sc1_staging_06,L2,3,7,0.5,True,False,False,7.85477272147525,3.772001872658765,2.0104780421266386
v3_sc1_staging_06,L2,3,8,0.5,True,False,False,3.1849242404917493,3.053167600887974,2.298660393831306
v3_sc1_staging_06,L2,3,9,0.5,False,False,False,nan,nan,nan
v3_sc1_staging_06,L2,3,10,0.5,True,False,False,6.0876154339498685,3.453795644693843,1.6213203435596428
v3_sc1_staging_06,L2,3,11,0.5,True,False,False,7.4597979746446725,3.3461019227264375,0.8285330255586425
v3_sc1_staging_06,L2,3,12,0.5,True,False,False,6.144112549695428,3.526164427839479,2.2504545078950136
v3_sc1_staging_06,L2,3,13,0.5,True,False,False,4.821320343559643,3.7582273307093415,2.7140317359976396
v3_sc1_staging_06,L2,3,14,0.5,True,False,False,7.696194077712564,3.552159917870962,1.8711811402758753
v3_sc1_staging_06,L2,3,15,0.5,False,False,False,nan,nan,nan
v3_sc1_staging_06,L2,3,16,0.5,False,False,False,nan,nan,nan
v3_sc1_staging_06,L2,3,17,0.5,True,False,False,3.7006096654409877,4.550000000000001,2.1315394733881536
v3_sc1_staging_06,L2,3,18,0.5,False,False,False,nan,nan,nan
v3_sc1_staging_06,L2,3,19,0.5,True,False,False,5.592031021678298,4.506246098625197,1.933105012119288
v3_sc1_staging_06,L2,3,0,0.6,True,False,False,3.672792206135785,4.550000000000001,2.316025568065745
v3_sc1_staging_06,L2,3,1,0.6,True,False,False,8.134062043356593,3.9045431091090483,2.4904013108611363
v3_sc1_staging_06,L2,3,2,0.6,True,False,False,5.502691193458119,3.7432299018554254,1.1918924315688633
v3_sc1_staging_06,L2,3,3,0.6,True,False,False,3.357106781186548,4.982928049865327,1.933105012119288
v3_sc1_staging_06,L2,3,4,0.6,False,False,False,nan,nan,nan
v3_sc1_staging_06,L2,3,5,0.6,False,False,False,nan,nan,nan
v3_sc1_staging_06,L2,3,6,0.6,True,False,False,3.0949747468305833,3.4953097501945956,2.0347583711273156
v3_sc1_staging_06,L2,3,7,0.6,True,False,False,7.85477272147525,3.772001872658765,2.0104780421266386
v3_sc1_staging_06,L2,3,8,0.6,True,False,False,3.1849242404917493,3.053167600887974,2.298660393831306
v3_sc1_staging_06,L2,3,9,0.6,False,False,False,nan,nan,nan
v3_sc1_staging_06,L2,3,10,0.6,True,False,False,6.0876154339498685,3.453795644693843,1.6213203435596428
v3_sc1_staging_06,L2,3,11,0.6,True,False,False,7.4597979746446725,3.3461019227264375,0.8285330255586425
v3_sc1_staging_06,L2,3,12,0.6,True,False,False,6.144112549695428,3.526164427839479,2.2504545078950136
v3_sc1_staging_06,L2,3,13,0.6,True,False,False,4.821320343559643,3.7582273307093415,2.7140317359976396
v3_sc1_staging_06,L2,3,14,0.6,True,False,False,7.696194077712564,3.552159917870962,1.8711811402758753
v3_sc1_staging_06,L2,3,15,0.6,False,False,False,nan,nan,nan
v3_sc1_staging_06,L2,3,16,0.6,False,False,False,nan,nan,nan
v3_sc1_staging_06,L2,3,17,0.6,True,False,False,3.7006096654409877,4.550000000000001,2.1315394733881536
v3_sc1_staging_06,L2,3,18,0.6,False,False,False,nan,nan,nan
v3_sc1_staging_06,L2,3,19,0.6,True,False,False,5.592031021678298,4.506246098625197,1.933105012119288
v3_sc1_staging_06,L2,3,0,0.8,True,False,False,3.672792206135785,4.550000000000001,2.316025568065745
v3_sc1_staging_06,L2,3,1,0.8,True,False,False,8.134062043356593,3.9045431091090483,2.4904013108611363
v3_sc1_staging_06,L2,3,2,0.8,True,False,False,5.502691193458119,3.7432299018554254,1.1918924315688633
v3_sc1_staging_06,L2,3,3,0.8,True,False,False,3.357106781186548,4.982928049865327,1.933105012119288
v3_sc1_staging_06,L2,3,4,0.8,False,False,False,nan,nan,nan
v3_sc1_staging_06,L2,3,5,0.8,False,False,False,nan,nan,nan
v3_sc1_staging_06,L2,3,6,0.8,True,False,False,3.0949747468305833,3.4953097501945956,2.0347583711273156
v3_sc1_staging_06,L2,3,7,0.8,True,False,False,7.85477272147525,3.772001872658765,2.0104780421266386
v3_sc1_staging_06,L2,3,8,0.8,True,False,False,3.1849242404917493,3.053167600887974,2.298660393831306
v3_sc1_staging_06,L2,3,9,0.8,False,False,False,nan,nan,nan
v3_sc1_staging_06,L2,3,10,0.8,True,False,False,6.0876154339498685,3.453795644693843,1.6213203435596428
v3_sc1_staging_06,L2,3,11,0.8,True,False,False,7.4597979746446725,3.3461019227264375,0.8285330255586425
v3_sc1_staging_06,L2,3,12,0.8,True,False,False,6.144112549695428,3.526164427839479,2.2504545078950136
v3_sc1_staging_06,L2,3,13,0.8,True,False,False,4.821320343559643,3.7582273307093415,2.7140317359976396
v3_sc1_staging_06,L2,3,14,0.8,True,False,False,7.696194077712564,3.552159917870962,1.8711811402758753
v3_sc1_staging_06,L2,3,15,0.8,False,False,False,nan,nan,nan
v3_sc1_staging_06,L2,3,16,0.8,False,False,False,nan,nan,nan
v3_sc1_staging_06,L2,3,17,0.8,True,False,False,3.7006096654409877,4.550000000000001,2.1315394733881536
v3_sc1_staging_06,L2,3,18,0.8,False,False,False,nan,nan,nan
v3_sc1_staging_06,L2,3,19,0.8,True,False,False,5.592031021678298,4.506246098625197,1.933105012119288
v3_sc1_staging_06,L2,3,0,1.0,True,False,False,3.672792206135785,4.550000000000001,2.316025568065745
v3_sc1_staging_06,L2,3,1,1.0,True,False,False,8.134062043356593,3.9045431091090483,2.4904013108611363
v3_sc1_staging_06,L2,3,2,1.0,True,False,False,5.502691193458119,3.7432299018554254,1.1918924315688633
v3_sc1_staging_06,L2,3,3,1.0,True,False,False,3.357106781186548,4.982928049865327,1.933105012119288
v3_sc1_staging_06,L2,3,4,1.0,False,False,False,nan,nan,nan
v3_sc1_staging_06,L2,3,5,1.0,False,False,False,nan,nan,nan
v3_sc1_staging_06,L2,3,6,1.0,True,False,False,3.0949747468305833,3.4953097501945956,2.0347583711273156
v3_sc1_staging_06,L2,3,7,1.0,True,False,False,7.85477272147525,3.772001872658765,2.0104780421266386
v3_sc1_staging_06,L2,3,8,1.0,True,False,False,3.1849242404917493,3.053167600887974,2.298660393831306
v3_sc1_staging_06,L2,3,9,1.0,False,False,False,nan,nan,nan
v3_sc1_staging_06,L2,3,10,1.0,True,False,False,6.0876154339498685,3.453795644693843,1.6213203435596428
v3_sc1_staging_06,L2,3,11,1.0,False,False,False,nan,nan,nan
v3_sc1_staging_06,L2,3,12,1.0,True,False,False,6.144112549695428,3.526164427839479,2.2504545078950136
v3_sc1_staging_06,L2,3,13,1.0,True,False,False,4.821320343559643,3.7582273307093415,2.7140317359976396
v3_sc1_staging_06,L2,3,14,1.0,True,False,False,7.696194077712564,3.552159917870962,1.8711811402758753
v3_sc1_staging_06,L2,3,15,1.0,False,False,False,nan,nan,nan
v3_sc1_staging_06,L2,3,16,1.0,False,False,False,nan,nan,nan
v3_sc1_staging_06,L2,3,17,1.0,True,False,False,3.7006096654409877,4.550000000000001,2.1315394733881536
v3_sc1_staging_06,L2,3,18,1.0,False,False,False,nan,nan,nan
v3_sc1_staging_06,L2,3,19,1.0,True,False,False,5.592031021678298,4.506246098625197,1.933105012119288
v3_sc1_staging_06,L2,3,0,1.25,True,False,False,3.672792206135785,4.550000000000001,2.316025568065745
v3_sc1_staging_06,L2,3,1,1.25,True,False,False,8.134062043356593,3.9045431091090483,2.4904013108611363
v3_sc1_staging_06,L2,3,2,1.25,False,False,False,nan,nan,nan
v3_sc1_staging_06,L2,3,3,1.25,True,False,False,3.357106781186548,4.982928049865327,1.933105012119288
v3_sc1_staging_06,L2,3,4,1.25,False,False,False,nan,nan,nan
v3_sc1_staging_06,L2,3,5,1.25,False,False,False,nan,nan,nan
v3_sc1_staging_06,L2,3,6,1.25,True,False,False,3.0949747468305833,3.4953097501945956,2.0347583711273156
v3_sc1_staging_06,L2,3,7,1.25,True,False,False,7.85477272147525,3.772001872658765,2.0104780421266386
v3_sc1_staging_06,L2,3,8,1.25,True,False,False,3.1849242404917493,3.053167600887974,2.298660393831306
v3_sc1_staging_06,L2,3,9,1.25,False,False,False,nan,nan,nan
v3_sc1_staging_06,L2,3,10,1.25,True,False,False,6.0876154339498685,3.453795644693843,1.6213203435596428
v3_sc1_staging_06,L2,3,11,1.25,False,False,False,nan,nan,nan
v3_sc1_staging_06,L2,3,12,1.25,True,False,False,6.144112549695428,3.526164427839479,2.2504545078950136
v3_sc1_staging_06,L2,3,13,1.25,True,False,False,4.821320343559643,3.7582273307093415,2.7140317359976396
v3_sc1_staging_06,L2,3,14,1.25,True,False,False,7.696194077712564,3.552159917870962,1.8711811402758753
v3_sc1_staging_06,L2,3,15,1.25,False,False,False,nan,nan,nan
v3_sc1_staging_06,L2,3,16,1.25,False,False,False,nan,nan,nan
v3_sc1_staging_06,L2,3,17,1.25,True,False,False,3.7006096654409877,4.550000000000001,2.1315394733881536
v3_sc1_staging_06,L2,3,18,1.25,False,False,False,nan,nan,nan
v3_sc1_staging_06,L2,3,19,1.25,True,False,False,5.592031021678298,4.506246098625197,1.933105012119288
v3_sc1_staging_06,L2,3,0,1.5,True,False,False,3.672792206135785,4.550000000000001,2.316025568065745
v3_sc1_staging_06,L2,3,1,1.5,True,False,False,8.134062043356593,3.9045431091090483,2.4904013108611363
v3_sc1_staging_06,L2,3,2,1.5,False,False,False,nan,nan,nan
v3_sc1_staging_06,L2,3,3,1.5,True,False,False,3.357106781186548,4.982928049865327,1.933105012119288
v3_sc1_staging_06,L2,3,4,1.5,False,False,False,nan,nan,nan
v3_sc1_staging_06,L2,3,5,1.5,False,False,False,nan,nan,nan
v3_sc1_staging_06,L2,3,6,1.5,True,False,False,3.0949747468305833,3.4953097501945956,2.0347583711273156
v3_sc1_staging_06,L2,3,7,1.5,True,False,False,7.85477272147525,3.772001872658765,2.0104780421266386
v3_sc1_staging_06,L2,3,8,1.5,True,False,False,3.1849242404917493,3.053167600887974,2.298660393831306
v3_sc1_staging_06,L2,3,9,1.5,False,False,False,nan,nan,nan
v3_sc1_staging_06,L2,3,10,1.5,True,False,False,6.0876154339498685,3.453795644693843,1.6213203435596428
v3_sc1_staging_06,L2,3,11,1.5,False,False,False,nan,nan,nan
v3_sc1_staging_06,L2,3,12,1.5,True,False,False,6.144112549695428,3.526164427839479,2.2504545078950136
v3_sc1_staging_06,L2,3,13,1.5,True,False,False,4.821320343559643,3.7582273307093415,2.7140317359976396
v3_sc1_staging_06,L2,3,14,1.5,True,False,False,7.696194077712564,3.552159917870962,1.8711811402758753
v3_sc1_staging_06,L2,3,15,1.5,False,False,False,nan,nan,nan
v3_sc1_staging_06,L2,3,16,1.5,False,False,False,nan,nan,nan
v3_sc1_staging_06,L2,3,17,1.5,True,False,False,3.7006096654409877,4.550000000000001,2.1315394733881536
v3_sc1_staging_06,L2,3,18,1.5,False,False,False,nan,nan,nan
v3_sc1_staging_06,L2,3,19,1.5,True,False,False,5.592031021678298,4.506246098625197,1.933105012119288
v3_sc1_staging_06,L2,3,0,2.0,True,False,False,3.672792206135785,4.550000000000001,2.316025568065745
v3_sc1_staging_06,L2,3,1,2.0,True,False,False,8.134062043356593,3.9045431091090483,2.4904013108611363
v3_sc1_staging_06,L2,3,2,2.0,False,False,False,nan,nan,nan
v3_sc1_staging_06,L2,3,3,2.0,True,False,False,3.377817459305202,4.982928049865327,2.0004999500099974
v3_sc1_staging_06,L2,3,4,2.0,False,False,False,nan,nan,nan
v3_sc1_staging_06,L2,3,5,2.0,False,False,False,nan,nan,nan
v3_sc1_staging_06,L2,3,6,2.0,True,False,False,3.0949747468305833,3.4953097501945956,2.0347583711273156
v3_sc1_staging_06,L2,3,7,2.0,True,False,False,7.85477272147525,3.772001872658765,2.0104780421266386
v3_sc1_staging_06,L2,3,8,2.0,True,False,False,3.1849242404917493,3.053167600887974,2.298660393831306
v3_sc1_staging_06,L2,3,9,2.0,False,False,False,nan,nan,nan
v3_sc1_staging_06,L2,3,10,2.0,True,False,False,6.108326112068525,3.4458839313897722,2.004495957273639
v3_sc1_staging_06,L2,3,11,2.0,False,False,False,nan,nan,nan
v3_sc1_staging_06,L2,3,12,2.0,True,False,False,6.144112549695428,3.526164427839479,2.2504545078950136
v3_sc1_staging_06,L2,3,13,2.0,True,False,False,4.821320343559643,3.7582273307093415,2.7140317359976396
v3_sc1_staging_06,L2,3,14,2.0,False,False,False,nan,nan,nan
v3_sc1_staging_06,L2,3,15,2.0,False,False,False,nan,nan,nan
v3_sc1_staging_06,L2,3,16,2.0,False,False,False,nan,nan,nan
v3_sc1_staging_06,L2,3,17,2.0,True,False,False,3.7006096654409877,4.550000000000001,2.1315394733881536
v3_sc1_staging_06,L2,3,18,2.0,False,False,False,nan,nan,nan
v3_sc1_staging_06,L2,3,19,2.0,True,False,False,5.592031021678299,4.506246098625197,2.1967573120323602
v3_sc1_staging_06,L2,4,0,0.0,True,False,False,3.6227922061357853,4.511237372146724,2.3217902119044926
v3_sc1_staging_06,L2,4,1,0.0,True,False,False,8.171930009000631,3.9045431091090483,2.5041637771599605
v3_sc1_staging_06,L2,4,2,0.0,True,False,False,5.4526911934581195,3.772001872658765,1.200735135169495
v3_sc1_staging_06,L2,4,3,0.0,True,False,False,3.377817459305202,4.991812087098393,1.912985702402731
v3_sc1_staging_06,L2,4,4,0.0,True,False,False,4.567766952966369,1.5248456731316589,0.30000000000000004
v3_sc1_staging_06,L2,4,5,0.0,True,False,False,4.548528137423857,2.290161285660741,0.2433034373659253
v3_sc1_staging_06,L2,4,6,0.0,True,False,False,3.115685424949238,3.488107320521854,2.030316185775999
v3_sc1_staging_06,L2,4,7,0.0,True,False,False,7.813351365237941,3.7101068870041765,2.0104780421266386
v3_sc1_staging_06,L2,4,8,0.0,True,False,False,3.23492424049175,3.0514081714159524,2.280287754891569
v3_sc1_staging_06,L2,4,9,0.0,False,False,False,nan,nan,nan
v3_sc1_staging_06,L2,4,10,0.0,True,False,False,6.0876154339498685,3.4458839313897722,1.5862646045025066
v3_sc1_staging_06,L2,4,11,0.0,True,False,False,7.418376618407362,3.369431482789171,0.8601470508735445
v3_sc1_staging_06,L2,4,12,0.0,True,False,False,6.102691193458118,3.465476011779671,2.2504545078950136
v3_sc1_staging_06,L2,4,13,0.0,False,False,False,nan,nan,nan
v3_sc1_staging_06,L2,4,14,0.0,True,False,False,7.6840620433565965,3.465476011779671,1.8711811402758753
v3_sc1_staging_06,L2,4,15,0.0,True,False,False,7.781370849898476,1.5554804791094465,0.25
v3_sc1_staging_06,L2,4,16,0.0,True,False,False,4.247056274847714,1.1977926846349647,0.30000000000000004
v3_sc1_staging_06,L2,4,17,0.0,True,False,False,3.7006096654409877,4.589449872039218,2.1315394733881536
v3_sc1_staging_06,L2,4,18,0.0,True,False,False,4.464213562373096,1.9839484696748446,0.30000000000000004
v3_sc1_staging_06,L2,4,19,0.0,True,False,False,5.612741699796953,4.5039984012787215,1.933105012119288
v3_sc1_staging_06,L2,4,0,0.1,True,False,False,3.6227922061357853,4.511237372146724,2.3217902119044926
v3_sc1_staging_06,L2,4,1,0.1,True,False,False,8.171930009000631,3.9045431091090483,2.5041637771599605
v3_sc1_staging_06,L2,4,2,0.1,True,False,False,5.4526911934581195,3.772001872658765,1.200735135169495
v3_sc1_staging_06,L2,4,3,0.1,True,False,False,3.377817459305202,4.991812087098393,1.912985702402731
v3_sc1_staging_06,L2,4,4,0.1,True,False,False,4.567766952966369,1.5248456731316589,0.30000000000000004
v3_sc1_staging_06,L2,4,5,0.1,True,False,False,4.548528137423857,2.290161285660741,0.2433034373659253
v3_sc1_staging_06,L2,4,6,0.1,True,False,False,3.115685424949238,3.488107320521854,2.030316185775999
v3_sc1_staging_06,L2,4,7,0.1,True,False,False,7.813351365237941,3.7101068870041765,2.0104780421266386
v3_sc1_staging_06,L2,4,8,0.1,True,False,False,3.23492424049175,3.0514081714159524,2.280287754891569
v3_sc1_staging_06,L2,4,9,0.1,False,False,False,nan,nan,nan
v3_sc1_staging_06,L2,4,10,0.1,True,False,False,6.0876154339498685,3.4458839313897722,1.5862646045025066
v3_sc1_staging_06,L2,4,11,0.1,True,False,False,7.418376618407362,3.369431482789171,0.8601470508735445
v3_sc1_staging_06,L2,4,12,0.1,True,False,False,6.102691193458118,3.465476011779671,2.2504545078950136
v3_sc1_staging_06,L2,4,13,0.1,False,False,False,nan,nan,nan
v3_sc1_staging_06,L2,4,14,0.1,True,False,False,7.6840620433565965,3.465476011779671,1.8711811402758753
v3_sc1_staging_06,L2,4,15,0.1,True,False,False,7.781370849898476,1.5554804791094465,0.25
v3_sc1_staging_06,L2,4,16,0.1,True,False,False,4.247056274847714,1.1977926846349647,0.30000000000000004
v3_sc1_staging_06,L2,4,17,0.1,True,False,False,3.7006096654409877,4.589449872039218,2.1315394733881536
v3_sc1_staging_06,L2,4,18,0.1,True,False,False,4.464213562373096,1.9839484696748446,0.30000000000000004
v3_sc1_staging_06,L2,4,19,0.1,True,False,False,5.612741699796953,4.5039984012787215,1.933105012119288
v3_sc1_staging_06,L2,4,0,0.2,True,False,False,3.6227922061357853,4.511237372146724,2.3217902119044926
v3_sc1_staging_06,L2,4,1,0.2,True,False,False,8.171930009000631,3.9045431091090483,2.5041637771599605
v3_sc1_staging_06,L2,4,2,0.2,True,False,False,5.4526911934581195,3.772001872658765,1.200735135169495
v3_sc1_staging_06,L2,4,3,0.2,True,False,False,3.377817459305202,4.991812087098393,1.912985702402731
v3_sc1_staging_06,L2,4,4,0.2,True,False,False,4.567766952966369,1.5248456731316589,0.30000000000000004
v3_sc1_staging_06,L2,4,5,0.2,True,False,False,4.548528137423857,2.290161285660741,0.2433034373659253
v3_sc1_staging_06,L2,4,6,0.2,True,False,False,3.115685424949238,3.488107320521854,2.030316185775999
v3_sc1_staging_06,L2,4,7,0.2,True,False,False,7.813351365237941,3.7101068870041765,2.0104780421266386
v3_sc1_staging_06,L2,4,8,0.2,True,False,False,3.23492424049175,3.0514081714159524,2.280287754891569
v3_sc1_staging_06,L2,4,9,0.2,False,False,False,nan,nan,nan
v3_sc1_staging_06,L2,4,10,0.2,True,False,False,6.0876154339498685,3.4458839313897722,1.5862646045025066
v3_sc1_staging_06,L2,4,11,0.2,True,False,False,7.418376618407362,3.369431482789171,0.8601470508735445
v3_sc1_staging_06,L2,4,12,0.2,True,False,False,6.102691193458118,3.465476011779671,2.2504545078950136
v3_sc1_staging_06,L2,4,13,0.2,False,False,False,nan,nan,nan
v3_sc1_staging_06,L2,4,14,0.2,True,False,False,7.6840620433565965,3.465476011779671,1.8711811402758753
v3_sc1_staging_06,L2,4,15,0.2,True,False,False,7.781370849898476,1.5554804791094465,0.25
v3_sc1_staging_06,L2,4,16,0.2,True,False,False,4.247056274847714,1.1977926846349647,0.30000000000000004
v3_sc1_staging_06,L2,4,17,0.2,True,False,False,3.7006096654409877,4.589449872039218,2.1315394733881536
v3_sc1_staging_06,L2,4,18,0.2,True,False,False,4.464213562373096,1.9839484696748446,0.30000000000000004
v3_sc1_staging_06,L2,4,19,0.2,True,False,False,5.612741699796953,4.5039984012787215,1.933105012119288
v3_sc1_staging_06,L2,4,0,0.3,True,False,False,3.6227922061357853,4.511237372146724,2.3217902119044926
v3_sc1_staging_06,L2,4,1,0.3,True,False,False,8.171930009000631,3.9045431091090483,2.5041637771599605
v3_sc1_staging_06,L2,4,2,0.3,True,False,False,5.4526911934581195,3.772001872658765,1.200735135169495
v3_sc1_staging_06,L2,4,3,0.3,True,False,False,3.377817459305202,4.991812087098393,1.912985702402731
v3_sc1_staging_06,L2,4,4,0.3,True,False,False,4.609188309203678,1.5248456731316589,0.3015609770940699
v3_sc1_staging_06,L2,4,5,0.3,True,False,False,4.589949493661166,2.290161285660741,0.3062257748298549
v3_sc1_staging_06,L2,4,6,0.3,True,False,False,3.115685424949238,3.488107320521854,2.030316185775999
v3_sc1_staging_06,L2,4,7,0.3,True,False,False,7.813351365237941,3.7101068870041765,2.0104780421266386
v3_sc1_staging_06,L2,4,8,0.3,True,False,False,3.23492424049175,3.0514081714159524,2.280287754891569
v3_sc1_staging_06,L2,4,9,0.3,False,False,False,nan,nan,nan
v3_sc1_staging_06,L2,4,10,0.3,True,False,False,6.0876154339498685,3.4458839313897722,1.5862646045025066
v3_sc1_staging_06,L2,4,11,0.3,True,False,False,7.418376618407362,3.369431482789171,0.8601470508735445
v3_sc1_staging_06,L2,4,12,0.3,True,False,False,6.102691193458118,3.465476011779671,2.2504545078950136
v3_sc1_staging_06,L2,4,13,0.3,False,False,False,nan,nan,nan
v3_sc1_staging_06,L2,4,14,0.3,True,False,False,7.6840620433565965,3.465476011779671,1.8711811402758753
v3_sc1_staging_06,L2,4,15,0.3,True,False,False,7.822792206135786,1.5554804791094465,0.3015609770940699
v3_sc1_staging_06,L2,4,16,0.3,True,False,False,4.288477631085024,1.1977926846349647,0.3015609770940699
v3_sc1_staging_06,L2,4,17,0.3,True,False,False,3.7006096654409877,4.589449872039218,2.1315394733881536
v3_sc1_staging_06,L2,4,18,0.3,True,False,False,4.505634918610405,1.9839484696748446,0.3015609770940699
v3_sc1_staging_06,L2,4,19,0.3,True,False,False,5.612741699796953,4.5039984012787215,1.933105012119288
v3_sc1_staging_06,L2,4,0,0.4,True,False,False,3.6227922061357853,4.511237372146724,2.3217902119044926
v3_sc1_staging_06,L2,4,1,0.4,True,False,False,8.171930009000631,3.9045431091090483,2.5041637771599605
v3_sc1_staging_06,L2,4,2,0.4,True,False,False,5.4526911934581195,3.772001872658765,1.200735135169495
v3_sc1_staging_06,L2,4,3,0.4,True,False,False,3.377817459305202,4.991812087098393,1.912985702402731
v3_sc1_staging_06,L2,4,4,0.4,False,False,False,nan,nan,nan
v3_sc1_staging_06,L2,4,5,0.4,False,False,False,nan,nan,nan
v3_sc1_staging_06,L2,4,6,0.4,True,False,False,3.115685424949238,3.488107320521854,2.030316185775999
v3_sc1_staging_06,L2,4,7,0.4,True,False,False,7.813351365237941,3.7101068870041765,2.0104780421266386
v3_sc1_staging_06,L2,4,8,0.4,True,False,False,3.23492424049175,3.0514081714159524,2.280287754891569
v3_sc1_staging_06,L2,4,9,0.4,False,False,False,nan,nan,nan
v3_sc1_staging_06,L2,4,10,0.4,True,False,False,6.0876154339498685,3.4458839313897722,1.5862646045025066
v3_sc1_staging_06,L2,4,11,0.4,True,False,False,7.418376618407362,3.369431482789171,0.8601470508735445
v3_sc1_staging_06,L2,4,12,0.4,True,False,False,6.102691193458118,3.465476011779671,2.2504545078950136
v3_sc1_staging_06,L2,4,13,0.4,False,False,False,nan,nan,nan
v3_sc1_staging_06,L2,4,14,0.4,True,False,False,7.6840620433565965,3.465476011779671,1.8711811402758753
v3_sc1_staging_06,L2,4,15,0.4,False,False,False,nan,nan,nan
v3_sc1_staging_06,L2,4,16,0.4,False,False,False,nan,nan,nan
v3_sc1_staging_06,L2,4,17,0.4,True,False,False,3.7006096654409877,4.589449872039218,2.1315394733881536
v3_sc1_staging_06,L2,4,18,0.4,False,False,False,nan,nan,nan
v3_sc1_staging_06,L2,4,19,0.4,True,False,False,5.612741699796953,4.5039984012787215,1.933105012119288
v3_sc1_staging_06,L2,4,0,0.5,True,False,False,3.6227922061357853,4.511237372146724,2.3217902119044926
v3_sc1_staging_06,L2,4,1,0.5,True,False,False,8.171930009000631,3.9045431091090483,2.5041637771599605
v3_sc1_staging_06,L2,4,2,0.5,True,False,False,5.4526911934581195,3.772001872658765,1.200735135169495
v3_sc1_staging_06,L2,4,3,0.5,True,False,False,3.377817459305202,4.991812087098393,1.912985702402731
v3_sc1_staging_06,L2,4,4,0.5,False,False,False,nan,nan,nan
v3_sc1_staging_06,L2,4,5,0.5,False,False,False,nan,nan,nan
v3_sc1_staging_06,L2,4,6,0.5,True,False,False,3.115685424949238,3.488107320521854,2.030316185775999
v3_sc1_staging_06,L2,4,7,0.5,True,False,False,7.813351365237941,3.7101068870041765,2.0104780421266386
v3_sc1_staging_06,L2,4,8,0.5,True,False,False,3.23492424049175,3.0514081714159524,2.280287754891569
v3_sc1_staging_06,L2,4,9,0.5,False,False,False,nan,nan,nan
v3_sc1_staging_06,L2,4,10,0.5,True,False,False,6.0876154339498685,3.4458839313897722,1.5862646045025066
v3_sc1_staging_06,L2,4,11,0.5,True,False,False,7.418376618407362,3.369431482789171,0.8601470508735445
v3_sc1_staging_06,L2,4,12,0.5,True,False,False,6.102691193458118,3.465476011779671,2.2504545078950136
v3_sc1_staging_06,L2,4,13,0.5,False,False,False,nan,nan,nan
v3_sc1_staging_06,L2,4,14,0.5,True,False,False,7.6840620433565965,3.465476011779671,1.8711811402758753
v3_sc1_staging_06,L2,4,15,0.5,False,False,False,nan,nan,nan
v3_sc1_staging_06,L2,4,16,0.5,False,False,False,nan,nan,nan
v3_sc1_staging_06,L2,4,17,0.5,True,False,False,3.7006096654409877,4.589449872039218,2.1315394733881536
v3_sc1_staging_06,L2,4,18,0.5,False,False,False,nan,nan,nan
v3_sc1_staging_06,L2,4,19,0.5,True,False,False,5.612741699796953,4.5039984012787215,1.933105012119288
v3_sc1_staging_06,L2,4,0,0.6,True,False,False,3.6227922061357853,4.511237372146724,2.3217902119044926
v3_sc1_staging_06,L2,4,1,0.6,True,False,False,8.171930009000631,3.9045431091090483,2.5041637771599605
v3_sc1_staging_06,L2,4,2,0.6,True,False,False,5.4526911934581195,3.772001872658765,1.200735135169495
v3_sc1_staging_06,L2,4,3,0.6,True,False,False,3.377817459305202,4.991812087098393,1.912985702402731
v3_sc1_staging_06,L2,4,4,0.6,False,False,False,nan,nan,nan
v3_sc1_staging_06,L2,4,5,0.6,False,False,False,nan,nan,nan
v3_sc1_staging_06,L2,4,6,0.6,True,False,False,3.115685424949238,3.488107320521854,2.030316185775999
v3_sc1_staging_06,L2,4,7,0.6,True,False,False,7.813351365237941,3.7101068870041765,2.0104780421266386
v3_sc1_staging_06,L2,4,8,0.6,True,False,False,3.23492424049175,3.0514081714159524,2.280287754891569
v3_sc1_staging_06,L2,4,9,0.6,False,False,False,nan,nan,nan
v3_sc1_staging_06,L2,4,10,0.6,True,False,False,6.0876154339498685,3.4458839313897722,1.5862646045025066
v3_sc1_staging_06,L2,4,11,0.6,True,False,False,7.418376618407362,3.369431482789171,0.8601470508735445
v3_sc1_staging_06,L2,4,12,0.6,True,False,False,6.102691193458118,3.465476011779671,2.2504545078950136
v3_sc1_staging_06,L2,4,13,0.6,False,False,False,nan,nan,nan
v3_sc1_staging_06,L2,4,14,0.6,True,False,False,7.6840620433565965,3.465476011779671,1.8711811402758753
v3_sc1_staging_06,L2,4,15,0.6,False,False,False,nan,nan,nan
v3_sc1_staging_06,L2,4,16,0.6,False,False,False,nan,nan,nan
v3_sc1_staging_06,L2,4,17,0.6,True,False,False,3.7006096654409877,4.589449872039218,2.1315394733881536
v3_sc1_staging_06,L2,4,18,0.6,False,False,False,nan,nan,nan
v3_sc1_staging_06,L2,4,19,0.6,True,False,False,5.612741699796953,4.5039984012787215,1.933105012119288
v3_sc1_staging_06,L2,4,0,0.8,True,False,False,3.6227922061357853,4.511237372146724,2.3217902119044926
v3_sc1_staging_06,L2,4,1,0.8,True,False,False,8.171930009000631,3.9045431091090483,2.5041637771599605
v3_sc1_staging_06,L2,4,2,0.8,True,False,False,5.4526911934581195,3.772001872658765,1.200735135169495
v3_sc1_staging_06,L2,4,3,0.8,True,False,False,3.377817459305202,4.991812087098393,1.912985702402731
v3_sc1_staging_06,L2,4,4,0.8,False,False,False,nan,nan,nan
v3_sc1_staging_06,L2,4,5,0.8,False,False,False,nan,nan,nan
v3_sc1_staging_06,L2,4,6,0.8,True,False,False,3.115685424949238,3.488107320521854,2.030316185775999
v3_sc1_staging_06,L2,4,7,0.8,True,False,False,7.813351365237941,3.7101068870041765,2.0104780421266386
v3_sc1_staging_06,L2,4,8,0.8,True,False,False,3.23492424049175,3.0514081714159524,2.280287754891569
v3_sc1_staging_06,L2,4,9,0.8,False,False,False,nan,nan,nan
v3_sc1_staging_06,L2,4,10,0.8,True,False,False,6.0876154339498685,3.4458839313897722,1.5862646045025066
v3_sc1_staging_06,L2,4,11,0.8,True,False,False,7.418376618407362,3.369431482789171,0.8601470508735445
v3_sc1_staging_06,L2,4,12,0.8,True,False,False,6.102691193458118,3.465476011779671,2.2504545078950136
v3_sc1_staging_06,L2,4,13,0.8,False,False,False,nan,nan,nan
v3_sc1_staging_06,L2,4,14,0.8,True,False,False,7.6840620433565965,3.465476011779671,1.8711811402758753
v3_sc1_staging_06,L2,4,15,0.8,False,False,False,nan,nan,nan
v3_sc1_staging_06,L2,4,16,0.8,False,False,False,nan,nan,nan
v3_sc1_staging_06,L2,4,17,0.8,True,False,False,3.7006096654409877,4.589449872039218,2.1315394733881536
v3_sc1_staging_06,L2,4,18,0.8,False,False,False,nan,nan,nan
v3_sc1_staging_06,L2,4,19,0.8,True,False,False,5.612741699796953,4.5039984012787215,1.933105012119288
v3_sc1_staging_06,L2,4,0,1.0,True,False,False,3.6227922061357853,4.511237372146724,2.3217902119044926
v3_sc1_staging_06,L2,4,1,1.0,True,False,False,8.171930009000631,3.9045431091090483,2.5041637771599605
v3_sc1_staging_06,L2,4,2,1.0,True,False,False,5.4526911934581195,3.772001872658765,1.200735135169495
v3_sc1_staging_06,L2,4,3,1.0,True,False,False,3.377817459305202,4.991812087098393,1.912985702402731
v3_sc1_staging_06,L2,4,4,1.0,False,False,False,nan,nan,nan
v3_sc1_staging_06,L2,4,5,1.0,False,False,False,nan,nan,nan
v3_sc1_staging_06,L2,4,6,1.0,True,False,False,3.115685424949238,3.488107320521854,2.030316185775999
v3_sc1_staging_06,L2,4,7,1.0,True,False,False,7.813351365237941,3.7101068870041765,2.0104780421266386
v3_sc1_staging_06,L2,4,8,1.0,True,False,False,3.23492424049175,3.0514081714159524,2.280287754891569
v3_sc1_staging_06,L2,4,9,1.0,False,False,False,nan,nan,nan
v3_sc1_staging_06,L2,4,10,1.0,True,False,False,6.0876154339498685,3.4458839313897722,1.5862646045025066
v3_sc1_staging_06,L2,4,11,1.0,False,False,False,nan,nan,nan
v3_sc1_staging_06,L2,4,12,1.0,True,False,False,6.102691193458118,3.465476011779671,2.2504545078950136
v3_sc1_staging_06,L2,4,13,1.0,False,False,False,nan,nan,nan
v3_sc1_staging_06,L2,4,14,1.0,True,False,False,7.6840620433565965,3.465476011779671,1.8711811402758753
v3_sc1_staging_06,L2,4,15,1.0,False,False,False,nan,nan,nan
v3_sc1_staging_06,L2,4,16,1.0,False,False,False,nan,nan,nan
v3_sc1_staging_06,L2,4,17,1.0,True,False,False,3.7006096654409877,4.589449872039218,2.1315394733881536
v3_sc1_staging_06,L2,4,18,1.0,False,False,False,nan,nan,nan
v3_sc1_staging_06,L2,4,19,1.0,True,False,False,5.612741699796953,4.5039984012787215,1.933105012119288
v3_sc1_staging_06,L2,4,0,1.25,True,False,False,3.6227922061357853,4.511237372146724,2.3217902119044926
v3_sc1_staging_06,L2,4,1,1.25,True,False,False,8.171930009000631,3.9045431091090483,2.5041637771599605
v3_sc1_staging_06,L2,4,2,1.25,False,False,False,nan,nan,nan
v3_sc1_staging_06,L2,4,3,1.25,True,False,False,3.377817459305202,4.991812087098393,1.912985702402731
v3_sc1_staging_06,L2,4,4,1.25,False,False,False,nan,nan,nan
v3_sc1_staging_06,L2,4,5,1.25,False,False,False,nan,nan,nan
v3_sc1_staging_06,L2,4,6,1.25,True,False,False,3.115685424949238,3.488107320521854,2.030316185775999
v3_sc1_staging_06,L2,4,7,1.25,True,False,False,7.813351365237941,3.7101068870041765,2.0104780421266386
v3_sc1_staging_06,L2,4,8,1.25,True,False,False,3.23492424049175,3.0514081714159524,2.280287754891569
v3_sc1_staging_06,L2,4,9,1.25,False,False,False,nan,nan,nan
v3_sc1_staging_06,L2,4,10,1.25,True,False,False,6.0876154339498685,3.4458839313897722,1.5862646045025066
v3_sc1_staging_06,L2,4,11,1.25,False,False,False,nan,nan,nan
v3_sc1_staging_06,L2,4,12,1.25,True,False,False,6.102691193458118,3.465476011779671,2.2504545078950136
v3_sc1_staging_06,L2,4,13,1.25,False,False,False,nan,nan,nan
v3_sc1_staging_06,L2,4,14,1.25,True,False,False,7.6840620433565965,3.465476011779671,1.8711811402758753
v3_sc1_staging_06,L2,4,15,1.25,False,False,False,nan,nan,nan
v3_sc1_staging_06,L2,4,16,1.25,False,False,False,nan,nan,nan
v3_sc1_staging_06,L2,4,17,1.25,True,False,False,3.7006096654409877,4.589449872039218,2.1315394733881536
v3_sc1_staging_06,L2,4,18,1.25,False,False,False,nan,nan,nan
v3_sc1_staging_06,L2,4,19,1.25,True,False,False,5.612741699796953,4.5039984012787215,1.933105012119288
v3_sc1_staging_06,L2,4,0,1.5,True,False,False,3.6227922061357853,4.511237372146724,2.3217902119044926
v3_sc1_staging_06,L2,4,1,1.5,True,False,False,8.171930009000631,3.9045431091090483,2.5041637771599605
v3_sc1_staging_06,L2,4,2,1.5,False,False,False,nan,nan,nan
v3_sc1_staging_06,L2,4,3,1.5,True,False,False,3.377817459305202,4.991812087098393,1.912985702402731
v3_sc1_staging_06,L2,4,4,1.5,False,False,False,nan,nan,nan
v3_sc1_staging_06,L2,4,5,1.5,False,False,False,nan,nan,nan
v3_sc1_staging_06,L2,4,6,1.5,True,False,False,3.115685424949238,3.488107320521854,2.030316185775999
v3_sc1_staging_06,L2,4,7,1.5,True,False,False,7.813351365237941,3.7101068870041765,2.0104780421266386
v3_sc1_staging_06,L2,4,8,1.5,True,False,False,3.23492424049175,3.0514081714159524,2.280287754891569
v3_sc1_staging_06,L2,4,9,1.5,False,False,False,nan,nan,nan
v3_sc1_staging_06,L2,4,10,1.5,True,False,False,6.0876154339498685,3.4458839313897722,1.5862646045025066
v3_sc1_staging_06,L2,4,11,1.5,False,False,False,nan,nan,nan
v3_sc1_staging_06,L2,4,12,1.5,True,False,False,6.102691193458118,3.465476011779671,2.2504545078950136
v3_sc1_staging_06,L2,4,13,1.5,False,False,False,nan,nan,nan
v3_sc1_staging_06,L2,4,14,1.5,True,False,False,7.6840620433565965,3.465476011779671,1.8711811402758753
v3_sc1_staging_06,L2,4,15,1.5,False,False,False,nan,nan,nan
v3_sc1_staging_06,L2,4,16,1.5,False,False,False,nan,nan,nan
v3_sc1_staging_06,L2,4,17,1.5,True,False,False,3.7006096654409877,4.589449872039218,2.1315394733881536
v3_sc1_staging_06,L2,4,18,1.5,False,False,False,nan,nan,nan
v3_sc1_staging_06,L2,4,19,1.5,True,False,False,5.612741699796953,4.5039984012787215,1.933105012119288
v3_sc1_staging_06,L2,4,0,2.0,True,False,False,3.6227922061357853,4.511237372146724,2.3217902119044926
v3_sc1_staging_06,L2,4,1,2.0,True,False,False,8.171930009000631,3.9045431091090483,2.5041637771599605
v3_sc1_staging_06,L2,4,2,2.0,False,False,False,nan,nan,nan
v3_sc1_staging_06,L2,4,3,2.0,True,False,False,3.398528137423857,4.991812087098393,2.0004999500099974
v3_sc1_staging_06,L2,4,4,2.0,False,False,False,nan,nan,nan
v3_sc1_staging_06,L2,4,5,2.0,False,False,False,nan,nan,nan
v3_sc1_staging_06,L2,4,6,2.0,True,False,False,3.115685424949238,3.488107320521854,2.030316185775999
v3_sc1_staging_06,L2,4,7,2.0,True,False,False,7.813351365237941,3.7101068870041765,2.0104780421266386
v3_sc1_staging_06,L2,4,8,2.0,True,False,False,3.23492424049175,3.0514081714159524,2.280287754891569
v3_sc1_staging_06,L2,4,9,2.0,False,False,False,nan,nan,nan
v3_sc1_staging_06,L2,4,10,2.0,True,False,False,6.108326112068525,3.438591118661596,2.004495957273639
v3_sc1_staging_06,L2,4,11,2.0,False,False,False,nan,nan,nan
v3_sc1_staging_06,L2,4,12,2.0,True,False,False,6.102691193458118,3.465476011779671,2.2504545078950136
v3_sc1_staging_06,L2,4,13,2.0,False,False,False,nan,nan,nan
v3_sc1_staging_06,L2,4,14,2.0,False,False,False,nan,nan,nan
v3_sc1_staging_06,L2,4,15,2.0,False,False,False,nan,nan,nan
v3_sc1_staging_06,L2,4,16,2.0,False,False,False,nan,nan,nan
v3_sc1_staging_06,L2,4,17,2.0,True,False,False,3.7006096654409877,4.589449872039218,2.1315394733881536
v3_sc1_staging_06,L2,4,18,2.0,False,False,False,nan,nan,nan
v3_sc1_staging_06,L2,4,19,2.0,True,False,False,5.612741699796953,4.5039984012787215,2.1967573120323602
v3_sc1_staging_06,L3,0,0,0.0,True,False,False,3.714213562373095,4.609060579010588,2.3284271247461903
v3_sc1_staging_06,L3,0,1,0.0,True,False,False,8.101219330881976,4.0069390943299865,2.5083217912982647
v3_sc1_staging_06,L3,0,2,0.0,True,False,False,5.5112698372208095,3.737924020083418,1.1770509831248424
v3_sc1_staging_06,L3,0,3,0.0,True,False,False,3.348528137423857,5.0901699437494745,1.925386567126981
v3_sc1_staging_06,L3,0,4,0.0,True,False,False,4.5591883092036785,1.4906029237394383,0.3500000000000001
v3_sc1_staging_06,L3,0,5,0.0,True,False,False,4.6899494936611665,2.25,0.2433034373659253
v3_sc1_staging_06,L3,0,6,0.0,True,False,False,3.0863961030678926,3.5252329125157464,2.0495097567963927
v3_sc1_staging_06,L3,0,7,0.0,False,False,False,nan,nan,nan
v3_sc1_staging_06,L3,0,8,0.0,True,False,False,3.19350288425444,3.0500000000000003,2.23221521846285
v3_sc1_staging_06,L3,0,9,0.0,True,False,False,7.289087296526015,3.964302857109943,2.5083217912982647
v3_sc1_staging_06,L3,0,10,0.0,True,False,False,6.096194077712559,3.4815198103236913,1.5554804791094465
v3_sc1_staging_06,L3,0,11,0.0,True,False,False,7.476955262170049,3.327858409084641,0.8416407864998741
v3_sc1_staging_06,L3,0,12,0.0,True,False,False,6.052691193458119,3.530198506277327,2.2536339626028727
v3_sc1_staging_06,L3,0,13,0.0,True,False,False,4.788477631085024,3.6100486615124154,2.6752952618614856
v3_sc1_staging_06,L3,0,14,0.0,True,False,False,7.742640687119286,3.530198506277327,1.850531854708632
v3_sc1_staging_06,L3,0,15,0.0,True,False,False,7.914213562373096,1.5426698215815495,0.25
v3_sc1_staging_06,L3,0,16,0.0,True,False,False,4.247056274847714,1.1492422502470643,0.3500000000000001
v3_sc1_staging_06,L3,0,17,0.0,True,False,False,3.7798989873223334,4.563595560468865,2.1
v3_sc1_staging_06,L3,0,18,0.0,True,False,False,4.455634918610405,1.9839484696748446,0.4
v3_sc1_staging_06,L3,0,19,0.0,True,False,False,5.604163056034262,4.5122350304031045,1.9515301344262528
v3_sc1_staging_06,L3,0,0,0.1,True,False,False,3.714213562373095,4.609060579010588,2.3284271247461903
v3_sc1_staging_06,L3,0,1,0.1,True,False,False,8.101219330881976,4.0069390943299865,2.5083217912982647
v3_sc1_staging_06,L3,0,2,0.1,True,False,False,5.5112698372208095,3.737924020083418,1.1770509831248424
v3_sc1_staging_06,L3,0,3,0.1,True,False,False,3.348528137423857,5.0901699437494745,1.925386567126981
v3_sc1_staging_06,L3,0,4,0.1,True,False,False,4.5591883092036785,1.4906029237394383,0.3500000000000001
v3_sc1_staging_06,L3,0,5,0.1,True,False,False,4.6899494936611665,2.25,0.2433034373659253
v3_sc1_staging_06,L3,0,6,0.1,True,False,False,3.0863961030678926,3.5252329125157464,2.0495097567963927
v3_sc1_staging_06,L3,0,7,0.1,False,False,False,nan,nan,nan
v3_sc1_staging_06,L3,0,8,0.1,True,False,False,3.19350288425444,3.0500000000000003,2.23221521846285
v3_sc1_staging_06,L3,0,9,0.1,True,False,False,7.289087296526015,3.964302857109943,2.5083217912982647
v3_sc1_staging_06,L3,0,10,0.1,True,False,False,6.096194077712559,3.4815198103236913,1.5554804791094465
v3_sc1_staging_06,L3,0,11,0.1,True,False,False,7.476955262170049,3.327858409084641,0.8416407864998741
v3_sc1_staging_06,L3,0,12,0.1,True,False,False,6.052691193458119,3.530198506277327,2.2536339626028727
v3_sc1_staging_06,L3,0,13,0.1,True,False,False,4.788477631085024,3.6100486615124154,2.6752952618614856
v3_sc1_staging_06,L3,0,14,0.1,True,False,False,7.742640687119286,3.530198506277327,1.850531854708632
v3_sc1_staging_06,L3,0,15,0.1,True,False,False,7.914213562373096,1.5426698215815495,0.25
v3_sc1_staging_06,L3,0,16,0.1,True,False,False,4.247056274847714,1.1492422502470643,0.3500000000000001
v3_sc1_staging_06,L3,0,17,0.1,True,False,False,3.7798989873223334,4.563595560468865,2.1
v3_sc1_staging_06,L3,0,18,0.1,True,False,False,4.455634918610405,1.9839484696748446,0.4
v3_sc1_staging_06,L3,0,19,0.1,True,False,False,5.604163056034262,4.5122350304031045,1.9515301344262528
v3_sc1_staging_06,L3,0,0,0.2,True,False,False,3.714213562373095,4.609060579010588,2.3284271247461903
v3_sc1_staging_06,L3,0,1,0.2,True,False,False,8.101219330881976,4.0069390943299865,2.5083217912982647
v3_sc1_staging_06,L3,0,2,0.2,True,False,False,5.5112698372208095,3.737924020083418,1.1770509831248424
v3_sc1_staging_06,L3,0,3,0.2,True,False,False,3.348528137423857,5.0901699437494745,1.925386567126981
v3_sc1_staging_06,L3,0,4,0.2,True,False,False,4.5591883092036785,1.4906029237394383,0.3500000000000001
v3_sc1_staging_06,L3,0,5,0.2,True,False,False,4.6899494936611665,2.25,0.2433034373659253
v3_sc1_staging_06,L3,0,6,0.2,True,False,False,3.0863961030678926,3.5252329125157464,2.0495097567963927
v3_sc1_staging_06,L3,0,7,0.2,False,False,False,nan,nan,nan
v3_sc1_staging_06,L3,0,8,0.2,True,False,False,3.19350288425444,3.0500000000000003,2.23221521846285
v3_sc1_staging_06,L3,0,9,0.2,True,False,False,7.289087296526015,3.964302857109943,2.5083217912982647
v3_sc1_staging_06,L3,0,10,0.2,True,False,False,6.096194077712559,3.4815198103236913,1.5554804791094465
v3_sc1_staging_06,L3,0,11,0.2,True,False,False,7.476955262170049,3.327858409084641,0.8416407864998741
v3_sc1_staging_06,L3,0,12,0.2,True,False,False,6.052691193458119,3.530198506277327,2.2536339626028727
v3_sc1_staging_06,L3,0,13,0.2,True,False,False,4.788477631085024,3.6100486615124154,2.6752952618614856
v3_sc1_staging_06,L3,0,14,0.2,True,False,False,7.742640687119286,3.530198506277327,1.850531854708632
v3_sc1_staging_06,L3,0,15,0.2,True,False,False,7.914213562373096,1.5426698215815495,0.25
v3_sc1_staging_06,L3,0,16,0.2,True,False,False,4.247056274847714,1.1492422502470643,0.3500000000000001
v3_sc1_staging_06,L3,0,17,0.2,True,False,False,3.7798989873223334,4.563595560468865,2.1
v3_sc1_staging_06,L3,0,18,0.2,True,False,False,4.455634918610405,1.9839484696748446,0.4
v3_sc1_staging_06,L3,0,19,0.2,True,False,False,5.604163056034262,4.5122350304031045,1.9515301344262528
v3_sc1_staging_06,L3,0,0,0.3,True,False,False,3.714213562373095,4.609060579010588,2.3284271247461903
v3_sc1_staging_06,L3,0,1,0.3,True,False,False,8.101219330881976,4.0069390943299865,2.5083217912982647
v3_sc1_staging_06,L3,0,2,0.3,True,False,False,5.5112698372208095,3.737924020083418,1.1770509831248424
v3_sc1_staging_06,L3,0,3,0.3,True,False,False,3.348528137423857,5.0901699437494745,1.925386567126981
v3_sc1_staging_06,L3,0,4,0.3,True,False,False,4.5591883092036785,1.4906029237394383,0.3500000000000001
v3_sc1_staging_06,L3,0,5,0.3,True,False,False,4.6899494936611665,2.25,0.30777472107017556
v3_sc1_staging_06,L3,0,6,0.3,True,False,False,3.0863961030678926,3.5252329125157464,2.0495097567963927
v3_sc1_staging_06,L3,0,7,0.3,False,False,False,nan,nan,nan
v3_sc1_staging_06,L3,0,8,0.3,True,False,False,3.19350288425444,3.0500000000000003,2.23221521846285
v3_sc1_staging_06,L3,0,9,0.3,True,False,False,7.289087296526015,3.964302857109943,2.5083217912982647
v3_sc1_staging_06,L3,0,10,0.3,True,False,False,6.096194077712559,3.4815198103236913,1.5554804791094465
v3_sc1_staging_06,L3,0,11,0.3,True,False,False,7.476955262170049,3.327858409084641,0.8416407864998741
v3_sc1_staging_06,L3,0,12,0.3,True,False,False,6.052691193458119,3.530198506277327,2.2536339626028727
v3_sc1_staging_06,L3,0,13,0.3,True,False,False,4.788477631085024,3.6100486615124154,2.6752952618614856
v3_sc1_staging_06,L3,0,14,0.3,True,False,False,7.742640687119286,3.530198506277327,1.850531854708632
v3_sc1_staging_06,L3,0,15,0.3,True,False,False,7.914213562373096,1.5426698215815495,0.3015609770940699
v3_sc1_staging_06,L3,0,16,0.3,True,False,False,4.247056274847714,1.1492422502470643,0.3500000000000001
v3_sc1_staging_06,L3,0,17,0.3,True,False,False,3.7798989873223334,4.563595560468865,2.1
v3_sc1_staging_06,L3,0,18,0.3,True,False,False,4.455634918610405,1.9839484696748446,0.4
v3_sc1_staging_06,L3,0,19,0.3,True,False,False,5.604163056034262,4.5122350304031045,1.9515301344262528
v3_sc1_staging_06,L3,0,0,0.4,True,False,False,3.714213562373095,4.609060579010588,2.3284271247461903
v3_sc1_staging_06,L3,0,1,0.4,True,False,False,8.101219330881976,4.0069390943299865,2.5083217912982647
v3_sc1_staging_06,L3,0,2,0.4,True,False,False,5.5112698372208095,3.737924020083418,1.1770509831248424
v3_sc1_staging_06,L3,0,3,0.4,True,False,False,3.348528137423857,5.0901699437494745,1.925386567126981
v3_sc1_staging_06,L3,0,4,0.4,False,False,False,nan,nan,nan
v3_sc1_staging_06,L3,0,5,0.4,False,False,False,nan,nan,nan
v3_sc1_staging_06,L3,0,6,0.4,True,False,False,3.0863961030678926,3.5252329125157464,2.0495097567963927
v3_sc1_staging_06,L3,0,7,0.4,False,False,False,nan,nan,nan
v3_sc1_staging_06,L3,0,8,0.4,True,False,False,3.19350288425444,3.0500000000000003,2.23221521846285
v3_sc1_staging_06,L3,0,9,0.4,True,False,False,7.289087296526015,3.964302857109943,2.5083217912982647
v3_sc1_staging_06,L3,0,10,0.4,True,False,False,6.096194077712559,3.4815198103236913,1.5554804791094465
v3_sc1_staging_06,L3,0,11,0.4,True,False,False,7.476955262170049,3.327858409084641,0.8416407864998741
v3_sc1_staging_06,L3,0,12,0.4,True,False,False,6.052691193458119,3.530198506277327,2.2536339626028727
v3_sc1_staging_06,L3,0,13,0.4,True,False,False,4.788477631085024,3.6100486615124154,2.6752952618614856
v3_sc1_staging_06,L3,0,14,0.4,True,False,False,7.742640687119286,3.530198506277327,1.850531854708632
v3_sc1_staging_06,L3,0,15,0.4,False,False,False,nan,nan,nan
v3_sc1_staging_06,L3,0,16,0.4,False,False,False,nan,nan,nan
v3_sc1_staging_06,L3,0,17,0.4,True,False,False,3.7798989873223334,4.563595560468865,2.1
v3_sc1_staging_06,L3,0,18,0.4,False,False,False,nan,nan,nan
v3_sc1_staging_06,L3,0,19,0.4,True,False,False,5.604163056034262,4.5122350304031045,1.9515301344262528
v3_sc1_staging_06,L3,0,0,0.5,True,False,False,3.714213562373095,4.609060579010588,2.3284271247461903
v3_sc1_staging_06,L3,0,1,0.5,True,False,False,8.101219330881976,4.0069390943299865,2.5083217912982647
v3_sc1_staging_06,L3,0,2,0.5,True,False,False,5.5112698372208095,3.737924020083418,1.1770509831248424
v3_sc1_staging_06,L3,0,3,0.5,True,False,False,3.348528137423857,5.0901699437494745,1.925386567126981
v3_sc1_staging_06,L3,0,4,0.5,False,False,False,nan,nan,nan
v3_sc1_staging_06,L3,0,5,0.5,False,False,False,nan,nan,nan
v3_sc1_staging_06,L3,0,6,0.5,True,False,False,3.0863961030678926,3.5252329125157464,2.0495097567963927
v3_sc1_staging_06,L3,0,7,0.5,False,False,False,nan,nan,nan
v3_sc1_staging_06,L3,0,8,0.5,True,False,False,3.19350288425444,3.0500000000000003,2.23221521846285
v3_sc1_staging_06,L3,0,9,0.5,True,False,False,7.289087296526015,3.964302857109943,2.5083217912982647
v3_sc1_staging_06,L3,0,10,0.5,True,False,False,6.096194077712559,3.4815198103236913,1.5554804791094465
v3_sc1_staging_06,L3,0,11,0.5,True,False,False,7.476955262170049,3.327858409084641,0.8416407864998741
v3_sc1_staging_06,L3,0,12,0.5,True,False,False,6.052691193458119,3.530198506277327,2.2536339626028727
v3_sc1_staging_06,L3,0,13,0.5,True,False,False,4.788477631085024,3.6100486615124154,2.6752952618614856
v3_sc1_staging_06,L3,0,14,0.5,True,False,False,7.742640687119286,3.530198506277327,1.850531854708632
v3_sc1_staging_06,L3,0,15,0.5,False,False,False,nan,nan,nan
v3_sc1_staging_06,L3,0,16,0.5,False,False,False,nan,nan,nan
v3_sc1_staging_06,L3,0,17,0.5,True,False,False,3.7798989873223334,4.563595560468865,2.1
v3_sc1_staging_06,L3,0,18,0.5,False,False,False,nan,nan,nan
v3_sc1_staging_06,L3,0,19,0.5,True,False,False,5.604163056034262,4.5122350304031045,1.9515301344262528
v3_sc1_staging_06,L3,0,0,0.6,True,False,False,3.714213562373095,4.609060579010588,2.3284271247461903
v3_sc1_staging_06,L3,0,1,0.6,True,False,False,8.101219330881976,4.0069390943299865,2.5083217912982647
v3_sc1_staging_06,L3,0,2,0.6,True,False,False,5.5112698372208095,3.737924020083418,1.1770509831248424
v3_sc1_staging_06,L3,0,3,0.6,True,False,False,3.348528137423857,5.0901699437494745,1.925386567126981
v3_sc1_staging_06,L3,0,4,0.6,False,False,False,nan,nan,nan
v3_sc1_staging_06,L3,0,5,0.6,False,False,False,nan,nan,nan
v3_sc1_staging_06,L3,0,6,0.6,True,False,False,3.0863961030678926,3.5252329125157464,2.0495097567963927
v3_sc1_staging_06,L3,0,7,0.6,False,False,False,nan,nan,nan
v3_sc1_staging_06,L3,0,8,0.6,True,False,False,3.19350288425444,3.0500000000000003,2.23221521846285
v3_sc1_staging_06,L3,0,9,0.6,True,False,False,7.289087296526015,3.964302857109943,2.5083217912982647
v3_sc1_staging_06,L3,0,10,0.6,True,False,False,6.096194077712559,3.4815198103236913,1.5554804791094465
v3_sc1_staging_06,L3,0,11,0.6,True,False,False,7.476955262170049,3.327858409084641,0.8416407864998741
v3_sc1_staging_06,L3,0,12,0.6,True,False,False,6.052691193458119,3.530198506277327,2.2536339626028727
v3_sc1_staging_06,L3,0,13,0.6,True,False,False,4.788477631085024,3.6100486615124154,2.6752952618614856
v3_sc1_staging_06,L3,0,14,0.6,True,False,False,7.742640687119286,3.530198506277327,1.850531854708632
v3_sc1_staging_06,L3,0,15,0.6,False,False,False,nan,nan,nan
v3_sc1_staging_06,L3,0,16,0.6,False,False,False,nan,nan,nan
v3_sc1_staging_06,L3,0,17,0.6,True,False,False,3.7798989873223334,4.563595560468865,2.1
v3_sc1_staging_06,L3,0,18,0.6,False,False,False,nan,nan,nan
v3_sc1_staging_06,L3,0,19,0.6,True,False,False,5.604163056034262,4.5122350304031045,1.9515301344262528
v3_sc1_staging_06,L3,0,0,0.8,True,False,False,3.714213562373095,4.609060579010588,2.3284271247461903
v3_sc1_staging_06,L3,0,1,0.8,True,False,False,8.101219330881976,4.0069390943299865,2.5083217912982647
v3_sc1_staging_06,L3,0,2,0.8,True,False,False,5.5112698372208095,3.737924020083418,1.1770509831248424
v3_sc1_staging_06,L3,0,3,0.8,True,False,False,3.348528137423857,5.0901699437494745,1.925386567126981
v3_sc1_staging_06,L3,0,4,0.8,False,False,False,nan,nan,nan
v3_sc1_staging_06,L3,0,5,0.8,False,False,False,nan,nan,nan
v3_sc1_staging_06,L3,0,6,0.8,True,False,False,3.0863961030678926,3.5252329125157464,2.0495097567963927
v3_sc1_staging_06,L3,0,7,0.8,False,False,False,nan,nan,nan
v3_sc1_staging_06,L3,0,8,0.8,True,False,False,3.19350288425444,3.0500000000000003,2.23221521846285
v3_sc1_staging_06,L3,0,9,0.8,True,False,False,7.289087296526015,3.964302857109943,2.5083217912982647
v3_sc1_staging_06,L3,0,10,0.8,True,False,False,6.096194077712559,3.4815198103236913,1.5554804791094465
v3_sc1_staging_06,L3,0,11,0.8,True,False,False,7.476955262170049,3.327858409084641,0.8416407864998741
v3_sc1_staging_06,L3,0,12,0.8,True,False,False,6.052691193458119,3.530198506277327,2.2536339626028727
v3_sc1_staging_06,L3,0,13,0.8,True,False,False,4.788477631085024,3.6100486615124154,2.6752952618614856
v3_sc1_staging_06,L3,0,14,0.8,True,False,False,7.742640687119286,3.530198506277327,1.850531854708632
v3_sc1_staging_06,L3,0,15,0.8,False,False,False,nan,nan,nan
v3_sc1_staging_06,L3,0,16,0.8,False,False,False,nan,nan,nan
v3_sc1_staging_06,L3,0,17,0.8,True,False,False,3.7798989873223334,4.563595560468865,2.1
v3_sc1_staging_06,L3,0,18,0.8,False,False,False,nan,nan,nan
v3_sc1_staging_06,L3,0,19,0.8,True,False,False,5.604163056034262,4.5122350304031045,1.9515301344262528
v3_sc1_staging_06,L3,0,0,1.0,True,False,False,3.714213562373095,4.609060579010588,2.3284271247461903
v3_sc1_staging_06,L3,0,1,1.0,True,False,False,8.101219330881976,4.0069390943299865,2.5083217912982647
v3_sc1_staging_06,L3,0,2,1.0,True,False,False,5.5112698372208095,3.737924020083418,1.1770509831248424
v3_sc1_staging_06,L3,0,3,1.0,True,False,False,3.348528137423857,5.0901699437494745,1.925386567126981
v3_sc1_staging_06,L3,0,4,1.0,False,False,False,nan,nan,nan
v3_sc1_staging_06,L3,0,5,1.0,False,False,False,nan,nan,nan
v3_sc1_staging_06,L3,0,6,1.0,True,False,False,3.0863961030678926,3.5252329125157464,2.0495097567963927
v3_sc1_staging_06,L3,0,7,1.0,False,False,False,nan,nan,nan
v3_sc1_staging_06,L3,0,8,1.0,True,False,False,3.19350288425444,3.0500000000000003,2.23221521846285
v3_sc1_staging_06,L3,0,9,1.0,True,False,False,7.289087296526015,3.964302857109943,2.5083217912982647
v3_sc1_staging_06,L3,0,10,1.0,True,False,False,6.096194077712559,3.4815198103236913,1.5554804791094465
v3_sc1_staging_06,L3,0,11,1.0,False,False,False,nan,nan,nan
v3_sc1_staging_06,L3,0,12,1.0,True,False,False,6.052691193458119,3.530198506277327,2.2536339626028727
v3_sc1_staging_06,L3,0,13,1.0,True,False,False,4.788477631085024,3.6100486615124154,2.6752952618614856
v3_sc1_staging_06,L3,0,14,1.0,True,False,False,7.742640687119286,3.530198506277327,1.850531854708632
v3_sc1_staging_06,L3,0,15,1.0,False,False,False,nan,nan,nan
v3_sc1_staging_06,L3,0,16,1.0,False,False,False,nan,nan,nan
v3_sc1_staging_06,L3,0,17,1.0,True,False,False,3.7798989873223334,4.563595560468865,2.1
v3_sc1_staging_06,L3,0,18,1.0,False,False,False,nan,nan,nan
v3_sc1_staging_06,L3,0,19,1.0,True,False,False,5.604163056034262,4.5122350304031045,1.9515301344262528
v3_sc1_staging_06,L3,0,0,1.25,True,False,False,3.714213562373095,4.609060579010588,2.3284271247461903
v3_sc1_staging_06,L3,0,1,1.25,True,False,False,8.101219330881976,4.0069390943299865,2.5083217912982647
v3_sc1_staging_06,L3,0,2,1.25,False,False,False,nan,nan,nan
v3_sc1_staging_06,L3,0,3,1.25,True,False,False,3.348528137423857,5.0901699437494745,1.925386567126981
v3_sc1_staging_06,L3,0,4,1.25,False,False,False,nan,nan,nan
v3_sc1_staging_06,L3,0,5,1.25,False,False,False,nan,nan,nan
v3_sc1_staging_06,L3,0,6,1.25,True,False,False,3.0863961030678926,3.5252329125157464,2.0495097567963927
v3_sc1_staging_06,L3,0,7,1.25,False,False,False,nan,nan,nan
v3_sc1_staging_06,L3,0,8,1.25,True,False,False,3.19350288425444,3.0500000000000003,2.23221521846285
v3_sc1_staging_06,L3,0,9,1.25,True,False,False,7.289087296526015,3.964302857109943,2.5083217912982647
v3_sc1_staging_06,L3,0,10,1.25,True,False,False,6.096194077712559,3.4815198103236913,1.5554804791094465
v3_sc1_staging_06,L3,0,11,1.25,False,False,False,nan,nan,nan
v3_sc1_staging_06,L3,0,12,1.25,True,False,False,6.052691193458119,3.530198506277327,2.2536339626028727
v3_sc1_staging_06,L3,0,13,1.25,True,False,False,4.788477631085024,3.6100486615124154,2.6752952618614856
v3_sc1_staging_06,L3,0,14,1.25,True,False,False,7.742640687119286,3.530198506277327,1.850531854708632
v3_sc1_staging_06,L3,0,15,1.25,False,False,False,nan,nan,nan
v3_sc1_staging_06,L3,0,16,1.25,False,False,False,nan,nan,nan
v3_sc1_staging_06,L3,0,17,1.25,True,False,False,3.7798989873223334,4.563595560468865,2.1
v3_sc1_staging_06,L3,0,18,1.25,False,False,False,nan,nan,nan
v3_sc1_staging_06,L3,0,19,1.25,True,False,False,5.604163056034262,4.5122350304031045,1.9515301344262528
v3_sc1_staging_06,L3,0,0,1.5,True,False,False,3.714213562373095,4.609060579010588,2.3284271247461903
v3_sc1_staging_06,L3,0,1,1.5,True,False,False,8.101219330881976,4.0069390943299865,2.5083217912982647
v3_sc1_staging_06,L3,0,2,1.5,False,False,False,nan,nan,nan
v3_sc1_staging_06,L3,0,3,1.5,True,False,False,3.348528137423857,5.0901699437494745,1.925386567126981
v3_sc1_staging_06,L3,0,4,1.5,False,False,False,nan,nan,nan
v3_sc1_staging_06,L3,0,5,1.5,False,False,False,nan,nan,nan
v3_sc1_staging_06,L3,0,6,1.5,True,False,False,3.0863961030678926,3.5252329125157464,2.0495097567963927
v3_sc1_staging_06,L3,0,7,1.5,False,False,False,nan,nan,nan
v3_sc1_staging_06,L3,0,8,1.5,True,False,False,3.19350288425444,3.0500000000000003,2.23221521846285
v3_sc1_staging_06,L3,0,9,1.5,True,False,False,7.289087296526015,3.964302857109943,2.5083217912982647
v3_sc1_staging_06,L3,0,10,1.5,True,False,False,6.096194077712559,3.4815198103236913,1.5554804791094465
v3_sc1_staging_06,L3,0,11,1.5,False,False,False,nan,nan,nan
v3_sc1_staging_06,L3,0,12,1.5,True,False,False,6.052691193458119,3.530198506277327,2.2536339626028727
v3_sc1_staging_06,L3,0,13,1.5,True,False,False,4.788477631085024,3.6100486615124154,2.6752952618614856
v3_sc1_staging_06,L3,0,14,1.5,True,False,False,7.742640687119286,3.530198506277327,1.850531854708632
v3_sc1_staging_06,L3,0,15,1.5,False,False,False,nan,nan,nan
v3_sc1_staging_06,L3,0,16,1.5,False,False,False,nan,nan,nan
v3_sc1_staging_06,L3,0,17,1.5,True,False,False,3.7798989873223334,4.563595560468865,2.1
v3_sc1_staging_06,L3,0,18,1.5,False,False,False,nan,nan,nan
v3_sc1_staging_06,L3,0,19,1.5,True,False,False,5.604163056034262,4.5122350304031045,1.9515301344262528
v3_sc1_staging_06,L3,0,0,2.0,True,False,False,3.714213562373095,4.609060579010588,2.3284271247461903
v3_sc1_staging_06,L3,0,1,2.0,True,False,False,8.101219330881976,4.0069390943299865,2.5083217912982647
v3_sc1_staging_06,L3,0,2,2.0,False,False,False,nan,nan,nan
v3_sc1_staging_06,L3,0,3,2.0,True,False,False,3.348528137423857,5.0901699437494745,2.0004999500099974
v3_sc1_staging_06,L3,0,4,2.0,False,False,False,nan,nan,nan
v3_sc1_staging_06,L3,0,5,2.0,False,False,False,nan,nan,nan
v3_sc1_staging_06,L3,0,6,2.0,True,False,False,3.0863961030678926,3.5252329125157464,2.0495097567963927
v3_sc1_staging_06,L3,0,7,2.0,False,False,False,nan,nan,nan
v3_sc1_staging_06,L3,0,8,2.0,True,False,False,3.19350288425444,3.0500000000000003,2.23221521846285
v3_sc1_staging_06,L3,0,9,2.0,True,False,False,7.289087296526015,3.964302857109943,2.5083217912982647
v3_sc1_staging_06,L3,0,10,2.0,True,False,False,6.116904755831214,3.475550276376844,2.004495957273639
v3_sc1_staging_06,L3,0,11,2.0,False,False,False,nan,nan,nan
v3_sc1_staging_06,L3,0,12,2.0,True,False,False,6.052691193458119,3.530198506277327,2.2536339626028727
v3_sc1_staging_06,L3,0,13,2.0,True,False,False,4.788477631085024,3.6100486615124154,2.6752952618614856
v3_sc1_staging_06,L3,0,14,2.0,False,False,False,nan,nan,nan
v3_sc1_staging_06,L3,0,15,2.0,False,False,False,nan,nan,nan
v3_sc1_staging_06,L3,0,16,2.0,False,False,False,nan,nan,nan
v3_sc1_staging_06,L3,0,17,2.0,True,False,False,3.7798989873223334,4.563595560468865,2.1
v3_sc1_staging_06,L3,0,18,2.0,False,False,False,nan,nan,nan
v3_sc1_staging_06,L3,0,19,2.0,True,False,False,5.604163056034263,4.5122350304031045,2.2
v3_sc1_staging_06,L3,1,0,0.0,True,False,False,3.672792206135785,4.511237372146724,2.314693589007514
v3_sc1_staging_06,L3,1,1,0.0,True,False,False,8.184062043356596,3.802615483633182,2.5041637771599605
v3_sc1_staging_06,L3,1,2,0.0,True,False,False,5.502691193458119,3.7432299018554254,1.1770509831248424
v3_sc1_staging_06,L3,1,3,0.0,True,False,False,3.357106781186548,4.942655601817922,1.925386567126981
v3_sc1_staging_06,L3,1,4,0.0,True,False,False,4.567766952966369,1.5426698215815495,0.30000000000000004
v3_sc1_staging_06,L3,1,5,0.0,True,False,False,4.5278174593052025,2.260887538455705,0.2433034373659253
v3_sc1_staging_06,L3,1,6,0.0,True,False,False,3.144974746830583,3.4953097501945956,2.0347583711273156
v3_sc1_staging_06,L3,1,7,0.0,True,False,False,7.834062043356596,3.6367257583746113,2.0104780421266386
v3_sc1_staging_06,L3,1,8,0.0,True,False,False,3.134924240491749,3.103123644839294,2.3151376520518494
v3_sc1_staging_06,L3,1,9,0.0,True,False,False,7.3390872965260145,3.806390600026895,2.5041637771599605
v3_sc1_staging_06,L3,1,10,0.0,True,False,False,6.0876154339498685,3.453795644693843,1.6213203435596428
v3_sc1_staging_06,L3,1,11,0.0,True,False,False,7.439087296526018,3.3461019227264375,0.8285330255586425
v3_sc1_staging_06,L3,1,12,0.0,True,False,False,6.123401871576773,3.4812058474788765,2.2504545078950136
v3_sc1_staging_06,L3,1,13,0.0,True,False,False,4.800609665440988,3.6620307543313517,2.709750769140807
v3_sc1_staging_06,L3,1,14,0.0,True,False,False,7.70477272147525,3.5388736053508785,1.8690715480964268
v3_sc1_staging_06,L3,1,15,0.0,True,False,False,7.739949493661166,1.5500000000000003,0.15000000000000002
v3_sc1_staging_06,L3,1,16,0.0,True,False,False,4.288477631085024,1.1140012391568974,0.30000000000000004
v3_sc1_staging_06,L3,1,17,0.0,True,False,False,3.7006096654409877,4.550000000000001,2.1248809496813377
v3_sc1_staging_06,L3,1,18,0.0,True,False,False,4.443502884254441,1.960182920028509,0.30000000000000004
v3_sc1_staging_06,L3,1,19,0.0,True,False,False,5.571320343559643,4.5589030431507584,1.933105012119288
v3_sc1_staging_06,L3,1,0,0.1,True,False,False,3.672792206135785,4.511237372146724,2.314693589007514
v3_sc1_staging_06,L3,1,1,0.1,True,False,False,8.184062043356596,3.802615483633182,2.5041637771599605
v3_sc1_staging_06,L3,1,2,0.1,True,False,False,5.502691193458119,3.7432299018554254,1.1770509831248424
v3_sc1_staging_06,L3,1,3,0.1,True,False,False,3.357106781186548,4.942655601817922,1.925386567126981
v3_sc1_staging_06,L3,1,4,0.1,True,False,False,4.567766952966369,1.5426698215815495,0.30000000000000004
v3_sc1_staging_06,L3,1,5,0.1,True,False,False,4.5278174593052025,2.260887538455705,0.2433034373659253
v3_sc1_staging_06,L3,1,6,0.1,True,False,False,3.144974746830583,3.4953097501945956,2.0347583711273156
v3_sc1_staging_06,L3,1,7,0.1,True,False,False,7.834062043356596,3.6367257583746113,2.0104780421266386
v3_sc1_staging_06,L3,1,8,0.1,True,False,False,3.134924240491749,3.103123644839294,2.3151376520518494
v3_sc1_staging_06,L3,1,9,0.1,True,False,False,7.3390872965260145,3.806390600026895,2.5041637771599605
v3_sc1_staging_06,L3,1,10,0.1,True,False,False,6.0876154339498685,3.453795644693843,1.6213203435596428
v3_sc1_staging_06,L3,1,11,0.1,True,False,False,7.439087296526018,3.3461019227264375,0.8285330255586425
v3_sc1_staging_06,L3,1,12,0.1,True,False,False,6.123401871576773,3.4812058474788765,2.2504545078950136
v3_sc1_staging_06,L3,1,13,0.1,True,False,False,4.800609665440988,3.6620307543313517,2.709750769140807
v3_sc1_staging_06,L3,1,14,0.1,True,False,False,7.70477272147525,3.5388736053508785,1.8690715480964268
v3_sc1_staging_06,L3,1,15,0.1,True,False,False,7.739949493661166,1.5500000000000003,0.15000000000000002
v3_sc1_staging_06,L3,1,16,0.1,True,False,False,4.288477631085024,1.1140012391568974,0.30000000000000004
v3_sc1_staging_06,L3,1,17,0.1,True,False,False,3.7006096654409877,4.550000000000001,2.1248809496813377
v3_sc1_staging_06,L3,1,18,0.1,True,False,False,4.443502884254441,1.960182920028509,0.30000000000000004
v3_sc1_staging_06,L3,1,19,0.1,True,False,False,5.571320343559643,4.5589030431507584,1.933105012119288
v3_sc1_staging_06,L3,1,0,0.2,True,False,False,3.672792206135785,4.511237372146724,2.314693589007514
v3_sc1_staging_06,L3,1,1,0.2,True,False,False,8.184062043356596,3.802615483633182,2.5041637771599605
v3_sc1_staging_06,L3,1,2,0.2,True,False,False,5.502691193458119,3.7432299018554254,1.1770509831248424
v3_sc1_staging_06,L3,1,3,0.2,True,False,False,3.357106781186548,4.942655601817922,1.925386567126981
v3_sc1_staging_06,L3,1,4,0.2,True,False,False,4.567766952966369,1.5426698215815495,0.30000000000000004
v3_sc1_staging_06,L3,1,5,0.2,True,False,False,4.5278174593052025,2.260887538455705,0.2433034373659253
v3_sc1_staging_06,L3,1,6,0.2,True,False,False,3.144974746830583,3.4953097501945956,2.0347583711273156
v3_sc1_staging_06,L3,1,7,0.2,True,False,False,7.834062043356596,3.6367257583746113,2.0104780421266386
v3_sc1_staging_06,L3,1,8,0.2,True,False,False,3.134924240491749,3.103123644839294,2.3151376520518494
v3_sc1_staging_06,L3,1,9,0.2,True,False,False,7.3390872965260145,3.806390600026895,2.5041637771599605
v3_sc1_staging_06,L3,1,10,0.2,True,False,False,6.0876154339498685,3.453795644693843,1.6213203435596428
v3_sc1_staging_06,L3,1,11,0.2,True,False,False,7.439087296526018,3.3461019227264375,0.8285330255586425
v3_sc1_staging_06,L3,1,12,0.2,True,False,False,6.123401871576773,3.4812058474788765,2.2504545078950136
v3_sc1_staging_06,L3,1,13,0.2,True,False,False,4.800609665440988,3.6620307543313517,2.709750769140807
v3_sc1_staging_06,L3,1,14,0.2,True,False,False,7.70477272147525,3.5388736053508785,1.8690715480964268
v3_sc1_staging_06,L3,1,15,0.2,True,False,False,7.739949493661166,1.5500000000000003,0.20000000000000007
v3_sc1_staging_06,L3,1,16,0.2,True,False,False,4.288477631085024,1.1140012391568974,0.30000000000000004
v3_sc1_staging_06,L3,1,17,0.2,True,False,False,3.7006096654409877,4.550000000000001,2.1248809496813377
v3_sc1_staging_06,L3,1,18,0.2,True,False,False,4.443502884254441,1.960182920028509,0.30000000000000004
v3_sc1_staging_06,L3,1,19,0.2,True,False,False,5.571320343559643,4.5589030431507584,1.933105012119288
v3_sc1_staging_06,L3,1,0,0.3,True,False,False,3.672792206135785,4.511237372146724,2.314693589007514
v3_sc1_staging_06,L3,1,1,0.3,True,False,False,8.184062043356596,3.802615483633182,2.5041637771599605
v3_sc1_staging_06,L3,1,2,0.3,True,False,False,5.502691193458119,3.7432299018554254,1.1770509831248424
v3_sc1_staging_06,L3,1,3,0.3,True,False,False,3.357106781186548,4.942655601817922,1.925386567126981
v3_sc1_staging_06,L3,1,4,0.3,True,False,False,4.609188309203678,1.5426698215815495,0.3015609770940699
v3_sc1_staging_06,L3,1,5,0.3,True,False,False,4.569238815542511,2.260887538455705,0.3062257748298549
v3_sc1_staging_06,L3,1,6,0.3,True,False,False,3.144974746830583,3.4953097501945956,2.0347583711273156
v3_sc1_staging_06,L3,1,7,0.3,True,False,False,7.834062043356596,3.6367257583746113,2.0104780421266386
v3_sc1_staging_06,L3,1,8,0.3,True,False,False,3.134924240491749,3.103123644839294,2.3151376520518494
v3_sc1_staging_06,L3,1,9,0.3,True,False,False,7.3390872965260145,3.806390600026895,2.5041637771599605
v3_sc1_staging_06,L3,1,10,0.3,True,False,False,6.0876154339498685,3.453795644693843,1.6213203435596428
v3_sc1_staging_06,L3,1,11,0.3,True,False,False,7.439087296526018,3.3461019227264375,0.8285330255586425
v3_sc1_staging_06,L3,1,12,0.3,True,False,False,6.123401871576773,3.4812058474788765,2.2504545078950136
v3_sc1_staging_06,L3,1,13,0.3,True,False,False,4.800609665440988,3.6620307543313517,2.709750769140807
v3_sc1_staging_06,L3,1,14,0.3,True,False,False,7.70477272147525,3.5388736053508785,1.8690715480964268
v3_sc1_staging_06,L3,1,15,0.3,True,False,False,7.781370849898477,1.5500000000000003,0.3015609770940699
v3_sc1_staging_06,L3,1,16,0.3,True,False,False,4.329898987322333,1.1140012391568974,0.3015609770940699
v3_sc1_staging_06,L3,1,17,0.3,True,False,False,3.7006096654409877,4.550000000000001,2.1248809496813377
v3_sc1_staging_06,L3,1,18,0.3,True,False,False,4.4849242404917495,1.960182920028509,0.3015609770940699
v3_sc1_staging_06,L3,1,19,0.3,True,False,False,5.571320343559643,4.5589030431507584,1.933105012119288
v3_sc1_staging_06,L3,1,0,0.4,True,False,False,3.672792206135785,4.511237372146724,2.314693589007514
v3_sc1_staging_06,L3,1,1,0.4,True,False,False,8.184062043356596,3.802615483633182,2.5041637771599605
v3_sc1_staging_06,L3,1,2,0.4,True,False,False,5.502691193458119,3.7432299018554254,1.1770509831248424
v3_sc1_staging_06,L3,1,3,0.4,True,False,False,3.357106781186548,4.942655601817922,1.925386567126981
v3_sc1_staging_06,L3,1,4,0.4,False,False,False,nan,nan,nan
v3_sc1_staging_06,L3,1,5,0.4,False,False,False,nan,nan,nan
v3_sc1_staging_06,L3,1,6,0.4,True,False,False,3.144974746830583,3.4953097501945956,2.0347583711273156
v3_sc1_staging_06,L3,1,7,0.4,True,False,False,7.834062043356596,3.6367257583746113,2.0104780421266386
v3_sc1_staging_06,L3,1,8,0.4,True,False,False,3.134924240491749,3.103123644839294,2.3151376520518494
v3_sc1_staging_06,L3,1,9,0.4,True,False,False,7.3390872965260145,3.806390600026895,2.5041637771599605
v3_sc1_staging_06,L3,1,10,0.4,True,False,False,6.0876154339498685,3.453795644693843,1.6213203435596428
v3_sc1_staging_06,L3,1,11,0.4,True,False,False,7.439087296526018,3.3461019227264375,0.8285330255586425
v3_sc1_staging_06,L3,1,12,0.4,True,False,False,6.123401871576773,3.4812058474788765,2.2504545078950136
v3_sc1_staging_06,L3,1,13,0.4,True,False,False,4.800609665440988,3.6620307543313517,2.709750769140807
v3_sc1_staging_06,L3,1,14,0.4,True,False,False,7.70477272147525,3.5388736053508785,1.8690715480964268
v3_sc1_staging_06,L3,1,15,0.4,False,False,False,nan,nan,nan
v3_sc1_staging_06,L3,1,16,0.4,False,False,False,nan,nan,nan
v3_sc1_staging_06,L3,1,17,0.4,True,False,False,3.7006096654409877,4.550000000000001,2.1248809496813377
v3_sc1_staging_06,L3,1,18,0.4,False,False,False,nan,nan,nan
v3_sc1_staging_06,L3,1,19,0.4,True,False,False,5.571320343559643,4.5589030431507584,1.933105012119288
v3_sc1_staging_06,L3,1,0,0.5,True,False,False,3.672792206135785,4.511237372146724,2.314693589007514
v3_sc1_staging_06,L3,1,1,0.5,True,False,False,8.184062043356596,3.802615483633182,2.5041637771599605
v3_sc1_staging_06,L3,1,2,0.5,True,False,False,5.502691193458119,3.7432299018554254,1.1770509831248424
v3_sc1_staging_06,L3,1,3,0.5,True,False,False,3.357106781186548,4.942655601817922,1.925386567126981
v3_sc1_staging_06,L3,1,4,0.5,False,False,False,nan,nan,nan
v3_sc1_staging_06,L3,1,5,0.5,False,False,False,nan,nan,nan
v3_sc1_staging_06,L3,1,6,0.5,True,False,False,3.144974746830583,3.4953097501945956,2.0347583711273156
v3_sc1_staging_06,L3,1,7,0.5,True,False,False,7.834062043356596,3.6367257583746113,2.0104780421266386
v3_sc1_staging_06,L3,1,8,0.5,True,False,False,3.134924240491749,3.103123644839294,2.3151376520518494
v3_sc1_staging_06,L3,1,9,0.5,True,False,False,7.3390872965260145,3.806390600026895,2.5041637771599605
v3_sc1_staging_06,L3,1,10,0.5,True,False,False,6.0876154339498685,3.453795644693843,1.6213203435596428
v3_sc1_staging_06,L3,1,11,0.5,True,False,False,7.439087296526018,3.3461019227264375,0.8285330255586425
v3_sc1_staging_06,L3,1,12,0.5,True,False,False,6.123401871576773,3.4812058474788765,2.2504545078950136
v3_sc1_staging_06,L3,1,13,0.5,True,False,False,4.800609665440988,3.6620307543313517,2.709750769140807
v3_sc1_staging_06,L3,1,14,0.5,True,False,False,7.70477272147525,3.5388736053508785,1.8690715480964268
v3_sc1_staging_06,L3,1,15,0.5,False,False,False,nan,nan,nan
v3_sc1_staging_06,L3,1,16,0.5,False,False,False,nan,nan,nan
v3_sc1_staging_06,L3,1,17,0.5,True,False,False,3.7006096654409877,4.550000000000001,2.1248809496813377
v3_sc1_staging_06,L3,1,18,0.5,False,False,False,nan,nan,nan
v3_sc1_staging_06,L3,1,19,0.5,True,False,False,5.571320343559643,4.5589030431507584,1.933105012119288
v3_sc1_staging_06,L3,1,0,0.6,True,False,False,3.672792206135785,4.511237372146724,2.314693589007514
v3_sc1_staging_06,L3,1,1,0.6,True,False,False,8.184062043356596,3.802615483633182,2.5041637771599605
v3_sc1_staging_06,L3,1,2,0.6,True,False,False,5.502691193458119,3.7432299018554254,1.1770509831248424
v3_sc1_staging_06,L3,1,3,0.6,True,False,False,3.357106781186548,4.942655601817922,1.925386567126981
v3_sc1_staging_06,L3,1,4,0.6,False,False,False,nan,nan,nan
v3_sc1_staging_06,L3,1,5,0.6,False,False,False,nan,nan,nan
v3_sc1_staging_06,L3,1,6,0.6,True,False,False,3.144974746830583,3.4953097501945956,2.0347583711273156
v3_sc1_staging_06,L3,1,7,0.6,True,False,False,7.834062043356596,3.6367257583746113,2.0104780421266386
v3_sc1_staging_06,L3,1,8,0.6,True,False,False,3.134924240491749,3.103123644839294,2.3151376520518494
v3_sc1_staging_06,L3,1,9,0.6,True,False,False,7.3390872965260145,3.806390600026895,2.5041637771599605
v3_sc1_staging_06,L3,1,10,0.6,True,False,False,6.0876154339498685,3.453795644693843,1.6213203435596428
v3_sc1_staging_06,L3,1,11,0.6,True,False,False,7.439087296526018,3.3461019227264375,0.8285330255586425
v3_sc1_staging_06,L3,1,12,0.6,True,False,False,6.123401871576773,3.4812058474788765,2.2504545078950136
v3_sc1_staging_06,L3,1,13,0.6,True,False,False,4.800609665440988,3.6620307543313517,2.709750769140807
v3_sc1_staging_06,L3,1,14,0.6,True,False,False,7.70477272147525,3.5388736053508785,1.8690715480964268
v3_sc1_staging_06,L3,1,15,0.6,False,False,False,nan,nan,nan
v3_sc1_staging_06,L3,1,16,0.6,False,False,False,nan,nan,nan
v3_sc1_staging_06,L3,1,17,0.6,True,False,False,3.7006096654409877,4.550000000000001,2.1248809496813377
v3_sc1_staging_06,L3,1,18,0.6,False,False,False,nan,nan,nan
v3_sc1_staging_06,L3,1,19,0.6,True,False,False,5.571320343559643,4.5589030431507584,1.933105012119288
v3_sc1_staging_06,L3,1,0,0.8,True,False,False,3.672792206135785,4.511237372146724,2.314693589007514
v3_sc1_staging_06,L3,1,1,0.8,True,False,False,8.184062043356596,3.802615483633182,2.5041637771599605
v3_sc1_staging_06,L3,1,2,0.8,True,False,False,5.502691193458119,3.7432299018554254,1.1770509831248424
v3_sc1_staging_06,L3,1,3,0.8,True,False,False,3.357106781186548,4.942655601817922,1.925386567126981
v3_sc1_staging_06,L3,1,4,0.8,False,False,False,nan,nan,nan
v3_sc1_staging_06,L3,1,5,0.8,False,False,False,nan,nan,nan
v3_sc1_staging_06,L3,1,6,0.8,True,False,False,3.144974746830583,3.4953097501945956,2.0347583711273156
v3_sc1_staging_06,L3,1,7,0.8,True,False,False,7.834062043356596,3.6367257583746113,2.0104780421266386
v3_sc1_staging_06,L3,1,8,0.8,True,False,False,3.134924240491749,3.103123644839294,2.3151376520518494
v3_sc1_staging_06,L3,1,9,0.8,True,False,False,7.3390872965260145,3.806390600026895,2.5041637771599605
v3_sc1_staging_06,L3,1,10,0.8,True,False,False,6.0876154339498685,3.453795644693843,1.6213203435596428
v3_sc1_staging_06,L3,1,11,0.8,True,False,False,7.439087296526018,3.3461019227264375,0.8285330255586425
v3_sc1_staging_06,L3,1,12,0.8,True,False,False,6.123401871576773,3.4812058474788765,2.2504545078950136
v3_sc1_staging_06,L3,1,13,0.8,True,False,False,4.800609665440988,3.6620307543313517,2.709750769140807
v3_sc1_staging_06,L3,1,14,0.8,True,False,False,7.70477272147525,3.5388736053508785,1.8690715480964268
v3_sc1_staging_06,L3,1,15,0.8,False,False,False,nan,nan,nan
v3_sc1_staging_06,L3,1,16,0.8,False,False,False,nan,nan,nan
v3_sc1_staging_06,L3,1,17,0.8,True,False,False,3.7006096654409877,4.550000000000001,2.1248809496813377
v3_sc1_staging_06,L3,1,18,0.8,False,False,False,nan,nan,nan
v3_sc1_staging_06,L3,1,19,0.8,True,False,False,5.571320343559643,4.5589030431507584,1.933105012119288
v3_sc1_staging_06,L3,1,0,1.0,True,False,False,3.672792206135785,4.511237372146724,2.314693589007514
v3_sc1_staging_06,L3,1,1,1.0,True,False,False,8.184062043356596,3.802615483633182,2.5041637771599605
v3_sc1_staging_06,L3,1,2,1.0,True,False,False,5.502691193458119,3.7432299018554254,1.1770509831248424
v3_sc1_staging_06,L3,1,3,1.0,True,False,False,3.357106781186548,4.942655601817922,1.925386567126981
v3_sc1_staging_06,L3,1,4,1.0,False,False,False,nan,nan,nan
v3_sc1_staging_06,L3,1,5,1.0,False,False,False,nan,nan,nan
v3_sc1_staging_06,L3,1,6,1.0,True,False,False,3.144974746830583,3.4953097501945956,2.0347583711273156
v3_sc1_staging_06,L3,1,7,1.0,True,False,False,7.834062043356596,3.6367257583746113,2.0104780421266386
v3_sc1_staging_06,L3,1,8,1.0,True,False,False,3.134924240491749,3.103123644839294,2.3151376520518494
v3_sc1_staging_06,L3,1,9,1.0,True,False,False,7.3390872965260145,3.806390600026895,2.5041637771599605
v3_sc1_staging_06,L3,1,10,1.0,True,False,False,6.0876154339498685,3.453795644693843,1.6213203435596428
v3_sc1_staging_06,L3,1,11,1.0,False,False,False,nan,nan,nan
v3_sc1_staging_06,L3,1,12,1.0,True,False,False,6.123401871576773,3.4812058474788765,2.2504545078950136
v3_sc1_staging_06,L3,1,13,1.0,True,False,False,4.800609665440988,3.6620307543313517,2.709750769140807
v3_sc1_staging_06,L3,1,14,1.0,True,False,False,7.70477272147525,3.5388736053508785,1.8690715480964268
v3_sc1_staging_06,L3,1,15,1.0,False,False,False,nan,nan,nan
v3_sc1_staging_06,L3,1,16,1.0,False,False,False,nan,nan,nan
v3_sc1_staging_06,L3,1,17,1.0,True,False,False,3.7006096654409877,4.550000000000001,2.1248809496813377
v3_sc1_staging_06,L3,1,18,1.0,False,False,False,nan,nan,nan
v3_sc1_staging_06,L3,1,19,1.0,True,False,False,5.571320343559643,4.5589030431507584,1.933105012119288
v3_sc1_staging_06,L3,1,0,1.25,True,False,False,3.672792206135785,4.511237372146724,2.314693589007514
v3_sc1_staging_06,L3,1,1,1.25,True,False,False,8.184062043356596,3.802615483633182,2.5041637771599605
v3_sc1_staging_06,L3,1,2,1.25,False,False,False,nan,nan,nan
v3_sc1_staging_06,L3,1,3,1.25,True,False,False,3.357106781186548,4.942655601817922,1.925386567126981
v3_sc1_staging_06,L3,1,4,1.25,False,False,False,nan,nan,nan
v3_sc1_staging_06,L3,1,5,1.25,False,False,False,nan,nan,nan
v3_sc1_staging_06,L3,1,6,1.25,True,False,False,3.144974746830583,3.4953097501945956,2.0347583711273156
v3_sc1_staging_06,L3,1,7,1.25,True,False,False,7.834062043356596,3.6367257583746113,2.0104780421266386
v3_sc1_staging_06,L3,1,8,1.25,True,False,False,3.134924240491749,3.103123644839294,2.3151376520518494
v3_sc1_staging_06,L3,1,9,1.25,True,False,False,7.3390872965260145,3.806390600026895,2.5041637771599605
v3_sc1_staging_06,L3,1,10,1.25,True,False,False,6.0876154339498685,3.453795644693843,1.6213203435596428
v3_sc1_staging_06,L3,1,11,1.25,False,False,False,nan,nan,nan
v3_sc1_staging_06,L3,1,12,1.25,True,False,False,6.123401871576773,3.4812058474788765,2.2504545078950136
v3_sc1_staging_06,L3,1,13,1.25,True,False,False,4.800609665440988,3.6620307543313517,2.709750769140807
v3_sc1_staging_06,L3,1,14,1.25,True,False,False,7.70477272147525,3.5388736053508785,1.8690715480964268
v3_sc1_staging_06,L3,1,15,1.25,False,False,False,nan,nan,nan
v3_sc1_staging_06,L3,1,16,1.25,False,False,False,nan,nan,nan
v3_sc1_staging_06,L3,1,17,1.25,True,False,False,3.7006096654409877,4.550000000000001,2.1248809496813377
v3_sc1_staging_06,L3,1,18,1.25,False,False,False,nan,nan,nan
v3_sc1_staging_06,L3,1,19,1.25,True,False,False,5.571320343559643,4.5589030431507584,1.933105012119288
v3_sc1_staging_06,L3,1,0,1.5,True,False,False,3.672792206135785,4.511237372146724,2.314693589007514
v3_sc1_staging_06,L3,1,1,1.5,True,False,False,8.184062043356596,3.802615483633182,2.5041637771599605
v3_sc1_staging_06,L3,1,2,1.5,False,False,False,nan,nan,nan
v3_sc1_staging_06,L3,1,3,1.5,True,False,False,3.357106781186548,4.942655601817922,1.925386567126981
v3_sc1_staging_06,L3,1,4,1.5,False,False,False,nan,nan,nan
v3_sc1_staging_06,L3,1,5,1.5,False,False,False,nan,nan,nan
v3_sc1_staging_06,L3,1,6,1.5,True,False,False,3.144974746830583,3.4953097501945956,2.0347583711273156
v3_sc1_staging_06,L3,1,7,1.5,True,False,False,7.834062043356596,3.6367257583746113,2.0104780421266386
v3_sc1_staging_06,L3,1,8,1.5,True,False,False,3.134924240491749,3.103123644839294,2.3151376520518494
v3_sc1_staging_06,L3,1,9,1.5,True,False,False,7.3390872965260145,3.806390600026895,2.5041637771599605
v3_sc1_staging_06,L3,1,10,1.5,True,False,False,6.0876154339498685,3.453795644693843,1.6213203435596428
v3_sc1_staging_06,L3,1,11,1.5,False,False,False,nan,nan,nan
v3_sc1_staging_06,L3,1,12,1.5,True,False,False,6.123401871576773,3.4812058474788765,2.2504545078950136
v3_sc1_staging_06,L3,1,13,1.5,True,False,False,4.800609665440988,3.6620307543313517,2.709750769140807
v3_sc1_staging_06,L3,1,14,1.5,True,False,False,7.70477272147525,3.5388736053508785,1.8690715480964268
v3_sc1_staging_06,L3,1,15,1.5,False,False,False,nan,nan,nan
v3_sc1_staging_06,L3,1,16,1.5,False,False,False,nan,nan,nan
v3_sc1_staging_06,L3,1,17,1.5,True,False,False,3.7006096654409877,4.550000000000001,2.1248809496813377
v3_sc1_staging_06,L3,1,18,1.5,False,False,False,nan,nan,nan
v3_sc1_staging_06,L3,1,19,1.5,True,False,False,5.571320343559643,4.5589030431507584,1.933105012119288
v3_sc1_staging_06,L3,1,0,2.0,True,False,False,3.672792206135785,4.511237372146724,2.314693589007514
v3_sc1_staging_06,L3,1,1,2.0,True,False,False,8.184062043356596,3.802615483633182,2.5041637771599605
v3_sc1_staging_06,L3,1,2,2.0,False,False,False,nan,nan,nan
v3_sc1_staging_06,L3,1,3,2.0,True,False,False,3.377817459305202,4.942655601817922,2.0004999500099974
v3_sc1_staging_06,L3,1,4,2.0,False,False,False,nan,nan,nan
v3_sc1_staging_06,L3,1,5,2.0,False,False,False,nan,nan,nan
v3_sc1_staging_06,L3,1,6,2.0,True,False,False,3.144974746830583,3.4953097501945956,2.0347583711273156
v3_sc1_staging_06,L3,1,7,2.0,True,False,False,7.834062043356596,3.6367257583746113,2.0104780421266386
v3_sc1_staging_06,L3,1,8,2.0,True,False,False,3.134924240491749,3.103123644839294,2.3151376520518494
v3_sc1_staging_06,L3,1,9,2.0,True,False,False,7.3390872965260145,3.806390600026895,2.5041637771599605
v3_sc1_staging_06,L3,1,10,2.0,True,False,False,6.108326112068525,3.4458839313897722,2.004495957273639
v3_sc1_staging_06,L3,1,11,2.0,False,False,False,nan,nan,nan
v3_sc1_staging_06,L3,1,12,2.0,True,False,False,6.123401871576773,3.4812058474788765,2.2504545078950136
v3_sc1_staging_06,L3,1,13,2.0,True,False,False,4.800609665440988,3.6620307543313517,2.709750769140807
v3_sc1_staging_06,L3,1,14,2.0,False,False,False,nan,nan,nan
v3_sc1_staging_06,L3,1,15,2.0,False,False,False,nan,nan,nan
v3_sc1_staging_06,L3,1,16,2.0,False,False,False,nan,nan,nan
v3_sc1_staging_06,L3,1,17,2.0,True,False,False,3.7006096654409877,4.550000000000001,2.1248809496813377
v3_sc1_staging_06,L3,1,18,2.0,False,False,False,nan,nan,nan
v3_sc1_staging_06,L3,1,19,2.0,True,False,False,5.571320343559644,4.4365980188789935,2.3000000000000003
v3_sc1_staging_06,L3,2,0,0.0,True,False,False,3.69350288425444,4.599019513592785,2.266315238724611
v3_sc1_staging_06,L3,2,1,0.0,True,False,False,8.092640687119285,4.0069390943299865,2.456771888394504
v3_sc1_staging_06,L3,2,2,0.0,True,False,False,5.4819805153394645,3.650301193889427,1.1552945357246849
v3_sc1_staging_06,L3,2,3,0.0,True,False,False,3.377817459305202,4.96465918424928,1.8690715480964268
v3_sc1_staging_06,L3,2,4,0.0,True,False,False,4.538477631085023,1.5248456731316589,0.3500000000000001
v3_sc1_staging_06,L3,2,5,0.0,True,False,False,4.548528137423857,2.2459060435491964,0.19641941385920603
v3_sc1_staging_06,L3,2,6,0.0,True,False,False,3.1156854249492376,3.396472763923803,2.016445906432324
v3_sc1_staging_06,L3,2,7,0.0,False,False,False,nan,nan,nan
v3_sc1_staging_06,L3,2,8,0.0,True,False,False,3.1642135623730945,2.953259329966402,2.220294101747089
v3_sc1_staging_06,L3,2,9,0.0,True,False,False,7.30979797464467,4.040099117860755,2.456771888394504
v3_sc1_staging_06,L3,2,10,0.0,True,False,False,6.066904755831214,3.355191305240247,1.5155644370746373
v3_sc1_staging_06,L3,2,11,0.0,True,False,False,7.418376618407362,3.2566607512523675,0.8124404748406688
v3_sc1_staging_06,L3,2,12,0.0,True,False,False,6.073401871576773,3.4812058474788765,2.206011825546962
v3_sc1_staging_06,L3,2,13,0.0,True,False,False,4.779898987322333,3.566017707782395,2.7
v3_sc1_staging_06,L3,2,14,0.0,True,False,False,7.704772721475251,3.4812058474788765,1.8113848662652443
v3_sc1_staging_06,L3,2,15,0.0,True,False,False,7.802081528017131,1.5554804791094465,0.30000000000000004
v3_sc1_staging_06,L3,2,16,0.0,True,False,False,4.197056274847713,1.1763054614240211,0.3500000000000001
v3_sc1_staging_06,L3,2,17,0.0,True,False,False,3.7506096654409875,4.442165517260627,2.0806975801127883
v3_sc1_staging_06,L3,2,18,0.0,True,False,False,4.434924240491751,1.9703238654071251,0.3500000000000001
v3_sc1_staging_06,L3,2,19,0.0,True,False,False,5.612741699796953,4.4162994213127424,1.8837994882120435
v3_sc1_staging_06,L3,2,0,0.1,True,False,False,3.69350288425444,4.599019513592785,2.266315238724611
v3_sc1_staging_06,L3,2,1,0.1,True,False,False,8.092640687119285,4.0069390943299865,2.456771888394504
v3_sc1_staging_06,L3,2,2,0.1,True,False,False,5.4819805153394645,3.650301193889427,1.1552945357246849
v3_sc1_staging_06,L3,2,3,0.1,True,False,False,3.377817459305202,4.96465918424928,1.8690715480964268
v3_sc1_staging_06,L3,2,4,0.1,True,False,False,4.538477631085023,1.5248456731316589,0.3500000000000001
v3_sc1_staging_06,L3,2,5,0.1,True,False,False,4.548528137423857,2.2459060435491964,0.19641941385920603
v3_sc1_staging_06,L3,2,6,0.1,True,False,False,3.1156854249492376,3.396472763923803,2.016445906432324
v3_sc1_staging_06,L3,2,7,0.1,False,False,False,nan,nan,nan
v3_sc1_staging_06,L3,2,8,0.1,True,False,False,3.1642135623730945,2.953259329966402,2.220294101747089
v3_sc1_staging_06,L3,2,9,0.1,True,False,False,7.30979797464467,4.040099117860755,2.456771888394504
v3_sc1_staging_06,L3,2,10,0.1,True,False,False,6.066904755831214,3.355191305240247,1.5155644370746373
v3_sc1_staging_06,L3,2,11,0.1,True,False,False,7.418376618407362,3.2566607512523675,0.8124404748406688
v3_sc1_staging_06,L3,2,12,0.1,True,False,False,6.073401871576773,3.4812058474788765,2.206011825546962
v3_sc1_staging_06,L3,2,13,0.1,True,False,False,4.779898987322333,3.566017707782395,2.7
v3_sc1_staging_06,L3,2,14,0.1,True,False,False,7.704772721475251,3.4812058474788765,1.8113848662652443
v3_sc1_staging_06,L3,2,15,0.1,True,False,False,7.802081528017131,1.5554804791094465,0.30000000000000004
v3_sc1_staging_06,L3,2,16,0.1,True,False,False,4.197056274847713,1.1763054614240211,0.3500000000000001
v3_sc1_staging_06,L3,2,17,0.1,True,False,False,3.7506096654409875,4.442165517260627,2.0806975801127883
v3_sc1_staging_06,L3,2,18,0.1,True,False,False,4.434924240491751,1.9703238654071251,0.3500000000000001
v3_sc1_staging_06,L3,2,19,0.1,True,False,False,5.612741699796953,4.4162994213127424,1.8837994882120435
v3_sc1_staging_06,L3,2,0,0.2,True,False,False,3.69350288425444,4.599019513592785,2.266315238724611
v3_sc1_staging_06,L3,2,1,0.2,True,False,False,8.092640687119285,4.0069390943299865,2.456771888394504
v3_sc1_staging_06,L3,2,2,0.2,True,False,False,5.4819805153394645,3.650301193889427,1.1552945357246849
v3_sc1_staging_06,L3,2,3,0.2,True,False,False,3.377817459305202,4.96465918424928,1.8690715480964268
v3_sc1_staging_06,L3,2,4,0.2,True,False,False,4.538477631085023,1.5248456731316589,0.3500000000000001
v3_sc1_staging_06,L3,2,5,0.2,True,False,False,4.548528137423857,2.2459060435491964,0.21589105316381774
v3_sc1_staging_06,L3,2,6,0.2,True,False,False,3.1156854249492376,3.396472763923803,2.016445906432324
v3_sc1_staging_06,L3,2,7,0.2,False,False,False,nan,nan,nan
v3_sc1_staging_06,L3,2,8,0.2,True,False,False,3.1642135623730945,2.953259329966402,2.220294101747089
v3_sc1_staging_06,L3,2,9,0.2,True,False,False,7.30979797464467,4.040099117860755,2.456771888394504
v3_sc1_staging_06,L3,2,10,0.2,True,False,False,6.066904755831214,3.355191305240247,1.5155644370746373
v3_sc1_staging_06,L3,2,11,0.2,True,False,False,7.418376618407362,3.2566607512523675,0.8124404748406688
v3_sc1_staging_06,L3,2,12,0.2,True,False,False,6.073401871576773,3.4812058474788765,2.206011825546962
v3_sc1_staging_06,L3,2,13,0.2,True,False,False,4.779898987322333,3.566017707782395,2.7
v3_sc1_staging_06,L3,2,14,0.2,True,False,False,7.704772721475251,3.4812058474788765,1.8113848662652443
v3_sc1_staging_06,L3,2,15,0.2,True,False,False,7.802081528017131,1.5554804791094465,0.30000000000000004
v3_sc1_staging_06,L3,2,16,0.2,True,False,False,4.197056274847713,1.1763054614240211,0.3500000000000001
v3_sc1_staging_06,L3,2,17,0.2,True,False,False,3.7506096654409875,4.442165517260627,2.0806975801127883
v3_sc1_staging_06,L3,2,18,0.2,True,False,False,4.434924240491751,1.9703238654071251,0.3500000000000001
v3_sc1_staging_06,L3,2,19,0.2,True,False,False,5.612741699796953,4.4162994213127424,1.8837994882120435
v3_sc1_staging_06,L3,2,0,0.3,True,False,False,3.69350288425444,4.599019513592785,2.266315238724611
v3_sc1_staging_06,L3,2,1,0.3,True,False,False,8.092640687119285,4.0069390943299865,2.456771888394504
v3_sc1_staging_06,L3,2,2,0.3,True,False,False,5.4819805153394645,3.650301193889427,1.1552945357246849
v3_sc1_staging_06,L3,2,3,0.3,True,False,False,3.377817459305202,4.96465918424928,1.8690715480964268
v3_sc1_staging_06,L3,2,4,0.3,True,False,False,4.538477631085023,1.5248456731316589,0.3500000000000001
v3_sc1_staging_06,L3,2,5,0.3,True,False,False,4.548528137423857,2.2459060435491964,0.3062257748298549
v3_sc1_staging_06,L3,2,6,0.3,True,False,False,3.1156854249492376,3.396472763923803,2.016445906432324
v3_sc1_staging_06,L3,2,7,0.3,False,False,False,nan,nan,nan
v3_sc1_staging_06,L3,2,8,0.3,True,False,False,3.1642135623730945,2.953259329966402,2.220294101747089
v3_sc1_staging_06,L3,2,9,0.3,True,False,False,7.30979797464467,4.040099117860755,2.456771888394504
v3_sc1_staging_06,L3,2,10,0.3,True,False,False,6.066904755831214,3.355191305240247,1.5155644370746373
v3_sc1_staging_06,L3,2,11,0.3,True,False,False,7.418376618407362,3.2566607512523675,0.8124404748406688
v3_sc1_staging_06,L3,2,12,0.3,True,False,False,6.073401871576773,3.4812058474788765,2.206011825546962
v3_sc1_staging_06,L3,2,13,0.3,True,False,False,4.779898987322333,3.566017707782395,2.7
v3_sc1_staging_06,L3,2,14,0.3,True,False,False,7.704772721475251,3.4812058474788765,1.8113848662652443
v3_sc1_staging_06,L3,2,15,0.3,True,False,False,7.8020815280171325,1.5554804791094465,0.3015609770940699
v3_sc1_staging_06,L3,2,16,0.3,True,False,False,4.197056274847713,1.1763054614240211,0.3500000000000001
v3_sc1_staging_06,L3,2,17,0.3,True,False,False,3.7506096654409875,4.442165517260627,2.0806975801127883
v3_sc1_staging_06,L3,2,18,0.3,True,False,False,4.434924240491751,1.9703238654071251,0.3500000000000001
v3_sc1_staging_06,L3,2,19,0.3,True,False,False,5.612741699796953,4.4162994213127424,1.8837994882120435
v3_sc1_staging_06,L3,2,0,0.4,True,False,False,3.69350288425444,4.599019513592785,2.266315238724611
v3_sc1_staging_06,L3,2,1,0.4,True,False,False,8.092640687119285,4.0069390943299865,2.456771888394504
v3_sc1_staging_06,L3,2,2,0.4,True,False,False,5.4819805153394645,3.650301193889427,1.1552945357246849
v3_sc1_staging_06,L3,2,3,0.4,True,False,False,3.377817459305202,4.96465918424928,1.8690715480964268
v3_sc1_staging_06,L3,2,4,0.4,False,False,False,nan,nan,nan
v3_sc1_staging_06,L3,2,5,0.4,False,False,False,nan,nan,nan
v3_sc1_staging_06,L3,2,6,0.4,True,False,False,3.1156854249492376,3.396472763923803,2.016445906432324
v3_sc1_staging_06,L3,2,7,0.4,False,False,False,nan,nan,nan
v3_sc1_staging_06,L3,2,8,0.4,True,False,False,3.1642135623730945,2.953259329966402,2.220294101747089
v3_sc1_staging_06,L3,2,9,0.4,True,False,False,7.30979797464467,4.040099117860755,2.456771888394504
v3_sc1_staging_06,L3,2,10,0.4,True,False,False,6.066904755831214,3.355191305240247,1.5155644370746373
v3_sc1_staging_06,L3,2,11,0.4,True,False,False,7.418376618407362,3.2566607512523675,0.8124404748406688
v3_sc1_staging_06,L3,2,12,0.4,True,False,False,6.073401871576773,3.4812058474788765,2.206011825546962
v3_sc1_staging_06,L3,2,13,0.4,True,False,False,4.779898987322333,3.566017707782395,2.7
v3_sc1_staging_06,L3,2,14,0.4,True,False,False,7.704772721475251,3.4812058474788765,1.8113848662652443
v3_sc1_staging_06,L3,2,15,0.4,False,False,False,nan,nan,nan
v3_sc1_staging_06,L3,2,16,0.4,False,False,False,nan,nan,nan
v3_sc1_staging_06,L3,2,17,0.4,True,False,False,3.7506096654409875,4.442165517260627,2.0806975801127883
v3_sc1_staging_06,L3,2,18,0.4,False,False,False,nan,nan,nan
v3_sc1_staging_06,L3,2,19,0.4,True,False,False,5.612741699796953,4.4162994213127424,1.8837994882120435
v3_sc1_staging_06,L3,2,0,0.5,True,False,False,3.69350288425444,4.599019513592785,2.266315238724611
v3_sc1_staging_06,L3,2,1,0.5,True,False,False,8.092640687119285,4.0069390943299865,2.456771888394504
v3_sc1_staging_06,L3,2,2,0.5,True,False,False,5.4819805153394645,3.650301193889427,1.1552945357246849
v3_sc1_staging_06,L3,2,3,0.5,True,False,False,3.377817459305202,4.96465918424928,1.8690715480964268
v3_sc1_staging_06,L3,2,4,0.5,False,False,False,nan,nan,nan
v3_sc1_staging_06,L3,2,5,0.5,False,False,False,nan,nan,nan
v3_sc1_staging_06,L3,2,6,0.5,True,False,False,3.1156854249492376,3.396472763923803,2.016445906432324
v3_sc1_staging_06,L3,2,7,0.5,False,False,False,nan,nan,nan
v3_sc1_staging_06,L3,2,8,0.5,True,False,False,3.1642135623730945,2.953259329966402,2.220294101747089
v3_sc1_staging_06,L3,2,9,0.5,True,False,False,7.30979797464467,4.040099117860755,2.456771888394504
v3_sc1_staging_06,L3,2,10,0.5,True,False,False,6.066904755831214,3.355191305240247,1.5155644370746373
v3_sc1_staging_06,L3,2,11,0.5,True,False,False,7.418376618407362,3.2566607512523675,0.8124404748406688
v3_sc1_staging_06,L3,2,12,0.5,True,False,False,6.073401871576773,3.4812058474788765,2.206011825546962
v3_sc1_staging_06,L3,2,13,0.5,True,False,False,4.779898987322333,3.566017707782395,2.7
v3_sc1_staging_06,L3,2,14,0.5,True,False,False,7.704772721475251,3.4812058474788765,1.8113848662652443
v3_sc1_staging_06,L3,2,15,0.5,False,False,False,nan,nan,nan
v3_sc1_staging_06,L3,2,16,0.5,False,False,False,nan,nan,nan
v3_sc1_staging_06,L3,2,17,0.5,True,False,False,3.7506096654409875,4.442165517260627,2.0806975801127883
v3_sc1_staging_06,L3,2,18,0.5,False,False,False,nan,nan,nan
v3_sc1_staging_06,L3,2,19,0.5,True,False,False,5.612741699796953,4.4162994213127424,1.8837994882120435
v3_sc1_staging_06,L3,2,0,0.6,True,False,False,3.69350288425444,4.599019513592785,2.266315238724611
v3_sc1_staging_06,L3,2,1,0.6,True,False,False,8.092640687119285,4.0069390943299865,2.456771888394504
v3_sc1_staging_06,L3,2,2,0.6,True,False,False,5.4819805153394645,3.650301193889427,1.1552945357246849
v3_sc1_staging_06,L3,2,3,0.6,True,False,False,3.377817459305202,4.96465918424928,1.8690715480964268
v3_sc1_staging_06,L3,2,4,0.6,False,False,False,nan,nan,nan
v3_sc1_staging_06,L3,2,5,0.6,False,False,False,nan,nan,nan
v3_sc1_staging_06,L3,2,6,0.6,True,False,False,3.1156854249492376,3.396472763923803,2.016445906432324
v3_sc1_staging_06,L3,2,7,0.6,False,False,False,nan,nan,nan
v3_sc1_staging_06,L3,2,8,0.6,True,False,False,3.1642135623730945,2.953259329966402,2.220294101747089
v3_sc1_staging_06,L3,2,9,0.6,True,False,False,7.30979797464467,4.040099117860755,2.456771888394504
v3_sc1_staging_06,L3,2,10,0.6,True,False,False,6.066904755831214,3.355191305240247,1.5155644370746373
v3_sc1_staging_06,L3,2,11,0.6,True,False,False,7.418376618407362,3.2566607512523675,0.8124404748406688
v3_sc1_staging_06,L3,2,12,0.6,True,False,False,6.073401871576773,3.4812058474788765,2.206011825546962
v3_sc1_staging_06,L3,2,13,0.6,True,False,False,4.779898987322333,3.566017707782395,2.7
v3_sc1_staging_06,L3,2,14,0.6,True,False,False,7.704772721475251,3.4812058474788765,1.8113848662652443
v3_sc1_staging_06,L3,2,15,0.6,False,False,False,nan,nan,nan
v3_sc1_staging_06,L3,2,16,0.6,False,False,False,nan,nan,nan
v3_sc1_staging_06,L3,2,17,0.6,True,False,False,3.7506096654409875,4.442165517260627,2.0806975801127883
v3_sc1_staging_06,L3,2,18,0.6,False,False,False,nan,nan,nan
v3_sc1_staging_06,L3,2,19,0.6,True,False,False,5.612741699796953,4.4162994213127424,1.8837994882120435
v3_sc1_staging_06,L3,2,0,0.8,True,False,False,3.69350288425444,4.599019513592785,2.266315238724611
v3_sc1_staging_06,L3,2,1,0.8,True,False,False,8.092640687119285,4.0069390943299865,2.456771888394504
v3_sc1_staging_06,L3,2,2,0.8,True,False,False,5.4819805153394645,3.650301193889427,1.1552945357246849
v3_sc1_staging_06,L3,2,3,0.8,True,False,False,3.377817459305202,4.96465918424928,1.8690715480964268
v3_sc1_staging_06,L3,2,4,0.8,False,False,False,nan,nan,nan
v3_sc1_staging_06,L3,2,5,0.8,False,False,False,nan,nan,nan
v3_sc1_staging_06,L3,2,6,0.8,True,False,False,3.1156854249492376,3.396472763923803,2.016445906432324
v3_sc1_staging_06,L3,2,7,0.8,False,False,False,nan,nan,nan
v3_sc1_staging_06,L3,2,8,0.8,True,False,False,3.1642135623730945,2.953259329966402,2.220294101747089
v3_sc1_staging_06,L3,2,9,0.8,True,False,False,7.30979797464467,4.040099117860755,2.456771888394504
v3_sc1_staging_06,L3,2,10,0.8,True,False,False,6.066904755831214,3.355191305240247,1.5155644370746373
v3_sc1_staging_06,L3,2,11,0.8,True,False,False,7.418376618407362,3.2566607512523675,0.8124404748406688
v3_sc1_staging_06,L3,2,12,0.8,True,False,False,6.073401871576773,3.4812058474788765,2.206011825546962
v3_sc1_staging_06,L3,2,13,0.8,True,False,False,4.779898987322333,3.566017707782395,2.7
v3_sc1_staging_06,L3,2,14,0.8,True,False,False,7.704772721475251,3.4812058474788765,1.8113848662652443
v3_sc1_staging_06,L3,2,15,0.8,False,False,False,nan,nan,nan
v3_sc1_staging_06,L3,2,16,0.8,False,False,False,nan,nan,nan
v3_sc1_staging_06,L3,2,17,0.8,True,False,False,3.7506096654409875,4.442165517260627,2.0806975801127883
v3_sc1_staging_06,L3,2,18,0.8,False,False,False,nan,nan,nan
v3_sc1_staging_06,L3,2,19,0.8,True,False,False,5.612741699796953,4.4162994213127424,1.8837994882120435
v3_sc1_staging_06,L3,2,0,1.0,True,False,False,3.69350288425444,4.599019513592785,2.266315238724611
v3_sc1_staging_06,L3,2,1,1.0,True,False,False,8.092640687119285,4.0069390943299865,2.456771888394504
v3_sc1_staging_06,L3,2,2,1.0,True,False,False,5.4819805153394645,3.650301193889427,1.1552945357246849
v3_sc1_staging_06,L3,2,3,1.0,True,False,False,3.377817459305202,4.96465918424928,1.8690715480964268
v3_sc1_staging_06,L3,2,4,1.0,False,False,False,nan,nan,nan
v3_sc1_staging_06,L3,2,5,1.0,False,False,False,nan,nan,nan
v3_sc1_staging_06,L3,2,6,1.0,True,False,False,3.1156854249492376,3.396472763923803,2.016445906432324
v3_sc1_staging_06,L3,2,7,1.0,False,False,False,nan,nan,nan
v3_sc1_staging_06,L3,2,8,1.0,True,False,False,3.1642135623730945,2.953259329966402,2.220294101747089
v3_sc1_staging_06,L3,2,9,1.0,True,False,False,7.30979797464467,4.040099117860755,2.456771888394504
v3_sc1_staging_06,L3,2,10,1.0,True,False,False,6.066904755831214,3.355191305240247,1.5155644370746373
v3_sc1_staging_06,L3,2,11,1.0,False,False,False,nan,nan,nan
v3_sc1_staging_06,L3,2,12,1.0,True,False,False,6.073401871576773,3.4812058474788765,2.206011825546962
v3_sc1_staging_06,L3,2,13,1.0,True,False,False,4.779898987322333,3.566017707782395,2.7
v3_sc1_staging_06,L3,2,14,1.0,True,False,False,7.704772721475251,3.4812058474788765,1.8113848662652443
v3_sc1_staging_06,L3,2,15,1.0,False,False,False,nan,nan,nan
v3_sc1_staging_06,L3,2,16,1.0,False,False,False,nan,nan,nan
v3_sc1_staging_06,L3,2,17,1.0,True,False,False,3.7506096654409875,4.442165517260627,2.0806975801127883
v3_sc1_staging_06,L3,2,18,1.0,False,False,False,nan,nan,nan
v3_sc1_staging_06,L3,2,19,1.0,True,False,False,5.612741699796953,4.4162994213127424,1.8837994882120435
v3_sc1_staging_06,L3,2,0,1.25,True,False,False,3.69350288425444,4.599019513592785,2.266315238724611
v3_sc1_staging_06,L3,2,1,1.25,True,False,False,8.092640687119285,4.0069390943299865,2.456771888394504
v3_sc1_staging_06,L3,2,2,1.25,False,False,False,nan,nan,nan
v3_sc1_staging_06,L3,2,3,1.25,True,False,False,3.377817459305202,4.96465918424928,1.8690715480964268
v3_sc1_staging_06,L3,2,4,1.25,False,False,False,nan,nan,nan
v3_sc1_staging_06,L3,2,5,1.25,False,False,False,nan,nan,nan
v3_sc1_staging_06,L3,2,6,1.25,True,False,False,3.1156854249492376,3.396472763923803,2.016445906432324
v3_sc1_staging_06,L3,2,7,1.25,False,False,False,nan,nan,nan
v3_sc1_staging_06,L3,2,8,1.25,True,False,False,3.1642135623730945,2.953259329966402,2.220294101747089
v3_sc1_staging_06,L3,2,9,1.25,True,False,False,7.30979797464467,4.040099117860755,2.456771888394504
v3_sc1_staging_06,L3,2,10,1.25,True,False,False,6.066904755831214,3.355191305240247,1.5155644370746373
v3_sc1_staging_06,L3,2,11,1.25,False,False,False,nan,nan,nan
v3_sc1_staging_06,L3,2,12,1.25,True,False,False,6.073401871576773,3.4812058474788765,2.206011825546962
v3_sc1_staging_06,L3,2,13,1.25,True,False,False,4.779898987322333,3.566017707782395,2.7
v3_sc1_staging_06,L3,2,14,1.25,True,False,False,7.704772721475251,3.4812058474788765,1.8113848662652443
v3_sc1_staging_06,L3,2,15,1.25,False,False,False,nan,nan,nan
v3_sc1_staging_06,L3,2,16,1.25,False,False,False,nan,nan,nan
v3_sc1_staging_06,L3,2,17,1.25,True,False,False,3.7506096654409875,4.442165517260627,2.0806975801127883
v3_sc1_staging_06,L3,2,18,1.25,False,False,False,nan,nan,nan
v3_sc1_staging_06,L3,2,19,1.25,True,False,False,5.612741699796953,4.4162994213127424,1.8837994882120435
v3_sc1_staging_06,L3,2,0,1.5,True,False,False,3.69350288425444,4.599019513592785,2.266315238724611
v3_sc1_staging_06,L3,2,1,1.5,True,False,False,8.092640687119285,4.0069390943299865,2.456771888394504
v3_sc1_staging_06,L3,2,2,1.5,False,False,False,nan,nan,nan
v3_sc1_staging_06,L3,2,3,1.5,True,False,False,3.377817459305202,4.96465918424928,1.8690715480964268
v3_sc1_staging_06,L3,2,4,1.5,False,False,False,nan,nan,nan
v3_sc1_staging_06,L3,2,5,1.5,False,False,False,nan,nan,nan
v3_sc1_staging_06,L3,2,6,1.5,True,False,False,3.1156854249492376,3.396472763923803,2.016445906432324
v3_sc1_staging_06,L3,2,7,1.5,False,False,False,nan,nan,nan
v3_sc1_staging_06,L3,2,8,1.5,True,False,False,3.1642135623730945,2.953259329966402,2.220294101747089
v3_sc1_staging_06,L3,2,9,1.5,True,False,False,7.30979797464467,4.040099117860755,2.456771888394504
v3_sc1_staging_06,L3,2,10,1.5,True,False,False,6.066904755831214,3.355191305240247,1.5155644370746373
v3_sc1_staging_06,L3,2,11,1.5,False,False,False,nan,nan,nan
v3_sc1_staging_06,L3,2,12,1.5,True,False,False,6.073401871576773,3.4812058474788765,2.206011825546962
v3_sc1_staging_06,L3,2,13,1.5,True,False,False,4.779898987322333,3.566017707782395,2.7
v3_sc1_staging_06,L3,2,14,1.5,True,False,False,7.704772721475251,3.4812058474788765,1.8113848662652443
v3_sc1_staging_06,L3,2,15,1.5,False,False,False,nan,nan,nan
v3_sc1_staging_06,L3,2,16,1.5,False,False,False,nan,nan,nan
v3_sc1_staging_06,L3,2,17,1.5,True,False,False,3.7506096654409875,4.442165517260627,2.0806975801127883
v3_sc1_staging_06,L3,2,18,1.5,False,False,False,nan,nan,nan
v3_sc1_staging_06,L3,2,19,1.5,True,False,False,5.612741699796953,4.4162994213127424,1.8837994882120435
v3_sc1_staging_06,L3,2,0,2.0,True,False,False,3.69350288425444,4.599019513592785,2.266315238724611
v3_sc1_staging_06,L3,2,1,2.0,True,False,False,8.092640687119285,4.0069390943299865,2.456771888394504
v3_sc1_staging_06,L3,2,2,2.0,False,False,False,nan,nan,nan
v3_sc1_staging_06,L3,2,3,2.0,True,False,False,3.398528137423857,4.96465918424928,2.0004999500099974
v3_sc1_staging_06,L3,2,4,2.0,False,False,False,nan,nan,nan
v3_sc1_staging_06,L3,2,5,2.0,False,False,False,nan,nan,nan
v3_sc1_staging_06,L3,2,6,2.0,True,False,False,3.1156854249492376,3.396472763923803,2.016445906432324
v3_sc1_staging_06,L3,2,7,2.0,False,False,False,nan,nan,nan
v3_sc1_staging_06,L3,2,8,2.0,True,False,False,3.1642135623730945,2.953259329966402,2.220294101747089
v3_sc1_staging_06,L3,2,9,2.0,True,False,False,7.30979797464467,4.040099117860755,2.456771888394504
v3_sc1_staging_06,L3,2,10,2.0,True,False,False,6.108326112068524,3.339596332949598,2.004495957273639
v3_sc1_staging_06,L3,2,11,2.0,False,False,False,nan,nan,nan
v3_sc1_staging_06,L3,2,12,2.0,True,False,False,6.073401871576773,3.4812058474788765,2.206011825546962
v3_sc1_staging_06,L3,2,13,2.0,True,False,False,4.779898987322333,3.566017707782395,2.7
v3_sc1_staging_06,L3,2,14,2.0,False,False,False,nan,nan,nan
v3_sc1_staging_06,L3,2,15,2.0,False,False,False,nan,nan,nan
v3_sc1_staging_06,L3,2,16,2.0,False,False,False,nan,nan,nan
v3_sc1_staging_06,L3,2,17,2.0,True,False,False,3.7506096654409875,4.442165517260627,2.0806975801127883
v3_sc1_staging_06,L3,2,18,2.0,False,False,False,nan,nan,nan
v3_sc1_staging_06,L3,2,19,2.0,True,False,False,5.612741699796953,4.4162994213127424,2.1476404589747453
v3_sc1_staging_06,L3,3,0,0.0,True,False,False,3.7020815280171306,4.550000000000001,2.2613402542968153
v3_sc1_staging_06,L3,3,1,0.0,True,False,True,8.075483399593905,3.8011626335213142,2.473213749463701
v3_sc1_staging_06,L3,3,2,0.0,True,False,False,5.523401871576774,3.6608292442733097,1.2240939649566667
v3_sc1_staging_06,L3,3,3,0.0,True,False,False,3.336396103067893,4.8935146240647205,2.0
v3_sc1_staging_06,L3,3,4,0.0,True,False,False,4.638477631085023,1.4924858845171276,0.25
v3_sc1_staging_06,L3,3,5,0.0,True,False,False,4.436396103067893,2.1100766272276377,0.18007352543677224
v3_sc1_staging_06,L3,3,6,0.0,True,False,False,3.053553390593274,3.4815198103236913,2.071478174124758
v3_sc1_staging_06,L3,3,7,0.0,True,False,True,7.766904755831215,3.678516483155236,2.0104780421266386
v3_sc1_staging_06,L3,3,8,0.0,True,False,False,3.1556349186104047,3.050352095215347,2.120114501314781
v3_sc1_staging_06,L3,3,9,0.0,True,False,True,7.280508652763323,4.129524813628285,2.473213749463701
v3_sc1_staging_06,L3,3,10,0.0,True,False,False,6.058326112068524,3.438591118661596,1.6920310216782974
v3_sc1_staging_06,L3,3,11,0.0,True,False,True,7.371930009000633,3.2576588456111875,0.8416407864998741
v3_sc1_staging_06,L3,3,12,0.0,True,False,True,6.085533905932738,3.566017707782395,2.2504545078950136
v3_sc1_staging_06,L3,3,13,0.0,True,False,False,4.862741699796953,3.7216702855623387,2.7
v3_sc1_staging_06,L3,3,14,0.0,True,False,True,7.637615433949873,3.566017707782395,1.8690715480964268
v3_sc1_staging_06,L3,3,15,0.0,True,False,False,7.648528137423859,1.4500000000000002,0.15000000000000002
v3_sc1_staging_06,L3,3,16,0.0,True,False,False,4.400609665440988,0.9807092894960849,0.25
v3_sc1_staging_06,L3,3,17,0.0,True,False,False,3.6506096654409883,4.491242330322182,2.116295090390226
v3_sc1_staging_06,L3,3,18,0.0,True,False,False,4.40208152801713,1.830772404161333,0.25
v3_sc1_staging_06,L3,3,19,0.0,True,False,False,5.550609665440989,4.4804618259755795,2.3000000000000003
v3_sc1_staging_06,L3,3,0,0.1,True,False,False,3.7020815280171306,4.550000000000001,2.2613402542968153
v3_sc1_staging_06,L3,3,1,0.1,True,False,True,8.075483399593905,3.8011626335213142,2.473213749463701
v3_sc1_staging_06,L3,3,2,0.1,True,False,False,5.523401871576774,3.6608292442733097,1.2240939649566667
v3_sc1_staging_06,L3,3,3,0.1,True,False,False,3.336396103067893,4.8935146240647205,2.0
v3_sc1_staging_06,L3,3,4,0.1,True,False,False,4.638477631085023,1.4924858845171276,0.25
v3_sc1_staging_06,L3,3,5,0.1,True,False,False,4.436396103067893,2.1100766272276377,0.18007352543677224
v3_sc1_staging_06,L3,3,6,0.1,True,False,False,3.053553390593274,3.4815198103236913,2.071478174124758
v3_sc1_staging_06,L3,3,7,0.1,True,False,True,7.766904755831215,3.678516483155236,2.0104780421266386
v3_sc1_staging_06,L3,3,8,0.1,True,False,False,3.1556349186104047,3.050352095215347,2.120114501314781
v3_sc1_staging_06,L3,3,9,0.1,True,False,True,7.280508652763323,4.129524813628285,2.473213749463701
v3_sc1_staging_06,L3,3,10,0.1,True,False,False,6.058326112068524,3.438591118661596,1.6920310216782974
v3_sc1_staging_06,L3,3,11,0.1,True,False,True,7.371930009000633,3.2576588456111875,0.8416407864998741
v3_sc1_staging_06,L3,3,12,0.1,True,False,True,6.085533905932738,3.566017707782395,2.2504545078950136
v3_sc1_staging_06,L3,3,13,0.1,True,False,False,4.862741699796953,3.7216702855623387,2.7
v3_sc1_staging_06,L3,3,14,0.1,True,False,True,7.637615433949873,3.566017707782395,1.8690715480964268
v3_sc1_staging_06,L3,3,15,0.1,True,False,False,7.648528137423859,1.4500000000000002,0.15000000000000002
v3_sc1_staging_06,L3,3,16,0.1,True,False,False,4.400609665440988,0.9807092894960849,0.25
v3_sc1_staging_06,L3,3,17,0.1,True,False,False,3.6506096654409883,4.491242330322182,2.116295090390226
v3_sc1_staging_06,L3,3,18,0.1,True,False,False,4.40208152801713,1.830772404161333,0.25
v3_sc1_staging_06,L3,3,19,0.1,True,False,False,5.550609665440989,4.4804618259755795,2.3000000000000003
v3_sc1_staging_06,L3,3,0,0.2,True,False,False,3.7020815280171306,4.550000000000001,2.2613402542968153
v3_sc1_staging_06,L3,3,1,0.2,True,False,True,8.075483399593905,3.8011626335213142,2.473213749463701
v3_sc1_staging_06,L3,3,2,0.2,True,False,False,5.523401871576774,3.6608292442733097,1.2240939649566667
v3_sc1_staging_06,L3,3,3,0.2,True,False,False,3.336396103067893,4.8935146240647205,2.0
v3_sc1_staging_06,L3,3,4,0.2,True,False,False,4.638477631085023,1.4924858845171276,0.25
v3_sc1_staging_06,L3,3,5,0.2,True,False,False,4.436396103067893,2.1100766272276377,0.21063352017759485
v3_sc1_staging_06,L3,3,6,0.2,True,False,False,3.053553390593274,3.4815198103236913,2.071478174124758
v3_sc1_staging_06,L3,3,7,0.2,True,False,True,7.766904755831215,3.678516483155236,2.0104780421266386
v3_sc1_staging_06,L3,3,8,0.2,True,False,False,3.1556349186104047,3.050352095215347,2.120114501314781
v3_sc1_staging_06,L3,3,9,0.2,True,False,True,7.280508652763323,4.129524813628285,2.473213749463701
v3_sc1_staging_06,L3,3,10,0.2,True,False,False,6.058326112068524,3.438591118661596,1.6920310216782974
v3_sc1_staging_06,L3,3,11,0.2,True,False,True,7.371930009000633,3.2576588456111875,0.8416407864998741
v3_sc1_staging_06,L3,3,12,0.2,True,False,True,6.085533905932738,3.566017707782395,2.2504545078950136
v3_sc1_staging_06,L3,3,13,0.2,True,False,False,4.862741699796953,3.7216702855623387,2.7
v3_sc1_staging_06,L3,3,14,0.2,True,False,True,7.637615433949873,3.566017707782395,1.8690715480964268
v3_sc1_staging_06,L3,3,15,0.2,True,False,False,7.648528137423857,1.4500000000000002,0.20000000000000007
v3_sc1_staging_06,L3,3,16,0.2,True,False,False,4.400609665440988,0.9807092894960849,0.25
v3_sc1_staging_06,L3,3,17,0.2,True,False,False,3.6506096654409883,4.491242330322182,2.116295090390226
v3_sc1_staging_06,L3,3,18,0.2,True,False,False,4.40208152801713,1.830772404161333,0.25
v3_sc1_staging_06,L3,3,19,0.2,True,False,False,5.550609665440989,4.4804618259755795,2.3000000000000003
v3_sc1_staging_06,L3,3,0,0.3,True,False,False,3.7020815280171306,4.550000000000001,2.2613402542968153
v3_sc1_staging_06,L3,3,1,0.3,True,False,True,8.075483399593905,3.8011626335213142,2.473213749463701
v3_sc1_staging_06,L3,3,2,0.3,True,False,False,5.523401871576774,3.6608292442733097,1.2240939649566667
v3_sc1_staging_06,L3,3,3,0.3,True,False,False,3.336396103067893,4.8935146240647205,2.0
v3_sc1_staging_06,L3,3,4,0.3,False,False,False,nan,nan,nan
v3_sc1_staging_06,L3,3,5,0.3,False,False,False,nan,nan,nan
v3_sc1_staging_06,L3,3,6,0.3,True,False,False,3.053553390593274,3.4815198103236913,2.071478174124758
v3_sc1_staging_06,L3,3,7,0.3,True,False,True,7.766904755831215,3.678516483155236,2.0104780421266386
v3_sc1_staging_06,L3,3,8,0.3,True,False,False,3.1556349186104047,3.050352095215347,2.120114501314781
v3_sc1_staging_06,L3,3,9,0.3,True,False,True,7.280508652763323,4.129524813628285,2.473213749463701
v3_sc1_staging_06,L3,3,10,0.3,True,False,False,6.058326112068524,3.438591118661596,1.6920310216782974
v3_sc1_staging_06,L3,3,11,0.3,True,False,True,7.371930009000633,3.2576588456111875,0.8416407864998741
v3_sc1_staging_06,L3,3,12,0.3,True,False,True,6.085533905932738,3.566017707782395,2.2504545078950136
v3_sc1_staging_06,L3,3,13,0.3,True,False,False,4.862741699796953,3.7216702855623387,2.7
v3_sc1_staging_06,L3,3,14,0.3,True,False,True,7.637615433949873,3.566017707782395,1.8690715480964268
v3_sc1_staging_06,L3,3,15,0.3,False,False,False,nan,nan,nan
v3_sc1_staging_06,L3,3,16,0.3,False,False,False,nan,nan,nan
v3_sc1_staging_06,L3,3,17,0.3,True,False,False,3.6506096654409883,4.491242330322182,2.116295090390226
v3_sc1_staging_06,L3,3,18,0.3,False,False,False,nan,nan,nan
v3_sc1_staging_06,L3,3,19,0.3,True,False,False,5.550609665440989,4.4804618259755795,2.3000000000000003
v3_sc1_staging_06,L3,3,0,0.4,True,False,False,3.7020815280171306,4.550000000000001,2.2613402542968153
v3_sc1_staging_06,L3,3,1,0.4,True,False,True,8.075483399593905,3.8011626335213142,2.473213749463701
v3_sc1_staging_06,L3,3,2,0.4,True,False,False,5.523401871576774,3.6608292442733097,1.2240939649566667
v3_sc1_staging_06,L3,3,3,0.4,True,False,False,3.336396103067893,4.8935146240647205,2.0
v3_sc1_staging_06,L3,3,4,0.4,False,False,False,nan,nan,nan
v3_sc1_staging_06,L3,3,5,0.4,False,False,False,nan,nan,nan
v3_sc1_staging_06,L3,3,6,0.4,True,False,False,3.053553390593274,3.4815198103236913,2.071478174124758
v3_sc1_staging_06,L3,3,7,0.4,True,False,True,7.766904755831215,3.678516483155236,2.0104780421266386
v3_sc1_staging_06,L3,3,8,0.4,True,False,False,3.1556349186104047,3.050352095215347,2.120114501314781
v3_sc1_staging_06,L3,3,9,0.4,True,False,True,7.280508652763323,4.129524813628285,2.473213749463701
v3_sc1_staging_06,L3,3,10,0.4,True,False,False,6.058326112068524,3.438591118661596,1.6920310216782974
v3_sc1_staging_06,L3,3,11,0.4,True,False,True,7.371930009000633,3.2576588456111875,0.8416407864998741
v3_sc1_staging_06,L3,3,12,0.4,True,False,True,6.085533905932738,3.566017707782395,2.2504545078950136
v3_sc1_staging_06,L3,3,13,0.4,True,False,False,4.862741699796953,3.7216702855623387,2.7
v3_sc1_staging_06,L3,3,14,0.4,True,False,True,7.637615433949873,3.566017707782395,1.8690715480964268
v3_sc1_staging_06,L3,3,15,0.4,False,False,False,nan,nan,nan
v3_sc1_staging_06,L3,3,16,0.4,False,False,False,nan,nan,nan
v3_sc1_staging_06,L3,3,17,0.4,True,False,False,3.6506096654409883,4.491242330322182,2.116295090390226
v3_sc1_staging_06,L3,3,18,0.4,False,False,False,nan,nan,nan
v3_sc1_staging_06,L3,3,19,0.4,True,False,False,5.550609665440989,4.4804618259755795,2.3000000000000003
v3_sc1_staging_06,L3,3,0,0.5,True,False,False,3.7020815280171306,4.550000000000001,2.2613402542968153
v3_sc1_staging_06,L3,3,1,0.5,True,False,True,8.075483399593905,3.8011626335213142,2.473213749463701
v3_sc1_staging_06,L3,3,2,0.5,True,False,False,5.523401871576774,3.6608292442733097,1.2240939649566667
v3_sc1_staging_06,L3,3,3,0.5,True,False,False,3.336396103067893,4.8935146240647205,2.0
v3_sc1_staging_06,L3,3,4,0.5,False,False,False,nan,nan,nan
v3_sc1_staging_06,L3,3,5,0.5,False,False,False,nan,nan,nan
v3_sc1_staging_06,L3,3,6,0.5,True,False,False,3.053553390593274,3.4815198103236913,2.071478174124758
v3_sc1_staging_06,L3,3,7,0.5,True,False,True,7.766904755831215,3.678516483155236,2.0104780421266386
v3_sc1_staging_06,L3,3,8,0.5,True,False,False,3.1556349186104047,3.050352095215347,2.120114501314781
v3_sc1_staging_06,L3,3,9,0.5,True,False,True,7.280508652763323,4.129524813628285,2.473213749463701
v3_sc1_staging_06,L3,3,10,0.5,True,False,False,6.058326112068524,3.438591118661596,1.6920310216782974
v3_sc1_staging_06,L3,3,11,0.5,True,False,True,7.371930009000633,3.2576588456111875,0.8416407864998741
v3_sc1_staging_06,L3,3,12,0.5,True,False,True,6.085533905932738,3.566017707782395,2.2504545078950136
v3_sc1_staging_06,L3,3,13,0.5,True,False,False,4.862741699796953,3.7216702855623387,2.7
v3_sc1_staging_06,L3,3,14,0.5,True,False,True,7.637615433949873,3.566017707782395,1.8690715480964268
v3_sc1_staging_06,L3,3,15,0.5,False,False,False,nan,nan,nan
v3_sc1_staging_06,L3,3,16,0.5,False,False,False,nan,nan,nan
v3_sc1_staging_06,L3,3,17,0.5,True,False,False,3.6506096654409883,4.491242330322182,2.116295090390226
v3_sc1_staging_06,L3,3,18,0.5,False,False,False,nan,nan,nan
v3_sc1_staging_06,L3,3,19,0.5,True,False,False,5.550609665440989,4.4804618259755795,2.3000000000000003
v3_sc1_staging_06,L3,3,0,0.6,True,False,False,3.7020815280171306,4.550000000000001,2.2613402542968153
v3_sc1_staging_06,L3,3,1,0.6,True,False,True,8.075483399593905,3.8011626335213142,2.473213749463701
v3_sc1_staging_06,L3,3,2,0.6,True,False,False,5.523401871576774,3.6608292442733097,1.2240939649566667
v3_sc1_staging_06,L3,3,3,0.6,True,False,False,3.336396103067893,4.8935146240647205,2.0
v3_sc1_staging_06,L3,3,4,0.6,False,False,False,nan,nan,nan
v3_sc1_staging_06,L3,3,5,0.6,False,False,False,nan,nan,nan
v3_sc1_staging_06,L3,3,6,0.6,True,False,False,3.053553390593274,3.4815198103236913,2.071478174124758
v3_sc1_staging_06,L3,3,7,0.6,True,False,True,7.766904755831215,3.678516483155236,2.0104780421266386
v3_sc1_staging_06,L3,3,8,0.6,True,False,False,3.1556349186104047,3.050352095215347,2.120114501314781
v3_sc1_staging_06,L3,3,9,0.6,True,False,True,7.280508652763323,4.129524813628285,2.473213749463701
v3_sc1_staging_06,L3,3,10,0.6,True,False,False,6.058326112068524,3.438591118661596,1.6920310216782974
v3_sc1_staging_06,L3,3,11,0.6,True,False,True,7.371930009000633,3.2576588456111875,0.8416407864998741
v3_sc1_staging_06,L3,3,12,0.6,True,False,True,6.085533905932738,3.566017707782395,2.2504545078950136
v3_sc1_staging_06,L3,3,13,0.6,True,False,False,4.862741699796953,3.7216702855623387,2.7
v3_sc1_staging_06,L3,3,14,0.6,True,False,True,7.637615433949873,3.566017707782395,1.8690715480964268
v3_sc1_staging_06,L3,3,15,0.6,False,False,False,nan,nan,nan
v3_sc1_staging_06,L3,3,16,0.6,False,False,False,nan,nan,nan
v3_sc1_staging_06,L3,3,17,0.6,True,False,False,3.6506096654409883,4.491242330322182,2.116295090390226
v3_sc1_staging_06,L3,3,18,0.6,False,False,False,nan,nan,nan
v3_sc1_staging_06,L3,3,19,0.6,True,False,False,5.550609665440989,4.4804618259755795,2.3000000000000003
v3_sc1_staging_06,L3,3,0,0.8,True,False,False,3.7020815280171306,4.550000000000001,2.2613402542968153
v3_sc1_staging_06,L3,3,1,0.8,True,False,True,8.075483399593905,3.8011626335213142,2.473213749463701
v3_sc1_staging_06,L3,3,2,0.8,True,False,False,5.523401871576774,3.6608292442733097,1.2240939649566667
v3_sc1_staging_06,L3,3,3,0.8,True,False,False,3.336396103067893,4.8935146240647205,2.0
v3_sc1_staging_06,L3,3,4,0.8,False,False,False,nan,nan,nan
v3_sc1_staging_06,L3,3,5,0.8,False,False,False,nan,nan,nan
v3_sc1_staging_06,L3,3,6,0.8,True,False,False,3.053553390593274,3.4815198103236913,2.071478174124758
v3_sc1_staging_06,L3,3,7,0.8,True,False,True,7.766904755831215,3.678516483155236,2.0104780421266386
v3_sc1_staging_06,L3,3,8,0.8,True,False,False,3.1556349186104047,3.050352095215347,2.120114501314781
v3_sc1_staging_06,L3,3,9,0.8,True,False,True,7.280508652763323,4.129524813628285,2.473213749463701
v3_sc1_staging_06,L3,3,10,0.8,True,False,False,6.058326112068524,3.438591118661596,1.6920310216782974
v3_sc1_staging_06,L3,3,11,0.8,True,False,True,7.371930009000633,3.2576588456111875,0.8416407864998741
v3_sc1_staging_06,L3,3,12,0.8,True,False,True,6.085533905932738,3.566017707782395,2.2504545078950136
v3_sc1_staging_06,L3,3,13,0.8,True,False,False,4.862741699796953,3.7216702855623387,2.7
v3_sc1_staging_06,L3,3,14,0.8,True,False,True,7.637615433949873,3.566017707782395,1.8690715480964268
v3_sc1_staging_06,L3,3,15,0.8,False,False,False,nan,nan,nan
v3_sc1_staging_06,L3,3,16,0.8,False,False,False,nan,nan,nan
v3_sc1_staging_06,L3,3,17,0.8,True,False,False,3.6506096654409883,4.491242330322182,2.116295090390226
v3_sc1_staging_06,L3,3,18,0.8,False,False,False,nan,nan,nan
v3_sc1_staging_06,L3,3,19,0.8,True,False,False,5.550609665440989,4.4804618259755795,2.3000000000000003
v3_sc1_staging_06,L3,3,0,1.0,True,False,False,3.7020815280171306,4.550000000000001,2.2613402542968153
v3_sc1_staging_06,L3,3,1,1.0,True,False,True,8.075483399593905,3.8011626335213142,2.473213749463701
v3_sc1_staging_06,L3,3,2,1.0,True,False,False,5.523401871576774,3.6608292442733097,1.2240939649566667
v3_sc1_staging_06,L3,3,3,1.0,True,False,False,3.336396103067893,4.8935146240647205,2.0
v3_sc1_staging_06,L3,3,4,1.0,False,False,False,nan,nan,nan
v3_sc1_staging_06,L3,3,5,1.0,False,False,False,nan,nan,nan
v3_sc1_staging_06,L3,3,6,1.0,True,False,False,3.053553390593274,3.4815198103236913,2.071478174124758
v3_sc1_staging_06,L3,3,7,1.0,True,False,True,7.766904755831215,3.678516483155236,2.0104780421266386
v3_sc1_staging_06,L3,3,8,1.0,True,False,False,3.1556349186104047,3.050352095215347,2.120114501314781
v3_sc1_staging_06,L3,3,9,1.0,True,False,True,7.280508652763323,4.129524813628285,2.473213749463701
v3_sc1_staging_06,L3,3,10,1.0,True,False,False,6.058326112068524,3.438591118661596,1.6920310216782974
v3_sc1_staging_06,L3,3,11,1.0,False,False,False,nan,nan,nan
v3_sc1_staging_06,L3,3,12,1.0,True,False,True,6.085533905932738,3.566017707782395,2.2504545078950136
v3_sc1_staging_06,L3,3,13,1.0,True,False,False,4.862741699796953,3.7216702855623387,2.7
v3_sc1_staging_06,L3,3,14,1.0,True,False,True,7.637615433949873,3.566017707782395,1.8690715480964268
v3_sc1_staging_06,L3,3,15,1.0,False,False,False,nan,nan,nan
v3_sc1_staging_06,L3,3,16,1.0,False,False,False,nan,nan,nan
v3_sc1_staging_06,L3,3,17,1.0,True,False,False,3.6506096654409883,4.491242330322182,2.116295090390226
v3_sc1_staging_06,L3,3,18,1.0,False,False,False,nan,nan,nan
v3_sc1_staging_06,L3,3,19,1.0,True,False,False,5.550609665440989,4.4804618259755795,2.3000000000000003
v3_sc1_staging_06,L3,3,0,1.25,True,False,False,3.7020815280171306,4.550000000000001,2.2613402542968153
v3_sc1_staging_06,L3,3,1,1.25,True,False,True,8.075483399593905,3.8011626335213142,2.473213749463701
v3_sc1_staging_06,L3,3,2,1.25,False,False,False,nan,nan,nan
v3_sc1_staging_06,L3,3,3,1.25,True,False,False,3.336396103067893,4.8935146240647205,2.0
v3_sc1_staging_06,L3,3,4,1.25,False,False,False,nan,nan,nan
v3_sc1_staging_06,L3,3,5,1.25,False,False,False,nan,nan,nan
v3_sc1_staging_06,L3,3,6,1.25,True,False,False,3.053553390593274,3.4815198103236913,2.071478174124758
v3_sc1_staging_06,L3,3,7,1.25,True,False,True,7.766904755831215,3.678516483155236,2.0104780421266386
v3_sc1_staging_06,L3,3,8,1.25,True,False,False,3.1556349186104047,3.050352095215347,2.120114501314781
v3_sc1_staging_06,L3,3,9,1.25,True,False,True,7.280508652763323,4.129524813628285,2.473213749463701
v3_sc1_staging_06,L3,3,10,1.25,True,False,False,6.058326112068524,3.438591118661596,1.6920310216782974
v3_sc1_staging_06,L3,3,11,1.25,False,False,False,nan,nan,nan
v3_sc1_staging_06,L3,3,12,1.25,True,False,True,6.085533905932738,3.566017707782395,2.2504545078950136
v3_sc1_staging_06,L3,3,13,1.25,True,False,False,4.862741699796953,3.7216702855623387,2.7
v3_sc1_staging_06,L3,3,14,1.25,True,False,True,7.637615433949873,3.566017707782395,1.8690715480964268
v3_sc1_staging_06,L3,3,15,1.25,False,False,False,nan,nan,nan
v3_sc1_staging_06,L3,3,16,1.25,False,False,False,nan,nan,nan
v3_sc1_staging_06,L3,3,17,1.25,True,False,False,3.6506096654409883,4.491242330322182,2.116295090390226
v3_sc1_staging_06,L3,3,18,1.25,False,False,False,nan,nan,nan
v3_sc1_staging_06,L3,3,19,1.25,True,False,False,5.550609665440989,4.4804618259755795,2.3000000000000003
v3_sc1_staging_06,L3,3,0,1.5,True,False,False,3.7020815280171306,4.550000000000001,2.2613402542968153
v3_sc1_staging_06,L3,3,1,1.5,True,False,True,8.075483399593905,3.8011626335213142,2.473213749463701
v3_sc1_staging_06,L3,3,2,1.5,False,False,False,nan,nan,nan
v3_sc1_staging_06,L3,3,3,1.5,True,False,False,3.336396103067893,4.8935146240647205,2.0
v3_sc1_staging_06,L3,3,4,1.5,False,False,False,nan,nan,nan
v3_sc1_staging_06,L3,3,5,1.5,False,False,False,nan,nan,nan
v3_sc1_staging_06,L3,3,6,1.5,True,False,False,3.053553390593274,3.4815198103236913,2.071478174124758
v3_sc1_staging_06,L3,3,7,1.5,True,False,True,7.766904755831215,3.678516483155236,2.0104780421266386
v3_sc1_staging_06,L3,3,8,1.5,True,False,False,3.1556349186104047,3.050352095215347,2.120114501314781
v3_sc1_staging_06,L3,3,9,1.5,True,False,True,7.280508652763323,4.129524813628285,2.473213749463701
v3_sc1_staging_06,L3,3,10,1.5,True,False,False,6.058326112068524,3.438591118661596,1.6920310216782974
v3_sc1_staging_06,L3,3,11,1.5,False,False,False,nan,nan,nan
v3_sc1_staging_06,L3,3,12,1.5,True,False,True,6.085533905932738,3.566017707782395,2.2504545078950136
v3_sc1_staging_06,L3,3,13,1.5,True,False,False,4.862741699796953,3.7216702855623387,2.7
v3_sc1_staging_06,L3,3,14,1.5,True,False,True,7.637615433949873,3.566017707782395,1.8690715480964268
v3_sc1_staging_06,L3,3,15,1.5,False,False,False,nan,nan,nan
v3_sc1_staging_06,L3,3,16,1.5,False,False,False,nan,nan,nan
v3_sc1_staging_06,L3,3,17,1.5,True,False,False,3.6506096654409883,4.491242330322182,2.116295090390226
v3_sc1_staging_06,L3,3,18,1.5,False,False,False,nan,nan,nan
v3_sc1_staging_06,L3,3,19,1.5,True,False,False,5.550609665440989,4.4804618259755795,2.3000000000000003
v3_sc1_staging_06,L3,3,0,2.0,True,False,False,3.7020815280171306,4.550000000000001,2.2613402542968153
v3_sc1_staging_06,L3,3,1,2.0,True,False,True,8.075483399593905,3.8011626335213142,2.473213749463701
v3_sc1_staging_06,L3,3,2,2.0,False,False,False,nan,nan,nan
v3_sc1_staging_06,L3,3,3,2.0,True,False,False,3.3363961030678926,4.8935146240647205,2.0004999500099974
v3_sc1_staging_06,L3,3,4,2.0,False,False,False,nan,nan,nan
v3_sc1_staging_06,L3,3,5,2.0,False,False,False,nan,nan,nan
v3_sc1_staging_06,L3,3,6,2.0,True,False,False,3.053553390593274,3.4815198103236913,2.071478174124758
v3_sc1_staging_06,L3,3,7,2.0,True,False,True,7.766904755831215,3.678516483155236,2.0104780421266386
v3_sc1_staging_06,L3,3,8,2.0,True,False,False,3.1556349186104047,3.050352095215347,2.120114501314781
v3_sc1_staging_06,L3,3,9,2.0,True,False,True,7.280508652763323,4.129524813628285,2.473213749463701
v3_sc1_staging_06,L3,3,10,2.0,True,False,False,6.058326112068524,3.438591118661596,2.004495957273639
v3_sc1_staging_06,L3,3,11,2.0,False,False,False,nan,nan,nan
v3_sc1_staging_06,L3,3,12,2.0,True,False,True,6.085533905932738,3.566017707782395,2.2504545078950136
v3_sc1_staging_06,L3,3,13,2.0,True,False,False,4.862741699796953,3.7216702855623387,2.7
v3_sc1_staging_06,L3,3,14,2.0,False,False,False,nan,nan,nan
v3_sc1_staging_06,L3,3,15,2.0,False,False,False,nan,nan,nan
v3_sc1_staging_06,L3,3,16,2.0,False,False,False,nan,nan,nan
v3_sc1_staging_06,L3,3,17,2.0,True,False,False,3.6506096654409883,4.491242330322182,2.116295090390226
v3_sc1_staging_06,L3,3,18,2.0,False,False,False,nan,nan,nan
v3_sc1_staging_06,L3,3,19,2.0,True,False,False,5.550609665440989,4.4804618259755795,2.3000000000000003
v3_sc1_staging_06,L3,4,0,0.0,True,False,False,3.6642135623730945,4.550000000000001,2.3284271247461903
v3_sc1_staging_06,L3,4,1,0.0,True,False,False,8.189087296526012,3.6907636535600528,2.456771888394504
v3_sc1_staging_06,L3,4,2,0.0,True,False,False,5.502691193458119,3.7077309799938494,1.200735135169495
v3_sc1_staging_06,L3,4,3,0.0,True,False,False,3.398528137423857,5.008175741568165,1.8436083290515932
v3_sc1_staging_06,L3,4,4,0.0,True,False,False,4.538477631085023,1.4962464777677131,0.30000000000000004
v3_sc1_staging_06,L3,4,5,0.0,True,False,False,4.398528137423858,2.260887538455705,0.21589105316381774
v3_sc1_staging_06,L3,4,6,0.0,True,False,False,3.136396103067893,3.4319206502675,2.0283393759541064
v3_sc1_staging_06,L3,4,7,0.0,True,False,False,7.909797974644667,3.5205720985949247,1.9397745797511705
v3_sc1_staging_06,L3,4,8,0.0,True,False,False,3.214213562373095,3.000357124637428,2.23221521846285
v3_sc1_staging_06,L3,4,9,0.0,True,False,False,7.397665940288707,3.7449970553582252,2.456771888394504
v3_sc1_staging_06,L3,4,10,0.0,True,False,False,6.137615433949868,3.3890872965260117,1.5180436070610566
v3_sc1_staging_06,L3,4,11,0.0,True,False,False,7.506244584051394,3.3029593739612837,0.8416407864998741
v3_sc1_staging_06,L3,4,12,0.0,True,False,False,6.16126983722081,3.4812058474788765,2.185609800399157
v3_sc1_staging_06,L3,4,13,0.0,True,False,False,4.788477631085024,3.540420770167385,2.7
v3_sc1_staging_06,L3,4,14,0.0,True,False,False,7.751219330881975,3.491553582253406,1.8113848662652443
v3_sc1_staging_06,L3,4,15,0.0,True,False,False,7.89350288425444,1.5248456731316589,0.25
v3_sc1_staging_06,L3,4,16,0.0,True,False,False,4.27634559672906,1.1620770138594663,0.30000000000000004
v3_sc1_staging_06,L3,4,17,0.0,True,False,False,3.7506096654409866,4.531152949374527,2.071478174124758
v3_sc1_staging_06,L3,4,18,0.0,True,False,False,4.455634918610405,1.9839484696748446,0.30000000000000004
v3_sc1_staging_06,L3,4,19,0.0,True,False,False,5.604163056034262,4.462358310319803,1.9418230894149562
v3_sc1_staging_06,L3,4,0,0.1,True,False,False,3.6642135623730945,4.550000000000001,2.3284271247461903
v3_sc1_staging_06,L3,4,1,0.1,True,False,False,8.189087296526012,3.6907636535600528,2.456771888394504
v3_sc1_staging_06,L3,4,2,0.1,True,False,False,5.502691193458119,3.7077309799938494,1.200735135169495
v3_sc1_staging_06,L3,4,3,0.1,True,False,False,3.398528137423857,5.008175741568165,1.8436083290515932
v3_sc1_staging_06,L3,4,4,0.1,True,False,False,4.538477631085023,1.4962464777677131,0.30000000000000004
v3_sc1_staging_06,L3,4,5,0.1,True,False,False,4.398528137423858,2.260887538455705,0.21589105316381774
v3_sc1_staging_06,L3,4,6,0.1,True,False,False,3.136396103067893,3.4319206502675,2.0283393759541064
v3_sc1_staging_06,L3,4,7,0.1,True,False,False,7.909797974644667,3.5205720985949247,1.9397745797511705
v3_sc1_staging_06,L3,4,8,0.1,True,False,False,3.214213562373095,3.000357124637428,2.23221521846285
v3_sc1_staging_06,L3,4,9,0.1,True,False,False,7.397665940288707,3.7449970553582252,2.456771888394504
v3_sc1_staging_06,L3,4,10,0.1,True,False,False,6.137615433949868,3.3890872965260117,1.5180436070610566
v3_sc1_staging_06,L3,4,11,0.1,True,False,False,7.506244584051394,3.3029593739612837,0.8416407864998741
v3_sc1_staging_06,L3,4,12,0.1,True,False,False,6.16126983722081,3.4812058474788765,2.185609800399157
v3_sc1_staging_06,L3,4,13,0.1,True,False,False,4.788477631085024,3.540420770167385,2.7
v3_sc1_staging_06,L3,4,14,0.1,True,False,False,7.751219330881975,3.491553582253406,1.8113848662652443
v3_sc1_staging_06,L3,4,15,0.1,True,False,False,7.89350288425444,1.5248456731316589,0.25
v3_sc1_staging_06,L3,4,16,0.1,True,False,False,4.27634559672906,1.1620770138594663,0.30000000000000004
v3_sc1_staging_06,L3,4,17,0.1,True,False,False,3.7506096654409866,4.531152949374527,2.071478174124758
v3_sc1_staging_06,L3,4,18,0.1,True,False,False,4.455634918610405,1.9839484696748446,0.30000000000000004
v3_sc1_staging_06,L3,4,19,0.1,True,False,False,5.604163056034262,4.462358310319803,1.9418230894149562
v3_sc1_staging_06,L3,4,0,0.2,True,False,False,3.6642135623730945,4.550000000000001,2.3284271247461903
v3_sc1_staging_06,L3,4,1,0.2,True,False,False,8.189087296526012,3.6907636535600528,2.456771888394504
v3_sc1_staging_06,L3,4,2,0.2,True,False,False,5.502691193458119,3.7077309799938494,1.200735135169495
v3_sc1_staging_06,L3,4,3,0.2,True,False,False,3.398528137423857,5.008175741568165,1.8436083290515932
v3_sc1_staging_06,L3,4,4,0.2,True,False,False,4.538477631085023,1.4962464777677131,0.30000000000000004
v3_sc1_staging_06,L3,4,5,0.2,True,False,False,4.398528137423858,2.260887538455705,0.21589105316381774
v3_sc1_staging_06,L3,4,6,0.2,True,False,False,3.136396103067893,3.4319206502675,2.0283393759541064
v3_sc1_staging_06,L3,4,7,0.2,True,False,False,7.909797974644667,3.5205720985949247,1.9397745797511705
v3_sc1_staging_06,L3,4,8,0.2,True,False,False,3.214213562373095,3.000357124637428,2.23221521846285
v3_sc1_staging_06,L3,4,9,0.2,True,False,False,7.397665940288707,3.7449970553582252,2.456771888394504
v3_sc1_staging_06,L3,4,10,0.2,True,False,False,6.137615433949868,3.3890872965260117,1.5180436070610566
v3_sc1_staging_06,L3,4,11,0.2,True,False,False,7.506244584051394,3.3029593739612837,0.8416407864998741
v3_sc1_staging_06,L3,4,12,0.2,True,False,False,6.16126983722081,3.4812058474788765,2.185609800399157
v3_sc1_staging_06,L3,4,13,0.2,True,False,False,4.788477631085024,3.540420770167385,2.7
v3_sc1_staging_06,L3,4,14,0.2,True,False,False,7.751219330881975,3.491553582253406,1.8113848662652443
v3_sc1_staging_06,L3,4,15,0.2,True,False,False,7.89350288425444,1.5248456731316589,0.25
v3_sc1_staging_06,L3,4,16,0.2,True,False,False,4.27634559672906,1.1620770138594663,0.30000000000000004
v3_sc1_staging_06,L3,4,17,0.2,True,False,False,3.7506096654409866,4.531152949374527,2.071478174124758
v3_sc1_staging_06,L3,4,18,0.2,True,False,False,4.455634918610405,1.9839484696748446,0.30000000000000004
v3_sc1_staging_06,L3,4,19,0.2,True,False,False,5.604163056034262,4.462358310319803,1.9418230894149562
v3_sc1_staging_06,L3,4,0,0.3,True,False,False,3.6642135623730945,4.550000000000001,2.3284271247461903
v3_sc1_staging_06,L3,4,1,0.3,True,False,False,8.189087296526012,3.6907636535600528,2.456771888394504
v3_sc1_staging_06,L3,4,2,0.3,True,False,False,5.502691193458119,3.7077309799938494,1.200735135169495
v3_sc1_staging_06,L3,4,3,0.3,True,False,False,3.398528137423857,5.008175741568165,1.8436083290515932
v3_sc1_staging_06,L3,4,4,0.3,True,False,False,4.579898987322333,1.4962464777677131,0.3015609770940699
v3_sc1_staging_06,L3,4,5,0.3,True,False,False,4.4399494936611665,2.260887538455705,0.3015609770940699
v3_sc1_staging_06,L3,4,6,0.3,True,False,False,3.136396103067893,3.4319206502675,2.0283393759541064
v3_sc1_staging_06,L3,4,7,0.3,True,False,False,7.909797974644667,3.5205720985949247,1.9397745797511705
v3_sc1_staging_06,L3,4,8,0.3,True,False,False,3.214213562373095,3.000357124637428,2.23221521846285
v3_sc1_staging_06,L3,4,9,0.3,True,False,False,7.397665940288707,3.7449970553582252,2.456771888394504
v3_sc1_staging_06,L3,4,10,0.3,True,False,False,6.137615433949868,3.3890872965260117,1.5180436070610566
v3_sc1_staging_06,L3,4,11,0.3,True,False,False,7.506244584051394,3.3029593739612837,0.8416407864998741
v3_sc1_staging_06,L3,4,12,0.3,True,False,False,6.16126983722081,3.4812058474788765,2.185609800399157
v3_sc1_staging_06,L3,4,13,0.3,True,False,False,4.788477631085024,3.540420770167385,2.7
v3_sc1_staging_06,L3,4,14,0.3,True,False,False,7.751219330881975,3.491553582253406,1.8113848662652443
v3_sc1_staging_06,L3,4,15,0.3,True,False,False,7.93492424049175,1.5248456731316589,0.3015609770940699
v3_sc1_staging_06,L3,4,16,0.3,True,False,False,4.317766952966369,1.1620770138594663,0.3015609770940699
v3_sc1_staging_06,L3,4,17,0.3,True,False,False,3.7506096654409866,4.531152949374527,2.071478174124758
v3_sc1_staging_06,L3,4,18,0.3,True,False,False,4.497056274847714,1.9839484696748446,0.3015609770940699
v3_sc1_staging_06,L3,4,19,0.3,True,False,False,5.604163056034262,4.462358310319803,1.9418230894149562
v3_sc1_staging_06,L3,4,0,0.4,True,False,False,3.6642135623730945,4.550000000000001,2.3284271247461903
v3_sc1_staging_06,L3,4,1,0.4,True,False,False,8.189087296526012,3.6907636535600528,2.456771888394504
v3_sc1_staging_06,L3,4,2,0.4,True,False,False,5.502691193458119,3.7077309799938494,1.200735135169495
v3_sc1_staging_06,L3,4,3,0.4,True,False,False,3.398528137423857,5.008175741568165,1.8436083290515932
v3_sc1_staging_06,L3,4,4,0.4,False,False,False,nan,nan,nan
v3_sc1_staging_06,L3,4,5,0.4,False,False,False,nan,nan,nan
v3_sc1_staging_06,L3,4,6,0.4,True,False,False,3.136396103067893,3.4319206502675,2.0283393759541064
v3_sc1_staging_06,L3,4,7,0.4,True,False,False,7.909797974644667,3.5205720985949247,1.9397745797511705
v3_sc1_staging_06,L3,4,8,0.4,True,False,False,3.214213562373095,3.000357124637428,2.23221521846285
v3_sc1_staging_06,L3,4,9,0.4,True,False,False,7.397665940288707,3.7449970553582252,2.456771888394504
v3_sc1_staging_06,L3,4,10,0.4,True,False,False,6.137615433949868,3.3890872965260117,1.5180436070610566
v3_sc1_staging_06,L3,4,11,0.4,True,False,False,7.506244584051394,3.3029593739612837,0.8416407864998741
v3_sc1_staging_06,L3,4,12,0.4,True,False,False,6.16126983722081,3.4812058474788765,2.185609800399157
v3_sc1_staging_06,L3,4,13,0.4,True,False,False,4.788477631085024,3.540420770167385,2.7
v3_sc1_staging_06,L3,4,14,0.4,True,False,False,7.751219330881975,3.491553582253406,1.8113848662652443
v3_sc1_staging_06,L3,4,15,0.4,False,False,False,nan,nan,nan
v3_sc1_staging_06,L3,4,16,0.4,False,False,False,nan,nan,nan
v3_sc1_staging_06,L3,4,17,0.4,True,False,False,3.7506096654409866,4.531152949374527,2.071478174124758
v3_sc1_staging_06,L3,4,18,0.4,False,False,False,nan,nan,nan
v3_sc1_staging_06,L3,4,19,0.4,True,False,False,5.604163056034262,4.462358310319803,1.9418230894149562
v3_sc1_staging_06,L3,4,0,0.5,True,False,False,3.6642135623730945,4.550000000000001,2.3284271247461903
v3_sc1_staging_06,L3,4,1,0.5,True,False,False,8.189087296526012,3.6907636535600528,2.456771888394504
v3_sc1_staging_06,L3,4,2,0.5,True,False,False,5.502691193458119,3.7077309799938494,1.200735135169495
v3_sc1_staging_06,L3,4,3,0.5,True,False,False,3.398528137423857,5.008175741568165,1.8436083290515932
v3_sc1_staging_06,L3,4,4,0.5,False,False,False,nan,nan,nan
v3_sc1_staging_06,L3,4,5,0.5,False,False,False,nan,nan,nan
v3_sc1_staging_06,L3,4,6,0.5,True,False,False,3.136396103067893,3.4319206502675,2.0283393759541064
v3_sc1_staging_06,L3,4,7,0.5,True,False,False,7.909797974644667,3.5205720985949247,1.9397745797511705
v3_sc1_staging_06,L3,4,8,0.5,True,False,False,3.214213562373095,3.000357124637428,2.23221521846285
v3_sc1_staging_06,L3,4,9,0.5,True,False,False,7.397665940288707,3.7449970553582252,2.456771888394504
v3_sc1_staging_06,L3,4,10,0.5,True,False,False,6.137615433949868,3.3890872965260117,1.5180436070610566
v3_sc1_staging_06,L3,4,11,0.5,True,False,False,7.506244584051394,3.3029593739612837,0.8416407864998741
v3_sc1_staging_06,L3,4,12,0.5,True,False,False,6.16126983722081,3.4812058474788765,2.185609800399157
v3_sc1_staging_06,L3,4,13,0.5,True,False,False,4.788477631085024,3.540420770167385,2.7
v3_sc1_staging_06,L3,4,14,0.5,True,False,False,7.751219330881975,3.491553582253406,1.8113848662652443
v3_sc1_staging_06,L3,4,15,0.5,False,False,False,nan,nan,nan
v3_sc1_staging_06,L3,4,16,0.5,False,False,False,nan,nan,nan
v3_sc1_staging_06,L3,4,17,0.5,True,False,False,3.7506096654409866,4.531152949374527,2.071478174124758
v3_sc1_staging_06,L3,4,18,0.5,False,False,False,nan,nan,nan
v3_sc1_staging_06,L3,4,19,0.5,True,False,False,5.604163056034262,4.462358310319803,1.9418230894149562
v3_sc1_staging_06,L3,4,0,0.6,True,False,False,3.6642135623730945,4.550000000000001,2.3284271247461903
v3_sc1_staging_06,L3,4,1,0.6,True,False,False,8.189087296526012,3.6907636535600528,2.456771888394504
v3_sc1_staging_06,L3,4,2,0.6,True,False,False,5.502691193458119,3.7077309799938494,1.200735135169495
v3_sc1_staging_06,L3,4,3,0.6,True,False,False,3.398528137423857,5.008175741568165,1.8436083290515932
v3_sc1_staging_06,L3,4,4,0.6,False,False,False,nan,nan,nan
v3_sc1_staging_06,L3,4,5,0.6,False,False,False,nan,nan,nan
v3_sc1_staging_06,L3,4,6,0.6,True,False,False,3.136396103067893,3.4319206502675,2.0283393759541064
v3_sc1_staging_06,L3,4,7,0.6,True,False,False,7.909797974644667,3.5205720985949247,1.9397745797511705
v3_sc1_staging_06,L3,4,8,0.6,True,False,False,3.214213562373095,3.000357124637428,2.23221521846285
v3_sc1_staging_06,L3,4,9,0.6,True,False,False,7.397665940288707,3.7449970553582252,2.456771888394504
v3_sc1_staging_06,L3,4,10,0.6,True,False,False,6.137615433949868,3.3890872965260117,1.5180436070610566
v3_sc1_staging_06,L3,4,11,0.6,True,False,False,7.506244584051394,3.3029593739612837,0.8416407864998741
v3_sc1_staging_06,L3,4,12,0.6,True,False,False,6.16126983722081,3.4812058474788765,2.185609800399157
v3_sc1_staging_06,L3,4,13,0.6,True,False,False,4.788477631085024,3.540420770167385,2.7
v3_sc1_staging_06,L3,4,14,0.6,True,False,False,7.751219330881975,3.491553582253406,1.8113848662652443
v3_sc1_staging_06,L3,4,15,0.6,False,False,False,nan,nan,nan
v3_sc1_staging_06,L3,4,16,0.6,False,False,False,nan,nan,nan
v3_sc1_staging_06,L3,4,17,0.6,True,False,False,3.7506096654409866,4.531152949374527,2.071478174124758
v3_sc1_staging_06,L3,4,18,0.6,False,False,False,nan,nan,nan
v3_sc1_staging_06,L3,4,19,0.6,True,False,False,5.604163056034262,4.462358310319803,1.9418230894149562
v3_sc1_staging_06,L3,4,0,0.8,True,False,False,3.6642135623730945,4.550000000000001,2.3284271247461903
v3_sc1_staging_06,L3,4,1,0.8,True,False,False,8.189087296526012,3.6907636535600528,2.456771888394504
v3_sc1_staging_06,L3,4,2,0.8,True,False,False,5.502691193458119,3.7077309799938494,1.200735135169495
v3_sc1_staging_06,L3,4,3,0.8,True,False,False,3.398528137423857,5.008175741568165,1.8436083290515932
v3_sc1_staging_06,L3,4,4,0.8,False,False,False,nan,nan,nan
v3_sc1_staging_06,L3,4,5,0.8,False,False,False,nan,nan,nan
v3_sc1_staging_06,L3,4,6,0.8,True,False,False,3.136396103067893,3.4319206502675,2.0283393759541064
v3_sc1_staging_06,L3,4,7,0.8,True,False,False,7.909797974644667,3.5205720985949247,1.9397745797511705
v3_sc1_staging_06,L3,4,8,0.8,True,False,False,3.214213562373095,3.000357124637428,2.23221521846285
v3_sc1_staging_06,L3,4,9,0.8,True,False,False,7.397665940288707,3.7449970553582252,2.456771888394504
v3_sc1_staging_06,L3,4,10,0.8,True,False,False,6.137615433949868,3.3890872965260117,1.5180436070610566
v3_sc1_staging_06,L3,4,11,0.8,True,False,False,7.506244584051394,3.3029593739612837,0.8416407864998741
v3_sc1_staging_06,L3,4,12,0.8,True,False,False,6.16126983722081,3.4812058474788765,2.185609800399157
v3_sc1_staging_06,L3,4,13,0.8,True,False,False,4.788477631085024,3.540420770167385,2.7
v3_sc1_staging_06,L3,4,14,0.8,True,False,False,7.751219330881975,3.491553582253406,1.8113848662652443
v3_sc1_staging_06,L3,4,15,0.8,False,False,False,nan,nan,nan
v3_sc1_staging_06,L3,4,16,0.8,False,False,False,nan,nan,nan
v3_sc1_staging_06,L3,4,17,0.8,True,False,False,3.7506096654409866,4.531152949374527,2.071478174124758
v3_sc1_staging_06,L3,4,18,0.8,False,False,False,nan,nan,nan
v3_sc1_staging_06,L3,4,19,0.8,True,False,False,5.604163056034262,4.462358310319803,1.9418230894149562
v3_sc1_staging_06,L3,4,0,1.0,True,False,False,3.6642135623730945,4.550000000000001,2.3284271247461903
v3_sc1_staging_06,L3,4,1,1.0,True,False,False,8.189087296526012,3.6907636535600528,2.456771888394504
v3_sc1_staging_06,L3,4,2,1.0,True,False,False,5.502691193458119,3.7077309799938494,1.200735135169495
v3_sc1_staging_06,L3,4,3,1.0,True,False,False,3.398528137423857,5.008175741568165,1.8436083290515932
v3_sc1_staging_06,L3,4,4,1.0,False,False,False,nan,nan,nan
v3_sc1_staging_06,L3,4,5,1.0,False,False,False,nan,nan,nan
v3_sc1_staging_06,L3,4,6,1.0,True,False,False,3.136396103067893,3.4319206502675,2.0283393759541064
v3_sc1_staging_06,L3,4,7,1.0,True,False,False,7.909797974644667,3.5205720985949247,1.9397745797511705
v3_sc1_staging_06,L3,4,8,1.0,True,False,False,3.214213562373095,3.000357124637428,2.23221521846285
v3_sc1_staging_06,L3,4,9,1.0,True,False,False,7.397665940288707,3.7449970553582252,2.456771888394504
v3_sc1_staging_06,L3,4,10,1.0,True,False,False,6.137615433949868,3.3890872965260117,1.5180436070610566
v3_sc1_staging_06,L3,4,11,1.0,False,False,False,nan,nan,nan
v3_sc1_staging_06,L3,4,12,1.0,True,False,False,6.16126983722081,3.4812058474788765,2.185609800399157
v3_sc1_staging_06,L3,4,13,1.0,True,False,False,4.788477631085024,3.540420770167385,2.7
v3_sc1_staging_06,L3,4,14,1.0,True,False,False,7.751219330881975,3.491553582253406,1.8113848662652443
v3_sc1_staging_06,L3,4,15,1.0,False,False,False,nan,nan,nan
v3_sc1_staging_06,L3,4,16,1.0,False,False,False,nan,nan,nan
v3_sc1_staging_06,L3,4,17,1.0,True,False,False,3.7506096654409866,4.531152949374527,2.071478174124758
v3_sc1_staging_06,L3,4,18,1.0,False,False,False,nan,nan,nan
v3_sc1_staging_06,L3,4,19,1.0,True,False,False,5.604163056034262,4.462358310319803,1.9418230894149562
v3_sc1_staging_06,L3,4,0,1.25,True,False,False,3.6642135623730945,4.550000000000001,2.3284271247461903
v3_sc1_staging_06,L3,4,1,1.25,True,False,False,8.189087296526012,3.6907636535600528,2.456771888394504
v3_sc1_staging_06,L3,4,2,1.25,False,False,False,nan,nan,nan
v3_sc1_staging_06,L3,4,3,1.25,True,False,False,3.398528137423857,5.008175741568165,1.8436083290515932
v3_sc1_staging_06,L3,4,4,1.25,False,False,False,nan,nan,nan
v3_sc1_staging_06,L3,4,5,1.25,False,False,False,nan,nan,nan
v3_sc1_staging_06,L3,4,6,1.25,True,False,False,3.136396103067893,3.4319206502675,2.0283393759541064
v3_sc1_staging_06,L3,4,7,1.25,True,False,False,7.909797974644667,3.5205720985949247,1.9397745797511705
v3_sc1_staging_06,L3,4,8,1.25,True,False,False,3.214213562373095,3.000357124637428,2.23221521846285
v3_sc1_staging_06,L3,4,9,1.25,True,False,False,7.397665940288707,3.7449970553582252,2.456771888394504
v3_sc1_staging_06,L3,4,10,1.25,True,False,False,6.137615433949868,3.3890872965260117,1.5180436070610566
v3_sc1_staging_06,L3,4,11,1.25,False,False,False,nan,nan,nan
v3_sc1_staging_06,L3,4,12,1.25,True,False,False,6.16126983722081,3.4812058474788765,2.185609800399157
v3_sc1_staging_06,L3,4,13,1.25,True,False,False,4.788477631085024,3.540420770167385,2.7
v3_sc1_staging_06,L3,4,14,1.25,True,False,False,7.751219330881975,3.491553582253406,1.8113848662652443
v3_sc1_staging_06,L3,4,15,1.25,False,False,False,nan,nan,nan
v3_sc1_staging_06,L3,4,16,1.25,False,False,False,nan,nan,nan
v3_sc1_staging_06,L3,4,17,1.25,True,False,False,3.7506096654409866,4.531152949374527,2.071478174124758
v3_sc1_staging_06,L3,4,18,1.25,False,False,False,nan,nan,nan
v3_sc1_staging_06,L3,4,19,1.25,True,False,False,5.604163056034262,4.462358310319803,1.9418230894149562
v3_sc1_staging_06,L3,4,0,1.5,True,False,False,3.6642135623730945,4.550000000000001,2.3284271247461903
v3_sc1_staging_06,L3,4,1,1.5,True,False,False,8.189087296526012,3.6907636535600528,2.456771888394504
v3_sc1_staging_06,L3,4,2,1.5,False,False,False,nan,nan,nan
v3_sc1_staging_06,L3,4,3,1.5,True,False,False,3.398528137423857,5.008175741568165,1.8436083290515932
v3_sc1_staging_06,L3,4,4,1.5,False,False,False,nan,nan,nan
v3_sc1_staging_06,L3,4,5,1.5,False,False,False,nan,nan,nan
v3_sc1_staging_06,L3,4,6,1.5,True,False,False,3.136396103067893,3.4319206502675,2.0283393759541064
v3_sc1_staging_06,L3,4,7,1.5,True,False,False,7.909797974644667,3.5205720985949247,1.9397745797511705
v3_sc1_staging_06,L3,4,8,1.5,True,False,False,3.214213562373095,3.000357124637428,2.23221521846285
v3_sc1_staging_06,L3,4,9,1.5,True,False,False,7.397665940288707,3.7449970553582252,2.456771888394504
v3_sc1_staging_06,L3,4,10,1.5,True,False,False,6.137615433949868,3.3890872965260117,1.5180436070610566
v3_sc1_staging_06,L3,4,11,1.5,False,False,False,nan,nan,nan
v3_sc1_staging_06,L3,4,12,1.5,True,False,False,6.16126983722081,3.4812058474788765,2.185609800399157
v3_sc1_staging_06,L3,4,13,1.5,True,False,False,4.788477631085024,3.540420770167385,2.7
v3_sc1_staging_06,L3,4,14,1.5,True,False,False,7.751219330881975,3.491553582253406,1.8113848662652443
v3_sc1_staging_06,L3,4,15,1.5,False,False,False,nan,nan,nan
v3_sc1_staging_06,L3,4,16,1.5,False,False,False,nan,nan,nan
v3_sc1_staging_06,L3,4,17,1.5,True,False,False,3.7506096654409866,4.531152949374527,2.071478174124758
v3_sc1_staging_06,L3,4,18,1.5,False,False,False,nan,nan,nan
v3_sc1_staging_06,L3,4,19,1.5,True,False,False,5.604163056034262,4.462358310319803,1.9418230894149562
v3_sc1_staging_06,L3,4,0,2.0,True,False,False,3.6642135623730945,4.550000000000001,2.3284271247461903
v3_sc1_staging_06,L3,4,1,2.0,True,False,False,8.189087296526012,3.6907636535600528,2.456771888394504
v3_sc1_staging_06,L3,4,2,2.0,False,False,False,nan,nan,nan
v3_sc1_staging_06,L3,4,3,2.0,True,False,False,3.4192388155425117,4.955501810099599,2.0500000000000003
v3_sc1_staging_06,L3,4,4,2.0,False,False,False,nan,nan,nan
v3_sc1_staging_06,L3,4,5,2.0,False,False,False,nan,nan,nan
v3_sc1_staging_06,L3,4,6,2.0,True,False,False,3.136396103067893,3.4319206502675,2.0283393759541064
v3_sc1_staging_06,L3,4,7,2.0,True,False,False,7.951219330881975,3.5205720985949247,2.0104780421266386
v3_sc1_staging_06,L3,4,8,2.0,True,False,False,3.214213562373095,3.000357124637428,2.23221521846285
v3_sc1_staging_06,L3,4,9,2.0,True,False,False,7.397665940288707,3.7449970553582252,2.456771888394504
v3_sc1_staging_06,L3,4,10,2.0,True,False,False,6.158326112068525,3.382331773560833,2.004495957273639
v3_sc1_staging_06,L3,4,11,2.0,False,False,False,nan,nan,nan
v3_sc1_staging_06,L3,4,12,2.0,True,False,False,6.16126983722081,3.4812058474788765,2.185609800399157
v3_sc1_staging_06,L3,4,13,2.0,True,False,False,4.788477631085024,3.540420770167385,2.7
v3_sc1_staging_06,L3,4,14,2.0,False,False,False,nan,nan,nan
v3_sc1_staging_06,L3,4,15,2.0,False,False,False,nan,nan,nan
v3_sc1_staging_06,L3,4,16,2.0,False,False,False,nan,nan,nan
v3_sc1_staging_06,L3,4,17,2.0,True,False,False,3.7506096654409866,4.531152949374527,2.071478174124758
v3_sc1_staging_06,L3,4,18,2.0,False,False,False,nan,nan,nan
v3_sc1_staging_06,L3,4,19,2.0,True,False,False,5.604163056034263,4.462358310319803,2.2064737205448717
v3_sc1_staging_06,L4,0,0,0.0,True,False,False,3.6541630560342613,4.98839685154053,2.140549185302179
v3_sc1_staging_06,L4,0,1,0.0,True,False,True,7.861269837220809,3.355191305240247,2.5269621735330623
v3_sc1_staging_06,L4,0,2,0.0,True,False,True,5.726955262170048,3.757933771208754,1.0402921800749363
v3_sc1_staging_06,L4,0,3,0.0,True,False,False,3.467766952966369,5.000909015790027,2.0480384612481815
v3_sc1_staging_06,L4,0,4,0.0,True,False,False,4.607716446627535,1.491230775173988,0.20710678118654757
v3_sc1_staging_06,L4,0,5,0.0,True,False,False,5.516295090390226,2.228094573140748,0.052268050859363036
v3_sc1_staging_06,L4,0,6,0.0,True,False,False,3.1849242404917493,3.5078048854703496,1.9545875417267156
v3_sc1_staging_06,L4,0,7,0.0,False,False,False,nan,nan,nan
v3_sc1_staging_06,L4,0,8,0.0,True,False,False,3.115685424949238,3.000357124637428,2.0495097567963927
v3_sc1_staging_06,L4,0,9,0.0,True,False,True,7.139087296526014,3.2831864876053896,2.5269621735330623
v3_sc1_staging_06,L4,0,10,0.0,True,False,True,6.197665940288702,3.401281840626232,1.4525624189766635
v3_sc1_staging_06,L4,0,11,0.0,True,False,True,7.901219330881976,3.36846222677694,0.75
v3_sc1_staging_06,L4,0,12,0.0,False,False,False,nan,nan,nan
v3_sc1_staging_06,L4,0,13,0.0,True,False,False,5.0091883092036795,2.88710791088799,2.666228039797513
v3_sc1_staging_06,L4,0,14,0.0,True,False,True,7.935533905932738,3.212142238654117,1.7209232314512812
v3_sc1_staging_06,L4,0,15,0.0,True,False,False,8.65269119345812,1.4780040444852482,0.002493781056044475
v3_sc1_staging_06,L4,0,16,0.0,True,False,False,4.438477631085023,1.1560495161679196,0.11846584384264913
v3_sc1_staging_06,L4,0,17,0.0,True,False,False,4.12634559672906,4.550247518686585,1.9884734276258609
v3_sc1_staging_06,L4,0,18,0.0,True,False,False,4.466295090390226,2.081181899828062,0.20710678118654757
v3_sc1_staging_06,L4,0,19,0.0,True,False,True,5.576955262170048,4.3582404222104945,2.285677655436824
v3_sc1_staging_06,L4,0,0,0.1,True,False,False,3.6541630560342613,4.98839685154053,2.140549185302179
v3_sc1_staging_06,L4,0,1,0.1,True,False,True,7.861269837220809,3.355191305240247,2.5269621735330623
v3_sc1_staging_06,L4,0,2,0.1,True,False,True,5.726955262170048,3.757933771208754,1.0402921800749363
v3_sc1_staging_06,L4,0,3,0.1,True,False,False,3.467766952966369,5.000909015790027,2.0480384612481815
v3_sc1_staging_06,L4,0,4,0.1,True,False,False,4.607716446627535,1.491230775173988,0.20710678118654757
v3_sc1_staging_06,L4,0,5,0.1,True,False,False,5.516295090390226,2.228094573140748,0.10000000000000009
v3_sc1_staging_06,L4,0,6,0.1,True,False,False,3.1849242404917493,3.5078048854703496,1.9545875417267156
v3_sc1_staging_06,L4,0,7,0.1,False,False,False,nan,nan,nan
v3_sc1_staging_06,L4,0,8,0.1,True,False,False,3.115685424949238,3.000357124637428,2.0495097567963927
v3_sc1_staging_06,L4,0,9,0.1,True,False,True,7.139087296526014,3.2831864876053896,2.5269621735330623
v3_sc1_staging_06,L4,0,10,0.1,True,False,True,6.197665940288702,3.401281840626232,1.4525624189766635
v3_sc1_staging_06,L4,0,11,0.1,True,False,True,7.901219330881976,3.36846222677694,0.75
v3_sc1_staging_06,L4,0,12,0.1,False,False,False,nan,nan,nan
v3_sc1_staging_06,L4,0,13,0.1,True,False,False,5.0091883092036795,2.88710791088799,2.666228039797513
v3_sc1_staging_06,L4,0,14,0.1,True,False,True,7.935533905932738,3.212142238654117,1.7209232314512812
v3_sc1_staging_06,L4,0,15,0.1,True,False,False,8.65269119345812,1.4780040444852482,0.10000000000000009
v3_sc1_staging_06,L4,0,16,0.1,True,False,False,4.438477631085023,1.1560495161679196,0.11846584384264913
v3_sc1_staging_06,L4,0,17,0.1,True,False,False,4.12634559672906,4.550247518686585,1.9884734276258609
v3_sc1_staging_06,L4,0,18,0.1,True,False,False,4.466295090390226,2.081181899828062,0.20710678118654757
v3_sc1_staging_06,L4,0,19,0.1,True,False,True,5.576955262170048,4.3582404222104945,2.285677655436824
v3_sc1_staging_06,L4,0,0,0.2,True,False,False,3.6541630560342613,4.98839685154053,2.140549185302179
v3_sc1_staging_06,L4,0,1,0.2,True,False,True,7.861269837220809,3.355191305240247,2.5269621735330623
v3_sc1_staging_06,L4,0,2,0.2,True,False,True,5.726955262170048,3.757933771208754,1.0402921800749363
v3_sc1_staging_06,L4,0,3,0.2,True,False,False,3.467766952966369,5.000909015790027,2.0480384612481815
v3_sc1_staging_06,L4,0,4,0.2,True,False,False,4.607716446627535,1.491230775173988,0.20710678118654757
v3_sc1_staging_06,L4,0,5,0.2,True,False,False,5.516295090390226,2.228094573140748,0.20000000000000007
v3_sc1_staging_06,L4,0,6,0.2,True,False,False,3.1849242404917493,3.5078048854703496,1.9545875417267156
v3_sc1_staging_06,L4,0,7,0.2,False,False,False,nan,nan,nan
v3_sc1_staging_06,L4,0,8,0.2,True,False,False,3.115685424949238,3.000357124637428,2.0495097567963927
v3_sc1_staging_06,L4,0,9,0.2,True,False,True,7.139087296526014,3.2831864876053896,2.5269621735330623
v3_sc1_staging_06,L4,0,10,0.2,True,False,True,6.197665940288702,3.401281840626232,1.4525624189766635
v3_sc1_staging_06,L4,0,11,0.2,True,False,True,7.901219330881976,3.36846222677694,0.75
v3_sc1_staging_06,L4,0,12,0.2,False,False,False,nan,nan,nan
v3_sc1_staging_06,L4,0,13,0.2,True,False,False,5.0091883092036795,2.88710791088799,2.666228039797513
v3_sc1_staging_06,L4,0,14,0.2,True,False,True,7.935533905932738,3.212142238654117,1.7209232314512812
v3_sc1_staging_06,L4,0,15,0.2,True,False,False,8.65269119345812,1.4780040444852482,0.20000000000000007
v3_sc1_staging_06,L4,0,16,0.2,True,False,False,4.438477631085023,1.1560495161679196,0.20178344238090995
v3_sc1_staging_06,L4,0,17,0.2,True,False,False,4.12634559672906,4.550247518686585,1.9884734276258609
v3_sc1_staging_06,L4,0,18,0.2,True,False,False,4.466295090390226,2.081181899828062,0.20710678118654757
v3_sc1_staging_06,L4,0,19,0.2,True,False,True,5.576955262170048,4.3582404222104945,2.285677655436824
v3_sc1_staging_06,L4,0,0,0.3,True,False,False,3.6541630560342613,4.98839685154053,2.140549185302179
v3_sc1_staging_06,L4,0,1,0.3,True,False,True,7.861269837220809,3.355191305240247,2.5269621735330623
v3_sc1_staging_06,L4,0,2,0.3,True,False,True,5.726955262170048,3.757933771208754,1.0402921800749363
v3_sc1_staging_06,L4,0,3,0.3,True,False,False,3.467766952966369,5.000909015790027,2.0480384612481815
v3_sc1_staging_06,L4,0,4,0.3,False,False,False,nan,nan,nan
v3_sc1_staging_06,L4,0,5,0.3,False,False,False,nan,nan,nan
v3_sc1_staging_06,L4,0,6,0.3,True,False,False,3.1849242404917493,3.5078048854703496,1.9545875417267156
v3_sc1_staging_06,L4,0,7,0.3,False,False,False,nan,nan,nan
v3_sc1_staging_06,L4,0,8,0.3,True,False,False,3.115685424949238,3.000357124637428,2.0495097567963927
v3_sc1_staging_06,L4,0,9,0.3,True,False,True,7.139087296526014,3.2831864876053896,2.5269621735330623
v3_sc1_staging_06,L4,0,10,0.3,True,False,True,6.197665940288702,3.401281840626232,1.4525624189766635
v3_sc1_staging_06,L4,0,11,0.3,True,False,True,7.901219330881976,3.36846222677694,0.75
v3_sc1_staging_06,L4,0,12,0.3,False,False,False,nan,nan,nan
v3_sc1_staging_06,L4,0,13,0.3,True,False,False,5.0091883092036795,2.88710791088799,2.666228039797513
v3_sc1_staging_06,L4,0,14,0.3,True,False,True,7.935533905932738,3.212142238654117,1.7209232314512812
v3_sc1_staging_06,L4,0,15,0.3,False,False,False,nan,nan,nan
v3_sc1_staging_06,L4,0,16,0.3,False,False,False,nan,nan,nan
v3_sc1_staging_06,L4,0,17,0.3,True,False,False,4.12634559672906,4.550247518686585,1.9884734276258609
v3_sc1_staging_06,L4,0,18,0.3,False,False,False,nan,nan,nan
v3_sc1_staging_06,L4,0,19,0.3,True,False,True,5.576955262170048,4.3582404222104945,2.285677655436824
v3_sc1_staging_06,L4,0,0,0.4,True,False,False,3.6541630560342613,4.98839685154053,2.140549185302179
v3_sc1_staging_06,L4,0,1,0.4,True,False,True,7.861269837220809,3.355191305240247,2.5269621735330623
v3_sc1_staging_06,L4,0,2,0.4,True,False,True,5.726955262170048,3.757933771208754,1.0402921800749363
v3_sc1_staging_06,L4,0,3,0.4,True,False,False,3.467766952966369,5.000909015790027,2.0480384612481815
v3_sc1_staging_06,L4,0,4,0.4,False,False,False,nan,nan,nan
v3_sc1_staging_06,L4,0,5,0.4,False,False,False,nan,nan,nan
v3_sc1_staging_06,L4,0,6,0.4,True,False,False,3.1849242404917493,3.5078048854703496,1.9545875417267156
v3_sc1_staging_06,L4,0,7,0.4,False,False,False,nan,nan,nan
v3_sc1_staging_06,L4,0,8,0.4,True,False,False,3.115685424949238,3.000357124637428,2.0495097567963927
v3_sc1_staging_06,L4,0,9,0.4,True,False,True,7.139087296526014,3.2831864876053896,2.5269621735330623
v3_sc1_staging_06,L4,0,10,0.4,True,False,True,6.197665940288702,3.401281840626232,1.4525624189766635
v3_sc1_staging_06,L4,0,11,0.4,True,False,True,7.901219330881976,3.36846222677694,0.75
v3_sc1_staging_06,L4,0,12,0.4,False,False,False,nan,nan,nan
v3_sc1_staging_06,L4,0,13,0.4,True,False,False,5.0091883092036795,2.88710791088799,2.666228039797513
v3_sc1_staging_06,L4,0,14,0.4,True,False,True,7.935533905932738,3.212142238654117,1.7209232314512812
v3_sc1_staging_06,L4,0,15,0.4,False,False,False,nan,nan,nan
v3_sc1_staging_06,L4,0,16,0.4,False,False,False,nan,nan,nan
v3_sc1_staging_06,L4,0,17,0.4,True,False,False,4.12634559672906,4.550247518686585,1.9884734276258609
v3_sc1_staging_06,L4,0,18,0.4,False,False,False,nan,nan,nan
v3_sc1_staging_06,L4,0,19,0.4,True,False,True,5.576955262170048,4.3582404222104945,2.285677655436824
v3_sc1_staging_06,L4,0,0,0.5,True,False,False,3.6541630560342613,4.98839685154053,2.140549185302179
v3_sc1_staging_06,L4,0,1,0.5,True,False,True,7.861269837220809,3.355191305240247,2.5269621735330623
v3_sc1_staging_06,L4,0,2,0.5,True,False,True,5.726955262170048,3.757933771208754,1.0402921800749363
v3_sc1_staging_06,L4,0,3,0.5,True,False,False,3.467766952966369,5.000909015790027,2.0480384612481815
v3_sc1_staging_06,L4,0,4,0.5,False,False,False,nan,nan,nan
v3_sc1_staging_06,L4,0,5,0.5,False,False,False,nan,nan,nan
v3_sc1_staging_06,L4,0,6,0.5,True,False,False,3.1849242404917493,3.5078048854703496,1.9545875417267156
v3_sc1_staging_06,L4,0,7,0.5,False,False,False,nan,nan,nan
v3_sc1_staging_06,L4,0,8,0.5,True,False,False,3.115685424949238,3.000357124637428,2.0495097567963927
v3_sc1_staging_06,L4,0,9,0.5,True,False,True,7.139087296526014,3.2831864876053896,2.5269621735330623
v3_sc1_staging_06,L4,0,10,0.5,True,False,True,6.197665940288702,3.401281840626232,1.4525624189766635
v3_sc1_staging_06,L4,0,11,0.5,True,False,True,7.901219330881976,3.36846222677694,0.75
v3_sc1_staging_06,L4,0,12,0.5,False,False,False,nan,nan,nan
v3_sc1_staging_06,L4,0,13,0.5,True,False,False,5.0091883092036795,2.88710791088799,2.666228039797513
v3_sc1_staging_06,L4,0,14,0.5,True,False,True,7.935533905932738,3.212142238654117,1.7209232314512812
v3_sc1_staging_06,L4,0,15,0.5,False,False,False,nan,nan,nan
v3_sc1_staging_06,L4,0,16,0.5,False,False,False,nan,nan,nan
v3_sc1_staging_06,L4,0,17,0.5,True,False,False,4.12634559672906,4.550247518686585,1.9884734276258609
v3_sc1_staging_06,L4,0,18,0.5,False,False,False,nan,nan,nan
v3_sc1_staging_06,L4,0,19,0.5,True,False,True,5.576955262170048,4.3582404222104945,2.285677655436824
v3_sc1_staging_06,L4,0,0,0.6,True,False,False,3.6541630560342613,4.98839685154053,2.140549185302179
v3_sc1_staging_06,L4,0,1,0.6,True,False,True,7.861269837220809,3.355191305240247,2.5269621735330623
v3_sc1_staging_06,L4,0,2,0.6,True,False,True,5.726955262170048,3.757933771208754,1.0402921800749363
v3_sc1_staging_06,L4,0,3,0.6,True,False,False,3.467766952966369,5.000909015790027,2.0480384612481815
v3_sc1_staging_06,L4,0,4,0.6,False,False,False,nan,nan,nan
v3_sc1_staging_06,L4,0,5,0.6,False,False,False,nan,nan,nan
v3_sc1_staging_06,L4,0,6,0.6,True,False,False,3.1849242404917493,3.5078048854703496,1.9545875417267156
v3_sc1_staging_06,L4,0,7,0.6,False,False,False,nan,nan,nan
v3_sc1_staging_06,L4,0,8,0.6,True,False,False,3.115685424949238,3.000357124637428,2.0495097567963927
v3_sc1_staging_06,L4,0,9,0.6,True,False,True,7.139087296526014,3.2831864876053896,2.5269621735330623
v3_sc1_staging_06,L4,0,10,0.6,True,False,True,6.197665940288702,3.401281840626232,1.4525624189766635
v3_sc1_staging_06,L4,0,11,0.6,True,False,True,7.901219330881976,3.36846222677694,0.75
v3_sc1_staging_06,L4,0,12,0.6,False,False,False,nan,nan,nan
v3_sc1_staging_06,L4,0,13,0.6,True,False,False,5.0091883092036795,2.88710791088799,2.666228039797513
v3_sc1_staging_06,L4,0,14,0.6,True,False,True,7.935533905932738,3.212142238654117,1.7209232314512812
v3_sc1_staging_06,L4,0,15,0.6,False,False,False,nan,nan,nan
v3_sc1_staging_06,L4,0,16,0.6,False,False,False,nan,nan,nan
v3_sc1_staging_06,L4,0,17,0.6,True,False,False,4.12634559672906,4.550247518686585,1.9884734276258609
v3_sc1_staging_06,L4,0,18,0.6,False,False,False,nan,nan,nan
v3_sc1_staging_06,L4,0,19,0.6,True,False,True,5.576955262170048,4.3582404222104945,2.285677655436824
v3_sc1_staging_06,L4,0,0,0.8,True,False,False,3.6541630560342613,4.98839685154053,2.140549185302179
v3_sc1_staging_06,L4,0,1,0.8,True,False,True,7.861269837220809,3.355191305240247,2.5269621735330623
v3_sc1_staging_06,L4,0,2,0.8,True,False,True,5.726955262170048,3.757933771208754,1.0402921800749363
v3_sc1_staging_06,L4,0,3,0.8,True,False,False,3.467766952966369,5.000909015790027,2.0480384612481815
v3_sc1_staging_06,L4,0,4,0.8,False,False,False,nan,nan,nan
v3_sc1_staging_06,L4,0,5,0.8,False,False,False,nan,nan,nan
v3_sc1_staging_06,L4,0,6,0.8,True,False,False,3.1849242404917493,3.5078048854703496,1.9545875417267156
v3_sc1_staging_06,L4,0,7,0.8,False,False,False,nan,nan,nan
v3_sc1_staging_06,L4,0,8,0.8,True,False,False,3.115685424949238,3.000357124637428,2.0495097567963927
v3_sc1_staging_06,L4,0,9,0.8,True,False,True,7.139087296526014,3.2831864876053896,2.5269621735330623
v3_sc1_staging_06,L4,0,10,0.8,True,False,True,6.197665940288702,3.401281840626232,1.4525624189766635
v3_sc1_staging_06,L4,0,11,0.8,False,False,False,nan,nan,nan
v3_sc1_staging_06,L4,0,12,0.8,False,False,False,nan,nan,nan
v3_sc1_staging_06,L4,0,13,0.8,True,False,False,5.0091883092036795,2.88710791088799,2.666228039797513
v3_sc1_staging_06,L4,0,14,0.8,True,False,True,7.935533905932738,3.212142238654117,1.7209232314512812
v3_sc1_staging_06,L4,0,15,0.8,False,False,False,nan,nan,nan
v3_sc1_staging_06,L4,0,16,0.8,False,False,False,nan,nan,nan
v3_sc1_staging_06,L4,0,17,0.8,True,False,False,4.12634559672906,4.550247518686585,1.9884734276258609
v3_sc1_staging_06,L4,0,18,0.8,False,False,False,nan,nan,nan
v3_sc1_staging_06,L4,0,19,0.8,True,False,True,5.576955262170048,4.3582404222104945,2.285677655436824
v3_sc1_staging_06,L4,0,0,1.0,True,False,False,3.6541630560342613,4.98839685154053,2.140549185302179
v3_sc1_staging_06,L4,0,1,1.0,True,False,True,7.861269837220809,3.355191305240247,2.5269621735330623
v3_sc1_staging_06,L4,0,2,1.0,True,False,True,5.726955262170048,3.757933771208754,1.0402921800749363
v3_sc1_staging_06,L4,0,3,1.0,True,False,False,3.467766952966369,5.000909015790027,2.0480384612481815
v3_sc1_staging_06,L4,0,4,1.0,False,False,False,nan,nan,nan
v3_sc1_staging_06,L4,0,5,1.0,False,False,False,nan,nan,nan
v3_sc1_staging_06,L4,0,6,1.0,True,False,False,3.1849242404917493,3.5078048854703496,1.9545875417267156
v3_sc1_staging_06,L4,0,7,1.0,False,False,False,nan,nan,nan
v3_sc1_staging_06,L4,0,8,1.0,True,False,False,3.115685424949238,3.000357124637428,2.0495097567963927
v3_sc1_staging_06,L4,0,9,1.0,True,False,True,7.139087296526014,3.2831864876053896,2.5269621735330623
v3_sc1_staging_06,L4,0,10,1.0,True,False,True,6.197665940288702,3.401281840626232,1.4525624189766635
v3_sc1_staging_06,L4,0,11,1.0,False,False,False,nan,nan,nan
v3_sc1_staging_06,L4,0,12,1.0,False,False,False,nan,nan,nan
v3_sc1_staging_06,L4,0,13,1.0,True,False,False,5.0091883092036795,2.88710791088799,2.666228039797513
v3_sc1_staging_06,L4,0,14,1.0,True,False,True,7.935533905932738,3.212142238654117,1.7209232314512812
v3_sc1_staging_06,L4,0,15,1.0,False,False,False,nan,nan,nan
v3_sc1_staging_06,L4,0,16,1.0,False,False,False,nan,nan,nan
v3_sc1_staging_06,L4,0,17,1.0,True,False,False,4.12634559672906,4.550247518686585,1.9884734276258609
v3_sc1_staging_06,L4,0,18,1.0,False,False,False,nan,nan,nan
v3_sc1_staging_06,L4,0,19,1.0,True,False,True,5.576955262170048,4.3582404222104945,2.285677655436824
v3_sc1_staging_06,L4,0,0,1.25,True,False,False,3.6541630560342613,4.98839685154053,2.140549185302179
v3_sc1_staging_06,L4,0,1,1.25,True,False,True,7.861269837220809,3.355191305240247,2.5269621735330623
v3_sc1_staging_06,L4,0,2,1.25,False,False,False,nan,nan,nan
v3_sc1_staging_06,L4,0,3,1.25,True,False,False,3.467766952966369,5.000909015790027,2.0480384612481815
v3_sc1_staging_06,L4,0,4,1.25,False,False,False,nan,nan,nan
v3_sc1_staging_06,L4,0,5,1.25,False,False,False,nan,nan,nan
v3_sc1_staging_06,L4,0,6,1.25,True,False,False,3.1849242404917493,3.5078048854703496,1.9545875417267156
v3_sc1_staging_06,L4,0,7,1.25,False,False,False,nan,nan,nan
v3_sc1_staging_06,L4,0,8,1.25,True,False,False,3.115685424949238,3.000357124637428,2.0495097567963927
v3_sc1_staging_06,L4,0,9,1.25,True,False,True,7.139087296526014,3.2831864876053896,2.5269621735330623
v3_sc1_staging_06,L4,0,10,1.25,True,False,True,6.197665940288702,3.401281840626232,1.4525624189766635
v3_sc1_staging_06,L4,0,11,1.25,False,False,False,nan,nan,nan
v3_sc1_staging_06,L4,0,12,1.25,False,False,False,nan,nan,nan
v3_sc1_staging_06,L4,0,13,1.25,True,False,False,5.0091883092036795,2.88710791088799,2.666228039797513
v3_sc1_staging_06,L4,0,14,1.25,True,False,True,7.935533905932738,3.212142238654117,1.7209232314512812
v3_sc1_staging_06,L4,0,15,1.25,False,False,False,nan,nan,nan
v3_sc1_staging_06,L4,0,16,1.25,False,False,False,nan,nan,nan
v3_sc1_staging_06,L4,0,17,1.25,True,False,False,4.12634559672906,4.550247518686585,1.9884734276258609
v3_sc1_staging_06,L4,0,18,1.25,False,False,False,nan,nan,nan
v3_sc1_staging_06,L4,0,19,1.25,True,False,True,5.576955262170048,4.3582404222104945,2.285677655436824
v3_sc1_staging_06,L4,0,0,1.5,True,False,False,3.6541630560342613,4.98839685154053,2.140549185302179
v3_sc1_staging_06,L4,0,1,1.5,True,False,True,7.861269837220809,3.355191305240247,2.5269621735330623
v3_sc1_staging_06,L4,0,2,1.5,False,False,False,nan,nan,nan
v3_sc1_staging_06,L4,0,3,1.5,True,False,False,3.467766952966369,5.000909015790027,2.0480384612481815
v3_sc1_staging_06,L4,0,4,1.5,False,False,False,nan,nan,nan
v3_sc1_staging_06,L4,0,5,1.5,False,False,False,nan,nan,nan
v3_sc1_staging_06,L4,0,6,1.5,True,False,False,3.1849242404917493,3.5078048854703496,1.9545875417267156
v3_sc1_staging_06,L4,0,7,1.5,False,False,False,nan,nan,nan
v3_sc1_staging_06,L4,0,8,1.5,True,False,False,3.115685424949238,3.000357124637428,2.0495097567963927
v3_sc1_staging_06,L4,0,9,1.5,True,False,True,7.139087296526014,3.2831864876053896,2.5269621735330623
v3_sc1_staging_06,L4,0,10,1.5,True,False,True,6.197665940288701,3.401281840626232,1.50124960961895
v3_sc1_staging_06,L4,0,11,1.5,False,False,False,nan,nan,nan
v3_sc1_staging_06,L4,0,12,1.5,False,False,False,nan,nan,nan
v3_sc1_staging_06,L4,0,13,1.5,True,False,False,5.0091883092036795,2.88710791088799,2.666228039797513
v3_sc1_staging_06,L4,0,14,1.5,True,False,True,7.935533905932738,3.212142238654117,1.7209232314512812
v3_sc1_staging_06,L4,0,15,1.5,False,False,False,nan,nan,nan
v3_sc1_staging_06,L4,0,16,1.5,False,False,False,nan,nan,nan
v3_sc1_staging_06,L4,0,17,1.5,True,False,False,4.12634559672906,4.550247518686585,1.9884734276258609
v3_sc1_staging_06,L4,0,18,1.5,False,False,False,nan,nan,nan
v3_sc1_staging_06,L4,0,19,1.5,True,False,True,5.576955262170048,4.3582404222104945,2.285677655436824
v3_sc1_staging_06,L4,0,0,2.0,True,False,False,3.6541630560342613,4.98839685154053,2.140549185302179
v3_sc1_staging_06,L4,0,1,2.0,True,False,True,7.861269837220809,3.355191305240247,2.5269621735330623
v3_sc1_staging_06,L4,0,2,2.0,False,False,False,nan,nan,nan
v3_sc1_staging_06,L4,0,3,2.0,True,False,False,3.467766952966369,5.000909015790027,2.0480384612481815
v3_sc1_staging_06,L4,0,4,2.0,False,False,False,nan,nan,nan
v3_sc1_staging_06,L4,0,5,2.0,False,False,False,nan,nan,nan
v3_sc1_staging_06,L4,0,6,2.0,False,False,False,nan,nan,nan
v3_sc1_staging_06,L4,0,7,2.0,False,False,False,nan,nan,nan
v3_sc1_staging_06,L4,0,8,2.0,True,False,False,3.115685424949238,3.000357124637428,2.0495097567963927
v3_sc1_staging_06,L4,0,9,2.0,True,False,True,7.139087296526014,3.2831864876053896,2.5269621735330623
v3_sc1_staging_06,L4,0,10,2.0,True,False,True,6.280508652763323,3.4080046059338267,2.0004999500099974
v3_sc1_staging_06,L4,0,11,2.0,False,False,False,nan,nan,nan
v3_sc1_staging_06,L4,0,12,2.0,False,False,False,nan,nan,nan
v3_sc1_staging_06,L4,0,13,2.0,True,False,False,5.0091883092036795,2.88710791088799,2.666228039797513
v3_sc1_staging_06,L4,0,14,2.0,False,False,False,nan,nan,nan
v3_sc1_staging_06,L4,0,15,2.0,False,False,False,nan,nan,nan
v3_sc1_staging_06,L4,0,16,2.0,False,False,False,nan,nan,nan
v3_sc1_staging_06,L4,0,17,2.0,False,False,False,nan,nan,nan
v3_sc1_staging_06,L4,0,18,2.0,False,False,False,nan,nan,nan
v3_sc1_staging_06,L4,0,19,2.0,True,False,True,5.576955262170048,4.3582404222104945,2.285677655436824
v3_sc1_staging_06,L4,1,0,0.0,True,False,False,3.672792206135785,4.48196748283246,2.3111385593741196
v3_sc1_staging_06,L4,1,1,0.0,True,False,False,8.484062043356596,3.650301193889427,2.3935272592460577
v3_sc1_staging_06,L4,1,2,0.0,True,False,False,5.444112549695429,3.754703279900961,1.246424919657298
v3_sc1_staging_06,L4,1,3,0.0,True,False,False,3.294974746830583,4.884468404587402,1.9020824298928627
v3_sc1_staging_06,L4,1,4,0.0,True,False,False,4.650609665440988,1.581465829649865,0.25
v3_sc1_staging_06,L4,1,5,0.0,True,False,False,4.294974746830583,2.1800186566514794,0.10827625302982202
v3_sc1_staging_06,L4,1,6,0.0,True,False,False,3.1242640687119287,3.5311288741492746,2.1196373794859475
v3_sc1_staging_06,L4,1,7,0.0,False,False,False,nan,nan,nan
v3_sc1_staging_06,L4,1,8,0.0,True,False,False,3.1556349186104047,3.150342449688796,2.1575364531836625
v3_sc1_staging_06,L4,1,9,0.0,True,False,False,7.514823227814083,4.012482686947397,2.3935272592460577
v3_sc1_staging_06,L4,1,10,0.0,True,False,False,6.029036790187179,3.488107320521854,1.6920310216782974
v3_sc1_staging_06,L4,1,11,0.0,True,False,False,7.547665940288702,3.3483762809787714,0.9115594213493106
v3_sc1_staging_06,L4,1,12,0.0,True,False,False,6.299137802864846,3.7737571292716208,2.1580067720004026
v3_sc1_staging_06,L4,1,13,0.0,True,False,False,4.850609665440988,3.8234823927015134,2.7534596969994882
v3_sc1_staging_06,L4,1,14,0.0,True,False,False,7.7926406871192855,3.7755116652863903,1.9041630560342617
v3_sc1_staging_06,L4,1,15,0.0,True,False,False,7.548528137423858,1.3973665961010278,0.20000000000000007
v3_sc1_staging_06,L4,1,16,0.0,True,False,False,4.562741699796952,1.0041608956491324,0.20000000000000007
v3_sc1_staging_06,L4,1,17,0.0,True,False,False,3.7006096654409877,4.5803543183522155,2.053918557824427
v3_sc1_staging_06,L4,1,18,0.0,True,False,False,4.452081528017131,1.9010414407085943,0.25
v3_sc1_staging_06,L4,1,19,0.0,True,False,False,5.579898987322333,4.6119956963988145,1.925386567126981
v3_sc1_staging_06,L4,1,0,0.1,True,False,False,3.672792206135785,4.48196748283246,2.3111385593741196
v3_sc1_staging_06,L4,1,1,0.1,True,False,False,8.484062043356596,3.650301193889427,2.3935272592460577
v3_sc1_staging_06,L4,1,2,0.1,True,False,False,5.444112549695429,3.754703279900961,1.246424919657298
v3_sc1_staging_06,L4,1,3,0.1,True,False,False,3.294974746830583,4.884468404587402,1.9020824298928627
v3_sc1_staging_06,L4,1,4,0.1,True,False,False,4.650609665440988,1.581465829649865,0.25
v3_sc1_staging_06,L4,1,5,0.1,True,False,False,4.294974746830583,2.1800186566514794,0.10827625302982202
v3_sc1_staging_06,L4,1,6,0.1,True,False,False,3.1242640687119287,3.5311288741492746,2.1196373794859475
v3_sc1_staging_06,L4,1,7,0.1,False,False,False,nan,nan,nan
v3_sc1_staging_06,L4,1,8,0.1,True,False,False,3.1556349186104047,3.150342449688796,2.1575364531836625
v3_sc1_staging_06,L4,1,9,0.1,True,False,False,7.514823227814083,4.012482686947397,2.3935272592460577
v3_sc1_staging_06,L4,1,10,0.1,True,False,False,6.029036790187179,3.488107320521854,1.6920310216782974
v3_sc1_staging_06,L4,1,11,0.1,True,False,False,7.547665940288702,3.3483762809787714,0.9115594213493106
v3_sc1_staging_06,L4,1,12,0.1,True,False,False,6.299137802864846,3.7737571292716208,2.1580067720004026
v3_sc1_staging_06,L4,1,13,0.1,True,False,False,4.850609665440988,3.8234823927015134,2.7534596969994882
v3_sc1_staging_06,L4,1,14,0.1,True,False,False,7.7926406871192855,3.7755116652863903,1.9041630560342617
v3_sc1_staging_06,L4,1,15,0.1,True,False,False,7.548528137423858,1.3973665961010278,0.20000000000000007
v3_sc1_staging_06,L4,1,16,0.1,True,False,False,4.562741699796952,1.0041608956491324,0.20000000000000007
v3_sc1_staging_06,L4,1,17,0.1,True,False,False,3.7006096654409877,4.5803543183522155,2.053918557824427
v3_sc1_staging_06,L4,1,18,0.1,True,False,False,4.452081528017131,1.9010414407085943,0.25
v3_sc1_staging_06,L4,1,19,0.1,True,False,False,5.579898987322333,4.6119956963988145,1.925386567126981
v3_sc1_staging_06,L4,1,0,0.2,True,False,False,3.672792206135785,4.48196748283246,2.3111385593741196
v3_sc1_staging_06,L4,1,1,0.2,True,False,False,8.484062043356596,3.650301193889427,2.3935272592460577
v3_sc1_staging_06,L4,1,2,0.2,True,False,False,5.444112549695429,3.754703279900961,1.246424919657298
v3_sc1_staging_06,L4,1,3,0.2,True,False,False,3.294974746830583,4.884468404587402,1.9020824298928627
v3_sc1_staging_06,L4,1,4,0.2,True,False,False,4.650609665440988,1.581465829649865,0.25
v3_sc1_staging_06,L4,1,5,0.2,True,False,False,4.294974746830584,2.1800186566514794,0.20000000000000007
v3_sc1_staging_06,L4,1,6,0.2,True,False,False,3.1242640687119287,3.5311288741492746,2.1196373794859475
v3_sc1_staging_06,L4,1,7,0.2,False,False,False,nan,nan,nan
v3_sc1_staging_06,L4,1,8,0.2,True,False,False,3.1556349186104047,3.150342449688796,2.1575364531836625
v3_sc1_staging_06,L4,1,9,0.2,True,False,False,7.514823227814083,4.012482686947397,2.3935272592460577
v3_sc1_staging_06,L4,1,10,0.2,True,False,False,6.029036790187179,3.488107320521854,1.6920310216782974
v3_sc1_staging_06,L4,1,11,0.2,True,False,False,7.547665940288702,3.3483762809787714,0.9115594213493106
v3_sc1_staging_06,L4,1,12,0.2,True,False,False,6.299137802864846,3.7737571292716208,2.1580067720004026
v3_sc1_staging_06,L4,1,13,0.2,True,False,False,4.850609665440988,3.8234823927015134,2.7534596969994882
v3_sc1_staging_06,L4,1,14,0.2,True,False,False,7.7926406871192855,3.7755116652863903,1.9041630560342617
v3_sc1_staging_06,L4,1,15,0.2,True,False,False,7.548528137423858,1.3973665961010278,0.20000000000000007
v3_sc1_staging_06,L4,1,16,0.2,True,False,False,4.562741699796952,1.0041608956491324,0.20000000000000007
v3_sc1_staging_06,L4,1,17,0.2,True,False,False,3.7006096654409877,4.5803543183522155,2.053918557824427
v3_sc1_staging_06,L4,1,18,0.2,True,False,False,4.452081528017131,1.9010414407085943,0.25
v3_sc1_staging_06,L4,1,19,0.2,True,False,False,5.579898987322333,4.6119956963988145,1.925386567126981
v3_sc1_staging_06,L4,1,0,0.3,True,False,False,3.672792206135785,4.48196748283246,2.3111385593741196
v3_sc1_staging_06,L4,1,1,0.3,True,False,False,8.484062043356596,3.650301193889427,2.3935272592460577
v3_sc1_staging_06,L4,1,2,0.3,True,False,False,5.444112549695429,3.754703279900961,1.246424919657298
v3_sc1_staging_06,L4,1,3,0.3,True,False,False,3.294974746830583,4.884468404587402,1.9020824298928627
v3_sc1_staging_06,L4,1,4,0.3,False,False,False,nan,nan,nan
v3_sc1_staging_06,L4,1,5,0.3,False,False,False,nan,nan,nan
v3_sc1_staging_06,L4,1,6,0.3,True,False,False,3.1242640687119287,3.5311288741492746,2.1196373794859475
v3_sc1_staging_06,L4,1,7,0.3,False,False,False,nan,nan,nan
v3_sc1_staging_06,L4,1,8,0.3,True,False,False,3.1556349186104047,3.150342449688796,2.1575364531836625
v3_sc1_staging_06,L4,1,9,0.3,True,False,False,7.514823227814083,4.012482686947397,2.3935272592460577
v3_sc1_staging_06,L4,1,10,0.3,True,False,False,6.029036790187179,3.488107320521854,1.6920310216782974
v3_sc1_staging_06,L4,1,11,0.3,True,False,False,7.547665940288702,3.3483762809787714,0.9115594213493106
v3_sc1_staging_06,L4,1,12,0.3,True,False,False,6.299137802864846,3.7737571292716208,2.1580067720004026
v3_sc1_staging_06,L4,1,13,0.3,True,False,False,4.850609665440988,3.8234823927015134,2.7534596969994882
v3_sc1_staging_06,L4,1,14,0.3,True,False,False,7.7926406871192855,3.7755116652863903,1.9041630560342617
v3_sc1_staging_06,L4,1,15,0.3,False,False,False,nan,nan,nan
v3_sc1_staging_06,L4,1,16,0.3,False,False,False,nan,nan,nan
v3_sc1_staging_06,L4,1,17,0.3,True,False,False,3.7006096654409877,4.5803543183522155,2.053918557824427
v3_sc1_staging_06,L4,1,18,0.3,False,False,False,nan,nan,nan
v3_sc1_staging_06,L4,1,19,0.3,True,False,False,5.579898987322333,4.6119956963988145,1.925386567126981
v3_sc1_staging_06,L4,1,0,0.4,True,False,False,3.672792206135785,4.48196748283246,2.3111385593741196
v3_sc1_staging_06,L4,1,1,0.4,True,False,False,8.484062043356596,3.650301193889427,2.3935272592460577
v3_sc1_staging_06,L4,1,2,0.4,True,False,False,5.444112549695429,3.754703279900961,1.246424919657298
v3_sc1_staging_06,L4,1,3,0.4,True,False,False,3.294974746830583,4.884468404587402,1.9020824298928627
v3_sc1_staging_06,L4,1,4,0.4,False,False,False,nan,nan,nan
v3_sc1_staging_06,L4,1,5,0.4,False,False,False,nan,nan,nan
v3_sc1_staging_06,L4,1,6,0.4,True,False,False,3.1242640687119287,3.5311288741492746,2.1196373794859475
v3_sc1_staging_06,L4,1,7,0.4,False,False,False,nan,nan,nan
v3_sc1_staging_06,L4,1,8,0.4,True,False,False,3.1556349186104047,3.150342449688796,2.1575364531836625
v3_sc1_staging_06,L4,1,9,0.4,True,False,False,7.514823227814083,4.012482686947397,2.3935272592460577
v3_sc1_staging_06,L4,1,10,0.4,True,False,False,6.029036790187179,3.488107320521854,1.6920310216782974
v3_sc1_staging_06,L4,1,11,0.4,True,False,False,7.547665940288702,3.3483762809787714,0.9115594213493106
v3_sc1_staging_06,L4,1,12,0.4,True,False,False,6.299137802864846,3.7737571292716208,2.1580067720004026
v3_sc1_staging_06,L4,1,13,0.4,True,False,False,4.850609665440988,3.8234823927015134,2.7534596969994882
v3_sc1_staging_06,L4,1,14,0.4,True,False,False,7.7926406871192855,3.7755116652863903,1.9041630560342617
v3_sc1_staging_06,L4,1,15,0.4,False,False,False,nan,nan,nan
v3_sc1_staging_06,L4,1,16,0.4,False,False,False,nan,nan,nan
v3_sc1_staging_06,L4,1,17,0.4,True,False,False,3.7006096654409877,4.5803543183522155,2.053918557824427
v3_sc1_staging_06,L4,1,18,0.4,False,False,False,nan,nan,nan
v3_sc1_staging_06,L4,1,19,0.4,True,False,False,5.579898987322333,4.6119956963988145,1.925386567126981
v3_sc1_staging_06,L4,1,0,0.5,True,False,False,3.672792206135785,4.48196748283246,2.3111385593741196
v3_sc1_staging_06,L4,1,1,0.5,True,False,False,8.484062043356596,3.650301193889427,2.3935272592460577
v3_sc1_staging_06,L4,1,2,0.5,True,False,False,5.444112549695429,3.754703279900961,1.246424919657298
v3_sc1_staging_06,L4,1,3,0.5,True,False,False,3.294974746830583,4.884468404587402,1.9020824298928627
v3_sc1_staging_06,L4,1,4,0.5,False,False,False,nan,nan,nan
v3_sc1_staging_06,L4,1,5,0.5,False,False,False,nan,nan,nan
v3_sc1_staging_06,L4,1,6,0.5,True,False,False,3.1242640687119287,3.5311288741492746,2.1196373794859475
v3_sc1_staging_06,L4,1,7,0.5,False,False,False,nan,nan,nan
v3_sc1_staging_06,L4,1,8,0.5,True,False,False,3.1556349186104047,3.150342449688796,2.1575364531836625
v3_sc1_staging_06,L4,1,9,0.5,True,False,False,7.514823227814083,4.012482686947397,2.3935272592460577
v3_sc1_staging_06,L4,1,10,0.5,True,False,False,6.029036790187179,3.488107320521854,1.6920310216782974
v3_sc1_staging_06,L4,1,11,0.5,True,False,False,7.547665940288702,3.3483762809787714,0.9115594213493106
v3_sc1_staging_06,L4,1,12,0.5,True,False,False,6.299137802864846,3.7737571292716208,2.1580067720004026
v3_sc1_staging_06,L4,1,13,0.5,True,False,False,4.850609665440988,3.8234823927015134,2.7534596969994882
v3_sc1_staging_06,L4,1,14,0.5,True,False,False,7.7926406871192855,3.7755116652863903,1.9041630560342617
v3_sc1_staging_06,L4,1,15,0.5,False,False,False,nan,nan,nan
v3_sc1_staging_06,L4,1,16,0.5,False,False,False,nan,nan,nan
v3_sc1_staging_06,L4,1,17,0.5,True,False,False,3.7006096654409877,4.5803543183522155,2.053918557824427
v3_sc1_staging_06,L4,1,18,0.5,False,False,False,nan,nan,nan
v3_sc1_staging_06,L4,1,19,0.5,True,False,False,5.579898987322333,4.6119956963988145,1.925386567126981
v3_sc1_staging_06,L4,1,0,0.6,True,False,False,3.672792206135785,4.48196748283246,2.3111385593741196
v3_sc1_staging_06,L4,1,1,0.6,True,False,False,8.484062043356596,3.650301193889427,2.3935272592460577
v3_sc1_staging_06,L4,1,2,0.6,True,False,False,5.444112549695429,3.754703279900961,1.246424919657298
v3_sc1_staging_06,L4,1,3,0.6,True,False,False,3.294974746830583,4.884468404587402,1.9020824298928627
v3_sc1_staging_06,L4,1,4,0.6,False,False,False,nan,nan,nan
v3_sc1_staging_06,L4,1,5,0.6,False,False,False,nan,nan,nan
v3_sc1_staging_06,L4,1,6,0.6,True,False,False,3.1242640687119287,3.5311288741492746,2.1196373794859475
v3_sc1_staging_06,L4,1,7,0.6,False,False,False,nan,nan,nan
v3_sc1_staging_06,L4,1,8,0.6,True,False,False,3.1556349186104047,3.150342449688796,2.1575364531836625
v3_sc1_staging_06,L4,1,9,0.6,True,False,False,7.514823227814083,4.012482686947397,2.3935272592460577
v3_sc1_staging_06,L4,1,10,0.6,True,False,False,6.029036790187179,3.488107320521854,1.6920310216782974
v3_sc1_staging_06,L4,1,11,0.6,True,False,False,7.547665940288702,3.3483762809787714,0.9115594213493106
v3_sc1_staging_06,L4,1,12,0.6,True,False,False,6.299137802864846,3.7737571292716208,2.1580067720004026
v3_sc1_staging_06,L4,1,13,0.6,True,False,False,4.850609665440988,3.8234823927015134,2.7534596969994882
v3_sc1_staging_06,L4,1,14,0.6,True,False,False,7.7926406871192855,3.7755116652863903,1.9041630560342617
v3_sc1_staging_06,L4,1,15,0.6,False,False,False,nan,nan,nan
v3_sc1_staging_06,L4,1,16,0.6,False,False,False,nan,nan,nan
v3_sc1_staging_06,L4,1,17,0.6,True,False,False,3.7006096654409877,4.5803543183522155,2.053918557824427
v3_sc1_staging_06,L4,1,18,0.6,False,False,False,nan,nan,nan
v3_sc1_staging_06,L4,1,19,0.6,True,False,False,5.579898987322333,4.6119956963988145,1.925386567126981
v3_sc1_staging_06,L4,1,0,0.8,True,False,False,3.672792206135785,4.48196748283246,2.3111385593741196
v3_sc1_staging_06,L4,1,1,0.8,True,False,False,8.484062043356596,3.650301193889427,2.3935272592460577
v3_sc1_staging_06,L4,1,2,0.8,True,False,False,5.444112549695429,3.754703279900961,1.246424919657298
v3_sc1_staging_06,L4,1,3,0.8,True,False,False,3.294974746830583,4.884468404587402,1.9020824298928627
v3_sc1_staging_06,L4,1,4,0.8,False,False,False,nan,nan,nan
v3_sc1_staging_06,L4,1,5,0.8,False,False,False,nan,nan,nan
v3_sc1_staging_06,L4,1,6,0.8,True,False,False,3.1242640687119287,3.5311288741492746,2.1196373794859475
v3_sc1_staging_06,L4,1,7,0.8,False,False,False,nan,nan,nan
v3_sc1_staging_06,L4,1,8,0.8,True,False,False,3.1556349186104047,3.150342449688796,2.1575364531836625
v3_sc1_staging_06,L4,1,9,0.8,True,False,False,7.514823227814083,4.012482686947397,2.3935272592460577
v3_sc1_staging_06,L4,1,10,0.8,True,False,False,6.029036790187179,3.488107320521854,1.6920310216782974
v3_sc1_staging_06,L4,1,11,0.8,True,False,False,7.547665940288702,3.3483762809787714,0.9115594213493106
v3_sc1_staging_06,L4,1,12,0.8,True,False,False,6.299137802864846,3.7737571292716208,2.1580067720004026
v3_sc1_staging_06,L4,1,13,0.8,True,False,False,4.850609665440988,3.8234823927015134,2.7534596969994882
v3_sc1_staging_06,L4,1,14,0.8,True,False,False,7.7926406871192855,3.7755116652863903,1.9041630560342617
v3_sc1_staging_06,L4,1,15,0.8,False,False,False,nan,nan,nan
v3_sc1_staging_06,L4,1,16,0.8,False,False,False,nan,nan,nan
v3_sc1_staging_06,L4,1,17,0.8,True,False,False,3.7006096654409877,4.5803543183522155,2.053918557824427
v3_sc1_staging_06,L4,1,18,0.8,False,False,False,nan,nan,nan
v3_sc1_staging_06,L4,1,19,0.8,True,False,False,5.579898987322333,4.6119956963988145,1.925386567126981
v3_sc1_staging_06,L4,1,0,1.0,True,False,False,3.672792206135785,4.48196748283246,2.3111385593741196
v3_sc1_staging_06,L4,1,1,1.0,True,False,False,8.484062043356596,3.650301193889427,2.3935272592460577
v3_sc1_staging_06,L4,1,2,1.0,True,False,False,5.444112549695429,3.754703279900961,1.246424919657298
v3_sc1_staging_06,L4,1,3,1.0,True,False,False,3.294974746830583,4.884468404587402,1.9020824298928627
v3_sc1_staging_06,L4,1,4,1.0,False,False,False,nan,nan,nan
v3_sc1_staging_06,L4,1,5,1.0,False,False,False,nan,nan,nan
v3_sc1_staging_06,L4,1,6,1.0,True,False,False,3.1242640687119287,3.5311288741492746,2.1196373794859475
v3_sc1_staging_06,L4,1,7,1.0,False,False,False,nan,nan,nan
v3_sc1_staging_06,L4,1,8,1.0,True,False,False,3.1556349186104047,3.150342449688796,2.1575364531836625
v3_sc1_staging_06,L4,1,9,1.0,True,False,False,7.514823227814083,4.012482686947397,2.3935272592460577
v3_sc1_staging_06,L4,1,10,1.0,True,False,False,6.029036790187179,3.488107320521854,1.6920310216782974
v3_sc1_staging_06,L4,1,11,1.0,False,False,False,nan,nan,nan
v3_sc1_staging_06,L4,1,12,1.0,True,False,False,6.299137802864846,3.7737571292716208,2.1580067720004026
v3_sc1_staging_06,L4,1,13,1.0,True,False,False,4.850609665440988,3.8234823927015134,2.7534596969994882
v3_sc1_staging_06,L4,1,14,1.0,True,False,False,7.7926406871192855,3.7755116652863903,1.9041630560342617
v3_sc1_staging_06,L4,1,15,1.0,False,False,False,nan,nan,nan
v3_sc1_staging_06,L4,1,16,1.0,False,False,False,nan,nan,nan
v3_sc1_staging_06,L4,1,17,1.0,True,False,False,3.7006096654409877,4.5803543183522155,2.053918557824427
v3_sc1_staging_06,L4,1,18,1.0,False,False,False,nan,nan,nan
v3_sc1_staging_06,L4,1,19,1.0,True,False,False,5.579898987322333,4.6119956963988145,1.925386567126981
v3_sc1_staging_06,L4,1,0,1.25,True,False,False,3.672792206135785,4.48196748283246,2.3111385593741196
v3_sc1_staging_06,L4,1,1,1.25,True,False,False,8.484062043356596,3.650301193889427,2.3935272592460577
v3_sc1_staging_06,L4,1,2,1.25,False,False,False,nan,nan,nan
v3_sc1_staging_06,L4,1,3,1.25,True,False,False,3.294974746830583,4.884468404587402,1.9020824298928627
v3_sc1_staging_06,L4,1,4,1.25,False,False,False,nan,nan,nan
v3_sc1_staging_06,L4,1,5,1.25,False,False,False,nan,nan,nan
v3_sc1_staging_06,L4,1,6,1.25,True,False,False,3.1242640687119287,3.5311288741492746,2.1196373794859475
v3_sc1_staging_06,L4,1,7,1.25,False,False,False,nan,nan,nan
v3_sc1_staging_06,L4,1,8,1.25,True,False,False,3.1556349186104047,3.150342449688796,2.1575364531836625
v3_sc1_staging_06,L4,1,9,1.25,True,False,False,7.514823227814083,4.012482686947397,2.3935272592460577
v3_sc1_staging_06,L4,1,10,1.25,True,False,False,6.029036790187179,3.488107320521854,1.6920310216782974
v3_sc1_staging_06,L4,1,11,1.25,False,False,False,nan,nan,nan
v3_sc1_staging_06,L4,1,12,1.25,True,False,False,6.299137802864846,3.7737571292716208,2.1580067720004026
v3_sc1_staging_06,L4,1,13,1.25,True,False,False,4.850609665440988,3.8234823927015134,2.7534596969994882
v3_sc1_staging_06,L4,1,14,1.25,True,False,False,7.7926406871192855,3.7755116652863903,1.9041630560342617
v3_sc1_staging_06,L4,1,15,1.25,False,False,False,nan,nan,nan
v3_sc1_staging_06,L4,1,16,1.25,False,False,False,nan,nan,nan
v3_sc1_staging_06,L4,1,17,1.25,True,False,False,3.7006096654409877,4.5803543183522155,2.053918557824427
v3_sc1_staging_06,L4,1,18,1.25,False,False,False,nan,nan,nan
v3_sc1_staging_06,L4,1,19,1.25,True,False,False,5.579898987322333,4.6119956963988145,1.925386567126981
v3_sc1_staging_06,L4,1,0,1.5,True,False,False,3.672792206135785,4.48196748283246,2.3111385593741196
v3_sc1_staging_06,L4,1,1,1.5,True,False,False,8.484062043356596,3.650301193889427,2.3935272592460577
v3_sc1_staging_06,L4,1,2,1.5,False,False,False,nan,nan,nan
v3_sc1_staging_06,L4,1,3,1.5,True,False,False,3.294974746830583,4.884468404587402,1.9020824298928627
v3_sc1_staging_06,L4,1,4,1.5,False,False,False,nan,nan,nan
v3_sc1_staging_06,L4,1,5,1.5,False,False,False,nan,nan,nan
v3_sc1_staging_06,L4,1,6,1.5,True,False,False,3.1242640687119287,3.5311288741492746,2.1196373794859475
v3_sc1_staging_06,L4,1,7,1.5,False,False,False,nan,nan,nan
v3_sc1_staging_06,L4,1,8,1.5,True,False,False,3.1556349186104047,3.150342449688796,2.1575364531836625
v3_sc1_staging_06,L4,1,9,1.5,True,False,False,7.514823227814083,4.012482686947397,2.3935272592460577
v3_sc1_staging_06,L4,1,10,1.5,True,False,False,6.029036790187179,3.488107320521854,1.6920310216782974
v3_sc1_staging_06,L4,1,11,1.5,False,False,False,nan,nan,nan
v3_sc1_staging_06,L4,1,12,1.5,True,False,False,6.299137802864846,3.7737571292716208,2.1580067720004026
v3_sc1_staging_06,L4,1,13,1.5,True,False,False,4.850609665440988,3.8234823927015134,2.7534596969994882
v3_sc1_staging_06,L4,1,14,1.5,True,False,False,7.7926406871192855,3.7755116652863903,1.9041630560342617
v3_sc1_staging_06,L4,1,15,1.5,False,False,False,nan,nan,nan
v3_sc1_staging_06,L4,1,16,1.5,False,False,False,nan,nan,nan
v3_sc1_staging_06,L4,1,17,1.5,True,False,False,3.7006096654409877,4.5803543183522155,2.053918557824427
v3_sc1_staging_06,L4,1,18,1.5,False,False,False,nan,nan,nan
v3_sc1_staging_06,L4,1,19,1.5,True,False,False,5.579898987322333,4.6119956963988145,1.925386567126981
v3_sc1_staging_06,L4,1,0,2.0,True,False,False,3.672792206135785,4.48196748283246,2.3111385593741196
v3_sc1_staging_06,L4,1,1,2.0,True,False,False,8.484062043356596,3.650301193889427,2.3935272592460577
v3_sc1_staging_06,L4,1,2,2.0,False,False,False,nan,nan,nan
v3_sc1_staging_06,L4,1,3,2.0,True,False,False,3.3156854249492387,4.777309920783505,2.0500000000000003
v3_sc1_staging_06,L4,1,4,2.0,False,False,False,nan,nan,nan
v3_sc1_staging_06,L4,1,5,2.0,False,False,False,nan,nan,nan
v3_sc1_staging_06,L4,1,6,2.0,True,False,False,3.1242640687119287,3.5311288741492746,2.1196373794859475
v3_sc1_staging_06,L4,1,7,2.0,False,False,False,nan,nan,nan
v3_sc1_staging_06,L4,1,8,2.0,True,False,False,3.1556349186104047,3.150342449688796,2.1575364531836625
v3_sc1_staging_06,L4,1,9,2.0,True,False,False,7.514823227814083,4.012482686947397,2.3935272592460577
v3_sc1_staging_06,L4,1,10,2.0,True,False,False,6.029036790187179,3.488107320521854,2.004495957273639
v3_sc1_staging_06,L4,1,11,2.0,False,False,False,nan,nan,nan
v3_sc1_staging_06,L4,1,12,2.0,True,False,False,6.299137802864846,3.7737571292716208,2.1580067720004026
v3_sc1_staging_06,L4,1,13,2.0,True,False,False,4.850609665440988,3.8234823927015134,2.7534596969994882
v3_sc1_staging_06,L4,1,14,2.0,False,False,False,nan,nan,nan
v3_sc1_staging_06,L4,1,15,2.0,False,False,False,nan,nan,nan
v3_sc1_staging_06,L4,1,16,2.0,False,False,False,nan,nan,nan
v3_sc1_staging_06,L4,1,17,2.0,True,False,False,3.7006096654409877,4.5803543183522155,2.053918557824427
v3_sc1_staging_06,L4,1,18,2.0,False,False,False,nan,nan,nan
v3_sc1_staging_06,L4,1,19,2.0,True,False,False,5.579898987322334,4.409175083453431,2.3442925306655784
v3_sc1_staging_06,L4,2,0,0.0,True,False,False,3.717766952966369,4.746189093046495,2.0124689052802225
v3_sc1_staging_06,L4,2,1,0.0,False,False,False,nan,nan,nan
v3_sc1_staging_06,L4,2,2,0.0,True,False,False,5.490559159102155,3.524922359499622,0.8756816492197605
v3_sc1_staging_06,L4,2,3,0.0,True,False,False,3.381370849898476,4.500999900019995,1.7699118925632336
v3_sc1_staging_06,L4,2,4,0.0,False,False,False,nan,nan,nan
v3_sc1_staging_06,L4,2,5,0.0,False,False,False,nan,nan,nan
v3_sc1_staging_06,L4,2,6,0.0,True,False,False,3.1399494936611667,3.09339672176619,1.7360679774997898
v3_sc1_staging_06,L4,2,7,0.0,True,False,True,8.109797974644668,3.4503164430207365,1.6569654610122995
v3_sc1_staging_06,L4,2,8,0.0,True,False,False,3.1813708498984763,2.5220026472523154,1.9824383174612823
v3_sc1_staging_06,L4,2,9,0.0,True,False,True,7.385533905932744,3.6692325432865935,2.3460498941515415
v3_sc1_staging_06,L4,2,10,0.0,True,False,True,6.184062043356596,3.019232870953555,1.1224980739587953
v3_sc1_staging_06,L4,2,11,0.0,True,False,False,7.55269119345812,3.2312866413611268,0.6000000000000001
v3_sc1_staging_06,L4,2,12,0.0,True,False,False,6.244112549695429,3.5252329125157464,1.938237068047322
v3_sc1_staging_06,L4,2,13,0.0,False,False,False,nan,nan,nan
v3_sc1_staging_06,L4,2,14,0.0,True,False,False,7.918376618407357,3.5697051490249265,1.5402205763103165
v3_sc1_staging_06,L4,2,15,0.0,False,False,False,nan,nan,nan
v3_sc1_staging_06,L4,2,16,0.0,False,False,False,nan,nan,nan
v3_sc1_staging_06,L4,2,17,0.0,True,False,False,3.8591883092036783,4.134921790062914,1.8032585612562042
v3_sc1_staging_06,L4,2,18,0.0,False,False,False,nan,nan,nan
v3_sc1_staging_06,L4,2,19,0.0,True,False,False,5.5991378028648455,3.7573465914816007,1.8837994882120435
v3_sc1_staging_06,L4,2,0,0.1,True,False,False,3.717766952966369,4.746189093046495,2.0124689052802225
v3_sc1_staging_06,L4,2,1,0.1,False,False,False,nan,nan,nan
v3_sc1_staging_06,L4,2,2,0.1,True,False,False,5.490559159102155,3.524922359499622,0.8756816492197605
v3_sc1_staging_06,L4,2,3,0.1,True,False,False,3.381370849898476,4.500999900019995,1.7699118925632336
v3_sc1_staging_06,L4,2,4,0.1,False,False,False,nan,nan,nan
v3_sc1_staging_06,L4,2,5,0.1,False,False,False,nan,nan,nan
v3_sc1_staging_06,L4,2,6,0.1,True,False,False,3.1399494936611667,3.09339672176619,1.7360679774997898
v3_sc1_staging_06,L4,2,7,0.1,True,False,True,8.109797974644668,3.4503164430207365,1.6569654610122995
v3_sc1_staging_06,L4,2,8,0.1,True,False,False,3.1813708498984763,2.5220026472523154,1.9824383174612823
v3_sc1_staging_06,L4,2,9,0.1,True,False,True,7.385533905932744,3.6692325432865935,2.3460498941515415
v3_sc1_staging_06,L4,2,10,0.1,True,False,True,6.184062043356596,3.019232870953555,1.1224980739587953
v3_sc1_staging_06,L4,2,11,0.1,True,False,False,7.55269119345812,3.2312866413611268,0.6000000000000001
v3_sc1_staging_06,L4,2,12,0.1,True,False,False,6.244112549695429,3.5252329125157464,1.938237068047322
v3_sc1_staging_06,L4,2,13,0.1,False,False,False,nan,nan,nan
v3_sc1_staging_06,L4,2,14,0.1,True,False,False,7.918376618407357,3.5697051490249265,1.5402205763103165
v3_sc1_staging_06,L4,2,15,0.1,False,False,False,nan,nan,nan
v3_sc1_staging_06,L4,2,16,0.1,False,False,False,nan,nan,nan
v3_sc1_staging_06,L4,2,17,0.1,True,False,False,3.8591883092036783,4.134921790062914,1.8032585612562042
v3_sc1_staging_06,L4,2,18,0.1,False,False,False,nan,nan,nan
v3_sc1_staging_06,L4,2,19,0.1,True,False,False,5.5991378028648455,3.7573465914816007,1.8837994882120435
v3_sc1_staging_06,L4,2,0,0.2,True,False,False,3.717766952966369,4.746189093046495,2.0124689052802225
v3_sc1_staging_06,L4,2,1,0.2,False,False,False,nan,nan,nan
v3_sc1_staging_06,L4,2,2,0.2,True,False,False,5.490559159102155,3.524922359499622,0.8756816492197605
v3_sc1_staging_06,L4,2,3,0.2,True,False,False,3.381370849898476,4.500999900019995,1.7699118925632336
v3_sc1_staging_06,L4,2,4,0.2,False,False,False,nan,nan,nan
v3_sc1_staging_06,L4,2,5,0.2,False,False,False,nan,nan,nan
v3_sc1_staging_06,L4,2,6,0.2,True,False,False,3.1399494936611667,3.09339672176619,1.7360679774997898
v3_sc1_staging_06,L4,2,7,0.2,True,False,True,8.109797974644668,3.4503164430207365,1.6569654610122995
v3_sc1_staging_06,L4,2,8,0.2,True,False,False,3.1813708498984763,2.5220026472523154,1.9824383174612823
v3_sc1_staging_06,L4,2,9,0.2,True,False,True,7.385533905932744,3.6692325432865935,2.3460498941515415
v3_sc1_staging_06,L4,2,10,0.2,True,False,True,6.184062043356596,3.019232870953555,1.1224980739587953
v3_sc1_staging_06,L4,2,11,0.2,True,False,False,7.55269119345812,3.2312866413611268,0.6000000000000001
v3_sc1_staging_06,L4,2,12,0.2,True,False,False,6.244112549695429,3.5252329125157464,1.938237068047322
v3_sc1_staging_06,L4,2,13,0.2,False,False,False,nan,nan,nan
v3_sc1_staging_06,L4,2,14,0.2,True,False,False,7.918376618407357,3.5697051490249265,1.5402205763103165
v3_sc1_staging_06,L4,2,15,0.2,False,False,False,nan,nan,nan
v3_sc1_staging_06,L4,2,16,0.2,False,False,False,nan,nan,nan
v3_sc1_staging_06,L4,2,17,0.2,True,False,False,3.8591883092036783,4.134921790062914,1.8032585612562042
v3_sc1_staging_06,L4,2,18,0.2,False,False,False,nan,nan,nan
v3_sc1_staging_06,L4,2,19,0.2,True,False,False,5.5991378028648455,3.7573465914816007,1.8837994882120435
v3_sc1_staging_06,L4,2,0,0.3,True,False,False,3.717766952966369,4.746189093046495,2.0124689052802225
v3_sc1_staging_06,L4,2,1,0.3,False,False,False,nan,nan,nan
v3_sc1_staging_06,L4,2,2,0.3,True,False,False,5.490559159102155,3.524922359499622,0.8756816492197605
v3_sc1_staging_06,L4,2,3,0.3,True,False,False,3.381370849898476,4.500999900019995,1.7699118925632336
v3_sc1_staging_06,L4,2,4,0.3,False,False,False,nan,nan,nan
v3_sc1_staging_06,L4,2,5,0.3,False,False,False,nan,nan,nan
v3_sc1_staging_06,L4,2,6,0.3,True,False,False,3.1399494936611667,3.09339672176619,1.7360679774997898
v3_sc1_staging_06,L4,2,7,0.3,True,False,True,8.109797974644668,3.4503164430207365,1.6569654610122995
v3_sc1_staging_06,L4,2,8,0.3,True,False,False,3.1813708498984763,2.5220026472523154,1.9824383174612823
v3_sc1_staging_06,L4,2,9,0.3,True,False,True,7.385533905932744,3.6692325432865935,2.3460498941515415
v3_sc1_staging_06,L4,2,10,0.3,True,False,True,6.184062043356596,3.019232870953555,1.1224980739587953
v3_sc1_staging_06,L4,2,11,0.3,True,False,False,7.55269119345812,3.2312866413611268,0.6000000000000001
v3_sc1_staging_06,L4,2,12,0.3,True,False,False,6.244112549695429,3.5252329125157464,1.938237068047322
v3_sc1_staging_06,L4,2,13,0.3,False,False,False,nan,nan,nan
v3_sc1_staging_06,L4,2,14,0.3,True,False,False,7.918376618407357,3.5697051490249265,1.5402205763103165
v3_sc1_staging_06,L4,2,15,0.3,False,False,False,nan,nan,nan
v3_sc1_staging_06,L4,2,16,0.3,False,False,False,nan,nan,nan
v3_sc1_staging_06,L4,2,17,0.3,True,False,False,3.8591883092036783,4.134921790062914,1.8032585612562042
v3_sc1_staging_06,L4,2,18,0.3,False,False,False,nan,nan,nan
v3_sc1_staging_06,L4,2,19,0.3,True,False,False,5.5991378028648455,3.7573465914816007,1.8837994882120435
v3_sc1_staging_06,L4,2,0,0.4,True,False,False,3.717766952966369,4.746189093046495,2.0124689052802225
v3_sc1_staging_06,L4,2,1,0.4,False,False,False,nan,nan,nan
v3_sc1_staging_06,L4,2,2,0.4,True,False,False,5.490559159102155,3.524922359499622,0.8756816492197605
v3_sc1_staging_06,L4,2,3,0.4,True,False,False,3.381370849898476,4.500999900019995,1.7699118925632336
v3_sc1_staging_06,L4,2,4,0.4,False,False,False,nan,nan,nan
v3_sc1_staging_06,L4,2,5,0.4,False,False,False,nan,nan,nan
v3_sc1_staging_06,L4,2,6,0.4,True,False,False,3.1399494936611667,3.09339672176619,1.7360679774997898
v3_sc1_staging_06,L4,2,7,0.4,True,False,True,8.109797974644668,3.4503164430207365,1.6569654610122995
v3_sc1_staging_06,L4,2,8,0.4,True,False,False,3.1813708498984763,2.5220026472523154,1.9824383174612823
v3_sc1_staging_06,L4,2,9,0.4,True,False,True,7.385533905932744,3.6692325432865935,2.3460498941515415
v3_sc1_staging_06,L4,2,10,0.4,True,False,True,6.184062043356596,3.019232870953555,1.1224980739587953
v3_sc1_staging_06,L4,2,11,0.4,True,False,False,7.55269119345812,3.2312866413611268,0.6000000000000001
v3_sc1_staging_06,L4,2,12,0.4,True,False,False,6.244112549695429,3.5252329125157464,1.938237068047322
v3_sc1_staging_06,L4,2,13,0.4,False,False,False,nan,nan,nan
v3_sc1_staging_06,L4,2,14,0.4,True,False,False,7.918376618407357,3.5697051490249265,1.5402205763103165
v3_sc1_staging_06,L4,2,15,0.4,False,False,False,nan,nan,nan
v3_sc1_staging_06,L4,2,16,0.4,False,False,False,nan,nan,nan
v3_sc1_staging_06,L4,2,17,0.4,True,False,False,3.8591883092036783,4.134921790062914,1.8032585612562042
v3_sc1_staging_06,L4,2,18,0.4,False,False,False,nan,nan,nan
v3_sc1_staging_06,L4,2,19,0.4,True,False,False,5.5991378028648455,3.7573465914816007,1.8837994882120435
v3_sc1_staging_06,L4,2,0,0.5,True,False,False,3.717766952966369,4.746189093046495,2.0124689052802225
v3_sc1_staging_06,L4,2,1,0.5,False,False,False,nan,nan,nan
v3_sc1_staging_06,L4,2,2,0.5,True,False,False,5.490559159102155,3.524922359499622,0.8756816492197605
v3_sc1_staging_06,L4,2,3,0.5,True,False,False,3.381370849898476,4.500999900019995,1.7699118925632336
v3_sc1_staging_06,L4,2,4,0.5,False,False,False,nan,nan,nan
v3_sc1_staging_06,L4,2,5,0.5,False,False,False,nan,nan,nan
v3_sc1_staging_06,L4,2,6,0.5,True,False,False,3.1399494936611667,3.09339672176619,1.7360679774997898
v3_sc1_staging_06,L4,2,7,0.5,True,False,True,8.109797974644668,3.4503164430207365,1.6569654610122995
v3_sc1_staging_06,L4,2,8,0.5,True,False,False,3.1813708498984763,2.5220026472523154,1.9824383174612823
v3_sc1_staging_06,L4,2,9,0.5,True,False,True,7.385533905932744,3.6692325432865935,2.3460498941515415
v3_sc1_staging_06,L4,2,10,0.5,True,False,True,6.184062043356596,3.019232870953555,1.1224980739587953
v3_sc1_staging_06,L4,2,11,0.5,True,False,False,7.55269119345812,3.2312866413611268,0.6000000000000001
v3_sc1_staging_06,L4,2,12,0.5,True,False,False,6.244112549695429,3.5252329125157464,1.938237068047322
v3_sc1_staging_06,L4,2,13,0.5,False,False,False,nan,nan,nan
v3_sc1_staging_06,L4,2,14,0.5,True,False,False,7.918376618407357,3.5697051490249265,1.5402205763103165
v3_sc1_staging_06,L4,2,15,0.5,False,False,False,nan,nan,nan
v3_sc1_staging_06,L4,2,16,0.5,False,False,False,nan,nan,nan
v3_sc1_staging_06,L4,2,17,0.5,True,False,False,3.8591883092036783,4.134921790062914,1.8032585612562042
v3_sc1_staging_06,L4,2,18,0.5,False,False,False,nan,nan,nan
v3_sc1_staging_06,L4,2,19,0.5,True,False,False,5.5991378028648455,3.7573465914816007,1.8837994882120435
v3_sc1_staging_06,L4,2,0,0.6,True,False,False,3.717766952966369,4.746189093046495,2.0124689052802225
v3_sc1_staging_06,L4,2,1,0.6,False,False,False,nan,nan,nan
v3_sc1_staging_06,L4,2,2,0.6,True,False,False,5.490559159102155,3.524922359499622,0.8756816492197605
v3_sc1_staging_06,L4,2,3,0.6,True,False,False,3.381370849898476,4.500999900019995,1.7699118925632336
v3_sc1_staging_06,L4,2,4,0.6,False,False,False,nan,nan,nan
v3_sc1_staging_06,L4,2,5,0.6,False,False,False,nan,nan,nan
v3_sc1_staging_06,L4,2,6,0.6,True,False,False,3.1399494936611667,3.09339672176619,1.7360679774997898
v3_sc1_staging_06,L4,2,7,0.6,True,False,True,8.109797974644668,3.4503164430207365,1.6569654610122995
v3_sc1_staging_06,L4,2,8,0.6,True,False,False,3.1813708498984763,2.5220026472523154,1.9824383174612823
v3_sc1_staging_06,L4,2,9,0.6,True,False,True,7.385533905932744,3.6692325432865935,2.3460498941515415
v3_sc1_staging_06,L4,2,10,0.6,True,False,True,6.184062043356596,3.019232870953555,1.1224980739587953
v3_sc1_staging_06,L4,2,11,0.6,False,False,False,nan,nan,nan
v3_sc1_staging_06,L4,2,12,0.6,True,False,False,6.244112549695429,3.5252329125157464,1.938237068047322
v3_sc1_staging_06,L4,2,13,0.6,False,False,False,nan,nan,nan
v3_sc1_staging_06,L4,2,14,0.6,True,False,False,7.918376618407357,3.5697051490249265,1.5402205763103165
v3_sc1_staging_06,L4,2,15,0.6,False,False,False,nan,nan,nan
v3_sc1_staging_06,L4,2,16,0.6,False,False,False,nan,nan,nan
v3_sc1_staging_06,L4,2,17,0.6,True,False,False,3.8591883092036783,4.134921790062914,1.8032585612562042
v3_sc1_staging_06,L4,2,18,0.6,False,False,False,nan,nan,nan
v3_sc1_staging_06,L4,2,19,0.6,True,False,False,5.5991378028648455,3.7573465914816007,1.8837994882120435
v3_sc1_staging_06,L4,2,0,0.8,True,False,False,3.717766952966369,4.746189093046495,2.0124689052802225
v3_sc1_staging_06,L4,2,1,0.8,False,False,False,nan,nan,nan
v3_sc1_staging_06,L4,2,2,0.8,True,False,False,5.490559159102155,3.524922359499622,0.8756816492197605
v3_sc1_staging_06,L4,2,3,0.8,True,False,False,3.381370849898476,4.500999900019995,1.7699118925632336
v3_sc1_staging_06,L4,2,4,0.8,False,False,False,nan,nan,nan
v3_sc1_staging_06,L4,2,5,0.8,False,False,False,nan,nan,nan
v3_sc1_staging_06,L4,2,6,0.8,True,False,False,3.1399494936611667,3.09339672176619,1.7360679774997898
v3_sc1_staging_06,L4,2,7,0.8,True,False,True,8.109797974644668,3.4503164430207365,1.6569654610122995
v3_sc1_staging_06,L4,2,8,0.8,True,False,False,3.1813708498984763,2.5220026472523154,1.9824383174612823
v3_sc1_staging_06,L4,2,9,0.8,True,False,True,7.385533905932744,3.6692325432865935,2.3460498941515415
v3_sc1_staging_06,L4,2,10,0.8,True,False,True,6.184062043356596,3.019232870953555,1.1224980739587953
v3_sc1_staging_06,L4,2,11,0.8,False,False,False,nan,nan,nan
v3_sc1_staging_06,L4,2,12,0.8,True,False,False,6.244112549695429,3.5252329125157464,1.938237068047322
v3_sc1_staging_06,L4,2,13,0.8,False,False,False,nan,nan,nan
v3_sc1_staging_06,L4,2,14,0.8,True,False,False,7.918376618407357,3.5697051490249265,1.5402205763103165
v3_sc1_staging_06,L4,2,15,0.8,False,False,False,nan,nan,nan
v3_sc1_staging_06,L4,2,16,0.8,False,False,False,nan,nan,nan
v3_sc1_staging_06,L4,2,17,0.8,True,False,False,3.8591883092036783,4.134921790062914,1.8032585612562042
v3_sc1_staging_06,L4,2,18,0.8,False,False,False,nan,nan,nan
v3_sc1_staging_06,L4,2,19,0.8,True,False,False,5.5991378028648455,3.7573465914816007,1.8837994882120435
v3_sc1_staging_06,L4,2,0,1.0,True,False,False,3.717766952966369,4.746189093046495,2.0124689052802225
v3_sc1_staging_06,L4,2,1,1.0,False,False,False,nan,nan,nan
v3_sc1_staging_06,L4,2,2,1.0,False,False,False,nan,nan,nan
v3_sc1_staging_06,L4,2,3,1.0,True,False,False,3.381370849898476,4.500999900019995,1.7699118925632336
v3_sc1_staging_06,L4,2,4,1.0,False,False,False,nan,nan,nan
v3_sc1_staging_06,L4,2,5,1.0,False,False,False,nan,nan,nan
v3_sc1_staging_06,L4,2,6,1.0,True,False,False,3.1399494936611667,3.09339672176619,1.7360679774997898
v3_sc1_staging_06,L4,2,7,1.0,True,False,True,8.109797974644668,3.4503164430207365,1.6569654610122995
v3_sc1_staging_06,L4,2,8,1.0,True,False,False,3.1813708498984763,2.5220026472523154,1.9824383174612823
v3_sc1_staging_06,L4,2,9,1.0,True,False,True,7.385533905932744,3.6692325432865935,2.3460498941515415
v3_sc1_staging_06,L4,2,10,1.0,True,False,True,6.184062043356596,3.019232870953555,1.1224980739587953
v3_sc1_staging_06,L4,2,11,1.0,False,False,False,nan,nan,nan
v3_sc1_staging_06,L4,2,12,1.0,True,False,False,6.244112549695429,3.5252329125157464,1.938237068047322
v3_sc1_staging_06,L4,2,13,1.0,False,False,False,nan,nan,nan
v3_sc1_staging_06,L4,2,14,1.0,True,False,False,7.918376618407357,3.5697051490249265,1.5402205763103165
v3_sc1_staging_06,L4,2,15,1.0,False,False,False,nan,nan,nan
v3_sc1_staging_06,L4,2,16,1.0,False,False,False,nan,nan,nan
v3_sc1_staging_06,L4,2,17,1.0,True,False,False,3.8591883092036783,4.134921790062914,1.8032585612562042
v3_sc1_staging_06,L4,2,18,1.0,False,False,False,nan,nan,nan
v3_sc1_staging_06,L4,2,19,1.0,True,False,False,5.5991378028648455,3.7573465914816007,1.8837994882120435
v3_sc1_staging_06,L4,2,0,1.25,True,False,False,3.717766952966369,4.746189093046495,2.0124689052802225
v3_sc1_staging_06,L4,2,1,1.25,False,False,False,nan,nan,nan
v3_sc1_staging_06,L4,2,2,1.25,False,False,False,nan,nan,nan
v3_sc1_staging_06,L4,2,3,1.25,True,False,False,3.381370849898476,4.500999900019995,1.7699118925632336
v3_sc1_staging_06,L4,2,4,1.25,False,False,False,nan,nan,nan
v3_sc1_staging_06,L4,2,5,1.25,False,False,False,nan,nan,nan
v3_sc1_staging_06,L4,2,6,1.25,True,False,False,3.1399494936611667,3.09339672176619,1.7360679774997898
v3_sc1_staging_06,L4,2,7,1.25,True,False,True,8.109797974644668,3.4503164430207365,1.6569654610122995
v3_sc1_staging_06,L4,2,8,1.25,True,False,False,3.1813708498984763,2.5220026472523154,1.9824383174612823
v3_sc1_staging_06,L4,2,9,1.25,True,False,True,7.385533905932744,3.6692325432865935,2.3460498941515415
v3_sc1_staging_06,L4,2,10,1.25,True,False,True,6.184062043356596,3.019232870953555,1.2613914953808536
v3_sc1_staging_06,L4,2,11,1.25,False,False,False,nan,nan,nan
v3_sc1_staging_06,L4,2,12,1.25,True,False,False,6.244112549695429,3.5252329125157464,1.938237068047322
v3_sc1_staging_06,L4,2,13,1.25,False,False,False,nan,nan,nan
v3_sc1_staging_06,L4,2,14,1.25,True,False,False,7.918376618407357,3.5697051490249265,1.5402205763103165
v3_sc1_staging_06,L4,2,15,1.25,False,False,False,nan,nan,nan
v3_sc1_staging_06,L4,2,16,1.25,False,False,False,nan,nan,nan
v3_sc1_staging_06,L4,2,17,1.25,True,False,False,3.8591883092036783,4.134921790062914,1.8032585612562042
v3_sc1_staging_06,L4,2,18,1.25,False,False,False,nan,nan,nan
v3_sc1_staging_06,L4,2,19,1.25,True,False,False,5.5991378028648455,3.7573465914816007,1.8837994882120435
v3_sc1_staging_06,L4,2,0,1.5,True,False,False,3.717766952966369,4.746189093046495,2.0124689052802225
v3_sc1_staging_06,L4,2,1,1.5,False,False,False,nan,nan,nan
v3_sc1_staging_06,L4,2,2,1.5,False,False,False,nan,nan,nan
v3_sc1_staging_06,L4,2,3,1.5,True,False,False,3.381370849898476,4.500999900019995,1.7699118925632336
v3_sc1_staging_06,L4,2,4,1.5,False,False,False,nan,nan,nan
v3_sc1_staging_06,L4,2,5,1.5,False,False,False,nan,nan,nan
v3_sc1_staging_06,L4,2,6,1.5,True,False,False,3.1399494936611667,3.09339672176619,1.7360679774997898
v3_sc1_staging_06,L4,2,7,1.5,True,False,True,8.109797974644668,3.4503164430207365,1.6569654610122995
v3_sc1_staging_06,L4,2,8,1.5,True,False,False,3.1813708498984763,2.5220026472523154,1.9824383174612823
v3_sc1_staging_06,L4,2,9,1.5,True,False,True,7.385533905932744,3.6692325432865935,2.3460498941515415
v3_sc1_staging_06,L4,2,10,1.5,True,False,True,6.184062043356596,3.019232870953555,1.5081085628023203
v3_sc1_staging_06,L4,2,11,1.5,False,False,False,nan,nan,nan
v3_sc1_staging_06,L4,2,12,1.5,True,False,False,6.244112549695429,3.5252329125157464,1.938237068047322
v3_sc1_staging_06,L4,2,13,1.5,False,False,False,nan,nan,nan
v3_sc1_staging_06,L4,2,14,1.5,True,False,False,7.918376618407357,3.5697051490249265,1.5402205763103165
v3_sc1_staging_06,L4,2,15,1.5,False,False,False,nan,nan,nan
v3_sc1_staging_06,L4,2,16,1.5,False,False,False,nan,nan,nan
v3_sc1_staging_06,L4,2,17,1.5,True,False,False,3.8591883092036783,4.134921790062914,1.8032585612562042
v3_sc1_staging_06,L4,2,18,1.5,False,False,False,nan,nan,nan
v3_sc1_staging_06,L4,2,19,1.5,True,False,False,5.5991378028648455,3.7573465914816007,1.8837994882120435
v3_sc1_staging_06,L4,2,0,2.0,True,False,False,3.717766952966369,4.746189093046495,2.0124689052802225
v3_sc1_staging_06,L4,2,1,2.0,False,False,False,nan,nan,nan
v3_sc1_staging_06,L4,2,2,2.0,False,False,False,nan,nan,nan
v3_sc1_staging_06,L4,2,3,2.0,True,False,False,3.44350288425444,4.500999900019995,2.0004999500099974
v3_sc1_staging_06,L4,2,4,2.0,False,False,False,nan,nan,nan
v3_sc1_staging_06,L4,2,5,2.0,False,False,False,nan,nan,nan
v3_sc1_staging_06,L4,2,6,2.0,False,False,False,nan,nan,nan
v3_sc1_staging_06,L4,2,7,2.0,False,False,False,nan,nan,nan
v3_sc1_staging_06,L4,2,8,2.0,True,False,False,3.1813708498984763,2.5220026472523154,2.0932604959779884
v3_sc1_staging_06,L4,2,9,2.0,True,False,True,7.385533905932744,3.6692325432865935,2.3460498941515415
v3_sc1_staging_06,L4,2,10,2.0,True,False,True,6.379036790187179,2.8526109228480423,2.0004999500099974
v3_sc1_staging_06,L4,2,11,2.0,False,False,False,nan,nan,nan
v3_sc1_staging_06,L4,2,12,2.0,False,False,False,nan,nan,nan
v3_sc1_staging_06,L4,2,13,2.0,False,False,False,nan,nan,nan
v3_sc1_staging_06,L4,2,14,2.0,False,False,False,nan,nan,nan
v3_sc1_staging_06,L4,2,15,2.0,False,False,False,nan,nan,nan
v3_sc1_staging_06,L4,2,16,2.0,False,False,False,nan,nan,nan
v3_sc1_staging_06,L4,2,17,2.0,False,False,False,nan,nan,nan
v3_sc1_staging_06,L4,2,18,2.0,False,False,False,nan,nan,nan
v3_sc1_staging_06,L4,2,19,2.0,True,False,False,5.5991378028648455,3.7573465914816007,2.1476404589747453
v3_sc1_staging_06,L4,3,0,0.0,True,False,False,3.6985281374238568,4.666236541235796,2.3151376520518494
v3_sc1_staging_06,L4,3,1,0.0,False,False,False,nan,nan,nan
v3_sc1_staging_06,L4,3,2,0.0,True,False,False,5.66126983722081,3.693149174546501,1.2414074767268
v3_sc1_staging_06,L4,3,3,0.0,False,False,False,nan,nan,nan
v3_sc1_staging_06,L4,3,4,0.0,False,False,False,nan,nan,nan
v3_sc1_staging_06,L4,3,5,0.0,False,False,False,nan,nan,nan
v3_sc1_staging_06,L4,3,6,0.0,True,False,False,2.95,3.4080046059338267,2.1100766272276377
v3_sc1_staging_06,L4,3,7,0.0,False,False,False,nan,nan,nan
v3_sc1_staging_06,L4,3,8,0.0,True,False,False,3.1420310216782976,3.020298282816387,2.151886121235224
v3_sc1_staging_06,L4,3,9,0.0,False,False,False,nan,nan,nan
v3_sc1_staging_06,L4,3,10,0.0,True,False,False,6.066904755831215,3.4373214245220063,1.9397745797511705
v3_sc1_staging_06,L4,3,11,0.0,True,False,True,7.379036790187181,3.3013155617496426,0.8901438774457846
v3_sc1_staging_06,L4,3,12,0.0,True,False,True,6.613351365237941,3.7746344872983,2.1196373794859475
v3_sc1_staging_06,L4,3,13,0.0,False,False,False,nan,nan,nan
v3_sc1_staging_06,L4,3,14,0.0,False,False,False,nan,nan,nan
v3_sc1_staging_06,L4,3,15,0.0,False,False,False,nan,nan,nan
v3_sc1_staging_06,L4,3,16,0.0,False,False,False,nan,nan,nan
v3_sc1_staging_06,L4,3,17,0.0,True,False,False,3.6642135623730954,4.532891812864648,1.9041630560342617
v3_sc1_staging_06,L4,3,18,0.0,False,False,False,nan,nan,nan
v3_sc1_staging_06,L4,3,19,0.0,False,False,False,nan,nan,nan
v3_sc1_staging_06,L4,3,0,0.1,True,False,False,3.6985281374238568,4.666236541235796,2.3151376520518494
v3_sc1_staging_06,L4,3,1,0.1,False,False,False,nan,nan,nan
v3_sc1_staging_06,L4,3,2,0.1,True,False,False,5.66126983722081,3.693149174546501,1.2414074767268
v3_sc1_staging_06,L4,3,3,0.1,False,False,False,nan,nan,nan
v3_sc1_staging_06,L4,3,4,0.1,False,False,False,nan,nan,nan
v3_sc1_staging_06,L4,3,5,0.1,False,False,False,nan,nan,nan
v3_sc1_staging_06,L4,3,6,0.1,True,False,False,2.95,3.4080046059338267,2.1100766272276377
v3_sc1_staging_06,L4,3,7,0.1,False,False,False,nan,nan,nan
v3_sc1_staging_06,L4,3,8,0.1,True,False,False,3.1420310216782976,3.020298282816387,2.151886121235224
v3_sc1_staging_06,L4,3,9,0.1,False,False,False,nan,nan,nan
v3_sc1_staging_06,L4,3,10,0.1,True,False,False,6.066904755831215,3.4373214245220063,1.9397745797511705
v3_sc1_staging_06,L4,3,11,0.1,True,False,True,7.379036790187181,3.3013155617496426,0.8901438774457846
v3_sc1_staging_06,L4,3,12,0.1,True,False,True,6.613351365237941,3.7746344872983,2.1196373794859475
v3_sc1_staging_06,L4,3,13,0.1,False,False,False,nan,nan,nan
v3_sc1_staging_06,L4,3,14,0.1,False,False,False,nan,nan,nan
v3_sc1_staging_06,L4,3,15,0.1,False,False,False,nan,nan,nan
v3_sc1_staging_06,L4,3,16,0.1,False,False,False,nan,nan,nan
v3_sc1_staging_06,L4,3,17,0.1,True,False,False,3.6642135623730954,4.532891812864648,1.9041630560342617
v3_sc1_staging_06,L4,3,18,0.1,False,False,False,nan,nan,nan
v3_sc1_staging_06,L4,3,19,0.1,False,False,False,nan,nan,nan
v3_sc1_staging_06,L4,3,0,0.2,True,False,False,3.6985281374238568,4.666236541235796,2.3151376520518494
v3_sc1_staging_06,L4,3,1,0.2,False,False,False,nan,nan,nan
v3_sc1_staging_06,L4,3,2,0.2,True,False,False,5.66126983722081,3.693149174546501,1.2414074767268
v3_sc1_staging_06,L4,3,3,0.2,False,False,False,nan,nan,nan
v3_sc1_staging_06,L4,3,4,0.2,False,False,False,nan,nan,nan
v3_sc1_staging_06,L4,3,5,0.2,False,False,False,nan,nan,nan
v3_sc1_staging_06,L4,3,6,0.2,True,False,False,2.95,3.4080046059338267,2.1100766272276377
v3_sc1_staging_06,L4,3,7,0.2,False,False,False,nan,nan,nan
v3_sc1_staging_06,L4,3,8,0.2,True,False,False,3.1420310216782976,3.020298282816387,2.151886121235224
v3_sc1_staging_06,L4,3,9,0.2,False,False,False,nan,nan,nan
v3_sc1_staging_06,L4,3,10,0.2,True,False,False,6.066904755831215,3.4373214245220063,1.9397745797511705
v3_sc1_staging_06,L4,3,11,0.2,True,False,True,7.379036790187181,3.3013155617496426,0.8901438774457846
v3_sc1_staging_06,L4,3,12,0.2,True,False,True,6.613351365237941,3.7746344872983,2.1196373794859475
v3_sc1_staging_06,L4,3,13,0.2,False,False,False,nan,nan,nan
v3_sc1_staging_06,L4,3,14,0.2,False,False,False,nan,nan,nan
v3_sc1_staging_06,L4,3,15,0.2,False,False,False,nan,nan,nan
v3_sc1_staging_06,L4,3,16,0.2,False,False,False,nan,nan,nan
v3_sc1_staging_06,L4,3,17,0.2,True,False,False,3.6642135623730954,4.532891812864648,1.9041630560342617
v3_sc1_staging_06,L4,3,18,0.2,False,False,False,nan,nan,nan
v3_sc1_staging_06,L4,3,19,0.2,False,False,False,nan,nan,nan
v3_sc1_staging_06,L4,3,0,0.3,True,False,False,3.6985281374238568,4.666236541235796,2.3151376520518494
v3_sc1_staging_06,L4,3,1,0.3,False,False,False,nan,nan,nan
v3_sc1_staging_06,L4,3,2,0.3,True,False,False,5.66126983722081,3.693149174546501,1.2414074767268
v3_sc1_staging_06,L4,3,3,0.3,False,False,False,nan,nan,nan
v3_sc1_staging_06,L4,3,4,0.3,False,False,False,nan,nan,nan
v3_sc1_staging_06,L4,3,5,0.3,False,False,False,nan,nan,nan
v3_sc1_staging_06,L4,3,6,0.3,True,False,False,2.95,3.4080046059338267,2.1100766272276377
v3_sc1_staging_06,L4,3,7,0.3,False,False,False,nan,nan,nan
v3_sc1_staging_06,L4,3,8,0.3,True,False,False,3.1420310216782976,3.020298282816387,2.151886121235224
v3_sc1_staging_06,L4,3,9,0.3,False,False,False,nan,nan,nan
v3_sc1_staging_06,L4,3,10,0.3,True,False,False,6.066904755831215,3.4373214245220063,1.9397745797511705
v3_sc1_staging_06,L4,3,11,0.3,True,False,True,7.379036790187181,3.3013155617496426,0.8901438774457846
v3_sc1_staging_06,L4,3,12,0.3,True,False,True,6.613351365237941,3.7746344872983,2.1196373794859475
v3_sc1_staging_06,L4,3,13,0.3,False,False,False,nan,nan,nan
v3_sc1_staging_06,L4,3,14,0.3,False,False,False,nan,nan,nan
v3_sc1_staging_06,L4,3,15,0.3,False,False,False,nan,nan,nan
v3_sc1_staging_06,L4,3,16,0.3,False,False,False,nan,nan,nan
v3_sc1_staging_06,L4,3,17,0.3,True,False,False,3.6642135623730954,4.532891812864648,1.9041630560342617
v3_sc1_staging_06,L4,3,18,0.3,False,False,False,nan,nan,nan
v3_sc1_staging_06,L4,3,19,0.3,False,False,False,nan,nan,nan
v3_sc1_staging_06,L4,3,0,0.4,True,False,False,3.6985281374238568,4.666236541235796,2.3151376520518494
v3_sc1_staging_06,L4,3,1,0.4,False,False,False,nan,nan,nan
v3_sc1_staging_06,L4,3,2,0.4,True,False,False,5.66126983722081,3.693149174546501,1.2414074767268
v3_sc1_staging_06,L4,3,3,0.4,False,False,False,nan,nan,nan
v3_sc1_staging_06,L4,3,4,0.4,False,False,False,nan,nan,nan
v3_sc1_staging_06,L4,3,5,0.4,False,False,False,nan,nan,nan
v3_sc1_staging_06,L4,3,6,0.4,True,False,False,2.95,3.4080046059338267,2.1100766272276377
v3_sc1_staging_06,L4,3,7,0.4,False,False,False,nan,nan,nan
v3_sc1_staging_06,L4,3,8,0.4,True,False,False,3.1420310216782976,3.020298282816387,2.151886121235224
v3_sc1_staging_06,L4,3,9,0.4,False,False,False,nan,nan,nan
v3_sc1_staging_06,L4,3,10,0.4,True,False,False,6.066904755831215,3.4373214245220063,1.9397745797511705
v3_sc1_staging_06,L4,3,11,0.4,True,False,True,7.379036790187181,3.3013155617496426,0.8901438774457846
v3_sc1_staging_06,L4,3,12,0.4,True,False,True,6.613351365237941,3.7746344872983,2.1196373794859475
v3_sc1_staging_06,L4,3,13,0.4,False,False,False,nan,nan,nan
v3_sc1_staging_06,L4,3,14,0.4,False,False,False,nan,nan,nan
v3_sc1_staging_06,L4,3,15,0.4,False,False,False,nan,nan,nan
v3_sc1_staging_06,L4,3,16,0.4,False,False,False,nan,nan,nan
v3_sc1_staging_06,L4,3,17,0.4,True,False,False,3.6642135623730954,4.532891812864648,1.9041630560342617
v3_sc1_staging_06,L4,3,18,0.4,False,False,False,nan,nan,nan
v3_sc1_staging_06,L4,3,19,0.4,False,False,False,nan,nan,nan
v3_sc1_staging_06,L4,3,0,0.5,True,False,False,3.6985281374238568,4.666236541235796,2.3151376520518494
v3_sc1_staging_06,L4,3,1,0.5,False,False,False,nan,nan,nan
v3_sc1_staging_06,L4,3,2,0.5,True,False,False,5.66126983722081,3.693149174546501,1.2414074767268
v3_sc1_staging_06,L4,3,3,0.5,False,False,False,nan,nan,nan
v3_sc1_staging_06,L4,3,4,0.5,False,False,False,nan,nan,nan
v3_sc1_staging_06,L4,3,5,0.5,False,False,False,nan,nan,nan
v3_sc1_staging_06,L4,3,6,0.5,True,False,False,2.95,3.4080046059338267,2.1100766272276377
v3_sc1_staging_06,L4,3,7,0.5,False,False,False,nan,nan,nan
v3_sc1_staging_06,L4,3,8,0.5,True,False,False,3.1420310216782976,3.020298282816387,2.151886121235224
v3_sc1_staging_06,L4,3,9,0.5,False,False,False,nan,nan,nan
v3_sc1_staging_06,L4,3,10,0.5,True,False,False,6.066904755831215,3.4373214245220063,1.9397745797511705
v3_sc1_staging_06,L4,3,11,0.5,True,False,True,7.379036790187181,3.3013155617496426,0.8901438774457846
v3_sc1_staging_06,L4,3,12,0.5,True,False,True,6.613351365237941,3.7746344872983,2.1196373794859475
v3_sc1_staging_06,L4,3,13,0.5,False,False,False,nan,nan,nan
v3_sc1_staging_06,L4,3,14,0.5,False,False,False,nan,nan,nan
v3_sc1_staging_06,L4,3,15,0.5,False,False,False,nan,nan,nan
v3_sc1_staging_06,L4,3,16,0.5,False,False,False,nan,nan,nan
v3_sc1_staging_06,L4,3,17,0.5,True,False,False,3.6642135623730954,4.532891812864648,1.9041630560342617
v3_sc1_staging_06,L4,3,18,0.5,False,False,False,nan,nan,nan
v3_sc1_staging_06,L4,3,19,0.5,False,False,False,nan,nan,nan
v3_sc1_staging_06,L4,3,0,0.6,True,False,False,3.6985281374238568,4.666236541235796,2.3151376520518494
v3_sc1_staging_06,L4,3,1,0.6,False,False,False,nan,nan,nan
v3_sc1_staging_06,L4,3,2,0.6,True,False,False,5.66126983722081,3.693149174546501,1.2414074767268
v3_sc1_staging_06,L4,3,3,0.6,False,False,False,nan,nan,nan
v3_sc1_staging_06,L4,3,4,0.6,False,False,False,nan,nan,nan
v3_sc1_staging_06,L4,3,5,0.6,False,False,False,nan,nan,nan
v3_sc1_staging_06,L4,3,6,0.6,True,False,False,2.95,3.4080046059338267,2.1100766272276377
v3_sc1_staging_06,L4,3,7,0.6,False,False,False,nan,nan,nan
v3_sc1_staging_06,L4,3,8,0.6,True,False,False,3.1420310216782976,3.020298282816387,2.151886121235224
v3_sc1_staging_06,L4,3,9,0.6,False,False,False,nan,nan,nan
v3_sc1_staging_06,L4,3,10,0.6,True,False,False,6.066904755831215,3.4373214245220063,1.9397745797511705
v3_sc1_staging_06,L4,3,11,0.6,True,False,True,7.379036790187181,3.3013155617496426,0.8901438774457846
v3_sc1_staging_06,L4,3,12,0.6,True,False,True,6.613351365237941,3.7746344872983,2.1196373794859475
v3_sc1_staging_06,L4,3,13,0.6,False,False,False,nan,nan,nan
v3_sc1_staging_06,L4,3,14,0.6,False,False,False,nan,nan,nan
v3_sc1_staging_06,L4,3,15,0.6,False,False,False,nan,nan,nan
v3_sc1_staging_06,L4,3,16,0.6,False,False,False,nan,nan,nan
v3_sc1_staging_06,L4,3,17,0.6,True,False,False,3.6642135623730954,4.532891812864648,1.9041630560342617
v3_sc1_staging_06,L4,3,18,0.6,False,False,False,nan,nan,nan
v3_sc1_staging_06,L4,3,19,0.6,False,False,False,nan,nan,nan
v3_sc1_staging_06,L4,3,0,0.8,True,False,False,3.6985281374238568,4.666236541235796,2.3151376520518494
v3_sc1_staging_06,L4,3,1,0.8,False,False,False,nan,nan,nan
v3_sc1_staging_06,L4,3,2,0.8,True,False,False,5.66126983722081,3.693149174546501,1.2414074767268
v3_sc1_staging_06,L4,3,3,0.8,False,False,False,nan,nan,nan
v3_sc1_staging_06,L4,3,4,0.8,False,False,False,nan,nan,nan
v3_sc1_staging_06,L4,3,5,0.8,False,False,False,nan,nan,nan
v3_sc1_staging_06,L4,3,6,0.8,True,False,False,2.95,3.4080046059338267,2.1100766272276377
v3_sc1_staging_06,L4,3,7,0.8,False,False,False,nan,nan,nan
v3_sc1_staging_06,L4,3,8,0.8,True,False,False,3.1420310216782976,3.020298282816387,2.151886121235224
v3_sc1_staging_06,L4,3,9,0.8,False,False,False,nan,nan,nan
v3_sc1_staging_06,L4,3,10,0.8,True,False,False,6.066904755831215,3.4373214245220063,1.9397745797511705
v3_sc1_staging_06,L4,3,11,0.8,True,False,True,7.379036790187181,3.3013155617496426,0.8901438774457846
v3_sc1_staging_06,L4,3,12,0.8,True,False,True,6.613351365237941,3.7746344872983,2.1196373794859475
v3_sc1_staging_06,L4,3,13,0.8,False,False,False,nan,nan,nan
v3_sc1_staging_06,L4,3,14,0.8,False,False,False,nan,nan,nan
v3_sc1_staging_06,L4,3,15,0.8,False,False,False,nan,nan,nan
v3_sc1_staging_06,L4,3,16,0.8,False,False,False,nan,nan,nan
v3_sc1_staging_06,L4,3,17,0.8,True,False,False,3.6642135623730954,4.532891812864648,1.9041630560342617
v3_sc1_staging_06,L4,3,18,0.8,False,False,False,nan,nan,nan
v3_sc1_staging_06,L4,3,19,0.8,False,False,False,nan,nan,nan
v3_sc1_staging_06,L4,3,0,1.0,True,False,False,3.6985281374238568,4.666236541235796,2.3151376520518494
v3_sc1_staging_06,L4,3,1,1.0,False,False,False,nan,nan,nan
v3_sc1_staging_06,L4,3,2,1.0,True,False,False,5.66126983722081,3.693149174546501,1.2414074767268
v3_sc1_staging_06,L4,3,3,1.0,False,False,False,nan,nan,nan
v3_sc1_staging_06,L4,3,4,1.0,False,False,False,nan,nan,nan
v3_sc1_staging_06,L4,3,5,1.0,False,False,False,nan,nan,nan
v3_sc1_staging_06,L4,3,6,1.0,True,False,False,2.95,3.4080046059338267,2.1100766272276377
v3_sc1_staging_06,L4,3,7,1.0,False,False,False,nan,nan,nan
v3_sc1_staging_06,L4,3,8,1.0,True,False,False,3.1420310216782976,3.020298282816387,2.151886121235224
v3_sc1_staging_06,L4,3,9,1.0,False,False,False,nan,nan,nan
v3_sc1_staging_06,L4,3,10,1.0,True,False,False,6.066904755831215,3.4373214245220063,1.9397745797511705
v3_sc1_staging_06,L4,3,11,1.0,False,False,False,nan,nan,nan
v3_sc1_staging_06,L4,3,12,1.0,True,False,True,6.613351365237941,3.7746344872983,2.1196373794859475
v3_sc1_staging_06,L4,3,13,1.0,False,False,False,nan,nan,nan
v3_sc1_staging_06,L4,3,14,1.0,False,False,False,nan,nan,nan
v3_sc1_staging_06,L4,3,15,1.0,False,False,False,nan,nan,nan
v3_sc1_staging_06,L4,3,16,1.0,False,False,False,nan,nan,nan
v3_sc1_staging_06,L4,3,17,1.0,True,False,False,3.6642135623730954,4.532891812864648,1.9041630560342617
v3_sc1_staging_06,L4,3,18,1.0,False,False,False,nan,nan,nan
v3_sc1_staging_06,L4,3,19,1.0,False,False,False,nan,nan,nan
v3_sc1_staging_06,L4,3,0,1.25,True,False,False,3.6985281374238568,4.666236541235796,2.3151376520518494
v3_sc1_staging_06,L4,3,1,1.25,False,False,False,nan,nan,nan
v3_sc1_staging_06,L4,3,2,1.25,False,False,False,nan,nan,nan
v3_sc1_staging_06,L4,3,3,1.25,False,False,False,nan,nan,nan
v3_sc1_staging_06,L4,3,4,1.25,False,False,False,nan,nan,nan
v3_sc1_staging_06,L4,3,5,1.25,False,False,False,nan,nan,nan
v3_sc1_staging_06,L4,3,6,1.25,True,False,False,2.95,3.4080046059338267,2.1100766272276377
v3_sc1_staging_06,L4,3,7,1.25,False,False,False,nan,nan,nan
v3_sc1_staging_06,L4,3,8,1.25,True,False,False,3.1420310216782976,3.020298282816387,2.151886121235224
v3_sc1_staging_06,L4,3,9,1.25,False,False,False,nan,nan,nan
v3_sc1_staging_06,L4,3,10,1.25,True,False,False,6.066904755831215,3.4373214245220063,1.9397745797511705
v3_sc1_staging_06,L4,3,11,1.25,False,False,False,nan,nan,nan
v3_sc1_staging_06,L4,3,12,1.25,True,False,True,6.613351365237941,3.7746344872983,2.1196373794859475
v3_sc1_staging_06,L4,3,13,1.25,False,False,False,nan,nan,nan
v3_sc1_staging_06,L4,3,14,1.25,False,False,False,nan,nan,nan
v3_sc1_staging_06,L4,3,15,1.25,False,False,False,nan,nan,nan
v3_sc1_staging_06,L4,3,16,1.25,False,False,False,nan,nan,nan
v3_sc1_staging_06,L4,3,17,1.25,True,False,False,3.6642135623730954,4.532891812864648,1.9041630560342617
v3_sc1_staging_06,L4,3,18,1.25,False,False,False,nan,nan,nan
v3_sc1_staging_06,L4,3,19,1.25,False,False,False,nan,nan,nan
v3_sc1_staging_06,L4,3,0,1.5,True,False,False,3.6985281374238568,4.666236541235796,2.3151376520518494
v3_sc1_staging_06,L4,3,1,1.5,False,False,False,nan,nan,nan
v3_sc1_staging_06,L4,3,2,1.5,False,False,False,nan,nan,nan
v3_sc1_staging_06,L4,3,3,1.5,False,False,False,nan,nan,nan
v3_sc1_staging_06,L4,3,4,1.5,False,False,False,nan,nan,nan
v3_sc1_staging_06,L4,3,5,1.5,False,False,False,nan,nan,nan
v3_sc1_staging_06,L4,3,6,1.5,True,False,False,2.95,3.4080046059338267,2.1100766272276377
v3_sc1_staging_06,L4,3,7,1.5,False,False,False,nan,nan,nan
v3_sc1_staging_06,L4,3,8,1.5,True,False,False,3.1420310216782976,3.020298282816387,2.151886121235224
v3_sc1_staging_06,L4,3,9,1.5,False,False,False,nan,nan,nan
v3_sc1_staging_06,L4,3,10,1.5,True,False,False,6.066904755831215,3.4373214245220063,1.9397745797511705
v3_sc1_staging_06,L4,3,11,1.5,False,False,False,nan,nan,nan
v3_sc1_staging_06,L4,3,12,1.5,True,False,True,6.613351365237941,3.7746344872983,2.1196373794859475
v3_sc1_staging_06,L4,3,13,1.5,False,False,False,nan,nan,nan
v3_sc1_staging_06,L4,3,14,1.5,False,False,False,nan,nan,nan
v3_sc1_staging_06,L4,3,15,1.5,False,False,False,nan,nan,nan
v3_sc1_staging_06,L4,3,16,1.5,False,False,False,nan,nan,nan
v3_sc1_staging_06,L4,3,17,1.5,True,False,False,3.6642135623730954,4.532891812864648,1.9041630560342617
v3_sc1_staging_06,L4,3,18,1.5,False,False,False,nan,nan,nan
v3_sc1_staging_06,L4,3,19,1.5,False,False,False,nan,nan,nan
v3_sc1_staging_06,L4,3,0,2.0,True,False,False,3.6985281374238568,4.666236541235796,2.3151376520518494
v3_sc1_staging_06,L4,3,1,2.0,False,False,False,nan,nan,nan
v3_sc1_staging_06,L4,3,2,2.0,False,False,False,nan,nan,nan
v3_sc1_staging_06,L4,3,3,2.0,False,False,False,nan,nan,nan
v3_sc1_staging_06,L4,3,4,2.0,False,False,False,nan,nan,nan
v3_sc1_staging_06,L4,3,5,2.0,False,False,False,nan,nan,nan
v3_sc1_staging_06,L4,3,6,2.0,True,False,False,2.95,3.4080046059338267,2.1100766272276377
v3_sc1_staging_06,L4,3,7,2.0,False,False,False,nan,nan,nan
v3_sc1_staging_06,L4,3,8,2.0,True,False,False,3.1420310216782976,3.020298282816387,2.151886121235224
v3_sc1_staging_06,L4,3,9,2.0,False,False,False,nan,nan,nan
v3_sc1_staging_06,L4,3,10,2.0,True,False,False,6.09619407771256,3.4373214245220063,2.0104780421266386
v3_sc1_staging_06,L4,3,11,2.0,False,False,False,nan,nan,nan
v3_sc1_staging_06,L4,3,12,2.0,True,False,True,6.613351365237941,3.7746344872983,2.1196373794859475
v3_sc1_staging_06,L4,3,13,2.0,False,False,False,nan,nan,nan
v3_sc1_staging_06,L4,3,14,2.0,False,False,False,nan,nan,nan
v3_sc1_staging_06,L4,3,15,2.0,False,False,False,nan,nan,nan
v3_sc1_staging_06,L4,3,16,2.0,False,False,False,nan,nan,nan
v3_sc1_staging_06,L4,3,17,2.0,True,False,False,3.6642135623730954,4.532891812864648,2.007987240796891
v3_sc1_staging_06,L4,3,18,2.0,False,False,False,nan,nan,nan
v3_sc1_staging_06,L4,3,19,2.0,False,False,False,nan,nan,nan
v3_sc1_staging_06,L4,4,0,0.0,True,False,False,3.662741699796952,4.750952294584288,1.9515301344262528
v3_sc1_staging_06,L4,4,1,0.0,False,False,False,nan,nan,nan
v3_sc1_staging_06,L4,4,2,0.0,True,False,False,5.890559159102156,3.468941924493227,0.8152946437965907
v3_sc1_staging_06,L4,4,3,0.0,True,False,False,3.38492424049175,4.308846015417837,1.8000000000000003
v3_sc1_staging_06,L4,4,4,0.0,False,False,False,nan,nan,nan
v3_sc1_staging_06,L4,4,5,0.0,False,False,False,nan,nan,nan
v3_sc1_staging_06,L4,4,6,0.0,True,False,False,3.19350288425444,2.9176014981270124,1.75
v3_sc1_staging_06,L4,4,7,0.0,False,False,False,nan,nan,nan
v3_sc1_staging_06,L4,4,8,0.0,True,False,False,3.0863961030678926,2.3783675929248513,1.8345235059857505
v3_sc1_staging_06,L4,4,9,0.0,False,False,False,nan,nan,nan
v3_sc1_staging_06,L4,4,10,0.0,False,False,False,nan,nan,nan
v3_sc1_staging_06,L4,4,11,0.0,True,False,False,8.026955262170048,3.1458880948268284,0.55
v3_sc1_staging_06,L4,4,12,0.0,False,False,False,nan,nan,nan
v3_sc1_staging_06,L4,4,13,0.0,False,False,False,nan,nan,nan
v3_sc1_staging_06,L4,4,14,0.0,False,False,False,nan,nan,nan
v3_sc1_staging_06,L4,4,15,0.0,False,False,False,nan,nan,nan
v3_sc1_staging_06,L4,4,16,0.0,False,False,False,nan,nan,nan
v3_sc1_staging_06,L4,4,17,0.0,True,False,False,3.871320343559643,4.022167621838006,1.8264780248263683
v3_sc1_staging_06,L4,4,18,0.0,False,False,False,nan,nan,nan
v3_sc1_staging_06,L4,4,19,0.0,True,False,False,5.556244584051393,3.501249804748511,1.8769728648009427
v3_sc1_staging_06,L4,4,0,0.1,True,False,False,3.662741699796952,4.750952294584288,1.9515301344262528
v3_sc1_staging_06,L4,4,1,0.1,False,False,False,nan,nan,nan
v3_sc1_staging_06,L4,4,2,0.1,True,False,False,5.890559159102156,3.468941924493227,0.8152946437965907
v3_sc1_staging_06,L4,4,3,0.1,True,False,False,3.38492424049175,4.308846015417837,1.8000000000000003
v3_sc1_staging_06,L4,4,4,0.1,False,False,False,nan,nan,nan
v3_sc1_staging_06,L4,4,5,0.1,False,False,False,nan,nan,nan
v3_sc1_staging_06,L4,4,6,0.1,True,False,False,3.19350288425444,2.9176014981270124,1.75
v3_sc1_staging_06,L4,4,7,0.1,False,False,False,nan,nan,nan
v3_sc1_staging_06,L4,4,8,0.1,True,False,False,3.0863961030678926,2.3783675929248513,1.8345235059857505
v3_sc1_staging_06,L4,4,9,0.1,False,False,False,nan,nan,nan
v3_sc1_staging_06,L4,4,10,0.1,False,False,False,nan,nan,nan
v3_sc1_staging_06,L4,4,11,0.1,True,False,False,8.026955262170048,3.1458880948268284,0.55
v3_sc1_staging_06,L4,4,12,0.1,False,False,False,nan,nan,nan
v3_sc1_staging_06,L4,4,13,0.1,False,False,False,nan,nan,nan
v3_sc1_staging_06,L4,4,14,0.1,False,False,False,nan,nan,nan
v3_sc1_staging_06,L4,4,15,0.1,False,False,False,nan,nan,nan
v3_sc1_staging_06,L4,4,16,0.1,False,False,False,nan,nan,nan
v3_sc1_staging_06,L4,4,17,0.1,True,False,False,3.871320343559643,4.022167621838006,1.8264780248263683
v3_sc1_staging_06,L4,4,18,0.1,False,False,False,nan,nan,nan
v3_sc1_staging_06,L4,4,19,0.1,True,False,False,5.556244584051393,3.501249804748511,1.8769728648009427
v3_sc1_staging_06,L4,4,0,0.2,True,False,False,3.662741699796952,4.750952294584288,1.9515301344262528
v3_sc1_staging_06,L4,4,1,0.2,False,False,False,nan,nan,nan
v3_sc1_staging_06,L4,4,2,0.2,True,False,False,5.890559159102156,3.468941924493227,0.8152946437965907
v3_sc1_staging_06,L4,4,3,0.2,True,False,False,3.38492424049175,4.308846015417837,1.8000000000000003
v3_sc1_staging_06,L4,4,4,0.2,False,False,False,nan,nan,nan
v3_sc1_staging_06,L4,4,5,0.2,False,False,False,nan,nan,nan
v3_sc1_staging_06,L4,4,6,0.2,True,False,False,3.19350288425444,2.9176014981270124,1.75
v3_sc1_staging_06,L4,4,7,0.2,False,False,False,nan,nan,nan
v3_sc1_staging_06,L4,4,8,0.2,True,False,False,3.0863961030678926,2.3783675929248513,1.8345235059857505
v3_sc1_staging_06,L4,4,9,0.2,False,False,False,nan,nan,nan
v3_sc1_staging_06,L4,4,10,0.2,False,False,False,nan,nan,nan
v3_sc1_staging_06,L4,4,11,0.2,True,False,False,8.026955262170048,3.1458880948268284,0.55
v3_sc1_staging_06,L4,4,12,0.2,False,False,False,nan,nan,nan
v3_sc1_staging_06,L4,4,13,0.2,False,False,False,nan,nan,nan
v3_sc1_staging_06,L4,4,14,0.2,False,False,False,nan,nan,nan
v3_sc1_staging_06,L4,4,15,0.2,False,False,False,nan,nan,nan
v3_sc1_staging_06,L4,4,16,0.2,False,False,False,nan,nan,nan
v3_sc1_staging_06,L4,4,17,0.2,True,False,False,3.871320343559643,4.022167621838006,1.8264780248263683
v3_sc1_staging_06,L4,4,18,0.2,False,False,False,nan,nan,nan
v3_sc1_staging_06,L4,4,19,0.2,True,False,False,5.556244584051393,3.501249804748511,1.8769728648009427
v3_sc1_staging_06,L4,4,0,0.3,True,False,False,3.662741699796952,4.750952294584288,1.9515301344262528
v3_sc1_staging_06,L4,4,1,0.3,False,False,False,nan,nan,nan
v3_sc1_staging_06,L4,4,2,0.3,True,False,False,5.890559159102156,3.468941924493227,0.8152946437965907
v3_sc1_staging_06,L4,4,3,0.3,True,False,False,3.38492424049175,4.308846015417837,1.8000000000000003
v3_sc1_staging_06,L4,4,4,0.3,False,False,False,nan,nan,nan
v3_sc1_staging_06,L4,4,5,0.3,False,False,False,nan,nan,nan
v3_sc1_staging_06,L4,4,6,0.3,True,False,False,3.19350288425444,2.9176014981270124,1.75
v3_sc1_staging_06,L4,4,7,0.3,False,False,False,nan,nan,nan
v3_sc1_staging_06,L4,4,8,0.3,True,False,False,3.0863961030678926,2.3783675929248513,1.8345235059857505
v3_sc1_staging_06,L4,4,9,0.3,False,False,False,nan,nan,nan
v3_sc1_staging_06,L4,4,10,0.3,False,False,False,nan,nan,nan
v3_sc1_staging_06,L4,4,11,0.3,True,False,False,8.026955262170048,3.1458880948268284,0.55
v3_sc1_staging_06,L4,4,12,0.3,False,False,False,nan,nan,nan
v3_sc1_staging_06,L4,4,13,0.3,False,False,False,nan,nan,nan
v3_sc1_staging_06,L4,4,14,0.3,False,False,False,nan,nan,nan
v3_sc1_staging_06,L4,4,15,0.3,False,False,False,nan,nan,nan
v3_sc1_staging_06,L4,4,16,0.3,False,False,False,nan,nan,nan
v3_sc1_staging_06,L4,4,17,0.3,True,False,False,3.871320343559643,4.022167621838006,1.8264780248263683
v3_sc1_staging_06,L4,4,18,0.3,False,False,False,nan,nan,nan
v3_sc1_staging_06,L4,4,19,0.3,True,False,False,5.556244584051393,3.501249804748511,1.8769728648009427
v3_sc1_staging_06,L4,4,0,0.4,True,False,False,3.662741699796952,4.750952294584288,1.9515301344262528
v3_sc1_staging_06,L4,4,1,0.4,False,False,False,nan,nan,nan
v3_sc1_staging_06,L4,4,2,0.4,True,False,False,5.890559159102156,3.468941924493227,0.8152946437965907
v3_sc1_staging_06,L4,4,3,0.4,True,False,False,3.38492424049175,4.308846015417837,1.8000000000000003
v3_sc1_staging_06,L4,4,4,0.4,False,False,False,nan,nan,nan
v3_sc1_staging_06,L4,4,5,0.4,False,False,False,nan,nan,nan
v3_sc1_staging_06,L4,4,6,0.4,True,False,False,3.19350288425444,2.9176014981270124,1.75
v3_sc1_staging_06,L4,4,7,0.4,False,False,False,nan,nan,nan
v3_sc1_staging_06,L4,4,8,0.4,True,False,False,3.0863961030678926,2.3783675929248513,1.8345235059857505
v3_sc1_staging_06,L4,4,9,0.4,False,False,False,nan,nan,nan
v3_sc1_staging_06,L4,4,10,0.4,False,False,False,nan,nan,nan
v3_sc1_staging_06,L4,4,11,0.4,True,False,False,8.026955262170048,3.1458880948268284,0.55
v3_sc1_staging_06,L4,4,12,0.4,False,False,False,nan,nan,nan
v3_sc1_staging_06,L4,4,13,0.4,False,False,False,nan,nan,nan
v3_sc1_staging_06,L4,4,14,0.4,False,False,False,nan,nan,nan
v3_sc1_staging_06,L4,4,15,0.4,False,False,False,nan,nan,nan
v3_sc1_staging_06,L4,4,16,0.4,False,False,False,nan,nan,nan
v3_sc1_staging_06,L4,4,17,0.4,True,False,False,3.871320343559643,4.022167621838006,1.8264780248263683
v3_sc1_staging_06,L4,4,18,0.4,False,False,False,nan,nan,nan
v3_sc1_staging_06,L4,4,19,0.4,True,False,False,5.556244584051393,3.501249804748511,1.8769728648009427
v3_sc1_staging_06,L4,4,0,0.5,True,False,False,3.662741699796952,4.750952294584288,1.9515301344262528
v3_sc1_staging_06,L4,4,1,0.5,False,False,False,nan,nan,nan
v3_sc1_staging_06,L4,4,2,0.5,True,False,False,5.890559159102156,3.468941924493227,0.8152946437965907
v3_sc1_staging_06,L4,4,3,0.5,True,False,False,3.38492424049175,4.308846015417837,1.8000000000000003
v3_sc1_staging_06,L4,4,4,0.5,False,False,False,nan,nan,nan
v3_sc1_staging_06,L4,4,5,0.5,False,False,False,nan,nan,nan
v3_sc1_staging_06,L4,4,6,0.5,True,False,False,3.19350288425444,2.9176014981270124,1.75
v3_sc1_staging_06,L4,4,7,0.5,False,False,False,nan,nan,nan
v3_sc1_staging_06,L4,4,8,0.5,True,False,False,3.0863961030678926,2.3783675929248513,1.8345235059857505
v3_sc1_staging_06,L4,4,9,0.5,False,False,False,nan,nan,nan
v3_sc1_staging_06,L4,4,10,0.5,False,False,False,nan,nan,nan
v3_sc1_staging_06,L4,4,11,0.5,True,False,False,8.026955262170048,3.1458880948268284,0.55
v3_sc1_staging_06,L4,4,12,0.5,False,False,False,nan,nan,nan
v3_sc1_staging_06,L4,4,13,0.5,False,False,False,nan,nan,nan
v3_sc1_staging_06,L4,4,14,0.5,False,False,False,nan,nan,nan
v3_sc1_staging_06,L4,4,15,0.5,False,False,False,nan,nan,nan
v3_sc1_staging_06,L4,4,16,0.5,False,False,False,nan,nan,nan
v3_sc1_staging_06,L4,4,17,0.5,True,False,False,3.871320343559643,4.022167621838006,1.8264780248263683
v3_sc1_staging_06,L4,4,18,0.5,False,False,False,nan,nan,nan
v3_sc1_staging_06,L4,4,19,0.5,True,False,False,5.556244584051393,3.501249804748511,1.8769728648009427
v3_sc1_staging_06,L4,4,0,0.6,True,False,False,3.662741699796952,4.750952294584288,1.9515301344262528
v3_sc1_staging_06,L4,4,1,0.6,False,False,False,nan,nan,nan
v3_sc1_staging_06,L4,4,2,0.6,True,False,False,5.890559159102156,3.468941924493227,0.8152946437965907
v3_sc1_staging_06,L4,4,3,0.6,True,False,False,3.38492424049175,4.308846015417837,1.8000000000000003
v3_sc1_staging_06,L4,4,4,0.6,False,False,False,nan,nan,nan
v3_sc1_staging_06,L4,4,5,0.6,False,False,False,nan,nan,nan
v3_sc1_staging_06,L4,4,6,0.6,True,False,False,3.19350288425444,2.9176014981270124,1.75
v3_sc1_staging_06,L4,4,7,0.6,False,False,False,nan,nan,nan
v3_sc1_staging_06,L4,4,8,0.6,True,False,False,3.0863961030678926,2.3783675929248513,1.8345235059857505
v3_sc1_staging_06,L4,4,9,0.6,False,False,False,nan,nan,nan
v3_sc1_staging_06,L4,4,10,0.6,False,False,False,nan,nan,nan
v3_sc1_staging_06,L4,4,11,0.6,False,False,False,nan,nan,nan
v3_sc1_staging_06,L4,4,12,0.6,False,False,False,nan,nan,nan
v3_sc1_staging_06,L4,4,13,0.6,False,False,False,nan,nan,nan
v3_sc1_staging_06,L4,4,14,0.6,False,False,False,nan,nan,nan
v3_sc1_staging_06,L4,4,15,0.6,False,False,False,nan,nan,nan
v3_sc1_staging_06,L4,4,16,0.6,False,False,False,nan,nan,nan
v3_sc1_staging_06,L4,4,17,0.6,True,False,False,3.871320343559643,4.022167621838006,1.8264780248263683
v3_sc1_staging_06,L4,4,18,0.6,False,False,False,nan,nan,nan
v3_sc1_staging_06,L4,4,19,0.6,True,False,False,5.556244584051393,3.501249804748511,1.8769728648009427
v3_sc1_staging_06,L4,4,0,0.8,True,False,False,3.662741699796952,4.750952294584288,1.9515301344262528
v3_sc1_staging_06,L4,4,1,0.8,False,False,False,nan,nan,nan
v3_sc1_staging_06,L4,4,2,0.8,True,False,False,5.890559159102156,3.468941924493227,0.8152946437965907
v3_sc1_staging_06,L4,4,3,0.8,True,False,False,3.38492424049175,4.308846015417837,1.8000000000000003
v3_sc1_staging_06,L4,4,4,0.8,False,False,False,nan,nan,nan
v3_sc1_staging_06,L4,4,5,0.8,False,False,False,nan,nan,nan
v3_sc1_staging_06,L4,4,6,0.8,True,False,False,3.19350288425444,2.9176014981270124,1.75
v3_sc1_staging_06,L4,4,7,0.8,False,False,False,nan,nan,nan
v3_sc1_staging_06,L4,4,8,0.8,True,False,False,3.0863961030678926,2.3783675929248513,1.8345235059857505
v3_sc1_staging_06,L4,4,9,0.8,False,False,False,nan,nan,nan
v3_sc1_staging_06,L4,4,10,0.8,False,False,False,nan,nan,nan
v3_sc1_staging_06,L4,4,11,0.8,False,False,False,nan,nan,nan
v3_sc1_staging_06,L4,4,12,0.8,False,False,False,nan,nan,nan
v3_sc1_staging_06,L4,4,13,0.8,False,False,False,nan,nan,nan
v3_sc1_staging_06,L4,4,14,0.8,False,False,False,nan,nan,nan
v3_sc1_staging_06,L4,4,15,0.8,False,False,False,nan,nan,nan
v3_sc1_staging_06,L4,4,16,0.8,False,False,False,nan,nan,nan
v3_sc1_staging_06,L4,4,17,0.8,True,False,False,3.871320343559643,4.022167621838006,1.8264780248263683
v3_sc1_staging_06,L4,4,18,0.8,False,False,False,nan,nan,nan
v3_sc1_staging_06,L4,4,19,0.8,True,False,False,5.556244584051393,3.501249804748511,1.8769728648009427
v3_sc1_staging_06,L4,4,0,1.0,True,False,False,3.662741699796952,4.750952294584288,1.9515301344262528
v3_sc1_staging_06,L4,4,1,1.0,False,False,False,nan,nan,nan
v3_sc1_staging_06,L4,4,2,1.0,False,False,False,nan,nan,nan
v3_sc1_staging_06,L4,4,3,1.0,True,False,False,3.38492424049175,4.308846015417837,1.8000000000000003
v3_sc1_staging_06,L4,4,4,1.0,False,False,False,nan,nan,nan
v3_sc1_staging_06,L4,4,5,1.0,False,False,False,nan,nan,nan
v3_sc1_staging_06,L4,4,6,1.0,True,False,False,3.19350288425444,2.9176014981270124,1.75
v3_sc1_staging_06,L4,4,7,1.0,False,False,False,nan,nan,nan
v3_sc1_staging_06,L4,4,8,1.0,True,False,False,3.0863961030678926,2.3783675929248513,1.8345235059857505
v3_sc1_staging_06,L4,4,9,1.0,False,False,False,nan,nan,nan
v3_sc1_staging_06,L4,4,10,1.0,False,False,False,nan,nan,nan
v3_sc1_staging_06,L4,4,11,1.0,False,False,False,nan,nan,nan
v3_sc1_staging_06,L4,4,12,1.0,False,False,False,nan,nan,nan
v3_sc1_staging_06,L4,4,13,1.0,False,False,False,nan,nan,nan
v3_sc1_staging_06,L4,4,14,1.0,False,False,False,nan,nan,nan
v3_sc1_staging_06,L4,4,15,1.0,False,False,False,nan,nan,nan
v3_sc1_staging_06,L4,4,16,1.0,False,False,False,nan,nan,nan
v3_sc1_staging_06,L4,4,17,1.0,True,False,False,3.871320343559643,4.022167621838006,1.8264780248263683
v3_sc1_staging_06,L4,4,18,1.0,False,False,False,nan,nan,nan
v3_sc1_staging_06,L4,4,19,1.0,True,False,False,5.556244584051393,3.501249804748511,1.8769728648009427
v3_sc1_staging_06,L4,4,0,1.25,True,False,False,3.662741699796952,4.750952294584288,1.9515301344262528
v3_sc1_staging_06,L4,4,1,1.25,False,False,False,nan,nan,nan
v3_sc1_staging_06,L4,4,2,1.25,False,False,False,nan,nan,nan
v3_sc1_staging_06,L4,4,3,1.25,True,False,False,3.38492424049175,4.308846015417837,1.8000000000000003
v3_sc1_staging_06,L4,4,4,1.25,False,False,False,nan,nan,nan
v3_sc1_staging_06,L4,4,5,1.25,False,False,False,nan,nan,nan
v3_sc1_staging_06,L4,4,6,1.25,True,False,False,3.19350288425444,2.9176014981270124,1.75
v3_sc1_staging_06,L4,4,7,1.25,False,False,False,nan,nan,nan
v3_sc1_staging_06,L4,4,8,1.25,True,False,False,3.0863961030678926,2.3783675929248513,1.8345235059857505
v3_sc1_staging_06,L4,4,9,1.25,False,False,False,nan,nan,nan
v3_sc1_staging_06,L4,4,10,1.25,False,False,False,nan,nan,nan
v3_sc1_staging_06,L4,4,11,1.25,False,False,False,nan,nan,nan
v3_sc1_staging_06,L4,4,12,1.25,False,False,False,nan,nan,nan
v3_sc1_staging_06,L4,4,13,1.25,False,False,False,nan,nan,nan
v3_sc1_staging_06,L4,4,14,1.25,False,False,False,nan,nan,nan
v3_sc1_staging_06,L4,4,15,1.25,False,False,False,nan,nan,nan
v3_sc1_staging_06,L4,4,16,1.25,False,False,False,nan,nan,nan
v3_sc1_staging_06,L4,4,17,1.25,True,False,False,3.871320343559643,4.022167621838006,1.8264780248263683
v3_sc1_staging_06,L4,4,18,1.25,False,False,False,nan,nan,nan
v3_sc1_staging_06,L4,4,19,1.25,True,False,False,5.556244584051393,3.501249804748511,1.8769728648009427
v3_sc1_staging_06,L4,4,0,1.5,True,False,False,3.662741699796952,4.750952294584288,1.9515301344262528
v3_sc1_staging_06,L4,4,1,1.5,False,False,False,nan,nan,nan
v3_sc1_staging_06,L4,4,2,1.5,False,False,False,nan,nan,nan
v3_sc1_staging_06,L4,4,3,1.5,True,False,False,3.38492424049175,4.308846015417837,1.8000000000000003
v3_sc1_staging_06,L4,4,4,1.5,False,False,False,nan,nan,nan
v3_sc1_staging_06,L4,4,5,1.5,False,False,False,nan,nan,nan
v3_sc1_staging_06,L4,4,6,1.5,True,False,False,3.19350288425444,2.9176014981270124,1.75
v3_sc1_staging_06,L4,4,7,1.5,False,False,False,nan,nan,nan
v3_sc1_staging_06,L4,4,8,1.5,True,False,False,3.0863961030678926,2.3783675929248513,1.8345235059857505
v3_sc1_staging_06,L4,4,9,1.5,False,False,False,nan,nan,nan
v3_sc1_staging_06,L4,4,10,1.5,False,False,False,nan,nan,nan
v3_sc1_staging_06,L4,4,11,1.5,False,False,False,nan,nan,nan
v3_sc1_staging_06,L4,4,12,1.5,False,False,False,nan,nan,nan
v3_sc1_staging_06,L4,4,13,1.5,False,False,False,nan,nan,nan
v3_sc1_staging_06,L4,4,14,1.5,False,False,False,nan,nan,nan
v3_sc1_staging_06,L4,4,15,1.5,False,False,False,nan,nan,nan
v3_sc1_staging_06,L4,4,16,1.5,False,False,False,nan,nan,nan
v3_sc1_staging_06,L4,4,17,1.5,True,False,False,3.871320343559643,4.022167621838006,1.8264780248263683
v3_sc1_staging_06,L4,4,18,1.5,False,False,False,nan,nan,nan
v3_sc1_staging_06,L4,4,19,1.5,True,False,False,5.556244584051393,3.501249804748511,1.8769728648009427
v3_sc1_staging_06,L4,4,0,2.0,True,False,True,3.662741699796952,4.5383529054642455,2.2170756338387054
v3_sc1_staging_06,L4,4,1,2.0,False,False,False,nan,nan,nan
v3_sc1_staging_06,L4,4,2,2.0,False,False,False,nan,nan,nan
v3_sc1_staging_06,L4,4,3,2.0,True,False,False,3.447056274847714,4.308846015417837,2.0004999500099974
v3_sc1_staging_06,L4,4,4,2.0,False,False,False,nan,nan,nan
v3_sc1_staging_06,L4,4,5,2.0,False,False,False,nan,nan,nan
v3_sc1_staging_06,L4,4,6,2.0,False,False,False,nan,nan,nan
v3_sc1_staging_06,L4,4,7,2.0,False,False,False,nan,nan,nan
v3_sc1_staging_06,L4,4,8,2.0,True,False,False,3.0863961030678926,2.3783675929248513,2.024381112272868
v3_sc1_staging_06,L4,4,9,2.0,False,False,False,nan,nan,nan
v3_sc1_staging_06,L4,4,10,2.0,False,False,False,nan,nan,nan
v3_sc1_staging_06,L4,4,11,2.0,False,False,False,nan,nan,nan
v3_sc1_staging_06,L4,4,12,2.0,False,False,False,nan,nan,nan
v3_sc1_staging_06,L4,4,13,2.0,False,False,False,nan,nan,nan
v3_sc1_staging_06,L4,4,14,2.0,False,False,False,nan,nan,nan
v3_sc1_staging_06,L4,4,15,2.0,False,False,False,nan,nan,nan
v3_sc1_staging_06,L4,4,16,2.0,False,False,False,nan,nan,nan
v3_sc1_staging_06,L4,4,17,2.0,False,False,False,nan,nan,nan
v3_sc1_staging_06,L4,4,18,2.0,False,False,False,nan,nan,nan
v3_sc1_staging_06,L4,4,19,2.0,True,False,False,5.556244584051393,3.501249804748511,2.0961509971494343
