scene,level,seed,task,margin,planned,violation,collision,length,clearance_indoor_plant,clearance_bike
v3_sc2_staging_13,L0,0,0,0.0,True,False,False,5.752081528017131,2.304014978561991,6.4226078900946
v3_sc2_staging_13,L0,0,1,0.0,True,False,False,3.5319805153394634,1.9698178070456938,4.907864643276494
v3_sc2_staging_13,L0,0,2,0.0,True,False,False,3.279898987322332,1.4319679086361656,3.943253312607779
v3_sc2_staging_13,L0,0,3,0.0,True,False,False,7.069848480983502,1.9824383174612823,5.492703897240377
v3_sc2_staging_13,L0,0,4,0.0,True,False,False,3.1,3.905110668303352,7.14280707593748
v3_sc2_staging_13,L0,0,5,0.0,True,False,False,3.0,1.7276669409945464,5.0993303171004305
v3_sc2_staging_13,L0,0,6,0.0,True,False,False,4.294112549695429,1.491230775173988,4.717278984298233
v3_sc2_staging_13,L0,0,7,0.0,True,False,False,4.057716446627535,2.1462237244798485,4.746189093046495
v3_sc2_staging_13,L0,0,8,0.0,True,False,False,3.7642135623730955,3.8832065887886236,6.4765679241300305
v3_sc2_staging_13,L0,0,9,0.0,True,False,False,6.23492424049175,1.7276669409945464,6.4
v3_sc2_staging_13,L0,0,10,0.0,True,False,False,5.776345596729059,2.473213749463701,6.331178522041419
v3_sc2_staging_13,L0,0,11,0.0,True,False,False,6.524873734152917,2.9481879299133333,6.757582242041767
v3_sc2_staging_13,L0,0,12,0.0,True,False,False,6.778427124746192,1.7360679774997898,5.312486559124245
v3_sc2_staging_13,L0,0,13,0.0,True,False,False,6.203300858899108,0.3139410298049854,1.1500000000000001
v3_sc2_staging_13,L0,0,14,0.0,True,False,False,3.7227922061357854,1.6954498400100149,5.516643582596529
v3_sc2_staging_13,L0,0,15,0.0,True,False,False,3.699137802864845,2.454657340538832,5.028562200066126
v3_sc2_staging_13,L0,0,16,0.0,True,False,False,4.74142135623731,1.7610838109190028,6.3500000000000005
v3_sc2_staging_13,L0,0,17,0.0,True,False,False,4.811269837220809,2.1196373794859475,4.420619879649312
v3_sc2_staging_13,L0,0,18,0.0,True,False,False,3.3449747468305833,2.681587653986607,6.048473104472523
v3_sc2_staging_13,L0,0,19,0.0,True,False,False,2.8370057685088805,1.3357559750685821,4.387228253314961
v3_sc2_staging_13,L0,0,0,0.1,True,False,False,5.752081528017131,2.304014978561991,6.4226078900946
v3_sc2_staging_13,L0,0,1,0.1,True,False,False,3.5319805153394634,1.9698178070456938,4.907864643276494
v3_sc2_staging_13,L0,0,2,0.1,True,False,False,3.279898987322332,1.4319679086361656,3.943253312607779
v3_sc2_staging_13,L0,0,3,0.1,True,False,False,7.069848480983502,1.9824383174612823,5.492703897240377
v3_sc2_staging_13,L0,0,4,0.1,True,False,False,3.1,3.905110668303352,7.14280707593748
v3_sc2_staging_13,L0,0,5,0.1,True,False,False,3.0,1.7276669409945464,5.0993303171004305
v3_sc2_staging_13,L0,0,6,0.1,True,False,False,4.294112549695429,1.491230775173988,4.717278984298233
v3_sc2_staging_13,L0,0,7,0.1,True,False,False,4.057716446627535,2.1462237244798485,4.746189093046495
v3_sc2_staging_13,L0,0,8,0.1,True,False,False,3.7642135623730955,3.8832065887886236,6.4765679241300305
v3_sc2_staging_13,L0,0,9,0.1,True,False,False,6.23492424049175,1.7276669409945464,6.4
v3_sc2_staging_13,L0,0,10,0.1,True,False,False,5.776345596729059,2.473213749463701,6.331178522041419
v3_sc2_staging_13,L0,0,11,0.1,True,False,False,6.524873734152917,2.9481879299133333,6.757582242041767
v3_sc2_staging_13,L0,0,12,0.1,True,False,False,6.778427124746192,1.7360679774997898,5.312486559124245
v3_sc2_staging_13,L0,0,13,0.1,True,False,False,6.203300858899108,0.3139410298049854,1.1500000000000001
v3_sc2_staging_13,L0,0,14,0.1,True,False,False,3.7227922061357854,1.6954498400100149,5.516643582596529
v3_sc2_staging_13,L0,0,15,0.1,True,False,False,3.699137802864845,2.454657340538832,5.028562200066126
v3_sc2_staging_13,L0,0,16,0.1,True,False,False,4.74142135623731,1.7610838109190028,6.3500000000000005
v3_sc2_staging_13,L0,0,17,0.1,True,False,False,4.811269837220809,2.1196373794859475,4.420619879649312
v3_sc2_staging_13,L0,0,18,0.1,True,False,False,3.3449747468305833,2.681587653986607,6.048473104472523
v3_sc2_staging_13,L0,0,19,0.1,True,False,False,2.8370057685088805,1.3357559750685821,4.387228253314961
v3_sc2_staging_13,L0,0,0,0.2,True,False,False,5.752081528017131,2.304014978561991,6.4226078900946
v3_sc2_staging_13,L0,0,1,0.2,True,False,False,3.5319805153394634,1.9698178070456938,4.907864643276494
v3_sc2_staging_13,L0,0,2,0.2,True,False,False,3.279898987322332,1.4319679086361656,3.943253312607779
v3_sc2_staging_13,L0,0,3,0.2,True,False,False,7.069848480983502,1.9824383174612823,5.492703897240377
v3_sc2_staging_13,L0,0,4,0.2,True,False,False,3.1,3.905110668303352,7.14280707593748
v3_sc2_staging_13,L0,0,5,0.2,True,False,False,3.0,1.7276669409945464,5.0993303171004305
v3_sc2_staging_13,L0,0,6,0.2,True,False,False,4.294112549695429,1.491230775173988,4.717278984298233
v3_sc2_staging_13,L0,0,7,0.2,True,False,False,4.057716446627535,2.1462237244798485,4.746189093046495
v3_sc2_staging_13,L0,0,8,0.2,True,False,False,3.7642135623730955,3.8832065887886236,6.4765679241300305
v3_sc2_staging_13,L0,0,9,0.2,True,False,False,6.23492424049175,1.7276669409945464,6.4
v3_sc2_staging_13,L0,0,10,0.2,True,False,False,5.776345596729059,2.473213749463701,6.331178522041419
v3_sc2_staging_13,L0,0,11,0.2,True,False,False,6.524873734152917,2.9481879299133333,6.757582242041767
v3_sc2_staging_13,L0,0,12,0.2,True,False,False,6.778427124746192,1.7360679774997898,5.312486559124245
v3_sc2_staging_13,L0,0,13,0.2,True,False,False,6.203300858899108,0.3139410298049854,1.1500000000000001
v3_sc2_staging_13,L0,0,14,0.2,True,False,False,3.7227922061357854,1.6954498400100149,5.516643582596529
v3_sc2_staging_13,L0,0,15,0.2,True,False,False,3.699137802864845,2.454657340538832,5.028562200066126
v3_sc2_staging_13,L0,0,16,0.2,True,False,False,4.74142135623731,1.7610838109190028,6.3500000000000005
v3_sc2_staging_13,L0,0,17,0.2,True,False,False,4.811269837220809,2.1196373794859475,4.420619879649312
v3_sc2_staging_13,L0,0,18,0.2,True,False,False,3.3449747468305833,2.681587653986607,6.048473104472523
v3_sc2_staging_13,L0,0,19,0.2,True,False,False,2.8370057685088805,1.3357559750685821,4.387228253314961
v3_sc2_staging_13,L0,0,0,0.3,True,False,False,5.752081528017131,2.304014978561991,6.4226078900946
v3_sc2_staging_13,L0,0,1,0.3,True,False,False,3.5319805153394634,1.9698178070456938,4.907864643276494
v3_sc2_staging_13,L0,0,2,0.3,True,False,False,3.279898987322332,1.4319679086361656,3.943253312607779
v3_sc2_staging_13,L0,0,3,0.3,True,False,False,7.069848480983502,1.9824383174612823,5.492703897240377
v3_sc2_staging_13,L0,0,4,0.3,True,False,False,3.1,3.905110668303352,7.14280707593748
v3_sc2_staging_13,L0,0,5,0.3,True,False,False,3.0,1.7276669409945464,5.0993303171004305
v3_sc2_staging_13,L0,0,6,0.3,True,False,False,4.294112549695429,1.491230775173988,4.717278984298233
v3_sc2_staging_13,L0,0,7,0.3,True,False,False,4.057716446627535,2.1462237244798485,4.746189093046495
v3_sc2_staging_13,L0,0,8,0.3,True,False,False,3.7642135623730955,3.8832065887886236,6.4765679241300305
v3_sc2_staging_13,L0,0,9,0.3,True,False,False,6.23492424049175,1.7276669409945464,6.4
v3_sc2_staging_13,L0,0,10,0.3,True,False,False,5.776345596729059,2.473213749463701,6.331178522041419
v3_sc2_staging_13,L0,0,11,0.3,True,False,False,6.524873734152917,2.9481879299133333,6.757582242041767
v3_sc2_staging_13,L0,0,12,0.3,True,False,False,6.778427124746192,1.7360679774997898,5.312486559124245
v3_sc2_staging_13,L0,0,13,0.3,True,False,False,6.203300858899108,0.3139410298049854,1.1500000000000001
v3_sc2_staging_13,L0,0,14,0.3,True,False,False,3.7227922061357854,1.6954498400100149,5.516643582596529
v3_sc2_staging_13,L0,0,15,0.3,True,False,False,3.699137802864845,2.454657340538832,5.028562200066126
v3_sc2_staging_13,L0,0,16,0.3,True,False,False,4.74142135623731,1.7610838109190028,6.3500000000000005
v3_sc2_staging_13,L0,0,17,0.3,True,False,False,4.811269837220809,2.1196373794859475,4.420619879649312
v3_sc2_staging_13,L0,0,18,0.3,True,False,False,3.3449747468305833,2.681587653986607,6.048473104472523
v3_sc2_staging_13,L0,0,19,0.3,True,False,False,2.8370057685088805,1.3357559750685821,4.387228253314961
v3_sc2_staging_13,L0,0,0,0.4,True,False,False,5.752081528017131,2.304014978561991,6.4226078900946
v3_sc2_staging_13,L0,0,1,0.4,True,False,False,3.5319805153394634,1.9698178070456938,4.907864643276494
v3_sc2_staging_13,L0,0,2,0.4,True,False,False,3.279898987322332,1.4319679086361656,3.943253312607779
v3_sc2_staging_13,L0,0,3,0.4,True,False,False,7.069848480983502,1.9824383174612823,5.492703897240377
v3_sc2_staging_13,L0,0,4,0.4,True,False,False,3.1,3.905110668303352,7.14280707593748
v3_sc2_staging_13,L0,0,5,0.4,True,False,False,3.0,1.7276669409945464,5.0993303171004305
v3_sc2_staging_13,L0,0,6,0.4,True,False,False,4.294112549695429,1.491230775173988,4.717278984298233
v3_sc2_staging_13,L0,0,7,0.4,True,False,False,4.057716446627535,2.1462237244798485,4.746189093046495
v3_sc2_staging_13,L0,0,8,0.4,True,False,False,3.7642135623730955,3.8832065887886236,6.4765679241300305
v3_sc2_staging_13,L0,0,9,0.4,True,False,False,6.23492424049175,1.7276669409945464,6.4
v3_sc2_staging_13,L0,0,10,0.4,True,False,False,5.776345596729059,2.473213749463701,6.331178522041419
v3_sc2_staging_13,L0,0,11,0.4,True,False,False,6.524873734152917,2.9481879299133333,6.757582242041767
v3_sc2_staging_13,L0,0,12,0.4,True,False,False,6.778427124746192,1.7360679774997898,5.312486559124245
v3_sc2_staging_13,L0,0,13,0.4,True,False,False,6.215432893255072,0.42195444572928875,1.1500000000000001
v3_sc2_staging_13,L0,0,14,0.4,True,False,False,3.7227922061357854,1.6954498400100149,5.516643582596529
v3_sc2_staging_13,L0,0,15,0.4,True,False,False,3.699137802864845,2.454657340538832,5.028562200066126
v3_sc2_staging_13,L0,0,16,0.4,True,False,False,4.74142135623731,1.7610838109190028,6.3500000000000005
v3_sc2_staging_13,L0,0,17,0.4,True,False,False,4.811269837220809,2.1196373794859475,4.420619879649312
v3_sc2_staging_13,L0,0,18,0.4,True,False,False,3.3449747468305833,2.681587653986607,6.048473104472523
v3_sc2_staging_13,L0,0,19,0.4,True,False,False,2.8370057685088805,1.3357559750685821,4.387228253314961
v3_sc2_staging_13,L0,0,0,0.5,True,False,False,5.752081528017131,2.304014978561991,6.4226078900946
v3_sc2_staging_13,L0,0,1,0.5,True,False,False,3.5319805153394634,1.9698178070456938,4.907864643276494
v3_sc2_staging_13,L0,0,2,0.5,True,False,False,3.279898987322332,1.4319679086361656,3.943253312607779
v3_sc2_staging_13,L0,0,3,0.5,True,False,False,7.069848480983502,1.9824383174612823,5.492703897240377
v3_sc2_staging_13,L0,0,4,0.5,True,False,False,3.1,3.905110668303352,7.14280707593748
v3_sc2_staging_13,L0,0,5,0.5,True,False,False,3.0,1.7276669409945464,5.0993303171004305
v3_sc2_staging_13,L0,0,6,0.5,True,False,False,4.294112549695429,1.491230775173988,4.717278984298233
v3_sc2_staging_13,L0,0,7,0.5,True,False,False,4.057716446627535,2.1462237244798485,4.746189093046495
v3_sc2_staging_13,L0,0,8,0.5,True,False,False,3.7642135623730955,3.8832065887886236,6.4765679241300305
v3_sc2_staging_13,L0,0,9,0.5,True,False,False,6.23492424049175,1.7276669409945464,6.4
v3_sc2_staging_13,L0,0,10,0.5,True,False,False,5.776345596729059,2.473213749463701,6.331178522041419
v3_sc2_staging_13,L0,0,11,0.5,True,False,False,6.524873734152917,2.9481879299133333,6.757582242041767
v3_sc2_staging_13,L0,0,12,0.5,True,False,False,6.778427124746192,1.7360679774997898,5.312486559124245
v3_sc2_staging_13,L0,0,13,0.5,False,False,False,nan,nan,nan
v3_sc2_staging_13,L0,0,14,0.5,True,False,False,3.7227922061357854,1.6954498400100149,5.516643582596529
v3_sc2_staging_13,L0,0,15,0.5,True,False,False,3.699137802864845,2.454657340538832,5.028562200066126
v3_sc2_staging_13,L0,0,16,0.5,True,False,False,4.74142135623731,1.7610838109190028,6.3500000000000005
v3_sc2_staging_13,L0,0,17,0.5,True,False,False,4.811269837220809,2.1196373794859475,4.420619879649312
v3_sc2_staging_13,L0,0,18,0.5,True,False,False,3.3449747468305833,2.681587653986607,6.048473104472523
v3_sc2_staging_13,L0,0,19,0.5,True,False,False,2.8370057685088805,1.3357559750685821,4.387228253314961
v3_sc2_staging_13,L0,0,0,0.6,True,False,False,5.752081528017131,2.304014978561991,6.4226078900946
v3_sc2_staging_13,L0,0,1,0.6,True,False,False,3.5319805153394634,1.9698178070456938,4.907864643276494
v3_sc2_staging_13,L0,0,2,0.6,True,False,False,3.279898987322332,1.4319679086361656,3.943253312607779
v3_sc2_staging_13,L0,0,3,0.6,True,False,False,7.069848480983502,1.9824383174612823,5.492703897240377
v3_sc2_staging_13,L0,0,4,0.6,True,False,False,3.1,3.905110668303352,7.14280707593748
v3_sc2_staging_13,L0,0,5,0.6,True,False,False,3.0,1.7276669409945464,5.0993303171004305
v3_sc2_staging_13,L0,0,6,0.6,True,False,False,4.294112549695429,1.491230775173988,4.717278984298233
v3_sc2_staging_13,L0,0,7,0.6,True,False,False,4.057716446627535,2.1462237244798485,4.746189093046495
v3_sc2_staging_13,L0,0,8,0.6,True,False,False,3.7642135623730955,3.8832065887886236,6.4765679241300305
v3_sc2_staging_13,L0,0,9,0.6,True,False,False,6.23492424049175,1.7276669409945464,6.4
v3_sc2_staging_13,L0,0,10,0.6,True,False,False,5.776345596729059,2.473213749463701,6.331178522041419
v3_sc2_staging_13,L0,0,11,0.6,True,False,False,6.524873734152917,2.9481879299133333,6.757582242041767
v3_sc2_staging_13,L0,0,12,0.6,True,False,False,6.778427124746192,1.7360679774997898,5.312486559124245
v3_sc2_staging_13,L0,0,13,0.6,False,False,False,nan,nan,nan
v3_sc2_staging_13,L0,0,14,0.6,True,False,False,3.7227922061357854,1.6954498400100149,5.516643582596529
v3_sc2_staging_13,L0,0,15,0.6,True,False,False,3.699137802864845,2.454657340538832,5.028562200066126
v3_sc2_staging_13,L0,0,16,0.6,True,False,False,4.74142135623731,1.7610838109190028,6.3500000000000005
v3_sc2_staging_13,L0,0,17,0.6,True,False,False,4.811269837220809,2.1196373794859475,4.420619879649312
v3_sc2_staging_13,L0,0,18,0.6,True,False,False,3.3449747468305833,2.681587653986607,6.048473104472523
v3_sc2_staging_13,L0,0,19,0.6,True,False,False,2.8370057685088805,1.3357559750685821,4.387228253314961
v3_sc2_staging_13,L0,0,0,0.8,True,False,False,5.752081528017131,2.304014978561991,6.4226078900946
v3_sc2_staging_13,L0,0,1,0.8,True,False,False,3.5319805153394634,1.9698178070456938,4.907864643276494
v3_sc2_staging_13,L0,0,2,0.8,True,False,False,3.279898987322332,1.4319679086361656,3.943253312607779
v3_sc2_staging_13,L0,0,3,0.8,True,False,False,7.069848480983502,1.9824383174612823,5.492703897240377
v3_sc2_staging_13,L0,0,4,0.8,True,False,False,3.1,3.905110668303352,7.14280707593748
v3_sc2_staging_13,L0,0,5,0.8,True,False,False,3.0,1.7276669409945464,5.0993303171004305
v3_sc2_staging_13,L0,0,6,0.8,True,False,False,4.294112549695429,1.491230775173988,4.717278984298233
v3_sc2_staging_13,L0,0,7,0.8,True,False,False,4.057716446627535,2.1462237244798485,4.746189093046495
v3_sc2_staging_13,L0,0,8,0.8,True,False,False,3.7642135623730955,3.8832065887886236,6.4765679241300305
v3_sc2_staging_13,L0,0,9,0.8,True,False,False,6.23492424049175,1.7276669409945464,6.4
v3_sc2_staging_13,L0,0,10,0.8,True,False,False,5.776345596729059,2.473213749463701,6.331178522041419
v3_sc2_staging_13,L0,0,11,0.8,True,False,False,6.524873734152917,2.9481879299133333,6.757582242041767
v3_sc2_staging_13,L0,0,12,0.8,True,False,False,6.778427124746192,1.7360679774997898,5.312486559124245
v3_sc2_staging_13,L0,0,13,0.8,False,False,False,nan,nan,nan
v3_sc2_staging_13,L0,0,14,0.8,True,False,False,3.7227922061357854,1.6954498400100149,5.516643582596529
v3_sc2_staging_13,L0,0,15,0.8,True,False,False,3.699137802864845,2.454657340538832,5.028562200066126
v3_sc2_staging_13,L0,0,16,0.8,True,False,False,4.74142135623731,1.7610838109190028,6.3500000000000005
v3_sc2_staging_13,L0,0,17,0.8,True,False,False,4.811269837220809,2.1196373794859475,4.420619879649312
v3_sc2_staging_13,L0,0,18,0.8,True,False,False,3.3449747468305833,2.681587653986607,6.048473104472523
v3_sc2_staging_13,L0,0,19,0.8,True,False,False,2.8370057685088805,1.3357559750685821,4.387228253314961
v3_sc2_staging_13,L0,0,0,1.0,True,False,False,5.752081528017131,2.304014978561991,6.4226078900946
v3_sc2_staging_13,L0,0,1,1.0,True,False,False,3.5319805153394634,1.9698178070456938,4.907864643276494
v3_sc2_staging_13,L0,0,2,1.0,True,False,False,3.279898987322332,1.4319679086361656,3.943253312607779
v3_sc2_staging_13,L0,0,3,1.0,True,False,False,7.069848480983502,1.9824383174612823,5.492703897240377
v3_sc2_staging_13,L0,0,4,1.0,True,False,False,3.1,3.905110668303352,7.14280707593748
v3_sc2_staging_13,L0,0,5,1.0,True,False,False,3.0,1.7276669409945464,5.0993303171004305
v3_sc2_staging_13,L0,0,6,1.0,True,False,False,4.294112549695429,1.491230775173988,4.717278984298233
v3_sc2_staging_13,L0,0,7,1.0,True,False,False,4.057716446627535,2.1462237244798485,4.746189093046495
v3_sc2_staging_13,L0,0,8,1.0,True,False,False,3.7642135623730955,3.8832065887886236,6.4765679241300305
v3_sc2_staging_13,L0,0,9,1.0,True,False,False,6.23492424049175,1.7276669409945464,6.4
v3_sc2_staging_13,L0,0,10,1.0,True,False,False,5.776345596729059,2.473213749463701,6.331178522041419
v3_sc2_staging_13,L0,0,11,1.0,True,False,False,6.524873734152917,2.9481879299133333,6.757582242041767
v3_sc2_staging_13,L0,0,12,1.0,True,False,False,6.778427124746192,1.7360679774997898,5.312486559124245
v3_sc2_staging_13,L0,0,13,1.0,False,False,False,nan,nan,nan
v3_sc2_staging_13,L0,0,14,1.0,True,False,False,3.7227922061357854,1.6954498400100149,5.516643582596529
v3_sc2_staging_13,L0,0,15,1.0,True,False,False,3.699137802864845,2.454657340538832,5.028562200066126
v3_sc2_staging_13,L0,0,16,1.0,True,False,False,4.74142135623731,1.7610838109190028,6.3500000000000005
v3_sc2_staging_13,L0,0,17,1.0,True,False,False,4.811269837220809,2.1196373794859475,4.420619879649312
v3_sc2_staging_13,L0,0,18,1.0,True,False,False,3.3449747468305833,2.681587653986607,6.048473104472523
v3_sc2_staging_13,L0,0,19,1.0,True,False,False,2.8370057685088805,1.3357559750685821,4.387228253314961
v3_sc2_staging_13,L0,0,0,1.25,True,False,False,5.752081528017131,2.304014978561991,6.4226078900946
v3_sc2_staging_13,L0,0,1,1.25,True,False,False,3.5319805153394634,1.9698178070456938,4.907864643276494
v3_sc2_staging_13,L0,0,2,1.25,True,False,False,3.279898987322332,1.4319679086361656,3.943253312607779
v3_sc2_staging_13,L0,0,3,1.25,True,False,False,7.069848480983502,1.9824383174612823,5.492703897240377
v3_sc2_staging_13,L0,0,4,1.25,True,False,False,3.1,3.905110668303352,7.14280707593748
v3_sc2_staging_13,L0,0,5,1.25,True,False,False,3.0,1.7276669409945464,5.0993303171004305
v3_sc2_staging_13,L0,0,6,1.25,True,False,False,4.294112549695429,1.491230775173988,4.717278984298233
v3_sc2_staging_13,L0,0,7,1.25,True,False,False,4.057716446627535,2.1462237244798485,4.746189093046495
v3_sc2_staging_13,L0,0,8,1.25,True,False,False,3.7642135623730955,3.8832065887886236,6.4765679241300305
v3_sc2_staging_13,L0,0,9,1.25,True,False,False,6.23492424049175,1.7276669409945464,6.4
v3_sc2_staging_13,L0,0,10,1.25,True,False,False,5.776345596729059,2.473213749463701,6.331178522041419
v3_sc2_staging_13,L0,0,11,1.25,True,False,False,6.524873734152917,2.9481879299133333,6.757582242041767
v3_sc2_staging_13,L0,0,12,1.25,True,False,False,6.778427124746192,1.7360679774997898,5.312486559124245
v3_sc2_staging_13,L0,0,13,1.25,False,False,False,nan,nan,nan
v3_sc2_staging_13,L0,0,14,1.25,True,False,False,3.7227922061357854,1.6954498400100149,5.516643582596529
v3_sc2_staging_13,L0,0,15,1.25,True,False,False,3.699137802864845,2.454657340538832,5.028562200066126
v3_sc2_staging_13,L0,0,16,1.25,True,False,False,4.74142135623731,1.7610838109190028,6.3500000000000005
v3_sc2_staging_13,L0,0,17,1.25,True,False,False,4.811269837220809,2.1196373794859475,4.420619879649312
v3_sc2_staging_13,L0,0,18,1.25,True,False,False,3.3449747468305833,2.681587653986607,6.048473104472523
v3_sc2_staging_13,L0,0,19,1.25,True,False,False,2.8370057685088805,1.3357559750685821,4.387228253314961
v3_sc2_staging_13,L0,0,0,1.5,True,False,False,5.752081528017131,2.304014978561991,6.4226078900946
v3_sc2_staging_13,L0,0,1,1.5,True,False,False,3.5319805153394634,1.9698178070456938,4.907864643276494
v3_sc2_staging_13,L0,0,2,1.5,False,False,False,nan,nan,nan
v3_sc2_staging_13,L0,0,3,1.5,True,False,False,7.069848480983502,1.9824383174612823,5.492703897240377
v3_sc2_staging_13,L0,0,4,1.5,True,False,False,3.1,3.905110668303352,7.14280707593748
v3_sc2_staging_13,L0,0,5,1.5,True,False,False,3.0,1.7276669409945464,5.0993303171004305
v3_sc2_staging_13,L0,0,6,1.5,False,False,False,nan,nan,nan
v3_sc2_staging_13,L0,0,7,1.5,True,False,False,4.057716446627535,2.1462237244798485,4.746189093046495
v3_sc2_staging_13,L0,0,8,1.5,True,False,False,3.7642135623730955,3.8832065887886236,6.4765679241300305
v3_sc2_staging_13,L0,0,9,1.5,True,False,False,6.23492424049175,1.7276669409945464,6.4
v3_sc2_staging_13,L0,0,10,1.5,True,False,False,5.776345596729059,2.473213749463701,6.331178522041419
v3_sc2_staging_13,L0,0,11,1.5,True,False,False,6.524873734152917,2.9481879299133333,6.757582242041767
v3_sc2_staging_13,L0,0,12,1.5,True,False,False,6.778427124746192,1.7360679774997898,5.312486559124245
v3_sc2_staging_13,L0,0,13,1.5,False,False,False,nan,nan,nan
v3_sc2_staging_13,L0,0,14,1.5,True,False,False,3.7227922061357854,1.6954498400100149,5.516643582596529
v3_sc2_staging_13,L0,0,15,1.5,True,False,False,3.699137802864845,2.454657340538832,5.028562200066126
v3_sc2_staging_13,L0,0,16,1.5,True,False,False,4.74142135623731,1.7610838109190028,6.3500000000000005
v3_sc2_staging_13,L0,0,17,1.5,True,False,False,4.811269837220809,2.1196373794859475,4.420619879649312
v3_sc2_staging_13,L0,0,18,1.5,True,False,False,3.3449747468305833,2.681587653986607,6.048473104472523
v3_sc2_staging_13,L0,0,19,1.5,False,False,False,nan,nan,nan
v3_sc2_staging_13,L0,0,0,2.0,True,False,False,5.752081528017131,2.304014978561991,6.4226078900946
v3_sc2_staging_13,L0,0,1,2.0,False,False,False,nan,nan,nan
v3_sc2_staging_13,L0,0,2,2.0,False,False,False,nan,nan,nan
v3_sc2_staging_13,L0,0,3,2.0,False,False,False,nan,nan,nan
v3_sc2_staging_13,L0,0,4,2.0,True,False,False,3.1,3.905110668303352,7.14280707593748
v3_sc2_staging_13,L0,0,5,2.0,False,False,False,nan,nan,nan
v3_sc2_staging_13,L0,0,6,2.0,False,False,False,nan,nan,nan
v3_sc2_staging_13,L0,0,7,2.0,True,False,False,4.057716446627535,2.1462237244798485,4.746189093046495
v3_sc2_staging_13,L0,0,8,2.0,True,False,False,3.7642135623730955,3.8832065887886236,6.4765679241300305
v3_sc2_staging_13,L0,0,9,2.0,False,False,False,nan,nan,nan
v3_sc2_staging_13,L0,0,10,2.0,True,False,False,5.776345596729059,2.473213749463701,6.331178522041419
v3_sc2_staging_13,L0,0,11,2.0,True,False,False,6.524873734152917,2.9481879299133333,6.757582242041767
v3_sc2_staging_13,L0,0,12,2.0,False,False,False,nan,nan,nan
v3_sc2_staging_13,L0,0,13,2.0,False,False,False,nan,nan,nan
v3_sc2_staging_13,L0,0,14,2.0,False,False,False,nan,nan,nan
v3_sc2_staging_13,L0,0,15,2.0,True,False,False,3.699137802864845,2.454657340538832,5.028562200066126
v3_sc2_staging_13,L0,0,16,2.0,False,False,False,nan,nan,nan
v3_sc2_staging_13,L0,0,17,2.0,True,False,False,4.811269837220809,2.1196373794859475,4.420619879649312
v3_sc2_staging_13,L0,0,18,2.0,True,False,False,3.3449747468305833,2.681587653986607,6.048473104472523
v3_sc2_staging_13,L0,0,19,2.0,False,False,False,nan,nan,nan
v3_sc2_staging_13,L2,0,0,0.0,True,False,False,5.781370849898476,2.3504385627478452,6.4226078900946
v3_sc2_staging_13,L2,0,1,0.0,True,False,False,3.5319805153394634,1.9438698819699876,4.892819299772615
v3_sc2_staging_13,L2,0,2,0.0,False,False,False,nan,nan,nan
v3_sc2_staging_13,L2,0,3,0.0,True,False,False,7.099137802864849,1.9869660230891775,5.484145720150873
v3_sc2_staging_13,L2,0,4,0.0,True,False,False,3.120710678118655,3.8603325561245896,7.116101364871662
v3_sc2_staging_13,L2,0,5,0.0,True,False,False,3.0,1.6920310216782974,5.0901699437494745
v3_sc2_staging_13,L2,0,6,0.0,True,False,False,4.323401871576774,1.460229578391266,4.706966487312935
v3_sc2_staging_13,L2,0,7,0.0,True,False,False,4.078427124746191,2.1277366686941828,4.727332015474051
v3_sc2_staging_13,L2,0,8,0.0,True,False,False,3.7849242404917507,3.873213921133976,6.4327123119310246
v3_sc2_staging_13,L2,0,9,0.0,True,False,False,6.264213562373095,1.8194827009486403,6.4
v3_sc2_staging_13,L2,0,10,0.0,True,False,False,5.805634918610405,2.505411785429744,6.323672031978091
v3_sc2_staging_13,L2,0,11,0.0,True,False,False,6.524873734152918,2.9340209667385553,6.757582242041767
v3_sc2_staging_13,L2,0,12,0.0,True,False,False,6.787005768508881,1.7388613177238113,5.305385430787521
v3_sc2_staging_13,L2,0,13,0.0,True,False,False,6.182590180780452,0.17268120235368556,1.1500000000000001
v3_sc2_staging_13,L2,0,14,0.0,True,False,False,3.7227922061357854,1.7588713996153036,5.5035406219996545
v3_sc2_staging_13,L2,0,15,0.0,True,False,False,3.699137802864845,2.4347061181658383,5.006813960903346
v3_sc2_staging_13,L2,0,16,0.0,True,False,False,4.74142135623731,1.8420076857260739,6.3500000000000005
v3_sc2_staging_13,L2,0,17,0.0,True,False,False,4.811269837220809,2.1086394921491163,4.393107397145499
v3_sc2_staging_13,L2,0,18,0.0,True,False,False,3.3449747468305833,2.6890437438203953,6.036436337944401
v3_sc2_staging_13,L2,0,19,0.0,True,False,False,2.8370057685088805,1.311767093199344,4.375705077217038
v3_sc2_staging_13,L2,0,0,0.1,True,False,False,5.781370849898476,2.3504385627478452,6.4226078900946
v3_sc2_staging_13,L2,0,1,0.1,True,False,False,3.5319805153394634,1.9438698819699876,4.892819299772615
v3_sc2_staging_13,L2,0,2,0.1,False,False,False,nan,nan,nan
v3_sc2_staging_13,L2,0,3,0.1,True,False,False,7.099137802864849,1.9869660230891775,5.484145720150873
v3_sc2_staging_13,L2,0,4,0.1,True,False,False,3.120710678118655,3.8603325561245896,7.116101364871662
v3_sc2_staging_13,L2,0,5,0.1,True,False,False,3.0,1.6920310216782974,5.0901699437494745
v3_sc2_staging_13,L2,0,6,0.1,True,False,False,4.323401871576774,1.460229578391266,4.706966487312935
v3_sc2_staging_13,L2,0,7,0.1,True,False,False,4.078427124746191,2.1277366686941828,4.727332015474051
v3_sc2_staging_13,L2,0,8,0.1,True,False,False,3.7849242404917507,3.873213921133976,6.4327123119310246
v3_sc2_staging_13,L2,0,9,0.1,True,False,False,6.264213562373095,1.8194827009486403,6.4
v3_sc2_staging_13,L2,0,10,0.1,True,False,False,5.805634918610405,2.505411785429744,6.323672031978091
v3_sc2_staging_13,L2,0,11,0.1,True,False,False,6.524873734152918,2.9340209667385553,6.757582242041767
v3_sc2_staging_13,L2,0,12,0.1,True,False,False,6.787005768508881,1.7388613177238113,5.305385430787521
v3_sc2_staging_13,L2,0,13,0.1,True,False,False,6.182590180780452,0.17268120235368556,1.1500000000000001
v3_sc2_staging_13,L2,0,14,0.1,True,False,False,3.7227922061357854,1.7588713996153036,5.5035406219996545
v3_sc2_staging_13,L2,0,15,0.1,True,False,False,3.699137802864845,2.4347061181658383,5.006813960903346
v3_sc2_staging_13,L2,0,16,0.1,True,False,False,4.74142135623731,1.8420076857260739,6.3500000000000005
v3_sc2_staging_13,L2,0,17,0.1,True,False,False,4.811269837220809,2.1086394921491163,4.393107397145499
v3_sc2_staging_13,L2,0,18,0.1,True,False,False,3.3449747468305833,2.6890437438203953,6.036436337944401
v3_sc2_staging_13,L2,0,19,0.1,True,False,False,2.8370057685088805,1.311767093199344,4.375705077217038
v3_sc2_staging_13,L2,0,0,0.2,True,False,False,5.781370849898476,2.3504385627478452,6.4226078900946
v3_sc2_staging_13,L2,0,1,0.2,True,False,False,3.5319805153394634,1.9438698819699876,4.892819299772615
v3_sc2_staging_13,L2,0,2,0.2,False,False,False,nan,nan,nan
v3_sc2_staging_13,L2,0,3,0.2,True,False,False,7.099137802864849,1.9869660230891775,5.484145720150873
v3_sc2_staging_13,L2,0,4,0.2,True,False,False,3.120710678118655,3.8603325561245896,7.116101364871662
v3_sc2_staging_13,L2,0,5,0.2,True,False,False,3.0,1.6920310216782974,5.0901699437494745
v3_sc2_staging_13,L2,0,6,0.2,True,False,False,4.323401871576774,1.460229578391266,4.706966487312935
v3_sc2_staging_13,L2,0,7,0.2,True,False,False,4.078427124746191,2.1277366686941828,4.727332015474051
v3_sc2_staging_13,L2,0,8,0.2,True,False,False,3.7849242404917507,3.873213921133976,6.4327123119310246
v3_sc2_staging_13,L2,0,9,0.2,True,False,False,6.264213562373095,1.8194827009486403,6.4
v3_sc2_staging_13,L2,0,10,0.2,True,False,False,5.805634918610405,2.505411785429744,6.323672031978091
v3_sc2_staging_13,L2,0,11,0.2,True,False,False,6.524873734152918,2.9340209667385553,6.757582242041767
v3_sc2_staging_13,L2,0,12,0.2,True,False,False,6.787005768508881,1.7388613177238113,5.305385430787521
v3_sc2_staging_13,L2,0,13,0.2,True,False,False,6.182590180780452,0.20710678118654757,1.1500000000000001
v3_sc2_staging_13,L2,0,14,0.2,True,False,False,3.7227922061357854,1.7588713996153036,5.5035406219996545
v3_sc2_staging_13,L2,0,15,0.2,True,False,False,3.699137802864845,2.4347061181658383,5.006813960903346
v3_sc2_staging_13,L2,0,16,0.2,True,False,False,4.74142135623731,1.8420076857260739,6.3500000000000005
v3_sc2_staging_13,L2,0,17,0.2,True,False,False,4.811269837220809,2.1086394921491163,4.393107397145499
v3_sc2_staging_13,L2,0,18,0.2,True,False,False,3.3449747468305833,2.6890437438203953,6.036436337944401
v3_sc2_staging_13,L2,0,19,0.2,True,False,False,2.8370057685088805,1.311767093199344,4.375705077217038
v3_sc2_staging_13,L2,0,0,0.3,True,False,False,5.781370849898476,2.3504385627478452,6.4226078900946
v3_sc2_staging_13,L2,0,1,0.3,True,False,False,3.5319805153394634,1.9438698819699876,4.892819299772615
v3_sc2_staging_13,L2,0,2,0.3,False,False,False,nan,nan,nan
v3_sc2_staging_13,L2,0,3,0.3,True,False,False,7.099137802864849,1.9869660230891775,5.484145720150873
v3_sc2_staging_13,L2,0,4,0.3,True,False,False,3.120710678118655,3.8603325561245896,7.116101364871662
v3_sc2_staging_13,L2,0,5,0.3,True,False,False,3.0,1.6920310216782974,5.0901699437494745
v3_sc2_staging_13,L2,0,6,0.3,True,False,False,4.323401871576774,1.460229578391266,4.706966487312935
v3_sc2_staging_13,L2,0,7,0.3,True,False,False,4.078427124746191,2.1277366686941828,4.727332015474051
v3_sc2_staging_13,L2,0,8,0.3,True,False,False,3.7849242404917507,3.873213921133976,6.4327123119310246
v3_sc2_staging_13,L2,0,9,0.3,True,False,False,6.264213562373095,1.8194827009486403,6.4
v3_sc2_staging_13,L2,0,10,0.3,True,False,False,5.805634918610405,2.505411785429744,6.323672031978091
v3_sc2_staging_13,L2,0,11,0.3,True,False,False,6.524873734152918,2.9340209667385553,6.757582242041767
v3_sc2_staging_13,L2,0,12,0.3,True,False,False,6.787005768508881,1.7388613177238113,5.305385430787521
v3_sc2_staging_13,L2,0,13,0.3,True,False,False,6.182590180780452,0.3139410298049854,1.1500000000000001
v3_sc2_staging_13,L2,0,14,0.3,True,False,False,3.7227922061357854,1.7588713996153036,5.5035406219996545
v3_sc2_staging_13,L2,0,15,0.3,True,False,False,3.699137802864845,2.4347061181658383,5.006813960903346
v3_sc2_staging_13,L2,0,16,0.3,True,False,False,4.74142135623731,1.8420076857260739,6.3500000000000005
v3_sc2_staging_13,L2,0,17,0.3,True,False,False,4.811269837220809,2.1086394921491163,4.393107397145499
v3_sc2_staging_13,L2,0,18,0.3,True,False,False,3.3449747468305833,2.6890437438203953,6.036436337944401
v3_sc2_staging_13,L2,0,19,0.3,True,False,False,2.8370057685088805,1.311767093199344,4.375705077217038
v3_sc2_staging_13,L2,0,0,0.4,True,False,False,5.781370849898476,2.3504385627478452,6.4226078900946
v3_sc2_staging_13,L2,0,1,0.4,True,False,False,3.5319805153394634,1.9438698819699876,4.892819299772615
v3_sc2_staging_13,L2,0,2,0.4,False,False,False,nan,nan,nan
v3_sc2_staging_13,L2,0,3,0.4,True,False,False,7.099137802864849,1.9869660230891775,5.484145720150873
v3_sc2_staging_13,L2,0,4,0.4,True,False,False,3.120710678118655,3.8603325561245896,7.116101364871662
v3_sc2_staging_13,L2,0,5,0.4,True,False,False,3.0,1.6920310216782974,5.0901699437494745
v3_sc2_staging_13,L2,0,6,0.4,True,False,False,4.323401871576774,1.460229578391266,4.706966487312935
v3_sc2_staging_13,L2,0,7,0.4,True,False,False,4.078427124746191,2.1277366686941828,4.727332015474051
v3_sc2_staging_13,L2,0,8,0.4,True,False,False,3.7849242404917507,3.873213921133976,6.4327123119310246
v3_sc2_staging_13,L2,0,9,0.4,True,False,False,6.264213562373095,1.8194827009486403,6.4
v3_sc2_staging_13,L2,0,10,0.4,True,False,False,5.805634918610405,2.505411785429744,6.323672031978091
v3_sc2_staging_13,L2,0,11,0.4,True,False,False,6.524873734152918,2.9340209667385553,6.757582242041767
v3_sc2_staging_13,L2,0,12,0.4,True,False,False,6.787005768508881,1.7388613177238113,5.305385430787521
v3_sc2_staging_13,L2,0,13,0.4,False,False,False,nan,nan,nan
v3_sc2_staging_13,L2,0,14,0.4,True,False,False,3.7227922061357854,1.7588713996153036,5.5035406219996545
v3_sc2_staging_13,L2,0,15,0.4,True,False,False,3.699137802864845,2.4347061181658383,5.006813960903346
v3_sc2_staging_13,L2,0,16,0.4,True,False,False,4.74142135623731,1.8420076857260739,6.3500000000000005
v3_sc2_staging_13,L2,0,17,0.4,True,False,False,4.811269837220809,2.1086394921491163,4.393107397145499
v3_sc2_staging_13,L2,0,18,0.4,True,False,False,3.3449747468305833,2.6890437438203953,6.036436337944401
v3_sc2_staging_13,L2,0,19,0.4,True,False,False,2.8370057685088805,1.311767093199344,4.375705077217038
v3_sc2_staging_13,L2,0,0,0.5,True,False,False,5.781370849898476,2.3504385627478452,6.4226078900946
v3_sc2_staging_13,L2,0,1,0.5,True,False,False,3.5319805153394634,1.9438698819699876,4.892819299772615
v3_sc2_staging_13,L2,0,2,0.5,False,False,False,nan,nan,nan
v3_sc2_staging_13,L2,0,3,0.5,True,False,False,7.099137802864849,1.9869660230891775,5.484145720150873
v3_sc2_staging_13,L2,0,4,0.5,True,False,False,3.120710678118655,3.8603325561245896,7.116101364871662
v3_sc2_staging_13,L2,0,5,0.5,True,False,False,3.0,1.6920310216782974,5.0901699437494745
v3_sc2_staging_13,L2,0,6,0.5,True,False,False,4.323401871576774,1.460229578391266,4.706966487312935
v3_sc2_staging_13,L2,0,7,0.5,True,False,False,4.078427124746191,2.1277366686941828,4.727332015474051
v3_sc2_staging_13,L2,0,8,0.5,True,False,False,3.7849242404917507,3.873213921133976,6.4327123119310246
v3_sc2_staging_13,L2,0,9,0.5,True,False,False,6.264213562373095,1.8194827009486403,6.4
v3_sc2_staging_13,L2,0,10,0.5,True,False,False,5.805634918610405,2.505411785429744,6.323672031978091
v3_sc2_staging_13,L2,0,11,0.5,True,False,False,6.524873734152918,2.9340209667385553,6.757582242041767
v3_sc2_staging_13,L2,0,12,0.5,True,False,False,6.787005768508881,1.7388613177238113,5.305385430787521
v3_sc2_staging_13,L2,0,13,0.5,False,False,False,nan,nan,nan
v3_sc2_staging_13,L2,0,14,0.5,True,False,False,3.7227922061357854,1.7588713996153036,5.5035406219996545
v3_sc2_staging_13,L2,0,15,0.5,True,False,False,3.699137802864845,2.4347061181658383,5.006813960903346
v3_sc2_staging_13,L2,0,16,0.5,True,False,False,4.74142135623731,1.8420076857260739,6.3500000000000005
v3_sc2_staging_13,L2,0,17,0.5,True,False,False,4.811269837220809,2.1086394921491163,4.393107397145499
v3_sc2_staging_13,L2,0,18,0.5,True,False,False,3.3449747468305833,2.6890437438203953,6.036436337944401
v3_sc2_staging_13,L2,0,19,0.5,True,False,False,2.8370057685088805,1.311767093199344,4.375705077217038
v3_sc2_staging_13,L2,0,0,0.6,True,False,False,5.781370849898476,2.3504385627478452,6.4226078900946
v3_sc2_staging_13,L2,0,1,0.6,True,False,False,3.5319805153394634,1.9438698819699876,4.892819299772615
v3_sc2_staging_13,L2,0,2,0.6,False,False,False,nan,nan,nan
v3_sc2_staging_13,L2,0,3,0.6,True,False,False,7.099137802864849,1.9869660230891775,5.484145720150873
v3_sc2_staging_13,L2,0,4,0.6,True,False,False,3.120710678118655,3.8603325561245896,7.116101364871662
v3_sc2_staging_13,L2,0,5,0.6,True,False,False,3.0,1.6920310216782974,5.0901699437494745
v3_sc2_staging_13,L2,0,6,0.6,True,False,False,4.323401871576774,1.460229578391266,4.706966487312935
v3_sc2_staging_13,L2,0,7,0.6,True,False,False,4.078427124746191,2.1277366686941828,4.727332015474051
v3_sc2_staging_13,L2,0,8,0.6,True,False,False,3.7849242404917507,3.873213921133976,6.4327123119310246
v3_sc2_staging_13,L2,0,9,0.6,True,False,False,6.264213562373095,1.8194827009486403,6.4
v3_sc2_staging_13,L2,0,10,0.6,True,False,False,5.805634918610405,2.505411785429744,6.323672031978091
v3_sc2_staging_13,L2,0,11,0.6,True,False,False,6.524873734152918,2.9340209667385553,6.757582242041767
v3_sc2_staging_13,L2,0,12,0.6,True,False,False,6.787005768508881,1.7388613177238113,5.305385430787521
v3_sc2_staging_13,L2,0,13,0.6,False,False,False,nan,nan,nan
v3_sc2_staging_13,L2,0,14,0.6,True,False,False,3.7227922061357854,1.7588713996153036,5.5035406219996545
v3_sc2_staging_13,L2,0,15,0.6,True,False,False,3.699137802864845,2.4347061181658383,5.006813960903346
v3_sc2_staging_13,L2,0,16,0.6,True,False,False,4.74142135623731,1.8420076857260739,6.3500000000000005
v3_sc2_staging_13,L2,0,17,0.6,True,False,False,4.811269837220809,2.1086394921491163,4.393107397145499
v3_sc2_staging_13,L2,0,18,0.6,True,False,False,3.3449747468305833,2.6890437438203953,6.036436337944401
v3_sc2_staging_13,L2,0,19,0.6,True,False,False,2.8370057685088805,1.311767093199344,4.375705077217038
v3_sc2_staging_13,L2,0,0,0.8,True,False,False,5.781370849898476,2.3504385627478452,6.4226078900946
v3_sc2_staging_13,L2,0,1,0.8,True,False,False,3.5319805153394634,1.9438698819699876,4.892819299772615
v3_sc2_staging_13,L2,0,2,0.8,False,False,False,nan,nan,nan
v3_sc2_staging_13,L2,0,3,0.8,True,False,False,7.099137802864849,1.9869660230891775,5.484145720150873
v3_sc2_staging_13,L2,0,4,0.8,True,False,False,3.120710678118655,3.8603325561245896,7.116101364871662
v3_sc2_staging_13,L2,0,5,0.8,True,False,False,3.0,1.6920310216782974,5.0901699437494745
v3_sc2_staging_13,L2,0,6,0.8,True,False,False,4.323401871576774,1.460229578391266,4.706966487312935
v3_sc2_staging_13,L2,0,7,0.8,True,False,False,4.078427124746191,2.1277366686941828,4.727332015474051
v3_sc2_staging_13,L2,0,8,0.8,True,False,False,3.7849242404917507,3.873213921133976,6.4327123119310246
v3_sc2_staging_13,L2,0,9,0.8,True,False,False,6.264213562373095,1.8194827009486403,6.4
v3_sc2_staging_13,L2,0,10,0.8,True,False,False,5.805634918610405,2.505411785429744,6.323672031978091
v3_sc2_staging_13,L2,0,11,0.8,True,False,False,6.524873734152918,2.9340209667385553,6.757582242041767
v3_sc2_staging_13,L2,0,12,0.8,True,False,False,6.787005768508881,1.7388613177238113,5.305385430787521
v3_sc2_staging_13,L2,0,13,0.8,False,False,False,nan,nan,nan
v3_sc2_staging_13,L2,0,14,0.8,True,False,False,3.7227922061357854,1.7588713996153036,5.5035406219996545
v3_sc2_staging_13,L2,0,15,0.8,True,False,False,3.699137802864845,2.4347061181658383,5.006813960903346
v3_sc2_staging_13,L2,0,16,0.8,True,False,False,4.74142135623731,1.8420076857260739,6.3500000000000005
v3_sc2_staging_13,L2,0,17,0.8,True,False,False,4.811269837220809,2.1086394921491163,4.393107397145499
v3_sc2_staging_13,L2,0,18,0.8,True,False,False,3.3449747468305833,2.6890437438203953,6.036436337944401
v3_sc2_staging_13,L2,0,19,0.8,True,False,False,2.8370057685088805,1.311767093199344,4.375705077217038
v3_sc2_staging_13,L2,0,0,1.0,True,False,False,5.781370849898476,2.3504385627478452,6.4226078900946
v3_sc2_staging_13,L2,0,1,1.0,True,False,False,3.5319805153394634,1.9438698819699876,4.892819299772615
v3_sc2_staging_13,L2,0,2,1.0,False,False,False,nan,nan,nan
v3_sc2_staging_13,L2,0,3,1.0,True,False,False,7.099137802864849,1.9869660230891775,5.484145720150873
v3_sc2_staging_13,L2,0,4,1.0,True,False,False,3.120710678118655,3.8603325561245896,7.116101364871662
v3_sc2_staging_13,L2,0,5,1.0,True,False,False,3.0,1.6920310216782974,5.0901699437494745
v3_sc2_staging_13,L2,0,6,1.0,True,False,False,4.323401871576774,1.460229578391266,4.706966487312935
v3_sc2_staging_13,L2,0,7,1.0,True,False,False,4.078427124746191,2.1277366686941828,4.727332015474051
v3_sc2_staging_13,L2,0,8,1.0,True,False,False,3.7849242404917507,3.873213921133976,6.4327123119310246
v3_sc2_staging_13,L2,0,9,1.0,True,False,False,6.264213562373095,1.8194827009486403,6.4
v3_sc2_staging_13,L2,0,10,1.0,True,False,False,5.805634918610405,2.505411785429744,6.323672031978091
v3_sc2_staging_13,L2,0,11,1.0,True,False,False,6.524873734152918,2.9340209667385553,6.757582242041767
v3_sc2_staging_13,L2,0,12,1.0,True,False,False,6.787005768508881,1.7388613177238113,5.305385430787521
v3_sc2_staging_13,L2,0,13,1.0,False,False,False,nan,nan,nan
v3_sc2_staging_13,L2,0,14,1.0,True,False,False,3.7227922061357854,1.7588713996153036,5.5035406219996545
v3_sc2_staging_13,L2,0,15,1.0,True,False,False,3.699137802864845,2.4347061181658383,5.006813960903346
v3_sc2_staging_13,L2,0,16,1.0,True,False,False,4.74142135623731,1.8420076857260739,6.3500000000000005
v3_sc2_staging_13,L2,0,17,1.0,True,False,False,4.811269837220809,2.1086394921491163,4.393107397145499
v3_sc2_staging_13,L2,0,18,1.0,True,False,False,3.3449747468305833,2.6890437438203953,6.036436337944401
v3_sc2_staging_13,L2,0,19,1.0,True,False,False,2.8370057685088805,1.311767093199344,4.375705077217038
v3_sc2_staging_13,L2,0,0,1.25,True,False,False,5.781370849898476,2.3504385627478452,6.4226078900946
v3_sc2_staging_13,L2,0,1,1.25,True,False,False,3.5319805153394634,1.9438698819699876,4.892819299772615
v3_sc2_staging_13,L2,0,2,1.25,False,False,False,nan,nan,nan
v3_sc2_staging_13,L2,0,3,1.25,True,False,False,7.099137802864849,1.9869660230891775,5.484145720150873
v3_sc2_staging_13,L2,0,4,1.25,True,False,False,3.120710678118655,3.8603325561245896,7.116101364871662
v3_sc2_staging_13,L2,0,5,1.25,True,False,False,3.0,1.6920310216782974,5.0901699437494745
v3_sc2_staging_13,L2,0,6,1.25,True,False,False,4.323401871576774,1.460229578391266,4.706966487312935
v3_sc2_staging_13,L2,0,7,1.25,True,False,False,4.078427124746191,2.1277366686941828,4.727332015474051
v3_sc2_staging_13,L2,0,8,1.25,True,False,False,3.7849242404917507,3.873213921133976,6.4327123119310246
v3_sc2_staging_13,L2,0,9,1.25,True,False,False,6.264213562373095,1.8194827009486403,6.4
v3_sc2_staging_13,L2,0,10,1.25,True,False,False,5.805634918610405,2.505411785429744,6.323672031978091
v3_sc2_staging_13,L2,0,11,1.25,True,False,False,6.524873734152918,2.9340209667385553,6.757582242041767
v3_sc2_staging_13,L2,0,12,1.25,True,False,False,6.787005768508881,1.7388613177238113,5.305385430787521
v3_sc2_staging_13,L2,0,13,1.25,False,False,False,nan,nan,nan
v3_sc2_staging_13,L2,0,14,1.25,True,False,False,3.7227922061357854,1.7588713996153036,5.5035406219996545
v3_sc2_staging_13,L2,0,15,1.25,True,False,False,3.699137802864845,2.4347061181658383,5.006813960903346
v3_sc2_staging_13,L2,0,16,1.25,True,False,False,4.74142135623731,1.8420076857260739,6.3500000000000005
v3_sc2_staging_13,L2,0,17,1.25,True,False,False,4.811269837220809,2.1086394921491163,4.393107397145499
v3_sc2_staging_13,L2,0,18,1.25,True,False,False,3.3449747468305833,2.6890437438203953,6.036436337944401
v3_sc2_staging_13,L2,0,19,1.25,True,False,False,2.8370057685088805,1.311767093199344,4.375705077217038
v3_sc2_staging_13,L2,0,0,1.5,True,False,False,5.781370849898476,2.3504385627478452,6.4226078900946
v3_sc2_staging_13,L2,0,1,1.5,True,False,False,3.5319805153394634,1.9438698819699876,4.892819299772615
v3_sc2_staging_13,L2,0,2,1.5,False,False,False,nan,nan,nan
v3_sc2_staging_13,L2,0,3,1.5,True,False,False,7.099137802864849,1.9869660230891775,5.484145720150873
v3_sc2_staging_13,L2,0,4,1.5,True,False,False,3.120710678118655,3.8603325561245896,7.116101364871662
v3_sc2_staging_13,L2,0,5,1.5,True,False,False,3.0,1.6920310216782974,5.0901699437494745
v3_sc2_staging_13,L2,0,6,1.5,False,False,False,nan,nan,nan
v3_sc2_staging_13,L2,0,7,1.5,True,False,False,4.078427124746191,2.1277366686941828,4.727332015474051
v3_sc2_staging_13,L2,0,8,1.5,True,False,False,3.7849242404917507,3.873213921133976,6.4327123119310246
v3_sc2_staging_13,L2,0,9,1.5,True,False,False,6.264213562373095,1.8194827009486403,6.4
v3_sc2_staging_13,L2,0,10,1.5,True,False,False,5.805634918610405,2.505411785429744,6.323672031978091
v3_sc2_staging_13,L2,0,11,1.5,True,False,False,6.524873734152918,2.9340209667385553,6.757582242041767
v3_sc2_staging_13,L2,0,12,1.5,True,False,False,6.787005768508881,1.7388613177238113,5.305385430787521
v3_sc2_staging_13,L2,0,13,1.5,False,False,False,nan,nan,nan
v3_sc2_staging_13,L2,0,14,1.5,True,False,False,3.7227922061357854,1.7588713996153036,5.5035406219996545
v3_sc2_staging_13,L2,0,15,1.5,True,False,False,3.699137802864845,2.4347061181658383,5.006813960903346
v3_sc2_staging_13,L2,0,16,1.5,True,False,False,4.74142135623731,1.8420076857260739,6.3500000000000005
v3_sc2_staging_13,L2,0,17,1.5,True,False,False,4.811269837220809,2.1086394921491163,4.393107397145499
v3_sc2_staging_13,L2,0,18,1.5,True,False,False,3.3449747468305833,2.6890437438203953,6.036436337944401
v3_sc2_staging_13,L2,0,19,1.5,False,False,False,nan,nan,nan
v3_sc2_staging_13,L2,0,0,2.0,True,False,False,5.781370849898476,2.3504385627478452,6.4226078900946
v3_sc2_staging_13,L2,0,1,2.0,False,False,False,nan,nan,nan
v3_sc2_staging_13,L2,0,2,2.0,False,False,False,nan,nan,nan
v3_sc2_staging_13,L2,0,3,2.0,False,False,False,nan,nan,nan
v3_sc2_staging_13,L2,0,4,2.0,True,False,False,3.120710678118655,3.8603325561245896,7.116101364871662
v3_sc2_staging_13,L2,0,5,2.0,False,False,False,nan,nan,nan
v3_sc2_staging_13,L2,0,6,2.0,False,False,False,nan,nan,nan
v3_sc2_staging_13,L2,0,7,2.0,True,False,False,4.078427124746191,2.1277366686941828,4.727332015474051
v3_sc2_staging_13,L2,0,8,2.0,True,False,False,3.7849242404917507,3.873213921133976,6.4327123119310246
v3_sc2_staging_13,L2,0,9,2.0,False,False,False,nan,nan,nan
v3_sc2_staging_13,L2,0,10,2.0,True,False,False,5.805634918610405,2.505411785429744,6.323672031978091
v3_sc2_staging_13,L2,0,11,2.0,True,False,False,6.524873734152918,2.9340209667385553,6.757582242041767
v3_sc2_staging_13,L2,0,12,2.0,False,False,False,nan,nan,nan
v3_sc2_staging_13,L2,0,13,2.0,False,False,False,nan,nan,nan
v3_sc2_staging_13,L2,0,14,2.0,False,False,False,nan,nan,nan
v3_sc2_staging_13,L2,0,15,2.0,True,False,False,3.699137802864845,2.4347061181658383,5.006813960903346
v3_sc2_staging_13,L2,0,16,2.0,False,False,False,nan,nan,nan
v3_sc2_staging_13,L2,0,17,2.0,True,False,False,4.811269837220809,2.1086394921491163,4.393107397145499
v3_sc2_staging_13,L2,0,18,2.0,True,False,False,3.3449747468305833,2.6890437438203953,6.036436337944401
v3_sc2_staging_13,L2,0,19,2.0,False,False,False,nan,nan,nan
v3_sc2_staging_13,L2,1,0,0.0,True,False,False,5.702081528017131,2.420616373302047,6.43000721500346
v3_sc2_staging_13,L2,1,1,0.0,True,False,False,3.4819805153394636,1.9869660230891775,4.923329235810786
v3_sc2_staging_13,L2,1,2,0.0,False,False,False,nan,nan,nan
v3_sc2_staging_13,L2,1,3,0.0,True,False,False,7.019848480983502,2.030316185775999,5.501666435249463
v3_sc2_staging_13,L2,1,4,0.0,False,False,False,nan,nan,nan
v3_sc2_staging_13,L2,1,5,0.0,False,False,False,nan,nan,nan
v3_sc2_staging_13,L2,1,6,0.0,True,False,False,4.244112549695429,1.5,4.728049349422785
v3_sc2_staging_13,L2,1,7,0.0,True,False,False,4.02842712474619,2.1744158240632667,4.765453446760308
v3_sc2_staging_13,L2,1,8,0.0,True,False,False,3.78492424049175,3.8908996800200297,6.4593462336630445
v3_sc2_staging_13,L2,1,9,0.0,True,False,False,6.18492424049175,1.8759208741033446,6.4
v3_sc2_staging_13,L2,1,10,0.0,True,False,False,5.726345596729059,2.576117683054405,6.3390423306191055
v3_sc2_staging_13,L2,1,11,0.0,True,False,False,6.524873734152917,2.9630189141845586,6.757582242041767
v3_sc2_staging_13,L2,1,12,0.0,True,False,False,6.728427124746192,1.7901964981197573,5.320008591058952
v3_sc2_staging_13,L2,1,13,0.0,True,False,False,6.144722215136417,0.42195444572928875,1.1500000000000001
v3_sc2_staging_13,L2,1,14,0.0,True,False,False,3.7435028842544398,1.8264780248263683,5.530132668523969
v3_sc2_staging_13,L2,1,15,0.0,True,False,False,3.649137802864846,2.480771712157776,5.04909902596809
v3_sc2_staging_13,L2,1,16,0.0,True,False,False,4.762132034355964,1.9041630560342617,6.3500000000000005
v3_sc2_staging_13,L2,1,17,0.0,True,False,False,4.761269837220809,2.1575364531836625,4.442165517260627
v3_sc2_staging_13,L2,1,18,0.0,True,False,False,3.3242640687119294,2.7268405600525107,6.060868844901567
v3_sc2_staging_13,L2,1,19,0.0,True,False,False,2.8162950903902257,1.3560711193270585,4.399234634103577
v3_sc2_staging_13,L2,1,0,0.1,True,False,False,5.702081528017131,2.420616373302047,6.43000721500346
v3_sc2_staging_13,L2,1,1,0.1,True,False,False,3.4819805153394636,1.9869660230891775,4.923329235810786
v3_sc2_staging_13,L2,1,2,0.1,False,False,False,nan,nan,nan
v3_sc2_staging_13,L2,1,3,0.1,True,False,False,7.019848480983502,2.030316185775999,5.501666435249463
v3_sc2_staging_13,L2,1,4,0.1,False,False,False,nan,nan,nan
v3_sc2_staging_13,L2,1,5,0.1,False,False,False,nan,nan,nan
v3_sc2_staging_13,L2,1,6,0.1,True,False,False,4.244112549695429,1.5,4.728049349422785
v3_sc2_staging_13,L2,1,7,0.1,True,False,False,4.02842712474619,2.1744158240632667,4.765453446760308
v3_sc2_staging_13,L2,1,8,0.1,True,False,False,3.78492424049175,3.8908996800200297,6.4593462336630445
v3_sc2_staging_13,L2,1,9,0.1,True,False,False,6.18492424049175,1.8759208741033446,6.4
v3_sc2_staging_13,L2,1,10,0.1,True,False,False,5.726345596729059,2.576117683054405,6.3390423306191055
v3_sc2_staging_13,L2,1,11,0.1,True,False,False,6.524873734152917,2.9630189141845586,6.757582242041767
v3_sc2_staging_13,L2,1,12,0.1,True,False,False,6.728427124746192,1.7901964981197573,5.320008591058952
v3_sc2_staging_13,L2,1,13,0.1,True,False,False,6.144722215136417,0.42195444572928875,1.1500000000000001
v3_sc2_staging_13,L2,1,14,0.1,True,False,False,3.7435028842544398,1.8264780248263683,5.530132668523969
v3_sc2_staging_13,L2,1,15,0.1,True,False,False,3.649137802864846,2.480771712157776,5.04909902596809
v3_sc2_staging_13,L2,1,16,0.1,True,False,False,4.762132034355964,1.9041630560342617,6.3500000000000005
v3_sc2_staging_13,L2,1,17,0.1,True,False,False,4.761269837220809,2.1575364531836625,4.442165517260627
v3_sc2_staging_13,L2,1,18,0.1,True,False,False,3.3242640687119294,2.7268405600525107,6.060868844901567
v3_sc2_staging_13,L2,1,19,0.1,True,False,False,2.8162950903902257,1.3560711193270585,4.399234634103577
v3_sc2_staging_13,L2,1,0,0.2,True,False,False,5.702081528017131,2.420616373302047,6.43000721500346
v3_sc2_staging_13,L2,1,1,0.2,True,False,False,3.4819805153394636,1.9869660230891775,4.923329235810786
v3_sc2_staging_13,L2,1,2,0.2,False,False,False,nan,nan,nan
v3_sc2_staging_13,L2,1,3,0.2,True,False,False,7.019848480983502,2.030316185775999,5.501666435249463
v3_sc2_staging_13,L2,1,4,0.2,False,False,False,nan,nan,nan
v3_sc2_staging_13,L2,1,5,0.2,False,False,False,nan,nan,nan
v3_sc2_staging_13,L2,1,6,0.2,True,False,False,4.244112549695429,1.5,4.728049349422785
v3_sc2_staging_13,L2,1,7,0.2,True,False,False,4.02842712474619,2.1744158240632667,4.765453446760308
v3_sc2_staging_13,L2,1,8,0.2,True,False,False,3.78492424049175,3.8908996800200297,6.4593462336630445
v3_sc2_staging_13,L2,1,9,0.2,True,False,False,6.18492424049175,1.8759208741033446,6.4
v3_sc2_staging_13,L2,1,10,0.2,True,False,False,5.726345596729059,2.576117683054405,6.3390423306191055
v3_sc2_staging_13,L2,1,11,0.2,True,False,False,6.524873734152917,2.9630189141845586,6.757582242041767
v3_sc2_staging_13,L2,1,12,0.2,True,False,False,6.728427124746192,1.7901964981197573,5.320008591058952
v3_sc2_staging_13,L2,1,13,0.2,True,False,False,6.144722215136417,0.42195444572928875,1.1500000000000001
v3_sc2_staging_13,L2,1,14,0.2,True,False,False,3.7435028842544398,1.8264780248263683,5.530132668523969
v3_sc2_staging_13,L2,1,15,0.2,True,False,False,3.649137802864846,2.480771712157776,5.04909902596809
v3_sc2_staging_13,L2,1,16,0.2,True,False,False,4.762132034355964,1.9041630560342617,6.3500000000000005
v3_sc2_staging_13,L2,1,17,0.2,True,False,False,4.761269837220809,2.1575364531836625,4.442165517260627
v3_sc2_staging_13,L2,1,18,0.2,True,False,False,3.3242640687119294,2.7268405600525107,6.060868844901567
v3_sc2_staging_13,L2,1,19,0.2,True,False,False,2.8162950903902257,1.3560711193270585,4.399234634103577
v3_sc2_staging_13,L2,1,0,0.3,True,False,False,5.702081528017131,2.420616373302047,6.43000721500346
v3_sc2_staging_13,L2,1,1,0.3,True,False,False,3.4819805153394636,1.9869660230891775,4.923329235810786
v3_sc2_staging_13,L2,1,2,0.3,False,False,False,nan,nan,nan
v3_sc2_staging_13,L2,1,3,0.3,True,False,False,7.019848480983502,2.030316185775999,5.501666435249463
v3_sc2_staging_13,L2,1,4,0.3,False,False,False,nan,nan,nan
v3_sc2_staging_13,L2,1,5,0.3,False,False,False,nan,nan,nan
v3_sc2_staging_13,L2,1,6,0.3,True,False,False,4.244112549695429,1.5,4.728049349422785
v3_sc2_staging_13,L2,1,7,0.3,True,False,False,4.02842712474619,2.1744158240632667,4.765453446760308
v3_sc2_staging_13,L2,1,8,0.3,True,False,False,3.78492424049175,3.8908996800200297,6.4593462336630445
v3_sc2_staging_13,L2,1,9,0.3,True,False,False,6.18492424049175,1.8759208741033446,6.4
v3_sc2_staging_13,L2,1,10,0.3,True,False,False,5.726345596729059,2.576117683054405,6.3390423306191055
v3_sc2_staging_13,L2,1,11,0.3,True,False,False,6.524873734152917,2.9630189141845586,6.757582242041767
v3_sc2_staging_13,L2,1,12,0.3,True,False,False,6.728427124746192,1.7901964981197573,5.320008591058952
v3_sc2_staging_13,L2,1,13,0.3,True,False,False,6.144722215136417,0.42195444572928875,1.1500000000000001
v3_sc2_staging_13,L2,1,14,0.3,True,False,False,3.7435028842544398,1.8264780248263683,5.530132668523969
v3_sc2_staging_13,L2,1,15,0.3,True,False,False,3.649137802864846,2.480771712157776,5.04909902596809
v3_sc2_staging_13,L2,1,16,0.3,True,False,False,4.762132034355964,1.9041630560342617,6.3500000000000005
v3_sc2_staging_13,L2,1,17,0.3,True,False,False,4.761269837220809,2.1575364531836625,4.442165517260627
v3_sc2_staging_13,L2,1,18,0.3,True,False,False,3.3242640687119294,2.7268405600525107,6.060868844901567
v3_sc2_staging_13,L2,1,19,0.3,True,False,False,2.8162950903902257,1.3560711193270585,4.399234634103577
v3_sc2_staging_13,L2,1,0,0.4,True,False,False,5.702081528017131,2.420616373302047,6.43000721500346
v3_sc2_staging_13,L2,1,1,0.4,True,False,False,3.4819805153394636,1.9869660230891775,4.923329235810786
v3_sc2_staging_13,L2,1,2,0.4,False,False,False,nan,nan,nan
v3_sc2_staging_13,L2,1,3,0.4,True,False,False,7.019848480983502,2.030316185775999,5.501666435249463
v3_sc2_staging_13,L2,1,4,0.4,False,False,False,nan,nan,nan
v3_sc2_staging_13,L2,1,5,0.4,False,False,False,nan,nan,nan
v3_sc2_staging_13,L2,1,6,0.4,True,False,False,4.244112549695429,1.5,4.728049349422785
v3_sc2_staging_13,L2,1,7,0.4,True,False,False,4.02842712474619,2.1744158240632667,4.765453446760308
v3_sc2_staging_13,L2,1,8,0.4,True,False,False,3.78492424049175,3.8908996800200297,6.4593462336630445
v3_sc2_staging_13,L2,1,9,0.4,True,False,False,6.18492424049175,1.8759208741033446,6.4
v3_sc2_staging_13,L2,1,10,0.4,True,False,False,5.726345596729059,2.576117683054405,6.3390423306191055
v3_sc2_staging_13,L2,1,11,0.4,True,False,False,6.524873734152917,2.9630189141845586,6.757582242041767
v3_sc2_staging_13,L2,1,12,0.4,True,False,False,6.728427124746192,1.7901964981197573,5.320008591058952
v3_sc2_staging_13,L2,1,13,0.4,True,False,False,6.144722215136417,0.42195444572928875,1.1500000000000001
v3_sc2_staging_13,L2,1,14,0.4,True,False,False,3.7435028842544398,1.8264780248263683,5.530132668523969
v3_sc2_staging_13,L2,1,15,0.4,True,False,False,3.649137802864846,2.480771712157776,5.04909902596809
v3_sc2_staging_13,L2,1,16,0.4,True,False,False,4.762132034355964,1.9041630560342617,6.3500000000000005
v3_sc2_staging_13,L2,1,17,0.4,True,False,False,4.761269837220809,2.1575364531836625,4.442165517260627
v3_sc2_staging_13,L2,1,18,0.4,True,False,False,3.3242640687119294,2.7268405600525107,6.060868844901567
v3_sc2_staging_13,L2,1,19,0.4,True,False,False,2.8162950903902257,1.3560711193270585,4.399234634103577
v3_sc2_staging_13,L2,1,0,0.5,True,False,False,5.702081528017131,2.420616373302047,6.43000721500346
v3_sc2_staging_13,L2,1,1,0.5,True,False,False,3.4819805153394636,1.9869660230891775,4.923329235810786
v3_sc2_staging_13,L2,1,2,0.5,False,False,False,nan,nan,nan
v3_sc2_staging_13,L2,1,3,0.5,True,False,False,7.019848480983502,2.030316185775999,5.501666435249463
v3_sc2_staging_13,L2,1,4,0.5,False,False,False,nan,nan,nan
v3_sc2_staging_13,L2,1,5,0.5,False,False,False,nan,nan,nan
v3_sc2_staging_13,L2,1,6,0.5,True,False,False,4.244112549695429,1.5,4.728049349422785
v3_sc2_staging_13,L2,1,7,0.5,True,False,False,4.02842712474619,2.1744158240632667,4.765453446760308
v3_sc2_staging_13,L2,1,8,0.5,True,False,False,3.78492424049175,3.8908996800200297,6.4593462336630445
v3_sc2_staging_13,L2,1,9,0.5,True,False,False,6.18492424049175,1.8759208741033446,6.4
v3_sc2_staging_13,L2,1,10,0.5,True,False,False,5.726345596729059,2.576117683054405,6.3390423306191055
v3_sc2_staging_13,L2,1,11,0.5,True,False,False,6.524873734152917,2.9630189141845586,6.757582242041767
v3_sc2_staging_13,L2,1,12,0.5,True,False,False,6.728427124746192,1.7901964981197573,5.320008591058952
v3_sc2_staging_13,L2,1,13,0.5,False,False,False,nan,nan,nan
v3_sc2_staging_13,L2,1,14,0.5,True,False,False,3.7435028842544398,1.8264780248263683,5.530132668523969
v3_sc2_staging_13,L2,1,15,0.5,True,False,False,3.649137802864846,2.480771712157776,5.04909902596809
v3_sc2_staging_13,L2,1,16,0.5,True,False,False,4.762132034355964,1.9041630560342617,6.3500000000000005
v3_sc2_staging_13,L2,1,17,0.5,True,False,False,4.761269837220809,2.1575364531836625,4.442165517260627
v3_sc2_staging_13,L2,1,18,0.5,True,False,False,3.3242640687119294,2.7268405600525107,6.060868844901567
v3_sc2_staging_13,L2,1,19,0.5,True,False,False,2.8162950903902257,1.3560711193270585,4.399234634103577
v3_sc2_staging_13,L2,1,0,0.6,True,False,False,5.702081528017131,2.420616373302047,6.43000721500346
v3_sc2_staging_13,L2,1,1,0.6,True,False,False,3.4819805153394636,1.9869660230891775,4.923329235810786
v3_sc2_staging_13,L2,1,2,0.6,False,False,False,nan,nan,nan
v3_sc2_staging_13,L2,1,3,0.6,True,False,False,7.019848480983502,2.030316185775999,5.501666435249463
v3_sc2_staging_13,L2,1,4,0.6,False,False,False,nan,nan,nan
v3_sc2_staging_13,L2,1,5,0.6,False,False,False,nan,nan,nan
v3_sc2_staging_13,L2,1,6,0.6,True,False,False,4.244112549695429,1.5,4.728049349422785
v3_sc2_staging_13,L2,1,7,0.6,True,False,False,4.02842712474619,2.1744158240632667,4.765453446760308
v3_sc2_staging_13,L2,1,8,0.6,True,False,False,3.78492424049175,3.8908996800200297,6.4593462336630445
v3_sc2_staging_13,L2,1,9,0.6,True,False,False,6.18492424049175,1.8759208741033446,6.4
v3_sc2_staging_13,L2,1,10,0.6,True,False,False,5.726345596729059,2.576117683054405,6.3390423306191055
v3_sc2_staging_13,L2,1,11,0.6,True,False,False,6.524873734152917,2.9630189141845586,6.757582242041767
v3_sc2_staging_13,L2,1,12,0.6,True,False,False,6.728427124746192,1.7901964981197573,5.320008591058952
v3_sc2_staging_13,L2,1,13,0.6,False,False,False,nan,nan,nan
v3_sc2_staging_13,L2,1,14,0.6,True,False,False,3.7435028842544398,1.8264780248263683,5.530132668523969
v3_sc2_staging_13,L2,1,15,0.6,True,False,False,3.649137802864846,2.480771712157776,5.04909902596809
v3_sc2_staging_13,L2,1,16,0.6,True,False,False,4.762132034355964,1.9041630560342617,6.3500000000000005
v3_sc2_staging_13,L2,1,17,0.6,True,False,False,4.761269837220809,2.1575364531836625,4.442165517260627
v3_sc2_staging_13,L2,1,18,0.6,True,False,False,3.3242640687119294,2.7268405600525107,6.060868844901567
v3_sc2_staging_13,L2,1,19,0.6,True,False,False,2.8162950903902257,1.3560711193270585,4.399234634103577
v3_sc2_staging_13,L2,1,0,0.8,True,False,False,5.702081528017131,2.420616373302047,6.43000721500346
v3_sc2_staging_13,L2,1,1,0.8,True,False,False,3.4819805153394636,1.9869660230891775,4.923329235810786
v3_sc2_staging_13,L2,1,2,0.8,False,False,False,nan,nan,nan
v3_sc2_staging_13,L2,1,3,0.8,True,False,False,7.019848480983502,2.030316185775999,5.501666435249463
v3_sc2_staging_13,L2,1,4,0.8,False,False,False,nan,nan,nan
v3_sc2_staging_13,L2,1,5,0.8,False,False,False,nan,nan,nan
v3_sc2_staging_13,L2,1,6,0.8,True,False,False,4.244112549695429,1.5,4.728049349422785
v3_sc2_staging_13,L2,1,7,0.8,True,False,False,4.02842712474619,2.1744158240632667,4.765453446760308
v3_sc2_staging_13,L2,1,8,0.8,True,False,False,3.78492424049175,3.8908996800200297,6.4593462336630445
v3_sc2_staging_13,L2,1,9,0.8,True,False,False,6.18492424049175,1.8759208741033446,6.4
v3_sc2_staging_13,L2,1,10,0.8,True,False,False,5.726345596729059,2.576117683054405,6.3390423306191055
v3_sc2_staging_13,L2,1,11,0.8,True,False,False,6.524873734152917,2.9630189141845586,6.757582242041767
v3_sc2_staging_13,L2,1,12,0.8,True,False,False,6.728427124746192,1.7901964981197573,5.320008591058952
v3_sc2_staging_13,L2,1,13,0.8,False,False,False,nan,nan,nan
v3_sc2_staging_13,L2,1,14,0.8,True,False,False,3.7435028842544398,1.8264780248263683,5.530132668523969
v3_sc2_staging_13,L2,1,15,0.8,True,False,False,3.649137802864846,2.480771712157776,5.04909902596809
v3_sc2_staging_13,L2,1,16,0.8,True,False,False,4.762132034355964,1.9041630560342617,6.3500000000000005
v3_sc2_staging_13,L2,1,17,0.8,True,False,False,4.761269837220809,2.1575364531836625,4.442165517260627
v3_sc2_staging_13,L2,1,18,0.8,True,False,False,3.3242640687119294,2.7268405600525107,6.060868844901567
v3_sc2_staging_13,L2,1,19,0.8,True,False,False,2.8162950903902257,1.3560711193270585,4.399234634103577
v3_sc2_staging_13,L2,1,0,1.0,True,False,False,5.702081528017131,2.420616373302047,6.43000721500346
v3_sc2_staging_13,L2,1,1,1.0,True,False,False,3.4819805153394636,1.9869660230891775,4.923329235810786
v3_sc2_staging_13,L2,1,2,1.0,False,False,False,nan,nan,nan
v3_sc2_staging_13,L2,1,3,1.0,True,False,False,7.019848480983502,2.030316185775999,5.501666435249463
v3_sc2_staging_13,L2,1,4,1.0,False,False,False,nan,nan,nan
v3_sc2_staging_13,L2,1,5,1.0,False,False,False,nan,nan,nan
v3_sc2_staging_13,L2,1,6,1.0,True,False,False,4.244112549695429,1.5,4.728049349422785
v3_sc2_staging_13,L2,1,7,1.0,True,False,False,4.02842712474619,2.1744158240632667,4.765453446760308
v3_sc2_staging_13,L2,1,8,1.0,True,False,False,3.78492424049175,3.8908996800200297,6.4593462336630445
v3_sc2_staging_13,L2,1,9,1.0,True,False,False,6.18492424049175,1.8759208741033446,6.4
v3_sc2_staging_13,L2,1,10,1.0,True,False,False,5.726345596729059,2.576117683054405,6.3390423306191055
v3_sc2_staging_13,L2,1,11,1.0,True,False,False,6.524873734152917,2.9630189141845586,6.757582242041767
v3_sc2_staging_13,L2,1,12,1.0,True,False,False,6.728427124746192,1.7901964981197573,5.320008591058952
v3_sc2_staging_13,L2,1,13,1.0,False,False,False,nan,nan,nan
v3_sc2_staging_13,L2,1,14,1.0,True,False,False,3.7435028842544398,1.8264780248263683,5.530132668523969
v3_sc2_staging_13,L2,1,15,1.0,True,False,False,3.649137802864846,2.480771712157776,5.04909902596809
v3_sc2_staging_13,L2,1,16,1.0,True,False,False,4.762132034355964,1.9041630560342617,6.3500000000000005
v3_sc2_staging_13,L2,1,17,1.0,True,False,False,4.761269837220809,2.1575364531836625,4.442165517260627
v3_sc2_staging_13,L2,1,18,1.0,True,False,False,3.3242640687119294,2.7268405600525107,6.060868844901567
v3_sc2_staging_13,L2,1,19,1.0,True,False,False,2.8162950903902257,1.3560711193270585,4.399234634103577
v3_sc2_staging_13,L2,1,0,1.25,True,False,False,5.702081528017131,2.420616373302047,6.43000721500346
v3_sc2_staging_13,L2,1,1,1.25,True,False,False,3.4819805153394636,1.9869660230891775,4.923329235810786
v3_sc2_staging_13,L2,1,2,1.25,False,False,False,nan,nan,nan
v3_sc2_staging_13,L2,1,3,1.25,True,False,False,7.019848480983502,2.030316185775999,5.501666435249463
v3_sc2_staging_13,L2,1,4,1.25,False,False,False,nan,nan,nan
v3_sc2_staging_13,L2,1,5,1.25,False,False,False,nan,nan,nan
v3_sc2_staging_13,L2,1,6,1.25,True,False,False,4.244112549695429,1.5,4.728049349422785
v3_sc2_staging_13,L2,1,7,1.25,True,False,False,4.02842712474619,2.1744158240632667,4.765453446760308
v3_sc2_staging_13,L2,1,8,1.25,True,False,False,3.78492424049175,3.8908996800200297,6.4593462336630445
v3_sc2_staging_13,L2,1,9,1.25,True,False,False,6.18492424049175,1.8759208741033446,6.4
v3_sc2_staging_13,L2,1,10,1.25,True,False,False,5.726345596729059,2.576117683054405,6.3390423306191055
v3_sc2_staging_13,L2,1,11,1.25,True,False,False,6.524873734152917,2.9630189141845586,6.757582242041767
v3_sc2_staging_13,L2,1,12,1.25,True,False,False,6.728427124746192,1.7901964981197573,5.320008591058952
v3_sc2_staging_13,L2,1,13,1.25,False,False,False,nan,nan,nan
v3_sc2_staging_13,L2,1,14,1.25,True,False,False,3.7435028842544398,1.8264780248263683,5.530132668523969
v3_sc2_staging_13,L2,1,15,1.25,True,False,False,3.649137802864846,2.480771712157776,5.04909902596809
v3_sc2_staging_13,L2,1,16,1.25,True,False,False,4.762132034355964,1.9041630560342617,6.3500000000000005
v3_sc2_staging_13,L2,1,17,1.25,True,False,False,4.761269837220809,2.1575364531836625,4.442165517260627
v3_sc2_staging_13,L2,1,18,1.25,True,False,False,3.3242640687119294,2.7268405600525107,6.060868844901567
v3_sc2_staging_13,L2,1,19,1.25,True,False,False,2.8162950903902257,1.3560711193270585,4.399234634103577
v3_sc2_staging_13,L2,1,0,1.5,True,False,False,5.702081528017131,2.420616373302047,6.43000721500346
v3_sc2_staging_13,L2,1,1,1.5,True,False,False,3.4819805153394636,1.9869660230891775,4.923329235810786
v3_sc2_staging_13,L2,1,2,1.5,False,False,False,nan,nan,nan
v3_sc2_staging_13,L2,1,3,1.5,True,False,False,7.019848480983502,2.030316185775999,5.501666435249463
v3_sc2_staging_13,L2,1,4,1.5,False,False,False,nan,nan,nan
v3_sc2_staging_13,L2,1,5,1.5,False,False,False,nan,nan,nan
v3_sc2_staging_13,L2,1,6,1.5,False,False,False,nan,nan,nan
v3_sc2_staging_13,L2,1,7,1.5,True,False,False,4.02842712474619,2.1744158240632667,4.765453446760308
v3_sc2_staging_13,L2,1,8,1.5,True,False,False,3.78492424049175,3.8908996800200297,6.4593462336630445
v3_sc2_staging_13,L2,1,9,1.5,True,False,False,6.18492424049175,1.8759208741033446,6.4
v3_sc2_staging_13,L2,1,10,1.5,True,False,False,5.726345596729059,2.576117683054405,6.3390423306191055
v3_sc2_staging_13,L2,1,11,1.5,True,False,False,6.524873734152917,2.9630189141845586,6.757582242041767
v3_sc2_staging_13,L2,1,12,1.5,True,False,False,6.728427124746192,1.7901964981197573,5.320008591058952
v3_sc2_staging_13,L2,1,13,1.5,False,False,False,nan,nan,nan
v3_sc2_staging_13,L2,1,14,1.5,True,False,False,3.7435028842544398,1.8264780248263683,5.530132668523969
v3_sc2_staging_13,L2,1,15,1.5,True,False,False,3.649137802864846,2.480771712157776,5.04909902596809
v3_sc2_staging_13,L2,1,16,1.5,True,False,False,4.762132034355964,1.9041630560342617,6.3500000000000005
v3_sc2_staging_13,L2,1,17,1.5,True,False,False,4.761269837220809,2.1575364531836625,4.442165517260627
v3_sc2_staging_13,L2,1,18,1.5,True,False,False,3.3242640687119294,2.7268405600525107,6.060868844901567
v3_sc2_staging_13,L2,1,19,1.5,False,False,False,nan,nan,nan
v3_sc2_staging_13,L2,1,0,2.0,True,False,False,5.702081528017131,2.420616373302047,6.43000721500346
v3_sc2_staging_13,L2,1,1,2.0,False,False,False,nan,nan,nan
v3_sc2_staging_13,L2,1,2,2.0,False,False,False,nan,nan,nan
v3_sc2_staging_13,L2,1,3,2.0,True,False,False,7.019848480983502,2.030316185775999,5.501666435249463
v3_sc2_staging_13,L2,1,4,2.0,False,False,False,nan,nan,nan
v3_sc2_staging_13,L2,1,5,2.0,False,False,False,nan,nan,nan
v3_sc2_staging_13,L2,1,6,2.0,False,False,False,nan,nan,nan
v3_sc2_staging_13,L2,1,7,2.0,True,False,False,4.02842712474619,2.1744158240632667,4.765453446760308
v3_sc2_staging_13,L2,1,8,2.0,True,False,False,3.78492424049175,3.8908996800200297,6.4593462336630445
v3_sc2_staging_13,L2,1,9,2.0,False,False,False,nan,nan,nan
v3_sc2_staging_13,L2,1,10,2.0,True,False,False,5.726345596729059,2.576117683054405,6.3390423306191055
v3_sc2_staging_13,L2,1,11,2.0,True,False,False,6.524873734152917,2.9630189141845586,6.757582242041767
v3_sc2_staging_13,L2,1,12,2.0,False,False,False,nan,nan,nan
v3_sc2_staging_13,L2,1,13,2.0,False,False,False,nan,nan,nan
v3_sc2_staging_13,L2,1,14,2.0,False,False,False,nan,nan,nan
v3_sc2_staging_13,L2,1,15,2.0,True,False,False,3.649137802864846,2.480771712157776,5.04909902596809
v3_sc2_staging_13,L2,1,16,2.0,False,False,False,nan,nan,nan
v3_sc2_staging_13,L2,1,17,2.0,True,False,False,4.761269837220809,2.1575364531836625,4.442165517260627
v3_sc2_staging_13,L2,1,18,2.0,True,False,False,3.3242640687119294,2.7268405600525107,6.060868844901567
v3_sc2_staging_13,L2,1,19,2.0,False,False,False,nan,nan,nan
v3_sc2_staging_13,L2,2,0,0.0,True,False,False,5.831370849898477,2.2721832551258228,6.4226078900946
v3_sc2_staging_13,L2,2,1,0.0,True,False,False,3.5819805153394633,1.9438698819699876,4.892819299772615
v3_sc2_staging_13,L2,2,2,0.0,False,False,False,nan,nan,nan
v3_sc2_staging_13,L2,2,3,0.0,True,False,False,7.149137802864849,1.938237068047322,5.484145720150873
v3_sc2_staging_13,L2,2,4,0.0,True,False,False,3.120710678118655,3.840794858087629,7.210382610480494
v3_sc2_staging_13,L2,2,5,0.0,True,False,False,3.0,1.6920310216782974,5.0901699437494745
v3_sc2_staging_13,L2,2,6,0.0,True,False,False,4.373401871576774,1.460229578391266,4.706966487312935
v3_sc2_staging_13,L2,2,7,0.0,True,False,False,4.078427124746191,2.1277366686941828,4.727332015474051
v3_sc2_staging_13,L2,2,8,0.0,True,False,False,3.8142135623730953,3.82030091544559,6.45593271962862
v3_sc2_staging_13,L2,2,9,0.0,True,False,False,6.314213562373094,1.720360331117452,6.4
v3_sc2_staging_13,L2,2,10,0.0,True,False,False,5.855634918610405,2.4364093720052047,6.323672031978091
v3_sc2_staging_13,L2,2,11,0.0,True,False,False,6.574873734152916,2.9340209667385553,6.757582242041767
v3_sc2_staging_13,L2,2,12,0.0,True,False,False,6.837005768508881,1.6914607000811128,5.305385430787521
v3_sc2_staging_13,L2,2,13,0.0,True,False,False,6.165432893255073,0.4300537618869138,1.1500000000000001
v3_sc2_staging_13,L2,2,14,0.0,True,False,False,3.7227922061357854,1.670829334609241,5.5035406219996545
v3_sc2_staging_13,L2,2,15,0.0,True,False,False,3.749137802864844,2.4347061181658383,5.008402672281685
v3_sc2_staging_13,L2,2,16,0.0,True,False,False,4.720710678118655,1.7461077445216202,6.3500000000000005
v3_sc2_staging_13,L2,2,17,0.0,True,False,False,4.8405591591021535,2.1443335644354704,4.420619879649312
v3_sc2_staging_13,L2,2,18,0.0,True,False,False,3.3656854249492385,2.6384709652950433,6.036436337944401
v3_sc2_staging_13,L2,2,19,0.0,True,False,False,2.7870057685088807,1.3560711193270585,4.387228253314961
v3_sc2_staging_13,L2,2,0,0.1,True,False,False,5.831370849898477,2.2721832551258228,6.4226078900946
v3_sc2_staging_13,L2,2,1,0.1,True,False,False,3.5819805153394633,1.9438698819699876,4.892819299772615
v3_sc2_staging_13,L2,2,2,0.1,False,False,False,nan,nan,nan
v3_sc2_staging_13,L2,2,3,0.1,True,False,False,7.149137802864849,1.938237068047322,5.484145720150873
v3_sc2_staging_13,L2,2,4,0.1,True,False,False,3.120710678118655,3.840794858087629,7.210382610480494
v3_sc2_staging_13,L2,2,5,0.1,True,False,False,3.0,1.6920310216782974,5.0901699437494745
v3_sc2_staging_13,L2,2,6,0.1,True,False,False,4.373401871576774,1.460229578391266,4.706966487312935
v3_sc2_staging_13,L2,2,7,0.1,True,False,False,4.078427124746191,2.1277366686941828,4.727332015474051
v3_sc2_staging_13,L2,2,8,0.1,True,False,False,3.8142135623730953,3.82030091544559,6.45593271962862
v3_sc2_staging_13,L2,2,9,0.1,True,False,False,6.314213562373094,1.720360331117452,6.4
v3_sc2_staging_13,L2,2,10,0.1,True,False,False,5.855634918610405,2.4364093720052047,6.323672031978091
v3_sc2_staging_13,L2,2,11,0.1,True,False,False,6.574873734152916,2.9340209667385553,6.757582242041767
v3_sc2_staging_13,L2,2,12,0.1,True,False,False,6.837005768508881,1.6914607000811128,5.305385430787521
v3_sc2_staging_13,L2,2,13,0.1,True,False,False,6.165432893255073,0.4300537618869138,1.1500000000000001
v3_sc2_staging_13,L2,2,14,0.1,True,False,False,3.7227922061357854,1.670829334609241,5.5035406219996545
v3_sc2_staging_13,L2,2,15,0.1,True,False,False,3.749137802864844,2.4347061181658383,5.008402672281685
v3_sc2_staging_13,L2,2,16,0.1,True,False,False,4.720710678118655,1.7461077445216202,6.3500000000000005
v3_sc2_staging_13,L2,2,17,0.1,True,False,False,4.8405591591021535,2.1443335644354704,4.420619879649312
v3_sc2_staging_13,L2,2,18,0.1,True,False,False,3.3656854249492385,2.6384709652950433,6.036436337944401
v3_sc2_staging_13,L2,2,19,0.1,True,False,False,2.7870057685088807,1.3560711193270585,4.387228253314961
v3_sc2_staging_13,L2,2,0,0.2,True,False,False,5.831370849898477,2.2721832551258228,6.4226078900946
v3_sc2_staging_13,L2,2,1,0.2,True,False,False,3.5819805153394633,1.9438698819699876,4.892819299772615
v3_sc2_staging_13,L2,2,2,0.2,False,False,False,nan,nan,nan
v3_sc2_staging_13,L2,2,3,0.2,True,False,False,7.149137802864849,1.938237068047322,5.484145720150873
v3_sc2_staging_13,L2,2,4,0.2,True,False,False,3.120710678118655,3.840794858087629,7.210382610480494
v3_sc2_staging_13,L2,2,5,0.2,True,False,False,3.0,1.6920310216782974,5.0901699437494745
v3_sc2_staging_13,L2,2,6,0.2,True,False,False,4.373401871576774,1.460229578391266,4.706966487312935
v3_sc2_staging_13,L2,2,7,0.2,True,False,False,4.078427124746191,2.1277366686941828,4.727332015474051
v3_sc2_staging_13,L2,2,8,0.2,True,False,False,3.8142135623730953,3.82030091544559,6.45593271962862
v3_sc2_staging_13,L2,2,9,0.2,True,False,False,6.314213562373094,1.720360331117452,6.4
v3_sc2_staging_13,L2,2,10,0.2,True,False,False,5.855634918610405,2.4364093720052047,6.323672031978091
v3_sc2_staging_13,L2,2,11,0.2,True,False,False,6.574873734152916,2.9340209667385553,6.757582242041767
v3_sc2_staging_13,L2,2,12,0.2,True,False,False,6.837005768508881,1.6914607000811128,5.305385430787521
v3_sc2_staging_13,L2,2,13,0.2,True,False,False,6.165432893255073,0.4300537618869138,1.1500000000000001
v3_sc2_staging_13,L2,2,14,0.2,True,False,False,3.7227922061357854,1.670829334609241,5.5035406219996545
v3_sc2_staging_13,L2,2,15,0.2,True,False,False,3.749137802864844,2.4347061181658383,5.008402672281685
v3_sc2_staging_13,L2,2,16,0.2,True,False,False,4.720710678118655,1.7461077445216202,6.3500000000000005
v3_sc2_staging_13,L2,2,17,0.2,True,False,False,4.8405591591021535,2.1443335644354704,4.420619879649312
v3_sc2_staging_13,L2,2,18,0.2,True,False,False,3.3656854249492385,2.6384709652950433,6.036436337944401
v3_sc2_staging_13,L2,2,19,0.2,True,False,False,2.7870057685088807,1.3560711193270585,4.387228253314961
v3_sc2_staging_13,L2,2,0,0.3,True,False,False,5.831370849898477,2.2721832551258228,6.4226078900946
v3_sc2_staging_13,L2,2,1,0.3,True,False,False,3.5819805153394633,1.9438698819699876,4.892819299772615
v3_sc2_staging_13,L2,2,2,0.3,False,False,False,nan,nan,nan
v3_sc2_staging_13,L2,2,3,0.3,True,False,False,7.149137802864849,1.938237068047322,5.484145720150873
v3_sc2_staging_13,L2,2,4,0.3,True,False,False,3.120710678118655,3.840794858087629,7.210382610480494
v3_sc2_staging_13,L2,2,5,0.3,True,False,False,3.0,1.6920310216782974,5.0901699437494745
v3_sc2_staging_13,L2,2,6,0.3,True,False,False,4.373401871576774,1.460229578391266,4.706966487312935
v3_sc2_staging_13,L2,2,7,0.3,True,False,False,4.078427124746191,2.1277366686941828,4.727332015474051
v3_sc2_staging_13,L2,2,8,0.3,True,False,False,3.8142135623730953,3.82030091544559,6.45593271962862
v3_sc2_staging_13,L2,2,9,0.3,True,False,False,6.314213562373094,1.720360331117452,6.4
v3_sc2_staging_13,L2,2,10,0.3,True,False,False,5.855634918610405,2.4364093720052047,6.323672031978091
v3_sc2_staging_13,L2,2,11,0.3,True,False,False,6.574873734152916,2.9340209667385553,6.757582242041767
v3_sc2_staging_13,L2,2,12,0.3,True,False,False,6.837005768508881,1.6914607000811128,5.305385430787521
v3_sc2_staging_13,L2,2,13,0.3,True,False,False,6.165432893255073,0.4300537618869138,1.1500000000000001
v3_sc2_staging_13,L2,2,14,0.3,True,False,False,3.7227922061357854,1.670829334609241,5.5035406219996545
v3_sc2_staging_13,L2,2,15,0.3,True,False,False,3.749137802864844,2.4347061181658383,5.008402672281685
v3_sc2_staging_13,L2,2,16,0.3,True,False,False,4.720710678118655,1.7461077445216202,6.3500000000000005
v3_sc2_staging_13,L2,2,17,0.3,True,False,False,4.8405591591021535,2.1443335644354704,4.420619879649312
v3_sc2_staging_13,L2,2,18,0.3,True,False,False,3.3656854249492385,2.6384709652950433,6.036436337944401
v3_sc2_staging_13,L2,2,19,0.3,True,False,False,2.7870057685088807,1.3560711193270585,4.387228253314961
v3_sc2_staging_13,L2,2,0,0.4,True,False,False,5.831370849898477,2.2721832551258228,6.4226078900946
v3_sc2_staging_13,L2,2,1,0.4,True,False,False,3.5819805153394633,1.9438698819699876,4.892819299772615
v3_sc2_staging_13,L2,2,2,0.4,False,False,False,nan,nan,nan
v3_sc2_staging_13,L2,2,3,0.4,True,False,False,7.149137802864849,1.938237068047322,5.484145720150873
v3_sc2_staging_13,L2,2,4,0.4,True,False,False,3.120710678118655,3.840794858087629,7.210382610480494
v3_sc2_staging_13,L2,2,5,0.4,True,False,False,3.0,1.6920310216782974,5.0901699437494745
v3_sc2_staging_13,L2,2,6,0.4,True,False,False,4.373401871576774,1.460229578391266,4.706966487312935
v3_sc2_staging_13,L2,2,7,0.4,True,False,False,4.078427124746191,2.1277366686941828,4.727332015474051
v3_sc2_staging_13,L2,2,8,0.4,True,False,False,3.8142135623730953,3.82030091544559,6.45593271962862
v3_sc2_staging_13,L2,2,9,0.4,True,False,False,6.314213562373094,1.720360331117452,6.4
v3_sc2_staging_13,L2,2,10,0.4,True,False,False,5.855634918610405,2.4364093720052047,6.323672031978091
v3_sc2_staging_13,L2,2,11,0.4,True,False,False,6.574873734152916,2.9340209667385553,6.757582242041767
v3_sc2_staging_13,L2,2,12,0.4,True,False,False,6.837005768508881,1.6914607000811128,5.305385430787521
v3_sc2_staging_13,L2,2,13,0.4,True,False,False,6.165432893255073,0.4300537618869138,1.1500000000000001
v3_sc2_staging_13,L2,2,14,0.4,True,False,False,3.7227922061357854,1.670829334609241,5.5035406219996545
v3_sc2_staging_13,L2,2,15,0.4,True,False,False,3.749137802864844,2.4347061181658383,5.008402672281685
v3_sc2_staging_13,L2,2,16,0.4,True,False,False,4.720710678118655,1.7461077445216202,6.3500000000000005
v3_sc2_staging_13,L2,2,17,0.4,True,False,False,4.8405591591021535,2.1443335644354704,4.420619879649312
v3_sc2_staging_13,L2,2,18,0.4,True,False,False,3.3656854249492385,2.6384709652950433,6.036436337944401
v3_sc2_staging_13,L2,2,19,0.4,True,False,False,2.7870057685088807,1.3560711193270585,4.387228253314961
v3_sc2_staging_13,L2,2,0,0.5,True,False,False,5.831370849898477,2.2721832551258228,6.4226078900946
v3_sc2_staging_13,L2,2,1,0.5,True,False,False,3.5819805153394633,1.9438698819699876,4.892819299772615
v3_sc2_staging_13,L2,2,2,0.5,False,False,False,nan,nan,nan
v3_sc2_staging_13,L2,2,3,0.5,True,False,False,7.149137802864849,1.938237068047322,5.484145720150873
v3_sc2_staging_13,L2,2,4,0.5,True,False,False,3.120710678118655,3.840794858087629,7.210382610480494
v3_sc2_staging_13,L2,2,5,0.5,True,False,False,3.0,1.6920310216782974,5.0901699437494745
v3_sc2_staging_13,L2,2,6,0.5,True,False,False,4.373401871576774,1.460229578391266,4.706966487312935
v3_sc2_staging_13,L2,2,7,0.5,True,False,False,4.078427124746191,2.1277366686941828,4.727332015474051
v3_sc2_staging_13,L2,2,8,0.5,True,False,False,3.8142135623730953,3.82030091544559,6.45593271962862
v3_sc2_staging_13,L2,2,9,0.5,True,False,False,6.314213562373094,1.720360331117452,6.4
v3_sc2_staging_13,L2,2,10,0.5,True,False,False,5.855634918610405,2.4364093720052047,6.323672031978091
v3_sc2_staging_13,L2,2,11,0.5,True,False,False,6.574873734152916,2.9340209667385553,6.757582242041767
v3_sc2_staging_13,L2,2,12,0.5,True,False,False,6.837005768508881,1.6914607000811128,5.305385430787521
v3_sc2_staging_13,L2,2,13,0.5,False,False,False,nan,nan,nan
v3_sc2_staging_13,L2,2,14,0.5,True,False,False,3.7227922061357854,1.670829334609241,5.5035406219996545
v3_sc2_staging_13,L2,2,15,0.5,True,False,False,3.749137802864844,2.4347061181658383,5.008402672281685
v3_sc2_staging_13,L2,2,16,0.5,True,False,False,4.720710678118655,1.7461077445216202,6.3500000000000005
v3_sc2_staging_13,L2,2,17,0.5,True,False,False,4.8405591591021535,2.1443335644354704,4.420619879649312
v3_sc2_staging_13,L2,2,18,0.5,True,False,False,3.3656854249492385,2.6384709652950433,6.036436337944401
v3_sc2_staging_13,L2,2,19,0.5,True,False,False,2.7870057685088807,1.3560711193270585,4.387228253314961
v3_sc2_staging_13,L2,2,0,0.6,True,False,False,5.831370849898477,2.2721832551258228,6.4226078900946
v3_sc2_staging_13,L2,2,1,0.6,True,False,False,3.5819805153394633,1.9438698819699876,4.892819299772615
v3_sc2_staging_13,L2,2,2,0.6,False,False,False,nan,nan,nan
v3_sc2_staging_13,L2,2,3,0.6,True,False,False,7.149137802864849,1.938237068047322,5.484145720150873
v3_sc2_staging_13,L2,2,4,0.6,True,False,False,3.120710678118655,3.840794858087629,7.210382610480494
v3_sc2_staging_13,L2,2,5,0.6,True,False,False,3.0,1.6920310216782974,5.0901699437494745
v3_sc2_staging_13,L2,2,6,0.6,True,False,False,4.373401871576774,1.460229578391266,4.706966487312935
v3_sc2_staging_13,L2,2,7,0.6,True,False,False,4.078427124746191,2.1277366686941828,4.727332015474051
v3_sc2_staging_13,L2,2,8,0.6,True,False,False,3.8142135623730953,3.82030091544559,6.45593271962862
v3_sc2_staging_13,L2,2,9,0.6,True,False,False,6.314213562373094,1.720360331117452,6.4
v3_sc2_staging_13,L2,2,10,0.6,True,False,False,5.855634918610405,2.4364093720052047,6.323672031978091
v3_sc2_staging_13,L2,2,11,0.6,True,False,False,6.574873734152916,2.9340209667385553,6.757582242041767
v3_sc2_staging_13,L2,2,12,0.6,True,False,False,6.837005768508881,1.6914607000811128,5.305385430787521
v3_sc2_staging_13,L2,2,13,0.6,False,False,False,nan,nan,nan
v3_sc2_staging_13,L2,2,14,0.6,True,False,False,3.7227922061357854,1.670829334609241,5.5035406219996545
v3_sc2_staging_13,L2,2,15,0.6,True,False,False,3.749137802864844,2.4347061181658383,5.008402672281685
v3_sc2_staging_13,L2,2,16,0.6,True,False,False,4.720710678118655,1.7461077445216202,6.3500000000000005
v3_sc2_staging_13,L2,2,17,0.6,True,False,False,4.8405591591021535,2.1443335644354704,4.420619879649312
v3_sc2_staging_13,L2,2,18,0.6,True,False,False,3.3656854249492385,2.6384709652950433,6.036436337944401
v3_sc2_staging_13,L2,2,19,0.6,True,False,False,2.7870057685088807,1.3560711193270585,4.387228253314961
v3_sc2_staging_13,L2,2,0,0.8,True,False,False,5.831370849898477,2.2721832551258228,6.4226078900946
v3_sc2_staging_13,L2,2,1,0.8,True,False,False,3.5819805153394633,1.9438698819699876,4.892819299772615
v3_sc2_staging_13,L2,2,2,0.8,False,False,False,nan,nan,nan
v3_sc2_staging_13,L2,2,3,0.8,True,False,False,7.149137802864849,1.938237068047322,5.484145720150873
v3_sc2_staging_13,L2,2,4,0.8,True,False,False,3.120710678118655,3.840794858087629,7.210382610480494
v3_sc2_staging_13,L2,2,5,0.8,True,False,False,3.0,1.6920310216782974,5.0901699437494745
v3_sc2_staging_13,L2,2,6,0.8,True,False,False,4.373401871576774,1.460229578391266,4.706966487312935
v3_sc2_staging_13,L2,2,7,0.8,True,False,False,4.078427124746191,2.1277366686941828,4.727332015474051
v3_sc2_staging_13,L2,2,8,0.8,True,False,False,3.8142135623730953,3.82030091544559,6.45593271962862
v3_sc2_staging_13,L2,2,9,0.8,True,False,False,6.314213562373094,1.720360331117452,6.4
v3_sc2_staging_13,L2,2,10,0.8,True,False,False,5.855634918610405,2.4364093720052047,6.323672031978091
v3_sc2_staging_13,L2,2,11,0.8,True,False,False,6.574873734152916,2.9340209667385553,6.757582242041767
v3_sc2_staging_13,L2,2,12,0.8,True,False,False,6.837005768508881,1.6914607000811128,5.305385430787521
v3_sc2_staging_13,L2,2,13,0.8,False,False,False,nan,nan,nan
v3_sc2_staging_13,L2,2,14,0.8,True,False,False,3.7227922061357854,1.670829334609241,5.5035406219996545
v3_sc2_staging_13,L2,2,15,0.8,True,False,False,3.749137802864844,2.4347061181658383,5.008402672281685
v3_sc2_staging_13,L2,2,16,0.8,True,False,False,4.720710678118655,1.7461077445216202,6.3500000000000005
v3_sc2_staging_13,L2,2,17,0.8,True,False,False,4.8405591591021535,2.1443335644354704,4.420619879649312
v3_sc2_staging_13,L2,2,18,0.8,True,False,False,3.3656854249492385,2.6384709652950433,6.036436337944401
v3_sc2_staging_13,L2,2,19,0.8,True,False,False,2.7870057685088807,1.3560711193270585,4.387228253314961
v3_sc2_staging_13,L2,2,0,1.0,True,False,False,5.831370849898477,2.2721832551258228,6.4226078900946
v3_sc2_staging_13,L2,2,1,1.0,True,False,False,3.5819805153394633,1.9438698819699876,4.892819299772615
v3_sc2_staging_13,L2,2,2,1.0,False,False,False,nan,nan,nan
v3_sc2_staging_13,L2,2,3,1.0,True,False,False,7.149137802864849,1.938237068047322,5.484145720150873
v3_sc2_staging_13,L2,2,4,1.0,True,False,False,3.120710678118655,3.840794858087629,7.210382610480494
v3_sc2_staging_13,L2,2,5,1.0,True,False,False,3.0,1.6920310216782974,5.0901699437494745
v3_sc2_staging_13,L2,2,6,1.0,True,False,False,4.373401871576774,1.460229578391266,4.706966487312935
v3_sc2_staging_13,L2,2,7,1.0,True,False,False,4.078427124746191,2.1277366686941828,4.727332015474051
v3_sc2_staging_13,L2,2,8,1.0,True,False,False,3.8142135623730953,3.82030091544559,6.45593271962862
v3_sc2_staging_13,L2,2,9,1.0,True,False,False,6.314213562373094,1.720360331117452,6.4
v3_sc2_staging_13,L2,2,10,1.0,True,False,False,5.855634918610405,2.4364093720052047,6.323672031978091
v3_sc2_staging_13,L2,2,11,1.0,True,False,False,6.574873734152916,2.9340209667385553,6.757582242041767
v3_sc2_staging_13,L2,2,12,1.0,True,False,False,6.837005768508881,1.6914607000811128,5.305385430787521
v3_sc2_staging_13,L2,2,13,1.0,False,False,False,nan,nan,nan
v3_sc2_staging_13,L2,2,14,1.0,True,False,False,3.7227922061357854,1.670829334609241,5.5035406219996545
v3_sc2_staging_13,L2,2,15,1.0,True,False,False,3.749137802864844,2.4347061181658383,5.008402672281685
v3_sc2_staging_13,L2,2,16,1.0,True,False,False,4.720710678118655,1.7461077445216202,6.3500000000000005
v3_sc2_staging_13,L2,2,17,1.0,True,False,False,4.8405591591021535,2.1443335644354704,4.420619879649312
v3_sc2_staging_13,L2,2,18,1.0,True,False,False,3.3656854249492385,2.6384709652950433,6.036436337944401
v3_sc2_staging_13,L2,2,19,1.0,True,False,False,2.7870057685088807,1.3560711193270585,4.387228253314961
v3_sc2_staging_13,L2,2,0,1.25,True,False,False,5.831370849898477,2.2721832551258228,6.4226078900946
v3_sc2_staging_13,L2,2,1,1.25,True,False,False,3.5819805153394633,1.9438698819699876,4.892819299772615
v3_sc2_staging_13,L2,2,2,1.25,False,False,False,nan,nan,nan
v3_sc2_staging_13,L2,2,3,1.25,True,False,False,7.149137802864849,1.938237068047322,5.484145720150873
v3_sc2_staging_13,L2,2,4,1.25,True,False,False,3.120710678118655,3.840794858087629,7.210382610480494
v3_sc2_staging_13,L2,2,5,1.25,True,False,False,3.0,1.6920310216782974,5.0901699437494745
v3_sc2_staging_13,L2,2,6,1.25,True,False,False,4.373401871576774,1.460229578391266,4.706966487312935
v3_sc2_staging_13,L2,2,7,1.25,True,False,False,4.078427124746191,2.1277366686941828,4.727332015474051
v3_sc2_staging_13,L2,2,8,1.25,True,False,False,3.8142135623730953,3.82030091544559,6.45593271962862
v3_sc2_staging_13,L2,2,9,1.25,True,False,False,6.314213562373094,1.720360331117452,6.4
v3_sc2_staging_13,L2,2,10,1.25,True,False,False,5.855634918610405,2.4364093720052047,6.323672031978091
v3_sc2_staging_13,L2,2,11,1.25,True,False,False,6.574873734152916,2.9340209667385553,6.757582242041767
v3_sc2_staging_13,L2,2,12,1.25,True,False,False,6.837005768508881,1.6914607000811128,5.305385430787521
v3_sc2_staging_13,L2,2,13,1.25,False,False,False,nan,nan,nan
v3_sc2_staging_13,L2,2,14,1.25,True,False,False,3.7227922061357854,1.670829334609241,5.5035406219996545
v3_sc2_staging_13,L2,2,15,1.25,True,False,False,3.749137802864844,2.4347061181658383,5.008402672281685
v3_sc2_staging_13,L2,2,16,1.25,True,False,False,4.720710678118655,1.7461077445216202,6.3500000000000005
v3_sc2_staging_13,L2,2,17,1.25,True,False,False,4.8405591591021535,2.1443335644354704,4.420619879649312
v3_sc2_staging_13,L2,2,18,1.25,True,False,False,3.3656854249492385,2.6384709652950433,6.036436337944401
v3_sc2_staging_13,L2,2,19,1.25,True,False,False,2.7870057685088807,1.3560711193270585,4.387228253314961
v3_sc2_staging_13,L2,2,0,1.5,True,False,False,5.831370849898477,2.2721832551258228,6.4226078900946
v3_sc2_staging_13,L2,2,1,1.5,True,False,False,3.5819805153394633,1.9438698819699876,4.892819299772615
v3_sc2_staging_13,L2,2,2,1.5,False,False,False,nan,nan,nan
v3_sc2_staging_13,L2,2,3,1.5,True,False,False,7.149137802864849,1.938237068047322,5.484145720150873
v3_sc2_staging_13,L2,2,4,1.5,True,False,False,3.120710678118655,3.840794858087629,7.210382610480494
v3_sc2_staging_13,L2,2,5,1.5,True,False,False,3.0,1.6920310216782974,5.0901699437494745
v3_sc2_staging_13,L2,2,6,1.5,False,False,False,nan,nan,nan
v3_sc2_staging_13,L2,2,7,1.5,True,False,False,4.078427124746191,2.1277366686941828,4.727332015474051
v3_sc2_staging_13,L2,2,8,1.5,True,False,False,3.8142135623730953,3.82030091544559,6.45593271962862
v3_sc2_staging_13,L2,2,9,1.5,True,False,False,6.314213562373094,1.720360331117452,6.4
v3_sc2_staging_13,L2,2,10,1.5,True,False,False,5.855634918610405,2.4364093720052047,6.323672031978091
v3_sc2_staging_13,L2,2,11,1.5,True,False,False,6.574873734152916,2.9340209667385553,6.757582242041767
v3_sc2_staging_13,L2,2,12,1.5,True,False,False,6.837005768508881,1.6914607000811128,5.305385430787521
v3_sc2_staging_13,L2,2,13,1.5,False,False,False,nan,nan,nan
v3_sc2_staging_13,L2,2,14,1.5,True,False,False,3.7227922061357854,1.670829334609241,5.5035406219996545
v3_sc2_staging_13,L2,2,15,1.5,True,False,False,3.749137802864844,2.4347061181658383,5.008402672281685
v3_sc2_staging_13,L2,2,16,1.5,True,False,False,4.720710678118655,1.7461077445216202,6.3500000000000005
v3_sc2_staging_13,L2,2,17,1.5,True,False,False,4.8405591591021535,2.1443335644354704,4.420619879649312
v3_sc2_staging_13,L2,2,18,1.5,True,False,False,3.3656854249492385,2.6384709652950433,6.036436337944401
v3_sc2_staging_13,L2,2,19,1.5,False,False,False,nan,nan,nan
v3_sc2_staging_13,L2,2,0,2.0,True,False,False,5.831370849898477,2.2721832551258228,6.4226078900946
v3_sc2_staging_13,L2,2,1,2.0,False,False,False,nan,nan,nan
v3_sc2_staging_13,L2,2,2,2.0,False,False,False,nan,nan,nan
v3_sc2_staging_13,L2,2,3,2.0,False,False,False,nan,nan,nan
v3_sc2_staging_13,L2,2,4,2.0,True,False,False,3.120710678118655,3.840794858087629,7.210382610480494
v3_sc2_staging_13,L2,2,5,2.0,False,False,False,nan,nan,nan
v3_sc2_staging_13,L2,2,6,2.0,False,False,False,nan,nan,nan
v3_sc2_staging_13,L2,2,7,2.0,True,False,False,4.078427124746191,2.1277366686941828,4.727332015474051
v3_sc2_staging_13,L2,2,8,2.0,True,False,False,3.8142135623730953,3.82030091544559,6.45593271962862
v3_sc2_staging_13,L2,2,9,2.0,False,False,False,nan,nan,nan
v3_sc2_staging_13,L2,2,10,2.0,True,False,False,5.855634918610405,2.4364093720052047,6.323672031978091
v3_sc2_staging_13,L2,2,11,2.0,True,False,False,6.574873734152916,2.9340209667385553,6.757582242041767
v3_sc2_staging_13,L2,2,12,2.0,False,False,False,nan,nan,nan
v3_sc2_staging_13,L2,2,13,2.0,False,False,False,nan,nan,nan
v3_sc2_staging_13,L2,2,14,2.0,False,False,False,nan,nan,nan
v3_sc2_staging_13,L2,2,15,2.0,True,False,False,3.749137802864844,2.4347061181658383,5.008402672281685
v3_sc2_staging_13,L2,2,16,2.0,False,False,False,nan,nan,nan
v3_sc2_staging_13,L2,2,17,2.0,True,False,False,4.8405591591021535,2.1443335644354704,4.420619879649312
v3_sc2_staging_13,L2,2,18,2.0,True,False,False,3.3656854249492385,2.6384709652950433,6.036436337944401
v3_sc2_staging_13,L2,2,19,2.0,False,False,False,nan,nan,nan
v3_sc2_staging_13,L2,3,0,0.0,True,False,False,5.760660171779822,2.3504385627478452,6.4226078900946
v3_sc2_staging_13,L2,3,1,0.0,True,False,False,3.502691193458119,1.9622144504490264,4.860270515561691
v3_sc2_staging_13,L2,3,2,0.0,True,False,False,3.300609665440987,1.46596032513375,3.896020928066654
v3_sc2_staging_13,L2,3,3,0.0,True,False,False,7.099137802864849,1.9520399670478459,5.434854673873659
v3_sc2_staging_13,L2,3,4,0.0,True,False,False,3.1414213562373097,3.8165379646193314,7.168930825088984
v3_sc2_staging_13,L2,3,5,0.0,False,False,False,nan,nan,nan
v3_sc2_staging_13,L2,3,6,0.0,True,False,False,4.294112549695429,1.4704060495238034,4.6684136831333465
v3_sc2_staging_13,L2,3,7,0.0,True,False,False,4.057716446627535,2.1744158240632667,4.746189093046495
v3_sc2_staging_13,L2,3,8,0.0,True,False,False,3.7642135623730955,3.840794858087629,6.45593271962862
v3_sc2_staging_13,L2,3,9,0.0,True,False,False,6.24350288425444,1.7699118925632336,6.3500000000000005
v3_sc2_staging_13,L2,3,10,0.0,True,False,False,5.805634918610405,2.4706901555025897,6.27421582177598
v3_sc2_staging_13,L2,3,11,0.0,True,False,False,6.454163056034261,2.9820970692960302,6.757582242041767
v3_sc2_staging_13,L2,3,12,0.0,True,False,False,6.807716446627535,1.7102036105300344,5.2558665724632645
v3_sc2_staging_13,L2,3,13,0.0,True,False,False,6.211879502661798,0.2778174593052023,1.1007810593582121
v3_sc2_staging_13,L2,3,14,0.0,True,False,False,3.752081528017131,1.7147234590350102,5.455249784853697
v3_sc2_staging_13,L2,3,15,0.0,True,False,False,3.6784271247461904,2.480771712157776,5.028562200066126
v3_sc2_staging_13,L2,3,16,0.0,True,False,False,4.720710678118655,1.7940139493908922,6.300000000000001
v3_sc2_staging_13,L2,3,17,0.0,True,False,False,4.790559159102154,2.1575364531836625,4.420619879649312
v3_sc2_staging_13,L2,3,18,0.0,True,False,False,3.3656854249492385,2.651586901863885,5.9878733033252125
v3_sc2_staging_13,L2,3,19,0.0,True,False,False,2.807716446627536,1.333712082089225,4.3386465049639655
v3_sc2_staging_13,L2,3,0,0.1,True,False,False,5.760660171779822,2.3504385627478452,6.4226078900946
v3_sc2_staging_13,L2,3,1,0.1,True,False,False,3.502691193458119,1.9622144504490264,4.860270515561691
v3_sc2_staging_13,L2,3,2,0.1,True,False,False,3.300609665440987,1.46596032513375,3.896020928066654
v3_sc2_staging_13,L2,3,3,0.1,True,False,False,7.099137802864849,1.9520399670478459,5.434854673873659
v3_sc2_staging_13,L2,3,4,0.1,True,False,False,3.1414213562373097,3.8165379646193314,7.168930825088984
v3_sc2_staging_13,L2,3,5,0.1,False,False,False,nan,nan,nan
v3_sc2_staging_13,L2,3,6,0.1,True,False,False,4.294112549695429,1.4704060495238034,4.6684136831333465
v3_sc2_staging_13,L2,3,7,0.1,True,False,False,4.057716446627535,2.1744158240632667,4.746189093046495
v3_sc2_staging_13,L2,3,8,0.1,True,False,False,3.7642135623730955,3.840794858087629,6.45593271962862
v3_sc2_staging_13,L2,3,9,0.1,True,False,False,6.24350288425444,1.7699118925632336,6.3500000000000005
v3_sc2_staging_13,L2,3,10,0.1,True,False,False,5.805634918610405,2.4706901555025897,6.27421582177598
v3_sc2_staging_13,L2,3,11,0.1,True,False,False,6.454163056034261,2.9820970692960302,6.757582242041767
v3_sc2_staging_13,L2,3,12,0.1,True,False,False,6.807716446627535,1.7102036105300344,5.2558665724632645
v3_sc2_staging_13,L2,3,13,0.1,True,False,False,6.211879502661798,0.2778174593052023,1.1007810593582121
v3_sc2_staging_13,L2,3,14,0.1,True,False,False,3.752081528017131,1.7147234590350102,5.455249784853697
v3_sc2_staging_13,L2,3,15,0.1,True,False,False,3.6784271247461904,2.480771712157776,5.028562200066126
v3_sc2_staging_13,L2,3,16,0.1,True,False,False,4.720710678118655,1.7940139493908922,6.300000000000001
v3_sc2_staging_13,L2,3,17,0.1,True,False,False,4.790559159102154,2.1575364531836625,4.420619879649312
v3_sc2_staging_13,L2,3,18,0.1,True,False,False,3.3656854249492385,2.651586901863885,5.9878733033252125
v3_sc2_staging_13,L2,3,19,0.1,True,False,False,2.807716446627536,1.333712082089225,4.3386465049639655
v3_sc2_staging_13,L2,3,0,0.2,True,False,False,5.760660171779822,2.3504385627478452,6.4226078900946
v3_sc2_staging_13,L2,3,1,0.2,True,False,False,3.502691193458119,1.9622144504490264,4.860270515561691
v3_sc2_staging_13,L2,3,2,0.2,True,False,False,3.300609665440987,1.46596032513375,3.896020928066654
v3_sc2_staging_13,L2,3,3,0.2,True,False,False,7.099137802864849,1.9520399670478459,5.434854673873659
v3_sc2_staging_13,L2,3,4,0.2,True,False,False,3.1414213562373097,3.8165379646193314,7.168930825088984
v3_sc2_staging_13,L2,3,5,0.2,False,False,False,nan,nan,nan
v3_sc2_staging_13,L2,3,6,0.2,True,False,False,4.294112549695429,1.4704060495238034,4.6684136831333465
v3_sc2_staging_13,L2,3,7,0.2,True,False,False,4.057716446627535,2.1744158240632667,4.746189093046495
v3_sc2_staging_13,L2,3,8,0.2,True,False,False,3.7642135623730955,3.840794858087629,6.45593271962862
v3_sc2_staging_13,L2,3,9,0.2,True,False,False,6.24350288425444,1.7699118925632336,6.3500000000000005
v3_sc2_staging_13,L2,3,10,0.2,True,False,False,5.805634918610405,2.4706901555025897,6.27421582177598
v3_sc2_staging_13,L2,3,11,0.2,True,False,False,6.454163056034261,2.9820970692960302,6.757582242041767
v3_sc2_staging_13,L2,3,12,0.2,True,False,False,6.807716446627535,1.7102036105300344,5.2558665724632645
v3_sc2_staging_13,L2,3,13,0.2,True,False,False,6.211879502661798,0.2778174593052023,1.1007810593582121
v3_sc2_staging_13,L2,3,14,0.2,True,False,False,3.752081528017131,1.7147234590350102,5.455249784853697
v3_sc2_staging_13,L2,3,15,0.2,True,False,False,3.6784271247461904,2.480771712157776,5.028562200066126
v3_sc2_staging_13,L2,3,16,0.2,True,False,False,4.720710678118655,1.7940139493908922,6.300000000000001
v3_sc2_staging_13,L2,3,17,0.2,True,False,False,4.790559159102154,2.1575364531836625,4.420619879649312
v3_sc2_staging_13,L2,3,18,0.2,True,False,False,3.3656854249492385,2.651586901863885,5.9878733033252125
v3_sc2_staging_13,L2,3,19,0.2,True,False,False,2.807716446627536,1.333712082089225,4.3386465049639655
v3_sc2_staging_13,L2,3,0,0.3,True,False,False,5.760660171779822,2.3504385627478452,6.4226078900946
v3_sc2_staging_13,L2,3,1,0.3,True,False,False,3.502691193458119,1.9622144504490264,4.860270515561691
v3_sc2_staging_13,L2,3,2,0.3,True,False,False,3.300609665440987,1.46596032513375,3.896020928066654
v3_sc2_staging_13,L2,3,3,0.3,True,False,False,7.099137802864849,1.9520399670478459,5.434854673873659
v3_sc2_staging_13,L2,3,4,0.3,True,False,False,3.1414213562373097,3.8165379646193314,7.168930825088984
v3_sc2_staging_13,L2,3,5,0.3,False,False,False,nan,nan,nan
v3_sc2_staging_13,L2,3,6,0.3,True,False,False,4.294112549695429,1.4704060495238034,4.6684136831333465
v3_sc2_staging_13,L2,3,7,0.3,True,False,False,4.057716446627535,2.1744158240632667,4.746189093046495
v3_sc2_staging_13,L2,3,8,0.3,True,False,False,3.7642135623730955,3.840794858087629,6.45593271962862
v3_sc2_staging_13,L2,3,9,0.3,True,False,False,6.24350288425444,1.7699118925632336,6.3500000000000005
v3_sc2_staging_13,L2,3,10,0.3,True,False,False,5.805634918610405,2.4706901555025897,6.27421582177598
v3_sc2_staging_13,L2,3,11,0.3,True,False,False,6.454163056034261,2.9820970692960302,6.757582242041767
v3_sc2_staging_13,L2,3,12,0.3,True,False,False,6.807716446627535,1.7102036105300344,5.2558665724632645
v3_sc2_staging_13,L2,3,13,0.3,True,False,False,6.211879502661798,0.3062257748298549,1.1007810593582121
v3_sc2_staging_13,L2,3,14,0.3,True,False,False,3.752081528017131,1.7147234590350102,5.455249784853697
v3_sc2_staging_13,L2,3,15,0.3,True,False,False,3.6784271247461904,2.480771712157776,5.028562200066126
v3_sc2_staging_13,L2,3,16,0.3,True,False,False,4.720710678118655,1.7940139493908922,6.300000000000001
v3_sc2_staging_13,L2,3,17,0.3,True,False,False,4.790559159102154,2.1575364531836625,4.420619879649312
v3_sc2_staging_13,L2,3,18,0.3,True,False,False,3.3656854249492385,2.651586901863885,5.9878733033252125
v3_sc2_staging_13,L2,3,19,0.3,True,False,False,2.807716446627536,1.333712082089225,4.3386465049639655
v3_sc2_staging_13,L2,3,0,0.4,True,False,False,5.760660171779822,2.3504385627478452,6.4226078900946
v3_sc2_staging_13,L2,3,1,0.4,True,False,False,3.502691193458119,1.9622144504490264,4.860270515561691
v3_sc2_staging_13,L2,3,2,0.4,True,False,False,3.300609665440987,1.46596032513375,3.896020928066654
v3_sc2_staging_13,L2,3,3,0.4,True,False,False,7.099137802864849,1.9520399670478459,5.434854673873659
v3_sc2_staging_13,L2,3,4,0.4,True,False,False,3.1414213562373097,3.8165379646193314,7.168930825088984
v3_sc2_staging_13,L2,3,5,0.4,False,False,False,nan,nan,nan
v3_sc2_staging_13,L2,3,6,0.4,True,False,False,4.294112549695429,1.4704060495238034,4.6684136831333465
v3_sc2_staging_13,L2,3,7,0.4,True,False,False,4.057716446627535,2.1744158240632667,4.746189093046495
v3_sc2_staging_13,L2,3,8,0.4,True,False,False,3.7642135623730955,3.840794858087629,6.45593271962862
v3_sc2_staging_13,L2,3,9,0.4,True,False,False,6.24350288425444,1.7699118925632336,6.3500000000000005
v3_sc2_staging_13,L2,3,10,0.4,True,False,False,5.805634918610405,2.4706901555025897,6.27421582177598
v3_sc2_staging_13,L2,3,11,0.4,True,False,False,6.454163056034261,2.9820970692960302,6.757582242041767
v3_sc2_staging_13,L2,3,12,0.4,True,False,False,6.807716446627535,1.7102036105300344,5.2558665724632645
v3_sc2_staging_13,L2,3,13,0.4,False,False,False,nan,nan,nan
v3_sc2_staging_13,L2,3,14,0.4,True,False,False,3.752081528017131,1.7147234590350102,5.455249784853697
v3_sc2_staging_13,L2,3,15,0.4,True,False,False,3.6784271247461904,2.480771712157776,5.028562200066126
v3_sc2_staging_13,L2,3,16,0.4,True,False,False,4.720710678118655,1.7940139493908922,6.300000000000001
v3_sc2_staging_13,L2,3,17,0.4,True,False,False,4.790559159102154,2.1575364531836625,4.420619879649312
v3_sc2_staging_13,L2,3,18,0.4,True,False,False,3.3656854249492385,2.651586901863885,5.9878733033252125
v3_sc2_staging_13,L2,3,19,0.4,True,False,False,2.807716446627536,1.333712082089225,4.3386465049639655
v3_sc2_staging_13,L2,3,0,0.5,True,False,False,5.760660171779822,2.3504385627478452,6.4226078900946
v3_sc2_staging_13,L2,3,1,0.5,True,False,False,3.502691193458119,1.9622144504490264,4.860270515561691
v3_sc2_staging_13,L2,3,2,0.5,True,False,False,3.300609665440987,1.46596032513375,3.896020928066654
v3_sc2_staging_13,L2,3,3,0.5,True,False,False,7.099137802864849,1.9520399670478459,5.434854673873659
v3_sc2_staging_13,L2,3,4,0.5,True,False,False,3.1414213562373097,3.8165379646193314,7.168930825088984
v3_sc2_staging_13,L2,3,5,0.5,False,False,False,nan,nan,nan
v3_sc2_staging_13,L2,3,6,0.5,True,False,False,4.294112549695429,1.4704060495238034,4.6684136831333465
v3_sc2_staging_13,L2,3,7,0.5,True,False,False,4.057716446627535,2.1744158240632667,4.746189093046495
v3_sc2_staging_13,L2,3,8,0.5,True,False,False,3.7642135623730955,3.840794858087629,6.45593271962862
v3_sc2_staging_13,L2,3,9,0.5,True,False,False,6.24350288425444,1.7699118925632336,6.3500000000000005
v3_sc2_staging_13,L2,3,10,0.5,True,False,False,5.805634918610405,2.4706901555025897,6.27421582177598
v3_sc2_staging_13,L2,3,11,0.5,True,False,False,6.454163056034261,2.9820970692960302,6.757582242041767
v3_sc2_staging_13,L2,3,12,0.5,True,False,False,6.807716446627535,1.7102036105300344,5.2558665724632645
v3_sc2_staging_13,L2,3,13,0.5,False,False,False,nan,nan,nan
v3_sc2_staging_13,L2,3,14,0.5,True,False,False,3.752081528017131,1.7147234590350102,5.455249784853697
v3_sc2_staging_13,L2,3,15,0.5,True,False,False,3.6784271247461904,2.480771712157776,5.028562200066126
v3_sc2_staging_13,L2,3,16,0.5,True,False,False,4.720710678118655,1.7940139493908922,6.300000000000001
v3_sc2_staging_13,L2,3,17,0.5,True,False,False,4.790559159102154,2.1575364531836625,4.420619879649312
v3_sc2_staging_13,L2,3,18,0.5,True,False,False,3.3656854249492385,2.651586901863885,5.9878733033252125
v3_sc2_staging_13,L2,3,19,0.5,True,False,False,2.807716446627536,1.333712082089225,4.3386465049639655
v3_sc2_staging_13,L2,3,0,0.6,True,False,False,5.760660171779822,2.3504385627478452,6.4226078900946
v3_sc2_staging_13,L2,3,1,0.6,True,False,False,3.502691193458119,1.9622144504490264,4.860270515561691
v3_sc2_staging_13,L2,3,2,0.6,True,False,False,3.300609665440987,1.46596032513375,3.896020928066654
v3_sc2_staging_13,L2,3,3,0.6,True,False,False,7.099137802864849,1.9520399670478459,5.434854673873659
v3_sc2_staging_13,L2,3,4,0.6,True,False,False,3.1414213562373097,3.8165379646193314,7.168930825088984
v3_sc2_staging_13,L2,3,5,0.6,False,False,False,nan,nan,nan
v3_sc2_staging_13,L2,3,6,0.6,True,False,False,4.294112549695429,1.4704060495238034,4.6684136831333465
v3_sc2_staging_13,L2,3,7,0.6,True,False,False,4.057716446627535,2.1744158240632667,4.746189093046495
v3_sc2_staging_13,L2,3,8,0.6,True,False,False,3.7642135623730955,3.840794858087629,6.45593271962862
v3_sc2_staging_13,L2,3,9,0.6,True,False,False,6.24350288425444,1.7699118925632336,6.3500000000000005
v3_sc2_staging_13,L2,3,10,0.6,True,False,False,5.805634918610405,2.4706901555025897,6.27421582177598
v3_sc2_staging_13,L2,3,11,0.6,True,False,False,6.454163056034261,2.9820970692960302,6.757582242041767
v3_sc2_staging_13,L2,3,12,0.6,True,False,False,6.807716446627535,1.7102036105300344,5.2558665724632645
v3_sc2_staging_13,L2,3,13,0.6,False,False,False,nan,nan,nan
v3_sc2_staging_13,L2,3,14,0.6,True,False,False,3.752081528017131,1.7147234590350102,5.455249784853697
v3_sc2_staging_13,L2,3,15,0.6,True,False,False,3.6784271247461904,2.480771712157776,5.028562200066126
v3_sc2_staging_13,L2,3,16,0.6,True,False,False,4.720710678118655,1.7940139493908922,6.300000000000001
v3_sc2_staging_13,L2,3,17,0.6,True,False,False,4.790559159102154,2.1575364531836625,4.420619879649312
v3_sc2_staging_13,L2,3,18,0.6,True,False,False,3.3656854249492385,2.651586901863885,5.9878733033252125
v3_sc2_staging_13,L2,3,19,0.6,True,False,False,2.807716446627536,1.333712082089225,4.3386465049639655
v3_sc2_staging_13,L2,3,0,0.8,True,False,False,5.760660171779822,2.3504385627478452,6.4226078900946
v3_sc2_staging_13,L2,3,1,0.8,True,False,False,3.502691193458119,1.9622144504490264,4.860270515561691
v3_sc2_staging_13,L2,3,2,0.8,True,False,False,3.300609665440987,1.46596032513375,3.896020928066654
v3_sc2_staging_13,L2,3,3,0.8,True,False,False,7.099137802864849,1.9520399670478459,5.434854673873659
v3_sc2_staging_13,L2,3,4,0.8,True,False,False,3.1414213562373097,3.8165379646193314,7.168930825088984
v3_sc2_staging_13,L2,3,5,0.8,False,False,False,nan,nan,nan
v3_sc2_staging_13,L2,3,6,0.8,True,False,False,4.294112549695429,1.4704060495238034,4.6684136831333465
v3_sc2_staging_13,L2,3,7,0.8,True,False,False,4.057716446627535,2.1744158240632667,4.746189093046495
v3_sc2_staging_13,L2,3,8,0.8,True,False,False,3.7642135623730955,3.840794858087629,6.45593271962862
v3_sc2_staging_13,L2,3,9,0.8,True,False,False,6.24350288425444,1.7699118925632336,6.3500000000000005
v3_sc2_staging_13,L2,3,10,0.8,True,False,False,5.805634918610405,2.4706901555025897,6.27421582177598
v3_sc2_staging_13,L2,3,11,0.8,True,False,False,6.454163056034261,2.9820970692960302,6.757582242041767
v3_sc2_staging_13,L2,3,12,0.8,True,False,False,6.807716446627535,1.7102036105300344,5.2558665724632645
v3_sc2_staging_13,L2,3,13,0.8,False,False,False,nan,nan,nan
v3_sc2_staging_13,L2,3,14,0.8,True,False,False,3.752081528017131,1.7147234590350102,5.455249784853697
v3_sc2_staging_13,L2,3,15,0.8,True,False,False,3.6784271247461904,2.480771712157776,5.028562200066126
v3_sc2_staging_13,L2,3,16,0.8,True,False,False,4.720710678118655,1.7940139493908922,6.300000000000001
v3_sc2_staging_13,L2,3,17,0.8,True,False,False,4.790559159102154,2.1575364531836625,4.420619879649312
v3_sc2_staging_13,L2,3,18,0.8,True,False,False,3.3656854249492385,2.651586901863885,5.9878733033252125
v3_sc2_staging_13,L2,3,19,0.8,True,False,False,2.807716446627536,1.333712082089225,4.3386465049639655
v3_sc2_staging_13,L2,3,0,1.0,True,False,False,5.760660171779822,2.3504385627478452,6.4226078900946
v3_sc2_staging_13,L2,3,1,1.0,True,False,False,3.502691193458119,1.9622144504490264,4.860270515561691
v3_sc2_staging_13,L2,3,2,1.0,True,False,False,3.300609665440987,1.46596032513375,3.896020928066654
v3_sc2_staging_13,L2,3,3,1.0,True,False,False,7.099137802864849,1.9520399670478459,5.434854673873659
v3_sc2_staging_13,L2,3,4,1.0,True,False,False,3.1414213562373097,3.8165379646193314,7.168930825088984
v3_sc2_staging_13,L2,3,5,1.0,False,False,False,nan,nan,nan
v3_sc2_staging_13,L2,3,6,1.0,True,False,False,4.294112549695429,1.4704060495238034,4.6684136831333465
v3_sc2_staging_13,L2,3,7,1.0,True,False,False,4.057716446627535,2.1744158240632667,4.746189093046495
v3_sc2_staging_13,L2,3,8,1.0,True,False,False,3.7642135623730955,3.840794858087629,6.45593271962862
v3_sc2_staging_13,L2,3,9,1.0,True,False,False,6.24350288425444,1.7699118925632336,6.3500000000000005
v3_sc2_staging_13,L2,3,10,1.0,True,False,False,5.805634918610405,2.4706901555025897,6.27421582177598
v3_sc2_staging_13,L2,3,11,1.0,True,False,False,6.454163056034261,2.9820970692960302,6.757582242041767
v3_sc2_staging_13,L2,3,12,1.0,True,False,False,6.807716446627535,1.7102036105300344,5.2558665724632645
v3_sc2_staging_13,L2,3,13,1.0,False,False,False,nan,nan,nan
v3_sc2_staging_13,L2,3,14,1.0,True,False,False,3.752081528017131,1.7147234590350102,5.455249784853697
v3_sc2_staging_13,L2,3,15,1.0,True,False,False,3.6784271247461904,2.480771712157776,5.028562200066126
v3_sc2_staging_13,L2,3,16,1.0,True,False,False,4.720710678118655,1.7940139493908922,6.300000000000001
v3_sc2_staging_13,L2,3,17,1.0,True,False,False,4.790559159102154,2.1575364531836625,4.420619879649312
v3_sc2_staging_13,L2,3,18,1.0,True,False,False,3.3656854249492385,2.651586901863885,5.9878733033252125
v3_sc2_staging_13,L2,3,19,1.0,True,False,False,2.807716446627536,1.333712082089225,4.3386465049639655
v3_sc2_staging_13,L2,3,0,1.25,True,False,False,5.760660171779822,2.3504385627478452,6.4226078900946
v3_sc2_staging_13,L2,3,1,1.25,True,False,False,3.502691193458119,1.9622144504490264,4.860270515561691
v3_sc2_staging_13,L2,3,2,1.25,True,False,False,3.300609665440987,1.46596032513375,3.896020928066654
v3_sc2_staging_13,L2,3,3,1.25,True,False,False,7.099137802864849,1.9520399670478459,5.434854673873659
v3_sc2_staging_13,L2,3,4,1.25,True,False,False,3.1414213562373097,3.8165379646193314,7.168930825088984
v3_sc2_staging_13,L2,3,5,1.25,False,False,False,nan,nan,nan
v3_sc2_staging_13,L2,3,6,1.25,True,False,False,4.294112549695429,1.4704060495238034,4.6684136831333465
v3_sc2_staging_13,L2,3,7,1.25,True,False,False,4.057716446627535,2.1744158240632667,4.746189093046495
v3_sc2_staging_13,L2,3,8,1.25,True,False,False,3.7642135623730955,3.840794858087629,6.45593271962862
v3_sc2_staging_13,L2,3,9,1.25,True,False,False,6.24350288425444,1.7699118925632336,6.3500000000000005
v3_sc2_staging_13,L2,3,10,1.25,True,False,False,5.805634918610405,2.4706901555025897,6.27421582177598
v3_sc2_staging_13,L2,3,11,1.25,True,False,False,6.454163056034261,2.9820970692960302,6.757582242041767
v3_sc2_staging_13,L2,3,12,1.25,True,False,False,6.807716446627535,1.7102036105300344,5.2558665724632645
v3_sc2_staging_13,L2,3,13,1.25,False,False,False,nan,nan,nan
v3_sc2_staging_13,L2,3,14,1.25,True,False,False,3.752081528017131,1.7147234590350102,5.455249784853697
v3_sc2_staging_13,L2,3,15,1.25,True,False,False,3.6784271247461904,2.480771712157776,5.028562200066126
v3_sc2_staging_13,L2,3,16,1.25,True,False,False,4.720710678118655,1.7940139493908922,6.300000000000001
v3_sc2_staging_13,L2,3,17,1.25,True,False,False,4.790559159102154,2.1575364531836625,4.420619879649312
v3_sc2_staging_13,L2,3,18,1.25,True,False,False,3.3656854249492385,2.651586901863885,5.9878733033252125
v3_sc2_staging_13,L2,3,19,1.25,True,False,False,2.807716446627536,1.333712082089225,4.3386465049639655
v3_sc2_staging_13,L2,3,0,1.5,True,False,False,5.760660171779822,2.3504385627478452,6.4226078900946
v3_sc2_staging_13,L2,3,1,1.5,True,False,False,3.502691193458119,1.9622144504490264,4.860270515561691
v3_sc2_staging_13,L2,3,2,1.5,False,False,False,nan,nan,nan
v3_sc2_staging_13,L2,3,3,1.5,True,False,False,7.099137802864849,1.9520399670478459,5.434854673873659
v3_sc2_staging_13,L2,3,4,1.5,True,False,False,3.1414213562373097,3.8165379646193314,7.168930825088984
v3_sc2_staging_13,L2,3,5,1.5,False,False,False,nan,nan,nan
v3_sc2_staging_13,L2,3,6,1.5,False,False,False,nan,nan,nan
v3_sc2_staging_13,L2,3,7,1.5,True,False,False,4.057716446627535,2.1744158240632667,4.746189093046495
v3_sc2_staging_13,L2,3,8,1.5,True,False,False,3.7642135623730955,3.840794858087629,6.45593271962862
v3_sc2_staging_13,L2,3,9,1.5,True,False,False,6.24350288425444,1.7699118925632336,6.3500000000000005
v3_sc2_staging_13,L2,3,10,1.5,True,False,False,5.805634918610405,2.4706901555025897,6.27421582177598
v3_sc2_staging_13,L2,3,11,1.5,True,False,False,6.454163056034261,2.9820970692960302,6.757582242041767
v3_sc2_staging_13,L2,3,12,1.5,True,False,False,6.807716446627535,1.7102036105300344,5.2558665724632645
v3_sc2_staging_13,L2,3,13,1.5,False,False,False,nan,nan,nan
v3_sc2_staging_13,L2,3,14,1.5,True,False,False,3.752081528017131,1.7147234590350102,5.455249784853697
v3_sc2_staging_13,L2,3,15,1.5,True,False,False,3.6784271247461904,2.480771712157776,5.028562200066126
v3_sc2_staging_13,L2,3,16,1.5,True,False,False,4.720710678118655,1.7940139493908922,6.300000000000001
v3_sc2_staging_13,L2,3,17,1.5,True,False,False,4.790559159102154,2.1575364531836625,4.420619879649312
v3_sc2_staging_13,L2,3,18,1.5,True,False,False,3.3656854249492385,2.651586901863885,5.9878733033252125
v3_sc2_staging_13,L2,3,19,1.5,False,False,False,nan,nan,nan
v3_sc2_staging_13,L2,3,0,2.0,True,False,False,5.760660171779822,2.3504385627478452,6.4226078900946
v3_sc2_staging_13,L2,3,1,2.0,False,False,False,nan,nan,nan
v3_sc2_staging_13,L2,3,2,2.0,False,False,False,nan,nan,nan
v3_sc2_staging_13,L2,3,3,2.0,False,False,False,nan,nan,nan
v3_sc2_staging_13,L2,3,4,2.0,True,False,False,3.1414213562373097,3.8165379646193314,7.168930825088984
v3_sc2_staging_13,L2,3,5,2.0,False,False,False,nan,nan,nan
v3_sc2_staging_13,L2,3,6,2.0,False,False,False,nan,nan,nan
v3_sc2_staging_13,L2,3,7,2.0,True,False,False,4.057716446627535,2.1744158240632667,4.746189093046495
v3_sc2_staging_13,L2,3,8,2.0,True,False,False,3.7642135623730955,3.840794858087629,6.45593271962862
v3_sc2_staging_13,L2,3,9,2.0,False,False,False,nan,nan,nan
v3_sc2_staging_13,L2,3,10,2.0,True,False,False,5.805634918610405,2.4706901555025897,6.27421582177598
v3_sc2_staging_13,L2,3,11,2.0,True,False,False,6.454163056034261,2.9820970692960302,6.757582242041767
v3_sc2_staging_13,L2,3,12,2.0,False,False,False,nan,nan,nan
v3_sc2_staging_13,L2,3,13,2.0,False,False,False,nan,nan,nan
v3_sc2_staging_13,L2,3,14,2.0,False,False,False,nan,nan,nan
v3_sc2_staging_13,L2,3,15,2.0,True,False,False,3.6784271247461904,2.480771712157776,5.028562200066126
v3_sc2_staging_13,L2,3,16,2.0,False,False,False,nan,nan,nan
v3_sc2_staging_13,L2,3,17,2.0,True,False,False,4.790559159102154,2.1575364531836625,4.420619879649312
v3_sc2_staging_13,L2,3,18,2.0,True,False,False,3.3656854249492385,2.651586901863885,5.9878733033252125
v3_sc2_staging_13,L2,3,19,2.0,False,False,False,nan,nan,nan
v3_sc2_staging_13,L2,4,0,0.0,True,False,False,5.810660171779822,2.381405906844782,6.4226078900946
v3_sc2_staging_13,L2,4,1,0.0,True,False,False,3.5319805153394634,1.9438698819699876,4.892819299772615
v3_sc2_staging_13,L2,4,2,0.0,True,False,False,3.3006096654409873,1.4235384061671343,3.927188724235731
v3_sc2_staging_13,L2,4,3,0.0,True,False,False,7.128427124746193,1.9909837414162301,5.484145720150873
v3_sc2_staging_13,L2,4,4,0.0,True,False,False,3.120710678118655,3.795346318982906,7.174796414237971
v3_sc2_staging_13,L2,4,5,0.0,True,False,False,3.0414213562373096,1.7276669409945464,5.139370532249145
v3_sc2_staging_13,L2,4,6,0.0,True,False,False,4.352691193458118,1.460229578391266,4.706966487312935
v3_sc2_staging_13,L2,4,7,0.0,True,False,False,4.1698484809835,2.1277366686941828,4.727332015474051
v3_sc2_staging_13,L2,4,8,0.0,True,False,False,3.8142135623730953,3.82030091544559,6.45593271962862
v3_sc2_staging_13,L2,4,9,0.0,True,False,False,6.272792206135786,1.7770595073471402,6.3500000000000005
v3_sc2_staging_13,L2,4,10,0.0,True,False,False,5.83492424049175,2.54138126514911,6.323672031978091
v3_sc2_staging_13,L2,4,11,0.0,True,False,False,6.604163056034263,2.9205262752974144,6.742237223399963
v3_sc2_staging_13,L2,4,12,0.0,True,False,False,6.837005768508883,1.75,5.305385430787521
v3_sc2_staging_13,L2,4,13,0.0,True,False,False,6.232590180780452,0.3139410298049854,1.1
v3_sc2_staging_13,L2,4,14,0.0,True,False,False,3.7020815280171306,1.7825424421026654,5.5035406219996545
v3_sc2_staging_13,L2,4,15,0.0,True,False,False,3.72842712474619,2.4347061181658383,5.008402672281685
v3_sc2_staging_13,L2,4,16,0.0,True,False,False,4.7,1.8086792761230392,6.300000000000001
v3_sc2_staging_13,L2,4,17,0.0,True,False,False,4.840559159102154,2.1086394921491163,4.39948976935354
v3_sc2_staging_13,L2,4,18,0.0,True,False,False,3.3656854249492385,2.6890437438203953,6.036436337944401
v3_sc2_staging_13,L2,4,19,0.0,True,False,False,2.8370057685088805,1.311767093199344,4.375705077217038
v3_sc2_staging_13,L2,4,0,0.1,True,False,False,5.810660171779822,2.381405906844782,6.4226078900946
v3_sc2_staging_13,L2,4,1,0.1,True,False,False,3.5319805153394634,1.9438698819699876,4.892819299772615
v3_sc2_staging_13,L2,4,2,0.1,True,False,False,3.3006096654409873,1.4235384061671343,3.927188724235731
v3_sc2_staging_13,L2,4,3,0.1,True,False,False,7.128427124746193,1.9909837414162301,5.484145720150873
v3_sc2_staging_13,L2,4,4,0.1,True,False,False,3.120710678118655,3.795346318982906,7.174796414237971
v3_sc2_staging_13,L2,4,5,0.1,True,False,False,3.0414213562373096,1.7276669409945464,5.139370532249145
v3_sc2_staging_13,L2,4,6,0.1,True,False,False,4.352691193458118,1.460229578391266,4.706966487312935
v3_sc2_staging_13,L2,4,7,0.1,True,False,False,4.1698484809835,2.1277366686941828,4.727332015474051
v3_sc2_staging_13,L2,4,8,0.1,True,False,False,3.8142135623730953,3.82030091544559,6.45593271962862
v3_sc2_staging_13,L2,4,9,0.1,True,False,False,6.272792206135786,1.7770595073471402,6.3500000000000005
v3_sc2_staging_13,L2,4,10,0.1,True,False,False,5.83492424049175,2.54138126514911,6.323672031978091
v3_sc2_staging_13,L2,4,11,0.1,True,False,False,6.604163056034263,2.9205262752974144,6.742237223399963
v3_sc2_staging_13,L2,4,12,0.1,True,False,False,6.837005768508883,1.75,5.305385430787521
v3_sc2_staging_13,L2,4,13,0.1,True,False,False,6.232590180780452,0.3139410298049854,1.1
v3_sc2_staging_13,L2,4,14,0.1,True,False,False,3.7020815280171306,1.7825424421026654,5.5035406219996545
v3_sc2_staging_13,L2,4,15,0.1,True,False,False,3.72842712474619,2.4347061181658383,5.008402672281685
v3_sc2_staging_13,L2,4,16,0.1,True,False,False,4.7,1.8086792761230392,6.300000000000001
v3_sc2_staging_13,L2,4,17,0.1,True,False,False,4.840559159102154,2.1086394921491163,4.39948976935354
v3_sc2_staging_13,L2,4,18,0.1,True,False,False,3.3656854249492385,2.6890437438203953,6.036436337944401
v3_sc2_staging_13,L2,4,19,0.1,True,False,False,2.8370057685088805,1.311767093199344,4.375705077217038
v3_sc2_staging_13,L2,4,0,0.2,True,False,False,5.810660171779822,2.381405906844782,6.4226078900946
v3_sc2_staging_13,L2,4,1,0.2,True,False,False,3.5319805153394634,1.9438698819699876,4.892819299772615
v3_sc2_staging_13,L2,4,2,0.2,True,False,False,3.3006096654409873,1.4235384061671343,3.927188724235731
v3_sc2_staging_13,L2,4,3,0.2,True,False,False,7.128427124746193,1.9909837414162301,5.484145720150873
v3_sc2_staging_13,L2,4,4,0.2,True,False,False,3.120710678118655,3.795346318982906,7.174796414237971
v3_sc2_staging_13,L2,4,5,0.2,True,False,False,3.0414213562373096,1.7276669409945464,5.139370532249145
v3_sc2_staging_13,L2,4,6,0.2,True,False,False,4.352691193458118,1.460229578391266,4.706966487312935
v3_sc2_staging_13,L2,4,7,0.2,True,False,False,4.1698484809835,2.1277366686941828,4.727332015474051
v3_sc2_staging_13,L2,4,8,0.2,True,False,False,3.8142135623730953,3.82030091544559,6.45593271962862
v3_sc2_staging_13,L2,4,9,0.2,True,False,False,6.272792206135786,1.7770595073471402,6.3500000000000005
v3_sc2_staging_13,L2,4,10,0.2,True,False,False,5.83492424049175,2.54138126514911,6.323672031978091
v3_sc2_staging_13,L2,4,11,0.2,True,False,False,6.604163056034263,2.9205262752974144,6.742237223399963
v3_sc2_staging_13,L2,4,12,0.2,True,False,False,6.837005768508883,1.75,5.305385430787521
v3_sc2_staging_13,L2,4,13,0.2,True,False,False,6.232590180780452,0.3139410298049854,1.1
v3_sc2_staging_13,L2,4,14,0.2,True,False,False,3.7020815280171306,1.7825424421026654,5.5035406219996545
v3_sc2_staging_13,L2,4,15,0.2,True,False,False,3.72842712474619,2.4347061181658383,5.008402672281685
v3_sc2_staging_13,L2,4,16,0.2,True,False,False,4.7,1.8086792761230392,6.300000000000001
v3_sc2_staging_13,L2,4,17,0.2,True,False,False,4.840559159102154,2.1086394921491163,4.39948976935354
v3_sc2_staging_13,L2,4,18,0.2,True,False,False,3.3656854249492385,2.6890437438203953,6.036436337944401
v3_sc2_staging_13,L2,4,19,0.2,True,False,False,2.8370057685088805,1.311767093199344,4.375705077217038
v3_sc2_staging_13,L2,4,0,0.3,True,False,False,5.810660171779822,2.381405906844782,6.4226078900946
v3_sc2_staging_13,L2,4,1,0.3,True,False,False,3.5319805153394634,1.9438698819699876,4.892819299772615
v3_sc2_staging_13,L2,4,2,0.3,True,False,False,3.3006096654409873,1.4235384061671343,3.927188724235731
v3_sc2_staging_13,L2,4,3,0.3,True,False,False,7.128427124746193,1.9909837414162301,5.484145720150873
v3_sc2_staging_13,L2,4,4,0.3,True,False,False,3.120710678118655,3.795346318982906,7.174796414237971
v3_sc2_staging_13,L2,4,5,0.3,True,False,False,3.0414213562373096,1.7276669409945464,5.139370532249145
v3_sc2_staging_13,L2,4,6,0.3,True,False,False,4.352691193458118,1.460229578391266,4.706966487312935
v3_sc2_staging_13,L2,4,7,0.3,True,False,False,4.1698484809835,2.1277366686941828,4.727332015474051
v3_sc2_staging_13,L2,4,8,0.3,True,False,False,3.8142135623730953,3.82030091544559,6.45593271962862
v3_sc2_staging_13,L2,4,9,0.3,True,False,False,6.272792206135786,1.7770595073471402,6.3500000000000005
v3_sc2_staging_13,L2,4,10,0.3,True,False,False,5.83492424049175,2.54138126514911,6.323672031978091
v3_sc2_staging_13,L2,4,11,0.3,True,False,False,6.604163056034263,2.9205262752974144,6.742237223399963
v3_sc2_staging_13,L2,4,12,0.3,True,False,False,6.837005768508883,1.75,5.305385430787521
v3_sc2_staging_13,L2,4,13,0.3,True,False,False,6.232590180780452,0.3139410298049854,1.1
v3_sc2_staging_13,L2,4,14,0.3,True,False,False,3.7020815280171306,1.7825424421026654,5.5035406219996545
v3_sc2_staging_13,L2,4,15,0.3,True,False,False,3.72842712474619,2.4347061181658383,5.008402672281685
v3_sc2_staging_13,L2,4,16,0.3,True,False,False,4.7,1.8086792761230392,6.300000000000001
v3_sc2_staging_13,L2,4,17,0.3,True,False,False,4.840559159102154,2.1086394921491163,4.39948976935354
v3_sc2_staging_13,L2,4,18,0.3,True,False,False,3.3656854249492385,2.6890437438203953,6.036436337944401
v3_sc2_staging_13,L2,4,19,0.3,True,False,False,2.8370057685088805,1.311767093199344,4.375705077217038
v3_sc2_staging_13,L2,4,0,0.4,True,False,False,5.810660171779822,2.381405906844782,6.4226078900946
v3_sc2_staging_13,L2,4,1,0.4,True,False,False,3.5319805153394634,1.9438698819699876,4.892819299772615
v3_sc2_staging_13,L2,4,2,0.4,True,False,False,3.3006096654409873,1.4235384061671343,3.927188724235731
v3_sc2_staging_13,L2,4,3,0.4,True,False,False,7.128427124746193,1.9909837414162301,5.484145720150873
v3_sc2_staging_13,L2,4,4,0.4,True,False,False,3.120710678118655,3.795346318982906,7.174796414237971
v3_sc2_staging_13,L2,4,5,0.4,True,False,False,3.0414213562373096,1.7276669409945464,5.139370532249145
v3_sc2_staging_13,L2,4,6,0.4,True,False,False,4.352691193458118,1.460229578391266,4.706966487312935
v3_sc2_staging_13,L2,4,7,0.4,True,False,False,4.1698484809835,2.1277366686941828,4.727332015474051
v3_sc2_staging_13,L2,4,8,0.4,True,False,False,3.8142135623730953,3.82030091544559,6.45593271962862
v3_sc2_staging_13,L2,4,9,0.4,True,False,False,6.272792206135786,1.7770595073471402,6.3500000000000005
v3_sc2_staging_13,L2,4,10,0.4,True,False,False,5.83492424049175,2.54138126514911,6.323672031978091
v3_sc2_staging_13,L2,4,11,0.4,True,False,False,6.604163056034263,2.9205262752974144,6.742237223399963
v3_sc2_staging_13,L2,4,12,0.4,True,False,False,6.837005768508883,1.75,5.305385430787521
v3_sc2_staging_13,L2,4,13,0.4,False,False,False,nan,nan,nan
v3_sc2_staging_13,L2,4,14,0.4,True,False,False,3.7020815280171306,1.7825424421026654,5.5035406219996545
v3_sc2_staging_13,L2,4,15,0.4,True,False,False,3.72842712474619,2.4347061181658383,5.008402672281685
v3_sc2_staging_13,L2,4,16,0.4,True,False,False,4.7,1.8086792761230392,6.300000000000001
v3_sc2_staging_13,L2,4,17,0.4,True,False,False,4.840559159102154,2.1086394921491163,4.39948976935354
v3_sc2_staging_13,L2,4,18,0.4,True,False,False,3.3656854249492385,2.6890437438203953,6.036436337944401
v3_sc2_staging_13,L2,4,19,0.4,True,False,False,2.8370057685088805,1.311767093199344,4.375705077217038
v3_sc2_staging_13,L2,4,0,0.5,True,False,False,5.810660171779822,2.381405906844782,6.4226078900946
v3_sc2_staging_13,L2,4,1,0.5,True,False,False,3.5319805153394634,1.9438698819699876,4.892819299772615
v3_sc2_staging_13,L2,4,2,0.5,True,False,False,3.3006096654409873,1.4235384061671343,3.927188724235731
v3_sc2_staging_13,L2,4,3,0.5,True,False,False,7.128427124746193,1.9909837414162301,5.484145720150873
v3_sc2_staging_13,L2,4,4,0.5,True,False,False,3.120710678118655,3.795346318982906,7.174796414237971
v3_sc2_staging_13,L2,4,5,0.5,True,False,False,3.0414213562373096,1.7276669409945464,5.139370532249145
v3_sc2_staging_13,L2,4,6,0.5,True,False,False,4.352691193458118,1.460229578391266,4.706966487312935
v3_sc2_staging_13,L2,4,7,0.5,True,False,False,4.1698484809835,2.1277366686941828,4.727332015474051
v3_sc2_staging_13,L2,4,8,0.5,True,False,False,3.8142135623730953,3.82030091544559,6.45593271962862
v3_sc2_staging_13,L2,4,9,0.5,True,False,False,6.272792206135786,1.7770595073471402,6.3500000000000005
v3_sc2_staging_13,L2,4,10,0.5,True,False,False,5.83492424049175,2.54138126514911,6.323672031978091
v3_sc2_staging_13,L2,4,11,0.5,True,False,False,6.604163056034263,2.9205262752974144,6.742237223399963
v3_sc2_staging_13,L2,4,12,0.5,True,False,False,6.837005768508883,1.75,5.305385430787521
v3_sc2_staging_13,L2,4,13,0.5,False,False,False,nan,nan,nan
v3_sc2_staging_13,L2,4,14,0.5,True,False,False,3.7020815280171306,1.7825424421026654,5.5035406219996545
v3_sc2_staging_13,L2,4,15,0.5,True,False,False,3.72842712474619,2.4347061181658383,5.008402672281685
v3_sc2_staging_13,L2,4,16,0.5,True,False,False,4.7,1.8086792761230392,6.300000000000001
v3_sc2_staging_13,L2,4,17,0.5,True,False,False,4.840559159102154,2.1086394921491163,4.39948976935354
v3_sc2_staging_13,L2,4,18,0.5,True,False,False,3.3656854249492385,2.6890437438203953,6.036436337944401
v3_sc2_staging_13,L2,4,19,0.5,True,False,False,2.8370057685088805,1.311767093199344,4.375705077217038
v3_sc2_staging_13,L2,4,0,0.6,True,False,False,5.810660171779822,2.381405906844782,6.4226078900946
v3_sc2_staging_13,L2,4,1,0.6,True,False,False,3.5319805153394634,1.9438698819699876,4.892819299772615
v3_sc2_staging_13,L2,4,2,0.6,True,False,False,3.3006096654409873,1.4235384061671343,3.927188724235731
v3_sc2_staging_13,L2,4,3,0.6,True,False,False,7.128427124746193,1.9909837414162301,5.484145720150873
v3_sc2_staging_13,L2,4,4,0.6,True,False,False,3.120710678118655,3.795346318982906,7.174796414237971
v3_sc2_staging_13,L2,4,5,0.6,True,False,False,3.0414213562373096,1.7276669409945464,5.139370532249145
v3_sc2_staging_13,L2,4,6,0.6,True,False,False,4.352691193458118,1.460229578391266,4.706966487312935
v3_sc2_staging_13,L2,4,7,0.6,True,False,False,4.1698484809835,2.1277366686941828,4.727332015474051
v3_sc2_staging_13,L2,4,8,0.6,True,False,False,3.8142135623730953,3.82030091544559,6.45593271962862
v3_sc2_staging_13,L2,4,9,0.6,True,False,False,6.272792206135786,1.7770595073471402,6.3500000000000005
v3_sc2_staging_13,L2,4,10,0.6,True,False,False,5.83492424049175,2.54138126514911,6.323672031978091
v3_sc2_staging_13,L2,4,11,0.6,True,False,False,6.604163056034263,2.9205262752974144,6.742237223399963
v3_sc2_staging_13,L2,4,12,0.6,True,False,False,6.837005768508883,1.75,5.305385430787521
v3_sc2_staging_13,L2,4,13,0.6,False,False,False,nan,nan,nan
v3_sc2_staging_13,L2,4,14,0.6,True,False,False,3.7020815280171306,1.7825424421026654,5.5035406219996545
v3_sc2_staging_13,L2,4,15,0.6,True,False,False,3.72842712474619,2.4347061181658383,5.008402672281685
v3_sc2_staging_13,L2,4,16,0.6,True,False,False,4.7,1.8086792761230392,6.300000000000001
v3_sc2_staging_13,L2,4,17,0.6,True,False,False,4.840559159102154,2.1086394921491163,4.39948976935354
v3_sc2_staging_13,L2,4,18,0.6,True,False,False,3.3656854249492385,2.6890437438203953,6.036436337944401
v3_sc2_staging_13,L2,4,19,0.6,True,False,False,2.8370057685088805,1.311767093199344,4.375705077217038
v3_sc2_staging_13,L2,4,0,0.8,True,False,False,5.810660171779822,2.381405906844782,6.4226078900946
v3_sc2_staging_13,L2,4,1,0.8,True,False,False,3.5319805153394634,1.9438698819699876,4.892819299772615
v3_sc2_staging_13,L2,4,2,0.8,True,False,False,3.3006096654409873,1.4235384061671343,3.927188724235731
v3_sc2_staging_13,L2,4,3,0.8,True,False,False,7.128427124746193,1.9909837414162301,5.484145720150873
v3_sc2_staging_13,L2,4,4,0.8,True,False,False,3.120710678118655,3.795346318982906,7.174796414237971
v3_sc2_staging_13,L2,4,5,0.8,True,False,False,3.0414213562373096,1.7276669409945464,5.139370532249145
v3_sc2_staging_13,L2,4,6,0.8,True,False,False,4.352691193458118,1.460229578391266,4.706966487312935
v3_sc2_staging_13,L2,4,7,0.8,True,False,False,4.1698484809835,2.1277366686941828,4.727332015474051
v3_sc2_staging_13,L2,4,8,0.8,True,False,False,3.8142135623730953,3.82030091544559,6.45593271962862
v3_sc2_staging_13,L2,4,9,0.8,True,False,False,6.272792206135786,1.7770595073471402,6.3500000000000005
v3_sc2_staging_13,L2,4,10,0.8,True,False,False,5.83492424049175,2.54138126514911,6.323672031978091
v3_sc2_staging_13,L2,4,11,0.8,True,False,False,6.604163056034263,2.9205262752974144,6.742237223399963
v3_sc2_staging_13,L2,4,12,0.8,True,False,False,6.837005768508883,1.75,5.305385430787521
v3_sc2_staging_13,L2,4,13,0.8,False,False,False,nan,nan,nan
v3_sc2_staging_13,L2,4,14,0.8,True,False,False,3.7020815280171306,1.7825424421026654,5.5035406219996545
v3_sc2_staging_13,L2,4,15,0.8,True,False,False,3.72842712474619,2.4347061181658383,5.008402672281685
v3_sc2_staging_13,L2,4,16,0.8,True,False,False,4.7,1.8086792761230392,6.300000000000001
v3_sc2_staging_13,L2,4,17,0.8,True,False,False,4.840559159102154,2.1086394921491163,4.39948976935354
v3_sc2_staging_13,L2,4,18,0.8,True,False,False,3.3656854249492385,2.6890437438203953,6.036436337944401
v3_sc2_staging_13,L2,4,19,0.8,True,False,False,2.8370057685088805,1.311767093199344,4.375705077217038
v3_sc2_staging_13,L2,4,0,1.0,True,False,False,5.810660171779822,2.381405906844782,6.4226078900946
v3_sc2_staging_13,L2,4,1,1.0,True,False,False,3.5319805153394634,1.9438698819699876,4.892819299772615
v3_sc2_staging_13,L2,4,2,1.0,True,False,False,3.3006096654409873,1.4235384061671343,3.927188724235731
v3_sc2_staging_13,L2,4,3,1.0,True,False,False,7.128427124746193,1.9909837414162301,5.484145720150873
v3_sc2_staging_13,L2,4,4,1.0,True,False,False,3.120710678118655,3.795346318982906,7.174796414237971
v3_sc2_staging_13,L2,4,5,1.0,True,False,False,3.0414213562373096,1.7276669409945464,5.139370532249145
v3_sc2_staging_13,L2,4,6,1.0,True,False,False,4.352691193458118,1.460229578391266,4.706966487312935
v3_sc2_staging_13,L2,4,7,1.0,True,False,False,4.1698484809835,2.1277366686941828,4.727332015474051
v3_sc2_staging_13,L2,4,8,1.0,True,False,False,3.8142135623730953,3.82030091544559,6.45593271962862
v3_sc2_staging_13,L2,4,9,1.0,True,False,False,6.272792206135786,1.7770595073471402,6.3500000000000005
v3_sc2_staging_13,L2,4,10,1.0,True,False,False,5.83492424049175,2.54138126514911,6.323672031978091
v3_sc2_staging_13,L2,4,11,1.0,True,False,False,6.604163056034263,2.9205262752974144,6.742237223399963
v3_sc2_staging_13,L2,4,12,1.0,True,False,False,6.837005768508883,1.75,5.305385430787521
v3_sc2_staging_13,L2,4,13,1.0,False,False,False,nan,nan,nan
v3_sc2_staging_13,L2,4,14,1.0,True,False,False,3.7020815280171306,1.7825424421026654,5.5035406219996545
v3_sc2_staging_13,L2,4,15,1.0,True,False,False,3.72842712474619,2.4347061181658383,5.008402672281685
v3_sc2_staging_13,L2,4,16,1.0,True,False,False,4.7,1.8086792761230392,6.300000000000001
v3_sc2_staging_13,L2,4,17,1.0,True,False,False,4.840559159102154,2.1086394921491163,4.39948976935354
v3_sc2_staging_13,L2,4,18,1.0,True,False,False,3.3656854249492385,2.6890437438203953,6.036436337944401
v3_sc2_staging_13,L2,4,19,1.0,True,False,False,2.8370057685088805,1.311767093199344,4.375705077217038
v3_sc2_staging_13,L2,4,0,1.25,True,False,False,5.810660171779822,2.381405906844782,6.4226078900946
v3_sc2_staging_13,L2,4,1,1.25,True,False,False,3.5319805153394634,1.9438698819699876,4.892819299772615
v3_sc2_staging_13,L2,4,2,1.25,True,False,False,3.3006096654409873,1.4235384061671343,3.927188724235731
v3_sc2_staging_13,L2,4,3,1.25,True,False,False,7.128427124746193,1.9909837414162301,5.484145720150873
v3_sc2_staging_13,L2,4,4,1.25,True,False,False,3.120710678118655,3.795346318982906,7.174796414237971
v3_sc2_staging_13,L2,4,5,1.25,True,False,False,3.0414213562373096,1.7276669409945464,5.139370532249145
v3_sc2_staging_13,L2,4,6,1.25,True,False,False,4.352691193458118,1.460229578391266,4.706966487312935
v3_sc2_staging_13,L2,4,7,1.25,True,False,False,4.1698484809835,2.1277366686941828,4.727332015474051
v3_sc2_staging_13,L2,4,8,1.25,True,False,False,3.8142135623730953,3.82030091544559,6.45593271962862
v3_sc2_staging_13,L2,4,9,1.25,True,False,False,6.272792206135786,1.7770595073471402,6.3500000000000005
v3_sc2_staging_13,L2,4,10,1.25,True,False,False,5.83492424049175,2.54138126514911,6.323672031978091
v3_sc2_staging_13,L2,4,11,1.25,True,False,False,6.604163056034263,2.9205262752974144,6.742237223399963
v3_sc2_staging_13,L2,4,12,1.25,True,False,False,6.837005768508883,1.75,5.305385430787521
v3_sc2_staging_13,L2,4,13,1.25,False,False,False,nan,nan,nan
v3_sc2_staging_13,L2,4,14,1.25,True,False,False,3.7020815280171306,1.7825424421026654,5.5035406219996545
v3_sc2_staging_13,L2,4,15,1.25,True,False,False,3.72842712474619,2.4347061181658383,5.008402672281685
v3_sc2_staging_13,L2,4,16,1.25,True,False,False,4.7,1.8086792761230392,6.300000000000001
v3_sc2_staging_13,L2,4,17,1.25,True,False,False,4.840559159102154,2.1086394921491163,4.39948976935354
v3_sc2_staging_13,L2,4,18,1.25,True,False,False,3.3656854249492385,2.6890437438203953,6.036436337944401
v3_sc2_staging_13,L2,4,19,1.25,True,False,False,2.8370057685088805,1.311767093199344,4.375705077217038
v3_sc2_staging_13,L2,4,0,1.5,True,False,False,5.810660171779822,2.381405906844782,6.4226078900946
v3_sc2_staging_13,L2,4,1,1.5,True,False,False,3.5319805153394634,1.9438698819699876,4.892819299772615
v3_sc2_staging_13,L2,4,2,1.5,False,False,False,nan,nan,nan
v3_sc2_staging_13,L2,4,3,1.5,True,False,False,7.128427124746193,1.9909837414162301,5.484145720150873
v3_sc2_staging_13,L2,4,4,1.5,True,False,False,3.120710678118655,3.795346318982906,7.174796414237971
v3_sc2_staging_13,L2,4,5,1.5,True,False,False,3.0414213562373096,1.7276669409945464,5.139370532249145
v3_sc2_staging_13,L2,4,6,1.5,False,False,False,nan,nan,nan
v3_sc2_staging_13,L2,4,7,1.5,True,False,False,4.1698484809835,2.1277366686941828,4.727332015474051
v3_sc2_staging_13,L2,4,8,1.5,True,False,False,3.8142135623730953,3.82030091544559,6.45593271962862
v3_sc2_staging_13,L2,4,9,1.5,True,False,False,6.272792206135786,1.7770595073471402,6.3500000000000005
v3_sc2_staging_13,L2,4,10,1.5,True,False,False,5.83492424049175,2.54138126514911,6.323672031978091
v3_sc2_staging_13,L2,4,11,1.5,True,False,False,6.604163056034263,2.9205262752974144,6.742237223399963
v3_sc2_staging_13,L2,4,12,1.5,True,False,False,6.837005768508883,1.75,5.305385430787521
v3_sc2_staging_13,L2,4,13,1.5,False,False,False,nan,nan,nan
v3_sc2_staging_13,L2,4,14,1.5,True,False,False,3.7020815280171306,1.7825424421026654,5.5035406219996545
v3_sc2_staging_13,L2,4,15,1.5,True,False,False,3.72842712474619,2.4347061181658383,5.008402672281685
v3_sc2_staging_13,L2,4,16,1.5,True,False,False,4.7,1.8086792761230392,6.300000000000001
v3_sc2_staging_13,L2,4,17,1.5,True,False,False,4.840559159102154,2.1086394921491163,4.39948976935354
v3_sc2_staging_13,L2,4,18,1.5,True,False,False,3.3656854249492385,2.6890437438203953,6.036436337944401
v3_sc2_staging_13,L2,4,19,1.5,False,False,False,nan,nan,nan
v3_sc2_staging_13,L2,4,0,2.0,True,False,False,5.810660171779822,2.381405906844782,6.4226078900946
v3_sc2_staging_13,L2,4,1,2.0,False,False,False,nan,nan,nan
v3_sc2_staging_13,L2,4,2,2.0,False,False,False,nan,nan,nan
v3_sc2_staging_13,L2,4,3,2.0,False,False,False,nan,nan,nan
v3_sc2_staging_13,L2,4,4,2.0,True,False,False,3.120710678118655,3.795346318982906,7.174796414237971
v3_sc2_staging_13,L2,4,5,2.0,False,False,False,nan,nan,nan
v3_sc2_staging_13,L2,4,6,2.0,False,False,False,nan,nan,nan
v3_sc2_staging_13,L2,4,7,2.0,True,False,False,4.1698484809835,2.1277366686941828,4.727332015474051
v3_sc2_staging_13,L2,4,8,2.0,True,False,False,3.8142135623730953,3.82030091544559,6.45593271962862
v3_sc2_staging_13,L2,4,9,2.0,False,False,False,nan,nan,nan
v3_sc2_staging_13,L2,4,10,2.0,True,False,False,5.83492424049175,2.54138126514911,6.323672031978091
v3_sc2_staging_13,L2,4,11,2.0,True,False,False,6.604163056034263,2.9205262752974144,6.742237223399963
v3_sc2_staging_13,L2,4,12,2.0,False,False,False,nan,nan,nan
v3_sc2_staging_13,L2,4,13,2.0,False,False,False,nan,nan,nan
v3_sc2_staging_13,L2,4,14,2.0,False,False,False,nan,nan,nan
v3_sc2_staging_13,L2,4,15,2.0,True,False,False,3.72842712474619,2.4347061181658383,5.008402672281685
v3_sc2_staging_13,L2,4,16,2.0,False,False,False,nan,nan,nan
v3_sc2_staging_13,L2,4,17,2.0,True,False,False,4.840559159102154,2.1086394921491163,4.39948976935354
v3_sc2_staging_13,L2,4,18,2.0,True,False,False,3.3656854249492385,2.6890437438203953,6.036436337944401
v3_sc2_staging_13,L2,4,19,2.0,False,False,False,nan,nan,nan
v3_sc2_staging_13,L3,0,0,0.0,True,False,False,5.860660171779822,2.3900692033236854,6.446221994724903
v3_sc2_staging_13,L3,0,1,0.0,True,False,False,3.5819805153394633,1.9010414407085943,4.9260943596660764
v3_sc2_staging_13,L3,0,2,0.0,True,False,False,3.3006096654409873,1.3741664813991314,3.95926002830066
v3_sc2_staging_13,L3,0,3,0.0,True,False,False,7.157716446627541,1.960182920028509,5.520797289396148
v3_sc2_staging_13,L3,0,4,0.0,True,False,False,3.1,3.795346318982906,7.123155514614666
v3_sc2_staging_13,L3,0,5,0.0,True,False,False,3.0414213562373096,1.693171219946131,5.17824796922431
v3_sc2_staging_13,L3,0,6,0.0,True,False,False,4.402691193458118,1.4209372712298547,4.746189093046495
v3_sc2_staging_13,L3,0,7,0.0,True,False,False,4.1698484809835,2.081181899828062,4.749761899362675
v3_sc2_staging_13,L3,0,8,0.0,True,False,False,3.8142135623730953,3.7746344872983,6.435416353759881
v3_sc2_staging_13,L3,0,9,0.0,True,False,False,6.34350288425444,1.8690715480964268,6.45
v3_sc2_staging_13,L3,0,10,0.0,True,False,False,5.88492424049175,2.5405591591021546,6.355836929215863
v3_sc2_staging_13,L3,0,11,0.0,True,False,False,6.654163056034264,2.9205262752974144,6.774957044546724
v3_sc2_staging_13,L3,0,12,0.0,True,False,False,6.866295090390228,1.720360331117452,5.336308764964376
v3_sc2_staging_13,L3,0,13,0.0,True,False,False,6.124011537017763,0.3139410298049854,1.2000000000000002
v3_sc2_staging_13,L3,0,14,0.0,True,False,False,3.7227922061357854,1.8032585612562042,5.539246641759219
v3_sc2_staging_13,L3,0,15,0.0,True,False,False,3.749137802864844,2.388771365130858,5.01928437390211
v3_sc2_staging_13,L3,0,16,0.0,True,False,False,4.720710678118655,1.890083680543424,6.4
v3_sc2_staging_13,L3,0,17,0.0,True,False,False,4.861269837220808,2.059785147234041,4.404079934095692
v3_sc2_staging_13,L3,0,18,0.0,True,False,False,3.3656854249492385,2.656342820417326,6.073431371817918
v3_sc2_staging_13,L3,0,19,0.0,True,False,False,2.8370057685088805,1.2677669529663689,4.41350180624776
v3_sc2_staging_13,L3,0,0,0.1,True,False,False,5.860660171779822,2.3900692033236854,6.446221994724903
v3_sc2_staging_13,L3,0,1,0.1,True,False,False,3.5819805153394633,1.9010414407085943,4.9260943596660764
v3_sc2_staging_13,L3,0,2,0.1,True,False,False,3.3006096654409873,1.3741664813991314,3.95926002830066
v3_sc2_staging_13,L3,0,3,0.1,True,False,False,7.157716446627541,1.960182920028509,5.520797289396148
v3_sc2_staging_13,L3,0,4,0.1,True,False,False,3.1,3.795346318982906,7.123155514614666
v3_sc2_staging_13,L3,0,5,0.1,True,False,False,3.0414213562373096,1.693171219946131,5.17824796922431
v3_sc2_staging_13,L3,0,6,0.1,True,False,False,4.402691193458118,1.4209372712298547,4.746189093046495
v3_sc2_staging_13,L3,0,7,0.1,True,False,False,4.1698484809835,2.081181899828062,4.749761899362675
v3_sc2_staging_13,L3,0,8,0.1,True,False,False,3.8142135623730953,3.7746344872983,6.435416353759881
v3_sc2_staging_13,L3,0,9,0.1,True,False,False,6.34350288425444,1.8690715480964268,6.45
v3_sc2_staging_13,L3,0,10,0.1,True,False,False,5.88492424049175,2.5405591591021546,6.355836929215863
v3_sc2_staging_13,L3,0,11,0.1,True,False,False,6.654163056034264,2.9205262752974144,6.774957044546724
v3_sc2_staging_13,L3,0,12,0.1,True,False,False,6.866295090390228,1.720360331117452,5.336308764964376
v3_sc2_staging_13,L3,0,13,0.1,True,False,False,6.124011537017763,0.3139410298049854,1.2000000000000002
v3_sc2_staging_13,L3,0,14,0.1,True,False,False,3.7227922061357854,1.8032585612562042,5.539246641759219
v3_sc2_staging_13,L3,0,15,0.1,True,False,False,3.749137802864844,2.388771365130858,5.01928437390211
v3_sc2_staging_13,L3,0,16,0.1,True,False,False,4.720710678118655,1.890083680543424,6.4
v3_sc2_staging_13,L3,0,17,0.1,True,False,False,4.861269837220808,2.059785147234041,4.404079934095692
v3_sc2_staging_13,L3,0,18,0.1,True,False,False,3.3656854249492385,2.656342820417326,6.073431371817918
v3_sc2_staging_13,L3,0,19,0.1,True,False,False,2.8370057685088805,1.2677669529663689,4.41350180624776
v3_sc2_staging_13,L3,0,0,0.2,True,False,False,5.860660171779822,2.3900692033236854,6.446221994724903
v3_sc2_staging_13,L3,0,1,0.2,True,False,False,3.5819805153394633,1.9010414407085943,4.9260943596660764
v3_sc2_staging_13,L3,0,2,0.2,True,False,False,3.3006096654409873,1.3741664813991314,3.95926002830066
v3_sc2_staging_13,L3,0,3,0.2,True,False,False,7.157716446627541,1.960182920028509,5.520797289396148
v3_sc2_staging_13,L3,0,4,0.2,True,False,False,3.1,3.795346318982906,7.123155514614666
v3_sc2_staging_13,L3,0,5,0.2,True,False,False,3.0414213562373096,1.693171219946131,5.17824796922431
v3_sc2_staging_13,L3,0,6,0.2,True,False,False,4.402691193458118,1.4209372712298547,4.746189093046495
v3_sc2_staging_13,L3,0,7,0.2,True,False,False,4.1698484809835,2.081181899828062,4.749761899362675
v3_sc2_staging_13,L3,0,8,0.2,True,False,False,3.8142135623730953,3.7746344872983,6.435416353759881
v3_sc2_staging_13,L3,0,9,0.2,True,False,False,6.34350288425444,1.8690715480964268,6.45
v3_sc2_staging_13,L3,0,10,0.2,True,False,False,5.88492424049175,2.5405591591021546,6.355836929215863
v3_sc2_staging_13,L3,0,11,0.2,True,False,False,6.654163056034264,2.9205262752974144,6.774957044546724
v3_sc2_staging_13,L3,0,12,0.2,True,False,False,6.866295090390228,1.720360331117452,5.336308764964376
v3_sc2_staging_13,L3,0,13,0.2,True,False,False,6.124011537017763,0.3139410298049854,1.2000000000000002
v3_sc2_staging_13,L3,0,14,0.2,True,False,False,3.7227922061357854,1.8032585612562042,5.539246641759219
v3_sc2_staging_13,L3,0,15,0.2,True,False,False,3.749137802864844,2.388771365130858,5.01928437390211
v3_sc2_staging_13,L3,0,16,0.2,True,False,False,4.720710678118655,1.890083680543424,6.4
v3_sc2_staging_13,L3,0,17,0.2,True,False,False,4.861269837220808,2.059785147234041,4.404079934095692
v3_sc2_staging_13,L3,0,18,0.2,True,False,False,3.3656854249492385,2.656342820417326,6.073431371817918
v3_sc2_staging_13,L3,0,19,0.2,True,False,False,2.8370057685088805,1.2677669529663689,4.41350180624776
v3_sc2_staging_13,L3,0,0,0.3,True,False,False,5.860660171779822,2.3900692033236854,6.446221994724903
v3_sc2_staging_13,L3,0,1,0.3,True,False,False,3.5819805153394633,1.9010414407085943,4.9260943596660764
v3_sc2_staging_13,L3,0,2,0.3,True,False,False,3.3006096654409873,1.3741664813991314,3.95926002830066
v3_sc2_staging_13,L3,0,3,0.3,True,False,False,7.157716446627541,1.960182920028509,5.520797289396148
v3_sc2_staging_13,L3,0,4,0.3,True,False,False,3.1,3.795346318982906,7.123155514614666
v3_sc2_staging_13,L3,0,5,0.3,True,False,False,3.0414213562373096,1.693171219946131,5.17824796922431
v3_sc2_staging_13,L3,0,6,0.3,True,False,False,4.402691193458118,1.4209372712298547,4.746189093046495
v3_sc2_staging_13,L3,0,7,0.3,True,False,False,4.1698484809835,2.081181899828062,4.749761899362675
v3_sc2_staging_13,L3,0,8,0.3,True,False,False,3.8142135623730953,3.7746344872983,6.435416353759881
v3_sc2_staging_13,L3,0,9,0.3,True,False,False,6.34350288425444,1.8690715480964268,6.45
v3_sc2_staging_13,L3,0,10,0.3,True,False,False,5.88492424049175,2.5405591591021546,6.355836929215863
v3_sc2_staging_13,L3,0,11,0.3,True,False,False,6.654163056034264,2.9205262752974144,6.774957044546724
v3_sc2_staging_13,L3,0,12,0.3,True,False,False,6.866295090390228,1.720360331117452,5.336308764964376
v3_sc2_staging_13,L3,0,13,0.3,True,False,False,6.124011537017763,0.3139410298049854,1.2000000000000002
v3_sc2_staging_13,L3,0,14,0.3,True,False,False,3.7227922061357854,1.8032585612562042,5.539246641759219
v3_sc2_staging_13,L3,0,15,0.3,True,False,False,3.749137802864844,2.388771365130858,5.01928437390211
v3_sc2_staging_13,L3,0,16,0.3,True,False,False,4.720710678118655,1.890083680543424,6.4
v3_sc2_staging_13,L3,0,17,0.3,True,False,False,4.861269837220808,2.059785147234041,4.404079934095692
v3_sc2_staging_13,L3,0,18,0.3,True,False,False,3.3656854249492385,2.656342820417326,6.073431371817918
v3_sc2_staging_13,L3,0,19,0.3,True,False,False,2.8370057685088805,1.2677669529663689,4.41350180624776
v3_sc2_staging_13,L3,0,0,0.4,True,False,False,5.860660171779822,2.3900692033236854,6.446221994724903
v3_sc2_staging_13,L3,0,1,0.4,True,False,False,3.5819805153394633,1.9010414407085943,4.9260943596660764
v3_sc2_staging_13,L3,0,2,0.4,True,False,False,3.3006096654409873,1.3741664813991314,3.95926002830066
v3_sc2_staging_13,L3,0,3,0.4,True,False,False,7.157716446627541,1.960182920028509,5.520797289396148
v3_sc2_staging_13,L3,0,4,0.4,True,False,False,3.1,3.795346318982906,7.123155514614666
v3_sc2_staging_13,L3,0,5,0.4,True,False,False,3.0414213562373096,1.693171219946131,5.17824796922431
v3_sc2_staging_13,L3,0,6,0.4,True,False,False,4.402691193458118,1.4209372712298547,4.746189093046495
v3_sc2_staging_13,L3,0,7,0.4,True,False,False,4.1698484809835,2.081181899828062,4.749761899362675
v3_sc2_staging_13,L3,0,8,0.4,True,False,False,3.8142135623730953,3.7746344872983,6.435416353759881
v3_sc2_staging_13,L3,0,9,0.4,True,False,False,6.34350288425444,1.8690715480964268,6.45
v3_sc2_staging_13,L3,0,10,0.4,True,False,False,5.88492424049175,2.5405591591021546,6.355836929215863
v3_sc2_staging_13,L3,0,11,0.4,True,False,False,6.654163056034264,2.9205262752974144,6.774957044546724
v3_sc2_staging_13,L3,0,12,0.4,True,False,False,6.866295090390228,1.720360331117452,5.336308764964376
v3_sc2_staging_13,L3,0,13,0.4,False,False,False,nan,nan,nan
v3_sc2_staging_13,L3,0,14,0.4,True,False,False,3.7227922061357854,1.8032585612562042,5.539246641759219
v3_sc2_staging_13,L3,0,15,0.4,True,False,False,3.749137802864844,2.388771365130858,5.01928437390211
v3_sc2_staging_13,L3,0,16,0.4,True,False,False,4.720710678118655,1.890083680543424,6.4
v3_sc2_staging_13,L3,0,17,0.4,True,False,False,4.861269837220808,2.059785147234041,4.404079934095692
v3_sc2_staging_13,L3,0,18,0.4,True,False,False,3.3656854249492385,2.656342820417326,6.073431371817918
v3_sc2_staging_13,L3,0,19,0.4,True,False,False,2.8370057685088805,1.2677669529663689,4.41350180624776
v3_sc2_staging_13,L3,0,0,0.5,True,False,False,5.860660171779822,2.3900692033236854,6.446221994724903
v3_sc2_staging_13,L3,0,1,0.5,True,False,False,3.5819805153394633,1.9010414407085943,4.9260943596660764
v3_sc2_staging_13,L3,0,2,0.5,True,False,False,3.3006096654409873,1.3741664813991314,3.95926002830066
v3_sc2_staging_13,L3,0,3,0.5,True,False,False,7.157716446627541,1.960182920028509,5.520797289396148
v3_sc2_staging_13,L3,0,4,0.5,True,False,False,3.1,3.795346318982906,7.123155514614666
v3_sc2_staging_13,L3,0,5,0.5,True,False,False,3.0414213562373096,1.693171219946131,5.17824796922431
v3_sc2_staging_13,L3,0,6,0.5,True,False,False,4.402691193458118,1.4209372712298547,4.746189093046495
v3_sc2_staging_13,L3,0,7,0.5,True,False,False,4.1698484809835,2.081181899828062,4.749761899362675
v3_sc2_staging_13,L3,0,8,0.5,True,False,False,3.8142135623730953,3.7746344872983,6.435416353759881
v3_sc2_staging_13,L3,0,9,0.5,True,False,False,6.34350288425444,1.8690715480964268,6.45
v3_sc2_staging_13,L3,0,10,0.5,True,False,False,5.88492424049175,2.5405591591021546,6.355836929215863
v3_sc2_staging_13,L3,0,11,0.5,True,False,False,6.654163056034264,2.9205262752974144,6.774957044546724
v3_sc2_staging_13,L3,0,12,0.5,True,False,False,6.866295090390228,1.720360331117452,5.336308764964376
v3_sc2_staging_13,L3,0,13,0.5,False,False,False,nan,nan,nan
v3_sc2_staging_13,L3,0,14,0.5,True,False,False,3.7227922061357854,1.8032585612562042,5.539246641759219
v3_sc2_staging_13,L3,0,15,0.5,True,False,False,3.749137802864844,2.388771365130858,5.01928437390211
v3_sc2_staging_13,L3,0,16,0.5,True,False,False,4.720710678118655,1.890083680543424,6.4
v3_sc2_staging_13,L3,0,17,0.5,True,False,False,4.861269837220808,2.059785147234041,4.404079934095692
v3_sc2_staging_13,L3,0,18,0.5,True,False,False,3.3656854249492385,2.656342820417326,6.073431371817918
v3_sc2_staging_13,L3,0,19,0.5,True,False,False,2.8370057685088805,1.2677669529663689,4.41350180624776
v3_sc2_staging_13,L3,0,0,0.6,True,False,False,5.860660171779822,2.3900692033236854,6.446221994724903
v3_sc2_staging_13,L3,0,1,0.6,True,False,False,3.5819805153394633,1.9010414407085943,4.9260943596660764
v3_sc2_staging_13,L3,0,2,0.6,True,False,False,3.3006096654409873,1.3741664813991314,3.95926002830066
v3_sc2_staging_13,L3,0,3,0.6,True,False,False,7.157716446627541,1.960182920028509,5.520797289396148
v3_sc2_staging_13,L3,0,4,0.6,True,False,False,3.1,3.795346318982906,7.123155514614666
v3_sc2_staging_13,L3,0,5,0.6,True,False,False,3.0414213562373096,1.693171219946131,5.17824796922431
v3_sc2_staging_13,L3,0,6,0.6,True,False,False,4.402691193458118,1.4209372712298547,4.746189093046495
v3_sc2_staging_13,L3,0,7,0.6,True,False,False,4.1698484809835,2.081181899828062,4.749761899362675
v3_sc2_staging_13,L3,0,8,0.6,True,False,False,3.8142135623730953,3.7746344872983,6.435416353759881
v3_sc2_staging_13,L3,0,9,0.6,True,False,False,6.34350288425444,1.8690715480964268,6.45
v3_sc2_staging_13,L3,0,10,0.6,True,False,False,5.88492424049175,2.5405591591021546,6.355836929215863
v3_sc2_staging_13,L3,0,11,0.6,True,False,False,6.654163056034264,2.9205262752974144,6.774957044546724
v3_sc2_staging_13,L3,0,12,0.6,True,False,False,6.866295090390228,1.720360331117452,5.336308764964376
v3_sc2_staging_13,L3,0,13,0.6,False,False,False,nan,nan,nan
v3_sc2_staging_13,L3,0,14,0.6,True,False,False,3.7227922061357854,1.8032585612562042,5.539246641759219
v3_sc2_staging_13,L3,0,15,0.6,True,False,False,3.749137802864844,2.388771365130858,5.01928437390211
v3_sc2_staging_13,L3,0,16,0.6,True,False,False,4.720710678118655,1.890083680543424,6.4
v3_sc2_staging_13,L3,0,17,0.6,True,False,False,4.861269837220808,2.059785147234041,4.404079934095692
v3_sc2_staging_13,L3,0,18,0.6,True,False,False,3.3656854249492385,2.656342820417326,6.073431371817918
v3_sc2_staging_13,L3,0,19,0.6,True,False,False,2.8370057685088805,1.2677669529663689,4.41350180624776
v3_sc2_staging_13,L3,0,0,0.8,True,False,False,5.860660171779822,2.3900692033236854,6.446221994724903
v3_sc2_staging_13,L3,0,1,0.8,True,False,False,3.5819805153394633,1.9010414407085943,4.9260943596660764
v3_sc2_staging_13,L3,0,2,0.8,True,False,False,3.3006096654409873,1.3741664813991314,3.95926002830066
v3_sc2_staging_13,L3,0,3,0.8,True,False,False,7.157716446627541,1.960182920028509,5.520797289396148
v3_sc2_staging_13,L3,0,4,0.8,True,False,False,3.1,3.795346318982906,7.123155514614666
v3_sc2_staging_13,L3,0,5,0.8,True,False,False,3.0414213562373096,1.693171219946131,5.17824796922431
v3_sc2_staging_13,L3,0,6,0.8,True,False,False,4.402691193458118,1.4209372712298547,4.746189093046495
v3_sc2_staging_13,L3,0,7,0.8,True,False,False,4.1698484809835,2.081181899828062,4.749761899362675
v3_sc2_staging_13,L3,0,8,0.8,True,False,False,3.8142135623730953,3.7746344872983,6.435416353759881
v3_sc2_staging_13,L3,0,9,0.8,True,False,False,6.34350288425444,1.8690715480964268,6.45
v3_sc2_staging_13,L3,0,10,0.8,True,False,False,5.88492424049175,2.5405591591021546,6.355836929215863
v3_sc2_staging_13,L3,0,11,0.8,True,False,False,6.654163056034264,2.9205262752974144,6.774957044546724
v3_sc2_staging_13,L3,0,12,0.8,True,False,False,6.866295090390228,1.720360331117452,5.336308764964376
v3_sc2_staging_13,L3,0,13,0.8,False,False,False,nan,nan,nan
v3_sc2_staging_13,L3,0,14,0.8,True,False,False,3.7227922061357854,1.8032585612562042,5.539246641759219
v3_sc2_staging_13,L3,0,15,0.8,True,False,False,3.749137802864844,2.388771365130858,5.01928437390211
v3_sc2_staging_13,L3,0,16,0.8,True,False,False,4.720710678118655,1.890083680543424,6.4
v3_sc2_staging_13,L3,0,17,0.8,True,False,False,4.861269837220808,2.059785147234041,4.404079934095692
v3_sc2_staging_13,L3,0,18,0.8,True,False,False,3.3656854249492385,2.656342820417326,6.073431371817918
v3_sc2_staging_13,L3,0,19,0.8,True,False,False,2.8370057685088805,1.2677669529663689,4.41350180624776
v3_sc2_staging_13,L3,0,0,1.0,True,False,False,5.860660171779822,2.3900692033236854,6.446221994724903
v3_sc2_staging_13,L3,0,1,1.0,True,False,False,3.5819805153394633,1.9010414407085943,4.9260943596660764
v3_sc2_staging_13,L3,0,2,1.0,True,False,False,3.3006096654409873,1.3741664813991314,3.95926002830066
v3_sc2_staging_13,L3,0,3,1.0,True,False,False,7.157716446627541,1.960182920028509,5.520797289396148
v3_sc2_staging_13,L3,0,4,1.0,True,False,False,3.1,3.795346318982906,7.123155514614666
v3_sc2_staging_13,L3,0,5,1.0,True,False,False,3.0414213562373096,1.693171219946131,5.17824796922431
v3_sc2_staging_13,L3,0,6,1.0,True,False,False,4.402691193458118,1.4209372712298547,4.746189093046495
v3_sc2_staging_13,L3,0,7,1.0,True,False,False,4.1698484809835,2.081181899828062,4.749761899362675
v3_sc2_staging_13,L3,0,8,1.0,True,False,False,3.8142135623730953,3.7746344872983,6.435416353759881
v3_sc2_staging_13,L3,0,9,1.0,True,False,False,6.34350288425444,1.8690715480964268,6.45
v3_sc2_staging_13,L3,0,10,1.0,True,False,False,5.88492424049175,2.5405591591021546,6.355836929215863
v3_sc2_staging_13,L3,0,11,1.0,True,False,False,6.654163056034264,2.9205262752974144,6.774957044546724
v3_sc2_staging_13,L3,0,12,1.0,True,False,False,6.866295090390228,1.720360331117452,5.336308764964376
v3_sc2_staging_13,L3,0,13,1.0,False,False,False,nan,nan,nan
v3_sc2_staging_13,L3,0,14,1.0,True,False,False,3.7227922061357854,1.8032585612562042,5.539246641759219
v3_sc2_staging_13,L3,0,15,1.0,True,False,False,3.749137802864844,2.388771365130858,5.01928437390211
v3_sc2_staging_13,L3,0,16,1.0,True,False,False,4.720710678118655,1.890083680543424,6.4
v3_sc2_staging_13,L3,0,17,1.0,True,False,False,4.861269837220808,2.059785147234041,4.404079934095692
v3_sc2_staging_13,L3,0,18,1.0,True,False,False,3.3656854249492385,2.656342820417326,6.073431371817918
v3_sc2_staging_13,L3,0,19,1.0,True,False,False,2.8370057685088805,1.2677669529663689,4.41350180624776
v3_sc2_staging_13,L3,0,0,1.25,True,False,False,5.860660171779822,2.3900692033236854,6.446221994724903
v3_sc2_staging_13,L3,0,1,1.25,True,False,False,3.5819805153394633,1.9010414407085943,4.9260943596660764
v3_sc2_staging_13,L3,0,2,1.25,True,False,False,3.3006096654409873,1.3741664813991314,3.95926002830066
v3_sc2_staging_13,L3,0,3,1.25,True,False,False,7.157716446627541,1.960182920028509,5.520797289396148
v3_sc2_staging_13,L3,0,4,1.25,True,False,False,3.1,3.795346318982906,7.123155514614666
v3_sc2_staging_13,L3,0,5,1.25,True,False,False,3.0414213562373096,1.693171219946131,5.17824796922431
v3_sc2_staging_13,L3,0,6,1.25,True,False,False,4.402691193458118,1.4209372712298547,4.746189093046495
v3_sc2_staging_13,L3,0,7,1.25,True,False,False,4.1698484809835,2.081181899828062,4.749761899362675
v3_sc2_staging_13,L3,0,8,1.25,True,False,False,3.8142135623730953,3.7746344872983,6.435416353759881
v3_sc2_staging_13,L3,0,9,1.25,True,False,False,6.34350288425444,1.8690715480964268,6.45
v3_sc2_staging_13,L3,0,10,1.25,True,False,False,5.88492424049175,2.5405591591021546,6.355836929215863
v3_sc2_staging_13,L3,0,11,1.25,True,False,False,6.654163056034264,2.9205262752974144,6.774957044546724
v3_sc2_staging_13,L3,0,12,1.25,True,False,False,6.866295090390228,1.720360331117452,5.336308764964376
v3_sc2_staging_13,L3,0,13,1.25,False,False,False,nan,nan,nan
v3_sc2_staging_13,L3,0,14,1.25,True,False,False,3.7227922061357854,1.8032585612562042,5.539246641759219
v3_sc2_staging_13,L3,0,15,1.25,True,False,False,3.749137802864844,2.388771365130858,5.01928437390211
v3_sc2_staging_13,L3,0,16,1.25,True,False,False,4.720710678118655,1.890083680543424,6.4
v3_sc2_staging_13,L3,0,17,1.25,True,False,False,4.861269837220808,2.059785147234041,4.404079934095692
v3_sc2_staging_13,L3,0,18,1.25,True,False,False,3.3656854249492385,2.656342820417326,6.073431371817918
v3_sc2_staging_13,L3,0,19,1.25,True,False,False,2.8370057685088805,1.2677669529663689,4.41350180624776
v3_sc2_staging_13,L3,0,0,1.5,True,False,False,5.860660171779822,2.3900692033236854,6.446221994724903
v3_sc2_staging_13,L3,0,1,1.5,True,False,False,3.5819805153394633,1.9010414407085943,4.9260943596660764
v3_sc2_staging_13,L3,0,2,1.5,False,False,False,nan,nan,nan
v3_sc2_staging_13,L3,0,3,1.5,True,False,False,7.157716446627541,1.960182920028509,5.520797289396148
v3_sc2_staging_13,L3,0,4,1.5,True,False,False,3.1,3.795346318982906,7.123155514614666
v3_sc2_staging_13,L3,0,5,1.5,True,False,False,3.0414213562373096,1.693171219946131,5.17824796922431
v3_sc2_staging_13,L3,0,6,1.5,False,False,False,nan,nan,nan
v3_sc2_staging_13,L3,0,7,1.5,True,False,False,4.1698484809835,2.081181899828062,4.749761899362675
v3_sc2_staging_13,L3,0,8,1.5,True,False,False,3.8142135623730953,3.7746344872983,6.435416353759881
v3_sc2_staging_13,L3,0,9,1.5,True,False,False,6.34350288425444,1.8690715480964268,6.45
v3_sc2_staging_13,L3,0,10,1.5,True,False,False,5.88492424049175,2.5405591591021546,6.355836929215863
v3_sc2_staging_13,L3,0,11,1.5,True,False,False,6.654163056034264,2.9205262752974144,6.774957044546724
v3_sc2_staging_13,L3,0,12,1.5,True,False,False,6.866295090390228,1.720360331117452,5.336308764964376
v3_sc2_staging_13,L3,0,13,1.5,False,False,False,nan,nan,nan
v3_sc2_staging_13,L3,0,14,1.5,True,False,False,3.7227922061357854,1.8032585612562042,5.539246641759219
v3_sc2_staging_13,L3,0,15,1.5,True,False,False,3.749137802864844,2.388771365130858,5.01928437390211
v3_sc2_staging_13,L3,0,16,1.5,True,False,False,4.720710678118655,1.890083680543424,6.4
v3_sc2_staging_13,L3,0,17,1.5,True,False,False,4.861269837220808,2.059785147234041,4.404079934095692
v3_sc2_staging_13,L3,0,18,1.5,True,False,False,3.3656854249492385,2.656342820417326,6.073431371817918
v3_sc2_staging_13,L3,0,19,1.5,False,False,False,nan,nan,nan
v3_sc2_staging_13,L3,0,0,2.0,True,False,False,5.860660171779822,2.3900692033236854,6.446221994724903
v3_sc2_staging_13,L3,0,1,2.0,False,False,False,nan,nan,nan
v3_sc2_staging_13,L3,0,2,2.0,False,False,False,nan,nan,nan
v3_sc2_staging_13,L3,0,3,2.0,False,False,False,nan,nan,nan
v3_sc2_staging_13,L3,0,4,2.0,True,False,False,3.1,3.795346318982906,7.123155514614666
v3_sc2_staging_13,L3,0,5,2.0,False,False,False,nan,nan,nan
v3_sc2_staging_13,L3,0,6,2.0,False,False,False,nan,nan,nan
v3_sc2_staging_13,L3,0,7,2.0,True,False,False,4.1698484809835,2.081181899828062,4.749761899362675
v3_sc2_staging_13,L3,0,8,2.0,True,False,False,3.8142135623730953,3.7746344872983,6.435416353759881
v3_sc2_staging_13,L3,0,9,2.0,False,False,False,nan,nan,nan
v3_sc2_staging_13,L3,0,10,2.0,True,False,False,5.88492424049175,2.5405591591021546,6.355836929215863
v3_sc2_staging_13,L3,0,11,2.0,True,False,False,6.654163056034264,2.9205262752974144,6.774957044546724
v3_sc2_staging_13,L3,0,12,2.0,False,False,False,nan,nan,nan
v3_sc2_staging_13,L3,0,13,2.0,False,False,False,nan,nan,nan
v3_sc2_staging_13,L3,0,14,2.0,False,False,False,nan,nan,nan
v3_sc2_staging_13,L3,0,15,2.0,True,False,False,3.749137802864844,2.388771365130858,5.01928437390211
v3_sc2_staging_13,L3,0,16,2.0,False,False,False,nan,nan,nan
v3_sc2_staging_13,L3,0,17,2.0,True,False,False,4.861269837220808,2.059785147234041,4.404079934095692
v3_sc2_staging_13,L3,0,18,2.0,True,False,False,3.3656854249492385,2.656342820417326,6.073431371817918
v3_sc2_staging_13,L3,0,19,2.0,False,False,False,nan,nan,nan
v3_sc2_staging_13,L3,1,0,0.0,True,False,False,5.702081528017131,2.3319604517012595,6.359300255857007
v3_sc2_staging_13,L3,1,1,0.0,True,False,False,3.5319805153394634,1.9824383174612823,4.878196723809943
v3_sc2_staging_13,L3,1,2,0.0,False,False,False,nan,nan,nan
v3_sc2_staging_13,L3,1,3,0.0,True,False,False,7.090559159102156,1.978911051248108,5.433169473392784
v3_sc2_staging_13,L3,1,4,0.0,False,False,False,nan,nan,nan
v3_sc2_staging_13,L3,1,5,0.0,False,False,False,nan,nan,nan
v3_sc2_staging_13,L3,1,6,0.0,True,False,False,4.294112549695429,1.483053201505194,4.666236541235796
v3_sc2_staging_13,L3,1,7,0.0,True,False,False,4.049137802864846,2.1879360111431225,4.734739726099093
v3_sc2_staging_13,L3,1,8,0.0,True,False,False,3.8056349186104046,3.885487430149584,6.446221994724903
v3_sc2_staging_13,L3,1,9,0.0,True,False,False,6.23492424049175,1.745551157288562,6.3500000000000005
v3_sc2_staging_13,L3,1,10,0.0,True,False,False,5.776345596729058,2.4774149861918815,6.266461409037962
v3_sc2_staging_13,L3,1,11,0.0,True,False,False,6.574873734152918,3.041892149684968,6.741892017974308
v3_sc2_staging_13,L3,1,12,0.0,True,False,False,6.7991378028648475,1.734390297150433,5.246738205277843
v3_sc2_staging_13,L3,1,13,0.0,True,False,False,6.153300858899108,0.3845903006477066,1.1031219541881399
v3_sc2_staging_13,L3,1,14,0.0,True,False,False,3.69350288425444,1.7051077071199945,5.492703897240377
v3_sc2_staging_13,L3,1,15,0.0,True,False,False,3.6698484809835,2.4904013108611363,5.023133168772957
v3_sc2_staging_13,L3,1,16,0.0,True,False,False,4.712132034355964,1.7472205054244232,6.251666460956139
v3_sc2_staging_13,L3,1,17,0.0,True,False,False,4.7819805153394634,2.1879360111431225,4.420619879649312
v3_sc2_staging_13,L3,1,18,0.0,True,False,False,3.3742640687119287,2.6827660925679098,6.00403720776565
v3_sc2_staging_13,L3,1,19,0.0,True,False,False,2.866295090390226,1.3580904176062045,4.342003717470693
v3_sc2_staging_13,L3,1,0,0.1,True,False,False,5.702081528017131,2.3319604517012595,6.359300255857007
v3_sc2_staging_13,L3,1,1,0.1,True,False,False,3.5319805153394634,1.9824383174612823,4.878196723809943
v3_sc2_staging_13,L3,1,2,0.1,False,False,False,nan,nan,nan
v3_sc2_staging_13,L3,1,3,0.1,True,False,False,7.090559159102156,1.978911051248108,5.433169473392784
v3_sc2_staging_13,L3,1,4,0.1,False,False,False,nan,nan,nan
v3_sc2_staging_13,L3,1,5,0.1,False,False,False,nan,nan,nan
v3_sc2_staging_13,L3,1,6,0.1,True,False,False,4.294112549695429,1.483053201505194,4.666236541235796
v3_sc2_staging_13,L3,1,7,0.1,True,False,False,4.049137802864846,2.1879360111431225,4.734739726099093
v3_sc2_staging_13,L3,1,8,0.1,True,False,False,3.8056349186104046,3.885487430149584,6.446221994724903
v3_sc2_staging_13,L3,1,9,0.1,True,False,False,6.23492424049175,1.745551157288562,6.3500000000000005
v3_sc2_staging_13,L3,1,10,0.1,True,False,False,5.776345596729058,2.4774149861918815,6.266461409037962
v3_sc2_staging_13,L3,1,11,0.1,True,False,False,6.574873734152918,3.041892149684968,6.741892017974308
v3_sc2_staging_13,L3,1,12,0.1,True,False,False,6.7991378028648475,1.734390297150433,5.246738205277843
v3_sc2_staging_13,L3,1,13,0.1,True,False,False,6.153300858899108,0.3845903006477066,1.1031219541881399
v3_sc2_staging_13,L3,1,14,0.1,True,False,False,3.69350288425444,1.7051077071199945,5.492703897240377
v3_sc2_staging_13,L3,1,15,0.1,True,False,False,3.6698484809835,2.4904013108611363,5.023133168772957
v3_sc2_staging_13,L3,1,16,0.1,True,False,False,4.712132034355964,1.7472205054244232,6.251666460956139
v3_sc2_staging_13,L3,1,17,0.1,True,False,False,4.7819805153394634,2.1879360111431225,4.420619879649312
v3_sc2_staging_13,L3,1,18,0.1,True,False,False,3.3742640687119287,2.6827660925679098,6.00403720776565
v3_sc2_staging_13,L3,1,19,0.1,True,False,False,2.866295090390226,1.3580904176062045,4.342003717470693
v3_sc2_staging_13,L3,1,0,0.2,True,False,False,5.702081528017131,2.3319604517012595,6.359300255857007
v3_sc2_staging_13,L3,1,1,0.2,True,False,False,3.5319805153394634,1.9824383174612823,4.878196723809943
v3_sc2_staging_13,L3,1,2,0.2,False,False,False,nan,nan,nan
v3_sc2_staging_13,L3,1,3,0.2,True,False,False,7.090559159102156,1.978911051248108,5.433169473392784
v3_sc2_staging_13,L3,1,4,0.2,False,False,False,nan,nan,nan
v3_sc2_staging_13,L3,1,5,0.2,False,False,False,nan,nan,nan
v3_sc2_staging_13,L3,1,6,0.2,True,False,False,4.294112549695429,1.483053201505194,4.666236541235796
v3_sc2_staging_13,L3,1,7,0.2,True,False,False,4.049137802864846,2.1879360111431225,4.734739726099093
v3_sc2_staging_13,L3,1,8,0.2,True,False,False,3.8056349186104046,3.885487430149584,6.446221994724903
v3_sc2_staging_13,L3,1,9,0.2,True,False,False,6.23492424049175,1.745551157288562,6.3500000000000005
v3_sc2_staging_13,L3,1,10,0.2,True,False,False,5.776345596729058,2.4774149861918815,6.266461409037962
v3_sc2_staging_13,L3,1,11,0.2,True,False,False,6.574873734152918,3.041892149684968,6.741892017974308
v3_sc2_staging_13,L3,1,12,0.2,True,False,False,6.7991378028648475,1.734390297150433,5.246738205277843
v3_sc2_staging_13,L3,1,13,0.2,True,False,False,6.153300858899108,0.3845903006477066,1.1031219541881399
v3_sc2_staging_13,L3,1,14,0.2,True,False,False,3.69350288425444,1.7051077071199945,5.492703897240377
v3_sc2_staging_13,L3,1,15,0.2,True,False,False,3.6698484809835,2.4904013108611363,5.023133168772957
v3_sc2_staging_13,L3,1,16,0.2,True,False,False,4.712132034355964,1.7472205054244232,6.251666460956139
v3_sc2_staging_13,L3,1,17,0.2,True,False,False,4.7819805153394634,2.1879360111431225,4.420619879649312
v3_sc2_staging_13,L3,1,18,0.2,True,False,False,3.3742640687119287,2.6827660925679098,6.00403720776565
v3_sc2_staging_13,L3,1,19,0.2,True,False,False,2.866295090390226,1.3580904176062045,4.342003717470693
v3_sc2_staging_13,L3,1,0,0.3,True,False,False,5.702081528017131,2.3319604517012595,6.359300255857007
v3_sc2_staging_13,L3,1,1,0.3,True,False,False,3.5319805153394634,1.9824383174612823,4.878196723809943
v3_sc2_staging_13,L3,1,2,0.3,False,False,False,nan,nan,nan
v3_sc2_staging_13,L3,1,3,0.3,True,False,False,7.090559159102156,1.978911051248108,5.433169473392784
v3_sc2_staging_13,L3,1,4,0.3,False,False,False,nan,nan,nan
v3_sc2_staging_13,L3,1,5,0.3,False,False,False,nan,nan,nan
v3_sc2_staging_13,L3,1,6,0.3,True,False,False,4.294112549695429,1.483053201505194,4.666236541235796
v3_sc2_staging_13,L3,1,7,0.3,True,False,False,4.049137802864846,2.1879360111431225,4.734739726099093
v3_sc2_staging_13,L3,1,8,0.3,True,False,False,3.8056349186104046,3.885487430149584,6.446221994724903
v3_sc2_staging_13,L3,1,9,0.3,True,False,False,6.23492424049175,1.745551157288562,6.3500000000000005
v3_sc2_staging_13,L3,1,10,0.3,True,False,False,5.776345596729058,2.4774149861918815,6.266461409037962
v3_sc2_staging_13,L3,1,11,0.3,True,False,False,6.574873734152918,3.041892149684968,6.741892017974308
v3_sc2_staging_13,L3,1,12,0.3,True,False,False,6.7991378028648475,1.734390297150433,5.246738205277843
v3_sc2_staging_13,L3,1,13,0.3,True,False,False,6.153300858899108,0.3845903006477066,1.1031219541881399
v3_sc2_staging_13,L3,1,14,0.3,True,False,False,3.69350288425444,1.7051077071199945,5.492703897240377
v3_sc2_staging_13,L3,1,15,0.3,True,False,False,3.6698484809835,2.4904013108611363,5.023133168772957
v3_sc2_staging_13,L3,1,16,0.3,True,False,False,4.712132034355964,1.7472205054244232,6.251666460956139
v3_sc2_staging_13,L3,1,17,0.3,True,False,False,4.7819805153394634,2.1879360111431225,4.420619879649312
v3_sc2_staging_13,L3,1,18,0.3,True,False,False,3.3742640687119287,2.6827660925679098,6.00403720776565
v3_sc2_staging_13,L3,1,19,0.3,True,False,False,2.866295090390226,1.3580904176062045,4.342003717470693
v3_sc2_staging_13,L3,1,0,0.4,True,False,False,5.702081528017131,2.3319604517012595,6.359300255857007
v3_sc2_staging_13,L3,1,1,0.4,True,False,False,3.5319805153394634,1.9824383174612823,4.878196723809943
v3_sc2_staging_13,L3,1,2,0.4,False,False,False,nan,nan,nan
v3_sc2_staging_13,L3,1,3,0.4,True,False,False,7.090559159102156,1.978911051248108,5.433169473392784
v3_sc2_staging_13,L3,1,4,0.4,False,False,False,nan,nan,nan
v3_sc2_staging_13,L3,1,5,0.4,False,False,False,nan,nan,nan
v3_sc2_staging_13,L3,1,6,0.4,True,False,False,4.294112549695429,1.483053201505194,4.666236541235796
v3_sc2_staging_13,L3,1,7,0.4,True,False,False,4.049137802864846,2.1879360111431225,4.734739726099093
v3_sc2_staging_13,L3,1,8,0.4,True,False,False,3.8056349186104046,3.885487430149584,6.446221994724903
v3_sc2_staging_13,L3,1,9,0.4,True,False,False,6.23492424049175,1.745551157288562,6.3500000000000005
v3_sc2_staging_13,L3,1,10,0.4,True,False,False,5.776345596729058,2.4774149861918815,6.266461409037962
v3_sc2_staging_13,L3,1,11,0.4,True,False,False,6.574873734152918,3.041892149684968,6.741892017974308
v3_sc2_staging_13,L3,1,12,0.4,True,False,False,6.7991378028648475,1.734390297150433,5.246738205277843
v3_sc2_staging_13,L3,1,13,0.4,True,False,False,6.153300858899107,0.4013878188659974,1.1031219541881399
v3_sc2_staging_13,L3,1,14,0.4,True,False,False,3.69350288425444,1.7051077071199945,5.492703897240377
v3_sc2_staging_13,L3,1,15,0.4,True,False,False,3.6698484809835,2.4904013108611363,5.023133168772957
v3_sc2_staging_13,L3,1,16,0.4,True,False,False,4.712132034355964,1.7472205054244232,6.251666460956139
v3_sc2_staging_13,L3,1,17,0.4,True,False,False,4.7819805153394634,2.1879360111431225,4.420619879649312
v3_sc2_staging_13,L3,1,18,0.4,True,False,False,3.3742640687119287,2.6827660925679098,6.00403720776565
v3_sc2_staging_13,L3,1,19,0.4,True,False,False,2.866295090390226,1.3580904176062045,4.342003717470693
v3_sc2_staging_13,L3,1,0,0.5,True,False,False,5.702081528017131,2.3319604517012595,6.359300255857007
v3_sc2_staging_13,L3,1,1,0.5,True,False,False,3.5319805153394634,1.9824383174612823,4.878196723809943
v3_sc2_staging_13,L3,1,2,0.5,False,False,False,nan,nan,nan
v3_sc2_staging_13,L3,1,3,0.5,True,False,False,7.090559159102156,1.978911051248108,5.433169473392784
v3_sc2_staging_13,L3,1,4,0.5,False,False,False,nan,nan,nan
v3_sc2_staging_13,L3,1,5,0.5,False,False,False,nan,nan,nan
v3_sc2_staging_13,L3,1,6,0.5,True,False,False,4.294112549695429,1.483053201505194,4.666236541235796
v3_sc2_staging_13,L3,1,7,0.5,True,False,False,4.049137802864846,2.1879360111431225,4.734739726099093
v3_sc2_staging_13,L3,1,8,0.5,True,False,False,3.8056349186104046,3.885487430149584,6.446221994724903
v3_sc2_staging_13,L3,1,9,0.5,True,False,False,6.23492424049175,1.745551157288562,6.3500000000000005
v3_sc2_staging_13,L3,1,10,0.5,True,False,False,5.776345596729058,2.4774149861918815,6.266461409037962
v3_sc2_staging_13,L3,1,11,0.5,True,False,False,6.574873734152918,3.041892149684968,6.741892017974308
v3_sc2_staging_13,L3,1,12,0.5,True,False,False,6.7991378028648475,1.734390297150433,5.246738205277843
v3_sc2_staging_13,L3,1,13,0.5,False,False,False,nan,nan,nan
v3_sc2_staging_13,L3,1,14,0.5,True,False,False,3.69350288425444,1.7051077071199945,5.492703897240377
v3_sc2_staging_13,L3,1,15,0.5,True,False,False,3.6698484809835,2.4904013108611363,5.023133168772957
v3_sc2_staging_13,L3,1,16,0.5,True,False,False,4.712132034355964,1.7472205054244232,6.251666460956139
v3_sc2_staging_13,L3,1,17,0.5,True,False,False,4.7819805153394634,2.1879360111431225,4.420619879649312
v3_sc2_staging_13,L3,1,18,0.5,True,False,False,3.3742640687119287,2.6827660925679098,6.00403720776565
v3_sc2_staging_13,L3,1,19,0.5,True,False,False,2.866295090390226,1.3580904176062045,4.342003717470693
v3_sc2_staging_13,L3,1,0,0.6,True,False,False,5.702081528017131,2.3319604517012595,6.359300255857007
v3_sc2_staging_13,L3,1,1,0.6,True,False,False,3.5319805153394634,1.9824383174612823,4.878196723809943
v3_sc2_staging_13,L3,1,2,0.6,False,False,False,nan,nan,nan
v3_sc2_staging_13,L3,1,3,0.6,True,False,False,7.090559159102156,1.978911051248108,5.433169473392784
v3_sc2_staging_13,L3,1,4,0.6,False,False,False,nan,nan,nan
v3_sc2_staging_13,L3,1,5,0.6,False,False,False,nan,nan,nan
v3_sc2_staging_13,L3,1,6,0.6,True,False,False,4.294112549695429,1.483053201505194,4.666236541235796
v3_sc2_staging_13,L3,1,7,0.6,True,False,False,4.049137802864846,2.1879360111431225,4.734739726099093
v3_sc2_staging_13,L3,1,8,0.6,True,False,False,3.8056349186104046,3.885487430149584,6.446221994724903
v3_sc2_staging_13,L3,1,9,0.6,True,False,False,6.23492424049175,1.745551157288562,6.3500000000000005
v3_sc2_staging_13,L3,1,10,0.6,True,False,False,5.776345596729058,2.4774149861918815,6.266461409037962
v3_sc2_staging_13,L3,1,11,0.6,True,False,False,6.574873734152918,3.041892149684968,6.741892017974308
v3_sc2_staging_13,L3,1,12,0.6,True,False,False,6.7991378028648475,1.734390297150433,5.246738205277843
v3_sc2_staging_13,L3,1,13,0.6,False,False,False,nan,nan,nan
v3_sc2_staging_13,L3,1,14,0.6,True,False,False,3.69350288425444,1.7051077071199945,5.492703897240377
v3_sc2_staging_13,L3,1,15,0.6,True,False,False,3.6698484809835,2.4904013108611363,5.023133168772957
v3_sc2_staging_13,L3,1,16,0.6,True,False,False,4.712132034355964,1.7472205054244232,6.251666460956139
v3_sc2_staging_13,L3,1,17,0.6,True,False,False,4.7819805153394634,2.1879360111431225,4.420619879649312
v3_sc2_staging_13,L3,1,18,0.6,True,False,False,3.3742640687119287,2.6827660925679098,6.00403720776565
v3_sc2_staging_13,L3,1,19,0.6,True,False,False,2.866295090390226,1.3580904176062045,4.342003717470693
v3_sc2_staging_13,L3,1,0,0.8,True,False,False,5.702081528017131,2.3319604517012595,6.359300255857007
v3_sc2_staging_13,L3,1,1,0.8,True,False,False,3.5319805153394634,1.9824383174612823,4.878196723809943
v3_sc2_staging_13,L3,1,2,0.8,False,False,False,nan,nan,nan
v3_sc2_staging_13,L3,1,3,0.8,True,False,False,7.090559159102156,1.978911051248108,5.433169473392784
v3_sc2_staging_13,L3,1,4,0.8,False,False,False,nan,nan,nan
v3_sc2_staging_13,L3,1,5,0.8,False,False,False,nan,nan,nan
v3_sc2_staging_13,L3,1,6,0.8,True,False,False,4.294112549695429,1.483053201505194,4.666236541235796
v3_sc2_staging_13,L3,1,7,0.8,True,False,False,4.049137802864846,2.1879360111431225,4.734739726099093
v3_sc2_staging_13,L3,1,8,0.8,True,False,False,3.8056349186104046,3.885487430149584,6.446221994724903
v3_sc2_staging_13,L3,1,9,0.8,True,False,False,6.23492424049175,1.745551157288562,6.3500000000000005
v3_sc2_staging_13,L3,1,10,0.8,True,False,False,5.776345596729058,2.4774149861918815,6.266461409037962
v3_sc2_staging_13,L3,1,11,0.8,True,False,False,6.574873734152918,3.041892149684968,6.741892017974308
v3_sc2_staging_13,L3,1,12,0.8,True,False,False,6.7991378028648475,1.734390297150433,5.246738205277843
v3_sc2_staging_13,L3,1,13,0.8,False,False,False,nan,nan,nan
v3_sc2_staging_13,L3,1,14,0.8,True,False,False,3.69350288425444,1.7051077071199945,5.492703897240377
v3_sc2_staging_13,L3,1,15,0.8,True,False,False,3.6698484809835,2.4904013108611363,5.023133168772957
v3_sc2_staging_13,L3,1,16,0.8,True,False,False,4.712132034355964,1.7472205054244232,6.251666460956139
v3_sc2_staging_13,L3,1,17,0.8,True,False,False,4.7819805153394634,2.1879360111431225,4.420619879649312
v3_sc2_staging_13,L3,1,18,0.8,True,False,False,3.3742640687119287,2.6827660925679098,6.00403720776565
v3_sc2_staging_13,L3,1,19,0.8,True,False,False,2.866295090390226,1.3580904176062045,4.342003717470693
v3_sc2_staging_13,L3,1,0,1.0,True,False,False,5.702081528017131,2.3319604517012595,6.359300255857007
v3_sc2_staging_13,L3,1,1,1.0,True,False,False,3.5319805153394634,1.9824383174612823,4.878196723809943
v3_sc2_staging_13,L3,1,2,1.0,False,False,False,nan,nan,nan
v3_sc2_staging_13,L3,1,3,1.0,True,False,False,7.090559159102156,1.978911051248108,5.433169473392784
v3_sc2_staging_13,L3,1,4,1.0,False,False,False,nan,nan,nan
v3_sc2_staging_13,L3,1,5,1.0,False,False,False,nan,nan,nan
v3_sc2_staging_13,L3,1,6,1.0,True,False,False,4.294112549695429,1.483053201505194,4.666236541235796
v3_sc2_staging_13,L3,1,7,1.0,True,False,False,4.049137802864846,2.1879360111431225,4.734739726099093
v3_sc2_staging_13,L3,1,8,1.0,True,False,False,3.8056349186104046,3.885487430149584,6.446221994724903
v3_sc2_staging_13,L3,1,9,1.0,True,False,False,6.23492424049175,1.745551157288562,6.3500000000000005
v3_sc2_staging_13,L3,1,10,1.0,True,False,False,5.776345596729058,2.4774149861918815,6.266461409037962
v3_sc2_staging_13,L3,1,11,1.0,True,False,False,6.574873734152918,3.041892149684968,6.741892017974308
v3_sc2_staging_13,L3,1,12,1.0,True,False,False,6.7991378028648475,1.734390297150433,5.246738205277843
v3_sc2_staging_13,L3,1,13,1.0,False,False,False,nan,nan,nan
v3_sc2_staging_13,L3,1,14,1.0,True,False,False,3.69350288425444,1.7051077071199945,5.492703897240377
v3_sc2_staging_13,L3,1,15,1.0,True,False,False,3.6698484809835,2.4904013108611363,5.023133168772957
v3_sc2_staging_13,L3,1,16,1.0,True,False,False,4.712132034355964,1.7472205054244232,6.251666460956139
v3_sc2_staging_13,L3,1,17,1.0,True,False,False,4.7819805153394634,2.1879360111431225,4.420619879649312
v3_sc2_staging_13,L3,1,18,1.0,True,False,False,3.3742640687119287,2.6827660925679098,6.00403720776565
v3_sc2_staging_13,L3,1,19,1.0,True,False,False,2.866295090390226,1.3580904176062045,4.342003717470693
v3_sc2_staging_13,L3,1,0,1.25,True,False,False,5.702081528017131,2.3319604517012595,6.359300255857007
v3_sc2_staging_13,L3,1,1,1.25,True,False,False,3.5319805153394634,1.9824383174612823,4.878196723809943
v3_sc2_staging_13,L3,1,2,1.25,False,False,False,nan,nan,nan
v3_sc2_staging_13,L3,1,3,1.25,True,False,False,7.090559159102156,1.978911051248108,5.433169473392784
v3_sc2_staging_13,L3,1,4,1.25,False,False,False,nan,nan,nan
v3_sc2_staging_13,L3,1,5,1.25,False,False,False,nan,nan,nan
v3_sc2_staging_13,L3,1,6,1.25,True,False,False,4.294112549695429,1.483053201505194,4.666236541235796
v3_sc2_staging_13,L3,1,7,1.25,True,False,False,4.049137802864846,2.1879360111431225,4.734739726099093
v3_sc2_staging_13,L3,1,8,1.25,True,False,False,3.8056349186104046,3.885487430149584,6.446221994724903
v3_sc2_staging_13,L3,1,9,1.25,True,False,False,6.23492424049175,1.745551157288562,6.3500000000000005
v3_sc2_staging_13,L3,1,10,1.25,True,False,False,5.776345596729058,2.4774149861918815,6.266461409037962
v3_sc2_staging_13,L3,1,11,1.25,True,False,False,6.574873734152918,3.041892149684968,6.741892017974308
v3_sc2_staging_13,L3,1,12,1.25,True,False,False,6.7991378028648475,1.734390297150433,5.246738205277843
v3_sc2_staging_13,L3,1,13,1.25,False,False,False,nan,nan,nan
v3_sc2_staging_13,L3,1,14,1.25,True,False,False,3.69350288425444,1.7051077071199945,5.492703897240377
v3_sc2_staging_13,L3,1,15,1.25,True,False,False,3.6698484809835,2.4904013108611363,5.023133168772957
v3_sc2_staging_13,L3,1,16,1.25,True,False,False,4.712132034355964,1.7472205054244232,6.251666460956139
v3_sc2_staging_13,L3,1,17,1.25,True,False,False,4.7819805153394634,2.1879360111431225,4.420619879649312
v3_sc2_staging_13,L3,1,18,1.25,True,False,False,3.3742640687119287,2.6827660925679098,6.00403720776565
v3_sc2_staging_13,L3,1,19,1.25,True,False,False,2.866295090390226,1.3580904176062045,4.342003717470693
v3_sc2_staging_13,L3,1,0,1.5,True,False,False,5.702081528017131,2.3319604517012595,6.359300255857007
v3_sc2_staging_13,L3,1,1,1.5,True,False,False,3.5319805153394634,1.9824383174612823,4.878196723809943
v3_sc2_staging_13,L3,1,2,1.5,False,False,False,nan,nan,nan
v3_sc2_staging_13,L3,1,3,1.5,True,False,False,7.090559159102156,1.978911051248108,5.433169473392784
v3_sc2_staging_13,L3,1,4,1.5,False,False,False,nan,nan,nan
v3_sc2_staging_13,L3,1,5,1.5,False,False,False,nan,nan,nan
v3_sc2_staging_13,L3,1,6,1.5,False,False,False,nan,nan,nan
v3_sc2_staging_13,L3,1,7,1.5,True,False,False,4.049137802864846,2.1879360111431225,4.734739726099093
v3_sc2_staging_13,L3,1,8,1.5,True,False,False,3.8056349186104046,3.885487430149584,6.446221994724903
v3_sc2_staging_13,L3,1,9,1.5,True,False,False,6.23492424049175,1.745551157288562,6.3500000000000005
v3_sc2_staging_13,L3,1,10,1.5,True,False,False,5.776345596729058,2.4774149861918815,6.266461409037962
v3_sc2_staging_13,L3,1,11,1.5,True,False,False,6.574873734152918,3.041892149684968,6.741892017974308
v3_sc2_staging_13,L3,1,12,1.5,True,False,False,6.7991378028648475,1.734390297150433,5.246738205277843
v3_sc2_staging_13,L3,1,13,1.5,False,False,False,nan,nan,nan
v3_sc2_staging_13,L3,1,14,1.5,True,False,False,3.69350288425444,1.7051077071199945,5.492703897240377
v3_sc2_staging_13,L3,1,15,1.5,True,False,False,3.6698484809835,2.4904013108611363,5.023133168772957
v3_sc2_staging_13,L3,1,16,1.5,True,False,False,4.712132034355964,1.7472205054244232,6.251666460956139
v3_sc2_staging_13,L3,1,17,1.5,True,False,False,4.7819805153394634,2.1879360111431225,4.420619879649312
v3_sc2_staging_13,L3,1,18,1.5,True,False,False,3.3742640687119287,2.6827660925679098,6.00403720776565
v3_sc2_staging_13,L3,1,19,1.5,False,False,False,nan,nan,nan
v3_sc2_staging_13,L3,1,0,2.0,True,False,False,5.702081528017131,2.3319604517012595,6.359300255857007
v3_sc2_staging_13,L3,1,1,2.0,False,False,False,nan,nan,nan
v3_sc2_staging_13,L3,1,2,2.0,False,False,False,nan,nan,nan
v3_sc2_staging_13,L3,1,3,2.0,False,False,False,nan,nan,nan
v3_sc2_staging_13,L3,1,4,2.0,False,False,False,nan,nan,nan
v3_sc2_staging_13,L3,1,5,2.0,False,False,False,nan,nan,nan
v3_sc2_staging_13,L3,1,6,2.0,False,False,False,nan,nan,nan
v3_sc2_staging_13,L3,1,7,2.0,True,False,False,4.049137802864846,2.1879360111431225,4.734739726099093
v3_sc2_staging_13,L3,1,8,2.0,True,False,False,3.8056349186104046,3.885487430149584,6.446221994724903
v3_sc2_staging_13,L3,1,9,2.0,False,False,False,nan,nan,nan
v3_sc2_staging_13,L3,1,10,2.0,True,False,False,5.776345596729058,2.4774149861918815,6.266461409037962
v3_sc2_staging_13,L3,1,11,2.0,True,False,False,6.574873734152918,3.041892149684968,6.741892017974308
v3_sc2_staging_13,L3,1,12,2.0,False,False,False,nan,nan,nan
v3_sc2_staging_13,L3,1,13,2.0,False,False,False,nan,nan,nan
v3_sc2_staging_13,L3,1,14,2.0,False,False,False,nan,nan,nan
v3_sc2_staging_13,L3,1,15,2.0,True,False,False,3.6698484809835,2.4904013108611363,5.023133168772957
v3_sc2_staging_13,L3,1,16,2.0,False,False,False,nan,nan,nan
v3_sc2_staging_13,L3,1,17,2.0,True,False,False,4.7819805153394634,2.1879360111431225,4.420619879649312
v3_sc2_staging_13,L3,1,18,2.0,True,False,False,3.3742640687119287,2.6827660925679098,6.00403720776565
v3_sc2_staging_13,L3,1,19,2.0,False,False,False,nan,nan,nan
v3_sc2_staging_13,L3,2,0,0.0,True,False,False,5.860660171779822,2.3600699292150185,6.435416353759881
v3_sc2_staging_13,L3,2,1,0.0,True,False,False,3.561269837220809,1.9545875417267156,4.970831746635973
v3_sc2_staging_13,L3,2,2,0.0,True,False,False,3.2298989873223323,1.4319679086361656,3.9746508243660754
v3_sc2_staging_13,L3,2,3,0.0,True,False,False,7.157716446627541,1.9698178070456938,5.501666435249463
v3_sc2_staging_13,L3,2,4,0.0,True,False,False,3.1,3.7290660907581,7.166159403508383
v3_sc2_staging_13,L3,2,5,0.0,True,False,False,3.0414213562373096,1.729910312097776,5.157958995963121
v3_sc2_staging_13,L3,2,6,0.0,True,False,False,4.402691193458119,1.4525624189766635,4.728049349422785
v3_sc2_staging_13,L3,2,7,0.0,True,False,False,4.1198484809835,2.1196373794859475,4.8021222166223225
v3_sc2_staging_13,L3,2,8,0.0,True,False,False,3.7935028842544405,3.708622102303793,6.501785486574121
v3_sc2_staging_13,L3,2,9,0.0,True,False,False,6.34350288425444,1.863260459619295,6.45
v3_sc2_staging_13,L3,2,10,0.0,True,False,False,5.884924240491749,2.505411785429744,6.3390423306191055
v3_sc2_staging_13,L3,2,11,0.0,True,False,False,6.654163056034263,2.9077118422777475,6.773238618387272
v3_sc2_staging_13,L3,2,12,0.0,True,False,False,6.866295090390228,1.7209232314512812,5.320008591058952
v3_sc2_staging_13,L3,2,13,0.0,True,False,False,6.124011537017762,0.3845903006477066,1.2000000000000002
v3_sc2_staging_13,L3,2,14,0.0,True,False,False,3.7020815280171306,1.7808989455914088,5.530132668523969
v3_sc2_staging_13,L3,2,15,0.0,True,False,False,3.72842712474619,2.4300170647967225,5.080770556114989
v3_sc2_staging_13,L3,2,16,0.0,True,False,False,4.7,1.8769728648009427,6.4
v3_sc2_staging_13,L3,2,17,0.0,True,False,False,4.8198484809835,2.1315394733881536,4.4862310415783995
v3_sc2_staging_13,L3,2,18,0.0,True,False,False,3.3656854249492385,2.7035136959282697,6.109273787641121
v3_sc2_staging_13,L3,2,19,0.0,True,False,False,2.8577164466275353,1.2923448328934921,4.399234634103577
v3_sc2_staging_13,L3,2,0,0.1,True,False,False,5.860660171779822,2.3600699292150185,6.435416353759881
v3_sc2_staging_13,L3,2,1,0.1,True,False,False,3.561269837220809,1.9545875417267156,4.970831746635973
v3_sc2_staging_13,L3,2,2,0.1,True,False,False,3.2298989873223323,1.4319679086361656,3.9746508243660754
v3_sc2_staging_13,L3,2,3,0.1,True,False,False,7.157716446627541,1.9698178070456938,5.501666435249463
v3_sc2_staging_13,L3,2,4,0.1,True,False,False,3.1,3.7290660907581,7.166159403508383
v3_sc2_staging_13,L3,2,5,0.1,True,False,False,3.0414213562373096,1.729910312097776,5.157958995963121
v3_sc2_staging_13,L3,2,6,0.1,True,False,False,4.402691193458119,1.4525624189766635,4.728049349422785
v3_sc2_staging_13,L3,2,7,0.1,True,False,False,4.1198484809835,2.1196373794859475,4.8021222166223225
v3_sc2_staging_13,L3,2,8,0.1,True,False,False,3.7935028842544405,3.708622102303793,6.501785486574121
v3_sc2_staging_13,L3,2,9,0.1,True,False,False,6.34350288425444,1.863260459619295,6.45
v3_sc2_staging_13,L3,2,10,0.1,True,False,False,5.884924240491749,2.505411785429744,6.3390423306191055
v3_sc2_staging_13,L3,2,11,0.1,True,False,False,6.654163056034263,2.9077118422777475,6.773238618387272
v3_sc2_staging_13,L3,2,12,0.1,True,False,False,6.866295090390228,1.7209232314512812,5.320008591058952
v3_sc2_staging_13,L3,2,13,0.1,True,False,False,6.124011537017762,0.3845903006477066,1.2000000000000002
v3_sc2_staging_13,L3,2,14,0.1,True,False,False,3.7020815280171306,1.7808989455914088,5.530132668523969
v3_sc2_staging_13,L3,2,15,0.1,True,False,False,3.72842712474619,2.4300170647967225,5.080770556114989
v3_sc2_staging_13,L3,2,16,0.1,True,False,False,4.7,1.8769728648009427,6.4
v3_sc2_staging_13,L3,2,17,0.1,True,False,False,4.8198484809835,2.1315394733881536,4.4862310415783995
v3_sc2_staging_13,L3,2,18,0.1,True,False,False,3.3656854249492385,2.7035136959282697,6.109273787641121
v3_sc2_staging_13,L3,2,19,0.1,True,False,False,2.8577164466275353,1.2923448328934921,4.399234634103577
v3_sc2_staging_13,L3,2,0,0.2,True,False,False,5.860660171779822,2.3600699292150185,6.435416353759881
v3_sc2_staging_13,L3,2,1,0.2,True,False,False,3.561269837220809,1.9545875417267156,4.970831746635973
v3_sc2_staging_13,L3,2,2,0.2,True,False,False,3.2298989873223323,1.4319679086361656,3.9746508243660754
v3_sc2_staging_13,L3,2,3,0.2,True,False,False,7.157716446627541,1.9698178070456938,5.501666435249463
v3_sc2_staging_13,L3,2,4,0.2,True,False,False,3.1,3.7290660907581,7.166159403508383
v3_sc2_staging_13,L3,2,5,0.2,True,False,False,3.0414213562373096,1.729910312097776,5.157958995963121
v3_sc2_staging_13,L3,2,6,0.2,True,False,False,4.402691193458119,1.4525624189766635,4.728049349422785
v3_sc2_staging_13,L3,2,7,0.2,True,False,False,4.1198484809835,2.1196373794859475,4.8021222166223225
v3_sc2_staging_13,L3,2,8,0.2,True,False,False,3.7935028842544405,3.708622102303793,6.501785486574121
v3_sc2_staging_13,L3,2,9,0.2,True,False,False,6.34350288425444,1.863260459619295,6.45
v3_sc2_staging_13,L3,2,10,0.2,True,False,False,5.884924240491749,2.505411785429744,6.3390423306191055
v3_sc2_staging_13,L3,2,11,0.2,True,False,False,6.654163056034263,2.9077118422777475,6.773238618387272
v3_sc2_staging_13,L3,2,12,0.2,True,False,False,6.866295090390228,1.7209232314512812,5.320008591058952
v3_sc2_staging_13,L3,2,13,0.2,True,False,False,6.124011537017762,0.3845903006477066,1.2000000000000002
v3_sc2_staging_13,L3,2,14,0.2,True,False,False,3.7020815280171306,1.7808989455914088,5.530132668523969
v3_sc2_staging_13,L3,2,15,0.2,True,False,False,3.72842712474619,2.4300170647967225,5.080770556114989
v3_sc2_staging_13,L3,2,16,0.2,True,False,False,4.7,1.8769728648009427,6.4
v3_sc2_staging_13,L3,2,17,0.2,True,False,False,4.8198484809835,2.1315394733881536,4.4862310415783995
v3_sc2_staging_13,L3,2,18,0.2,True,False,False,3.3656854249492385,2.7035136959282697,6.109273787641121
v3_sc2_staging_13,L3,2,19,0.2,True,False,False,2.8577164466275353,1.2923448328934921,4.399234634103577
v3_sc2_staging_13,L3,2,0,0.3,True,False,False,5.860660171779822,2.3600699292150185,6.435416353759881
v3_sc2_staging_13,L3,2,1,0.3,True,False,False,3.561269837220809,1.9545875417267156,4.970831746635973
v3_sc2_staging_13,L3,2,2,0.3,True,False,False,3.2298989873223323,1.4319679086361656,3.9746508243660754
v3_sc2_staging_13,L3,2,3,0.3,True,False,False,7.157716446627541,1.9698178070456938,5.501666435249463
v3_sc2_staging_13,L3,2,4,0.3,True,False,False,3.1,3.7290660907581,7.166159403508383
v3_sc2_staging_13,L3,2,5,0.3,True,False,False,3.0414213562373096,1.729910312097776,5.157958995963121
v3_sc2_staging_13,L3,2,6,0.3,True,False,False,4.402691193458119,1.4525624189766635,4.728049349422785
v3_sc2_staging_13,L3,2,7,0.3,True,False,False,4.1198484809835,2.1196373794859475,4.8021222166223225
v3_sc2_staging_13,L3,2,8,0.3,True,False,False,3.7935028842544405,3.708622102303793,6.501785486574121
v3_sc2_staging_13,L3,2,9,0.3,True,False,False,6.34350288425444,1.863260459619295,6.45
v3_sc2_staging_13,L3,2,10,0.3,True,False,False,5.884924240491749,2.505411785429744,6.3390423306191055
v3_sc2_staging_13,L3,2,11,0.3,True,False,False,6.654163056034263,2.9077118422777475,6.773238618387272
v3_sc2_staging_13,L3,2,12,0.3,True,False,False,6.866295090390228,1.7209232314512812,5.320008591058952
v3_sc2_staging_13,L3,2,13,0.3,True,False,False,6.124011537017762,0.3845903006477066,1.2000000000000002
v3_sc2_staging_13,L3,2,14,0.3,True,False,False,3.7020815280171306,1.7808989455914088,5.530132668523969
v3_sc2_staging_13,L3,2,15,0.3,True,False,False,3.72842712474619,2.4300170647967225,5.080770556114989
v3_sc2_staging_13,L3,2,16,0.3,True,False,False,4.7,1.8769728648009427,6.4
v3_sc2_staging_13,L3,2,17,0.3,True,False,False,4.8198484809835,2.1315394733881536,4.4862310415783995
v3_sc2_staging_13,L3,2,18,0.3,True,False,False,3.3656854249492385,2.7035136959282697,6.109273787641121
v3_sc2_staging_13,L3,2,19,0.3,True,False,False,2.8577164466275353,1.2923448328934921,4.399234634103577
v3_sc2_staging_13,L3,2,0,0.4,True,False,False,5.860660171779822,2.3600699292150185,6.435416353759881
v3_sc2_staging_13,L3,2,1,0.4,True,False,False,3.561269837220809,1.9545875417267156,4.970831746635973
v3_sc2_staging_13,L3,2,2,0.4,True,False,False,3.2298989873223323,1.4319679086361656,3.9746508243660754
v3_sc2_staging_13,L3,2,3,0.4,True,False,False,7.157716446627541,1.9698178070456938,5.501666435249463
v3_sc2_staging_13,L3,2,4,0.4,True,False,False,3.1,3.7290660907581,7.166159403508383
v3_sc2_staging_13,L3,2,5,0.4,True,False,False,3.0414213562373096,1.729910312097776,5.157958995963121
v3_sc2_staging_13,L3,2,6,0.4,True,False,False,4.402691193458119,1.4525624189766635,4.728049349422785
v3_sc2_staging_13,L3,2,7,0.4,True,False,False,4.1198484809835,2.1196373794859475,4.8021222166223225
v3_sc2_staging_13,L3,2,8,0.4,True,False,False,3.7935028842544405,3.708622102303793,6.501785486574121
v3_sc2_staging_13,L3,2,9,0.4,True,False,False,6.34350288425444,1.863260459619295,6.45
v3_sc2_staging_13,L3,2,10,0.4,True,False,False,5.884924240491749,2.505411785429744,6.3390423306191055
v3_sc2_staging_13,L3,2,11,0.4,True,False,False,6.654163056034263,2.9077118422777475,6.773238618387272
v3_sc2_staging_13,L3,2,12,0.4,True,False,False,6.866295090390228,1.7209232314512812,5.320008591058952
v3_sc2_staging_13,L3,2,13,0.4,False,False,False,nan,nan,nan
v3_sc2_staging_13,L3,2,14,0.4,True,False,False,3.7020815280171306,1.7808989455914088,5.530132668523969
v3_sc2_staging_13,L3,2,15,0.4,True,False,False,3.72842712474619,2.4300170647967225,5.080770556114989
v3_sc2_staging_13,L3,2,16,0.4,True,False,False,4.7,1.8769728648009427,6.4
v3_sc2_staging_13,L3,2,17,0.4,True,False,False,4.8198484809835,2.1315394733881536,4.4862310415783995
v3_sc2_staging_13,L3,2,18,0.4,True,False,False,3.3656854249492385,2.7035136959282697,6.109273787641121
v3_sc2_staging_13,L3,2,19,0.4,True,False,False,2.8577164466275353,1.2923448328934921,4.399234634103577
v3_sc2_staging_13,L3,2,0,0.5,True,False,False,5.860660171779822,2.3600699292150185,6.435416353759881
v3_sc2_staging_13,L3,2,1,0.5,True,False,False,3.561269837220809,1.9545875417267156,4.970831746635973
v3_sc2_staging_13,L3,2,2,0.5,True,False,False,3.2298989873223323,1.4319679086361656,3.9746508243660754
v3_sc2_staging_13,L3,2,3,0.5,True,False,False,7.157716446627541,1.9698178070456938,5.501666435249463
v3_sc2_staging_13,L3,2,4,0.5,True,False,False,3.1,3.7290660907581,7.166159403508383
v3_sc2_staging_13,L3,2,5,0.5,True,False,False,3.0414213562373096,1.729910312097776,5.157958995963121
v3_sc2_staging_13,L3,2,6,0.5,True,False,False,4.402691193458119,1.4525624189766635,4.728049349422785
v3_sc2_staging_13,L3,2,7,0.5,True,False,False,4.1198484809835,2.1196373794859475,4.8021222166223225
v3_sc2_staging_13,L3,2,8,0.5,True,False,False,3.7935028842544405,3.708622102303793,6.501785486574121
v3_sc2_staging_13,L3,2,9,0.5,True,False,False,6.34350288425444,1.863260459619295,6.45
v3_sc2_staging_13,L3,2,10,0.5,True,False,False,5.884924240491749,2.505411785429744,6.3390423306191055
v3_sc2_staging_13,L3,2,11,0.5,True,False,False,6.654163056034263,2.9077118422777475,6.773238618387272
v3_sc2_staging_13,L3,2,12,0.5,True,False,False,6.866295090390228,1.7209232314512812,5.320008591058952
v3_sc2_staging_13,L3,2,13,0.5,False,False,False,nan,nan,nan
v3_sc2_staging_13,L3,2,14,0.5,True,False,False,3.7020815280171306,1.7808989455914088,5.530132668523969
v3_sc2_staging_13,L3,2,15,0.5,True,False,False,3.72842712474619,2.4300170647967225,5.080770556114989
v3_sc2_staging_13,L3,2,16,0.5,True,False,False,4.7,1.8769728648009427,6.4
v3_sc2_staging_13,L3,2,17,0.5,True,False,False,4.8198484809835,2.1315394733881536,4.4862310415783995
v3_sc2_staging_13,L3,2,18,0.5,True,False,False,3.3656854249492385,2.7035136959282697,6.109273787641121
v3_sc2_staging_13,L3,2,19,0.5,True,False,False,2.8577164466275353,1.2923448328934921,4.399234634103577
v3_sc2_staging_13,L3,2,0,0.6,True,False,False,5.860660171779822,2.3600699292150185,6.435416353759881
v3_sc2_staging_13,L3,2,1,0.6,True,False,False,3.561269837220809,1.9545875417267156,4.970831746635973
v3_sc2_staging_13,L3,2,2,0.6,True,False,False,3.2298989873223323,1.4319679086361656,3.9746508243660754
v3_sc2_staging_13,L3,2,3,0.6,True,False,False,7.157716446627541,1.9698178070456938,5.501666435249463
v3_sc2_staging_13,L3,2,4,0.6,True,False,False,3.1,3.7290660907581,7.166159403508383
v3_sc2_staging_13,L3,2,5,0.6,True,False,False,3.0414213562373096,1.729910312097776,5.157958995963121
v3_sc2_staging_13,L3,2,6,0.6,True,False,False,4.402691193458119,1.4525624189766635,4.728049349422785
v3_sc2_staging_13,L3,2,7,0.6,True,False,False,4.1198484809835,2.1196373794859475,4.8021222166223225
v3_sc2_staging_13,L3,2,8,0.6,True,False,False,3.7935028842544405,3.708622102303793,6.501785486574121
v3_sc2_staging_13,L3,2,9,0.6,True,False,False,6.34350288425444,1.863260459619295,6.45
v3_sc2_staging_13,L3,2,10,0.6,True,False,False,5.884924240491749,2.505411785429744,6.3390423306191055
v3_sc2_staging_13,L3,2,11,0.6,True,False,False,6.654163056034263,2.9077118422777475,6.773238618387272
v3_sc2_staging_13,L3,2,12,0.6,True,False,False,6.866295090390228,1.7209232314512812,5.320008591058952
v3_sc2_staging_13,L3,2,13,0.6,False,False,False,nan,nan,nan
v3_sc2_staging_13,L3,2,14,0.6,True,False,False,3.7020815280171306,1.7808989455914088,5.530132668523969
v3_sc2_staging_13,L3,2,15,0.6,True,False,False,3.72842712474619,2.4300170647967225,5.080770556114989
v3_sc2_staging_13,L3,2,16,0.6,True,False,False,4.7,1.8769728648009427,6.4
v3_sc2_staging_13,L3,2,17,0.6,True,False,False,4.8198484809835,2.1315394733881536,4.4862310415783995
v3_sc2_staging_13,L3,2,18,0.6,True,False,False,3.3656854249492385,2.7035136959282697,6.109273787641121
v3_sc2_staging_13,L3,2,19,0.6,True,False,False,2.8577164466275353,1.2923448328934921,4.399234634103577
v3_sc2_staging_13,L3,2,0,0.8,True,False,False,5.860660171779822,2.3600699292150185,6.435416353759881
v3_sc2_staging_13,L3,2,1,0.8,True,False,False,3.561269837220809,1.9545875417267156,4.970831746635973
v3_sc2_staging_13,L3,2,2,0.8,True,False,False,3.2298989873223323,1.4319679086361656,3.9746508243660754
v3_sc2_staging_13,L3,2,3,0.8,True,False,False,7.157716446627541,1.9698178070456938,5.501666435249463
v3_sc2_staging_13,L3,2,4,0.8,True,False,False,3.1,3.7290660907581,7.166159403508383
v3_sc2_staging_13,L3,2,5,0.8,True,False,False,3.0414213562373096,1.729910312097776,5.157958995963121
v3_sc2_staging_13,L3,2,6,0.8,True,False,False,4.402691193458119,1.4525624189766635,4.728049349422785
v3_sc2_staging_13,L3,2,7,0.8,True,False,False,4.1198484809835,2.1196373794859475,4.8021222166223225
v3_sc2_staging_13,L3,2,8,0.8,True,False,False,3.7935028842544405,3.708622102303793,6.501785486574121
v3_sc2_staging_13,L3,2,9,0.8,True,False,False,6.34350288425444,1.863260459619295,6.45
v3_sc2_staging_13,L3,2,10,0.8,True,False,False,5.884924240491749,2.505411785429744,6.3390423306191055
v3_sc2_staging_13,L3,2,11,0.8,True,False,False,6.654163056034263,2.9077118422777475,6.773238618387272
v3_sc2_staging_13,L3,2,12,0.8,True,False,False,6.866295090390228,1.7209232314512812,5.320008591058952
v3_sc2_staging_13,L3,2,13,0.8,False,False,False,nan,nan,nan
v3_sc2_staging_13,L3,2,14,0.8,True,False,False,3.7020815280171306,1.7808989455914088,5.530132668523969
v3_sc2_staging_13,L3,2,15,0.8,True,False,False,3.72842712474619,2.4300170647967225,5.080770556114989
v3_sc2_staging_13,L3,2,16,0.8,True,False,False,4.7,1.8769728648009427,6.4
v3_sc2_staging_13,L3,2,17,0.8,True,False,False,4.8198484809835,2.1315394733881536,4.4862310415783995
v3_sc2_staging_13,L3,2,18,0.8,True,False,False,3.3656854249492385,2.7035136959282697,6.109273787641121
v3_sc2_staging_13,L3,2,19,0.8,True,False,False,2.8577164466275353,1.2923448328934921,4.399234634103577
v3_sc2_staging_13,L3,2,0,1.0,True,False,False,5.860660171779822,2.3600699292150185,6.435416353759881
v3_sc2_staging_13,L3,2,1,1.0,True,False,False,3.561269837220809,1.9545875417267156,4.970831746635973
v3_sc2_staging_13,L3,2,2,1.0,True,False,False,3.2298989873223323,1.4319679086361656,3.9746508243660754
v3_sc2_staging_13,L3,2,3,1.0,True,False,False,7.157716446627541,1.9698178070456938,5.501666435249463
v3_sc2_staging_13,L3,2,4,1.0,True,False,False,3.1,3.7290660907581,7.166159403508383
v3_sc2_staging_13,L3,2,5,1.0,True,False,False,3.0414213562373096,1.729910312097776,5.157958995963121
v3_sc2_staging_13,L3,2,6,1.0,True,False,False,4.402691193458119,1.4525624189766635,4.728049349422785
v3_sc2_staging_13,L3,2,7,1.0,True,False,False,4.1198484809835,2.1196373794859475,4.8021222166223225
v3_sc2_staging_13,L3,2,8,1.0,True,False,False,3.7935028842544405,3.708622102303793,6.501785486574121
v3_sc2_staging_13,L3,2,9,1.0,True,False,False,6.34350288425444,1.863260459619295,6.45
v3_sc2_staging_13,L3,2,10,1.0,True,False,False,5.884924240491749,2.505411785429744,6.3390423306191055
v3_sc2_staging_13,L3,2,11,1.0,True,False,False,6.654163056034263,2.9077118422777475,6.773238618387272
v3_sc2_staging_13,L3,2,12,1.0,True,False,False,6.866295090390228,1.7209232314512812,5.320008591058952
v3_sc2_staging_13,L3,2,13,1.0,False,False,False,nan,nan,nan
v3_sc2_staging_13,L3,2,14,1.0,True,False,False,3.7020815280171306,1.7808989455914088,5.530132668523969
v3_sc2_staging_13,L3,2,15,1.0,True,False,False,3.72842712474619,2.4300170647967225,5.080770556114989
v3_sc2_staging_13,L3,2,16,1.0,True,False,False,4.7,1.8769728648009427,6.4
v3_sc2_staging_13,L3,2,17,1.0,True,False,False,4.8198484809835,2.1315394733881536,4.4862310415783995
v3_sc2_staging_13,L3,2,18,1.0,True,False,False,3.3656854249492385,2.7035136959282697,6.109273787641121
v3_sc2_staging_13,L3,2,19,1.0,True,False,False,2.8577164466275353,1.2923448328934921,4.399234634103577
v3_sc2_staging_13,L3,2,0,1.25,True,False,False,5.860660171779822,2.3600699292150185,6.435416353759881
v3_sc2_staging_13,L3,2,1,1.25,True,False,False,3.561269837220809,1.9545875417267156,4.970831746635973
v3_sc2_staging_13,L3,2,2,1.25,True,False,False,3.2298989873223323,1.4319679086361656,3.9746508243660754
v3_sc2_staging_13,L3,2,3,1.25,True,False,False,7.157716446627541,1.9698178070456938,5.501666435249463
v3_sc2_staging_13,L3,2,4,1.25,True,False,False,3.1,3.7290660907581,7.166159403508383
v3_sc2_staging_13,L3,2,5,1.25,True,False,False,3.0414213562373096,1.729910312097776,5.157958995963121
v3_sc2_staging_13,L3,2,6,1.25,True,False,False,4.402691193458119,1.4525624189766635,4.728049349422785
v3_sc2_staging_13,L3,2,7,1.25,True,False,False,4.1198484809835,2.1196373794859475,4.8021222166223225
v3_sc2_staging_13,L3,2,8,1.25,True,False,False,3.7935028842544405,3.708622102303793,6.501785486574121
v3_sc2_staging_13,L3,2,9,1.25,True,False,False,6.34350288425444,1.863260459619295,6.45
v3_sc2_staging_13,L3,2,10,1.25,True,False,False,5.884924240491749,2.505411785429744,6.3390423306191055
v3_sc2_staging_13,L3,2,11,1.25,True,False,False,6.654163056034263,2.9077118422777475,6.773238618387272
v3_sc2_staging_13,L3,2,12,1.25,True,False,False,6.866295090390228,1.7209232314512812,5.320008591058952
v3_sc2_staging_13,L3,2,13,1.25,False,False,False,nan,nan,nan
v3_sc2_staging_13,L3,2,14,1.25,True,False,False,3.7020815280171306,1.7808989455914088,5.530132668523969
v3_sc2_staging_13,L3,2,15,1.25,True,False,False,3.72842712474619,2.4300170647967225,5.080770556114989
v3_sc2_staging_13,L3,2,16,1.25,True,False,False,4.7,1.8769728648009427,6.4
v3_sc2_staging_13,L3,2,17,1.25,True,False,False,4.8198484809835,2.1315394733881536,4.4862310415783995
v3_sc2_staging_13,L3,2,18,1.25,True,False,False,3.3656854249492385,2.7035136959282697,6.109273787641121
v3_sc2_staging_13,L3,2,19,1.25,True,False,False,2.8577164466275353,1.2923448328934921,4.399234634103577
v3_sc2_staging_13,L3,2,0,1.5,True,False,False,5.860660171779822,2.3600699292150185,6.435416353759881
v3_sc2_staging_13,L3,2,1,1.5,True,False,False,3.561269837220809,1.9545875417267156,4.970831746635973
v3_sc2_staging_13,L3,2,2,1.5,False,False,False,nan,nan,nan
v3_sc2_staging_13,L3,2,3,1.5,True,False,False,7.157716446627541,1.9698178070456938,5.501666435249463
v3_sc2_staging_13,L3,2,4,1.5,True,False,False,3.1,3.7290660907581,7.166159403508383
v3_sc2_staging_13,L3,2,5,1.5,True,False,False,3.0414213562373096,1.729910312097776,5.157958995963121
v3_sc2_staging_13,L3,2,6,1.5,False,False,False,nan,nan,nan
v3_sc2_staging_13,L3,2,7,1.5,True,False,False,4.1198484809835,2.1196373794859475,4.8021222166223225
v3_sc2_staging_13,L3,2,8,1.5,True,False,False,3.7935028842544405,3.708622102303793,6.501785486574121
v3_sc2_staging_13,L3,2,9,1.5,True,False,False,6.34350288425444,1.863260459619295,6.45
v3_sc2_staging_13,L3,2,10,1.5,True,False,False,5.884924240491749,2.505411785429744,6.3390423306191055
v3_sc2_staging_13,L3,2,11,1.5,True,False,False,6.654163056034263,2.9077118422777475,6.773238618387272
v3_sc2_staging_13,L3,2,12,1.5,True,False,False,6.866295090390228,1.7209232314512812,5.320008591058952
v3_sc2_staging_13,L3,2,13,1.5,False,False,False,nan,nan,nan
v3_sc2_staging_13,L3,2,14,1.5,True,False,False,3.7020815280171306,1.7808989455914088,5.530132668523969
v3_sc2_staging_13,L3,2,15,1.5,True,False,False,3.72842712474619,2.4300170647967225,5.080770556114989
v3_sc2_staging_13,L3,2,16,1.5,True,False,False,4.7,1.8769728648009427,6.4
v3_sc2_staging_13,L3,2,17,1.5,True,False,False,4.8198484809835,2.1315394733881536,4.4862310415783995
v3_sc2_staging_13,L3,2,18,1.5,True,False,False,3.3656854249492385,2.7035136959282697,6.109273787641121
v3_sc2_staging_13,L3,2,19,1.5,False,False,False,nan,nan,nan
v3_sc2_staging_13,L3,2,0,2.0,True,False,False,5.860660171779822,2.3600699292150185,6.435416353759881
v3_sc2_staging_13,L3,2,1,2.0,False,False,False,nan,nan,nan
v3_sc2_staging_13,L3,2,2,2.0,False,False,False,nan,nan,nan
v3_sc2_staging_13,L3,2,3,2.0,False,False,False,nan,nan,nan
v3_sc2_staging_13,L3,2,4,2.0,True,False,False,3.1,3.7290660907581,7.166159403508383
v3_sc2_staging_13,L3,2,5,2.0,False,False,False,nan,nan,nan
v3_sc2_staging_13,L3,2,6,2.0,False,False,False,nan,nan,nan
v3_sc2_staging_13,L3,2,7,2.0,True,False,False,4.1198484809835,2.1196373794859475,4.8021222166223225
v3_sc2_staging_13,L3,2,8,2.0,True,False,False,3.7935028842544405,3.708622102303793,6.501785486574121
v3_sc2_staging_13,L3,2,9,2.0,False,False,False,nan,nan,nan
v3_sc2_staging_13,L3,2,10,2.0,True,False,False,5.884924240491749,2.505411785429744,6.3390423306191055
v3_sc2_staging_13,L3,2,11,2.0,True,False,False,6.654163056034263,2.9077118422777475,6.773238618387272
v3_sc2_staging_13,L3,2,12,2.0,False,False,False,nan,nan,nan
v3_sc2_staging_13,L3,2,13,2.0,False,False,False,nan,nan,nan
v3_sc2_staging_13,L3,2,14,2.0,False,False,False,nan,nan,nan
v3_sc2_staging_13,L3,2,15,2.0,True,False,False,3.72842712474619,2.4300170647967225,5.080770556114989
v3_sc2_staging_13,L3,2,16,2.0,False,False,False,nan,nan,nan
v3_sc2_staging_13,L3,2,17,2.0,True,False,False,4.8198484809835,2.1315394733881536,4.4862310415783995
v3_sc2_staging_13,L3,2,18,2.0,True,False,False,3.3656854249492385,2.7035136959282697,6.109273787641121
v3_sc2_staging_13,L3,2,19,2.0,False,False,False,nan,nan,nan
v3_sc2_staging_13,L3,3,0,0.0,True,False,False,5.819238815542512,2.2408940147331493,6.415562160808043
v3_sc2_staging_13,L3,3,1,0.0,True,False,False,3.502691193458119,1.9186773244895647,4.828461316365167
v3_sc2_staging_13,L3,3,2,0.0,True,False,False,3.2920310216782966,1.46596032513375,3.8832065887886236
v3_sc2_staging_13,L3,3,3,0.0,True,False,False,7.107716446627541,1.8926972228010799,5.394276885250641
v3_sc2_staging_13,L3,3,4,0.0,False,False,False,nan,nan,nan
v3_sc2_staging_13,L3,3,5,0.0,True,False,False,3.0414213562373096,1.6920310216782974,5.059901078256699
v3_sc2_staging_13,L3,3,6,0.0,True,False,False,4.323401871576774,1.4300259065618783,4.630545779934139
v3_sc2_staging_13,L3,3,7,0.0,True,False,False,4.249137802864845,2.1277366686941828,4.719434835305448
v3_sc2_staging_13,L3,3,8,0.0,True,False,False,3.7727922061357853,3.68359892915179,6.477105417004964
v3_sc2_staging_13,L3,3,9,0.0,True,False,False,6.414213562373096,1.5155644370746373,6.2
v3_sc2_staging_13,L3,3,10,0.0,True,False,False,5.834924240491749,2.3692333470807148,6.232384421584971
v3_sc2_staging_13,L3,3,11,0.0,True,False,True,6.504163056034263,2.992849839314596,6.757582242041767
v3_sc2_staging_13,L3,3,12,0.0,True,False,False,6.816295090390227,1.647673159491453,5.213580313603722
v3_sc2_staging_13,L3,3,13,0.0,False,False,False,nan,nan,nan
v3_sc2_staging_13,L3,3,14,0.0,True,False,False,3.7106601717798213,1.5408331631958552,5.592002954693966
v3_sc2_staging_13,L3,3,15,0.0,True,False,False,3.7370057685088804,2.4347061181658383,5.003635162326805
v3_sc2_staging_13,L3,3,16,0.0,True,False,False,4.7,1.5402205763103165,6.15
v3_sc2_staging_13,L3,3,17,0.0,True,False,False,4.807716446627535,2.1575364531836625,4.419349550499538
v3_sc2_staging_13,L3,3,18,0.0,True,False,False,3.377817459305202,2.5886890422961004,5.95155020130821
v3_sc2_staging_13,L3,3,19,0.0,True,False,False,2.807716446627536,1.288854381999832,4.302343178074636
v3_sc2_staging_13,L3,3,0,0.1,True,False,False,5.819238815542512,2.2408940147331493,6.415562160808043
v3_sc2_staging_13,L3,3,1,0.1,True,False,False,3.502691193458119,1.9186773244895647,4.828461316365167
v3_sc2_staging_13,L3,3,2,0.1,True,False,False,3.2920310216782966,1.46596032513375,3.8832065887886236
v3_sc2_staging_13,L3,3,3,0.1,True,False,False,7.107716446627541,1.8926972228010799,5.394276885250641
v3_sc2_staging_13,L3,3,4,0.1,False,False,False,nan,nan,nan
v3_sc2_staging_13,L3,3,5,0.1,True,False,False,3.0414213562373096,1.6920310216782974,5.059901078256699
v3_sc2_staging_13,L3,3,6,0.1,True,False,False,4.323401871576774,1.4300259065618783,4.630545779934139
v3_sc2_staging_13,L3,3,7,0.1,True,False,False,4.249137802864845,2.1277366686941828,4.719434835305448
v3_sc2_staging_13,L3,3,8,0.1,True,False,False,3.7727922061357853,3.68359892915179,6.477105417004964
v3_sc2_staging_13,L3,3,9,0.1,True,False,False,6.414213562373096,1.5155644370746373,6.2
v3_sc2_staging_13,L3,3,10,0.1,True,False,False,5.834924240491749,2.3692333470807148,6.232384421584971
v3_sc2_staging_13,L3,3,11,0.1,True,False,True,6.504163056034263,2.992849839314596,6.757582242041767
v3_sc2_staging_13,L3,3,12,0.1,True,False,False,6.816295090390227,1.647673159491453,5.213580313603722
v3_sc2_staging_13,L3,3,13,0.1,False,False,False,nan,nan,nan
v3_sc2_staging_13,L3,3,14,0.1,True,False,False,3.7106601717798213,1.5408331631958552,5.592002954693966
v3_sc2_staging_13,L3,3,15,0.1,True,False,False,3.7370057685088804,2.4347061181658383,5.003635162326805
v3_sc2_staging_13,L3,3,16,0.1,True,False,False,4.7,1.5402205763103165,6.15
v3_sc2_staging_13,L3,3,17,0.1,True,False,False,4.807716446627535,2.1575364531836625,4.419349550499538
v3_sc2_staging_13,L3,3,18,0.1,True,False,False,3.377817459305202,2.5886890422961004,5.95155020130821
v3_sc2_staging_13,L3,3,19,0.1,True,False,False,2.807716446627536,1.288854381999832,4.302343178074636
v3_sc2_staging_13,L3,3,0,0.2,True,False,False,5.819238815542512,2.2408940147331493,6.415562160808043
v3_sc2_staging_13,L3,3,1,0.2,True,False,False,3.502691193458119,1.9186773244895647,4.828461316365167
v3_sc2_staging_13,L3,3,2,0.2,True,False,False,3.2920310216782966,1.46596032513375,3.8832065887886236
v3_sc2_staging_13,L3,3,3,0.2,True,False,False,7.107716446627541,1.8926972228010799,5.394276885250641
v3_sc2_staging_13,L3,3,4,0.2,False,False,False,nan,nan,nan
v3_sc2_staging_13,L3,3,5,0.2,True,False,False,3.0414213562373096,1.6920310216782974,5.059901078256699
v3_sc2_staging_13,L3,3,6,0.2,True,False,False,4.323401871576774,1.4300259065618783,4.630545779934139
v3_sc2_staging_13,L3,3,7,0.2,True,False,False,4.249137802864845,2.1277366686941828,4.719434835305448
v3_sc2_staging_13,L3,3,8,0.2,True,False,False,3.7727922061357853,3.68359892915179,6.477105417004964
v3_sc2_staging_13,L3,3,9,0.2,True,False,False,6.414213562373096,1.5155644370746373,6.2
v3_sc2_staging_13,L3,3,10,0.2,True,False,False,5.834924240491749,2.3692333470807148,6.232384421584971
v3_sc2_staging_13,L3,3,11,0.2,True,False,True,6.504163056034263,2.992849839314596,6.757582242041767
v3_sc2_staging_13,L3,3,12,0.2,True,False,False,6.816295090390227,1.647673159491453,5.213580313603722
v3_sc2_staging_13,L3,3,13,0.2,False,False,False,nan,nan,nan
v3_sc2_staging_13,L3,3,14,0.2,True,False,False,3.7106601717798213,1.5408331631958552,5.592002954693966
v3_sc2_staging_13,L3,3,15,0.2,True,False,False,3.7370057685088804,2.4347061181658383,5.003635162326805
v3_sc2_staging_13,L3,3,16,0.2,True,False,False,4.7,1.5402205763103165,6.15
v3_sc2_staging_13,L3,3,17,0.2,True,False,False,4.807716446627535,2.1575364531836625,4.419349550499538
v3_sc2_staging_13,L3,3,18,0.2,True,False,False,3.377817459305202,2.5886890422961004,5.95155020130821
v3_sc2_staging_13,L3,3,19,0.2,True,False,False,2.807716446627536,1.288854381999832,4.302343178074636
v3_sc2_staging_13,L3,3,0,0.3,True,False,False,5.819238815542512,2.2408940147331493,6.415562160808043
v3_sc2_staging_13,L3,3,1,0.3,True,False,False,3.502691193458119,1.9186773244895647,4.828461316365167
v3_sc2_staging_13,L3,3,2,0.3,True,False,False,3.2920310216782966,1.46596032513375,3.8832065887886236
v3_sc2_staging_13,L3,3,3,0.3,True,False,False,7.107716446627541,1.8926972228010799,5.394276885250641
v3_sc2_staging_13,L3,3,4,0.3,False,False,False,nan,nan,nan
v3_sc2_staging_13,L3,3,5,0.3,True,False,False,3.0414213562373096,1.6920310216782974,5.059901078256699
v3_sc2_staging_13,L3,3,6,0.3,True,False,False,4.323401871576774,1.4300259065618783,4.630545779934139
v3_sc2_staging_13,L3,3,7,0.3,True,False,False,4.249137802864845,2.1277366686941828,4.719434835305448
v3_sc2_staging_13,L3,3,8,0.3,True,False,False,3.7727922061357853,3.68359892915179,6.477105417004964
v3_sc2_staging_13,L3,3,9,0.3,True,False,False,6.414213562373096,1.5155644370746373,6.2
v3_sc2_staging_13,L3,3,10,0.3,True,False,False,5.834924240491749,2.3692333470807148,6.232384421584971
v3_sc2_staging_13,L3,3,11,0.3,True,False,True,6.504163056034263,2.992849839314596,6.757582242041767
v3_sc2_staging_13,L3,3,12,0.3,True,False,False,6.816295090390227,1.647673159491453,5.213580313603722
v3_sc2_staging_13,L3,3,13,0.3,False,False,False,nan,nan,nan
v3_sc2_staging_13,L3,3,14,0.3,True,False,False,3.7106601717798213,1.5408331631958552,5.592002954693966
v3_sc2_staging_13,L3,3,15,0.3,True,False,False,3.7370057685088804,2.4347061181658383,5.003635162326805
v3_sc2_staging_13,L3,3,16,0.3,True,False,False,4.7,1.5402205763103165,6.15
v3_sc2_staging_13,L3,3,17,0.3,True,False,False,4.807716446627535,2.1575364531836625,4.419349550499538
v3_sc2_staging_13,L3,3,18,0.3,True,False,False,3.377817459305202,2.5886890422961004,5.95155020130821
v3_sc2_staging_13,L3,3,19,0.3,True,False,False,2.807716446627536,1.288854381999832,4.302343178074636
v3_sc2_staging_13,L3,3,0,0.4,True,False,False,5.819238815542512,2.2408940147331493,6.415562160808043
v3_sc2_staging_13,L3,3,1,0.4,True,False,False,3.502691193458119,1.9186773244895647,4.828461316365167
v3_sc2_staging_13,L3,3,2,0.4,True,False,False,3.2920310216782966,1.46596032513375,3.8832065887886236
v3_sc2_staging_13,L3,3,3,0.4,True,False,False,7.107716446627541,1.8926972228010799,5.394276885250641
v3_sc2_staging_13,L3,3,4,0.4,False,False,False,nan,nan,nan
v3_sc2_staging_13,L3,3,5,0.4,True,False,False,3.0414213562373096,1.6920310216782974,5.059901078256699
v3_sc2_staging_13,L3,3,6,0.4,True,False,False,4.323401871576774,1.4300259065618783,4.630545779934139
v3_sc2_staging_13,L3,3,7,0.4,True,False,False,4.249137802864845,2.1277366686941828,4.719434835305448
v3_sc2_staging_13,L3,3,8,0.4,True,False,False,3.7727922061357853,3.68359892915179,6.477105417004964
v3_sc2_staging_13,L3,3,9,0.4,True,False,False,6.414213562373096,1.5155644370746373,6.2
v3_sc2_staging_13,L3,3,10,0.4,True,False,False,5.834924240491749,2.3692333470807148,6.232384421584971
v3_sc2_staging_13,L3,3,11,0.4,True,False,True,6.504163056034263,2.992849839314596,6.757582242041767
v3_sc2_staging_13,L3,3,12,0.4,True,False,False,6.816295090390227,1.647673159491453,5.213580313603722
v3_sc2_staging_13,L3,3,13,0.4,False,False,False,nan,nan,nan
v3_sc2_staging_13,L3,3,14,0.4,True,False,False,3.7106601717798213,1.5408331631958552,5.592002954693966
v3_sc2_staging_13,L3,3,15,0.4,True,False,False,3.7370057685088804,2.4347061181658383,5.003635162326805
v3_sc2_staging_13,L3,3,16,0.4,True,False,False,4.7,1.5402205763103165,6.15
v3_sc2_staging_13,L3,3,17,0.4,True,False,False,4.807716446627535,2.1575364531836625,4.419349550499538
v3_sc2_staging_13,L3,3,18,0.4,True,False,False,3.377817459305202,2.5886890422961004,5.95155020130821
v3_sc2_staging_13,L3,3,19,0.4,True,False,False,2.807716446627536,1.288854381999832,4.302343178074636
v3_sc2_staging_13,L3,3,0,0.5,True,False,False,5.819238815542512,2.2408940147331493,6.415562160808043
v3_sc2_staging_13,L3,3,1,0.5,True,False,False,3.502691193458119,1.9186773244895647,4.828461316365167
v3_sc2_staging_13,L3,3,2,0.5,True,False,False,3.2920310216782966,1.46596032513375,3.8832065887886236
v3_sc2_staging_13,L3,3,3,0.5,True,False,False,7.107716446627541,1.8926972228010799,5.394276885250641
v3_sc2_staging_13,L3,3,4,0.5,False,False,False,nan,nan,nan
v3_sc2_staging_13,L3,3,5,0.5,True,False,False,3.0414213562373096,1.6920310216782974,5.059901078256699
v3_sc2_staging_13,L3,3,6,0.5,True,False,False,4.323401871576774,1.4300259065618783,4.630545779934139
v3_sc2_staging_13,L3,3,7,0.5,True,False,False,4.249137802864845,2.1277366686941828,4.719434835305448
v3_sc2_staging_13,L3,3,8,0.5,True,False,False,3.7727922061357853,3.68359892915179,6.477105417004964
v3_sc2_staging_13,L3,3,9,0.5,True,False,False,6.414213562373096,1.5155644370746373,6.2
v3_sc2_staging_13,L3,3,10,0.5,True,False,False,5.834924240491749,2.3692333470807148,6.232384421584971
v3_sc2_staging_13,L3,3,11,0.5,True,False,True,6.504163056034263,2.992849839314596,6.757582242041767
v3_sc2_staging_13,L3,3,12,0.5,True,False,False,6.816295090390227,1.647673159491453,5.213580313603722
v3_sc2_staging_13,L3,3,13,0.5,False,False,False,nan,nan,nan
v3_sc2_staging_13,L3,3,14,0.5,True,False,False,3.7106601717798213,1.5408331631958552,5.592002954693966
v3_sc2_staging_13,L3,3,15,0.5,True,False,False,3.7370057685088804,2.4347061181658383,5.003635162326805
v3_sc2_staging_13,L3,3,16,0.5,True,False,False,4.7,1.5402205763103165,6.15
v3_sc2_staging_13,L3,3,17,0.5,True,False,False,4.807716446627535,2.1575364531836625,4.419349550499538
v3_sc2_staging_13,L3,3,18,0.5,True,False,False,3.377817459305202,2.5886890422961004,5.95155020130821
v3_sc2_staging_13,L3,3,19,0.5,True,False,False,2.807716446627536,1.288854381999832,4.302343178074636
v3_sc2_staging_13,L3,3,0,0.6,True,False,False,5.819238815542512,2.2408940147331493,6.415562160808043
v3_sc2_staging_13,L3,3,1,0.6,True,False,False,3.502691193458119,1.9186773244895647,4.828461316365167
v3_sc2_staging_13,L3,3,2,0.6,True,False,False,3.2920310216782966,1.46596032513375,3.8832065887886236
v3_sc2_staging_13,L3,3,3,0.6,True,False,False,7.107716446627541,1.8926972228010799,5.394276885250641
v3_sc2_staging_13,L3,3,4,0.6,False,False,False,nan,nan,nan
v3_sc2_staging_13,L3,3,5,0.6,True,False,False,3.0414213562373096,1.6920310216782974,5.059901078256699
v3_sc2_staging_13,L3,3,6,0.6,True,False,False,4.323401871576774,1.4300259065618783,4.630545779934139
v3_sc2_staging_13,L3,3,7,0.6,True,False,False,4.249137802864845,2.1277366686941828,4.719434835305448
v3_sc2_staging_13,L3,3,8,0.6,True,False,False,3.7727922061357853,3.68359892915179,6.477105417004964
v3_sc2_staging_13,L3,3,9,0.6,True,False,False,6.414213562373096,1.5155644370746373,6.2
v3_sc2_staging_13,L3,3,10,0.6,True,False,False,5.834924240491749,2.3692333470807148,6.232384421584971
v3_sc2_staging_13,L3,3,11,0.6,True,False,True,6.504163056034263,2.992849839314596,6.757582242041767
v3_sc2_staging_13,L3,3,12,0.6,True,False,False,6.816295090390227,1.647673159491453,5.213580313603722
v3_sc2_staging_13,L3,3,13,0.6,False,False,False,nan,nan,nan
v3_sc2_staging_13,L3,3,14,0.6,True,False,False,3.7106601717798213,1.5408331631958552,5.592002954693966
v3_sc2_staging_13,L3,3,15,0.6,True,False,False,3.7370057685088804,2.4347061181658383,5.003635162326805
v3_sc2_staging_13,L3,3,16,0.6,True,False,False,4.7,1.5402205763103165,6.15
v3_sc2_staging_13,L3,3,17,0.6,True,False,False,4.807716446627535,2.1575364531836625,4.419349550499538
v3_sc2_staging_13,L3,3,18,0.6,True,False,False,3.377817459305202,2.5886890422961004,5.95155020130821
v3_sc2_staging_13,L3,3,19,0.6,True,False,False,2.807716446627536,1.288854381999832,4.302343178074636
v3_sc2_staging_13,L3,3,0,0.8,True,False,False,5.819238815542512,2.2408940147331493,6.415562160808043
v3_sc2_staging_13,L3,3,1,0.8,True,False,False,3.502691193458119,1.9186773244895647,4.828461316365167
v3_sc2_staging_13,L3,3,2,0.8,True,False,False,3.2920310216782966,1.46596032513375,3.8832065887886236
v3_sc2_staging_13,L3,3,3,0.8,True,False,False,7.107716446627541,1.8926972228010799,5.394276885250641
v3_sc2_staging_13,L3,3,4,0.8,False,False,False,nan,nan,nan
v3_sc2_staging_13,L3,3,5,0.8,True,False,False,3.0414213562373096,1.6920310216782974,5.059901078256699
v3_sc2_staging_13,L3,3,6,0.8,True,False,False,4.323401871576774,1.4300259065618783,4.630545779934139
v3_sc2_staging_13,L3,3,7,0.8,True,False,False,4.249137802864845,2.1277366686941828,4.719434835305448
v3_sc2_staging_13,L3,3,8,0.8,True,False,False,3.7727922061357853,3.68359892915179,6.477105417004964
v3_sc2_staging_13,L3,3,9,0.8,True,False,False,6.414213562373096,1.5155644370746373,6.2
v3_sc2_staging_13,L3,3,10,0.8,True,False,False,5.834924240491749,2.3692333470807148,6.232384421584971
v3_sc2_staging_13,L3,3,11,0.8,True,False,True,6.504163056034263,2.992849839314596,6.757582242041767
v3_sc2_staging_13,L3,3,12,0.8,True,False,False,6.816295090390227,1.647673159491453,5.213580313603722
v3_sc2_staging_13,L3,3,13,0.8,False,False,False,nan,nan,nan
v3_sc2_staging_13,L3,3,14,0.8,True,False,False,3.7106601717798213,1.5408331631958552,5.592002954693966
v3_sc2_staging_13,L3,3,15,0.8,True,False,False,3.7370057685088804,2.4347061181658383,5.003635162326805
v3_sc2_staging_13,L3,3,16,0.8,True,False,False,4.7,1.5402205763103165,6.15
v3_sc2_staging_13,L3,3,17,0.8,True,False,False,4.807716446627535,2.1575364531836625,4.419349550499538
v3_sc2_staging_13,L3,3,18,0.8,True,False,False,3.377817459305202,2.5886890422961004,5.95155020130821
v3_sc2_staging_13,L3,3,19,0.8,True,False,False,2.807716446627536,1.288854381999832,4.302343178074636
v3_sc2_staging_13,L3,3,0,1.0,True,False,False,5.819238815542512,2.2408940147331493,6.415562160808043
v3_sc2_staging_13,L3,3,1,1.0,True,False,False,3.502691193458119,1.9186773244895647,4.828461316365167
v3_sc2_staging_13,L3,3,2,1.0,True,False,False,3.2920310216782966,1.46596032513375,3.8832065887886236
v3_sc2_staging_13,L3,3,3,1.0,True,False,False,7.107716446627541,1.8926972228010799,5.394276885250641
v3_sc2_staging_13,L3,3,4,1.0,False,False,False,nan,nan,nan
v3_sc2_staging_13,L3,3,5,1.0,True,False,False,3.0414213562373096,1.6920310216782974,5.059901078256699
v3_sc2_staging_13,L3,3,6,1.0,True,False,False,4.323401871576774,1.4300259065618783,4.630545779934139
v3_sc2_staging_13,L3,3,7,1.0,True,False,False,4.249137802864845,2.1277366686941828,4.719434835305448
v3_sc2_staging_13,L3,3,8,1.0,True,False,False,3.7727922061357853,3.68359892915179,6.477105417004964
v3_sc2_staging_13,L3,3,9,1.0,True,False,False,6.414213562373096,1.5155644370746373,6.2
v3_sc2_staging_13,L3,3,10,1.0,True,False,False,5.834924240491749,2.3692333470807148,6.232384421584971
v3_sc2_staging_13,L3,3,11,1.0,True,False,True,6.504163056034263,2.992849839314596,6.757582242041767
v3_sc2_staging_13,L3,3,12,1.0,True,False,False,6.816295090390227,1.647673159491453,5.213580313603722
v3_sc2_staging_13,L3,3,13,1.0,False,False,False,nan,nan,nan
v3_sc2_staging_13,L3,3,14,1.0,True,False,False,3.7106601717798213,1.5408331631958552,5.592002954693966
v3_sc2_staging_13,L3,3,15,1.0,True,False,False,3.7370057685088804,2.4347061181658383,5.003635162326805
v3_sc2_staging_13,L3,3,16,1.0,True,False,False,4.7,1.5402205763103165,6.15
v3_sc2_staging_13,L3,3,17,1.0,True,False,False,4.807716446627535,2.1575364531836625,4.419349550499538
v3_sc2_staging_13,L3,3,18,1.0,True,False,False,3.377817459305202,2.5886890422961004,5.95155020130821
v3_sc2_staging_13,L3,3,19,1.0,True,False,False,2.807716446627536,1.288854381999832,4.302343178074636
v3_sc2_staging_13,L3,3,0,1.25,True,False,False,5.819238815542512,2.2408940147331493,6.415562160808043
v3_sc2_staging_13,L3,3,1,1.25,True,False,False,3.502691193458119,1.9186773244895647,4.828461316365167
v3_sc2_staging_13,L3,3,2,1.25,True,False,False,3.2920310216782966,1.46596032513375,3.8832065887886236
v3_sc2_staging_13,L3,3,3,1.25,True,False,False,7.107716446627541,1.8926972228010799,5.394276885250641
v3_sc2_staging_13,L3,3,4,1.25,False,False,False,nan,nan,nan
v3_sc2_staging_13,L3,3,5,1.25,True,False,False,3.0414213562373096,1.6920310216782974,5.059901078256699
v3_sc2_staging_13,L3,3,6,1.25,True,False,False,4.323401871576774,1.4300259065618783,4.630545779934139
v3_sc2_staging_13,L3,3,7,1.25,True,False,False,4.249137802864845,2.1277366686941828,4.719434835305448
v3_sc2_staging_13,L3,3,8,1.25,True,False,False,3.7727922061357853,3.68359892915179,6.477105417004964
v3_sc2_staging_13,L3,3,9,1.25,True,False,False,6.414213562373096,1.5155644370746373,6.2
v3_sc2_staging_13,L3,3,10,1.25,True,False,False,5.834924240491749,2.3692333470807148,6.232384421584971
v3_sc2_staging_13,L3,3,11,1.25,True,False,True,6.504163056034263,2.992849839314596,6.757582242041767
v3_sc2_staging_13,L3,3,12,1.25,True,False,False,6.816295090390227,1.647673159491453,5.213580313603722
v3_sc2_staging_13,L3,3,13,1.25,False,False,False,nan,nan,nan
v3_sc2_staging_13,L3,3,14,1.25,True,False,False,3.7106601717798213,1.5408331631958552,5.592002954693966
v3_sc2_staging_13,L3,3,15,1.25,True,False,False,3.7370057685088804,2.4347061181658383,5.003635162326805
v3_sc2_staging_13,L3,3,16,1.25,True,False,False,4.7,1.5402205763103165,6.15
v3_sc2_staging_13,L3,3,17,1.25,True,False,False,4.807716446627535,2.1575364531836625,4.419349550499538
v3_sc2_staging_13,L3,3,18,1.25,True,False,False,3.377817459305202,2.5886890422961004,5.95155020130821
v3_sc2_staging_13,L3,3,19,1.25,True,False,False,2.807716446627536,1.288854381999832,4.302343178074636
v3_sc2_staging_13,L3,3,0,1.5,True,False,False,5.819238815542512,2.2408940147331493,6.415562160808043
v3_sc2_staging_13,L3,3,1,1.5,True,False,False,3.502691193458119,1.9186773244895647,4.828461316365167
v3_sc2_staging_13,L3,3,2,1.5,False,False,False,nan,nan,nan
v3_sc2_staging_13,L3,3,3,1.5,True,False,False,7.107716446627541,1.8926972228010799,5.394276885250641
v3_sc2_staging_13,L3,3,4,1.5,False,False,False,nan,nan,nan
v3_sc2_staging_13,L3,3,5,1.5,True,False,False,3.0414213562373096,1.6920310216782974,5.059901078256699
v3_sc2_staging_13,L3,3,6,1.5,False,False,False,nan,nan,nan
v3_sc2_staging_13,L3,3,7,1.5,True,False,False,4.249137802864845,2.1277366686941828,4.719434835305448
v3_sc2_staging_13,L3,3,8,1.5,True,False,False,3.7727922061357853,3.68359892915179,6.477105417004964
v3_sc2_staging_13,L3,3,9,1.5,True,False,False,6.414213562373096,1.5155644370746373,6.2
v3_sc2_staging_13,L3,3,10,1.5,True,False,False,5.834924240491749,2.3692333470807148,6.232384421584971
v3_sc2_staging_13,L3,3,11,1.5,True,False,True,6.504163056034263,2.992849839314596,6.757582242041767
v3_sc2_staging_13,L3,3,12,1.5,True,False,False,6.816295090390227,1.647673159491453,5.213580313603722
v3_sc2_staging_13,L3,3,13,1.5,False,False,False,nan,nan,nan
v3_sc2_staging_13,L3,3,14,1.5,True,False,False,3.7106601717798213,1.5408331631958552,5.592002954693966
v3_sc2_staging_13,L3,3,15,1.5,True,False,False,3.7370057685088804,2.4347061181658383,5.003635162326805
v3_sc2_staging_13,L3,3,16,1.5,True,False,False,4.7,1.5402205763103165,6.15
v3_sc2_staging_13,L3,3,17,1.5,True,False,False,4.807716446627535,2.1575364531836625,4.419349550499538
v3_sc2_staging_13,L3,3,18,1.5,True,False,False,3.377817459305202,2.5886890422961004,5.95155020130821
v3_sc2_staging_13,L3,3,19,1.5,False,False,False,nan,nan,nan
v3_sc2_staging_13,L3,3,0,2.0,True,False,False,5.819238815542512,2.2408940147331493,6.415562160808043
v3_sc2_staging_13,L3,3,1,2.0,False,False,False,nan,nan,nan
v3_sc2_staging_13,L3,3,2,2.0,False,False,False,nan,nan,nan
v3_sc2_staging_13,L3,3,3,2.0,False,False,False,nan,nan,nan
v3_sc2_staging_13,L3,3,4,2.0,False,False,False,nan,nan,nan
v3_sc2_staging_13,L3,3,5,2.0,False,False,False,nan,nan,nan
v3_sc2_staging_13,L3,3,6,2.0,False,False,False,nan,nan,nan
v3_sc2_staging_13,L3,3,7,2.0,True,False,False,4.249137802864845,2.1277366686941828,4.719434835305448
v3_sc2_staging_13,L3,3,8,2.0,True,False,False,3.7727922061357853,3.68359892915179,6.477105417004964
v3_sc2_staging_13,L3,3,9,2.0,False,False,False,nan,nan,nan
v3_sc2_staging_13,L3,3,10,2.0,True,False,False,5.834924240491749,2.3692333470807148,6.232384421584971
v3_sc2_staging_13,L3,3,11,2.0,True,False,True,6.504163056034263,2.992849839314596,6.757582242041767
v3_sc2_staging_13,L3,3,12,2.0,False,False,False,nan,nan,nan
v3_sc2_staging_13,L3,3,13,2.0,False,False,False,nan,nan,nan
v3_sc2_staging_13,L3,3,14,2.0,False,False,False,nan,nan,nan
v3_sc2_staging_13,L3,3,15,2.0,True,False,False,3.7370057685088804,2.4347061181658383,5.003635162326805
v3_sc2_staging_13,L3,3,16,2.0,False,False,False,nan,nan,nan
v3_sc2_staging_13,L3,3,17,2.0,True,False,False,4.807716446627535,2.1575364531836625,4.419349550499538
v3_sc2_staging_13,L3,3,18,2.0,True,False,False,3.377817459305202,2.5886890422961004,5.95155020130821
v3_sc2_staging_13,L3,3,19,2.0,False,False,False,nan,nan,nan
v3_sc2_staging_13,L3,4,0,0.0,True,False,False,5.927817459305203,2.280287754891569,6.440641180755565
v3_sc2_staging_13,L3,4,1,0.0,True,False,False,3.6198484809834994,1.8853720883753127,4.912023651093924
v3_sc2_staging_13,L3,4,2,0.0,True,False,False,3.2713203435596423,1.3828170383762732,3.95926002830066
v3_sc2_staging_13,L3,4,3,0.0,True,False,False,7.2455844122715725,1.938237068047322,5.46824932455071
v3_sc2_staging_13,L3,4,4,0.0,True,False,False,3.120710678118655,3.5929817981515626,7.158492018667904
v3_sc2_staging_13,L3,4,5,0.0,True,False,False,3.082842712474619,1.6639085008382404,5.122499444197394
v3_sc2_staging_13,L3,4,6,0.0,True,False,False,4.411269837220809,1.4209372712298547,4.697114584074513
v3_sc2_staging_13,L3,4,7,0.0,True,False,False,4.361269837220809,2.1,4.7554733373883655
v3_sc2_staging_13,L3,4,8,0.0,True,False,False,3.7935028842544405,3.617341375208036,6.4765679241300305
v3_sc2_staging_13,L3,4,9,0.0,False,False,False,nan,nan,nan
v3_sc2_staging_13,L3,4,10,0.0,True,False,False,5.972792206135786,2.4000000000000004,6.297977640445723
v3_sc2_staging_13,L3,4,11,0.0,True,False,False,6.721320343559643,2.8841542518035435,6.7460333976597155
v3_sc2_staging_13,L3,4,12,0.0,True,False,False,6.904163056034261,1.6914607000811128,5.287054518492115
v3_sc2_staging_13,L3,4,13,0.0,True,False,False,6.182590180780452,0.41923881554251174,1.1
v3_sc2_staging_13,L3,4,14,0.0,True,False,False,3.689949493661167,1.6029740844813092,5.636163296392951
v3_sc2_staging_13,L3,4,15,0.0,True,False,False,3.7370057685088804,2.4090376415577714,5.0346634947393145
v3_sc2_staging_13,L3,4,16,0.0,True,False,False,4.7,1.6840329667841556,6.300000000000001
v3_sc2_staging_13,L3,4,17,0.0,True,False,False,4.8491378028648455,2.0709920264364885,4.424428900898053
v3_sc2_staging_13,L3,4,18,0.0,True,False,False,3.4071067811865476,2.621698255757593,6.05133574166368
v3_sc2_staging_13,L3,4,19,0.0,True,False,False,2.807716446627536,1.2677669529663689,4.364668539582117
v3_sc2_staging_13,L3,4,0,0.1,True,False,False,5.927817459305203,2.280287754891569,6.440641180755565
v3_sc2_staging_13,L3,4,1,0.1,True,False,False,3.6198484809834994,1.8853720883753127,4.912023651093924
v3_sc2_staging_13,L3,4,2,0.1,True,False,False,3.2713203435596423,1.3828170383762732,3.95926002830066
v3_sc2_staging_13,L3,4,3,0.1,True,False,False,7.2455844122715725,1.938237068047322,5.46824932455071
v3_sc2_staging_13,L3,4,4,0.1,True,False,False,3.120710678118655,3.5929817981515626,7.158492018667904
v3_sc2_staging_13,L3,4,5,0.1,True,False,False,3.082842712474619,1.6639085008382404,5.122499444197394
v3_sc2_staging_13,L3,4,6,0.1,True,False,False,4.411269837220809,1.4209372712298547,4.697114584074513
v3_sc2_staging_13,L3,4,7,0.1,True,False,False,4.361269837220809,2.1,4.7554733373883655
v3_sc2_staging_13,L3,4,8,0.1,True,False,False,3.7935028842544405,3.617341375208036,6.4765679241300305
v3_sc2_staging_13,L3,4,9,0.1,False,False,False,nan,nan,nan
v3_sc2_staging_13,L3,4,10,0.1,True,False,False,5.972792206135786,2.4000000000000004,6.297977640445723
v3_sc2_staging_13,L3,4,11,0.1,True,False,False,6.721320343559643,2.8841542518035435,6.7460333976597155
v3_sc2_staging_13,L3,4,12,0.1,True,False,False,6.904163056034261,1.6914607000811128,5.287054518492115
v3_sc2_staging_13,L3,4,13,0.1,True,False,False,6.182590180780452,0.41923881554251174,1.1
v3_sc2_staging_13,L3,4,14,0.1,True,False,False,3.689949493661167,1.6029740844813092,5.636163296392951
v3_sc2_staging_13,L3,4,15,0.1,True,False,False,3.7370057685088804,2.4090376415577714,5.0346634947393145
v3_sc2_staging_13,L3,4,16,0.1,True,False,False,4.7,1.6840329667841556,6.300000000000001
v3_sc2_staging_13,L3,4,17,0.1,True,False,False,4.8491378028648455,2.0709920264364885,4.424428900898053
v3_sc2_staging_13,L3,4,18,0.1,True,False,False,3.4071067811865476,2.621698255757593,6.05133574166368
v3_sc2_staging_13,L3,4,19,0.1,True,False,False,2.807716446627536,1.2677669529663689,4.364668539582117
v3_sc2_staging_13,L3,4,0,0.2,True,False,False,5.927817459305203,2.280287754891569,6.440641180755565
v3_sc2_staging_13,L3,4,1,0.2,True,False,False,3.6198484809834994,1.8853720883753127,4.912023651093924
v3_sc2_staging_13,L3,4,2,0.2,True,False,False,3.2713203435596423,1.3828170383762732,3.95926002830066
v3_sc2_staging_13,L3,4,3,0.2,True,False,False,7.2455844122715725,1.938237068047322,5.46824932455071
v3_sc2_staging_13,L3,4,4,0.2,True,False,False,3.120710678118655,3.5929817981515626,7.158492018667904
v3_sc2_staging_13,L3,4,5,0.2,True,False,False,3.082842712474619,1.6639085008382404,5.122499444197394
v3_sc2_staging_13,L3,4,6,0.2,True,False,False,4.411269837220809,1.4209372712298547,4.697114584074513
v3_sc2_staging_13,L3,4,7,0.2,True,False,False,4.361269837220809,2.1,4.7554733373883655
v3_sc2_staging_13,L3,4,8,0.2,True,False,False,3.7935028842544405,3.617341375208036,6.4765679241300305
v3_sc2_staging_13,L3,4,9,0.2,False,False,False,nan,nan,nan
v3_sc2_staging_13,L3,4,10,0.2,True,False,False,5.972792206135786,2.4000000000000004,6.297977640445723
v3_sc2_staging_13,L3,4,11,0.2,True,False,False,6.721320343559643,2.8841542518035435,6.7460333976597155
v3_sc2_staging_13,L3,4,12,0.2,True,False,False,6.904163056034261,1.6914607000811128,5.287054518492115
v3_sc2_staging_13,L3,4,13,0.2,True,False,False,6.182590180780452,0.41923881554251174,1.1
v3_sc2_staging_13,L3,4,14,0.2,True,False,False,3.689949493661167,1.6029740844813092,5.636163296392951
v3_sc2_staging_13,L3,4,15,0.2,True,False,False,3.7370057685088804,2.4090376415577714,5.0346634947393145
v3_sc2_staging_13,L3,4,16,0.2,True,False,False,4.7,1.6840329667841556,6.300000000000001
v3_sc2_staging_13,L3,4,17,0.2,True,False,False,4.8491378028648455,2.0709920264364885,4.424428900898053
v3_sc2_staging_13,L3,4,18,0.2,True,False,False,3.4071067811865476,2.621698255757593,6.05133574166368
v3_sc2_staging_13,L3,4,19,0.2,True,False,False,2.807716446627536,1.2677669529663689,4.364668539582117
v3_sc2_staging_13,L3,4,0,0.3,True,False,False,5.927817459305203,2.280287754891569,6.440641180755565
v3_sc2_staging_13,L3,4,1,0.3,True,False,False,3.6198484809834994,1.8853720883753127,4.912023651093924
v3_sc2_staging_13,L3,4,2,0.3,True,False,False,3.2713203435596423,1.3828170383762732,3.95926002830066
v3_sc2_staging_13,L3,4,3,0.3,True,False,False,7.2455844122715725,1.938237068047322,5.46824932455071
v3_sc2_staging_13,L3,4,4,0.3,True,False,False,3.120710678118655,3.5929817981515626,7.158492018667904
v3_sc2_staging_13,L3,4,5,0.3,True,False,False,3.082842712474619,1.6639085008382404,5.122499444197394
v3_sc2_staging_13,L3,4,6,0.3,True,False,False,4.411269837220809,1.4209372712298547,4.697114584074513
v3_sc2_staging_13,L3,4,7,0.3,True,False,False,4.361269837220809,2.1,4.7554733373883655
v3_sc2_staging_13,L3,4,8,0.3,True,False,False,3.7935028842544405,3.617341375208036,6.4765679241300305
v3_sc2_staging_13,L3,4,9,0.3,False,False,False,nan,nan,nan
v3_sc2_staging_13,L3,4,10,0.3,True,False,False,5.972792206135786,2.4000000000000004,6.297977640445723
v3_sc2_staging_13,L3,4,11,0.3,True,False,False,6.721320343559643,2.8841542518035435,6.7460333976597155
v3_sc2_staging_13,L3,4,12,0.3,True,False,False,6.904163056034261,1.6914607000811128,5.287054518492115
v3_sc2_staging_13,L3,4,13,0.3,True,False,False,6.182590180780452,0.41923881554251174,1.1
v3_sc2_staging_13,L3,4,14,0.3,True,False,False,3.689949493661167,1.6029740844813092,5.636163296392951
v3_sc2_staging_13,L3,4,15,0.3,True,False,False,3.7370057685088804,2.4090376415577714,5.0346634947393145
v3_sc2_staging_13,L3,4,16,0.3,True,False,False,4.7,1.6840329667841556,6.300000000000001
v3_sc2_staging_13,L3,4,17,0.3,True,False,False,4.8491378028648455,2.0709920264364885,4.424428900898053
v3_sc2_staging_13,L3,4,18,0.3,True,False,False,3.4071067811865476,2.621698255757593,6.05133574166368
v3_sc2_staging_13,L3,4,19,0.3,True,False,False,2.807716446627536,1.2677669529663689,4.364668539582117
v3_sc2_staging_13,L3,4,0,0.4,True,False,False,5.927817459305203,2.280287754891569,6.440641180755565
v3_sc2_staging_13,L3,4,1,0.4,True,False,False,3.6198484809834994,1.8853720883753127,4.912023651093924
v3_sc2_staging_13,L3,4,2,0.4,True,False,False,3.2713203435596423,1.3828170383762732,3.95926002830066
v3_sc2_staging_13,L3,4,3,0.4,True,False,False,7.2455844122715725,1.938237068047322,5.46824932455071
v3_sc2_staging_13,L3,4,4,0.4,True,False,False,3.120710678118655,3.5929817981515626,7.158492018667904
v3_sc2_staging_13,L3,4,5,0.4,True,False,False,3.082842712474619,1.6639085008382404,5.122499444197394
v3_sc2_staging_13,L3,4,6,0.4,True,False,False,4.411269837220809,1.4209372712298547,4.697114584074513
v3_sc2_staging_13,L3,4,7,0.4,True,False,False,4.361269837220809,2.1,4.7554733373883655
v3_sc2_staging_13,L3,4,8,0.4,True,False,False,3.7935028842544405,3.617341375208036,6.4765679241300305
v3_sc2_staging_13,L3,4,9,0.4,False,False,False,nan,nan,nan
v3_sc2_staging_13,L3,4,10,0.4,True,False,False,5.972792206135786,2.4000000000000004,6.297977640445723
v3_sc2_staging_13,L3,4,11,0.4,True,False,False,6.721320343559643,2.8841542518035435,6.7460333976597155
v3_sc2_staging_13,L3,4,12,0.4,True,False,False,6.904163056034261,1.6914607000811128,5.287054518492115
v3_sc2_staging_13,L3,4,13,0.4,True,False,False,6.182590180780452,0.41923881554251174,1.1
v3_sc2_staging_13,L3,4,14,0.4,True,False,False,3.689949493661167,1.6029740844813092,5.636163296392951
v3_sc2_staging_13,L3,4,15,0.4,True,False,False,3.7370057685088804,2.4090376415577714,5.0346634947393145
v3_sc2_staging_13,L3,4,16,0.4,True,False,False,4.7,1.6840329667841556,6.300000000000001
v3_sc2_staging_13,L3,4,17,0.4,True,False,False,4.8491378028648455,2.0709920264364885,4.424428900898053
v3_sc2_staging_13,L3,4,18,0.4,True,False,False,3.4071067811865476,2.621698255757593,6.05133574166368
v3_sc2_staging_13,L3,4,19,0.4,True,False,False,2.807716446627536,1.2677669529663689,4.364668539582117
v3_sc2_staging_13,L3,4,0,0.5,True,False,False,5.927817459305203,2.280287754891569,6.440641180755565
v3_sc2_staging_13,L3,4,1,0.5,True,False,False,3.6198484809834994,1.8853720883753127,4.912023651093924
v3_sc2_staging_13,L3,4,2,0.5,True,False,False,3.2713203435596423,1.3828170383762732,3.95926002830066
v3_sc2_staging_13,L3,4,3,0.5,True,False,False,7.2455844122715725,1.938237068047322,5.46824932455071
v3_sc2_staging_13,L3,4,4,0.5,True,False,False,3.120710678118655,3.5929817981515626,7.158492018667904
v3_sc2_staging_13,L3,4,5,0.5,True,False,False,3.082842712474619,1.6639085008382404,5.122499444197394
v3_sc2_staging_13,L3,4,6,0.5,True,False,False,4.411269837220809,1.4209372712298547,4.697114584074513
v3_sc2_staging_13,L3,4,7,0.5,True,False,False,4.361269837220809,2.1,4.7554733373883655
v3_sc2_staging_13,L3,4,8,0.5,True,False,False,3.7935028842544405,3.617341375208036,6.4765679241300305
v3_sc2_staging_13,L3,4,9,0.5,False,False,False,nan,nan,nan
v3_sc2_staging_13,L3,4,10,0.5,True,False,False,5.972792206135786,2.4000000000000004,6.297977640445723
v3_sc2_staging_13,L3,4,11,0.5,True,False,False,6.721320343559643,2.8841542518035435,6.7460333976597155
v3_sc2_staging_13,L3,4,12,0.5,True,False,False,6.904163056034261,1.6914607000811128,5.287054518492115
v3_sc2_staging_13,L3,4,13,0.5,False,False,False,nan,nan,nan
v3_sc2_staging_13,L3,4,14,0.5,True,False,False,3.689949493661167,1.6029740844813092,5.636163296392951
v3_sc2_staging_13,L3,4,15,0.5,True,False,False,3.7370057685088804,2.4090376415577714,5.0346634947393145
v3_sc2_staging_13,L3,4,16,0.5,True,False,False,4.7,1.6840329667841556,6.300000000000001
v3_sc2_staging_13,L3,4,17,0.5,True,False,False,4.8491378028648455,2.0709920264364885,4.424428900898053
v3_sc2_staging_13,L3,4,18,0.5,True,False,False,3.4071067811865476,2.621698255757593,6.05133574166368
v3_sc2_staging_13,L3,4,19,0.5,True,False,False,2.807716446627536,1.2677669529663689,4.364668539582117
v3_sc2_staging_13,L3,4,0,0.6,True,False,False,5.927817459305203,2.280287754891569,6.440641180755565
v3_sc2_staging_13,L3,4,1,0.6,True,False,False,3.6198484809834994,1.8853720883753127,4.912023651093924
v3_sc2_staging_13,L3,4,2,0.6,True,False,False,3.2713203435596423,1.3828170383762732,3.95926002830066
v3_sc2_staging_13,L3,4,3,0.6,True,False,False,7.2455844122715725,1.938237068047322,5.46824932455071
v3_sc2_staging_13,L3,4,4,0.6,True,False,False,3.120710678118655,3.5929817981515626,7.158492018667904
v3_sc2_staging_13,L3,4,5,0.6,True,False,False,3.082842712474619,1.6639085008382404,5.122499444197394
v3_sc2_staging_13,L3,4,6,0.6,True,False,False,4.411269837220809,1.4209372712298547,4.697114584074513
v3_sc2_staging_13,L3,4,7,0.6,True,False,False,4.361269837220809,2.1,4.7554733373883655
v3_sc2_staging_13,L3,4,8,0.6,True,False,False,3.7935028842544405,3.617341375208036,6.4765679241300305
v3_sc2_staging_13,L3,4,9,0.6,False,False,False,nan,nan,nan
v3_sc2_staging_13,L3,4,10,0.6,True,False,False,5.972792206135786,2.4000000000000004,6.297977640445723
v3_sc2_staging_13,L3,4,11,0.6,True,False,False,6.721320343559643,2.8841542518035435,6.7460333976597155
v3_sc2_staging_13,L3,4,12,0.6,True,False,False,6.904163056034261,1.6914607000811128,5.287054518492115
v3_sc2_staging_13,L3,4,13,0.6,False,False,False,nan,nan,nan
v3_sc2_staging_13,L3,4,14,0.6,True,False,False,3.689949493661167,1.6029740844813092,5.636163296392951
v3_sc2_staging_13,L3,4,15,0.6,True,False,False,3.7370057685088804,2.4090376415577714,5.0346634947393145
v3_sc2_staging_13,L3,4,16,0.6,True,False,False,4.7,1.6840329667841556,6.300000000000001
v3_sc2_staging_13,L3,4,17,0.6,True,False,False,4.8491378028648455,2.0709920264364885,4.424428900898053
v3_sc2_staging_13,L3,4,18,0.6,True,False,False,3.4071067811865476,2.621698255757593,6.05133574166368
v3_sc2_staging_13,L3,4,19,0.6,True,False,False,2.807716446627536,1.2677669529663689,4.364668539582117
v3_sc2_staging_13,L3,4,0,0.8,True,False,False,5.927817459305203,2.280287754891569,6.440641180755565
v3_sc2_staging_13,L3,4,1,0.8,True,False,False,3.6198484809834994,1.8853720883753127,4.912023651093924
v3_sc2_staging_13,L3,4,2,0.8,True,False,False,3.2713203435596423,1.3828170383762732,3.95926002830066
v3_sc2_staging_13,L3,4,3,0.8,True,False,False,7.2455844122715725,1.938237068047322,5.46824932455071
v3_sc2_staging_13,L3,4,4,0.8,True,False,False,3.120710678118655,3.5929817981515626,7.158492018667904
v3_sc2_staging_13,L3,4,5,0.8,True,False,False,3.082842712474619,1.6639085008382404,5.122499444197394
v3_sc2_staging_13,L3,4,6,0.8,True,False,False,4.411269837220809,1.4209372712298547,4.697114584074513
v3_sc2_staging_13,L3,4,7,0.8,True,False,False,4.361269837220809,2.1,4.7554733373883655
v3_sc2_staging_13,L3,4,8,0.8,True,False,False,3.7935028842544405,3.617341375208036,6.4765679241300305
v3_sc2_staging_13,L3,4,9,0.8,False,False,False,nan,nan,nan
v3_sc2_staging_13,L3,4,10,0.8,True,False,False,5.972792206135786,2.4000000000000004,6.297977640445723
v3_sc2_staging_13,L3,4,11,0.8,True,False,False,6.721320343559643,2.8841542518035435,6.7460333976597155
v3_sc2_staging_13,L3,4,12,0.8,True,False,False,6.904163056034261,1.6914607000811128,5.287054518492115
v3_sc2_staging_13,L3,4,13,0.8,False,False,False,nan,nan,nan
v3_sc2_staging_13,L3,4,14,0.8,True,False,False,3.689949493661167,1.6029740844813092,5.636163296392951
v3_sc2_staging_13,L3,4,15,0.8,True,False,False,3.7370057685088804,2.4090376415577714,5.0346634947393145
v3_sc2_staging_13,L3,4,16,0.8,True,False,False,4.7,1.6840329667841556,6.300000000000001
v3_sc2_staging_13,L3,4,17,0.8,True,False,False,4.8491378028648455,2.0709920264364885,4.424428900898053
v3_sc2_staging_13,L3,4,18,0.8,True,False,False,3.4071067811865476,2.621698255757593,6.05133574166368
v3_sc2_staging_13,L3,4,19,0.8,True,False,False,2.807716446627536,1.2677669529663689,4.364668539582117
v3_sc2_staging_13,L3,4,0,1.0,True,False,False,5.927817459305203,2.280287754891569,6.440641180755565
v3_sc2_staging_13,L3,4,1,1.0,True,False,False,3.6198484809834994,1.8853720883753127,4.912023651093924
v3_sc2_staging_13,L3,4,2,1.0,True,False,False,3.2713203435596423,1.3828170383762732,3.95926002830066
v3_sc2_staging_13,L3,4,3,1.0,True,False,False,7.2455844122715725,1.938237068047322,5.46824932455071
v3_sc2_staging_13,L3,4,4,1.0,True,False,False,3.120710678118655,3.5929817981515626,7.158492018667904
v3_sc2_staging_13,L3,4,5,1.0,True,False,False,3.082842712474619,1.6639085008382404,5.122499444197394
v3_sc2_staging_13,L3,4,6,1.0,True,False,False,4.411269837220809,1.4209372712298547,4.697114584074513
v3_sc2_staging_13,L3,4,7,1.0,True,False,False,4.361269837220809,2.1,4.7554733373883655
v3_sc2_staging_13,L3,4,8,1.0,True,False,False,3.7935028842544405,3.617341375208036,6.4765679241300305
v3_sc2_staging_13,L3,4,9,1.0,False,False,False,nan,nan,nan
v3_sc2_staging_13,L3,4,10,1.0,True,False,False,5.972792206135786,2.4000000000000004,6.297977640445723
v3_sc2_staging_13,L3,4,11,1.0,True,False,False,6.721320343559643,2.8841542518035435,6.7460333976597155
v3_sc2_staging_13,L3,4,12,1.0,True,False,False,6.904163056034261,1.6914607000811128,5.287054518492115
v3_sc2_staging_13,L3,4,13,1.0,False,False,False,nan,nan,nan
v3_sc2_staging_13,L3,4,14,1.0,True,False,False,3.689949493661167,1.6029740844813092,5.636163296392951
v3_sc2_staging_13,L3,4,15,1.0,True,False,False,3.7370057685088804,2.4090376415577714,5.0346634947393145
v3_sc2_staging_13,L3,4,16,1.0,True,False,False,4.7,1.6840329667841556,6.300000000000001
v3_sc2_staging_13,L3,4,17,1.0,True,False,False,4.8491378028648455,2.0709920264364885,4.424428900898053
v3_sc2_staging_13,L3,4,18,1.0,True,False,False,3.4071067811865476,2.621698255757593,6.05133574166368
v3_sc2_staging_13,L3,4,19,1.0,True,False,False,2.807716446627536,1.2677669529663689,4.364668539582117
v3_sc2_staging_13,L3,4,0,1.25,True,False,False,5.927817459305203,2.280287754891569,6.440641180755565
v3_sc2_staging_13,L3,4,1,1.25,True,False,False,3.6198484809834994,1.8853720883753127,4.912023651093924
v3_sc2_staging_13,L3,4,2,1.25,True,False,False,3.2713203435596423,1.3828170383762732,3.95926002830066
v3_sc2_staging_13,L3,4,3,1.25,True,False,False,7.2455844122715725,1.938237068047322,5.46824932455071
v3_sc2_staging_13,L3,4,4,1.25,True,False,False,3.120710678118655,3.5929817981515626,7.158492018667904
v3_sc2_staging_13,L3,4,5,1.25,True,False,False,3.082842712474619,1.6639085008382404,5.122499444197394
v3_sc2_staging_13,L3,4,6,1.25,True,False,False,4.411269837220809,1.4209372712298547,4.697114584074513
v3_sc2_staging_13,L3,4,7,1.25,True,False,False,4.361269837220809,2.1,4.7554733373883655
v3_sc2_staging_13,L3,4,8,1.25,True,False,False,3.7935028842544405,3.617341375208036,6.4765679241300305
v3_sc2_staging_13,L3,4,9,1.25,False,False,False,nan,nan,nan
v3_sc2_staging_13,L3,4,10,1.25,True,False,False,5.972792206135786,2.4000000000000004,6.297977640445723
v3_sc2_staging_13,L3,4,11,1.25,True,False,False,6.721320343559643,2.8841542518035435,6.7460333976597155
v3_sc2_staging_13,L3,4,12,1.25,True,False,False,6.904163056034261,1.6914607000811128,5.287054518492115
v3_sc2_staging_13,L3,4,13,1.25,False,False,False,nan,nan,nan
v3_sc2_staging_13,L3,4,14,1.25,True,False,False,3.689949493661167,1.6029740844813092,5.636163296392951
v3_sc2_staging_13,L3,4,15,1.25,True,False,False,3.7370057685088804,2.4090376415577714,5.0346634947393145
v3_sc2_staging_13,L3,4,16,1.25,True,False,False,4.7,1.6840329667841556,6.300000000000001
v3_sc2_staging_13,L3,4,17,1.25,True,False,False,4.8491378028648455,2.0709920264364885,4.424428900898053
v3_sc2_staging_13,L3,4,18,1.25,True,False,False,3.4071067811865476,2.621698255757593,6.05133574166368
v3_sc2_staging_13,L3,4,19,1.25,True,False,False,2.807716446627536,1.2677669529663689,4.364668539582117
v3_sc2_staging_13,L3,4,0,1.5,True,False,False,5.927817459305203,2.280287754891569,6.440641180755565
v3_sc2_staging_13,L3,4,1,1.5,True,False,False,3.6198484809834994,1.8853720883753127,4.912023651093924
v3_sc2_staging_13,L3,4,2,1.5,False,False,False,nan,nan,nan
v3_sc2_staging_13,L3,4,3,1.5,True,False,False,7.2455844122715725,1.938237068047322,5.46824932455071
v3_sc2_staging_13,L3,4,4,1.5,True,False,False,3.120710678118655,3.5929817981515626,7.158492018667904
v3_sc2_staging_13,L3,4,5,1.5,True,False,False,3.082842712474619,1.6639085008382404,5.122499444197394
v3_sc2_staging_13,L3,4,6,1.5,False,False,False,nan,nan,nan
v3_sc2_staging_13,L3,4,7,1.5,True,False,False,4.361269837220809,2.1,4.7554733373883655
v3_sc2_staging_13,L3,4,8,1.5,True,False,False,3.7935028842544405,3.617341375208036,6.4765679241300305
v3_sc2_staging_13,L3,4,9,1.5,False,False,False,nan,nan,nan
v3_sc2_staging_13,L3,4,10,1.5,True,False,False,5.972792206135786,2.4000000000000004,6.297977640445723
v3_sc2_staging_13,L3,4,11,1.5,True,False,False,6.721320343559643,2.8841542518035435,6.7460333976597155
v3_sc2_staging_13,L3,4,12,1.5,True,False,False,6.904163056034261,1.6914607000811128,5.287054518492115
v3_sc2_staging_13,L3,4,13,1.5,False,False,False,nan,nan,nan
v3_sc2_staging_13,L3,4,14,1.5,True,False,False,3.689949493661167,1.6029740844813092,5.636163296392951
v3_sc2_staging_13,L3,4,15,1.5,True,False,False,3.7370057685088804,2.4090376415577714,5.0346634947393145
v3_sc2_staging_13,L3,4,16,1.5,True,False,False,4.7,1.6840329667841556,6.300000000000001
v3_sc2_staging_13,L3,4,17,1.5,True,False,False,4.8491378028648455,2.0709920264364885,4.424428900898053
v3_sc2_staging_13,L3,4,18,1.5,True,False,False,3.4071067811865476,2.621698255757593,6.05133574166368
v3_sc2_staging_13,L3,4,19,1.5,False,False,False,nan,nan,nan
v3_sc2_staging_13,L3,4,0,2.0,True,False,False,5.927817459305203,2.280287754891569,6.440641180755565
v3_sc2_staging_13,L3,4,1,2.0,False,False,False,nan,nan,nan
v3_sc2_staging_13,L3,4,2,2.0,False,False,False,nan,nan,nan
v3_sc2_staging_13,L3,4,3,2.0,False,False,False,nan,nan,nan
v3_sc2_staging_13,L3,4,4,2.0,True,False,False,3.120710678118655,3.5929817981515626,7.158492018667904
v3_sc2_staging_13,L3,4,5,2.0,False,False,False,nan,nan,nan
v3_sc2_staging_13,L3,4,6,2.0,False,False,False,nan,nan,nan
v3_sc2_staging_13,L3,4,7,2.0,True,False,False,4.361269837220809,2.1,4.7554733373883655
v3_sc2_staging_13,L3,4,8,2.0,True,False,False,3.7935028842544405,3.617341375208036,6.4765679241300305
v3_sc2_staging_13,L3,4,9,2.0,False,False,False,nan,nan,nan
v3_sc2_staging_13,L3,4,10,2.0,True,False,False,5.972792206135786,2.4000000000000004,6.297977640445723
v3_sc2_staging_13,L3,4,11,2.0,True,False,False,6.721320343559643,2.8841542518035435,6.7460333976597155
v3_sc2_staging_13,L3,4,12,2.0,False,False,False,nan,nan,nan
v3_sc2_staging_13,L3,4,13,2.0,False,False,False,nan,nan,nan
v3_sc2_staging_13,L3,4,14,2.0,False,False,False,nan,nan,nan
v3_sc2_staging_13,L3,4,15,2.0,True,False,False,3.7370057685088804,2.4090376415577714,5.0346634947393145
v3_sc2_staging_13,L3,4,16,2.0,False,False,False,nan,nan,nan
v3_sc2_staging_13,L3,4,17,2.0,True,False,False,4.8491378028648455,2.0709920264364885,4.424428900898053
v3_sc2_staging_13,L3,4,18,2.0,True,False,False,3.4071067811865476,2.621698255757593,6.05133574166368
v3_sc2_staging_13,L3,4,19,2.0,False,False,False,nan,nan,nan
v3_sc2_staging_13,L4,0,0,0.0,True,False,False,6.619238815542513,2.1767517628648347,6.475851202541522
v3_sc2_staging_13,L4,0,1,0.0,True,False,False,4.107716446627536,1.593442141545832,4.972202481633881
v3_sc2_staging_13,L4,0,2,0.0,True,False,False,3.4870057685088796,0.9916433890176299,3.9634627812943624
v3_sc2_staging_13,L4,0,3,0.0,True,False,False,7.671320343559643,1.7588713996153036,5.574948559452994
v3_sc2_staging_13,L4,0,4,0.0,True,False,False,3.45208152801713,3.123534186398688,7.035582260184014
v3_sc2_staging_13,L4,0,5,0.0,False,False,False,nan,nan,nan
v3_sc2_staging_13,L4,0,6,0.0,False,False,False,nan,nan,nan
v3_sc2_staging_13,L4,0,7,0.0,True,False,False,5.256244584051394,1.7147234590350102,4.746189093046495
v3_sc2_staging_13,L4,0,8,0.0,True,False,False,4.347056274847714,3.369431482789171,6.378408246098802
v3_sc2_staging_13,L4,0,9,0.0,False,False,False,nan,nan,nan
v3_sc2_staging_13,L4,0,10,0.0,True,False,False,6.448528137423857,2.3692333470807148,6.418092222571191
v3_sc2_staging_13,L4,0,11,0.0,True,False,False,7.400609665440988,2.804920573932148,6.687663041629039
v3_sc2_staging_13,L4,0,12,0.0,True,False,False,7.483452377915608,1.5359273071502333,5.4103722387003685
v3_sc2_staging_13,L4,0,13,0.0,False,False,False,nan,nan,nan
v3_sc2_staging_13,L4,0,14,0.0,True,False,False,3.689949493661167,1.6540659228538015,5.707455195166535
v3_sc2_staging_13,L4,0,15,0.0,False,False,False,nan,nan,nan
v3_sc2_staging_13,L4,0,16,0.0,False,False,False,nan,nan,nan
v3_sc2_staging_13,L4,0,17,0.0,True,False,False,5.118376618407358,1.6982947936980608,4.387228253314961
v3_sc2_staging_13,L4,0,18,0.0,True,False,False,3.4071067811865476,2.4415132160165456,6.133626459185051
v3_sc2_staging_13,L4,0,19,0.0,True,False,False,2.8284271247461903,0.9212670403551897,4.442924235713107
v3_sc2_staging_13,L4,0,0,0.1,True,False,False,6.619238815542513,2.1767517628648347,6.475851202541522
v3_sc2_staging_13,L4,0,1,0.1,True,False,False,4.107716446627536,1.593442141545832,4.972202481633881
v3_sc2_staging_13,L4,0,2,0.1,True,False,False,3.4870057685088796,0.9916433890176299,3.9634627812943624
v3_sc2_staging_13,L4,0,3,0.1,True,False,False,7.671320343559643,1.7588713996153036,5.574948559452994
v3_sc2_staging_13,L4,0,4,0.1,True,False,False,3.45208152801713,3.123534186398688,7.035582260184014
v3_sc2_staging_13,L4,0,5,0.1,False,False,False,nan,nan,nan
v3_sc2_staging_13,L4,0,6,0.1,False,False,False,nan,nan,nan
v3_sc2_staging_13,L4,0,7,0.1,True,False,False,5.256244584051394,1.7147234590350102,4.746189093046495
v3_sc2_staging_13,L4,0,8,0.1,True,False,False,4.347056274847714,3.369431482789171,6.378408246098802
v3_sc2_staging_13,L4,0,9,0.1,False,False,False,nan,nan,nan
v3_sc2_staging_13,L4,0,10,0.1,True,False,False,6.448528137423857,2.3692333470807148,6.418092222571191
v3_sc2_staging_13,L4,0,11,0.1,True,False,False,7.400609665440988,2.804920573932148,6.687663041629039
v3_sc2_staging_13,L4,0,12,0.1,True,False,False,7.483452377915608,1.5359273071502333,5.4103722387003685
v3_sc2_staging_13,L4,0,13,0.1,False,False,False,nan,nan,nan
v3_sc2_staging_13,L4,0,14,0.1,True,False,False,3.689949493661167,1.6540659228538015,5.707455195166535
v3_sc2_staging_13,L4,0,15,0.1,False,False,False,nan,nan,nan
v3_sc2_staging_13,L4,0,16,0.1,False,False,False,nan,nan,nan
v3_sc2_staging_13,L4,0,17,0.1,True,False,False,5.118376618407358,1.6982947936980608,4.387228253314961
v3_sc2_staging_13,L4,0,18,0.1,True,False,False,3.4071067811865476,2.4415132160165456,6.133626459185051
v3_sc2_staging_13,L4,0,19,0.1,True,False,False,2.8284271247461903,0.9212670403551897,4.442924235713107
v3_sc2_staging_13,L4,0,0,0.2,True,False,False,6.619238815542513,2.1767517628648347,6.475851202541522
v3_sc2_staging_13,L4,0,1,0.2,True,False,False,4.107716446627536,1.593442141545832,4.972202481633881
v3_sc2_staging_13,L4,0,2,0.2,True,False,False,3.4870057685088796,0.9916433890176299,3.9634627812943624
v3_sc2_staging_13,L4,0,3,0.2,True,False,False,7.671320343559643,1.7588713996153036,5.574948559452994
v3_sc2_staging_13,L4,0,4,0.2,True,False,False,3.45208152801713,3.123534186398688,7.035582260184014
v3_sc2_staging_13,L4,0,5,0.2,False,False,False,nan,nan,nan
v3_sc2_staging_13,L4,0,6,0.2,False,False,False,nan,nan,nan
v3_sc2_staging_13,L4,0,7,0.2,True,False,False,5.256244584051394,1.7147234590350102,4.746189093046495
v3_sc2_staging_13,L4,0,8,0.2,True,False,False,4.347056274847714,3.369431482789171,6.378408246098802
v3_sc2_staging_13,L4,0,9,0.2,False,False,False,nan,nan,nan
v3_sc2_staging_13,L4,0,10,0.2,True,False,False,6.448528137423857,2.3692333470807148,6.418092222571191
v3_sc2_staging_13,L4,0,11,0.2,True,False,False,7.400609665440988,2.804920573932148,6.687663041629039
v3_sc2_staging_13,L4,0,12,0.2,True,False,False,7.483452377915608,1.5359273071502333,5.4103722387003685
v3_sc2_staging_13,L4,0,13,0.2,False,False,False,nan,nan,nan
v3_sc2_staging_13,L4,0,14,0.2,True,False,False,3.689949493661167,1.6540659228538015,5.707455195166535
v3_sc2_staging_13,L4,0,15,0.2,False,False,False,nan,nan,nan
v3_sc2_staging_13,L4,0,16,0.2,False,False,False,nan,nan,nan
v3_sc2_staging_13,L4,0,17,0.2,True,False,False,5.118376618407358,1.6982947936980608,4.387228253314961
v3_sc2_staging_13,L4,0,18,0.2,True,False,False,3.4071067811865476,2.4415132160165456,6.133626459185051
v3_sc2_staging_13,L4,0,19,0.2,True,False,False,2.8284271247461903,0.9212670403551897,4.442924235713107
v3_sc2_staging_13,L4,0,0,0.3,True,False,False,6.619238815542513,2.1767517628648347,6.475851202541522
v3_sc2_staging_13,L4,0,1,0.3,True,False,False,4.107716446627536,1.593442141545832,4.972202481633881
v3_sc2_staging_13,L4,0,2,0.3,True,False,False,3.4870057685088796,0.9916433890176299,3.9634627812943624
v3_sc2_staging_13,L4,0,3,0.3,True,False,False,7.671320343559643,1.7588713996153036,5.574948559452994
v3_sc2_staging_13,L4,0,4,0.3,True,False,False,3.45208152801713,3.123534186398688,7.035582260184014
v3_sc2_staging_13,L4,0,5,0.3,False,False,False,nan,nan,nan
v3_sc2_staging_13,L4,0,6,0.3,False,False,False,nan,nan,nan
v3_sc2_staging_13,L4,0,7,0.3,True,False,False,5.256244584051394,1.7147234590350102,4.746189093046495
v3_sc2_staging_13,L4,0,8,0.3,True,False,False,4.347056274847714,3.369431482789171,6.378408246098802
v3_sc2_staging_13,L4,0,9,0.3,False,False,False,nan,nan,nan
v3_sc2_staging_13,L4,0,10,0.3,True,False,False,6.448528137423857,2.3692333470807148,6.418092222571191
v3_sc2_staging_13,L4,0,11,0.3,True,False,False,7.400609665440988,2.804920573932148,6.687663041629039
v3_sc2_staging_13,L4,0,12,0.3,True,False,False,7.483452377915608,1.5359273071502333,5.4103722387003685
v3_sc2_staging_13,L4,0,13,0.3,False,False,False,nan,nan,nan
v3_sc2_staging_13,L4,0,14,0.3,True,False,False,3.689949493661167,1.6540659228538015,5.707455195166535
v3_sc2_staging_13,L4,0,15,0.3,False,False,False,nan,nan,nan
v3_sc2_staging_13,L4,0,16,0.3,False,False,False,nan,nan,nan
v3_sc2_staging_13,L4,0,17,0.3,True,False,False,5.118376618407358,1.6982947936980608,4.387228253314961
v3_sc2_staging_13,L4,0,18,0.3,True,False,False,3.4071067811865476,2.4415132160165456,6.133626459185051
v3_sc2_staging_13,L4,0,19,0.3,True,False,False,2.8284271247461903,0.9212670403551897,4.442924235713107
v3_sc2_staging_13,L4,0,0,0.4,True,False,False,6.619238815542513,2.1767517628648347,6.475851202541522
v3_sc2_staging_13,L4,0,1,0.4,True,False,False,4.107716446627536,1.593442141545832,4.972202481633881
v3_sc2_staging_13,L4,0,2,0.4,True,False,False,3.4870057685088796,0.9916433890176299,3.9634627812943624
v3_sc2_staging_13,L4,0,3,0.4,True,False,False,7.671320343559643,1.7588713996153036,5.574948559452994
v3_sc2_staging_13,L4,0,4,0.4,True,False,False,3.45208152801713,3.123534186398688,7.035582260184014
v3_sc2_staging_13,L4,0,5,0.4,False,False,False,nan,nan,nan
v3_sc2_staging_13,L4,0,6,0.4,False,False,False,nan,nan,nan
v3_sc2_staging_13,L4,0,7,0.4,True,False,False,5.256244584051394,1.7147234590350102,4.746189093046495
v3_sc2_staging_13,L4,0,8,0.4,True,False,False,4.347056274847714,3.369431482789171,6.378408246098802
v3_sc2_staging_13,L4,0,9,0.4,False,False,False,nan,nan,nan
v3_sc2_staging_13,L4,0,10,0.4,True,False,False,6.448528137423857,2.3692333470807148,6.418092222571191
v3_sc2_staging_13,L4,0,11,0.4,True,False,False,7.400609665440988,2.804920573932148,6.687663041629039
v3_sc2_staging_13,L4,0,12,0.4,True,False,False,7.483452377915608,1.5359273071502333,5.4103722387003685
v3_sc2_staging_13,L4,0,13,0.4,False,False,False,nan,nan,nan
v3_sc2_staging_13,L4,0,14,0.4,True,False,False,3.689949493661167,1.6540659228538015,5.707455195166535
v3_sc2_staging_13,L4,0,15,0.4,False,False,False,nan,nan,nan
v3_sc2_staging_13,L4,0,16,0.4,False,False,False,nan,nan,nan
v3_sc2_staging_13,L4,0,17,0.4,True,False,False,5.118376618407358,1.6982947936980608,4.387228253314961
v3_sc2_staging_13,L4,0,18,0.4,True,False,False,3.4071067811865476,2.4415132160165456,6.133626459185051
v3_sc2_staging_13,L4,0,19,0.4,True,False,False,2.8284271247461903,0.9212670403551897,4.442924235713107
v3_sc2_staging_13,L4,0,0,0.5,True,False,False,6.619238815542513,2.1767517628648347,6.475851202541522
v3_sc2_staging_13,L4,0,1,0.5,True,False,False,4.107716446627536,1.593442141545832,4.972202481633881
v3_sc2_staging_13,L4,0,2,0.5,True,False,False,3.4870057685088796,0.9916433890176299,3.9634627812943624
v3_sc2_staging_13,L4,0,3,0.5,True,False,False,7.671320343559643,1.7588713996153036,5.574948559452994
v3_sc2_staging_13,L4,0,4,0.5,True,False,False,3.45208152801713,3.123534186398688,7.035582260184014
v3_sc2_staging_13,L4,0,5,0.5,False,False,False,nan,nan,nan
v3_sc2_staging_13,L4,0,6,0.5,False,False,False,nan,nan,nan
v3_sc2_staging_13,L4,0,7,0.5,True,False,False,5.256244584051394,1.7147234590350102,4.746189093046495
v3_sc2_staging_13,L4,0,8,0.5,True,False,False,4.347056274847714,3.369431482789171,6.378408246098802
v3_sc2_staging_13,L4,0,9,0.5,False,False,False,nan,nan,nan
v3_sc2_staging_13,L4,0,10,0.5,True,False,False,6.448528137423857,2.3692333470807148,6.418092222571191
v3_sc2_staging_13,L4,0,11,0.5,True,False,False,7.400609665440988,2.804920573932148,6.687663041629039
v3_sc2_staging_13,L4,0,12,0.5,True,False,False,7.483452377915608,1.5359273071502333,5.4103722387003685
v3_sc2_staging_13,L4,0,13,0.5,False,False,False,nan,nan,nan
v3_sc2_staging_13,L4,0,14,0.5,True,False,False,3.689949493661167,1.6540659228538015,5.707455195166535
v3_sc2_staging_13,L4,0,15,0.5,False,False,False,nan,nan,nan
v3_sc2_staging_13,L4,0,16,0.5,False,False,False,nan,nan,nan
v3_sc2_staging_13,L4,0,17,0.5,True,False,False,5.118376618407358,1.6982947936980608,4.387228253314961
v3_sc2_staging_13,L4,0,18,0.5,True,False,False,3.4071067811865476,2.4415132160165456,6.133626459185051
v3_sc2_staging_13,L4,0,19,0.5,True,False,False,2.8284271247461903,0.9212670403551897,4.442924235713107
v3_sc2_staging_13,L4,0,0,0.6,True,False,False,6.619238815542513,2.1767517628648347,6.475851202541522
v3_sc2_staging_13,L4,0,1,0.6,True,False,False,4.107716446627536,1.593442141545832,4.972202481633881
v3_sc2_staging_13,L4,0,2,0.6,True,False,False,3.4870057685088796,0.9916433890176299,3.9634627812943624
v3_sc2_staging_13,L4,0,3,0.6,True,False,False,7.671320343559643,1.7588713996153036,5.574948559452994
v3_sc2_staging_13,L4,0,4,0.6,True,False,False,3.45208152801713,3.123534186398688,7.035582260184014
v3_sc2_staging_13,L4,0,5,0.6,False,False,False,nan,nan,nan
v3_sc2_staging_13,L4,0,6,0.6,False,False,False,nan,nan,nan
v3_sc2_staging_13,L4,0,7,0.6,True,False,False,5.256244584051394,1.7147234590350102,4.746189093046495
v3_sc2_staging_13,L4,0,8,0.6,True,False,False,4.347056274847714,3.369431482789171,6.378408246098802
v3_sc2_staging_13,L4,0,9,0.6,False,False,False,nan,nan,nan
v3_sc2_staging_13,L4,0,10,0.6,True,False,False,6.448528137423857,2.3692333470807148,6.418092222571191
v3_sc2_staging_13,L4,0,11,0.6,True,False,False,7.400609665440988,2.804920573932148,6.687663041629039
v3_sc2_staging_13,L4,0,12,0.6,True,False,False,7.483452377915608,1.5359273071502333,5.4103722387003685
v3_sc2_staging_13,L4,0,13,0.6,False,False,False,nan,nan,nan
v3_sc2_staging_13,L4,0,14,0.6,True,False,False,3.689949493661167,1.6540659228538015,5.707455195166535
v3_sc2_staging_13,L4,0,15,0.6,False,False,False,nan,nan,nan
v3_sc2_staging_13,L4,0,16,0.6,False,False,False,nan,nan,nan
v3_sc2_staging_13,L4,0,17,0.6,True,False,False,5.118376618407358,1.6982947936980608,4.387228253314961
v3_sc2_staging_13,L4,0,18,0.6,True,False,False,3.4071067811865476,2.4415132160165456,6.133626459185051
v3_sc2_staging_13,L4,0,19,0.6,True,False,False,2.8284271247461903,0.9212670403551897,4.442924235713107
v3_sc2_staging_13,L4,0,0,0.8,True,False,False,6.619238815542513,2.1767517628648347,6.475851202541522
v3_sc2_staging_13,L4,0,1,0.8,True,False,False,4.107716446627536,1.593442141545832,4.972202481633881
v3_sc2_staging_13,L4,0,2,0.8,True,False,False,3.4870057685088796,0.9916433890176299,3.9634627812943624
v3_sc2_staging_13,L4,0,3,0.8,True,False,False,7.671320343559643,1.7588713996153036,5.574948559452994
v3_sc2_staging_13,L4,0,4,0.8,True,False,False,3.45208152801713,3.123534186398688,7.035582260184014
v3_sc2_staging_13,L4,0,5,0.8,False,False,False,nan,nan,nan
v3_sc2_staging_13,L4,0,6,0.8,False,False,False,nan,nan,nan
v3_sc2_staging_13,L4,0,7,0.8,True,False,False,5.256244584051394,1.7147234590350102,4.746189093046495
v3_sc2_staging_13,L4,0,8,0.8,True,False,False,4.347056274847714,3.369431482789171,6.378408246098802
v3_sc2_staging_13,L4,0,9,0.8,False,False,False,nan,nan,nan
v3_sc2_staging_13,L4,0,10,0.8,True,False,False,6.448528137423857,2.3692333470807148,6.418092222571191
v3_sc2_staging_13,L4,0,11,0.8,True,False,False,7.400609665440988,2.804920573932148,6.687663041629039
v3_sc2_staging_13,L4,0,12,0.8,True,False,False,7.483452377915608,1.5359273071502333,5.4103722387003685
v3_sc2_staging_13,L4,0,13,0.8,False,False,False,nan,nan,nan
v3_sc2_staging_13,L4,0,14,0.8,True,False,False,3.689949493661167,1.6540659228538015,5.707455195166535
v3_sc2_staging_13,L4,0,15,0.8,False,False,False,nan,nan,nan
v3_sc2_staging_13,L4,0,16,0.8,False,False,False,nan,nan,nan
v3_sc2_staging_13,L4,0,17,0.8,True,False,False,5.118376618407358,1.6982947936980608,4.387228253314961
v3_sc2_staging_13,L4,0,18,0.8,True,False,False,3.4071067811865476,2.4415132160165456,6.133626459185051
v3_sc2_staging_13,L4,0,19,0.8,True,False,False,2.8284271247461903,0.9212670403551897,4.442924235713107
v3_sc2_staging_13,L4,0,0,1.0,True,False,False,6.619238815542513,2.1767517628648347,6.475851202541522
v3_sc2_staging_13,L4,0,1,1.0,True,False,False,4.107716446627536,1.593442141545832,4.972202481633881
v3_sc2_staging_13,L4,0,2,1.0,False,False,False,nan,nan,nan
v3_sc2_staging_13,L4,0,3,1.0,True,False,False,7.671320343559643,1.7588713996153036,5.574948559452994
v3_sc2_staging_13,L4,0,4,1.0,True,False,False,3.45208152801713,3.123534186398688,7.035582260184014
v3_sc2_staging_13,L4,0,5,1.0,False,False,False,nan,nan,nan
v3_sc2_staging_13,L4,0,6,1.0,False,False,False,nan,nan,nan
v3_sc2_staging_13,L4,0,7,1.0,True,False,False,5.256244584051394,1.7147234590350102,4.746189093046495
v3_sc2_staging_13,L4,0,8,1.0,True,False,False,4.347056274847714,3.369431482789171,6.378408246098802
v3_sc2_staging_13,L4,0,9,1.0,False,False,False,nan,nan,nan
v3_sc2_staging_13,L4,0,10,1.0,True,False,False,6.448528137423857,2.3692333470807148,6.418092222571191
v3_sc2_staging_13,L4,0,11,1.0,True,False,False,7.400609665440988,2.804920573932148,6.687663041629039
v3_sc2_staging_13,L4,0,12,1.0,True,False,False,7.483452377915608,1.5359273071502333,5.4103722387003685
v3_sc2_staging_13,L4,0,13,1.0,False,False,False,nan,nan,nan
v3_sc2_staging_13,L4,0,14,1.0,True,False,False,3.689949493661167,1.6540659228538015,5.707455195166535
v3_sc2_staging_13,L4,0,15,1.0,False,False,False,nan,nan,nan
v3_sc2_staging_13,L4,0,16,1.0,False,False,False,nan,nan,nan
v3_sc2_staging_13,L4,0,17,1.0,True,False,False,5.118376618407358,1.6982947936980608,4.387228253314961
v3_sc2_staging_13,L4,0,18,1.0,True,False,False,3.4071067811865476,2.4415132160165456,6.133626459185051
v3_sc2_staging_13,L4,0,19,1.0,False,False,False,nan,nan,nan
v3_sc2_staging_13,L4,0,0,1.25,True,False,False,6.619238815542513,2.1767517628648347,6.475851202541522
v3_sc2_staging_13,L4,0,1,1.25,True,False,False,4.107716446627536,1.593442141545832,4.972202481633881
v3_sc2_staging_13,L4,0,2,1.25,False,False,False,nan,nan,nan
v3_sc2_staging_13,L4,0,3,1.25,True,False,False,7.671320343559643,1.7588713996153036,5.574948559452994
v3_sc2_staging_13,L4,0,4,1.25,True,False,False,3.45208152801713,3.123534186398688,7.035582260184014
v3_sc2_staging_13,L4,0,5,1.25,False,False,False,nan,nan,nan
v3_sc2_staging_13,L4,0,6,1.25,False,False,False,nan,nan,nan
v3_sc2_staging_13,L4,0,7,1.25,True,False,False,5.256244584051394,1.7147234590350102,4.746189093046495
v3_sc2_staging_13,L4,0,8,1.25,True,False,False,4.347056274847714,3.369431482789171,6.378408246098802
v3_sc2_staging_13,L4,0,9,1.25,False,False,False,nan,nan,nan
v3_sc2_staging_13,L4,0,10,1.25,True,False,False,6.448528137423857,2.3692333470807148,6.418092222571191
v3_sc2_staging_13,L4,0,11,1.25,True,False,False,7.400609665440988,2.804920573932148,6.687663041629039
v3_sc2_staging_13,L4,0,12,1.25,True,False,False,7.483452377915608,1.5359273071502333,5.4103722387003685
v3_sc2_staging_13,L4,0,13,1.25,False,False,False,nan,nan,nan
v3_sc2_staging_13,L4,0,14,1.25,True,False,False,3.689949493661167,1.6540659228538015,5.707455195166535
v3_sc2_staging_13,L4,0,15,1.25,False,False,False,nan,nan,nan
v3_sc2_staging_13,L4,0,16,1.25,False,False,False,nan,nan,nan
v3_sc2_staging_13,L4,0,17,1.25,True,False,False,5.118376618407358,1.6982947936980608,4.387228253314961
v3_sc2_staging_13,L4,0,18,1.25,True,False,False,3.4071067811865476,2.4415132160165456,6.133626459185051
v3_sc2_staging_13,L4,0,19,1.25,False,False,False,nan,nan,nan
v3_sc2_staging_13,L4,0,0,1.5,True,False,False,6.619238815542513,2.1767517628648347,6.475851202541522
v3_sc2_staging_13,L4,0,1,1.5,True,False,False,4.107716446627536,1.593442141545832,4.972202481633881
v3_sc2_staging_13,L4,0,2,1.5,False,False,False,nan,nan,nan
v3_sc2_staging_13,L4,0,3,1.5,True,False,False,7.671320343559643,1.7588713996153036,5.574948559452994
v3_sc2_staging_13,L4,0,4,1.5,True,False,False,3.45208152801713,3.123534186398688,7.035582260184014
v3_sc2_staging_13,L4,0,5,1.5,False,False,False,nan,nan,nan
v3_sc2_staging_13,L4,0,6,1.5,False,False,False,nan,nan,nan
v3_sc2_staging_13,L4,0,7,1.5,True,False,False,5.256244584051394,1.7147234590350102,4.746189093046495
v3_sc2_staging_13,L4,0,8,1.5,True,False,False,4.347056274847714,3.369431482789171,6.378408246098802
v3_sc2_staging_13,L4,0,9,1.5,False,False,False,nan,nan,nan
v3_sc2_staging_13,L4,0,10,1.5,True,False,False,6.448528137423857,2.3692333470807148,6.418092222571191
v3_sc2_staging_13,L4,0,11,1.5,True,False,False,7.400609665440988,2.804920573932148,6.687663041629039
v3_sc2_staging_13,L4,0,12,1.5,True,False,False,7.483452377915608,1.5359273071502333,5.4103722387003685
v3_sc2_staging_13,L4,0,13,1.5,False,False,False,nan,nan,nan
v3_sc2_staging_13,L4,0,14,1.5,True,False,False,3.689949493661167,1.6540659228538015,5.707455195166535
v3_sc2_staging_13,L4,0,15,1.5,False,False,False,nan,nan,nan
v3_sc2_staging_13,L4,0,16,1.5,False,False,False,nan,nan,nan
v3_sc2_staging_13,L4,0,17,1.5,True,False,False,5.118376618407358,1.6982947936980608,4.387228253314961
v3_sc2_staging_13,L4,0,18,1.5,True,False,False,3.4071067811865476,2.4415132160165456,6.133626459185051
v3_sc2_staging_13,L4,0,19,1.5,False,False,False,nan,nan,nan
v3_sc2_staging_13,L4,0,0,2.0,True,False,False,6.619238815542513,2.1767517628648347,6.475851202541522
v3_sc2_staging_13,L4,0,1,2.0,False,False,False,nan,nan,nan
v3_sc2_staging_13,L4,0,2,2.0,False,False,False,nan,nan,nan
v3_sc2_staging_13,L4,0,3,2.0,False,False,False,nan,nan,nan
v3_sc2_staging_13,L4,0,4,2.0,True,False,False,3.45208152801713,3.123534186398688,7.035582260184014
v3_sc2_staging_13,L4,0,5,2.0,False,False,False,nan,nan,nan
v3_sc2_staging_13,L4,0,6,2.0,False,False,False,nan,nan,nan
v3_sc2_staging_13,L4,0,7,2.0,False,False,False,nan,nan,nan
v3_sc2_staging_13,L4,0,8,2.0,True,False,False,4.347056274847714,3.369431482789171,6.378408246098802
v3_sc2_staging_13,L4,0,9,2.0,False,False,False,nan,nan,nan
v3_sc2_staging_13,L4,0,10,2.0,True,False,False,6.448528137423857,2.3692333470807148,6.418092222571191
v3_sc2_staging_13,L4,0,11,2.0,True,False,False,7.400609665440988,2.804920573932148,6.687663041629039
v3_sc2_staging_13,L4,0,12,2.0,False,False,False,nan,nan,nan
v3_sc2_staging_13,L4,0,13,2.0,False,False,False,nan,nan,nan
v3_sc2_staging_13,L4,0,14,2.0,False,False,False,nan,nan,nan
v3_sc2_staging_13,L4,0,15,2.0,False,False,False,nan,nan,nan
v3_sc2_staging_13,L4,0,16,2.0,False,False,False,nan,nan,nan
v3_sc2_staging_13,L4,0,17,2.0,False,False,False,nan,nan,nan
v3_sc2_staging_13,L4,0,18,2.0,True,False,False,3.4071067811865476,2.4415132160165456,6.133626459185051
v3_sc2_staging_13,L4,0,19,2.0,False,False,False,nan,nan,nan
v3_sc2_staging_13,L4,1,0,0.0,True,False,True,5.5435028842544405,2.0553864678361276,5.967031776634471
v3_sc2_staging_13,L4,1,1,0.0,True,False,False,3.649137802864845,1.8926972228010799,4.6000000000000005
v3_sc2_staging_13,L4,1,2,0.0,False,False,False,nan,nan,nan
v3_sc2_staging_13,L4,1,3,0.0,False,False,False,nan,nan,nan
v3_sc2_staging_13,L4,1,4,0.0,False,False,False,nan,nan,nan
v3_sc2_staging_13,L4,1,5,0.0,False,False,False,nan,nan,nan
v3_sc2_staging_13,L4,1,6,0.0,True,False,True,4.340559159102154,1.3681541692269406,4.411720676097126
v3_sc2_staging_13,L4,1,7,0.0,True,False,True,3.9526911934581186,2.204163456597992,4.5172203459684726
v3_sc2_staging_13,L4,1,8,0.0,True,False,False,3.8420310216782982,3.8011626335213142,6.2424031324150295
v3_sc2_staging_13,L4,1,9,0.0,False,False,False,nan,nan,nan
v3_sc2_staging_13,L4,1,10,0.0,True,False,True,5.6177669529663685,2.3182441342083906,5.990377492873584
v3_sc2_staging_13,L4,1,11,0.0,True,False,True,7.464823227814083,2.5923292192132457,6.374045388270287
v3_sc2_staging_13,L4,1,12,0.0,True,False,True,6.935533905932741,1.5112185361118766,4.969232121605373
v3_sc2_staging_13,L4,1,13,0.0,False,False,False,nan,nan,nan
v3_sc2_staging_13,L4,1,14,0.0,False,False,False,nan,nan,nan
v3_sc2_staging_13,L4,1,15,0.0,True,False,True,3.623401871576773,2.4652150006365474,4.773755777432247
v3_sc2_staging_13,L4,1,16,0.0,True,False,True,4.877817459305202,1.3200274723201297,5.860031446463139
v3_sc2_staging_13,L4,1,17,0.0,False,False,False,nan,nan,nan
v3_sc2_staging_13,L4,1,18,0.0,True,False,False,3.2,2.482029510249689,5.769968101992227
v3_sc2_staging_13,L4,1,19,0.0,True,False,False,2.954163056034261,1.3527007313648907,4.064263357870578
v3_sc2_staging_13,L4,1,0,0.1,True,False,True,5.5435028842544405,2.0553864678361276,5.967031776634471
v3_sc2_staging_13,L4,1,1,0.1,True,False,False,3.649137802864845,1.8926972228010799,4.6000000000000005
v3_sc2_staging_13,L4,1,2,0.1,False,False,False,nan,nan,nan
v3_sc2_staging_13,L4,1,3,0.1,False,False,False,nan,nan,nan
v3_sc2_staging_13,L4,1,4,0.1,False,False,False,nan,nan,nan
v3_sc2_staging_13,L4,1,5,0.1,False,False,False,nan,nan,nan
v3_sc2_staging_13,L4,1,6,0.1,True,False,True,4.340559159102154,1.3681541692269406,4.411720676097126
v3_sc2_staging_13,L4,1,7,0.1,True,False,True,3.9526911934581186,2.204163456597992,4.5172203459684726
v3_sc2_staging_13,L4,1,8,0.1,True,False,False,3.8420310216782982,3.8011626335213142,6.2424031324150295
v3_sc2_staging_13,L4,1,9,0.1,False,False,False,nan,nan,nan
v3_sc2_staging_13,L4,1,10,0.1,True,False,True,5.6177669529663685,2.3182441342083906,5.990377492873584
v3_sc2_staging_13,L4,1,11,0.1,True,False,True,7.464823227814083,2.5923292192132457,6.374045388270287
v3_sc2_staging_13,L4,1,12,0.1,True,False,True,6.935533905932741,1.5112185361118766,4.969232121605373
v3_sc2_staging_13,L4,1,13,0.1,False,False,False,nan,nan,nan
v3_sc2_staging_13,L4,1,14,0.1,False,False,False,nan,nan,nan
v3_sc2_staging_13,L4,1,15,0.1,True,False,True,3.623401871576773,2.4652150006365474,4.773755777432247
v3_sc2_staging_13,L4,1,16,0.1,True,False,True,4.877817459305202,1.3200274723201297,5.860031446463139
v3_sc2_staging_13,L4,1,17,0.1,False,False,False,nan,nan,nan
v3_sc2_staging_13,L4,1,18,0.1,True,False,False,3.2,2.482029510249689,5.769968101992227
v3_sc2_staging_13,L4,1,19,0.1,True,False,False,2.954163056034261,1.3527007313648907,4.064263357870578
v3_sc2_staging_13,L4,1,0,0.2,True,False,True,5.5435028842544405,2.0553864678361276,5.967031776634471
v3_sc2_staging_13,L4,1,1,0.2,True,False,False,3.649137802864845,1.8926972228010799,4.6000000000000005
v3_sc2_staging_13,L4,1,2,0.2,False,False,False,nan,nan,nan
v3_sc2_staging_13,L4,1,3,0.2,False,False,False,nan,nan,nan
v3_sc2_staging_13,L4,1,4,0.2,False,False,False,nan,nan,nan
v3_sc2_staging_13,L4,1,5,0.2,False,False,False,nan,nan,nan
v3_sc2_staging_13,L4,1,6,0.2,True,False,True,4.340559159102154,1.3681541692269406,4.411720676097126
v3_sc2_staging_13,L4,1,7,0.2,True,False,True,3.9526911934581186,2.204163456597992,4.5172203459684726
v3_sc2_staging_13,L4,1,8,0.2,True,False,False,3.8420310216782982,3.8011626335213142,6.2424031324150295
v3_sc2_staging_13,L4,1,9,0.2,False,False,False,nan,nan,nan
v3_sc2_staging_13,L4,1,10,0.2,True,False,True,5.6177669529663685,2.3182441342083906,5.990377492873584
v3_sc2_staging_13,L4,1,11,0.2,True,False,True,7.464823227814083,2.5923292192132457,6.374045388270287
v3_sc2_staging_13,L4,1,12,0.2,True,False,True,6.935533905932741,1.5112185361118766,4.969232121605373
v3_sc2_staging_13,L4,1,13,0.2,False,False,False,nan,nan,nan
v3_sc2_staging_13,L4,1,14,0.2,False,False,False,nan,nan,nan
v3_sc2_staging_13,L4,1,15,0.2,True,False,True,3.623401871576773,2.4652150006365474,4.773755777432247
v3_sc2_staging_13,L4,1,16,0.2,True,False,True,4.877817459305202,1.3200274723201297,5.860031446463139
v3_sc2_staging_13,L4,1,17,0.2,False,False,False,nan,nan,nan
v3_sc2_staging_13,L4,1,18,0.2,True,False,False,3.2,2.482029510249689,5.769968101992227
v3_sc2_staging_13,L4,1,19,0.2,True,False,False,2.954163056034261,1.3527007313648907,4.064263357870578
v3_sc2_staging_13,L4,1,0,0.3,True,False,True,5.5435028842544405,2.0553864678361276,5.967031776634471
v3_sc2_staging_13,L4,1,1,0.3,True,False,False,3.649137802864845,1.8926972228010799,4.6000000000000005
v3_sc2_staging_13,L4,1,2,0.3,False,False,False,nan,nan,nan
v3_sc2_staging_13,L4,1,3,0.3,False,False,False,nan,nan,nan
v3_sc2_staging_13,L4,1,4,0.3,False,False,False,nan,nan,nan
v3_sc2_staging_13,L4,1,5,0.3,False,False,False,nan,nan,nan
v3_sc2_staging_13,L4,1,6,0.3,True,False,True,4.340559159102154,1.3681541692269406,4.411720676097126
v3_sc2_staging_13,L4,1,7,0.3,True,False,True,3.9526911934581186,2.204163456597992,4.5172203459684726
v3_sc2_staging_13,L4,1,8,0.3,True,False,False,3.8420310216782982,3.8011626335213142,6.2424031324150295
v3_sc2_staging_13,L4,1,9,0.3,False,False,False,nan,nan,nan
v3_sc2_staging_13,L4,1,10,0.3,True,False,True,5.6177669529663685,2.3182441342083906,5.990377492873584
v3_sc2_staging_13,L4,1,11,0.3,True,False,True,7.464823227814083,2.5923292192132457,6.374045388270287
v3_sc2_staging_13,L4,1,12,0.3,True,False,True,6.935533905932741,1.5112185361118766,4.969232121605373
v3_sc2_staging_13,L4,1,13,0.3,False,False,False,nan,nan,nan
v3_sc2_staging_13,L4,1,14,0.3,False,False,False,nan,nan,nan
v3_sc2_staging_13,L4,1,15,0.3,True,False,True,3.623401871576773,2.4652150006365474,4.773755777432247
v3_sc2_staging_13,L4,1,16,0.3,True,False,True,4.877817459305202,1.3200274723201297,5.860031446463139
v3_sc2_staging_13,L4,1,17,0.3,False,False,False,nan,nan,nan
v3_sc2_staging_13,L4,1,18,0.3,True,False,False,3.2,2.482029510249689,5.769968101992227
v3_sc2_staging_13,L4,1,19,0.3,True,False,False,2.954163056034261,1.3527007313648907,4.064263357870578
v3_sc2_staging_13,L4,1,0,0.4,True,False,True,5.5435028842544405,2.0553864678361276,5.967031776634471
v3_sc2_staging_13,L4,1,1,0.4,True,False,False,3.649137802864845,1.8926972228010799,4.6000000000000005
v3_sc2_staging_13,L4,1,2,0.4,False,False,False,nan,nan,nan
v3_sc2_staging_13,L4,1,3,0.4,False,False,False,nan,nan,nan
v3_sc2_staging_13,L4,1,4,0.4,False,False,False,nan,nan,nan
v3_sc2_staging_13,L4,1,5,0.4,False,False,False,nan,nan,nan
v3_sc2_staging_13,L4,1,6,0.4,True,False,True,4.340559159102154,1.3681541692269406,4.411720676097126
v3_sc2_staging_13,L4,1,7,0.4,True,False,True,3.9526911934581186,2.204163456597992,4.5172203459684726
v3_sc2_staging_13,L4,1,8,0.4,True,False,False,3.8420310216782982,3.8011626335213142,6.2424031324150295
v3_sc2_staging_13,L4,1,9,0.4,False,False,False,nan,nan,nan
v3_sc2_staging_13,L4,1,10,0.4,True,False,True,5.6177669529663685,2.3182441342083906,5.990377492873584
v3_sc2_staging_13,L4,1,11,0.4,True,False,True,7.464823227814083,2.5923292192132457,6.374045388270287
v3_sc2_staging_13,L4,1,12,0.4,True,False,True,6.935533905932741,1.5112185361118766,4.969232121605373
v3_sc2_staging_13,L4,1,13,0.4,False,False,False,nan,nan,nan
v3_sc2_staging_13,L4,1,14,0.4,False,False,False,nan,nan,nan
v3_sc2_staging_13,L4,1,15,0.4,True,False,True,3.623401871576773,2.4652150006365474,4.773755777432247
v3_sc2_staging_13,L4,1,16,0.4,True,False,True,4.877817459305202,1.3200274723201297,5.860031446463139
v3_sc2_staging_13,L4,1,17,0.4,False,False,False,nan,nan,nan
v3_sc2_staging_13,L4,1,18,0.4,True,False,False,3.2,2.482029510249689,5.769968101992227
v3_sc2_staging_13,L4,1,19,0.4,True,False,False,2.954163056034261,1.3527007313648907,4.064263357870578
v3_sc2_staging_13,L4,1,0,0.5,True,False,True,5.5435028842544405,2.0553864678361276,5.967031776634471
v3_sc2_staging_13,L4,1,1,0.5,True,False,False,3.649137802864845,1.8926972228010799,4.6000000000000005
v3_sc2_staging_13,L4,1,2,0.5,False,False,False,nan,nan,nan
v3_sc2_staging_13,L4,1,3,0.5,False,False,False,nan,nan,nan
v3_sc2_staging_13,L4,1,4,0.5,False,False,False,nan,nan,nan
v3_sc2_staging_13,L4,1,5,0.5,False,False,False,nan,nan,nan
v3_sc2_staging_13,L4,1,6,0.5,True,False,True,4.340559159102154,1.3681541692269406,4.411720676097126
v3_sc2_staging_13,L4,1,7,0.5,True,False,True,3.9526911934581186,2.204163456597992,4.5172203459684726
v3_sc2_staging_13,L4,1,8,0.5,True,False,False,3.8420310216782982,3.8011626335213142,6.2424031324150295
v3_sc2_staging_13,L4,1,9,0.5,False,False,False,nan,nan,nan
v3_sc2_staging_13,L4,1,10,0.5,True,False,True,5.6177669529663685,2.3182441342083906,5.990377492873584
v3_sc2_staging_13,L4,1,11,0.5,True,False,True,7.464823227814083,2.5923292192132457,6.374045388270287
v3_sc2_staging_13,L4,1,12,0.5,True,False,True,6.935533905932741,1.5112185361118766,4.969232121605373
v3_sc2_staging_13,L4,1,13,0.5,False,False,False,nan,nan,nan
v3_sc2_staging_13,L4,1,14,0.5,False,False,False,nan,nan,nan
v3_sc2_staging_13,L4,1,15,0.5,True,False,True,3.623401871576773,2.4652150006365474,4.773755777432247
v3_sc2_staging_13,L4,1,16,0.5,True,False,True,4.877817459305202,1.3200274723201297,5.860031446463139
v3_sc2_staging_13,L4,1,17,0.5,False,False,False,nan,nan,nan
v3_sc2_staging_13,L4,1,18,0.5,True,False,False,3.2,2.482029510249689,5.769968101992227
v3_sc2_staging_13,L4,1,19,0.5,True,False,False,2.954163056034261,1.3527007313648907,4.064263357870578
v3_sc2_staging_13,L4,1,0,0.6,True,False,True,5.5435028842544405,2.0553864678361276,5.967031776634471
v3_sc2_staging_13,L4,1,1,0.6,True,False,False,3.649137802864845,1.8926972228010799,4.6000000000000005
v3_sc2_staging_13,L4,1,2,0.6,False,False,False,nan,nan,nan
v3_sc2_staging_13,L4,1,3,0.6,False,False,False,nan,nan,nan
v3_sc2_staging_13,L4,1,4,0.6,False,False,False,nan,nan,nan
v3_sc2_staging_13,L4,1,5,0.6,False,False,False,nan,nan,nan
v3_sc2_staging_13,L4,1,6,0.6,True,False,True,4.340559159102154,1.3681541692269406,4.411720676097126
v3_sc2_staging_13,L4,1,7,0.6,True,False,True,3.9526911934581186,2.204163456597992,4.5172203459684726
v3_sc2_staging_13,L4,1,8,0.6,True,False,False,3.8420310216782982,3.8011626335213142,6.2424031324150295
v3_sc2_staging_13,L4,1,9,0.6,False,False,False,nan,nan,nan
v3_sc2_staging_13,L4,1,10,0.6,True,False,True,5.6177669529663685,2.3182441342083906,5.990377492873584
v3_sc2_staging_13,L4,1,11,0.6,True,False,True,7.464823227814083,2.5923292192132457,6.374045388270287
v3_sc2_staging_13,L4,1,12,0.6,True,False,True,6.935533905932741,1.5112185361118766,4.969232121605373
v3_sc2_staging_13,L4,1,13,0.6,False,False,False,nan,nan,nan
v3_sc2_staging_13,L4,1,14,0.6,False,False,False,nan,nan,nan
v3_sc2_staging_13,L4,1,15,0.6,True,False,True,3.623401871576773,2.4652150006365474,4.773755777432247
v3_sc2_staging_13,L4,1,16,0.6,True,False,True,4.877817459305202,1.3200274723201297,5.860031446463139
v3_sc2_staging_13,L4,1,17,0.6,False,False,False,nan,nan,nan
v3_sc2_staging_13,L4,1,18,0.6,True,False,False,3.2,2.482029510249689,5.769968101992227
v3_sc2_staging_13,L4,1,19,0.6,True,False,False,2.954163056034261,1.3527007313648907,4.064263357870578
v3_sc2_staging_13,L4,1,0,0.8,True,False,True,5.5435028842544405,2.0553864678361276,5.967031776634471
v3_sc2_staging_13,L4,1,1,0.8,True,False,False,3.649137802864845,1.8926972228010799,4.6000000000000005
v3_sc2_staging_13,L4,1,2,0.8,False,False,False,nan,nan,nan
v3_sc2_staging_13,L4,1,3,0.8,False,False,False,nan,nan,nan
v3_sc2_staging_13,L4,1,4,0.8,False,False,False,nan,nan,nan
v3_sc2_staging_13,L4,1,5,0.8,False,False,False,nan,nan,nan
v3_sc2_staging_13,L4,1,6,0.8,True,False,True,4.340559159102154,1.3681541692269406,4.411720676097126
v3_sc2_staging_13,L4,1,7,0.8,True,False,True,3.9526911934581186,2.204163456597992,4.5172203459684726
v3_sc2_staging_13,L4,1,8,0.8,True,False,False,3.8420310216782982,3.8011626335213142,6.2424031324150295
v3_sc2_staging_13,L4,1,9,0.8,False,False,False,nan,nan,nan
v3_sc2_staging_13,L4,1,10,0.8,True,False,True,5.6177669529663685,2.3182441342083906,5.990377492873584
v3_sc2_staging_13,L4,1,11,0.8,True,False,True,7.464823227814083,2.5923292192132457,6.374045388270287
v3_sc2_staging_13,L4,1,12,0.8,True,False,True,6.935533905932741,1.5112185361118766,4.969232121605373
v3_sc2_staging_13,L4,1,13,0.8,False,False,False,nan,nan,nan
v3_sc2_staging_13,L4,1,14,0.8,False,False,False,nan,nan,nan
v3_sc2_staging_13,L4,1,15,0.8,True,False,True,3.623401871576773,2.4652150006365474,4.773755777432247
v3_sc2_staging_13,L4,1,16,0.8,True,False,True,4.877817459305202,1.3200274723201297,5.860031446463139
v3_sc2_staging_13,L4,1,17,0.8,False,False,False,nan,nan,nan
v3_sc2_staging_13,L4,1,18,0.8,True,False,False,3.2,2.482029510249689,5.769968101992227
v3_sc2_staging_13,L4,1,19,0.8,True,False,False,2.954163056034261,1.3527007313648907,4.064263357870578
v3_sc2_staging_13,L4,1,0,1.0,True,False,True,5.5435028842544405,2.0553864678361276,5.967031776634471
v3_sc2_staging_13,L4,1,1,1.0,True,False,False,3.649137802864845,1.8926972228010799,4.6000000000000005
v3_sc2_staging_13,L4,1,2,1.0,False,False,False,nan,nan,nan
v3_sc2_staging_13,L4,1,3,1.0,False,False,False,nan,nan,nan
v3_sc2_staging_13,L4,1,4,1.0,False,False,False,nan,nan,nan
v3_sc2_staging_13,L4,1,5,1.0,False,False,False,nan,nan,nan
v3_sc2_staging_13,L4,1,6,1.0,True,False,True,4.340559159102154,1.3681541692269406,4.411720676097126
v3_sc2_staging_13,L4,1,7,1.0,True,False,True,3.9526911934581186,2.204163456597992,4.5172203459684726
v3_sc2_staging_13,L4,1,8,1.0,True,False,False,3.8420310216782982,3.8011626335213142,6.2424031324150295
v3_sc2_staging_13,L4,1,9,1.0,False,False,False,nan,nan,nan
v3_sc2_staging_13,L4,1,10,1.0,True,False,True,5.6177669529663685,2.3182441342083906,5.990377492873584
v3_sc2_staging_13,L4,1,11,1.0,True,False,True,7.464823227814083,2.5923292192132457,6.374045388270287
v3_sc2_staging_13,L4,1,12,1.0,True,False,True,6.935533905932741,1.5112185361118766,4.969232121605373
v3_sc2_staging_13,L4,1,13,1.0,False,False,False,nan,nan,nan
v3_sc2_staging_13,L4,1,14,1.0,False,False,False,nan,nan,nan
v3_sc2_staging_13,L4,1,15,1.0,True,False,True,3.623401871576773,2.4652150006365474,4.773755777432247
v3_sc2_staging_13,L4,1,16,1.0,True,False,True,4.877817459305202,1.3200274723201297,5.860031446463139
v3_sc2_staging_13,L4,1,17,1.0,False,False,False,nan,nan,nan
v3_sc2_staging_13,L4,1,18,1.0,True,False,False,3.2,2.482029510249689,5.769968101992227
v3_sc2_staging_13,L4,1,19,1.0,True,False,False,2.954163056034261,1.3527007313648907,4.064263357870578
v3_sc2_staging_13,L4,1,0,1.25,True,False,True,5.5435028842544405,2.0553864678361276,5.967031776634471
v3_sc2_staging_13,L4,1,1,1.25,True,False,False,3.649137802864845,1.8926972228010799,4.6000000000000005
v3_sc2_staging_13,L4,1,2,1.25,False,False,False,nan,nan,nan
v3_sc2_staging_13,L4,1,3,1.25,False,False,False,nan,nan,nan
v3_sc2_staging_13,L4,1,4,1.25,False,False,False,nan,nan,nan
v3_sc2_staging_13,L4,1,5,1.25,False,False,False,nan,nan,nan
v3_sc2_staging_13,L4,1,6,1.25,True,False,True,4.340559159102154,1.3681541692269406,4.411720676097126
v3_sc2_staging_13,L4,1,7,1.25,True,False,True,3.9526911934581186,2.204163456597992,4.5172203459684726
v3_sc2_staging_13,L4,1,8,1.25,True,False,False,3.8420310216782982,3.8011626335213142,6.2424031324150295
v3_sc2_staging_13,L4,1,9,1.25,False,False,False,nan,nan,nan
v3_sc2_staging_13,L4,1,10,1.25,True,False,True,5.6177669529663685,2.3182441342083906,5.990377492873584
v3_sc2_staging_13,L4,1,11,1.25,True,False,True,7.464823227814083,2.5923292192132457,6.374045388270287
v3_sc2_staging_13,L4,1,12,1.25,True,False,True,6.935533905932741,1.5112185361118766,4.969232121605373
v3_sc2_staging_13,L4,1,13,1.25,False,False,False,nan,nan,nan
v3_sc2_staging_13,L4,1,14,1.25,False,False,False,nan,nan,nan
v3_sc2_staging_13,L4,1,15,1.25,True,False,True,3.623401871576773,2.4652150006365474,4.773755777432247
v3_sc2_staging_13,L4,1,16,1.25,True,False,True,4.877817459305202,1.3200274723201297,5.860031446463139
v3_sc2_staging_13,L4,1,17,1.25,False,False,False,nan,nan,nan
v3_sc2_staging_13,L4,1,18,1.25,True,False,False,3.2,2.482029510249689,5.769968101992227
v3_sc2_staging_13,L4,1,19,1.25,True,False,False,2.954163056034261,1.3527007313648907,4.064263357870578
v3_sc2_staging_13,L4,1,0,1.5,True,False,True,5.5435028842544405,2.0553864678361276,5.967031776634471
v3_sc2_staging_13,L4,1,1,1.5,True,False,False,3.649137802864845,1.8926972228010799,4.6000000000000005
v3_sc2_staging_13,L4,1,2,1.5,False,False,False,nan,nan,nan
v3_sc2_staging_13,L4,1,3,1.5,False,False,False,nan,nan,nan
v3_sc2_staging_13,L4,1,4,1.5,False,False,False,nan,nan,nan
v3_sc2_staging_13,L4,1,5,1.5,False,False,False,nan,nan,nan
v3_sc2_staging_13,L4,1,6,1.5,False,False,False,nan,nan,nan
v3_sc2_staging_13,L4,1,7,1.5,True,False,True,3.9526911934581186,2.204163456597992,4.5172203459684726
v3_sc2_staging_13,L4,1,8,1.5,True,False,False,3.8420310216782982,3.8011626335213142,6.2424031324150295
v3_sc2_staging_13,L4,1,9,1.5,False,False,False,nan,nan,nan
v3_sc2_staging_13,L4,1,10,1.5,True,False,True,5.6177669529663685,2.3182441342083906,5.990377492873584
v3_sc2_staging_13,L4,1,11,1.5,True,False,True,7.464823227814083,2.5923292192132457,6.374045388270287
v3_sc2_staging_13,L4,1,12,1.5,True,False,True,6.935533905932741,1.5112185361118766,4.969232121605373
v3_sc2_staging_13,L4,1,13,1.5,False,False,False,nan,nan,nan
v3_sc2_staging_13,L4,1,14,1.5,False,False,False,nan,nan,nan
v3_sc2_staging_13,L4,1,15,1.5,True,False,True,3.623401871576773,2.4652150006365474,4.773755777432247
v3_sc2_staging_13,L4,1,16,1.5,False,False,False,nan,nan,nan
v3_sc2_staging_13,L4,1,17,1.5,False,False,False,nan,nan,nan
v3_sc2_staging_13,L4,1,18,1.5,True,False,False,3.2,2.482029510249689,5.769968101992227
v3_sc2_staging_13,L4,1,19,1.5,False,False,False,nan,nan,nan
v3_sc2_staging_13,L4,1,0,2.0,True,False,True,5.5435028842544405,2.0553864678361276,5.967031776634471
v3_sc2_staging_13,L4,1,1,2.0,False,False,False,nan,nan,nan
v3_sc2_staging_13,L4,1,2,2.0,False,False,False,nan,nan,nan
v3_sc2_staging_13,L4,1,3,2.0,False,False,False,nan,nan,nan
v3_sc2_staging_13,L4,1,4,2.0,False,False,False,nan,nan,nan
v3_sc2_staging_13,L4,1,5,2.0,False,False,False,nan,nan,nan
v3_sc2_staging_13,L4,1,6,2.0,False,False,False,nan,nan,nan
v3_sc2_staging_13,L4,1,7,2.0,True,False,True,3.9526911934581186,2.204163456597992,4.5172203459684726
v3_sc2_staging_13,L4,1,8,2.0,True,False,False,3.8420310216782982,3.8011626335213142,6.2424031324150295
v3_sc2_staging_13,L4,1,9,2.0,False,False,False,nan,nan,nan
v3_sc2_staging_13,L4,1,10,2.0,True,False,True,5.6177669529663685,2.3182441342083906,5.990377492873584
v3_sc2_staging_13,L4,1,11,2.0,True,False,True,7.464823227814083,2.5923292192132457,6.374045388270287
v3_sc2_staging_13,L4,1,12,2.0,False,False,False,nan,nan,nan
v3_sc2_staging_13,L4,1,13,2.0,False,False,False,nan,nan,nan
v3_sc2_staging_13,L4,1,14,2.0,False,False,False,nan,nan,nan
v3_sc2_staging_13,L4,1,15,2.0,True,False,True,3.623401871576773,2.4652150006365474,4.773755777432247
v3_sc2_staging_13,L4,1,16,2.0,False,False,False,nan,nan,nan
v3_sc2_staging_13,L4,1,17,2.0,False,False,False,nan,nan,nan
v3_sc2_staging_13,L4,1,18,2.0,True,False,False,3.2,2.482029510249689,5.769968101992227
v3_sc2_staging_13,L4,1,19,2.0,False,False,False,nan,nan,nan
v3_sc2_staging_13,L4,2,0,0.0,False,False,False,nan,nan,nan
v3_sc2_staging_13,L4,2,1,0.0,False,False,False,nan,nan,nan
v3_sc2_staging_13,L4,2,2,0.0,True,False,False,3.224873734152917,1.1347782724271818,4.040099117860755
v3_sc2_staging_13,L4,2,3,0.0,False,False,False,nan,nan,nan
v3_sc2_staging_13,L4,2,4,0.0,False,False,False,nan,nan,nan
v3_sc2_staging_13,L4,2,5,0.0,True,False,False,3.136396103067893,1.4039432764659772,5.26064232529672
v3_sc2_staging_13,L4,2,6,0.0,False,False,False,nan,nan,nan
v3_sc2_staging_13,L4,2,7,0.0,False,False,False,nan,nan,nan
v3_sc2_staging_13,L4,2,8,0.0,False,False,False,nan,nan,nan
v3_sc2_staging_13,L4,2,9,0.0,False,False,False,nan,nan,nan
v3_sc2_staging_13,L4,2,10,0.0,False,False,False,nan,nan,nan
v3_sc2_staging_13,L4,2,11,0.0,False,False,False,nan,nan,nan
v3_sc2_staging_13,L4,2,12,0.0,False,False,False,nan,nan,nan
v3_sc2_staging_13,L4,2,13,0.0,True,False,False,6.337615433949869,0.050000000000000044,1.3027756377319948
v3_sc2_staging_13,L4,2,14,0.0,True,False,False,3.6363961030678933,1.4906029237394383,5.920669746996804
v3_sc2_staging_13,L4,2,15,0.0,False,False,False,nan,nan,nan
v3_sc2_staging_13,L4,2,16,0.0,False,False,False,nan,nan,nan
v3_sc2_staging_13,L4,2,17,0.0,False,False,False,nan,nan,nan
v3_sc2_staging_13,L4,2,18,0.0,True,False,False,3.4106601717798215,2.298660393831306,6.197947446792935
v3_sc2_staging_13,L4,2,19,0.0,True,False,False,2.8370057685088805,1.0913830462839549,4.524937810560445
v3_sc2_staging_13,L4,2,0,0.1,False,False,False,nan,nan,nan
v3_sc2_staging_13,L4,2,1,0.1,False,False,False,nan,nan,nan
v3_sc2_staging_13,L4,2,2,0.1,True,False,False,3.224873734152917,1.1347782724271818,4.040099117860755
v3_sc2_staging_13,L4,2,3,0.1,False,False,False,nan,nan,nan
v3_sc2_staging_13,L4,2,4,0.1,False,False,False,nan,nan,nan
v3_sc2_staging_13,L4,2,5,0.1,True,False,False,3.136396103067893,1.4039432764659772,5.26064232529672
v3_sc2_staging_13,L4,2,6,0.1,False,False,False,nan,nan,nan
v3_sc2_staging_13,L4,2,7,0.1,False,False,False,nan,nan,nan
v3_sc2_staging_13,L4,2,8,0.1,False,False,False,nan,nan,nan
v3_sc2_staging_13,L4,2,9,0.1,False,False,False,nan,nan,nan
v3_sc2_staging_13,L4,2,10,0.1,False,False,False,nan,nan,nan
v3_sc2_staging_13,L4,2,11,0.1,False,False,False,nan,nan,nan
v3_sc2_staging_13,L4,2,12,0.1,False,False,False,nan,nan,nan
v3_sc2_staging_13,L4,2,13,0.1,True,False,False,6.33761543394987,0.10000000000000009,1.3027756377319948
v3_sc2_staging_13,L4,2,14,0.1,True,False,False,3.6363961030678933,1.4906029237394383,5.920669746996804
v3_sc2_staging_13,L4,2,15,0.1,False,False,False,nan,nan,nan
v3_sc2_staging_13,L4,2,16,0.1,False,False,False,nan,nan,nan
v3_sc2_staging_13,L4,2,17,0.1,False,False,False,nan,nan,nan
v3_sc2_staging_13,L4,2,18,0.1,True,False,False,3.4106601717798215,2.298660393831306,6.197947446792935
v3_sc2_staging_13,L4,2,19,0.1,True,False,False,2.8370057685088805,1.0913830462839549,4.524937810560445
v3_sc2_staging_13,L4,2,0,0.2,False,False,False,nan,nan,nan
v3_sc2_staging_13,L4,2,1,0.2,False,False,False,nan,nan,nan
v3_sc2_staging_13,L4,2,2,0.2,True,False,False,3.224873734152917,1.1347782724271818,4.040099117860755
v3_sc2_staging_13,L4,2,3,0.2,False,False,False,nan,nan,nan
v3_sc2_staging_13,L4,2,4,0.2,False,False,False,nan,nan,nan
v3_sc2_staging_13,L4,2,5,0.2,True,False,False,3.136396103067893,1.4039432764659772,5.26064232529672
v3_sc2_staging_13,L4,2,6,0.2,False,False,False,nan,nan,nan
v3_sc2_staging_13,L4,2,7,0.2,False,False,False,nan,nan,nan
v3_sc2_staging_13,L4,2,8,0.2,False,False,False,nan,nan,nan
v3_sc2_staging_13,L4,2,9,0.2,False,False,False,nan,nan,nan
v3_sc2_staging_13,L4,2,10,0.2,False,False,False,nan,nan,nan
v3_sc2_staging_13,L4,2,11,0.2,False,False,False,nan,nan,nan
v3_sc2_staging_13,L4,2,12,0.2,False,False,False,nan,nan,nan
v3_sc2_staging_13,L4,2,13,0.2,True,False,False,6.39619407771256,0.20710678118654757,1.3027756377319948
v3_sc2_staging_13,L4,2,14,0.2,True,False,False,3.6363961030678933,1.4906029237394383,5.920669746996804
v3_sc2_staging_13,L4,2,15,0.2,False,False,False,nan,nan,nan
v3_sc2_staging_13,L4,2,16,0.2,False,False,False,nan,nan,nan
v3_sc2_staging_13,L4,2,17,0.2,False,False,False,nan,nan,nan
v3_sc2_staging_13,L4,2,18,0.2,True,False,False,3.4106601717798215,2.298660393831306,6.197947446792935
v3_sc2_staging_13,L4,2,19,0.2,True,False,False,2.8370057685088805,1.0913830462839549,4.524937810560445
v3_sc2_staging_13,L4,2,0,0.3,False,False,False,nan,nan,nan
v3_sc2_staging_13,L4,2,1,0.3,False,False,False,nan,nan,nan
v3_sc2_staging_13,L4,2,2,0.3,True,False,False,3.224873734152917,1.1347782724271818,4.040099117860755
v3_sc2_staging_13,L4,2,3,0.3,False,False,False,nan,nan,nan
v3_sc2_staging_13,L4,2,4,0.3,False,False,False,nan,nan,nan
v3_sc2_staging_13,L4,2,5,0.3,True,False,False,3.136396103067893,1.4039432764659772,5.26064232529672
v3_sc2_staging_13,L4,2,6,0.3,False,False,False,nan,nan,nan
v3_sc2_staging_13,L4,2,7,0.3,False,False,False,nan,nan,nan
v3_sc2_staging_13,L4,2,8,0.3,False,False,False,nan,nan,nan
v3_sc2_staging_13,L4,2,9,0.3,False,False,False,nan,nan,nan
v3_sc2_staging_13,L4,2,10,0.3,False,False,False,nan,nan,nan
v3_sc2_staging_13,L4,2,11,0.3,False,False,False,nan,nan,nan
v3_sc2_staging_13,L4,2,12,0.3,False,False,False,nan,nan,nan
v3_sc2_staging_13,L4,2,13,0.3,False,False,False,nan,nan,nan
v3_sc2_staging_13,L4,2,14,0.3,True,False,False,3.6363961030678933,1.4906029237394383,5.920669746996804
v3_sc2_staging_13,L4,2,15,0.3,False,False,False,nan,nan,nan
v3_sc2_staging_13,L4,2,16,0.3,False,False,False,nan,nan,nan
v3_sc2_staging_13,L4,2,17,0.3,False,False,False,nan,nan,nan
v3_sc2_staging_13,L4,2,18,0.3,True,False,False,3.4106601717798215,2.298660393831306,6.197947446792935
v3_sc2_staging_13,L4,2,19,0.3,True,False,False,2.8370057685088805,1.0913830462839549,4.524937810560445
v3_sc2_staging_13,L4,2,0,0.4,False,False,False,nan,nan,nan
v3_sc2_staging_13,L4,2,1,0.4,False,False,False,nan,nan,nan
v3_sc2_staging_13,L4,2,2,0.4,True,False,False,3.224873734152917,1.1347782724271818,4.040099117860755
v3_sc2_staging_13,L4,2,3,0.4,False,False,False,nan,nan,nan
v3_sc2_staging_13,L4,2,4,0.4,False,False,False,nan,nan,nan
v3_sc2_staging_13,L4,2,5,0.4,True,False,False,3.136396103067893,1.4039432764659772,5.26064232529672
v3_sc2_staging_13,L4,2,6,0.4,False,False,False,nan,nan,nan
v3_sc2_staging_13,L4,2,7,0.4,False,False,False,nan,nan,nan
v3_sc2_staging_13,L4,2,8,0.4,False,False,False,nan,nan,nan
v3_sc2_staging_13,L4,2,9,0.4,False,False,False,nan,nan,nan
v3_sc2_staging_13,L4,2,10,0.4,False,False,False,nan,nan,nan
v3_sc2_staging_13,L4,2,11,0.4,False,False,False,nan,nan,nan
v3_sc2_staging_13,L4,2,12,0.4,False,False,False,nan,nan,nan
v3_sc2_staging_13,L4,2,13,0.4,False,False,False,nan,nan,nan
v3_sc2_staging_13,L4,2,14,0.4,True,False,False,3.6363961030678933,1.4906029237394383,5.920669746996804
v3_sc2_staging_13,L4,2,15,0.4,False,False,False,nan,nan,nan
v3_sc2_staging_13,L4,2,16,0.4,False,False,False,nan,nan,nan
v3_sc2_staging_13,L4,2,17,0.4,False,False,False,nan,nan,nan
v3_sc2_staging_13,L4,2,18,0.4,True,False,False,3.4106601717798215,2.298660393831306,6.197947446792935
v3_sc2_staging_13,L4,2,19,0.4,True,False,False,2.8370057685088805,1.0913830462839549,4.524937810560445
v3_sc2_staging_13,L4,2,0,0.5,False,False,False,nan,nan,nan
v3_sc2_staging_13,L4,2,1,0.5,False,False,False,nan,nan,nan
v3_sc2_staging_13,L4,2,2,0.5,True,False,False,3.224873734152917,1.1347782724271818,4.040099117860755
v3_sc2_staging_13,L4,2,3,0.5,False,False,False,nan,nan,nan
v3_sc2_staging_13,L4,2,4,0.5,False,False,False,nan,nan,nan
v3_sc2_staging_13,L4,2,5,0.5,True,False,False,3.136396103067893,1.4039432764659772,5.26064232529672
v3_sc2_staging_13,L4,2,6,0.5,False,False,False,nan,nan,nan
v3_sc2_staging_13,L4,2,7,0.5,False,False,False,nan,nan,nan
v3_sc2_staging_13,L4,2,8,0.5,False,False,False,nan,nan,nan
v3_sc2_staging_13,L4,2,9,0.5,False,False,False,nan,nan,nan
v3_sc2_staging_13,L4,2,10,0.5,False,False,False,nan,nan,nan
v3_sc2_staging_13,L4,2,11,0.5,False,False,False,nan,nan,nan
v3_sc2_staging_13,L4,2,12,0.5,False,False,False,nan,nan,nan
v3_sc2_staging_13,L4,2,13,0.5,False,False,False,nan,nan,nan
v3_sc2_staging_13,L4,2,14,0.5,True,False,False,3.6363961030678933,1.4906029237394383,5.920669746996804
v3_sc2_staging_13,L4,2,15,0.5,False,False,False,nan,nan,nan
v3_sc2_staging_13,L4,2,16,0.5,False,False,False,nan,nan,nan
v3_sc2_staging_13,L4,2,17,0.5,False,False,False,nan,nan,nan
v3_sc2_staging_13,L4,2,18,0.5,True,False,False,3.4106601717798215,2.298660393831306,6.197947446792935
v3_sc2_staging_13,L4,2,19,0.5,True,False,False,2.8370057685088805,1.0913830462839549,4.524937810560445
v3_sc2_staging_13,L4,2,0,0.6,False,False,False,nan,nan,nan
v3_sc2_staging_13,L4,2,1,0.6,False,False,False,nan,nan,nan
v3_sc2_staging_13,L4,2,2,0.6,True,False,False,3.224873734152917,1.1347782724271818,4.040099117860755
v3_sc2_staging_13,L4,2,3,0.6,False,False,False,nan,nan,nan
v3_sc2_staging_13,L4,2,4,0.6,False,False,False,nan,nan,nan
v3_sc2_staging_13,L4,2,5,0.6,True,False,False,3.136396103067893,1.4039432764659772,5.26064232529672
v3_sc2_staging_13,L4,2,6,0.6,False,False,False,nan,nan,nan
v3_sc2_staging_13,L4,2,7,0.6,False,False,False,nan,nan,nan
v3_sc2_staging_13,L4,2,8,0.6,False,False,False,nan,nan,nan
v3_sc2_staging_13,L4,2,9,0.6,False,False,False,nan,nan,nan
v3_sc2_staging_13,L4,2,10,0.6,False,False,False,nan,nan,nan
v3_sc2_staging_13,L4,2,11,0.6,False,False,False,nan,nan,nan
v3_sc2_staging_13,L4,2,12,0.6,False,False,False,nan,nan,nan
v3_sc2_staging_13,L4,2,13,0.6,False,False,False,nan,nan,nan
v3_sc2_staging_13,L4,2,14,0.6,True,False,False,3.6363961030678933,1.4906029237394383,5.920669746996804
v3_sc2_staging_13,L4,2,15,0.6,False,False,False,nan,nan,nan
v3_sc2_staging_13,L4,2,16,0.6,False,False,False,nan,nan,nan
v3_sc2_staging_13,L4,2,17,0.6,False,False,False,nan,nan,nan
v3_sc2_staging_13,L4,2,18,0.6,True,False,False,3.4106601717798215,2.298660393831306,6.197947446792935
v3_sc2_staging_13,L4,2,19,0.6,True,False,False,2.8370057685088805,1.0913830462839549,4.524937810560445
v3_sc2_staging_13,L4,2,0,0.8,False,False,False,nan,nan,nan
v3_sc2_staging_13,L4,2,1,0.8,False,False,False,nan,nan,nan
v3_sc2_staging_13,L4,2,2,0.8,True,False,False,3.224873734152917,1.1347782724271818,4.040099117860755
v3_sc2_staging_13,L4,2,3,0.8,False,False,False,nan,nan,nan
v3_sc2_staging_13,L4,2,4,0.8,False,False,False,nan,nan,nan
v3_sc2_staging_13,L4,2,5,0.8,True,False,False,3.136396103067893,1.4039432764659772,5.26064232529672
v3_sc2_staging_13,L4,2,6,0.8,False,False,False,nan,nan,nan
v3_sc2_staging_13,L4,2,7,0.8,False,False,False,nan,nan,nan
v3_sc2_staging_13,L4,2,8,0.8,False,False,False,nan,nan,nan
v3_sc2_staging_13,L4,2,9,0.8,False,False,False,nan,nan,nan
v3_sc2_staging_13,L4,2,10,0.8,False,False,False,nan,nan,nan
v3_sc2_staging_13,L4,2,11,0.8,False,False,False,nan,nan,nan
v3_sc2_staging_13,L4,2,12,0.8,False,False,False,nan,nan,nan
v3_sc2_staging_13,L4,2,13,0.8,False,False,False,nan,nan,nan
v3_sc2_staging_13,L4,2,14,0.8,True,False,False,3.6363961030678933,1.4906029237394383,5.920669746996804
v3_sc2_staging_13,L4,2,15,0.8,False,False,False,nan,nan,nan
v3_sc2_staging_13,L4,2,16,0.8,False,False,False,nan,nan,nan
v3_sc2_staging_13,L4,2,17,0.8,False,False,False,nan,nan,nan
v3_sc2_staging_13,L4,2,18,0.8,True,False,False,3.4106601717798215,2.298660393831306,6.197947446792935
v3_sc2_staging_13,L4,2,19,0.8,True,False,False,2.8370057685088805,1.0913830462839549,4.524937810560445
v3_sc2_staging_13,L4,2,0,1.0,False,False,False,nan,nan,nan
v3_sc2_staging_13,L4,2,1,1.0,False,False,False,nan,nan,nan
v3_sc2_staging_13,L4,2,2,1.0,True,False,False,3.224873734152917,1.1347782724271818,4.040099117860755
v3_sc2_staging_13,L4,2,3,1.0,False,False,False,nan,nan,nan
v3_sc2_staging_13,L4,2,4,1.0,False,False,False,nan,nan,nan
v3_sc2_staging_13,L4,2,5,1.0,True,False,False,3.136396103067893,1.4039432764659772,5.26064232529672
v3_sc2_staging_13,L4,2,6,1.0,False,False,False,nan,nan,nan
v3_sc2_staging_13,L4,2,7,1.0,False,False,False,nan,nan,nan
v3_sc2_staging_13,L4,2,8,1.0,False,False,False,nan,nan,nan
v3_sc2_staging_13,L4,2,9,1.0,False,False,False,nan,nan,nan
v3_sc2_staging_13,L4,2,10,1.0,False,False,False,nan,nan,nan
v3_sc2_staging_13,L4,2,11,1.0,False,False,False,nan,nan,nan
v3_sc2_staging_13,L4,2,12,1.0,False,False,False,nan,nan,nan
v3_sc2_staging_13,L4,2,13,1.0,False,False,False,nan,nan,nan
v3_sc2_staging_13,L4,2,14,1.0,True,False,False,3.6363961030678933,1.4906029237394383,5.920669746996804
v3_sc2_staging_13,L4,2,15,1.0,False,False,False,nan,nan,nan
v3_sc2_staging_13,L4,2,16,1.0,False,False,False,nan,nan,nan
v3_sc2_staging_13,L4,2,17,1.0,False,False,False,nan,nan,nan
v3_sc2_staging_13,L4,2,18,1.0,True,False,False,3.4106601717798215,2.298660393831306,6.197947446792935
v3_sc2_staging_13,L4,2,19,1.0,True,False,False,2.8370057685088805,1.0913830462839549,4.524937810560445
v3_sc2_staging_13,L4,2,0,1.25,False,False,False,nan,nan,nan
v3_sc2_staging_13,L4,2,1,1.25,False,False,False,nan,nan,nan
v3_sc2_staging_13,L4,2,2,1.25,False,False,False,nan,nan,nan
v3_sc2_staging_13,L4,2,3,1.25,False,False,False,nan,nan,nan
v3_sc2_staging_13,L4,2,4,1.25,False,False,False,nan,nan,nan
v3_sc2_staging_13,L4,2,5,1.25,True,False,False,3.136396103067893,1.4039432764659772,5.26064232529672
v3_sc2_staging_13,L4,2,6,1.25,False,False,False,nan,nan,nan
v3_sc2_staging_13,L4,2,7,1.25,False,False,False,nan,nan,nan
v3_sc2_staging_13,L4,2,8,1.25,False,False,False,nan,nan,nan
v3_sc2_staging_13,L4,2,9,1.25,False,False,False,nan,nan,nan
v3_sc2_staging_13,L4,2,10,1.25,False,False,False,nan,nan,nan
v3_sc2_staging_13,L4,2,11,1.25,False,False,False,nan,nan,nan
v3_sc2_staging_13,L4,2,12,1.25,False,False,False,nan,nan,nan
v3_sc2_staging_13,L4,2,13,1.25,False,False,False,nan,nan,nan
v3_sc2_staging_13,L4,2,14,1.25,True,False,False,3.6363961030678933,1.4906029237394383,5.920669746996804
v3_sc2_staging_13,L4,2,15,1.25,False,False,False,nan,nan,nan
v3_sc2_staging_13,L4,2,16,1.25,False,False,False,nan,nan,nan
v3_sc2_staging_13,L4,2,17,1.25,False,False,False,nan,nan,nan
v3_sc2_staging_13,L4,2,18,1.25,True,False,False,3.4106601717798215,2.298660393831306,6.197947446792935
v3_sc2_staging_13,L4,2,19,1.25,False,False,False,nan,nan,nan
v3_sc2_staging_13,L4,2,0,1.5,False,False,False,nan,nan,nan
v3_sc2_staging_13,L4,2,1,1.5,False,False,False,nan,nan,nan
v3_sc2_staging_13,L4,2,2,1.5,False,False,False,nan,nan,nan
v3_sc2_staging_13,L4,2,3,1.5,False,False,False,nan,nan,nan
v3_sc2_staging_13,L4,2,4,1.5,False,False,False,nan,nan,nan
v3_sc2_staging_13,L4,2,5,1.5,False,False,False,nan,nan,nan
v3_sc2_staging_13,L4,2,6,1.5,False,False,False,nan,nan,nan
v3_sc2_staging_13,L4,2,7,1.5,False,False,False,nan,nan,nan
v3_sc2_staging_13,L4,2,8,1.5,False,False,False,nan,nan,nan
v3_sc2_staging_13,L4,2,9,1.5,False,False,False,nan,nan,nan
v3_sc2_staging_13,L4,2,10,1.5,False,False,False,nan,nan,nan
v3_sc2_staging_13,L4,2,11,1.5,False,False,False,nan,nan,nan
v3_sc2_staging_13,L4,2,12,1.5,False,False,False,nan,nan,nan
v3_sc2_staging_13,L4,2,13,1.5,False,False,False,nan,nan,nan
v3_sc2_staging_13,L4,2,14,1.5,False,False,False,nan,nan,nan
v3_sc2_staging_13,L4,2,15,1.5,False,False,False,nan,nan,nan
v3_sc2_staging_13,L4,2,16,1.5,False,False,False,nan,nan,nan
v3_sc2_staging_13,L4,2,17,1.5,False,False,False,nan,nan,nan
v3_sc2_staging_13,L4,2,18,1.5,True,False,False,3.4106601717798215,2.298660393831306,6.197947446792935
v3_sc2_staging_13,L4,2,19,1.5,False,False,False,nan,nan,nan
v3_sc2_staging_13,L4,2,0,2.0,False,False,False,nan,nan,nan
v3_sc2_staging_13,L4,2,1,2.0,False,False,False,nan,nan,nan
v3_sc2_staging_13,L4,2,2,2.0,False,False,False,nan,nan,nan
v3_sc2_staging_13,L4,2,3,2.0,False,False,False,nan,nan,nan
v3_sc2_staging_13,L4,2,4,2.0,False,False,False,nan,nan,nan
v3_sc2_staging_13,L4,2,5,2.0,False,False,False,nan,nan,nan
v3_sc2_staging_13,L4,2,6,2.0,False,False,False,nan,nan,nan
v3_sc2_staging_13,L4,2,7,2.0,False,False,False,nan,nan,nan
v3_sc2_staging_13,L4,2,8,2.0,False,False,False,nan,nan,nan
v3_sc2_staging_13,L4,2,9,2.0,False,False,False,nan,nan,nan
v3_sc2_staging_13,L4,2,10,2.0,False,False,False,nan,nan,nan
v3_sc2_staging_13,L4,2,11,2.0,False,False,False,nan,nan,nan
v3_sc2_staging_13,L4,2,12,2.0,False,False,False,nan,nan,nan
v3_sc2_staging_13,L4,2,13,2.0,False,False,False,nan,nan,nan
v3_sc2_staging_13,L4,2,14,2.0,False,False,False,nan,nan,nan
v3_sc2_staging_13,L4,2,15,2.0,False,False,False,nan,nan,nan
v3_sc2_staging_13,L4,2,16,2.0,False,False,False,nan,nan,nan
v3_sc2_staging_13,L4,2,17,2.0,False,False,False,nan,nan,nan
v3_sc2_staging_13,L4,2,18,2.0,True,False,False,3.4106601717798215,2.298660393831306,6.197947446792935
v3_sc2_staging_13,L4,2,19,2.0,False,False,False,nan,nan,nan
v3_sc2_staging_13,L4,3,0,0.0,False,False,False,nan,nan,nan
v3_sc2_staging_13,L4,3,1,0.0,True,False,False,4.180508652763321,1.850531854708632,4.484475900232642
v3_sc2_staging_13,L4,3,2,0.0,False,False,False,nan,nan,nan
v3_sc2_staging_13,L4,3,3,0.0,False,False,False,nan,nan,nan
v3_sc2_staging_13,L4,3,4,0.0,False,False,False,nan,nan,nan
v3_sc2_staging_13,L4,3,5,0.0,True,False,False,3.3384776310850235,1.3309833423600557,4.457065664281643
v3_sc2_staging_13,L4,3,6,0.0,True,False,False,5.087615433949869,1.3200274723201297,4.099184710359
v3_sc2_staging_13,L4,3,7,0.0,False,False,False,nan,nan,nan
v3_sc2_staging_13,L4,3,8,0.0,False,False,False,nan,nan,nan
v3_sc2_staging_13,L4,3,9,0.0,False,False,False,nan,nan,nan
v3_sc2_staging_13,L4,3,10,0.0,False,False,False,nan,nan,nan
v3_sc2_staging_13,L4,3,11,0.0,False,False,False,nan,nan,nan
v3_sc2_staging_13,L4,3,12,0.0,False,False,False,nan,nan,nan
v3_sc2_staging_13,L4,3,13,0.0,False,False,False,nan,nan,nan
v3_sc2_staging_13,L4,3,14,0.0,False,False,False,nan,nan,nan
v3_sc2_staging_13,L4,3,15,0.0,False,False,False,nan,nan,nan
v3_sc2_staging_13,L4,3,16,0.0,False,False,False,nan,nan,nan
v3_sc2_staging_13,L4,3,17,0.0,False,False,False,nan,nan,nan
v3_sc2_staging_13,L4,3,18,0.0,True,False,False,3.4506096654409877,2.1575364531836625,5.434854673873659
v3_sc2_staging_13,L4,3,19,0.0,True,False,False,3.1263455967290597,1.3439088914585775,3.8737855457258084
v3_sc2_staging_13,L4,3,0,0.1,False,False,False,nan,nan,nan
v3_sc2_staging_13,L4,3,1,0.1,True,False,False,4.180508652763321,1.850531854708632,4.484475900232642
v3_sc2_staging_13,L4,3,2,0.1,False,False,False,nan,nan,nan
v3_sc2_staging_13,L4,3,3,0.1,False,False,False,nan,nan,nan
v3_sc2_staging_13,L4,3,4,0.1,False,False,False,nan,nan,nan
v3_sc2_staging_13,L4,3,5,0.1,True,False,False,3.3384776310850235,1.3309833423600557,4.457065664281643
v3_sc2_staging_13,L4,3,6,0.1,True,False,False,5.087615433949869,1.3200274723201297,4.099184710359
v3_sc2_staging_13,L4,3,7,0.1,False,False,False,nan,nan,nan
v3_sc2_staging_13,L4,3,8,0.1,False,False,False,nan,nan,nan
v3_sc2_staging_13,L4,3,9,0.1,False,False,False,nan,nan,nan
v3_sc2_staging_13,L4,3,10,0.1,False,False,False,nan,nan,nan
v3_sc2_staging_13,L4,3,11,0.1,False,False,False,nan,nan,nan
v3_sc2_staging_13,L4,3,12,0.1,False,False,False,nan,nan,nan
v3_sc2_staging_13,L4,3,13,0.1,False,False,False,nan,nan,nan
v3_sc2_staging_13,L4,3,14,0.1,False,False,False,nan,nan,nan
v3_sc2_staging_13,L4,3,15,0.1,False,False,False,nan,nan,nan
v3_sc2_staging_13,L4,3,16,0.1,False,False,False,nan,nan,nan
v3_sc2_staging_13,L4,3,17,0.1,False,False,False,nan,nan,nan
v3_sc2_staging_13,L4,3,18,0.1,True,False,False,3.4506096654409877,2.1575364531836625,5.434854673873659
v3_sc2_staging_13,L4,3,19,0.1,True,False,False,3.1263455967290597,1.3439088914585775,3.8737855457258084
v3_sc2_staging_13,L4,3,0,0.2,False,False,False,nan,nan,nan
v3_sc2_staging_13,L4,3,1,0.2,True,False,False,4.180508652763321,1.850531854708632,4.484475900232642
v3_sc2_staging_13,L4,3,2,0.2,False,False,False,nan,nan,nan
v3_sc2_staging_13,L4,3,3,0.2,False,False,False,nan,nan,nan
v3_sc2_staging_13,L4,3,4,0.2,False,False,False,nan,nan,nan
v3_sc2_staging_13,L4,3,5,0.2,True,False,False,3.3384776310850235,1.3309833423600557,4.457065664281643
v3_sc2_staging_13,L4,3,6,0.2,True,False,False,5.087615433949869,1.3200274723201297,4.099184710359
v3_sc2_staging_13,L4,3,7,0.2,False,False,False,nan,nan,nan
v3_sc2_staging_13,L4,3,8,0.2,False,False,False,nan,nan,nan
v3_sc2_staging_13,L4,3,9,0.2,False,False,False,nan,nan,nan
v3_sc2_staging_13,L4,3,10,0.2,False,False,False,nan,nan,nan
v3_sc2_staging_13,L4,3,11,0.2,False,False,False,nan,nan,nan
v3_sc2_staging_13,L4,3,12,0.2,False,False,False,nan,nan,nan
v3_sc2_staging_13,L4,3,13,0.2,False,False,False,nan,nan,nan
v3_sc2_staging_13,L4,3,14,0.2,False,False,False,nan,nan,nan
v3_sc2_staging_13,L4,3,15,0.2,False,False,False,nan,nan,nan
v3_sc2_staging_13,L4,3,16,0.2,False,False,False,nan,nan,nan
v3_sc2_staging_13,L4,3,17,0.2,False,False,False,nan,nan,nan
v3_sc2_staging_13,L4,3,18,0.2,True,False,False,3.4506096654409877,2.1575364531836625,5.434854673873659
v3_sc2_staging_13,L4,3,19,0.2,True,False,False,3.1263455967290597,1.3439088914585775,3.8737855457258084
v3_sc2_staging_13,L4,3,0,0.3,False,False,False,nan,nan,nan
v3_sc2_staging_13,L4,3,1,0.3,True,False,False,4.180508652763321,1.850531854708632,4.484475900232642
v3_sc2_staging_13,L4,3,2,0.3,False,False,False,nan,nan,nan
v3_sc2_staging_13,L4,3,3,0.3,False,False,False,nan,nan,nan
v3_sc2_staging_13,L4,3,4,0.3,False,False,False,nan,nan,nan
v3_sc2_staging_13,L4,3,5,0.3,True,False,False,3.3384776310850235,1.3309833423600557,4.457065664281643
v3_sc2_staging_13,L4,3,6,0.3,True,False,False,5.087615433949869,1.3200274723201297,4.099184710359
v3_sc2_staging_13,L4,3,7,0.3,False,False,False,nan,nan,nan
v3_sc2_staging_13,L4,3,8,0.3,False,False,False,nan,nan,nan
v3_sc2_staging_13,L4,3,9,0.3,False,False,False,nan,nan,nan
v3_sc2_staging_13,L4,3,10,0.3,False,False,False,nan,nan,nan
v3_sc2_staging_13,L4,3,11,0.3,False,False,False,nan,nan,nan
v3_sc2_staging_13,L4,3,12,0.3,False,False,False,nan,nan,nan
v3_sc2_staging_13,L4,3,13,0.3,False,False,False,nan,nan,nan
v3_sc2_staging_13,L4,3,14,0.3,False,False,False,nan,nan,nan
v3_sc2_staging_13,L4,3,15,0.3,False,False,False,nan,nan,nan
v3_sc2_staging_13,L4,3,16,0.3,False,False,False,nan,nan,nan
v3_sc2_staging_13,L4,3,17,0.3,False,False,False,nan,nan,nan
v3_sc2_staging_13,L4,3,18,0.3,True,False,False,3.4506096654409877,2.1575364531836625,5.434854673873659
v3_sc2_staging_13,L4,3,19,0.3,True,False,False,3.1263455967290597,1.3439088914585775,3.8737855457258084
v3_sc2_staging_13,L4,3,0,0.4,False,False,False,nan,nan,nan
v3_sc2_staging_13,L4,3,1,0.4,True,False,False,4.180508652763321,1.850531854708632,4.484475900232642
v3_sc2_staging_13,L4,3,2,0.4,False,False,False,nan,nan,nan
v3_sc2_staging_13,L4,3,3,0.4,False,False,False,nan,nan,nan
v3_sc2_staging_13,L4,3,4,0.4,False,False,False,nan,nan,nan
v3_sc2_staging_13,L4,3,5,0.4,True,False,False,3.3384776310850235,1.3309833423600557,4.457065664281643
v3_sc2_staging_13,L4,3,6,0.4,True,False,False,5.087615433949869,1.3200274723201297,4.099184710359
v3_sc2_staging_13,L4,3,7,0.4,False,False,False,nan,nan,nan
v3_sc2_staging_13,L4,3,8,0.4,False,False,False,nan,nan,nan
v3_sc2_staging_13,L4,3,9,0.4,False,False,False,nan,nan,nan
v3_sc2_staging_13,L4,3,10,0.4,False,False,False,nan,nan,nan
v3_sc2_staging_13,L4,3,11,0.4,False,False,False,nan,nan,nan
v3_sc2_staging_13,L4,3,12,0.4,False,False,False,nan,nan,nan
v3_sc2_staging_13,L4,3,13,0.4,False,False,False,nan,nan,nan
v3_sc2_staging_13,L4,3,14,0.4,False,False,False,nan,nan,nan
v3_sc2_staging_13,L4,3,15,0.4,False,False,False,nan,nan,nan
v3_sc2_staging_13,L4,3,16,0.4,False,False,False,nan,nan,nan
v3_sc2_staging_13,L4,3,17,0.4,False,False,False,nan,nan,nan
v3_sc2_staging_13,L4,3,18,0.4,True,False,False,3.4506096654409877,2.1575364531836625,5.434854673873659
v3_sc2_staging_13,L4,3,19,0.4,True,False,False,3.1263455967290597,1.3439088914585775,3.8737855457258084
v3_sc2_staging_13,L4,3,0,0.5,False,False,False,nan,nan,nan
v3_sc2_staging_13,L4,3,1,0.5,True,False,False,4.180508652763321,1.850531854708632,4.484475900232642
v3_sc2_staging_13,L4,3,2,0.5,False,False,False,nan,nan,nan
v3_sc2_staging_13,L4,3,3,0.5,False,False,False,nan,nan,nan
v3_sc2_staging_13,L4,3,4,0.5,False,False,False,nan,nan,nan
v3_sc2_staging_13,L4,3,5,0.5,True,False,False,3.3384776310850235,1.3309833423600557,4.457065664281643
v3_sc2_staging_13,L4,3,6,0.5,True,False,False,5.087615433949869,1.3200274723201297,4.099184710359
v3_sc2_staging_13,L4,3,7,0.5,False,False,False,nan,nan,nan
v3_sc2_staging_13,L4,3,8,0.5,False,False,False,nan,nan,nan
v3_sc2_staging_13,L4,3,9,0.5,False,False,False,nan,nan,nan
v3_sc2_staging_13,L4,3,10,0.5,False,False,False,nan,nan,nan
v3_sc2_staging_13,L4,3,11,0.5,False,False,False,nan,nan,nan
v3_sc2_staging_13,L4,3,12,0.5,False,False,False,nan,nan,nan
v3_sc2_staging_13,L4,3,13,0.5,False,False,False,nan,nan,nan
v3_sc2_staging_13,L4,3,14,0.5,False,False,False,nan,nan,nan
v3_sc2_staging_13,L4,3,15,0.5,False,False,False,nan,nan,nan
v3_sc2_staging_13,L4,3,16,0.5,False,False,False,nan,nan,nan
v3_sc2_staging_13,L4,3,17,0.5,False,False,False,nan,nan,nan
v3_sc2_staging_13,L4,3,18,0.5,True,False,False,3.4506096654409877,2.1575364531836625,5.434854673873659
v3_sc2_staging_13,L4,3,19,0.5,True,False,False,3.1263455967290597,1.3439088914585775,3.8737855457258084
v3_sc2_staging_13,L4,3,0,0.6,False,False,False,nan,nan,nan
v3_sc2_staging_13,L4,3,1,0.6,True,False,False,4.180508652763321,1.850531854708632,4.484475900232642
v3_sc2_staging_13,L4,3,2,0.6,False,False,False,nan,nan,nan
v3_sc2_staging_13,L4,3,3,0.6,False,False,False,nan,nan,nan
v3_sc2_staging_13,L4,3,4,0.6,False,False,False,nan,nan,nan
v3_sc2_staging_13,L4,3,5,0.6,True,False,False,3.3384776310850235,1.3309833423600557,4.457065664281643
v3_sc2_staging_13,L4,3,6,0.6,True,False,False,5.087615433949869,1.3200274723201297,4.099184710359
v3_sc2_staging_13,L4,3,7,0.6,False,False,False,nan,nan,nan
v3_sc2_staging_13,L4,3,8,0.6,False,False,False,nan,nan,nan
v3_sc2_staging_13,L4,3,9,0.6,False,False,False,nan,nan,nan
v3_sc2_staging_13,L4,3,10,0.6,False,False,False,nan,nan,nan
v3_sc2_staging_13,L4,3,11,0.6,False,False,False,nan,nan,nan
v3_sc2_staging_13,L4,3,12,0.6,False,False,False,nan,nan,nan
v3_sc2_staging_13,L4,3,13,0.6,False,False,False,nan,nan,nan
v3_sc2_staging_13,L4,3,14,0.6,False,False,False,nan,nan,nan
v3_sc2_staging_13,L4,3,15,0.6,False,False,False,nan,nan,nan
v3_sc2_staging_13,L4,3,16,0.6,False,False,False,nan,nan,nan
v3_sc2_staging_13,L4,3,17,0.6,False,False,False,nan,nan,nan
v3_sc2_staging_13,L4,3,18,0.6,True,False,False,3.4506096654409877,2.1575364531836625,5.434854673873659
v3_sc2_staging_13,L4,3,19,0.6,True,False,False,3.1263455967290597,1.3439088914585775,3.8737855457258084
v3_sc2_staging_13,L4,3,0,0.8,False,False,False,nan,nan,nan
v3_sc2_staging_13,L4,3,1,0.8,True,False,False,4.180508652763321,1.850531854708632,4.484475900232642
v3_sc2_staging_13,L4,3,2,0.8,False,False,False,nan,nan,nan
v3_sc2_staging_13,L4,3,3,0.8,False,False,False,nan,nan,nan
v3_sc2_staging_13,L4,3,4,0.8,False,False,False,nan,nan,nan
v3_sc2_staging_13,L4,3,5,0.8,True,False,False,3.3384776310850235,1.3309833423600557,4.457065664281643
v3_sc2_staging_13,L4,3,6,0.8,True,False,False,5.087615433949869,1.3200274723201297,4.099184710359
v3_sc2_staging_13,L4,3,7,0.8,False,False,False,nan,nan,nan
v3_sc2_staging_13,L4,3,8,0.8,False,False,False,nan,nan,nan
v3_sc2_staging_13,L4,3,9,0.8,False,False,False,nan,nan,nan
v3_sc2_staging_13,L4,3,10,0.8,False,False,False,nan,nan,nan
v3_sc2_staging_13,L4,3,11,0.8,False,False,False,nan,nan,nan
v3_sc2_staging_13,L4,3,12,0.8,False,False,False,nan,nan,nan
v3_sc2_staging_13,L4,3,13,0.8,False,False,False,nan,nan,nan
v3_sc2_staging_13,L4,3,14,0.8,False,False,False,nan,nan,nan
v3_sc2_staging_13,L4,3,15,0.8,False,False,False,nan,nan,nan
v3_sc2_staging_13,L4,3,16,0.8,False,False,False,nan,nan,nan
v3_sc2_staging_13,L4,3,17,0.8,False,False,False,nan,nan,nan
v3_sc2_staging_13,L4,3,18,0.8,True,False,False,3.4506096654409877,2.1575364531836625,5.434854673873659
v3_sc2_staging_13,L4,3,19,0.8,True,False,False,3.1263455967290597,1.3439088914585775,3.8737855457258084
v3_sc2_staging_13,L4,3,0,1.0,False,False,False,nan,nan,nan
v3_sc2_staging_13,L4,3,1,1.0,True,False,False,4.180508652763321,1.850531854708632,4.484475900232642
v3_sc2_staging_13,L4,3,2,1.0,False,False,False,nan,nan,nan
v3_sc2_staging_13,L4,3,3,1.0,False,False,False,nan,nan,nan
v3_sc2_staging_13,L4,3,4,1.0,False,False,False,nan,nan,nan
v3_sc2_staging_13,L4,3,5,1.0,True,False,False,3.3384776310850235,1.3309833423600557,4.457065664281643
v3_sc2_staging_13,L4,3,6,1.0,True,False,False,5.087615433949869,1.3200274723201297,4.099184710359
v3_sc2_staging_13,L4,3,7,1.0,False,False,False,nan,nan,nan
v3_sc2_staging_13,L4,3,8,1.0,False,False,False,nan,nan,nan
v3_sc2_staging_13,L4,3,9,1.0,False,False,False,nan,nan,nan
v3_sc2_staging_13,L4,3,10,1.0,False,False,False,nan,nan,nan
v3_sc2_staging_13,L4,3,11,1.0,False,False,False,nan,nan,nan
v3_sc2_staging_13,L4,3,12,1.0,False,False,False,nan,nan,nan
v3_sc2_staging_13,L4,3,13,1.0,False,False,False,nan,nan,nan
v3_sc2_staging_13,L4,3,14,1.0,False,False,False,nan,nan,nan
v3_sc2_staging_13,L4,3,15,1.0,False,False,False,nan,nan,nan
v3_sc2_staging_13,L4,3,16,1.0,False,False,False,nan,nan,nan
v3_sc2_staging_13,L4,3,17,1.0,False,False,False,nan,nan,nan
v3_sc2_staging_13,L4,3,18,1.0,True,False,False,3.4506096654409877,2.1575364531836625,5.434854673873659
v3_sc2_staging_13,L4,3,19,1.0,True,False,False,3.1263455967290597,1.3439088914585775,3.8737855457258084
v3_sc2_staging_13,L4,3,0,1.25,False,False,False,nan,nan,nan
v3_sc2_staging_13,L4,3,1,1.25,True,False,False,4.180508652763321,1.850531854708632,4.484475900232642
v3_sc2_staging_13,L4,3,2,1.25,False,False,False,nan,nan,nan
v3_sc2_staging_13,L4,3,3,1.25,False,False,False,nan,nan,nan
v3_sc2_staging_13,L4,3,4,1.25,False,False,False,nan,nan,nan
v3_sc2_staging_13,L4,3,5,1.25,True,False,False,3.3384776310850235,1.3309833423600557,4.457065664281643
v3_sc2_staging_13,L4,3,6,1.25,True,False,False,5.087615433949869,1.3200274723201297,4.099184710359
v3_sc2_staging_13,L4,3,7,1.25,False,False,False,nan,nan,nan
v3_sc2_staging_13,L4,3,8,1.25,False,False,False,nan,nan,nan
v3_sc2_staging_13,L4,3,9,1.25,False,False,False,nan,nan,nan
v3_sc2_staging_13,L4,3,10,1.25,False,False,False,nan,nan,nan
v3_sc2_staging_13,L4,3,11,1.25,False,False,False,nan,nan,nan
v3_sc2_staging_13,L4,3,12,1.25,False,False,False,nan,nan,nan
v3_sc2_staging_13,L4,3,13,1.25,False,False,False,nan,nan,nan
v3_sc2_staging_13,L4,3,14,1.25,False,False,False,nan,nan,nan
v3_sc2_staging_13,L4,3,15,1.25,False,False,False,nan,nan,nan
v3_sc2_staging_13,L4,3,16,1.25,False,False,False,nan,nan,nan
v3_sc2_staging_13,L4,3,17,1.25,False,False,False,nan,nan,nan
v3_sc2_staging_13,L4,3,18,1.25,True,False,False,3.4506096654409877,2.1575364531836625,5.434854673873659
v3_sc2_staging_13,L4,3,19,1.25,True,False,False,3.1263455967290597,1.3439088914585775,3.8737855457258084
v3_sc2_staging_13,L4,3,0,1.5,False,False,False,nan,nan,nan
v3_sc2_staging_13,L4,3,1,1.5,True,False,False,4.180508652763321,1.850531854708632,4.484475900232642
v3_sc2_staging_13,L4,3,2,1.5,False,False,False,nan,nan,nan
v3_sc2_staging_13,L4,3,3,1.5,False,False,False,nan,nan,nan
v3_sc2_staging_13,L4,3,4,1.5,False,False,False,nan,nan,nan
v3_sc2_staging_13,L4,3,5,1.5,False,False,False,nan,nan,nan
v3_sc2_staging_13,L4,3,6,1.5,False,False,False,nan,nan,nan
v3_sc2_staging_13,L4,3,7,1.5,False,False,False,nan,nan,nan
v3_sc2_staging_13,L4,3,8,1.5,False,False,False,nan,nan,nan
v3_sc2_staging_13,L4,3,9,1.5,False,False,False,nan,nan,nan
v3_sc2_staging_13,L4,3,10,1.5,False,False,False,nan,nan,nan
v3_sc2_staging_13,L4,3,11,1.5,False,False,False,nan,nan,nan
v3_sc2_staging_13,L4,3,12,1.5,False,False,False,nan,nan,nan
v3_sc2_staging_13,L4,3,13,1.5,False,False,False,nan,nan,nan
v3_sc2_staging_13,L4,3,14,1.5,False,False,False,nan,nan,nan
v3_sc2_staging_13,L4,3,15,1.5,False,False,False,nan,nan,nan
v3_sc2_staging_13,L4,3,16,1.5,False,False,False,nan,nan,nan
v3_sc2_staging_13,L4,3,17,1.5,False,False,False,nan,nan,nan
v3_sc2_staging_13,L4,3,18,1.5,True,False,False,3.4506096654409877,2.1575364531836625,5.434854673873659
v3_sc2_staging_13,L4,3,19,1.5,False,False,False,nan,nan,nan
v3_sc2_staging_13,L4,3,0,2.0,False,False,False,nan,nan,nan
v3_sc2_staging_13,L4,3,1,2.0,False,False,False,nan,nan,nan
v3_sc2_staging_13,L4,3,2,2.0,False,False,False,nan,nan,nan
v3_sc2_staging_13,L4,3,3,2.0,False,False,False,nan,nan,nan
v3_sc2_staging_13,L4,3,4,2.0,False,False,False,nan,nan,nan
v3_sc2_staging_13,L4,3,5,2.0,False,False,False,nan,nan,nan
v3_sc2_staging_13,L4,3,6,2.0,False,False,False,nan,nan,nan
v3_sc2_staging_13,L4,3,7,2.0,False,False,False,nan,nan,nan
v3_sc2_staging_13,L4,3,8,2.0,False,False,False,nan,nan,nan
v3_sc2_staging_13,L4,3,9,2.0,False,False,False,nan,nan,nan
v3_sc2_staging_13,L4,3,10,2.0,False,False,False,nan,nan,nan
v3_sc2_staging_13,L4,3,11,2.0,False,False,False,nan,nan,nan
v3_sc2_staging_13,L4,3,12,2.0,False,False,False,nan,nan,nan
v3_sc2_staging_13,L4,3,13,2.0,False,False,False,nan,nan,nan
v3_sc2_staging_13,L4,3,14,2.0,False,False,False,nan,nan,nan
v3_sc2_staging_13,L4,3,15,2.0,False,False,False,nan,nan,nan
v3_sc2_staging_13,L4,3,16,2.0,False,False,False,nan,nan,nan
v3_sc2_staging_13,L4,3,17,2.0,False,False,False,nan,nan,nan
v3_sc2_staging_13,L4,3,18,2.0,True,False,False,3.4506096654409877,2.1575364531836625,5.434854673873659
v3_sc2_staging_13,L4,3,19,2.0,False,False,False,nan,nan,nan
v3_sc2_staging_13,L4,4,0,0.0,False,False,False,nan,nan,nan
v3_sc2_staging_13,L4,4,1,0.0,False,False,False,nan,nan,nan
v3_sc2_staging_13,L4,4,2,0.0,True,False,False,3.0198484809835,1.0297058540778357,3.7573465914816007
v3_sc2_staging_13,L4,4,3,0.0,False,False,False,nan,nan,nan
v3_sc2_staging_13,L4,4,4,0.0,False,False,False,nan,nan,nan
v3_sc2_staging_13,L4,4,5,0.0,True,False,False,3.152081528017131,1.1560495161679196,4.853737012592233
v3_sc2_staging_13,L4,4,6,0.0,False,False,False,nan,nan,nan
v3_sc2_staging_13,L4,4,7,0.0,False,False,False,nan,nan,nan
v3_sc2_staging_13,L4,4,8,0.0,False,False,False,nan,nan,nan
v3_sc2_staging_13,L4,4,9,0.0,False,False,False,nan,nan,nan
v3_sc2_staging_13,L4,4,10,0.0,False,False,False,nan,nan,nan
v3_sc2_staging_13,L4,4,11,0.0,False,False,False,nan,nan,nan
v3_sc2_staging_13,L4,4,12,0.0,False,False,False,nan,nan,nan
v3_sc2_staging_13,L4,4,13,0.0,False,False,False,nan,nan,nan
v3_sc2_staging_13,L4,4,14,0.0,False,False,False,nan,nan,nan
v3_sc2_staging_13,L4,4,15,0.0,False,False,False,nan,nan,nan
v3_sc2_staging_13,L4,4,16,0.0,False,False,False,nan,nan,nan
v3_sc2_staging_13,L4,4,17,0.0,False,False,False,nan,nan,nan
v3_sc2_staging_13,L4,4,18,0.0,False,False,False,nan,nan,nan
v3_sc2_staging_13,L4,4,19,0.0,True,False,False,3.0420310216782975,0.7806248474865698,4.171723450719231
v3_sc2_staging_13,L4,4,0,0.1,False,False,False,nan,nan,nan
v3_sc2_staging_13,L4,4,1,0.1,False,False,False,nan,nan,nan
v3_sc2_staging_13,L4,4,2,0.1,True,False,False,3.0198484809835,1.0297058540778357,3.7573465914816007
v3_sc2_staging_13,L4,4,3,0.1,False,False,False,nan,nan,nan
v3_sc2_staging_13,L4,4,4,0.1,False,False,False,nan,nan,nan
v3_sc2_staging_13,L4,4,5,0.1,True,False,False,3.152081528017131,1.1560495161679196,4.853737012592233
v3_sc2_staging_13,L4,4,6,0.1,False,False,False,nan,nan,nan
v3_sc2_staging_13,L4,4,7,0.1,False,False,False,nan,nan,nan
v3_sc2_staging_13,L4,4,8,0.1,False,False,False,nan,nan,nan
v3_sc2_staging_13,L4,4,9,0.1,False,False,False,nan,nan,nan
v3_sc2_staging_13,L4,4,10,0.1,False,False,False,nan,nan,nan
v3_sc2_staging_13,L4,4,11,0.1,False,False,False,nan,nan,nan
v3_sc2_staging_13,L4,4,12,0.1,False,False,False,nan,nan,nan
v3_sc2_staging_13,L4,4,13,0.1,False,False,False,nan,nan,nan
v3_sc2_staging_13,L4,4,14,0.1,False,False,False,nan,nan,nan
v3_sc2_staging_13,L4,4,15,0.1,False,False,False,nan,nan,nan
v3_sc2_staging_13,L4,4,16,0.1,False,False,False,nan,nan,nan
v3_sc2_staging_13,L4,4,17,0.1,False,False,False,nan,nan,nan
v3_sc2_staging_13,L4,4,18,0.1,False,False,False,nan,nan,nan
v3_sc2_staging_13,L4,4,19,0.1,True,False,False,3.0420310216782975,0.7806248474865698,4.171723450719231
v3_sc2_staging_13,L4,4,0,0.2,False,False,False,nan,nan,nan
v3_sc2_staging_13,L4,4,1,0.2,False,False,False,nan,nan,nan
v3_sc2_staging_13,L4,4,2,0.2,True,False,False,3.0198484809835,1.0297058540778357,3.7573465914816007
v3_sc2_staging_13,L4,4,3,0.2,False,False,False,nan,nan,nan
v3_sc2_staging_13,L4,4,4,0.2,False,False,False,nan,nan,nan
v3_sc2_staging_13,L4,4,5,0.2,True,False,False,3.152081528017131,1.1560495161679196,4.853737012592233
v3_sc2_staging_13,L4,4,6,0.2,False,False,False,nan,nan,nan
v3_sc2_staging_13,L4,4,7,0.2,False,False,False,nan,nan,nan
v3_sc2_staging_13,L4,4,8,0.2,False,False,False,nan,nan,nan
v3_sc2_staging_13,L4,4,9,0.2,False,False,False,nan,nan,nan
v3_sc2_staging_13,L4,4,10,0.2,False,False,False,nan,nan,nan
v3_sc2_staging_13,L4,4,11,0.2,False,False,False,nan,nan,nan
v3_sc2_staging_13,L4,4,12,0.2,False,False,False,nan,nan,nan
v3_sc2_staging_13,L4,4,13,0.2,False,False,False,nan,nan,nan
v3_sc2_staging_13,L4,4,14,0.2,False,False,False,nan,nan,nan
v3_sc2_staging_13,L4,4,15,0.2,False,False,False,nan,nan,nan
v3_sc2_staging_13,L4,4,16,0.2,False,False,False,nan,nan,nan
v3_sc2_staging_13,L4,4,17,0.2,False,False,False,nan,nan,nan
v3_sc2_staging_13,L4,4,18,0.2,False,False,False,nan,nan,nan
v3_sc2_staging_13,L4,4,19,0.2,True,False,False,3.0420310216782975,0.7806248474865698,4.171723450719231
v3_sc2_staging_13,L4,4,0,0.3,False,False,False,nan,nan,nan
v3_sc2_staging_13,L4,4,1,0.3,False,False,False,nan,nan,nan
v3_sc2_staging_13,L4,4,2,0.3,True,False,False,3.0198484809835,1.0297058540778357,3.7573465914816007
v3_sc2_staging_13,L4,4,3,0.3,False,False,False,nan,nan,nan
v3_sc2_staging_13,L4,4,4,0.3,False,False,False,nan,nan,nan
v3_sc2_staging_13,L4,4,5,0.3,True,False,False,3.152081528017131,1.1560495161679196,4.853737012592233
v3_sc2_staging_13,L4,4,6,0.3,False,False,False,nan,nan,nan
v3_sc2_staging_13,L4,4,7,0.3,False,False,False,nan,nan,nan
v3_sc2_staging_13,L4,4,8,0.3,False,False,False,nan,nan,nan
v3_sc2_staging_13,L4,4,9,0.3,False,False,False,nan,nan,nan
v3_sc2_staging_13,L4,4,10,0.3,False,False,False,nan,nan,nan
v3_sc2_staging_13,L4,4,11,0.3,False,False,False,nan,nan,nan
v3_sc2_staging_13,L4,4,12,0.3,False,False,False,nan,nan,nan
v3_sc2_staging_13,L4,4,13,0.3,False,False,False,nan,nan,nan
v3_sc2_staging_13,L4,4,14,0.3,False,False,False,nan,nan,nan
v3_sc2_staging_13,L4,4,15,0.3,False,False,False,nan,nan,nan
v3_sc2_staging_13,L4,4,16,0.3,False,False,False,nan,nan,nan
v3_sc2_staging_13,L4,4,17,0.3,False,False,False,nan,nan,nan
v3_sc2_staging_13,L4,4,18,0.3,False,False,False,nan,nan,nan
v3_sc2_staging_13,L4,4,19,0.3,True,False,False,3.0420310216782975,0.7806248474865698,4.171723450719231
v3_sc2_staging_13,L4,4,0,0.4,False,False,False,nan,nan,nan
v3_sc2_staging_13,L4,4,1,0.4,False,False,False,nan,nan,nan
v3_sc2_staging_13,L4,4,2,0.4,True,False,False,3.0198484809835,1.0297058540778357,3.7573465914816007
v3_sc2_staging_13,L4,4,3,0.4,False,False,False,nan,nan,nan
v3_sc2_staging_13,L4,4,4,0.4,False,False,False,nan,nan,nan
v3_sc2_staging_13,L4,4,5,0.4,True,False,False,3.152081528017131,1.1560495161679196,4.853737012592233
v3_sc2_staging_13,L4,4,6,0.4,False,False,False,nan,nan,nan
v3_sc2_staging_13,L4,4,7,0.4,False,False,False,nan,nan,nan
v3_sc2_staging_13,L4,4,8,0.4,False,False,False,nan,nan,nan
v3_sc2_staging_13,L4,4,9,0.4,False,False,False,nan,nan,nan
v3_sc2_staging_13,L4,4,10,0.4,False,False,False,nan,nan,nan
v3_sc2_staging_13,L4,4,11,0.4,False,False,False,nan,nan,nan
v3_sc2_staging_13,L4,4,12,0.4,False,False,False,nan,nan,nan
v3_sc2_staging_13,L4,4,13,0.4,False,False,False,nan,nan,nan
v3_sc2_staging_13,L4,4,14,0.4,False,False,False,nan,nan,nan
v3_sc2_staging_13,L4,4,15,0.4,False,False,False,nan,nan,nan
v3_sc2_staging_13,L4,4,16,0.4,False,False,False,nan,nan,nan
v3_sc2_staging_13,L4,4,17,0.4,False,False,False,nan,nan,nan
v3_sc2_staging_13,L4,4,18,0.4,False,False,False,nan,nan,nan
v3_sc2_staging_13,L4,4,19,0.4,True,False,False,3.0420310216782975,0.7806248474865698,4.171723450719231
v3_sc2_staging_13,L4,4,0,0.5,False,False,False,nan,nan,nan
v3_sc2_staging_13,L4,4,1,0.5,False,False,False,nan,nan,nan
v3_sc2_staging_13,L4,4,2,0.5,True,False,False,3.0198484809835,1.0297058540778357,3.7573465914816007
v3_sc2_staging_13,L4,4,3,0.5,False,False,False,nan,nan,nan
v3_sc2_staging_13,L4,4,4,0.5,False,False,False,nan,nan,nan
v3_sc2_staging_13,L4,4,5,0.5,True,False,False,3.152081528017131,1.1560495161679196,4.853737012592233
v3_sc2_staging_13,L4,4,6,0.5,False,False,False,nan,nan,nan
v3_sc2_staging_13,L4,4,7,0.5,False,False,False,nan,nan,nan
v3_sc2_staging_13,L4,4,8,0.5,False,False,False,nan,nan,nan
v3_sc2_staging_13,L4,4,9,0.5,False,False,False,nan,nan,nan
v3_sc2_staging_13,L4,4,10,0.5,False,False,False,nan,nan,nan
v3_sc2_staging_13,L4,4,11,0.5,False,False,False,nan,nan,nan
v3_sc2_staging_13,L4,4,12,0.5,False,False,False,nan,nan,nan
v3_sc2_staging_13,L4,4,13,0.5,False,False,False,nan,nan,nan
v3_sc2_staging_13,L4,4,14,0.5,False,False,False,nan,nan,nan
v3_sc2_staging_13,L4,4,15,0.5,False,False,False,nan,nan,nan
v3_sc2_staging_13,L4,4,16,0.5,False,False,False,nan,nan,nan
v3_sc2_staging_13,L4,4,17,0.5,False,False,False,nan,nan,nan
v3_sc2_staging_13,L4,4,18,0.5,False,False,False,nan,nan,nan
v3_sc2_staging_13,L4,4,19,0.5,True,False,False,3.0420310216782975,0.7806248474865698,4.171723450719231
v3_sc2_staging_13,L4,4,0,0.6,False,False,False,nan,nan,nan
v3_sc2_staging_13,L4,4,1,0.6,False,False,False,nan,nan,nan
v3_sc2_staging_13,L4,4,2,0.6,True,False,False,3.0198484809835,1.0297058540778357,3.7573465914816007
v3_sc2_staging_13,L4,4,3,0.6,False,False,False,nan,nan,nan
v3_sc2_staging_13,L4,4,4,0.6,False,False,False,nan,nan,nan
v3_sc2_staging_13,L4,4,5,0.6,True,False,False,3.152081528017131,1.1560495161679196,4.853737012592233
v3_sc2_staging_13,L4,4,6,0.6,False,False,False,nan,nan,nan
v3_sc2_staging_13,L4,4,7,0.6,False,False,False,nan,nan,nan
v3_sc2_staging_13,L4,4,8,0.6,False,False,False,nan,nan,nan
v3_sc2_staging_13,L4,4,9,0.6,False,False,False,nan,nan,nan
v3_sc2_staging_13,L4,4,10,0.6,False,False,False,nan,nan,nan
v3_sc2_staging_13,L4,4,11,0.6,False,False,False,nan,nan,nan
v3_sc2_staging_13,L4,4,12,0.6,False,False,False,nan,nan,nan
v3_sc2_staging_13,L4,4,13,0.6,False,False,False,nan,nan,nan
v3_sc2_staging_13,L4,4,14,0.6,False,False,False,nan,nan,nan
v3_sc2_staging_13,L4,4,15,0.6,False,False,False,nan,nan,nan
v3_sc2_staging_13,L4,4,16,0.6,False,False,False,nan,nan,nan
v3_sc2_staging_13,L4,4,17,0.6,False,False,False,nan,nan,nan
v3_sc2_staging_13,L4,4,18,0.6,False,False,False,nan,nan,nan
v3_sc2_staging_13,L4,4,19,0.6,True,False,False,3.0420310216782975,0.7806248474865698,4.171723450719231
v3_sc2_staging_13,L4,4,0,0.8,False,False,False,nan,nan,nan
v3_sc2_staging_13,L4,4,1,0.8,False,False,False,nan,nan,nan
v3_sc2_staging_13,L4,4,2,0.8,True,False,False,3.0198484809835,1.0297058540778357,3.7573465914816007
v3_sc2_staging_13,L4,4,3,0.8,False,False,False,nan,nan,nan
v3_sc2_staging_13,L4,4,4,0.8,False,False,False,nan,nan,nan
v3_sc2_staging_13,L4,4,5,0.8,True,False,False,3.152081528017131,1.1560495161679196,4.853737012592233
v3_sc2_staging_13,L4,4,6,0.8,False,False,False,nan,nan,nan
v3_sc2_staging_13,L4,4,7,0.8,False,False,False,nan,nan,nan
v3_sc2_staging_13,L4,4,8,0.8,False,False,False,nan,nan,nan
v3_sc2_staging_13,L4,4,9,0.8,False,False,False,nan,nan,nan
v3_sc2_staging_13,L4,4,10,0.8,False,False,False,nan,nan,nan
v3_sc2_staging_13,L4,4,11,0.8,False,False,False,nan,nan,nan
v3_sc2_staging_13,L4,4,12,0.8,False,False,False,nan,nan,nan
v3_sc2_staging_13,L4,4,13,0.8,False,False,False,nan,nan,nan
v3_sc2_staging_13,L4,4,14,0.8,False,False,False,nan,nan,nan
v3_sc2_staging_13,L4,4,15,0.8,False,False,False,nan,nan,nan
v3_sc2_staging_13,L4,4,16,0.8,False,False,False,nan,nan,nan
v3_sc2_staging_13,L4,4,17,0.8,False,False,False,nan,nan,nan
v3_sc2_staging_13,L4,4,18,0.8,False,False,False,nan,nan,nan
v3_sc2_staging_13,L4,4,19,0.8,False,False,False,nan,nan,nan
v3_sc2_staging_13,L4,4,0,1.0,False,False,False,nan,nan,nan
v3_sc2_staging_13,L4,4,1,1.0,False,False,False,nan,nan,nan
v3_sc2_staging_13,L4,4,2,1.0,True,False,False,3.0198484809835,1.0297058540778357,3.7573465914816007
v3_sc2_staging_13,L4,4,3,1.0,False,False,False,nan,nan,nan
v3_sc2_staging_13,L4,4,4,1.0,False,False,False,nan,nan,nan
v3_sc2_staging_13,L4,4,5,1.0,True,False,False,3.152081528017131,1.1560495161679196,4.853737012592233
v3_sc2_staging_13,L4,4,6,1.0,False,False,False,nan,nan,nan
v3_sc2_staging_13,L4,4,7,1.0,False,False,False,nan,nan,nan
v3_sc2_staging_13,L4,4,8,1.0,False,False,False,nan,nan,nan
v3_sc2_staging_13,L4,4,9,1.0,False,False,False,nan,nan,nan
v3_sc2_staging_13,L4,4,10,1.0,False,False,False,nan,nan,nan
v3_sc2_staging_13,L4,4,11,1.0,False,False,False,nan,nan,nan
v3_sc2_staging_13,L4,4,12,1.0,False,False,False,nan,nan,nan
v3_sc2_staging_13,L4,4,13,1.0,False,False,False,nan,nan,nan
v3_sc2_staging_13,L4,4,14,1.0,False,False,False,nan,nan,nan
v3_sc2_staging_13,L4,4,15,1.0,False,False,False,nan,nan,nan
v3_sc2_staging_13,L4,4,16,1.0,False,False,False,nan,nan,nan
v3_sc2_staging_13,L4,4,17,1.0,False,False,False,nan,nan,nan
v3_sc2_staging_13,L4,4,18,1.0,False,False,False,nan,nan,nan
v3_sc2_staging_13,L4,4,19,1.0,False,False,False,nan,nan,nan
v3_sc2_staging_13,L4,4,0,1.25,False,False,False,nan,nan,nan
v3_sc2_staging_13,L4,4,1,1.25,False,False,False,nan,nan,nan
v3_sc2_staging_13,L4,4,2,1.25,False,False,False,nan,nan,nan
v3_sc2_staging_13,L4,4,3,1.25,False,False,False,nan,nan,nan
v3_sc2_staging_13,L4,4,4,1.25,False,False,False,nan,nan,nan
v3_sc2_staging_13,L4,4,5,1.25,False,False,False,nan,nan,nan
v3_sc2_staging_13,L4,4,6,1.25,False,False,False,nan,nan,nan
v3_sc2_staging_13,L4,4,7,1.25,False,False,False,nan,nan,nan
v3_sc2_staging_13,L4,4,8,1.25,False,False,False,nan,nan,nan
v3_sc2_staging_13,L4,4,9,1.25,False,False,False,nan,nan,nan
v3_sc2_staging_13,L4,4,10,1.25,False,False,False,nan,nan,nan
v3_sc2_staging_13,L4,4,11,1.25,False,False,False,nan,nan,nan
v3_sc2_staging_13,L4,4,12,1.25,False,False,False,nan,nan,nan
v3_sc2_staging_13,L4,4,13,1.25,False,False,False,nan,nan,nan
v3_sc2_staging_13,L4,4,14,1.25,False,False,False,nan,nan,nan
v3_sc2_staging_13,L4,4,15,1.25,False,False,False,nan,nan,nan
v3_sc2_staging_13,L4,4,16,1.25,False,False,False,nan,nan,nan
v3_sc2_staging_13,L4,4,17,1.25,False,False,False,nan,nan,nan
v3_sc2_staging_13,L4,4,18,1.25,False,False,False,nan,nan,nan
v3_sc2_staging_13,L4,4,19,1.25,False,False,False,nan,nan,nan
v3_sc2_staging_13,L4,4,0,1.5,False,False,False,nan,nan,nan
v3_sc2_staging_13,L4,4,1,1.5,False,False,False,nan,nan,nan
v3_sc2_staging_13,L4,4,2,1.5,False,False,False,nan,nan,nan
v3_sc2_staging_13,L4,4,3,1.5,False,False,False,nan,nan,nan
v3_sc2_staging_13,L4,4,4,1.5,False,False,False,nan,nan,nan
v3_sc2_staging_13,L4,4,5,1.5,False,False,False,nan,nan,nan
v3_sc2_staging_13,L4,4,6,1.5,False,False,False,nan,nan,nan
v3_sc2_staging_13,L4,4,7,1.5,False,False,False,nan,nan,nan
v3_sc2_staging_13,L4,4,8,1.5,False,False,False,nan,nan,nan
v3_sc2_staging_13,L4,4,9,1.5,False,False,False,nan,nan,nan
v3_sc2_staging_13,L4,4,10,1.5,False,False,False,nan,nan,nan
v3_sc2_staging_13,L4,4,11,1.5,False,False,False,nan,nan,nan
v3_sc2_staging_13,L4,4,12,1.5,False,False,False,nan,nan,nan
v3_sc2_staging_13,L4,4,13,1.5,False,False,False,nan,nan,nan
v3_sc2_staging_13,L4,4,14,1.5,False,False,False,nan,nan,nan
v3_sc2_staging_13,L4,4,15,1.5,False,False,False,nan,nan,nan
v3_sc2_staging_13,L4,4,16,1.5,False,False,False,nan,nan,nan
v3_sc2_staging_13,L4,4,17,1.5,False,False,False,nan,nan,nan
v3_sc2_staging_13,L4,4,18,1.5,False,False,False,nan,nan,nan
v3_sc2_staging_13,L4,4,19,1.5,False,False,False,nan,nan,nan
v3_sc2_staging_13,L4,4,0,2.0,False,False,False,nan,nan,nan
v3_sc2_staging_13,L4,4,1,2.0,False,False,False,nan,nan,nan
v3_sc2_staging_13,L4,4,2,2.0,False,False,False,nan,nan,nan
v3_sc2_staging_13,L4,4,3,2.0,False,False,False,nan,nan,nan
v3_sc2_staging_13,L4,4,4,2.0,False,False,False,nan,nan,nan
v3_sc2_staging_13,L4,4,5,2.0,False,False,False,nan,nan,nan
v3_sc2_staging_13,L4,4,6,2.0,False,False,False,nan,nan,nan
v3_sc2_staging_13,L4,4,7,2.0,False,False,False,nan,nan,nan
v3_sc2_staging_13,L4,4,8,2.0,False,False,False,nan,nan,nan
v3_sc2_staging_13,L4,4,9,2.0,False,False,False,nan,nan,nan
v3_sc2_staging_13,L4,4,10,2.0,False,False,False,nan,nan,nan
v3_sc2_staging_13,L4,4,11,2.0,False,False,False,nan,nan,nan
v3_sc2_staging_13,L4,4,12,2.0,False,False,False,nan,nan,nan
v3_sc2_staging_13,L4,4,13,2.0,False,False,False,nan,nan,nan
v3_sc2_staging_13,L4,4,14,2.0,False,False,False,nan,nan,nan
v3_sc2_staging_13,L4,4,15,2.0,False,False,False,nan,nan,nan
v3_sc2_staging_13,L4,4,16,2.0,False,False,False,nan,nan,nan
v3_sc2_staging_13,L4,4,17,2.0,False,False,False,nan,nan,nan
v3_sc2_staging_13,L4,4,18,2.0,False,False,False,nan,nan,nan
v3_sc2_staging_13,L4,4,19,2.0,False,False,False,nan,nan,nan
