scene,level,seed,ate,endpoint_drift,n_ent_indoor_plant,off_grid_indoor_plant,label_score_indoor_plant,miss_gtlab_indoor_plant,miss_pred_indoor_plant_0.00,miss_pred_indoor_plant_0.01,miss_pred_indoor_plant_0.02,miss_pred_indoor_plant_0.03,miss_pred_indoor_plant_0.04,miss_pred_indoor_plant_0.05,miss_pred_indoor_plant_0.06,miss_pred_indoor_plant_0.07,miss_pred_indoor_plant_0.08,miss_pred_indoor_plant_0.09,miss_pred_indoor_plant_0.10,miss_pred_indoor_plant_0.11,miss_pred_indoor_plant_0.12,miss_pred_indoor_plant_0.13,miss_pred_indoor_plant_0.14,miss_pred_indoor_plant_0.15,miss_pred_indoor_plant_0.16,miss_pred_indoor_plant_0.17,miss_pred_indoor_plant_0.18,miss_pred_indoor_plant_0.19,miss_pred_indoor_plant_0.20,miss_pred_indoor_plant_0.21,miss_pred_indoor_plant_0.22,miss_pred_indoor_plant_0.23,miss_pred_indoor_plant_0.24,miss_pred_indoor_plant_0.25,miss_pred_indoor_plant_0.26,miss_pred_indoor_plant_0.27,miss_pred_indoor_plant_0.28,miss_pred_indoor_plant_0.29,miss_pred_indoor_plant_0.30,miss_pred_indoor_plant_0.31,miss_pred_indoor_plant_0.32,miss_pred_indoor_plant_0.33,miss_pred_indoor_plant_0.34,miss_pred_indoor_plant_0.35,miss_pred_indoor_plant_0.36,miss_pred_indoor_plant_0.37,miss_pred_indoor_plant_0.38,miss_pred_indoor_plant_0.39,miss_pred_indoor_plant_0.40,miss_pred_indoor_plant_0.41,miss_pred_indoor_plant_0.42,miss_pred_indoor_plant_0.43,miss_pred_indoor_plant_0.44,miss_pred_indoor_plant_0.45,miss_pred_indoor_plant_0.46,miss_pred_indoor_plant_0.47,miss_pred_indoor_plant_0.48,miss_pred_indoor_plant_0.49,miss_pred_indoor_plant_0.50,n_ent_tv_stand,off_grid_tv_stand,label_score_tv_stand,miss_gtlab_tv_stand,miss_pred_tv_stand_0.00,miss_pred_tv_stand_0.01,miss_pred_tv_stand_0.02,miss_pred_tv_stand_0.03,miss_pred_tv_stand_0.04,miss_pred_tv_stand_0.05,miss_pred_tv_stand_0.06,miss_pred_tv_stand_0.07,miss_pred_tv_stand_0.08,miss_pred_tv_stand_0.09,miss_pred_tv_stand_0.10,miss_pred_tv_stand_0.11,miss_pred_tv_stand_0.12,miss_pred_tv_stand_0.13,miss_pred_tv_stand_0.14,miss_pred_tv_stand_0.15,miss_pred_tv_stand_0.16,miss_pred_tv_stand_0.17,miss_pred_tv_stand_0.18,miss_pred_tv_stand_0.19,miss_pred_tv_stand_0.20,miss_pred_tv_stand_0.21,miss_pred_tv_stand_0.22,miss_pred_tv_stand_0.23,miss_pred_tv_stand_0.24,miss_pred_tv_stand_0.25,miss_pred_tv_stand_0.26,miss_pred_tv_stand_0.27,miss_pred_tv_stand_0.28,miss_pred_tv_stand_0.29,miss_pred_tv_stand_0.30,miss_pred_tv_stand_0.31,miss_pred_tv_stand_0.32,miss_pred_tv_stand_0.33,miss_pred_tv_stand_0.34,miss_pred_tv_stand_0.35,miss_pred_tv_stand_0.36,miss_pred_tv_stand_0.37,miss_pred_tv_stand_0.38,miss_pred_tv_stand_0.39,miss_pred_tv_stand_0.40,miss_pred_tv_stand_0.41,miss_pred_tv_stand_0.42,miss_pred_tv_stand_0.43,miss_pred_tv_stand_0.44,miss_pred_tv_stand_0.45,miss_pred_tv_stand_0.46,miss_pred_tv_stand_0.47,miss_pred_tv_stand_0.48,miss_pred_tv_stand_0.49,miss_pred_tv_stand_0.50,n_ent_bike,off_grid_bike,label_score_bike,miss_gtlab_bike,miss_pred_bike_0.00,miss_pred_bike_0.01,miss_pred_bike_0.02,miss_pred_bike_0.03,miss_pred_bike_0.04,miss_pred_bike_0.05,miss_pred_bike_0.06,miss_pred_bike_0.07,miss_pred_bike_0.08,miss_pred_bike_0.09,miss_pred_bike_0.10,miss_pred_bike_0.11,miss_pred_bike_0.12,miss_pred_bike_0.13,miss_pred_bike_0.14,miss_pred_bike_0.15,miss_pred_bike_0.16,miss_pred_bike_0.17,miss_pred_bike_0.18,miss_pred_bike_0.19,miss_pred_bike_0.20,miss_pred_bike_0.21,miss_pred_bike_0.22,miss_pred_bike_0.23,miss_pred_bike_0.24,miss_pred_bike_0.25,miss_pred_bike_0.26,miss_pred_bike_0.27,miss_pred_bike_0.28,miss_pred_bike_0.29,miss_pred_bike_0.30,miss_pred_bike_0.31,miss_pred_bike_0.32,miss_pred_bike_0.33,miss_pred_bike_0.34,miss_pred_bike_0.35,miss_pred_bike_0.36,miss_pred_bike_0.37,miss_pred_bike_0.38,miss_pred_bike_0.39,miss_pred_bike_0.40,miss_pred_bike_0.41,miss_pred_bike_0.42,miss_pred_bike_0.43,miss_pred_bike_0.44,miss_pred_bike_0.45,miss_pred_bike_0.46,miss_pred_bike_0.47,miss_pred_bike_0.48,miss_pred_bike_0.49,miss_pred_bike_0.50
apt_0,L0,0,6.026658436582963e-14,3.131947442643183e-15,3,0,1.0,0.0,0.0,0.1,0.223606797749979,0.25,0.25,0.25,0.25,0.32015621187164245,0.32015621187164245,0.32015621187164245,0.32015621187164245,0.32015621187164245,0.32015621187164245,0.32015621187164245,0.32015621187164245,0.32015621187164245,0.32015621187164245,0.32015621187164245,0.32015621187164245,0.32015621187164245,0.32015621187164245,0.32015621187164245,0.32015621187164245,0.32015621187164245,0.32015621187164245,0.32015621187164245,0.32015621187164245,0.32015621187164245,0.32015621187164245,0.32015621187164245,0.3354101966249685,0.3354101966249685,0.3354101966249685,0.3354101966249685,0.3354101966249685,0.3354101966249685,0.3354101966249685,0.3354101966249685,0.3354101966249685,0.3354101966249685,0.3354101966249685,0.3354101966249685,0.3354101966249685,0.3354101966249685,0.3354101966249685,0.3354101966249685,0.3354101966249685,0.3354101966249685,0.3354101966249685,0.3354101966249685,0.3354101966249685,1,0,1.0,0.0,0.0,0.14142135623730953,0.14142135623730953,0.14142135623730953,0.14142135623730953,0.14142135623730953,0.14142135623730953,0.18027756377319948,0.18027756377319948,0.18027756377319948,0.18027756377319948,0.20615528128088303,0.21213203435596426,0.21213203435596426,0.21213203435596426,0.21213203435596426,0.21213203435596426,0.21213203435596426,0.21213203435596426,0.2692582403567252,0.2692582403567252,0.2692582403567252,0.2692582403567252,0.2692582403567252,0.29154759474226505,0.29154759474226505,0.29154759474226505,0.29154759474226505,0.29154759474226505,0.29154759474226505,0.29154759474226505,0.29154759474226505,0.29154759474226505,0.29154759474226505,0.32015621187164245,0.32015621187164245,0.32015621187164245,0.32015621187164245,0.32015621187164245,0.4,0.4,0.4,0.4242640687119285,0.42720018726587655,0.42720018726587655,0.45,0.45,0.45,0.45,0.45,0.4609772228646444,2,0,1.0,0.0,0.0,0.1118033988749895,0.1118033988749895,0.20615528128088303,0.21213203435596426,0.21213203435596426,0.21213203435596426,0.21213203435596426,0.25495097567963926,0.25495097567963926,0.25495097567963926,0.25495097567963926,0.25495097567963926,0.32015621187164245,0.36055512754639896,0.36055512754639896,0.36055512754639896,0.40311288741492746,0.40311288741492746,0.40311288741492746,0.40311288741492746,0.40311288741492746,0.5408326913195984,0.5408326913195984,0.5590169943749475,0.5590169943749475,0.5590169943749475,3.0,3.0,3.0,3.0,3.0,3.0,3.0,3.0,3.0,3.0,3.0,3.0,3.0,3.0,3.0,3.0,3.0,3.0,3.0,3.0,3.0,3.0,3.0,3.0
apt_0,L1,0,0.0035205914124310693,0.00019106138260769517,3,0,2.0,0.07071067811865477,0.07071067811865477,0.1,0.20615528128088303,0.223606797749979,0.25,0.25,0.25,0.32015621187164245,0.32015621187164245,0.32015621187164245,0.32015621187164245,0.32015621187164245,0.32015621187164245,0.32015621187164245,0.32015621187164245,0.32015621187164245,0.32015621187164245,0.32015621187164245,0.32015621187164245,0.32015621187164245,0.32015621187164245,0.32015621187164245,0.32015621187164245,0.32015621187164245,0.32015621187164245,0.32015621187164245,0.32015621187164245,0.32015621187164245,0.32015621187164245,0.32015621187164245,0.32015621187164245,0.32015621187164245,0.3535533905932738,0.3535533905932738,0.3535533905932738,0.3535533905932738,0.3535533905932738,0.3535533905932738,0.3905124837953327,0.3905124837953327,0.3905124837953327,0.3905124837953327,0.3905124837953327,0.3905124837953327,0.3905124837953327,0.3905124837953327,0.3905124837953327,0.5,0.5,0.5,0.5,1,0,1.0,0.0,0.0,0.14142135623730953,0.14142135623730953,0.14142135623730953,0.14142135623730953,0.14142135623730953,0.14142135623730953,0.14142135623730953,0.15000000000000002,0.18027756377319948,0.18027756377319948,0.18027756377319948,0.2,0.2,0.21213203435596426,0.21213203435596426,0.21213203435596426,0.21213203435596426,0.21213203435596426,0.2692582403567252,0.2692582403567252,0.2692582403567252,0.2692582403567252,0.2692582403567252,0.2692582403567252,0.2692582403567252,0.2692582403567252,0.29154759474226505,0.29154759474226505,0.29154759474226505,0.29154759474226505,0.29154759474226505,0.29154759474226505,0.32015621187164245,0.32015621187164245,0.32015621187164245,0.32015621187164245,0.32015621187164245,0.32015621187164245,0.32015621187164245,0.32015621187164245,0.4242640687119285,0.4242640687119285,0.45,0.45,0.4609772228646444,0.4609772228646444,0.4609772228646444,0.49244289008980524,0.5099019513592785,0.5220153254455275,2,0,2.0,0.1118033988749895,0.1118033988749895,0.1118033988749895,0.20615528128088303,0.20615528128088303,0.21213203435596426,0.21213203435596426,0.21213203435596426,0.223606797749979,0.25495097567963926,0.25495097567963926,0.25495097567963926,0.25495097567963926,0.25495097567963926,0.32015621187164245,0.36055512754639896,0.36055512754639896,0.36055512754639896,0.36055512754639896,0.40311288741492746,0.40311288741492746,0.40311288741492746,0.40311288741492746,0.40311288741492746,0.40311288741492746,0.5590169943749475,0.5590169943749475,0.5590169943749475,3.0,3.0,3.0,3.0,3.0,3.0,3.0,3.0,3.0,3.0,3.0,3.0,3.0,3.0,3.0,3.0,3.0,3.0,3.0,3.0,3.0,3.0,3.0,3.0
apt_0,L1,1,0.004874279921322746,0.00030389765113197816,3,0,2.0,0.2,0.07071067811865477,0.07071067811865477,0.223606797749979,0.25,0.25,0.25,0.25,0.32015621187164245,0.32015621187164245,0.32015621187164245,0.32015621187164245,0.32015621187164245,0.32015621187164245,0.32015621187164245,0.32015621187164245,0.32015621187164245,0.32015621187164245,0.32015621187164245,0.32015621187164245,0.32015621187164245,0.32015621187164245,0.32015621187164245,0.32015621187164245,0.32015621187164245,0.32015621187164245,0.32015621187164245,0.32015621187164245,0.32015621187164245,0.32015621187164245,0.32015621187164245,0.32015621187164245,0.32015621187164245,0.32015621187164245,0.3535533905932738,0.3535533905932738,0.3905124837953327,0.3905124837953327,0.3905124837953327,0.3905124837953327,0.3905124837953327,0.3905124837953327,0.3905124837953327,0.3905124837953327,0.3905124837953327,0.3905124837953327,0.3905124837953327,0.3905124837953327,0.3905124837953327,0.3905124837953327,0.3905124837953327,0.3905124837953327,1,0,1.0,0.0,0.0,0.14142135623730953,0.14142135623730953,0.14142135623730953,0.14142135623730953,0.14142135623730953,0.14142135623730953,0.18027756377319948,0.18027756377319948,0.18027756377319948,0.20615528128088303,0.20615528128088303,0.20615528128088303,0.21213203435596426,0.21213203435596426,0.21213203435596426,0.21213203435596426,0.21213203435596426,0.21213203435596426,0.21213203435596426,0.2692582403567252,0.2692582403567252,0.2692582403567252,0.2692582403567252,0.28284271247461906,0.28284271247461906,0.28284271247461906,0.29154759474226505,0.29154759474226505,0.29154759474226505,0.29154759474226505,0.29154759474226505,0.29154759474226505,0.29154759474226505,0.32015621187164245,0.32015621187164245,0.32015621187164245,0.32015621187164245,0.32015621187164245,0.32015621187164245,0.4242640687119285,0.4242640687119285,0.4242640687119285,0.45,0.45276925690687087,0.4609772228646444,0.4609772228646444,0.4609772228646444,0.4609772228646444,0.4609772228646444,0.5024937810560445,2,0,2.0,0.1118033988749895,0.1118033988749895,0.1118033988749895,0.20615528128088303,0.21213203435596426,0.21213203435596426,0.21213203435596426,0.21213203435596426,0.223606797749979,0.25495097567963926,0.25495097567963926,0.25495097567963926,0.25495097567963926,0.25495097567963926,0.28284271247461906,0.28284271247461906,0.32015621187164245,0.32015621187164245,0.32015621187164245,0.36055512754639896,0.40311288741492746,0.40311288741492746,0.40311288741492746,0.40311288741492746,0.40311288741492746,0.5590169943749475,0.5590169943749475,0.570087712549569,3.0,3.0,3.0,3.0,3.0,3.0,3.0,3.0,3.0,3.0,3.0,3.0,3.0,3.0,3.0,3.0,3.0,3.0,3.0,3.0,3.0,3.0,3.0,3.0
apt_0,L1,2,0.016477083121254215,0.00024366285726631895,3,0,2.0,0.07071067811865477,0.07071067811865477,0.07071067811865477,0.1,0.15000000000000002,0.20615528128088303,0.20615528128088303,0.25,0.32015621187164245,0.32015621187164245,0.32015621187164245,0.32015621187164245,0.32015621187164245,0.32015621187164245,0.32015621187164245,0.32015621187164245,0.32015621187164245,0.32015621187164245,0.32015621187164245,0.32015621187164245,0.32015621187164245,0.32015621187164245,0.32015621187164245,0.32015621187164245,0.32015621187164245,0.3535533905932738,0.3535533905932738,0.3535533905932738,0.3535533905932738,0.3535533905932738,0.3535533905932738,0.36055512754639896,0.36055512754639896,0.36055512754639896,0.36055512754639896,0.36055512754639896,0.36055512754639896,0.36055512754639896,0.36055512754639896,0.36055512754639896,0.36055512754639896,0.36055512754639896,0.36055512754639896,0.36055512754639896,0.4242640687119285,0.4242640687119285,0.4242640687119285,0.4242640687119285,0.4242640687119285,0.4242640687119285,0.4242640687119285,0.4242640687119285,1,0,2.0,0.07071067811865477,0.05,0.1,0.1,0.1,0.1,0.1,0.1,0.1,0.14142135623730953,0.14142135623730953,0.14142135623730953,0.14142135623730953,0.14142135623730953,0.14142135623730953,0.14142135623730953,0.15000000000000002,0.2,0.20615528128088303,0.20615528128088303,0.20615528128088303,0.20615528128088303,0.223606797749979,0.223606797749979,0.25,0.25,0.25,0.25,0.25,0.25,0.25,0.25,0.28284271247461906,0.28284271247461906,0.28284271247461906,0.28284271247461906,0.29154759474226505,0.29154759474226505,0.29154759474226505,0.29154759474226505,0.29154759474226505,0.29154759474226505,0.36055512754639896,0.38078865529319544,0.38078865529319544,0.40311288741492746,0.447213595499958,0.447213595499958,0.447213595499958,0.447213595499958,0.6264982043070835,0.651920240520265,2,0,2.0,0.05,0.05,0.1118033988749895,0.18027756377319948,0.18027756377319948,0.21213203435596426,0.21213203435596426,0.223606797749979,0.223606797749979,0.25,0.28284271247461906,0.28284271247461906,0.28284271247461906,0.28284271247461906,0.28284271247461906,0.32015621187164245,0.36055512754639896,0.36055512754639896,0.36055512754639896,0.36055512754639896,0.40311288741492746,0.40311288741492746,0.40311288741492746,0.40311288741492746,0.40311288741492746,0.570087712549569,0.570087712549569,0.570087712549569,1.264911064067352,1.264911064067352,3.0,3.0,3.0,3.0,3.0,3.0,3.0,3.0,3.0,3.0,3.0,3.0,3.0,3.0,3.0,3.0,3.0,3.0,3.0,3.0,3.0,3.0
apt_0,L1,3,0.01350725942471137,0.0004145544134831109,3,0,2.0,0.07071067811865477,0.05,0.05,0.07071067811865477,0.15000000000000002,0.15000000000000002,0.15000000000000002,0.15000000000000002,0.20615528128088303,0.32015621187164245,0.32015621187164245,0.32015621187164245,0.32015621187164245,0.32015621187164245,0.32015621187164245,0.32015621187164245,0.32015621187164245,0.32015621187164245,0.32015621187164245,0.32015621187164245,0.32015621187164245,0.32015621187164245,0.32015621187164245,0.32015621187164245,0.32015621187164245,0.32015621187164245,0.32015621187164245,0.32015621187164245,0.32015621187164245,0.32015621187164245,0.32015621187164245,0.32015621187164245,0.32015621187164245,0.32015621187164245,0.3535533905932738,0.3535533905932738,0.36055512754639896,0.36055512754639896,0.36055512754639896,0.36055512754639896,0.36055512754639896,0.36055512754639896,0.36055512754639896,0.36055512754639896,0.36055512754639896,0.36055512754639896,0.36055512754639896,0.36055512754639896,0.5,0.5,0.5,0.5,1,0,2.0,0.05,0.05,0.15000000000000002,0.15000000000000002,0.15000000000000002,0.15000000000000002,0.15000000000000002,0.15000000000000002,0.15000000000000002,0.15000000000000002,0.158113883008419,0.18027756377319948,0.18027756377319948,0.18027756377319948,0.18027756377319948,0.18027756377319948,0.18027756377319948,0.223606797749979,0.25,0.25,0.25,0.25,0.25,0.25,0.25,0.25,0.25,0.25,0.25,0.25495097567963926,0.2692582403567252,0.2692582403567252,0.2692582403567252,0.2692582403567252,0.32015621187164245,0.32015621187164245,0.32015621187164245,0.32015621187164245,0.32015621187164245,0.32015621187164245,0.40311288741492746,0.40311288741492746,0.5656854249492381,0.5656854249492381,0.5656854249492381,0.570087712549569,0.570087712549569,0.6403124237432849,0.6403124237432849,0.6403124237432849,0.7615773105863909,0.7615773105863909,2,0,2.0,0.1118033988749895,0.1118033988749895,0.1118033988749895,0.1118033988749895,0.21213203435596426,0.21213203435596426,0.21213203435596426,0.21213203435596426,0.223606797749979,0.223606797749979,0.25,0.25,0.28284271247461906,0.28284271247461906,0.28284271247461906,0.28284271247461906,0.28284271247461906,0.28284271247461906,0.32015621187164245,0.36055512754639896,0.36055512754639896,0.36055512754639896,0.36055512754639896,0.40311288741492746,0.40311288741492746,0.4301162633521314,0.4301162633521314,0.4301162633521314,1.25,1.25,1.25,3.0,3.0,3.0,3.0,3.0,3.0,3.0,3.0,3.0,3.0,3.0,3.0,3.0,3.0,3.0,3.0,3.0,3.0,3.0,3.0,3.0
apt_0,L1,4,0.004285949872388843,0.00013097016554619597,3,0,2.0,0.05,0.05,0.07071067811865477,0.223606797749979,0.25,0.25,0.25,0.25,0.32015621187164245,0.32015621187164245,0.32015621187164245,0.32015621187164245,0.32015621187164245,0.32015621187164245,0.32015621187164245,0.32015621187164245,0.32015621187164245,0.32015621187164245,0.32015621187164245,0.32015621187164245,0.32015621187164245,0.32015621187164245,0.32015621187164245,0.32015621187164245,0.32015621187164245,0.32015621187164245,0.32015621187164245,0.32015621187164245,0.32015621187164245,0.32015621187164245,0.32015621187164245,0.32015621187164245,0.32015621187164245,0.3354101966249685,0.3354101966249685,0.3354101966249685,0.3354101966249685,0.3354101966249685,0.3354101966249685,0.3354101966249685,0.3354101966249685,0.3354101966249685,0.3354101966249685,0.3354101966249685,0.3354101966249685,0.3354101966249685,0.3354101966249685,0.3354101966249685,0.3354101966249685,0.3354101966249685,0.3354101966249685,0.3354101966249685,1,0,2.0,0.05,0.05,0.14142135623730953,0.14142135623730953,0.14142135623730953,0.14142135623730953,0.14142135623730953,0.14142135623730953,0.14142135623730953,0.14142135623730953,0.20615528128088303,0.20615528128088303,0.20615528128088303,0.20615528128088303,0.20615528128088303,0.20615528128088303,0.20615528128088303,0.21213203435596426,0.21213203435596426,0.2692582403567252,0.2692582403567252,0.2692582403567252,0.2692582403567252,0.2692582403567252,0.28284271247461906,0.29154759474226505,0.29154759474226505,0.29154759474226505,0.29154759474226505,0.29154759474226505,0.29154759474226505,0.29154759474226505,0.29154759474226505,0.32015621187164245,0.32015621187164245,0.32015621187164245,0.32015621187164245,0.32015621187164245,0.32015621187164245,0.32015621187164245,0.32015621187164245,0.32015621187164245,0.4242640687119285,0.4242640687119285,0.42720018726587655,0.42720018726587655,0.45,0.45276925690687087,0.45276925690687087,0.45276925690687087,0.45276925690687087,0.5147815070493501,2,0,2.0,0.05,0.05,0.1118033988749895,0.1118033988749895,0.20615528128088303,0.21213203435596426,0.21213203435596426,0.223606797749979,0.223606797749979,0.25495097567963926,0.25495097567963926,0.25495097567963926,0.25495097567963926,0.32015621187164245,0.36055512754639896,0.36055512754639896,0.36055512754639896,0.36055512754639896,0.36055512754639896,0.40311288741492746,0.40311288741492746,0.40311288741492746,0.40311288741492746,0.40311288741492746,0.5315072906367325,0.5590169943749475,0.5590169943749475,0.5590169943749475,0.5590169943749475,0.70178344238091,3.0,3.0,3.0,3.0,3.0,3.0,3.0,3.0,3.0,3.0,3.0,3.0,3.0,3.0,3.0,3.0,3.0,3.0,3.0,3.0,3.0,3.0
apt_0,L1,5,0.007895800157911213,0.00012262394246138748,3,0,2.0,0.07071067811865477,0.07071067811865477,0.07071067811865477,0.1,0.2,0.2,0.2,0.25,0.32015621187164245,0.32015621187164245,0.32015621187164245,0.32015621187164245,0.32015621187164245,0.32015621187164245,0.32015621187164245,0.32015621187164245,0.32015621187164245,0.32015621187164245,0.32015621187164245,0.32015621187164245,0.32015621187164245,0.32015621187164245,0.32015621187164245,0.32015621187164245,0.32015621187164245,0.32015621187164245,0.32015621187164245,0.32015621187164245,0.32015621187164245,0.32015621187164245,0.32015621187164245,0.3354101966249685,0.3354101966249685,0.3354101966249685,0.3354101966249685,0.3354101966249685,0.3354101966249685,0.3354101966249685,0.3354101966249685,0.3354101966249685,0.3354101966249685,0.3354101966249685,0.3354101966249685,0.3354101966249685,0.3354101966249685,0.3354101966249685,0.3354101966249685,0.3354101966249685,0.3354101966249685,0.3354101966249685,0.3354101966249685,0.3354101966249685,1,0,2.0,0.05,0.05,0.14142135623730953,0.14142135623730953,0.14142135623730953,0.14142135623730953,0.14142135623730953,0.15000000000000002,0.18027756377319948,0.18027756377319948,0.18027756377319948,0.18027756377319948,0.18027756377319948,0.20615528128088303,0.20615528128088303,0.20615528128088303,0.20615528128088303,0.20615528128088303,0.20615528128088303,0.20615528128088303,0.20615528128088303,0.2692582403567252,0.2692582403567252,0.2692582403567252,0.2692582403567252,0.2692582403567252,0.2692582403567252,0.2692582403567252,0.2692582403567252,0.2692582403567252,0.28284271247461906,0.28284271247461906,0.29154759474226505,0.29154759474226505,0.29154759474226505,0.29154759474226505,0.29154759474226505,0.29154759474226505,0.29154759474226505,0.29154759474226505,0.3354101966249685,0.3354101966249685,0.49244289008980524,0.5315072906367325,0.5315072906367325,0.5315072906367325,0.5315072906367325,0.5315072906367325,0.5315072906367325,0.5315072906367325,0.5315072906367325,0.73824115301167,2,0,2.0,0.05,0.05,0.1118033988749895,0.1118033988749895,0.20615528128088303,0.21213203435596426,0.21213203435596426,0.223606797749979,0.223606797749979,0.25,0.25,0.25,0.28284271247461906,0.32015621187164245,0.32015621187164245,0.32015621187164245,0.36055512754639896,0.36055512754639896,0.36055512754639896,0.40311288741492746,0.40311288741492746,0.40311288741492746,0.40311288741492746,0.40311288741492746,0.5315072906367325,0.5590169943749475,0.5590169943749475,0.5590169943749475,0.5590169943749475,0.70178344238091,3.0,3.0,3.0,3.0,3.0,3.0,3.0,3.0,3.0,3.0,3.0,3.0,3.0,3.0,3.0,3.0,3.0,3.0,3.0,3.0,3.0,3.0
apt_0,L1,6,0.00873121227721726,0.0003876546401700713,3,0,2.0,0.15000000000000002,0.07071067811865477,0.1118033988749895,0.18027756377319948,0.25,0.25,0.25,0.25,0.29154759474226505,0.29154759474226505,0.29154759474226505,0.29154759474226505,0.29154759474226505,0.29154759474226505,0.29154759474226505,0.29154759474226505,0.29154759474226505,0.29154759474226505,0.29154759474226505,0.29154759474226505,0.29154759474226505,0.29154759474226505,0.29154759474226505,0.29154759474226505,0.29154759474226505,0.29154759474226505,0.29154759474226505,0.29154759474226505,0.29154759474226505,0.29154759474226505,0.29154759474226505,0.29154759474226505,0.29154759474226505,0.29154759474226505,0.29154759474226505,0.29154759474226505,0.29154759474226505,0.29154759474226505,0.29154759474226505,0.29154759474226505,0.3535533905932738,0.3905124837953327,0.3905124837953327,0.3905124837953327,0.3905124837953327,0.3905124837953327,0.3905124837953327,0.3905124837953327,0.5,0.5,0.5,0.5,1,0,2.0,0.05,0.05,0.1,0.1,0.1,0.1118033988749895,0.15000000000000002,0.15000000000000002,0.15000000000000002,0.20615528128088303,0.20615528128088303,0.20615528128088303,0.20615528128088303,0.21213203435596426,0.21213203435596426,0.21213203435596426,0.223606797749979,0.223606797749979,0.223606797749979,0.223606797749979,0.223606797749979,0.223606797749979,0.25495097567963926,0.25495097567963926,0.25495097567963926,0.25495097567963926,0.25495097567963926,0.25495097567963926,0.25495097567963926,0.2692582403567252,0.2692582403567252,0.32015621187164245,0.32015621187164245,0.32015621187164245,0.32015621187164245,0.32015621187164245,0.32015621187164245,0.32015621187164245,0.32015621187164245,0.32015621187164245,0.32015621187164245,0.3354101966249685,0.3354101966249685,0.45,0.45,0.45,0.45,0.45276925690687087,0.45276925690687087,0.5024937810560445,0.5024937810560445,0.5147815070493501,2,0,2.0,0.1118033988749895,0.1118033988749895,0.1118033988749895,0.1118033988749895,0.223606797749979,0.223606797749979,0.25495097567963926,0.25495097567963926,0.25495097567963926,0.25495097567963926,0.25495097567963926,0.25495097567963926,0.25495097567963926,0.28284271247461906,0.28284271247461906,0.32015621187164245,0.32015621187164245,0.36055512754639896,0.36055512754639896,0.40311288741492746,0.40311288741492746,0.40311288741492746,0.40311288741492746,0.5408326913195984,0.5408326913195984,1.25,1.264911064067352,1.264911064067352,3.0,3.0,3.0,3.0,3.0,3.0,3.0,3.0,3.0,3.0,3.0,3.0,3.0,3.0,3.0,3.0,3.0,3.0,3.0,3.0,3.0,3.0,3.0,3.0
apt_0,L1,7,0.008390850427957227,0.00023188555938306142,3,0,2.0,0.15000000000000002,0.1118033988749895,0.1118033988749895,0.1118033988749895,0.1118033988749895,0.2,0.25,0.25,0.25,0.25,0.29154759474226505,0.29154759474226505,0.29154759474226505,0.29154759474226505,0.29154759474226505,0.29154759474226505,0.29154759474226505,0.29154759474226505,0.29154759474226505,0.29154759474226505,0.29154759474226505,0.29154759474226505,0.29154759474226505,0.29154759474226505,0.29154759474226505,0.29154759474226505,0.29154759474226505,0.29154759474226505,0.29154759474226505,0.29154759474226505,0.29154759474226505,0.29154759474226505,0.29154759474226505,0.29154759474226505,0.29154759474226505,0.29154759474226505,0.29154759474226505,0.29154759474226505,0.29154759474226505,0.29154759474226505,0.29154759474226505,0.29154759474226505,0.29154759474226505,0.29154759474226505,0.29154759474226505,0.29154759474226505,0.29154759474226505,0.29154759474226505,0.29154759474226505,0.29154759474226505,0.3905124837953327,0.3905124837953327,1,0,2.0,0.05,0.05,0.14142135623730953,0.14142135623730953,0.14142135623730953,0.14142135623730953,0.14142135623730953,0.14142135623730953,0.14142135623730953,0.15000000000000002,0.18027756377319948,0.18027756377319948,0.18027756377319948,0.18027756377319948,0.18027756377319948,0.18027756377319948,0.18027756377319948,0.18027756377319948,0.20615528128088303,0.25,0.25,0.25495097567963926,0.25495097567963926,0.25495097567963926,0.25495097567963926,0.25495097567963926,0.25495097567963926,0.28284271247461906,0.28284271247461906,0.29154759474226505,0.29154759474226505,0.29154759474226505,0.29154759474226505,0.29154759474226505,0.32015621187164245,0.32015621187164245,0.32015621187164245,0.32015621187164245,0.3354101966249685,0.3354101966249685,0.3354101966249685,0.41231056256176607,0.41231056256176607,0.41231056256176607,0.45276925690687087,0.45276925690687087,0.45276925690687087,0.45276925690687087,0.4609772228646444,0.552268050859363,0.5590169943749475,0.5590169943749475,2,0,2.0,0.1118033988749895,0.1118033988749895,0.1118033988749895,0.1118033988749895,0.223606797749979,0.223606797749979,0.25495097567963926,0.25495097567963926,0.25495097567963926,0.25495097567963926,0.25495097567963926,0.304138126514911,0.304138126514911,0.304138126514911,0.32015621187164245,0.36055512754639896,0.36055512754639896,0.36055512754639896,0.36055512754639896,0.40311288741492746,0.40311288741492746,0.40311288741492746,0.40311288741492746,0.40311288741492746,0.5408326913195984,0.5590169943749475,0.5590169943749475,0.570087712549569,3.0,3.0,3.0,3.0,3.0,3.0,3.0,3.0,3.0,3.0,3.0,3.0,3.0,3.0,3.0,3.0,3.0,3.0,3.0,3.0,3.0,3.0,3.0,3.0
apt_0,L1,8,0.007132771309647048,8.65792456006126e-05,3,0,2.0,0.05,0.05,0.07071067811865477,0.2,0.25,0.25,0.25,0.25,0.32015621187164245,0.32015621187164245,0.32015621187164245,0.32015621187164245,0.32015621187164245,0.32015621187164245,0.32015621187164245,0.32015621187164245,0.32015621187164245,0.32015621187164245,0.32015621187164245,0.32015621187164245,0.32015621187164245,0.32015621187164245,0.32015621187164245,0.32015621187164245,0.32015621187164245,0.32015621187164245,0.32015621187164245,0.32015621187164245,0.32015621187164245,0.32015621187164245,0.32015621187164245,0.32015621187164245,0.32015621187164245,0.3354101966249685,0.3354101966249685,0.3354101966249685,0.3354101966249685,0.3354101966249685,0.3354101966249685,0.3354101966249685,0.3354101966249685,0.3354101966249685,0.3354101966249685,0.3354101966249685,0.3354101966249685,0.3354101966249685,0.3354101966249685,0.3354101966249685,0.3354101966249685,0.3354101966249685,0.3354101966249685,0.3354101966249685,1,0,2.0,0.05,0.05,0.14142135623730953,0.14142135623730953,0.14142135623730953,0.14142135623730953,0.14142135623730953,0.14142135623730953,0.15000000000000002,0.15000000000000002,0.18027756377319948,0.18027756377319948,0.18027756377319948,0.18027756377319948,0.18027756377319948,0.20615528128088303,0.20615528128088303,0.20615528128088303,0.20615528128088303,0.25,0.25,0.25,0.2692582403567252,0.2692582403567252,0.316227766016838,0.316227766016838,0.316227766016838,0.316227766016838,0.38078865529319544,0.38078865529319544,0.38078865529319544,0.41231056256176607,0.41231056256176607,0.41231056256176607,0.41231056256176607,0.41231056256176607,0.4716990566028302,0.49244289008980524,0.49244289008980524,0.5220153254455275,0.5220153254455275,0.5220153254455275,0.5220153254455275,0.5408326913195984,0.5656854249492381,0.5656854249492381,0.570087712549569,0.6103277807866851,0.6103277807866851,0.6403124237432849,0.696419413859206,0.696419413859206,2,0,2.0,0.05,0.05,0.1118033988749895,0.1118033988749895,0.223606797749979,0.223606797749979,0.25495097567963926,0.25495097567963926,0.25495097567963926,0.25495097567963926,0.25495097567963926,0.25495097567963926,0.25495097567963926,0.25495097567963926,0.28284271247461906,0.36055512754639896,0.36055512754639896,0.40311288741492746,0.40311288741492746,0.40311288741492746,0.40311288741492746,0.40311288741492746,0.5408326913195984,0.5408326913195984,0.5408326913195984,1.25,1.264911064067352,1.264911064067352,3.0,3.0,3.0,3.0,3.0,3.0,3.0,3.0,3.0,3.0,3.0,3.0,3.0,3.0,3.0,3.0,3.0,3.0,3.0,3.0,3.0,3.0,3.0,3.0
apt_0,L1,9,0.005009443675195902,0.00022493313461102133,3,0,2.0,0.07071067811865477,0.07071067811865477,0.1,0.20615528128088303,0.223606797749979,0.25,0.25,0.25,0.32015621187164245,0.32015621187164245,0.32015621187164245,0.32015621187164245,0.32015621187164245,0.32015621187164245,0.32015621187164245,0.32015621187164245,0.32015621187164245,0.32015621187164245,0.32015621187164245,0.32015621187164245,0.32015621187164245,0.32015621187164245,0.32015621187164245,0.32015621187164245,0.32015621187164245,0.32015621187164245,0.32015621187164245,0.32015621187164245,0.32015621187164245,0.32015621187164245,0.32015621187164245,0.32015621187164245,0.32015621187164245,0.3535533905932738,0.3535533905932738,0.3535533905932738,0.3535533905932738,0.3535533905932738,0.3535533905932738,0.3905124837953327,0.3905124837953327,0.3905124837953327,0.3905124837953327,0.3905124837953327,0.3905124837953327,0.3905124837953327,0.3905124837953327,0.3905124837953327,0.3905124837953327,0.3905124837953327,0.3905124837953327,0.3905124837953327,1,0,2.0,0.05,0.05,0.1,0.1,0.1,0.1,0.1,0.1,0.1118033988749895,0.2,0.20615528128088303,0.20615528128088303,0.20615528128088303,0.20615528128088303,0.21213203435596426,0.21213203435596426,0.223606797749979,0.25,0.2692582403567252,0.316227766016838,0.316227766016838,0.316227766016838,0.316227766016838,0.316227766016838,0.316227766016838,0.316227766016838,0.316227766016838,0.316227766016838,0.316227766016838,0.316227766016838,0.316227766016838,0.316227766016838,0.316227766016838,0.316227766016838,0.32015621187164245,0.32015621187164245,0.32015621187164245,0.32015621187164245,0.32015621187164245,0.32015621187164245,0.32015621187164245,0.4242640687119285,0.4242640687119285,0.45276925690687087,0.45276925690687087,0.45276925690687087,0.45276925690687087,0.45276925690687087,0.4609772228646444,0.49244289008980524,0.5147815070493501,0.6020797289396148,2,0,2.0,0.1118033988749895,0.1118033988749895,0.1118033988749895,0.1118033988749895,0.20615528128088303,0.21213203435596426,0.21213203435596426,0.21213203435596426,0.223606797749979,0.25495097567963926,0.25495097567963926,0.25495097567963926,0.25495097567963926,0.25495097567963926,0.32015621187164245,0.32015621187164245,0.36055512754639896,0.40311288741492746,0.40311288741492746,0.40311288741492746,0.40311288741492746,0.40311288741492746,0.40311288741492746,0.5408326913195984,0.5408326913195984,1.264911064067352,1.264911064067352,1.264911064067352,1.264911064067352,3.0,3.0,3.0,3.0,3.0,3.0,3.0,3.0,3.0,3.0,3.0,3.0,3.0,3.0,3.0,3.0,3.0,3.0,3.0,3.0,3.0,3.0,3.0
apt_0,L2,0,0.017687355053365213,0.0009830023208044613,3,0,2.0,0.14142135623730953,0.1118033988749895,0.1118033988749895,0.158113883008419,0.223606797749979,0.223606797749979,0.223606797749979,0.25495097567963926,0.25495097567963926,0.25495097567963926,0.3535533905932738,0.3535533905932738,0.3535533905932738,0.3535533905932738,0.3535533905932738,0.3535533905932738,0.3535533905932738,0.3535533905932738,0.3535533905932738,0.3535533905932738,0.3535533905932738,0.3535533905932738,0.3535533905932738,0.3535533905932738,0.3535533905932738,0.3535533905932738,0.3535533905932738,0.3535533905932738,0.3535533905932738,0.3535533905932738,0.3535533905932738,0.3535533905932738,0.3535533905932738,0.3535533905932738,0.3535533905932738,0.3535533905932738,0.3535533905932738,0.3535533905932738,0.3535533905932738,0.3535533905932738,0.3535533905932738,0.3535533905932738,0.3535533905932738,0.3535533905932738,0.3535533905932738,0.3535533905932738,0.3535533905932738,0.3535533905932738,0.3535533905932738,0.3535533905932738,0.3640054944640259,0.3640054944640259,1,0,2.0,0.07071067811865477,0.05,0.1,0.1,0.1,0.1,0.1,0.1,0.158113883008419,0.158113883008419,0.20615528128088303,0.20615528128088303,0.20615528128088303,0.20615528128088303,0.20615528128088303,0.20615528128088303,0.20615528128088303,0.20615528128088303,0.20615528128088303,0.20615528128088303,0.25,0.25,0.25,0.25,0.25,0.25,0.25,0.25,0.25,0.25,0.25,0.2692582403567252,0.2692582403567252,0.2692582403567252,0.2692582403567252,0.2692582403567252,0.2692582403567252,0.2692582403567252,0.2692582403567252,0.2692582403567252,0.2692582403567252,0.29154759474226505,0.3354101966249685,0.3354101966249685,0.3535533905932738,0.3535533905932738,0.3535533905932738,0.3640054944640259,0.3640054944640259,0.40311288741492746,0.40311288741492746,0.40311288741492746,2,0,2.0,0.1118033988749895,0.1118033988749895,0.1118033988749895,0.158113883008419,0.158113883008419,0.158113883008419,0.20615528128088303,0.20615528128088303,0.20615528128088303,0.223606797749979,0.2692582403567252,0.2692582403567252,0.2692582403567252,0.3354101966249685,0.3354101966249685,0.3354101966249685,0.3354101966249685,0.3354101966249685,0.3354101966249685,0.3354101966249685,0.3354101966249685,0.3354101966249685,0.5408326913195984,0.5408326913195984,0.5408326913195984,0.5408326913195984,0.5408326913195984,0.5408326913195984,1.2369316876852983,1.2369316876852983,1.2369316876852983,1.2369316876852983,1.2369316876852983,1.2369316876852983,1.2369316876852983,1.2369316876852983,1.2369316876852983,3.0,3.0,3.0,3.0,3.0,3.0,3.0,3.0,3.0,3.0,3.0,3.0,3.0,3.0,3.0
apt_0,L2,1,0.024873246268755943,0.0015576225376242787,3,0,2.0,0.15000000000000002,0.07071067811865477,0.15000000000000002,0.15000000000000002,0.158113883008419,0.29154759474226505,0.29154759474226505,0.29154759474226505,0.29154759474226505,0.29154759474226505,0.29154759474226505,0.29154759474226505,0.29154759474226505,0.29154759474226505,0.29154759474226505,0.29154759474226505,0.29154759474226505,0.29154759474226505,0.29154759474226505,0.29154759474226505,0.29154759474226505,0.29154759474226505,0.29154759474226505,0.29154759474226505,0.29154759474226505,0.29154759474226505,0.29154759474226505,0.29154759474226505,0.29154759474226505,0.29154759474226505,0.29154759474226505,0.29154759474226505,0.29154759474226505,0.29154759474226505,0.29154759474226505,0.29154759474226505,0.29154759474226505,0.29154759474226505,0.29154759474226505,0.29154759474226505,0.3905124837953327,0.3905124837953327,0.3905124837953327,0.3905124837953327,0.3905124837953327,0.3905124837953327,0.3905124837953327,0.3905124837953327,0.3905124837953327,0.3905124837953327,0.3905124837953327,0.3905124837953327,1,0,1.0,0.0,0.0,0.14142135623730953,0.14142135623730953,0.14142135623730953,0.14142135623730953,0.14142135623730953,0.15000000000000002,0.18027756377319948,0.18027756377319948,0.18027756377319948,0.18027756377319948,0.20615528128088303,0.20615528128088303,0.20615528128088303,0.21213203435596426,0.21213203435596426,0.21213203435596426,0.21213203435596426,0.21213203435596426,0.2692582403567252,0.2692582403567252,0.2692582403567252,0.2692582403567252,0.28284271247461906,0.28284271247461906,0.29154759474226505,0.29154759474226505,0.29154759474226505,0.29154759474226505,0.29154759474226505,0.29154759474226505,0.32015621187164245,0.32015621187164245,0.32015621187164245,0.32015621187164245,0.32015621187164245,0.32015621187164245,0.32015621187164245,0.32015621187164245,0.4242640687119285,0.4242640687119285,0.4242640687119285,0.4242640687119285,0.4242640687119285,0.45,0.45276925690687087,0.4609772228646444,0.4609772228646444,0.4609772228646444,0.4609772228646444,0.4609772228646444,2,0,2.0,0.1118033988749895,0.1118033988749895,0.1118033988749895,0.20615528128088303,0.20615528128088303,0.20615528128088303,0.20615528128088303,0.20615528128088303,0.20615528128088303,0.20615528128088303,0.25495097567963926,0.25495097567963926,0.25495097567963926,0.25495097567963926,0.25495097567963926,0.25495097567963926,0.25495097567963926,0.25495097567963926,0.25495097567963926,0.3354101966249685,0.4609772228646444,0.4609772228646444,0.4609772228646444,0.5408326913195984,0.5408326913195984,1.2369316876852983,1.2369316876852983,3.0,3.0,3.0,3.0,3.0,3.0,3.0,3.0,3.0,3.0,3.0,3.0,3.0,3.0,3.0,3.0,3.0,3.0,3.0,3.0,3.0,3.0,3.0,3.0,3.0
apt_0,L2,2,0.08239008294920773,0.001204608280979611,3,0,2.0,0.1118033988749895,0.1,0.1,0.1,0.1,0.158113883008419,0.20615528128088303,0.20615528128088303,0.20615528128088303,0.20615528128088303,0.28284271247461906,0.28284271247461906,0.28284271247461906,0.28284271247461906,0.28284271247461906,0.28284271247461906,0.28284271247461906,0.28284271247461906,0.28284271247461906,0.28284271247461906,0.28284271247461906,0.28284271247461906,0.28284271247461906,0.28284271247461906,0.28284271247461906,0.28284271247461906,0.28284271247461906,0.28284271247461906,0.28284271247461906,0.28284271247461906,0.3905124837953327,0.3905124837953327,0.3905124837953327,0.3905124837953327,0.3905124837953327,0.3905124837953327,0.3905124837953327,0.3905124837953327,0.3905124837953327,0.3905124837953327,0.3905124837953327,0.3905124837953327,0.3905124837953327,0.3905124837953327,0.3905124837953327,0.3905124837953327,0.4949747468305833,0.4949747468305833,0.4949747468305833,0.4949747468305833,0.4949747468305833,0.4949747468305833,1,0,2.0,0.1118033988749895,0.1,0.1118033988749895,0.1118033988749895,0.1118033988749895,0.1118033988749895,0.1118033988749895,0.1118033988749895,0.1118033988749895,0.1118033988749895,0.1118033988749895,0.1118033988749895,0.1118033988749895,0.1118033988749895,0.1118033988749895,0.14142135623730953,0.158113883008419,0.158113883008419,0.20615528128088303,0.20615528128088303,0.223606797749979,0.223606797749979,0.223606797749979,0.223606797749979,0.223606797749979,0.223606797749979,0.223606797749979,0.223606797749979,0.28284271247461906,0.28284271247461906,0.28284271247461906,0.28284271247461906,0.28284271247461906,0.28284271247461906,0.28284271247461906,0.32015621187164245,0.32015621187164245,0.32015621187164245,0.32015621187164245,0.32015621187164245,0.32015621187164245,0.32015621187164245,0.3535533905932738,0.3535533905932738,0.41231056256176607,0.447213595499958,0.447213595499958,0.47434164902525694,0.47434164902525694,0.47434164902525694,0.5024937810560445,0.5590169943749475,2,0,2.0,0.05,0.05,0.158113883008419,0.158113883008419,0.2,0.2,0.2,0.25,0.25,0.25,0.28284271247461906,0.32015621187164245,0.32015621187164245,0.32015621187164245,0.32015621187164245,0.32015621187164245,0.32015621187164245,0.5099019513592785,0.5099019513592785,0.5099019513592785,0.5099019513592785,0.5099019513592785,0.5099019513592785,0.5099019513592785,0.5099019513592785,0.5590169943749475,0.5590169943749475,0.651920240520265,3.0,3.0,3.0,3.0,3.0,3.0,3.0,3.0,3.0,3.0,3.0,3.0,3.0,3.0,3.0,3.0,3.0,3.0,3.0,3.0,3.0,3.0,3.0,3.0
apt_0,L2,3,0.06735371989719406,0.002102583873799778,3,0,2.0,0.158113883008419,0.1,0.1118033988749895,0.1118033988749895,0.1118033988749895,0.1118033988749895,0.1118033988749895,0.14142135623730953,0.158113883008419,0.158113883008419,0.316227766016838,0.316227766016838,0.316227766016838,0.316227766016838,0.316227766016838,0.316227766016838,0.316227766016838,0.316227766016838,0.316227766016838,0.316227766016838,0.316227766016838,0.316227766016838,0.316227766016838,0.316227766016838,0.316227766016838,0.316227766016838,0.316227766016838,0.316227766016838,0.316227766016838,0.316227766016838,0.316227766016838,0.316227766016838,0.316227766016838,0.316227766016838,0.316227766016838,0.316227766016838,0.316227766016838,0.316227766016838,0.316227766016838,0.316227766016838,0.316227766016838,0.316227766016838,0.316227766016838,0.316227766016838,0.316227766016838,0.316227766016838,0.316227766016838,0.316227766016838,0.316227766016838,0.316227766016838,0.316227766016838,0.316227766016838,1,0,2.0,0.05,0.05,0.15000000000000002,0.15000000000000002,0.15000000000000002,0.15000000000000002,0.15000000000000002,0.158113883008419,0.158113883008419,0.158113883008419,0.18027756377319948,0.18027756377319948,0.18027756377319948,0.18027756377319948,0.18027756377319948,0.18027756377319948,0.18027756377319948,0.18027756377319948,0.18027756377319948,0.20615528128088303,0.25495097567963926,0.2692582403567252,0.2692582403567252,0.2692582403567252,0.2692582403567252,0.2692582403567252,0.2692582403567252,0.2692582403567252,0.2692582403567252,0.2692582403567252,0.2692582403567252,0.2692582403567252,0.28284271247461906,0.28284271247461906,0.36055512754639896,0.36055512754639896,0.36055512754639896,0.36055512754639896,0.36055512754639896,0.36055512754639896,0.36055512754639896,0.41231056256176607,0.41231056256176607,0.45,0.45276925690687087,0.45276925690687087,0.4609772228646444,0.4609772228646444,0.5,0.5,0.5408326913195984,0.5408326913195984,2,0,2.0,0.158113883008419,0.158113883008419,0.158113883008419,0.25495097567963926,0.25495097567963926,0.25495097567963926,0.25495097567963926,0.25495097567963926,0.25495097567963926,0.25495097567963926,0.2692582403567252,0.304138126514911,0.304138126514911,0.304138126514911,0.304138126514911,0.304138126514911,0.316227766016838,0.316227766016838,0.4301162633521314,0.4301162633521314,0.4301162633521314,0.4301162633521314,0.4301162633521314,0.4301162633521314,0.4301162633521314,0.4301162633521314,0.8015609770940699,0.9055385138137417,0.9055385138137417,0.9055385138137417,0.9055385138137417,0.9055385138137417,0.9055385138137417,0.9055385138137417,0.9055385138137417,0.9055385138137417,0.9055385138137417,0.9055385138137417,0.9055385138137417,0.9055385138137417,1.2854960132182442,1.2854960132182442,1.2854960132182442,1.2854960132182442,3.0,3.0,3.0,3.0,3.0,3.0,3.0,3.0
apt_0,L2,4,0.021205916533408118,0.0006145008392981277,3,0,2.0,0.07071067811865477,0.07071067811865477,0.1,0.158113883008419,0.25,0.25,0.25,0.25,0.29154759474226505,0.29154759474226505,0.29154759474226505,0.29154759474226505,0.29154759474226505,0.29154759474226505,0.29154759474226505,0.29154759474226505,0.29154759474226505,0.29154759474226505,0.29154759474226505,0.29154759474226505,0.29154759474226505,0.29154759474226505,0.29154759474226505,0.29154759474226505,0.29154759474226505,0.29154759474226505,0.29154759474226505,0.29154759474226505,0.29154759474226505,0.29154759474226505,0.3354101966249685,0.3354101966249685,0.3354101966249685,0.3354101966249685,0.3354101966249685,0.3354101966249685,0.3354101966249685,0.3354101966249685,0.3354101966249685,0.3354101966249685,0.3354101966249685,0.3354101966249685,0.3354101966249685,0.3354101966249685,0.3354101966249685,0.3354101966249685,0.3354101966249685,0.3354101966249685,0.3354101966249685,0.3354101966249685,0.3354101966249685,0.3354101966249685,1,0,2.0,0.05,0.05,0.14142135623730953,0.14142135623730953,0.14142135623730953,0.14142135623730953,0.14142135623730953,0.14142135623730953,0.2,0.20615528128088303,0.20615528128088303,0.20615528128088303,0.20615528128088303,0.20615528128088303,0.20615528128088303,0.20615528128088303,0.20615528128088303,0.20615528128088303,0.20615528128088303,0.20615528128088303,0.20615528128088303,0.20615528128088303,0.20615528128088303,0.20615528128088303,0.20615528128088303,0.2692582403567252,0.28284271247461906,0.28284271247461906,0.28284271247461906,0.28284271247461906,0.28284271247461906,0.28284271247461906,0.28284271247461906,0.28284271247461906,0.28284271247461906,0.29154759474226505,0.29154759474226505,0.29154759474226505,0.3354101966249685,0.3905124837953327,0.3905124837953327,0.3905124837953327,0.42720018726587655,0.42720018726587655,0.42720018726587655,0.42720018726587655,0.42720018726587655,0.42720018726587655,0.45,0.47434164902525694,0.6403124237432849,0.7158910531638177,2,0,2.0,0.1118033988749895,0.1118033988749895,0.1118033988749895,0.1118033988749895,0.20615528128088303,0.223606797749979,0.223606797749979,0.25,0.25,0.304138126514911,0.304138126514911,0.304138126514911,0.316227766016838,0.316227766016838,0.316227766016838,0.316227766016838,0.316227766016838,0.36055512754639896,0.36055512754639896,0.3905124837953327,0.4301162633521314,0.4301162633521314,0.4301162633521314,0.4301162633521314,0.4301162633521314,0.4301162633521314,0.4301162633521314,0.4301162633521314,0.4301162633521314,0.4301162633521314,0.4301162633521314,0.4301162633521314,0.4301162633521314,0.4301162633521314,0.4301162633521314,0.4301162633521314,0.4301162633521314,1.0124228365658294,1.0124228365658294,1.0124228365658294,1.0124228365658294,1.0124228365658294,1.0124228365658294,1.0124228365658294,1.0124228365658294,1.0124228365658294,1.0124228365658294,1.0124228365658294,1.0124228365658294,1.0124228365658294,1.0124228365658294,1.0124228365658294
apt_0,L2,5,0.039365699591209724,0.0006064935820000453,3,0,2.0,0.1118033988749895,0.1,0.15000000000000002,0.15000000000000002,0.25,0.25,0.25,0.25,0.25,0.25,0.25,0.25,0.25,0.25,0.25,0.25,0.25,0.25,0.25,0.25,0.25,0.25,0.25,0.25,0.25,0.25,0.25,0.25,0.25,0.25,0.25,0.25,0.25,0.25,0.25,0.25,0.25,0.25,0.25,0.25,0.25,0.25,0.25,0.25,0.25,0.25,0.25,0.25,0.25,0.316227766016838,0.316227766016838,0.316227766016838,1,0,2.0,0.05,0.05,0.1118033988749895,0.1118033988749895,0.1118033988749895,0.1118033988749895,0.1118033988749895,0.1118033988749895,0.2,0.20615528128088303,0.20615528128088303,0.20615528128088303,0.20615528128088303,0.20615528128088303,0.20615528128088303,0.20615528128088303,0.20615528128088303,0.21213203435596426,0.21213203435596426,0.21213203435596426,0.29154759474226505,0.29154759474226505,0.29154759474226505,0.29154759474226505,0.29154759474226505,0.29154759474226505,0.29154759474226505,0.29154759474226505,0.29154759474226505,0.29154759474226505,0.29154759474226505,0.29154759474226505,0.29154759474226505,0.29154759474226505,0.36055512754639896,0.36055512754639896,0.36055512754639896,0.36055512754639896,0.36055512754639896,0.36055512754639896,0.36055512754639896,0.4242640687119285,0.4716990566028302,0.4716990566028302,0.4716990566028302,0.5408326913195984,0.5408326913195984,0.6103277807866851,0.6103277807866851,0.6103277807866851,0.6103277807866851,0.6403124237432849,2,0,2.0,0.1118033988749895,0.1118033988749895,0.1118033988749895,0.1118033988749895,0.223606797749979,0.223606797749979,0.25495097567963926,0.25495097567963926,0.29154759474226505,0.29154759474226505,0.32015621187164245,0.32015621187164245,0.3535533905932738,0.3535533905932738,0.36055512754639896,0.36055512754639896,0.36055512754639896,0.36055512754639896,0.36055512754639896,0.3905124837953327,0.3905124837953327,0.3905124837953327,0.3905124837953327,0.570087712549569,0.570087712549569,0.7071067811865476,0.7071067811865476,0.7071067811865476,0.7071067811865476,0.7071067811865476,0.7071067811865476,0.7071067811865476,0.7071067811865476,0.7071067811865476,0.7071067811865476,0.7071067811865476,0.7071067811865476,3.0,3.0,3.0,3.0,3.0,3.0,3.0,3.0,3.0,3.0,3.0,3.0,3.0,3.0,3.0
apt_0,L2,6,0.043554242133612406,0.001931419989729738,3,0,2.0,0.05,0.05,0.1118033988749895,0.158113883008419,0.20615528128088303,0.25,0.25,0.25,0.25,0.25495097567963926,0.32015621187164245,0.32015621187164245,0.32015621187164245,0.32015621187164245,0.32015621187164245,0.32015621187164245,0.32015621187164245,0.32015621187164245,0.32015621187164245,0.32015621187164245,0.32015621187164245,0.32015621187164245,0.32015621187164245,0.32015621187164245,0.32015621187164245,0.32015621187164245,0.32015621187164245,0.32015621187164245,0.32015621187164245,0.32015621187164245,0.32015621187164245,0.32015621187164245,0.32015621187164245,0.32015621187164245,0.32015621187164245,0.32015621187164245,0.32015621187164245,0.32015621187164245,0.32015621187164245,0.32015621187164245,0.32015621187164245,0.32015621187164245,0.32015621187164245,0.32015621187164245,0.32015621187164245,0.32015621187164245,0.32015621187164245,0.32015621187164245,0.3535533905932738,0.3535533905932738,0.40311288741492746,0.40311288741492746,1,0,2.0,0.07071067811865477,0.05,0.1,0.1,0.1118033988749895,0.1118033988749895,0.1118033988749895,0.1118033988749895,0.1118033988749895,0.1118033988749895,0.14142135623730953,0.158113883008419,0.158113883008419,0.158113883008419,0.158113883008419,0.158113883008419,0.158113883008419,0.158113883008419,0.158113883008419,0.158113883008419,0.158113883008419,0.158113883008419,0.223606797749979,0.223606797749979,0.223606797749979,0.223606797749979,0.223606797749979,0.223606797749979,0.223606797749979,0.223606797749979,0.223606797749979,0.223606797749979,0.223606797749979,0.223606797749979,0.223606797749979,0.25,0.29154759474226505,0.29154759474226505,0.29154759474226505,0.29154759474226505,0.29154759474226505,0.29154759474226505,0.3640054944640259,0.3640054944640259,0.3640054944640259,0.38078865529319544,0.38078865529319544,0.447213595499958,0.4716990566028302,0.5024937810560445,0.5147815070493501,0.5147815070493501,2,0,2.0,0.18027756377319948,0.18027756377319948,0.223606797749979,0.223606797749979,0.223606797749979,0.223606797749979,0.223606797749979,0.223606797749979,0.223606797749979,0.223606797749979,0.223606797749979,0.2692582403567252,0.2692582403567252,0.29154759474226505,0.29154759474226505,0.29154759474226505,0.29154759474226505,0.29154759474226505,0.29154759474226505,0.29154759474226505,0.29154759474226505,0.40311288741492746,0.40311288741492746,0.40311288741492746,0.4301162633521314,0.4301162633521314,0.4301162633521314,0.5590169943749475,1.2854960132182442,1.2854960132182442,1.2854960132182442,1.2854960132182442,3.0,3.0,3.0,3.0,3.0,3.0,3.0,3.0,3.0,3.0,3.0,3.0,3.0,3.0,3.0,3.0,3.0,3.0,3.0,3.0
apt_0,L2,7,0.04209927022123467,0.0011635083099469019,3,0,2.0,0.07071067811865477,0.07071067811865477,0.1,0.14142135623730953,0.18027756377319948,0.18027756377319948,0.18027756377319948,0.21213203435596426,0.21213203435596426,0.21213203435596426,0.32015621187164245,0.32015621187164245,0.32015621187164245,0.32015621187164245,0.32015621187164245,0.32015621187164245,0.32015621187164245,0.32015621187164245,0.32015621187164245,0.32015621187164245,0.32015621187164245,0.32015621187164245,0.32015621187164245,0.32015621187164245,0.32015621187164245,0.32015621187164245,0.32015621187164245,0.32015621187164245,0.32015621187164245,0.32015621187164245,0.3535533905932738,0.3535533905932738,0.3535533905932738,0.3535533905932738,0.3535533905932738,0.3535533905932738,0.3535533905932738,0.3535533905932738,0.3535533905932738,0.3535533905932738,0.3905124837953327,0.3905124837953327,0.3905124837953327,0.3905124837953327,0.3905124837953327,0.3905124837953327,0.3905124837953327,0.3905124837953327,0.3905124837953327,0.3905124837953327,0.3905124837953327,0.3905124837953327,1,0,2.0,0.05,0.05,0.14142135623730953,0.14142135623730953,0.14142135623730953,0.14142135623730953,0.14142135623730953,0.14142135623730953,0.14142135623730953,0.15000000000000002,0.15000000000000002,0.15000000000000002,0.18027756377319948,0.18027756377319948,0.18027756377319948,0.18027756377319948,0.18027756377319948,0.18027756377319948,0.18027756377319948,0.20615528128088303,0.20615528128088303,0.20615528128088303,0.20615528128088303,0.20615528128088303,0.20615528128088303,0.223606797749979,0.223606797749979,0.223606797749979,0.29154759474226505,0.29154759474226505,0.29154759474226505,0.29154759474226505,0.29154759474226505,0.29154759474226505,0.447213595499958,0.45276925690687087,0.45276925690687087,0.49244289008980524,0.49244289008980524,0.49244289008980524,0.49244289008980524,0.49244289008980524,0.49244289008980524,0.49244289008980524,0.570087712549569,0.570087712549569,0.570087712549569,0.6363961030678928,0.6403124237432849,0.6403124237432849,0.7158910531638177,0.7158910531638177,2,0,2.0,0.1118033988749895,0.1118033988749895,0.223606797749979,0.223606797749979,0.223606797749979,0.25495097567963926,0.25495097567963926,0.25495097567963926,0.25495097567963926,0.25495097567963926,0.25495097567963926,0.25495097567963926,0.304138126514911,0.304138126514911,0.304138126514911,0.304138126514911,0.304138126514911,0.304138126514911,0.304138126514911,0.304138126514911,0.3640054944640259,0.3640054944640259,0.3640054944640259,0.3640054944640259,0.3640054944640259,0.4609772228646444,0.4609772228646444,0.552268050859363,0.70178344238091,0.70178344238091,0.70178344238091,0.70178344238091,3.0,3.0,3.0,3.0,3.0,3.0,3.0,3.0,3.0,3.0,3.0,3.0,3.0,3.0,3.0,3.0,3.0,3.0,3.0,3.0
apt_0,L2,8,0.0362131694004082,0.0004243263353358863,3,0,2.0,0.1,0.1,0.1,0.1118033988749895,0.1118033988749895,0.1118033988749895,0.158113883008419,0.158113883008419,0.25,0.25,0.32015621187164245,0.32015621187164245,0.32015621187164245,0.32015621187164245,0.32015621187164245,0.32015621187164245,0.32015621187164245,0.32015621187164245,0.32015621187164245,0.32015621187164245,0.32015621187164245,0.32015621187164245,0.32015621187164245,0.32015621187164245,0.32015621187164245,0.3354101966249685,0.3354101966249685,0.3354101966249685,0.3354101966249685,0.3354101966249685,0.3354101966249685,0.3354101966249685,0.3354101966249685,0.3354101966249685,0.3354101966249685,0.3354101966249685,0.3354101966249685,0.3354101966249685,0.3354101966249685,0.3354101966249685,0.3354101966249685,0.3354101966249685,0.3354101966249685,0.3354101966249685,0.3354101966249685,0.3354101966249685,0.3354101966249685,0.3354101966249685,0.3354101966249685,0.3354101966249685,0.3354101966249685,0.3535533905932738,1,0,2.0,0.05,0.05,0.1118033988749895,0.1118033988749895,0.1118033988749895,0.1118033988749895,0.15000000000000002,0.15000000000000002,0.15000000000000002,0.158113883008419,0.158113883008419,0.158113883008419,0.158113883008419,0.158113883008419,0.158113883008419,0.158113883008419,0.223606797749979,0.25,0.25,0.25495097567963926,0.2692582403567252,0.2692582403567252,0.29154759474226505,0.29154759474226505,0.29154759474226505,0.29154759474226505,0.29154759474226505,0.29154759474226505,0.29154759474226505,0.316227766016838,0.316227766016838,0.32015621187164245,0.32015621187164245,0.32015621187164245,0.32015621187164245,0.32015621187164245,0.32015621187164245,0.32015621187164245,0.32015621187164245,0.40311288741492746,0.40311288741492746,0.40311288741492746,0.40311288741492746,0.40311288741492746,0.40311288741492746,0.40311288741492746,0.40311288741492746,0.4242640687119285,0.4242640687119285,0.47434164902525694,0.47434164902525694,0.47434164902525694,2,0,2.0,0.05,0.05,0.1118033988749895,0.2,0.2,0.2,0.2,0.21213203435596426,0.223606797749979,0.25,0.25,0.25,0.25,0.25,0.25,0.25,0.38078865529319544,0.38078865529319544,0.38078865529319544,0.38078865529319544,0.38078865529319544,0.38078865529319544,0.38078865529319544,0.38078865529319544,0.38078865529319544,0.38078865529319544,0.38078865529319544,0.608276253029822,0.608276253029822,0.608276253029822,0.608276253029822,0.608276253029822,0.608276253029822,3.0,3.0,3.0,3.0,3.0,3.0,3.0,3.0,3.0,3.0,3.0,3.0,3.0,3.0,3.0,3.0,3.0,3.0,3.0
apt_0,L2,9,0.02509135360694185,0.00113874852914292,3,0,2.0,0.1118033988749895,0.1118033988749895,0.1118033988749895,0.223606797749979,0.223606797749979,0.25,0.25,0.25,0.25,0.25,0.32015621187164245,0.32015621187164245,0.32015621187164245,0.32015621187164245,0.32015621187164245,0.32015621187164245,0.32015621187164245,0.32015621187164245,0.32015621187164245,0.3535533905932738,0.3535533905932738,0.3535533905932738,0.3535533905932738,0.3535533905932738,0.3535533905932738,0.3535533905932738,0.3535533905932738,0.3535533905932738,0.3535533905932738,0.3535533905932738,0.3535533905932738,0.3535533905932738,0.3535533905932738,0.3535533905932738,0.3535533905932738,0.3535533905932738,0.3535533905932738,0.3535533905932738,0.3535533905932738,0.3535533905932738,0.3535533905932738,0.3535533905932738,0.3535533905932738,0.3535533905932738,0.3535533905932738,0.3535533905932738,0.3535533905932738,0.38078865529319544,0.38078865529319544,0.38078865529319544,0.38078865529319544,0.38078865529319544,1,0,2.0,0.1,0.05,0.07071067811865477,0.07071067811865477,0.1118033988749895,0.1118033988749895,0.1118033988749895,0.158113883008419,0.2,0.2,0.2,0.223606797749979,0.223606797749979,0.223606797749979,0.223606797749979,0.223606797749979,0.223606797749979,0.223606797749979,0.223606797749979,0.223606797749979,0.223606797749979,0.25495097567963926,0.2692582403567252,0.2692582403567252,0.2692582403567252,0.2692582403567252,0.2692582403567252,0.2692582403567252,0.2692582403567252,0.2692582403567252,0.2692582403567252,0.2692582403567252,0.2692582403567252,0.38078865529319544,0.38078865529319544,0.38078865529319544,0.38078865529319544,0.38078865529319544,0.38078865529319544,0.3905124837953327,0.3905124837953327,0.3905124837953327,0.4949747468305833,0.5,0.5,0.5147815070493501,0.5147815070493501,0.5147815070493501,0.5385164807134504,0.5385164807134504,0.5385164807134504,0.5385164807134504,2,0,2.0,0.15000000000000002,0.15000000000000002,0.15000000000000002,0.18027756377319948,0.18027756377319948,0.20615528128088303,0.20615528128088303,0.25,0.25,0.25,0.25,0.25,0.25495097567963926,0.25495097567963926,0.25495097567963926,0.25495097567963926,0.38078865529319544,0.38078865529319544,0.38078865529319544,0.38078865529319544,0.38078865529319544,0.38078865529319544,0.38078865529319544,0.38078865529319544,0.38078865529319544,0.6576473218982953,0.6576473218982953,0.6576473218982953,0.6576473218982953,0.6576473218982953,0.6576473218982953,1.2980754985747172,3.0,3.0,3.0,3.0,3.0,3.0,3.0,3.0,3.0,3.0,3.0,3.0,3.0,3.0,3.0,3.0,3.0,3.0,3.0,3.0
apt_0,L3,0,0.055412571897507396,0.00309945989368164,3,0,2.0,0.18027756377319948,0.1118033988749895,0.15000000000000002,0.2,0.2,0.3905124837953327,0.3905124837953327,0.3905124837953327,0.3905124837953327,0.3905124837953327,0.3905124837953327,0.3905124837953327,0.3905124837953327,0.3905124837953327,0.3905124837953327,0.3905124837953327,0.3905124837953327,0.3905124837953327,0.3905124837953327,0.3905124837953327,0.3905124837953327,0.3905124837953327,0.3905124837953327,0.3905124837953327,0.3905124837953327,0.3905124837953327,0.3905124837953327,0.3905124837953327,0.3905124837953327,0.3905124837953327,0.3905124837953327,0.3905124837953327,0.3905124837953327,0.3905124837953327,0.3905124837953327,0.3905124837953327,0.3905124837953327,0.3905124837953327,0.3905124837953327,0.3905124837953327,0.3905124837953327,0.3905124837953327,0.3905124837953327,0.3905124837953327,0.3905124837953327,0.3905124837953327,0.3905124837953327,0.3905124837953327,0.3905124837953327,0.3905124837953327,0.5590169943749475,0.5590169943749475,1,0,2.0,0.1118033988749895,0.05,0.07071067811865477,0.1118033988749895,0.1118033988749895,0.1118033988749895,0.1118033988749895,0.1118033988749895,0.1118033988749895,0.158113883008419,0.158113883008419,0.158113883008419,0.158113883008419,0.158113883008419,0.18027756377319948,0.18027756377319948,0.2,0.2,0.2,0.20615528128088303,0.20615528128088303,0.20615528128088303,0.223606797749979,0.25495097567963926,0.25495097567963926,0.25495097567963926,0.25495097567963926,0.25495097567963926,0.25495097567963926,0.25495097567963926,0.25495097567963926,0.25495097567963926,0.25495097567963926,0.30000000000000004,0.30000000000000004,0.30000000000000004,0.30000000000000004,0.30000000000000004,0.304138126514911,0.304138126514911,0.304138126514911,0.304138126514911,0.4609772228646444,0.4609772228646444,0.5408326913195984,0.5408326913195984,0.5408326913195984,0.5408326913195984,0.5408326913195984,0.5408326913195984,0.5408326913195984,0.5408326913195984,2,0,2.0,0.18027756377319948,0.18027756377319948,0.18027756377319948,0.18027756377319948,0.223606797749979,0.223606797749979,0.223606797749979,0.223606797749979,0.2692582403567252,0.2692582403567252,0.2692582403567252,0.2692582403567252,0.2692582403567252,0.2692582403567252,0.2692582403567252,0.2692582403567252,0.36055512754639896,0.36055512754639896,0.36055512754639896,0.36055512754639896,0.36055512754639896,0.36055512754639896,0.36055512754639896,0.36055512754639896,0.36055512754639896,0.36055512754639896,0.36055512754639896,0.651920240520265,0.651920240520265,0.651920240520265,0.651920240520265,0.651920240520265,0.651920240520265,0.651920240520265,0.651920240520265,0.651920240520265,0.651920240520265,0.651920240520265,0.651920240520265,0.651920240520265,0.651920240520265,0.651920240520265,0.651920240520265,0.651920240520265,0.651920240520265,0.651920240520265,0.651920240520265,0.651920240520265,0.651920240520265,0.651920240520265,0.651920240520265,0.651920240520265
apt_0,L3,1,0.07818441729081153,0.004892390313350808,3,0,2.0,0.07071067811865477,0.07071067811865477,0.1118033988749895,0.1118033988749895,0.158113883008419,0.25495097567963926,0.25495097567963926,0.25495097567963926,0.25495097567963926,0.25495097567963926,0.30000000000000004,0.30000000000000004,0.30000000000000004,0.30000000000000004,0.30000000000000004,0.30000000000000004,0.30000000000000004,0.30000000000000004,0.30000000000000004,0.30000000000000004,0.30000000000000004,0.30000000000000004,0.30000000000000004,0.30000000000000004,0.30000000000000004,0.30000000000000004,0.30000000000000004,0.30000000000000004,0.30000000000000004,0.30000000000000004,0.30000000000000004,0.30000000000000004,0.30000000000000004,0.30000000000000004,0.30000000000000004,0.30000000000000004,0.30000000000000004,0.30000000000000004,0.30000000000000004,0.30000000000000004,0.30000000000000004,0.30000000000000004,0.30000000000000004,0.32015621187164245,0.32015621187164245,0.32015621187164245,0.32015621187164245,0.3354101966249685,0.3354101966249685,0.3354101966249685,0.3354101966249685,0.3354101966249685,1,0,2.0,0.05,0.05,0.1,0.1,0.1,0.1118033988749895,0.1118033988749895,0.1118033988749895,0.1118033988749895,0.158113883008419,0.18027756377319948,0.20615528128088303,0.20615528128088303,0.21213203435596426,0.21213203435596426,0.223606797749979,0.223606797749979,0.223606797749979,0.223606797749979,0.223606797749979,0.223606797749979,0.223606797749979,0.223606797749979,0.29154759474226505,0.316227766016838,0.316227766016838,0.32015621187164245,0.32015621187164245,0.32015621187164245,0.32015621187164245,0.32015621187164245,0.32015621187164245,0.32015621187164245,0.32015621187164245,0.32015621187164245,0.32015621187164245,0.32015621187164245,0.3535533905932738,0.36055512754639896,0.36055512754639896,0.36055512754639896,0.40311288741492746,0.40311288741492746,0.41231056256176607,0.41231056256176607,0.42720018726587655,0.42720018726587655,0.42720018726587655,0.42720018726587655,0.42720018726587655,0.42720018726587655,0.5147815070493501,2,0,2.0,0.158113883008419,0.1,0.158113883008419,0.158113883008419,0.223606797749979,0.25,0.25,0.2692582403567252,0.2692582403567252,0.3535533905932738,0.3535533905932738,0.3535533905932738,0.3535533905932738,0.3535533905932738,0.3535533905932738,0.3535533905932738,0.3535533905932738,0.3535533905932738,0.3535533905932738,0.3535533905932738,0.3535533905932738,0.49244289008980524,0.49244289008980524,0.49244289008980524,0.5147815070493501,0.5147815070493501,0.5147815070493501,0.5147815070493501,0.70178344238091,0.70178344238091,0.70178344238091,0.70178344238091,0.70178344238091,0.70178344238091,0.70178344238091,0.70178344238091,0.70178344238091,0.70178344238091,0.70178344238091,0.70178344238091,0.70178344238091,0.70178344238091,0.70178344238091,0.70178344238091,0.70178344238091,0.70178344238091,0.70178344238091,0.70178344238091,0.70178344238091,0.70178344238091,0.70178344238091,0.70178344238091
apt_0,L3,2,0.2574874012327073,0.003747501964053129,3,0,2.0,0.2692582403567252,0.1,0.158113883008419,0.158113883008419,0.158113883008419,0.223606797749979,0.25495097567963926,0.25495097567963926,0.25495097567963926,0.25495097567963926,0.25495097567963926,0.2692582403567252,0.35000000000000003,0.35000000000000003,0.35000000000000003,0.35000000000000003,0.35000000000000003,0.35000000000000003,0.35000000000000003,0.35000000000000003,0.35000000000000003,0.35000000000000003,0.35000000000000003,0.35000000000000003,0.35000000000000003,0.35000000000000003,0.35000000000000003,0.35000000000000003,0.35000000000000003,0.35000000000000003,0.35000000000000003,0.35000000000000003,0.35000000000000003,0.35000000000000003,0.35000000000000003,0.35000000000000003,0.3640054944640259,0.3640054944640259,0.3640054944640259,0.3640054944640259,0.3640054944640259,0.3640054944640259,0.4,0.4,0.4,0.4,0.4,0.4,0.4,0.4,0.4,0.4,1,0,2.0,0.304138126514911,0.05,0.1118033988749895,0.1118033988749895,0.14142135623730953,0.14142135623730953,0.14142135623730953,0.14142135623730953,0.21213203435596426,0.21213203435596426,0.316227766016838,0.316227766016838,0.316227766016838,0.316227766016838,0.316227766016838,0.316227766016838,0.316227766016838,0.35000000000000003,0.35000000000000003,0.35000000000000003,0.35000000000000003,0.35000000000000003,0.3535533905932738,0.3535533905932738,0.3535533905932738,0.3535533905932738,0.3535533905932738,0.3535533905932738,0.3535533905932738,0.3535533905932738,0.3535533905932738,0.3535533905932738,0.3535533905932738,0.3535533905932738,0.3535533905932738,0.3535533905932738,0.3535533905932738,0.3640054944640259,0.5147815070493501,0.5147815070493501,0.5147815070493501,0.5385164807134504,0.5385164807134504,0.6020797289396148,0.6020797289396148,0.6020797289396148,0.6020797289396148,0.6020797289396148,0.6020797289396148,0.6020797289396148,0.6020797289396148,0.6020797289396148,2,0,2.0,0.25,0.2,0.25,0.25,0.25,0.25,0.25,0.25,0.25,0.3354101966249685,0.3354101966249685,0.3354101966249685,0.3354101966249685,0.3354101966249685,0.3354101966249685,0.3354101966249685,0.36055512754639896,0.36055512754639896,0.7158910531638177,0.7158910531638177,0.7158910531638177,0.7158910531638177,0.9055385138137417,0.9055385138137417,0.9055385138137417,0.9055385138137417,0.9055385138137417,0.912414379544733,0.912414379544733,0.95524865872714,0.95524865872714,0.95524865872714,0.95524865872714,3.0,3.0,3.0,3.0,3.0,3.0,3.0,3.0,3.0,3.0,3.0,3.0,3.0,3.0,3.0,3.0,3.0,3.0,3.0
apt_0,L3,3,0.21092264777498795,0.00657782519825562,3,0,2.0,0.15000000000000002,0.1,0.15000000000000002,0.15000000000000002,0.15000000000000002,0.15000000000000002,0.15000000000000002,0.15000000000000002,0.15000000000000002,0.15000000000000002,0.15000000000000002,0.158113883008419,0.158113883008419,0.158113883008419,0.158113883008419,0.158113883008419,0.158113883008419,0.18027756377319948,0.18027756377319948,0.18027756377319948,0.18027756377319948,0.18027756377319948,0.18027756377319948,0.18027756377319948,0.18027756377319948,0.18027756377319948,0.18027756377319948,0.18027756377319948,0.18027756377319948,0.18027756377319948,0.18027756377319948,0.18027756377319948,0.2,0.2,0.21213203435596426,0.21213203435596426,0.21213203435596426,0.21213203435596426,0.21213203435596426,0.21213203435596426,0.21213203435596426,0.21213203435596426,0.21213203435596426,0.21213203435596426,0.25,0.25,0.25,0.304138126514911,0.304138126514911,0.304138126514911,0.304138126514911,0.316227766016838,1,0,2.0,0.1,0.05,0.1,0.1118033988749895,0.14142135623730953,0.15000000000000002,0.15000000000000002,0.15000000000000002,0.15000000000000002,0.18027756377319948,0.25,0.25,0.25495097567963926,0.2692582403567252,0.2692582403567252,0.2692582403567252,0.2692582403567252,0.2692582403567252,0.2692582403567252,0.29154759474226505,0.29154759474226505,0.29154759474226505,0.316227766016838,0.32015621187164245,0.32015621187164245,0.32015621187164245,0.32015621187164245,0.32015621187164245,0.3640054944640259,0.3640054944640259,0.3640054944640259,0.38078865529319544,0.38078865529319544,0.38078865529319544,0.38078865529319544,0.4609772228646444,0.4609772228646444,0.4609772228646444,0.4609772228646444,0.4609772228646444,0.4609772228646444,0.4609772228646444,0.5024937810560445,0.5024937810560445,0.5099019513592785,0.5099019513592785,0.5147815070493501,0.5147815070493501,0.5147815070493501,0.5147815070493501,0.5147815070493501,0.5147815070493501,2,0,2.0,0.18027756377319948,0.07071067811865477,0.18027756377319948,0.304138126514911,0.304138126514911,0.304138126514911,0.316227766016838,0.316227766016838,0.3354101966249685,0.3535533905932738,0.41231056256176607,0.42720018726587655,0.42720018726587655,0.4609772228646444,0.49244289008980524,0.49244289008980524,0.49244289008980524,0.49244289008980524,0.49244289008980524,0.49244289008980524,0.49244289008980524,0.49244289008980524,0.75,0.75,0.75,0.75,0.75,0.75,0.75,0.75,0.8,0.9513148795220223,0.9513148795220223,0.9513148795220223,0.9513148795220223,0.9513148795220223,0.9513148795220223,0.9513148795220223,0.9513148795220223,0.9513148795220223,0.9513148795220223,0.9513148795220223,0.9513148795220223,3.0,3.0,3.0,3.0,3.0,3.0,3.0,3.0,3.0
apt_0,L3,4,0.06641571835024741,0.0019204960151139828,3,0,2.0,0.1,0.05,0.1,0.158113883008419,0.158113883008419,0.20615528128088303,0.25,0.25,0.25,0.25495097567963926,0.32015621187164245,0.32015621187164245,0.32015621187164245,0.32015621187164245,0.32015621187164245,0.32015621187164245,0.32015621187164245,0.32015621187164245,0.32015621187164245,0.32015621187164245,0.32015621187164245,0.32015621187164245,0.32015621187164245,0.32015621187164245,0.32015621187164245,0.32015621187164245,0.32015621187164245,0.32015621187164245,0.32015621187164245,0.32015621187164245,0.32015621187164245,0.32015621187164245,0.32015621187164245,0.32015621187164245,0.32015621187164245,0.32015621187164245,0.32015621187164245,0.32015621187164245,0.32015621187164245,0.32015621187164245,0.32015621187164245,0.32015621187164245,0.32015621187164245,0.32015621187164245,0.32015621187164245,0.32015621187164245,0.32015621187164245,0.32015621187164245,0.32015621187164245,0.32015621187164245,0.32015621187164245,0.32015621187164245,1,0,1.0,0.05,0.0,0.14142135623730953,0.14142135623730953,0.14142135623730953,0.14142135623730953,0.15000000000000002,0.18027756377319948,0.18027756377319948,0.18027756377319948,0.18027756377319948,0.18027756377319948,0.18027756377319948,0.18027756377319948,0.18027756377319948,0.18027756377319948,0.18027756377319948,0.18027756377319948,0.25,0.25,0.25,0.25,0.25,0.25,0.25495097567963926,0.25495097567963926,0.25495097567963926,0.25495097567963926,0.25495097567963926,0.25495097567963926,0.25495097567963926,0.28284271247461906,0.28284271247461906,0.29154759474226505,0.29154759474226505,0.32015621187164245,0.32015621187164245,0.3640054944640259,0.3640054944640259,0.3640054944640259,0.3640054944640259,0.40311288741492746,0.570087712549569,0.570087712549569,0.6020797289396148,0.6020797289396148,0.6103277807866851,0.6103277807866851,0.6103277807866851,0.6103277807866851,0.6403124237432849,0.6403124237432849,2,0,2.0,0.14142135623730953,0.14142135623730953,0.158113883008419,0.158113883008419,0.158113883008419,0.158113883008419,0.20615528128088303,0.223606797749979,0.223606797749979,0.223606797749979,0.223606797749979,0.223606797749979,0.223606797749979,0.223606797749979,0.223606797749979,0.29154759474226505,0.29154759474226505,0.29154759474226505,0.29154759474226505,0.29154759474226505,0.29154759474226505,0.29154759474226505,0.29154759474226505,0.29154759474226505,0.29154759474226505,0.40311288741492746,0.40311288741492746,0.40311288741492746,0.41231056256176607,0.41231056256176607,0.41231056256176607,0.41231056256176607,0.41231056256176607,0.41231056256176607,0.4242640687119285,0.4242640687119285,0.4242640687119285,0.9656603957913984,0.9656603957913984,0.9656603957913984,0.9656603957913984,1.1543396380615196,3.0,3.0,3.0,3.0,3.0,3.0,3.0,3.0,3.0,3.0
apt_0,L3,5,0.12291626849946473,0.0018437026092687893,3,0,2.0,0.07071067811865477,0.07071067811865477,0.1,0.1118033988749895,0.18027756377319948,0.18027756377319948,0.18027756377319948,0.18027756377319948,0.18027756377319948,0.18027756377319948,0.18027756377319948,0.18027756377319948,0.18027756377319948,0.18027756377319948,0.18027756377319948,0.18027756377319948,0.18027756377319948,0.18027756377319948,0.18027756377319948,0.18027756377319948,0.18027756377319948,0.18027756377319948,0.18027756377319948,0.18027756377319948,0.18027756377319948,0.18027756377319948,0.18027756377319948,0.18027756377319948,0.18027756377319948,0.25,0.25,0.25,0.25,0.25,0.25,0.25,0.25,0.25,0.25,0.25,0.25,0.25,0.25,0.25,0.25,0.25,0.25,0.25,0.25,0.316227766016838,0.316227766016838,0.316227766016838,1,0,2.0,0.05,0.05,0.1118033988749895,0.1118033988749895,0.1118033988749895,0.1118033988749895,0.1118033988749895,0.1118033988749895,0.14142135623730953,0.14142135623730953,0.158113883008419,0.158113883008419,0.158113883008419,0.158113883008419,0.158113883008419,0.158113883008419,0.18027756377319948,0.18027756377319948,0.20615528128088303,0.21213203435596426,0.21213203435596426,0.25,0.25,0.25,0.25495097567963926,0.25495097567963926,0.25495097567963926,0.25495097567963926,0.29154759474226505,0.29154759474226505,0.29154759474226505,0.29154759474226505,0.32015621187164245,0.32015621187164245,0.32015621187164245,0.32015621187164245,0.32015621187164245,0.3535533905932738,0.3535533905932738,0.3535533905932738,0.3535533905932738,0.40311288741492746,0.5147815070493501,0.5315072906367325,0.5315072906367325,0.5315072906367325,0.5315072906367325,0.5408326913195984,0.570087712549569,0.570087712549569,0.6020797289396148,0.6020797289396148,2,0,2.0,0.1,0.1,0.15000000000000002,0.15000000000000002,0.25,0.29154759474226505,0.304138126514911,0.304138126514911,0.304138126514911,0.304138126514911,0.316227766016838,0.316227766016838,0.316227766016838,0.3354101966249685,0.3354101966249685,0.3354101966249685,0.3354101966249685,0.3354101966249685,0.3354101966249685,0.3354101966249685,0.3354101966249685,0.36055512754639896,0.36055512754639896,0.36055512754639896,0.36055512754639896,0.36055512754639896,0.36055512754639896,0.36055512754639896,0.36055512754639896,0.36055512754639896,0.4242640687119285,0.4242640687119285,0.4242640687119285,0.7158910531638177,0.7158910531638177,0.7158910531638177,0.7158910531638177,3.0,3.0,3.0,3.0,3.0,3.0,3.0,3.0,3.0,3.0,3.0,3.0,3.0,3.0,3.0
apt_0,L3,6,0.13652379559547834,0.006024674864768442,3,0,2.0,0.223606797749979,0.15000000000000002,0.15000000000000002,0.158113883008419,0.158113883008419,0.20615528128088303,0.20615528128088303,0.20615528128088303,0.25,0.25,0.3354101966249685,0.3354101966249685,0.3354101966249685,0.3354101966249685,0.3354101966249685,0.3354101966249685,0.3354101966249685,0.3354101966249685,0.3354101966249685,0.3354101966249685,0.3354101966249685,0.3354101966249685,0.3354101966249685,0.3354101966249685,0.3354101966249685,0.36055512754639896,0.36055512754639896,0.36055512754639896,0.36055512754639896,0.36055512754639896,0.36055512754639896,0.36055512754639896,0.36055512754639896,0.36055512754639896,0.36055512754639896,0.36055512754639896,0.36055512754639896,0.36055512754639896,0.36055512754639896,0.36055512754639896,0.36055512754639896,0.36055512754639896,0.36055512754639896,0.36055512754639896,0.36055512754639896,0.36055512754639896,0.36055512754639896,0.5656854249492381,0.5656854249492381,0.5656854249492381,0.5656854249492381,0.5656854249492381,1,0,2.0,0.18027756377319948,0.07071067811865477,0.1118033988749895,0.158113883008419,0.158113883008419,0.158113883008419,0.158113883008419,0.158113883008419,0.158113883008419,0.158113883008419,0.158113883008419,0.158113883008419,0.158113883008419,0.158113883008419,0.158113883008419,0.18027756377319948,0.18027756377319948,0.18027756377319948,0.18027756377319948,0.18027756377319948,0.21213203435596426,0.25495097567963926,0.25495097567963926,0.25495097567963926,0.25495097567963926,0.25495097567963926,0.25495097567963926,0.28284271247461906,0.28284271247461906,0.28284271247461906,0.3905124837953327,0.3905124837953327,0.3905124837953327,0.3905124837953327,0.3905124837953327,0.3905124837953327,0.3905124837953327,0.3905124837953327,0.3905124837953327,0.3905124837953327,0.3905124837953327,0.3905124837953327,0.5,0.5,0.5,0.5,0.5099019513592785,0.5147815070493501,0.5147815070493501,0.5590169943749475,0.5590169943749475,0.570087712549569,2,0,2.0,0.14142135623730953,0.1,0.25,0.25,0.25495097567963926,0.25495097567963926,0.30000000000000004,0.30000000000000004,0.30000000000000004,0.30000000000000004,0.30000000000000004,0.30000000000000004,0.30000000000000004,0.30000000000000004,0.3905124837953327,0.3905124837953327,0.3905124837953327,0.3905124837953327,0.3905124837953327,0.3905124837953327,0.3905124837953327,0.3905124837953327,0.3905124837953327,0.49244289008980524,0.49244289008980524,0.8558621384311845,0.8558621384311845,1.004987562112089,1.004987562112089,1.004987562112089,1.004987562112089,1.004987562112089,1.004987562112089,1.004987562112089,1.004987562112089,1.004987562112089,1.004987562112089,1.004987562112089,1.004987562112089,1.004987562112089,1.004987562112089,1.004987562112089,1.004987562112089,1.004987562112089,1.004987562112089,1.004987562112089,1.004987562112089,1.004987562112089,3.0,3.0,3.0,3.0
apt_0,L3,7,0.13226169762400866,0.0036137173755196447,3,0,2.0,0.1,0.1,0.18027756377319948,0.20615528128088303,0.20615528128088303,0.20615528128088303,0.20615528128088303,0.20615528128088303,0.25495097567963926,0.25495097567963926,0.25495097567963926,0.25495097567963926,0.2692582403567252,0.2692582403567252,0.2692582403567252,0.2692582403567252,0.2692582403567252,0.2692582403567252,0.2692582403567252,0.2692582403567252,0.2692582403567252,0.2692582403567252,0.29154759474226505,0.29154759474226505,0.29154759474226505,0.29154759474226505,0.29154759474226505,0.29154759474226505,0.29154759474226505,0.29154759474226505,0.29154759474226505,0.29154759474226505,0.29154759474226505,0.29154759474226505,0.29154759474226505,0.304138126514911,0.304138126514911,0.304138126514911,0.304138126514911,0.304138126514911,0.304138126514911,0.304138126514911,0.3535533905932738,0.3535533905932738,0.3535533905932738,0.3535533905932738,0.3535533905932738,0.3535533905932738,0.3535533905932738,0.3535533905932738,0.3535533905932738,0.3535533905932738,1,0,1.0,0.1,0.0,0.158113883008419,0.158113883008419,0.158113883008419,0.158113883008419,0.158113883008419,0.158113883008419,0.158113883008419,0.158113883008419,0.158113883008419,0.158113883008419,0.158113883008419,0.158113883008419,0.158113883008419,0.158113883008419,0.158113883008419,0.2,0.2,0.20615528128088303,0.20615528128088303,0.20615528128088303,0.20615528128088303,0.223606797749979,0.30000000000000004,0.30000000000000004,0.30000000000000004,0.30000000000000004,0.30000000000000004,0.30000000000000004,0.30000000000000004,0.304138126514911,0.3535533905932738,0.3535533905932738,0.3535533905932738,0.40311288741492746,0.40311288741492746,0.40311288741492746,0.40311288741492746,0.40311288741492746,0.40311288741492746,0.40311288741492746,0.40311288741492746,0.4301162633521314,0.4301162633521314,0.4301162633521314,0.4301162633521314,0.4301162633521314,0.4301162633521314,0.4609772228646444,0.651920240520265,0.651920240520265,2,0,2.0,0.07071067811865477,0.07071067811865477,0.15000000000000002,0.158113883008419,0.18027756377319948,0.18027756377319948,0.223606797749979,0.223606797749979,0.223606797749979,0.223606797749979,0.25,0.25495097567963926,0.25495097567963926,0.25495097567963926,0.25495097567963926,0.28284271247461906,0.28284271247461906,0.28284271247461906,0.304138126514911,0.304138126514911,0.304138126514911,0.304138126514911,0.42720018726587655,0.42720018726587655,0.42720018726587655,0.42720018726587655,0.42720018726587655,0.42720018726587655,0.42720018726587655,0.42720018726587655,0.8500000000000001,0.8500000000000001,0.8500000000000001,0.8500000000000001,0.8500000000000001,0.8500000000000001,0.8500000000000001,0.8500000000000001,0.8500000000000001,0.8500000000000001,0.8500000000000001,0.8500000000000001,0.8500000000000001,0.8500000000000001,0.8500000000000001,0.8500000000000001,0.8500000000000001,0.8500000000000001,0.8500000000000001,0.8500000000000001,3.0,3.0
apt_0,L3,8,0.11355606979465833,0.0013240337506256936,3,0,2.0,0.15000000000000002,0.1,0.1118033988749895,0.1118033988749895,0.1118033988749895,0.1118033988749895,0.15000000000000002,0.25,0.25,0.25,0.32015621187164245,0.32015621187164245,0.32015621187164245,0.32015621187164245,0.32015621187164245,0.32015621187164245,0.32015621187164245,0.32015621187164245,0.32015621187164245,0.32015621187164245,0.32015621187164245,0.32015621187164245,0.32015621187164245,0.32015621187164245,0.32015621187164245,0.32015621187164245,0.32015621187164245,0.32015621187164245,0.32015621187164245,0.32015621187164245,0.32015621187164245,0.32015621187164245,0.32015621187164245,0.32015621187164245,0.32015621187164245,0.32015621187164245,0.32015621187164245,0.32015621187164245,0.32015621187164245,0.32015621187164245,0.4242640687119285,0.4242640687119285,0.4242640687119285,0.4242640687119285,0.4242640687119285,0.4242640687119285,0.4242640687119285,0.4242640687119285,0.4242640687119285,0.4242640687119285,0.4242640687119285,0.4242640687119285,1,0,2.0,0.05,0.05,0.1,0.1,0.1118033988749895,0.1118033988749895,0.14142135623730953,0.14142135623730953,0.14142135623730953,0.14142135623730953,0.14142135623730953,0.14142135623730953,0.18027756377319948,0.18027756377319948,0.18027756377319948,0.20615528128088303,0.20615528128088303,0.20615528128088303,0.20615528128088303,0.20615528128088303,0.20615528128088303,0.25495097567963926,0.25495097567963926,0.25495097567963926,0.25495097567963926,0.316227766016838,0.316227766016838,0.316227766016838,0.316227766016838,0.316227766016838,0.316227766016838,0.316227766016838,0.316227766016838,0.316227766016838,0.316227766016838,0.316227766016838,0.316227766016838,0.316227766016838,0.316227766016838,0.4301162633521314,0.447213595499958,0.45276925690687087,0.4609772228646444,0.4609772228646444,0.4609772228646444,0.4609772228646444,0.4609772228646444,0.4609772228646444,0.4609772228646444,0.49244289008980524,0.49244289008980524,0.49244289008980524,2,0,2.0,0.18027756377319948,0.18027756377319948,0.18027756377319948,0.18027756377319948,0.18027756377319948,0.2,0.20615528128088303,0.25,0.25,0.25,0.25,0.25,0.25,0.25,0.25,0.29154759474226505,0.29154759474226505,0.29154759474226505,0.29154759474226505,0.3354101966249685,0.3354101966249685,0.3535533905932738,0.3535533905932738,0.3535533905932738,0.3535533905932738,0.3535533905932738,0.3535533905932738,0.3905124837953327,0.9013878188659974,0.9013878188659974,0.9013878188659974,0.9013878188659974,0.9013878188659974,0.9013878188659974,0.9013878188659974,0.9013878188659974,3.0,3.0,3.0,3.0,3.0,3.0,3.0,3.0,3.0,3.0,3.0,3.0,3.0,3.0,3.0,3.0
apt_0,L3,9,0.07868279109657503,0.003573419107647677,3,0,2.0,0.25,0.07071067811865477,0.18027756377319948,0.18027756377319948,0.18027756377319948,0.316227766016838,0.316227766016838,0.316227766016838,0.316227766016838,0.316227766016838,0.3905124837953327,0.3905124837953327,0.3905124837953327,0.3905124837953327,0.3905124837953327,0.3905124837953327,0.3905124837953327,0.3905124837953327,0.3905124837953327,0.3905124837953327,0.3905124837953327,0.3905124837953327,0.3905124837953327,0.3905124837953327,0.3905124837953327,0.3905124837953327,0.3905124837953327,0.3905124837953327,0.3905124837953327,0.3905124837953327,0.3905124837953327,0.3905124837953327,0.3905124837953327,0.3905124837953327,0.3905124837953327,0.3905124837953327,0.3905124837953327,0.3905124837953327,0.3905124837953327,0.3905124837953327,0.3905124837953327,0.3905124837953327,0.3905124837953327,0.3905124837953327,0.3905124837953327,0.4242640687119285,0.4242640687119285,0.4242640687119285,0.4609772228646444,0.4609772228646444,0.4609772228646444,0.4609772228646444,1,0,2.0,0.158113883008419,0.05,0.1,0.1118033988749895,0.1118033988749895,0.1118033988749895,0.1118033988749895,0.1118033988749895,0.1118033988749895,0.18027756377319948,0.18027756377319948,0.18027756377319948,0.18027756377319948,0.18027756377319948,0.18027756377319948,0.18027756377319948,0.18027756377319948,0.18027756377319948,0.18027756377319948,0.18027756377319948,0.20615528128088303,0.25,0.2692582403567252,0.2692582403567252,0.2692582403567252,0.316227766016838,0.4609772228646444,0.4609772228646444,0.4609772228646444,0.4609772228646444,0.4609772228646444,0.4609772228646444,0.4609772228646444,0.4609772228646444,0.5408326913195984,0.5408326913195984,0.5408326913195984,0.5408326913195984,0.5408326913195984,0.5408326913195984,0.5590169943749475,0.5590169943749475,0.5590169943749475,0.6363961030678928,0.6363961030678928,0.6363961030678928,0.6363961030678928,0.6363961030678928,0.6363961030678928,0.6363961030678928,0.6363961030678928,0.6363961030678928,2,0,2.0,0.14142135623730953,0.1,0.18027756377319948,0.25495097567963926,0.25495097567963926,0.25495097567963926,0.25495097567963926,0.25495097567963926,0.25495097567963926,0.25495097567963926,0.29154759474226505,0.29154759474226505,0.304138126514911,0.304138126514911,0.304138126514911,0.3354101966249685,0.3354101966249685,0.3354101966249685,0.40311288741492746,0.40311288741492746,0.40311288741492746,0.40311288741492746,0.40311288741492746,0.70178344238091,0.70178344238091,0.70178344238091,0.9500000000000001,0.9500000000000001,0.9500000000000001,0.9500000000000001,0.9500000000000001,1.1280514172678477,1.1280514172678477,1.1280514172678477,1.4221462653327892,1.4221462653327892,1.4221462653327892,1.4221462653327892,1.4221462653327892,1.4221462653327892,1.4221462653327892,1.4221462653327892,1.4221462653327892,1.4221462653327892,1.4221462653327892,1.4221462653327892,1.4221462653327892,1.4221462653327892,1.4221462653327892,1.4221462653327892,1.4221462653327892,1.4221462653327892
apt_0,L4,0,0.3694194211534159,0.021487094575474052,3,0,2.0,0.4301162633521314,0.18027756377319948,0.4716990566028302,0.4716990566028302,0.4716990566028302,0.4716990566028302,0.4716990566028302,0.4716990566028302,0.4716990566028302,0.4716990566028302,0.4716990566028302,0.696419413859206,0.696419413859206,0.696419413859206,0.696419413859206,0.696419413859206,0.696419413859206,0.696419413859206,0.696419413859206,0.696419413859206,0.696419413859206,0.696419413859206,0.696419413859206,0.696419413859206,0.696419413859206,0.696419413859206,0.696419413859206,0.696419413859206,0.696419413859206,0.696419413859206,0.696419413859206,0.7516648189186454,0.7516648189186454,0.7516648189186454,0.7516648189186454,0.7516648189186454,0.7516648189186454,0.7516648189186454,0.7516648189186454,0.7516648189186454,0.7516648189186454,0.7516648189186454,0.7516648189186454,0.7516648189186454,0.7516648189186454,0.7516648189186454,0.7516648189186454,0.7516648189186454,0.7516648189186454,0.7516648189186454,0.7516648189186454,0.7516648189186454,1,0,2.0,0.25495097567963926,0.05,0.20615528128088303,0.223606797749979,0.304138126514911,0.316227766016838,0.4301162633521314,0.4301162633521314,0.4301162633521314,0.4301162633521314,0.4301162633521314,0.45,0.45,0.45,0.45,0.45,0.45,0.45,0.45276925690687087,0.45276925690687087,0.45276925690687087,0.45276925690687087,0.45276925690687087,0.45276925690687087,0.45276925690687087,0.45276925690687087,0.5,0.5,0.5830951894845301,0.5830951894845301,0.5830951894845301,0.5830951894845301,0.5830951894845301,0.5830951894845301,0.5830951894845301,0.5830951894845301,0.5830951894845301,0.5830951894845301,0.5830951894845301,0.5830951894845301,0.6020797289396148,0.6020797289396148,0.6020797289396148,0.6020797289396148,0.6020797289396148,0.6020797289396148,0.6020797289396148,0.73824115301167,0.9219544457292888,0.9219544457292888,0.9219544457292888,0.9219544457292888,2,0,2.0,0.35000000000000003,0.18027756377319948,0.316227766016838,0.35000000000000003,0.35000000000000003,0.35000000000000003,0.3535533905932738,0.3535533905932738,0.4242640687119285,0.4242640687119285,0.5220153254455275,0.5220153254455275,0.7433034373659253,0.7433034373659253,0.7433034373659253,0.7433034373659253,0.7433034373659253,0.7433034373659253,0.7433034373659253,0.7433034373659253,0.7433034373659253,0.7615773105863909,1.1884864324004714,1.1884864324004714,1.1884864324004714,1.1884864324004714,1.1884864324004714,1.1884864324004714,1.1884864324004714,1.1884864324004714,1.1884864324004714,1.1884864324004714,1.1884864324004714,1.1884864324004714,1.1884864324004714,1.1884864324004714,1.1884864324004714,1.1884864324004714,1.1884864324004714,1.1884864324004714,1.1884864324004714,1.1884864324004714,1.1884864324004714,1.1884864324004714,1.1884864324004714,1.1884864324004714,1.1884864324004714,1.1884864324004714,1.1884864324004714,1.1884864324004714,1.1884864324004714,1.1884864324004714
apt_0,L4,1,0.5306810113592045,0.03290959112486159,3,0,2.0,0.1118033988749895,0.1,0.18027756377319948,0.223606797749979,0.223606797749979,0.223606797749979,0.223606797749979,0.223606797749979,0.223606797749979,0.223606797749979,0.223606797749979,0.223606797749979,0.223606797749979,0.25,0.25,0.25,0.25,0.25,0.25,0.25,0.25,0.25,0.32015621187164245,0.32015621187164245,0.32015621187164245,0.3535533905932738,0.3535533905932738,0.3535533905932738,0.3535533905932738,0.3535533905932738,0.3535533905932738,0.3535533905932738,0.3535533905932738,0.3535533905932738,0.3535533905932738,0.3535533905932738,0.3535533905932738,0.3535533905932738,0.3535533905932738,0.3535533905932738,0.3535533905932738,0.3535533905932738,0.3535533905932738,0.3535533905932738,0.3535533905932738,0.3535533905932738,0.3535533905932738,0.3535533905932738,0.3535533905932738,0.3535533905932738,0.3535533905932738,0.3535533905932738,1,0,2.0,0.158113883008419,0.05,0.20615528128088303,0.20615528128088303,0.20615528128088303,0.32015621187164245,0.3535533905932738,0.3535533905932738,0.3535533905932738,0.3535533905932738,0.40311288741492746,0.42720018726587655,0.42720018726587655,0.42720018726587655,0.42720018726587655,0.42720018726587655,0.42720018726587655,0.42720018726587655,0.4301162633521314,0.4301162633521314,0.4301162633521314,0.447213595499958,0.447213595499958,0.5,0.6020797289396148,0.6020797289396148,0.6020797289396148,0.6020797289396148,0.6020797289396148,0.6020797289396148,0.6020797289396148,0.6020797289396148,0.6184658438426491,0.6184658438426491,0.6184658438426491,0.6184658438426491,0.6184658438426491,0.6184658438426491,0.6264982043070835,0.632455532033676,0.632455532033676,0.632455532033676,0.65,0.65,0.65,0.65,0.65,0.65,0.6800735254367722,0.6800735254367722,0.6800735254367722,0.6800735254367722,2,0,2.0,0.18027756377319948,0.15000000000000002,0.2692582403567252,0.2692582403567252,0.3354101966249685,0.3354101966249685,0.3354101966249685,0.4,0.5099019513592785,0.5099019513592785,1.1853269591129698,1.1853269591129698,1.1853269591129698,1.1853269591129698,1.2539936203984454,1.2539936203984454,1.2539936203984454,1.2539936203984454,1.2658988901172163,1.2658988901172163,1.2658988901172163,1.2658988901172163,1.520690632574555,1.520690632574555,1.520690632574555,1.520690632574555,1.520690632574555,1.520690632574555,1.520690632574555,1.520690632574555,1.520690632574555,1.520690632574555,1.5700318468107584,1.5700318468107584,1.5700318468107584,1.5700318468107584,1.5700318468107584,1.5700318468107584,1.5700318468107584,1.5700318468107584,1.5700318468107584,1.5700318468107584,1.5700318468107584,1.5700318468107584,1.5700318468107584,3.0,3.0,3.0,3.0,3.0,3.0,3.0
apt_0,L4,2,1.6782133773791585,0.023853561842923646,3,0,2.0,1.341640786499874,0.316227766016838,1.2369316876852983,1.2369316876852983,1.2369316876852983,1.2369316876852983,1.2369316876852983,1.2369316876852983,1.2369316876852983,1.2369316876852983,1.2747548783981963,1.2747548783981963,1.2747548783981963,1.2747548783981963,1.2747548783981963,1.2747548783981963,1.2854960132182442,1.2854960132182442,1.2854960132182442,1.2854960132182442,1.2854960132182442,1.2854960132182442,1.2854960132182442,1.2854960132182442,1.2854960132182442,1.2854960132182442,1.2854960132182442,1.2854960132182442,1.2854960132182442,1.2854960132182442,1.2854960132182442,1.2854960132182442,1.2854960132182442,1.2854960132182442,1.2854960132182442,1.2854960132182442,1.2854960132182442,1.2854960132182442,1.2854960132182442,1.2854960132182442,1.2854960132182442,1.2854960132182442,1.2854960132182442,1.2854960132182442,1.2854960132182442,1.2854960132182442,1.2854960132182442,1.2854960132182442,1.2854960132182442,3.0,3.0,3.0,1,0,2.0,1.2083045973594573,0.05,0.20615528128088303,0.21213203435596426,0.29154759474226505,0.29154759474226505,0.29154759474226505,0.3535533905932738,0.3535533905932738,0.3535533905932738,0.3905124837953327,0.3905124837953327,0.3905124837953327,0.3905124837953327,0.3905124837953327,0.3905124837953327,0.40311288741492746,0.40311288741492746,0.40311288741492746,0.41231056256176607,0.41231056256176607,0.447213595499958,0.447213595499958,0.447213595499958,0.447213595499958,0.45,0.45,0.45,0.45,0.45,0.45,0.45,0.45,0.6403124237432849,0.7762087348130012,0.7762087348130012,0.7762087348130012,0.7762087348130012,0.7762087348130012,0.7762087348130012,0.7762087348130012,0.7762087348130012,1.2369316876852983,1.2369316876852983,1.2369316876852983,1.2369316876852983,1.2369316876852983,1.2369316876852983,1.2369316876852983,1.2369316876852983,1.2369316876852983,1.2369316876852983,2,0,2.0,0.5,0.1118033988749895,0.447213595499958,0.447213595499958,0.447213595499958,0.4949747468305833,0.4949747468305833,0.4949747468305833,0.5099019513592785,0.651920240520265,0.651920240520265,0.651920240520265,0.651920240520265,0.651920240520265,0.651920240520265,0.651920240520265,0.651920240520265,0.651920240520265,0.8860022573334675,0.8860022573334675,0.8860022573334675,0.8860022573334675,0.8860022573334675,0.8860022573334675,0.8860022573334675,0.9340770846134703,0.9340770846134703,0.9340770846134703,0.9340770846134703,0.9340770846134703,0.9340770846134703,0.9340770846134703,0.9340770846134703,0.9340770846134703,0.9340770846134703,0.9340770846134703,0.9340770846134703,1.9241881404893857,1.9241881404893857,1.9500000000000002,1.9500000000000002,1.9500000000000002,1.9500000000000002,3.0,3.0,3.0,3.0,3.0,3.0,3.0,3.0,3.0
apt_0,L4,3,1.405839296226483,0.04306165690267336,3,1,2.0,0.8321658488546619,0.75,0.7905694150420949,0.7905694150420949,0.7905694150420949,0.7905694150420949,0.7905694150420949,0.7905694150420949,0.7905694150420949,0.8602325267042628,0.8602325267042628,0.8602325267042628,0.8602325267042628,0.8602325267042628,0.8602325267042628,0.8602325267042628,0.8602325267042628,0.8602325267042628,0.8602325267042628,0.8602325267042628,0.8602325267042628,0.8602325267042628,0.8602325267042628,0.8602325267042628,0.8602325267042628,0.8602325267042628,0.8602325267042628,0.8746427842267951,0.8746427842267951,0.8746427842267951,0.8746427842267951,0.8746427842267951,0.8746427842267951,0.8746427842267951,0.8746427842267951,0.8746427842267951,0.8746427842267951,0.9433981132056604,0.9433981132056604,0.9433981132056604,0.9433981132056604,0.9433981132056604,0.9433981132056604,0.9433981132056604,0.9433981132056604,0.9433981132056604,0.9433981132056604,0.9433981132056604,0.9433981132056604,0.9433981132056604,0.9433981132056604,0.9433981132056604,1,1,2.0,0.40311288741492746,0.35000000000000003,0.40311288741492746,0.40311288741492746,0.40311288741492746,0.40311288741492746,0.40311288741492746,0.40311288741492746,0.40311288741492746,0.40311288741492746,0.40311288741492746,0.40311288741492746,0.40311288741492746,0.40311288741492746,0.4716990566028302,0.4716990566028302,0.4716990566028302,0.5,0.5,0.5,0.5,0.5,0.5,0.5,0.7632168761236874,0.7632168761236874,0.7632168761236874,0.7632168761236874,0.7632168761236874,1.051189802081432,1.051189802081432,1.051189802081432,1.051189802081432,1.051189802081432,1.051189802081432,1.051189802081432,1.051189802081432,1.051189802081432,1.0965856099730655,1.0965856099730655,1.0965856099730655,1.0965856099730655,1.0965856099730655,1.0965856099730655,1.0965856099730655,1.0965856099730655,1.0965856099730655,1.0965856099730655,1.0965856099730655,1.0965856099730655,1.1423659658795864,1.1423659658795864,2,0,2.0,0.7433034373659253,0.2692582403567252,0.7566372975210779,0.9055385138137417,0.9055385138137417,0.9055385138137417,0.9055385138137417,0.9055385138137417,0.9055385138137417,0.9055385138137417,0.9055385138137417,0.95524865872714,0.95524865872714,0.95524865872714,0.95524865872714,0.95524865872714,1.004987562112089,1.051189802081432,1.051189802081432,1.051189802081432,1.051189802081432,1.6224980739587953,1.6224980739587953,1.6224980739587953,1.6224980739587953,1.6552945357246849,1.6552945357246849,1.6552945357246849,1.6552945357246849,1.6552945357246849,1.6552945357246849,1.6552945357246849,1.7000000000000002,1.7000000000000002,1.7000000000000002,1.7000000000000002,1.7000000000000002,2.00124960961895,2.00124960961895,2.00124960961895,2.08806130178211,2.08806130178211,2.08806130178211,2.08806130178211,2.08806130178211,2.08806130178211,2.08806130178211,2.08806130178211,2.08806130178211,2.08806130178211,2.08806130178211,2.08806130178211
apt_0,L4,4,0.44536056726289713,0.013032933255034667,3,0,2.0,0.158113883008419,0.05,0.1118033988749895,0.1118033988749895,0.1118033988749895,0.1118033988749895,0.1118033988749895,0.1118033988749895,0.1118033988749895,0.1118033988749895,0.223606797749979,0.28284271247461906,0.28284271247461906,0.28284271247461906,0.28284271247461906,0.28284271247461906,0.28284271247461906,0.28284271247461906,0.28284271247461906,0.28284271247461906,0.28284271247461906,0.28284271247461906,0.28284271247461906,0.28284271247461906,0.28284271247461906,0.28284271247461906,0.28284271247461906,0.28284271247461906,0.28284271247461906,0.28284271247461906,0.28284271247461906,0.28284271247461906,0.28284271247461906,0.28284271247461906,0.28284271247461906,0.28284271247461906,0.28284271247461906,0.304138126514911,0.32015621187164245,0.32015621187164245,0.32015621187164245,0.36055512754639896,0.36055512754639896,0.36055512754639896,0.36055512754639896,0.36055512754639896,0.36055512754639896,0.36055512754639896,0.36055512754639896,0.7106335201775948,0.7106335201775948,0.7106335201775948,1,0,1.0,0.1,0.0,0.158113883008419,0.20615528128088303,0.25,0.25,0.2692582403567252,0.2692582403567252,0.29154759474226505,0.304138126514911,0.304138126514911,0.304138126514911,0.304138126514911,0.36055512754639896,0.36055512754639896,0.36055512754639896,0.36055512754639896,0.36055512754639896,0.36055512754639896,0.36055512754639896,0.36055512754639896,0.3905124837953327,0.3905124837953327,0.3905124837953327,0.3905124837953327,0.3905124837953327,0.3905124837953327,0.3905124837953327,0.4301162633521314,0.4301162633521314,0.5315072906367325,0.5315072906367325,0.5656854249492381,0.570087712549569,0.570087712549569,0.570087712549569,0.570087712549569,0.570087712549569,0.570087712549569,0.570087712549569,0.6020797289396148,0.6020797289396148,0.6020797289396148,0.6020797289396148,0.6020797289396148,0.6020797289396148,0.6020797289396148,0.6020797289396148,0.6403124237432849,0.6403124237432849,0.7071067811865476,0.7433034373659253,2,0,2.0,0.45,0.1,0.41231056256176607,0.447213595499958,0.447213595499958,0.447213595499958,0.447213595499958,0.447213595499958,0.4609772228646444,0.4609772228646444,0.4609772228646444,0.4609772228646444,0.4609772228646444,0.4609772228646444,0.4609772228646444,0.4609772228646444,0.4609772228646444,0.4609772228646444,0.4609772228646444,0.4609772228646444,0.4609772228646444,0.4609772228646444,0.4609772228646444,0.47434164902525694,0.5408326913195984,0.5408326913195984,0.5408326913195984,0.5408326913195984,0.5408326913195984,0.5408326913195984,0.5408326913195984,0.5408326913195984,0.6041522986797286,0.6041522986797286,0.6041522986797286,0.6184658438426491,0.6184658438426491,0.632455532033676,0.632455532033676,0.7211102550927979,0.7211102550927979,0.7211102550927979,0.7211102550927979,0.7211102550927979,0.7211102550927979,0.7211102550927979,0.7211102550927979,0.8514693182963202,0.8514693182963202,0.8514693182963202,0.8514693182963202,0.8514693182963202
apt_0,L4,5,0.7997353471804448,0.009333544010671005,3,0,2.0,0.316227766016838,0.1,0.25495097567963926,0.25495097567963926,0.25495097567963926,0.25495097567963926,0.25495097567963926,0.25495097567963926,0.304138126514911,0.304138126514911,0.304138126514911,0.304138126514911,0.304138126514911,0.304138126514911,0.304138126514911,0.316227766016838,0.316227766016838,0.316227766016838,0.316227766016838,0.316227766016838,0.316227766016838,0.316227766016838,0.316227766016838,0.316227766016838,0.316227766016838,0.316227766016838,0.316227766016838,0.316227766016838,0.3535533905932738,0.3535533905932738,0.3535533905932738,0.3535533905932738,0.3535533905932738,0.3535533905932738,0.3535533905932738,0.3535533905932738,0.3535533905932738,0.3535533905932738,0.3535533905932738,0.3535533905932738,0.3535533905932738,0.41231056256176607,0.41231056256176607,0.47434164902525694,0.47434164902525694,0.47434164902525694,0.47434164902525694,0.47434164902525694,0.47434164902525694,0.47434164902525694,0.47434164902525694,0.5,1,0,1.0,0.1118033988749895,0.0,0.158113883008419,0.158113883008419,0.18027756377319948,0.20615528128088303,0.20615528128088303,0.223606797749979,0.28284271247461906,0.29154759474226505,0.29154759474226505,0.3905124837953327,0.4242640687119285,0.4242640687119285,0.4242640687119285,0.4242640687119285,0.4242640687119285,0.4609772228646444,0.4609772228646444,0.4609772228646444,0.4609772228646444,0.4609772228646444,0.4609772228646444,0.4609772228646444,0.4609772228646444,0.4609772228646444,0.4609772228646444,0.4609772228646444,0.4609772228646444,0.4609772228646444,0.4609772228646444,0.5147815070493501,0.5147815070493501,0.5147815070493501,0.5147815070493501,0.5147815070493501,0.5147815070493501,0.5147815070493501,0.5147815070493501,0.5147815070493501,0.5147815070493501,0.5147815070493501,0.570087712549569,0.570087712549569,0.570087712549569,0.570087712549569,0.6403124237432849,0.6403124237432849,0.6403124237432849,0.7211102550927979,0.9013878188659974,0.9617692030835672,2,0,2.0,0.3354101966249685,0.32015621187164245,0.40311288741492746,0.447213595499958,0.447213595499958,0.447213595499958,0.447213595499958,0.447213595499958,0.447213595499958,0.447213595499958,0.7905694150420949,0.7905694150420949,0.7905694150420949,0.7905694150420949,0.7905694150420949,0.9055385138137417,0.9055385138137417,0.9055385138137417,0.9617692030835672,0.9617692030835672,0.9617692030835672,0.9617692030835672,0.9617692030835672,0.9617692030835672,0.9617692030835672,0.982344135219425,1.0307764064044151,1.0307764064044151,1.0307764064044151,1.0307764064044151,1.0307764064044151,1.0307764064044151,1.0307764064044151,1.0307764064044151,1.0307764064044151,1.0307764064044151,1.110180165558726,3.0,3.0,3.0,3.0,3.0,3.0,3.0,3.0,3.0,3.0,3.0,3.0,3.0,3.0,3.0
apt_0,L4,6,0.918174990509855,0.03878043669751288,3,0,2.0,0.7071067811865476,0.2,0.47434164902525694,0.47434164902525694,0.5408326913195984,0.5408326913195984,0.5408326913195984,0.5408326913195984,0.5408326913195984,0.5408326913195984,0.5408326913195984,0.5408326913195984,0.5408326913195984,0.5408326913195984,0.5408326913195984,0.5408326913195984,0.5408326913195984,0.5408326913195984,0.5408326913195984,0.5408326913195984,0.5408326913195984,0.5408326913195984,0.5408326913195984,0.570087712549569,0.570087712549569,0.570087712549569,0.570087712549569,0.5852349955359814,0.5852349955359814,0.5852349955359814,0.5852349955359814,0.5852349955359814,0.5852349955359814,0.5852349955359814,0.5852349955359814,0.5852349955359814,0.5852349955359814,0.5852349955359814,0.5852349955359814,0.5852349955359814,0.7632168761236874,1.0594810050208545,1.0594810050208545,1.0594810050208545,1.0594810050208545,1.0594810050208545,1.0594810050208545,1.0594810050208545,1.0594810050208545,1.0594810050208545,1.0594810050208545,1.0594810050208545,1,0,2.0,0.7566372975210779,0.05,0.18027756377319948,0.2692582403567252,0.2692582403567252,0.304138126514911,0.45276925690687087,0.45276925690687087,0.49244289008980524,0.49244289008980524,0.49244289008980524,0.49244289008980524,0.49244289008980524,0.49244289008980524,0.49244289008980524,0.49244289008980524,0.49244289008980524,0.49244289008980524,0.49244289008980524,0.49244289008980524,0.49244289008980524,0.49244289008980524,0.49244289008980524,0.49244289008980524,0.49244289008980524,0.49244289008980524,0.49244289008980524,0.6670832032063168,0.6670832032063168,0.7810249675906654,0.7810249675906654,0.7810249675906654,0.7810249675906654,0.7810249675906654,0.7810249675906654,0.7810249675906654,0.7810249675906654,0.7810249675906654,0.8860022573334675,0.8860022573334675,0.8860022573334675,0.8860022573334675,0.8860022573334675,0.8860022573334675,1.2369316876852983,1.2369316876852983,1.2369316876852983,1.2854960132182442,1.2854960132182442,1.3793114224133722,1.3793114224133722,1.3793114224133722,2,0,2.0,0.32015621187164245,0.2,0.5024937810560445,0.5024937810560445,0.5024937810560445,0.5024937810560445,0.5024937810560445,0.5024937810560445,0.5024937810560445,0.5024937810560445,0.5099019513592785,0.5099019513592785,1.252996408614167,1.252996408614167,1.3009611831257688,1.3009611831257688,1.3009611831257688,1.3009611831257688,1.3536986370680886,1.3536986370680886,1.3536986370680886,1.3536986370680886,1.3536986370680886,1.3536986370680886,1.3536986370680886,1.3536986370680886,1.3536986370680886,1.3536986370680886,1.3536986370680886,1.3536986370680886,1.3536986370680886,1.3536986370680886,1.3536986370680886,1.3536986370680886,1.3536986370680886,1.3536986370680886,1.3536986370680886,1.7356554957709784,1.7356554957709784,1.7356554957709784,1.7356554957709784,1.7356554957709784,1.7356554957709784,1.7356554957709784,1.7356554957709784,1.7356554957709784,1.7356554957709784,1.7356554957709784,1.8398369492974098,1.8398369492974098,1.8398369492974098,1.8398369492974098
apt_0,L4,7,0.9013029197649569,0.022248177727772562,3,0,2.0,0.38078865529319544,0.158113883008419,0.4,0.4,0.4,0.40311288741492746,0.40311288741492746,0.40311288741492746,0.40311288741492746,0.40311288741492746,0.40311288741492746,0.40311288741492746,0.40311288741492746,0.40311288741492746,0.40311288741492746,0.40311288741492746,0.40311288741492746,0.40311288741492746,0.40311288741492746,0.40311288741492746,0.40311288741492746,0.40311288741492746,0.40311288741492746,0.40311288741492746,0.40311288741492746,0.40311288741492746,0.40311288741492746,0.40311288741492746,0.40311288741492746,0.45276925690687087,0.45276925690687087,0.45276925690687087,0.45276925690687087,0.45276925690687087,0.45276925690687087,0.45276925690687087,0.45276925690687087,0.45276925690687087,0.45276925690687087,0.45276925690687087,0.5385164807134504,0.5385164807134504,0.5385164807134504,0.5385164807134504,0.5385164807134504,0.5385164807134504,0.5385164807134504,0.5385164807134504,0.5385164807134504,0.5385164807134504,0.5385164807134504,0.5385164807134504,1,0,2.0,0.4,0.07071067811865477,0.25,0.25,0.30000000000000004,0.38078865529319544,0.38078865529319544,0.4609772228646444,0.4609772228646444,0.5,0.5024937810560445,0.5315072906367325,0.5315072906367325,0.570087712549569,0.570087712549569,0.570087712549569,0.570087712549569,0.570087712549569,0.570087712549569,0.570087712549569,0.570087712549569,0.570087712549569,0.570087712549569,0.570087712549569,0.570087712549569,0.570087712549569,0.570087712549569,0.570087712549569,0.570087712549569,0.570087712549569,0.570087712549569,0.570087712549569,0.570087712549569,0.570087712549569,0.570087712549569,0.570087712549569,0.570087712549569,0.570087712549569,0.6800735254367722,0.6800735254367722,0.7071067811865476,0.7071067811865476,0.7071067811865476,0.7071067811865476,0.7071067811865476,0.7071067811865476,0.7516648189186454,0.7516648189186454,0.7516648189186454,0.7516648189186454,0.7516648189186454,0.7516648189186454,2,0,2.0,0.25,0.14142135623730953,0.2692582403567252,0.304138126514911,0.304138126514911,0.5385164807134504,0.5385164807134504,0.5830951894845301,0.5830951894845301,0.5830951894845301,0.6041522986797286,0.6041522986797286,0.6041522986797286,0.6041522986797286,0.6041522986797286,0.6041522986797286,0.6670832032063168,0.6800735254367722,0.7280109889280518,0.7280109889280518,0.7280109889280518,0.7280109889280518,0.7280109889280518,0.7280109889280518,0.7280109889280518,0.7280109889280518,0.7280109889280518,0.7280109889280518,0.8062257748298549,0.8062257748298549,0.8062257748298549,0.8062257748298549,0.8062257748298549,0.8062257748298549,0.8062257748298549,0.8062257748298549,0.8062257748298549,0.8062257748298549,0.8062257748298549,0.8062257748298549,0.9219544457292888,0.9219544457292888,0.9219544457292888,0.9219544457292888,0.9219544457292888,0.9219544457292888,0.9219544457292888,0.9219544457292888,0.9219544457292888,0.9219544457292888,0.9219544457292888,1.0012492197250393
apt_0,L4,8,0.7568735640155453,0.008634441687399578,3,0,2.0,0.30000000000000004,0.1118033988749895,0.25,0.25,0.25,0.25,0.25,0.25,0.25,0.2692582403567252,0.2692582403567252,0.30000000000000004,0.30000000000000004,0.30000000000000004,0.30000000000000004,0.30000000000000004,0.30000000000000004,0.30000000000000004,0.30000000000000004,0.304138126514911,0.304138126514911,0.304138126514911,0.304138126514911,0.316227766016838,0.316227766016838,0.3535533905932738,0.3535533905932738,0.3535533905932738,0.3535533905932738,0.3535533905932738,0.3535533905932738,0.3535533905932738,0.3535533905932738,0.3535533905932738,0.3535533905932738,0.3535533905932738,0.4,0.4,0.4,0.4,0.4,0.4,0.4,0.4,0.4,0.4,0.4,0.4,0.4,0.40311288741492746,0.40311288741492746,0.40311288741492746,1,0,1.0,0.25495097567963926,0.0,0.15000000000000002,0.20615528128088303,0.20615528128088303,0.2692582403567252,0.2692582403567252,0.3535533905932738,0.3535533905932738,0.3905124837953327,0.3905124837953327,0.3905124837953327,0.3905124837953327,0.3905124837953327,0.3905124837953327,0.3905124837953327,0.3905124837953327,0.3905124837953327,0.4949747468305833,0.5,0.5,0.5,0.5,0.5,0.5,0.5,0.5,0.5,0.5,0.6103277807866851,0.6103277807866851,0.6103277807866851,0.6103277807866851,0.6103277807866851,0.6103277807866851,0.6103277807866851,0.6103277807866851,0.6103277807866851,0.6103277807866851,0.6184658438426491,0.6184658438426491,0.6184658438426491,0.9055385138137417,0.9055385138137417,0.9055385138137417,0.9055385138137417,0.9055385138137417,1.004987562112089,1.004987562112089,1.004987562112089,1.004987562112089,1.004987562112089,2,0,2.0,0.3535533905932738,0.25,0.2692582403567252,0.3354101966249685,0.3354101966249685,0.38078865529319544,0.38078865529319544,0.42720018726587655,0.42720018726587655,0.42720018726587655,0.42720018726587655,0.42720018726587655,0.42720018726587655,0.6020797289396148,0.6020797289396148,0.6184658438426491,0.6184658438426491,0.6184658438426491,0.6184658438426491,0.6184658438426491,0.6184658438426491,0.6184658438426491,0.6184658438426491,0.6184658438426491,0.6184658438426491,0.6184658438426491,0.6184658438426491,0.6184658438426491,0.6184658438426491,0.6184658438426491,1.0012492197250393,1.0012492197250393,1.0012492197250393,1.0012492197250393,1.0012492197250393,1.0012492197250393,1.0012492197250393,1.0012492197250393,1.0012492197250393,1.0012492197250393,1.0012492197250393,1.0012492197250393,1.0012492197250393,1.0012492197250393,1.0012492197250393,1.0012492197250393,1.0012492197250393,1.0012492197250393,1.0012492197250393,1.0012492197250393,1.0012492197250393,1.0012492197250393
apt_0,L4,9,0.5281988657245844,0.024107670877856337,3,0,2.0,0.8,0.30000000000000004,0.6264982043070835,0.6264982043070835,0.6264982043070835,0.6264982043070835,0.6264982043070835,0.6264982043070835,0.6264982043070835,0.6264982043070835,0.6264982043070835,0.6264982043070835,0.6264982043070835,0.6264982043070835,0.7433034373659253,0.7433034373659253,0.7433034373659253,0.7433034373659253,0.7433034373659253,0.7433034373659253,0.7433034373659253,0.7810249675906654,0.7810249675906654,0.7810249675906654,0.7810249675906654,0.7810249675906654,0.7810249675906654,0.7810249675906654,0.7810249675906654,0.7810249675906654,0.7810249675906654,0.7810249675906654,0.7810249675906654,0.7810249675906654,0.7810249675906654,0.7810249675906654,0.7810249675906654,0.7810249675906654,0.7810249675906654,0.7810249675906654,0.7810249675906654,0.7810249675906654,0.7810249675906654,1.019803902718557,1.05,1.0688779163215976,1.0688779163215976,1.0688779163215976,1.0688779163215976,1.0688779163215976,1.0688779163215976,1.0688779163215976,1,0,2.0,0.7566372975210779,0.158113883008419,0.25495097567963926,0.25495097567963926,0.40311288741492746,0.40311288741492746,0.40311288741492746,0.40311288741492746,0.40311288741492746,0.6000000000000001,0.6184658438426491,0.6184658438426491,0.6184658438426491,0.6184658438426491,0.6184658438426491,0.7516648189186454,0.7516648189186454,0.7516648189186454,0.7516648189186454,0.7632168761236874,0.7632168761236874,0.7648529270389178,0.7648529270389178,0.7648529270389178,0.7648529270389178,0.7648529270389178,0.7648529270389178,0.7648529270389178,0.7648529270389178,0.7648529270389178,0.7648529270389178,0.7648529270389178,0.7648529270389178,0.7648529270389178,0.8631338250816034,0.8631338250816034,0.8631338250816034,0.8631338250816034,0.8631338250816034,0.912414379544733,0.912414379544733,0.912414379544733,0.912414379544733,0.912414379544733,0.912414379544733,0.912414379544733,0.912414379544733,0.912414379544733,0.912414379544733,0.912414379544733,0.912414379544733,0.912414379544733,2,0,2.0,0.3535533905932738,0.304138126514911,0.3354101966249685,0.3354101966249685,0.3354101966249685,0.3354101966249685,0.36055512754639896,0.38078865529319544,0.38078865529319544,1.0,1.0594810050208545,1.0594810050208545,1.0735455276791945,1.1236102527122116,1.1236102527122116,1.1236102527122116,1.1236102527122116,1.1236102527122116,1.1236102527122116,1.1236102527122116,1.1236102527122116,1.1236102527122116,1.1236102527122116,1.1236102527122116,1.1236102527122116,1.1236102527122116,1.1236102527122116,1.1236102527122116,1.1236102527122116,1.1236102527122116,1.1236102527122116,1.1236102527122116,1.1236102527122116,1.1236102527122116,1.1236102527122116,1.1236102527122116,1.1236102527122116,1.746424919657298,1.746424919657298,1.746424919657298,1.8069310999592654,1.8069310999592654,1.8069310999592654,1.8069310999592654,1.8069310999592654,1.8069310999592654,1.8069310999592654,1.8069310999592654,1.8069310999592654,1.8069310999592654,1.8069310999592654,1.8069310999592654
apt_0,L5,0,2.324546671910558,0.15777623329673973,3,1,2.0,3.0,1.6500000000000001,3.0,3.0,3.0,3.0,3.0,3.0,3.0,3.0,3.0,3.0,3.0,3.0,3.0,3.0,3.0,3.0,3.0,3.0,3.0,3.0,3.0,3.0,3.0,3.0,3.0,3.0,3.0,3.0,3.0,3.0,3.0,3.0,3.0,3.0,3.0,3.0,3.0,3.0,3.0,3.0,3.0,3.0,3.0,3.0,3.0,3.0,3.0,3.0,3.0,3.0,1,0,2.0,0.9219544457292888,0.1118033988749895,0.651920240520265,0.651920240520265,0.651920240520265,0.651920240520265,0.651920240520265,0.651920240520265,0.696419413859206,0.696419413859206,0.696419413859206,0.696419413859206,0.7433034373659253,0.7433034373659253,0.7433034373659253,0.7826237921249265,0.8077747210701756,0.8077747210701756,0.8077747210701756,0.8077747210701756,0.9013878188659974,0.9013878188659974,0.9013878188659974,0.9013878188659974,0.9013878188659974,0.9013878188659974,0.9013878188659974,0.9013878188659974,0.9013878188659974,0.9219544457292888,0.9219544457292888,0.9219544457292888,0.9219544457292888,0.9219544457292888,0.9219544457292888,0.9219544457292888,0.9219544457292888,0.9300537618869138,0.9300537618869138,0.9300537618869138,0.9300537618869138,0.9300537618869138,0.9300537618869138,0.9300537618869138,0.9617692030835672,0.9617692030835672,0.9617692030835672,1.0606601717798214,1.0606601717798214,1.0606601717798214,1.0606601717798214,1.0606601717798214,2,0,2.0,1.4534441853748634,0.18027756377319948,1.1543396380615196,1.3200378782444087,1.3829316685939332,1.3829316685939332,1.3829316685939332,1.3829316685939332,1.3829316685939332,1.3829316685939332,1.3829316685939332,1.3829316685939332,1.3829316685939332,1.3829316685939332,1.3829316685939332,1.3829316685939332,1.3829316685939332,1.3829316685939332,1.3829316685939332,1.3829316685939332,1.3829316685939332,1.3829316685939332,1.3829316685939332,1.3829316685939332,1.3829316685939332,1.3829316685939332,1.4115594213493106,1.4115594213493106,1.4115594213493106,1.4115594213493106,1.4115594213493106,1.4115594213493106,1.4115594213493106,1.4115594213493106,1.4115594213493106,1.4115594213493106,1.4115594213493106,1.4115594213493106,1.4115594213493106,1.4534441853748634,1.4534441853748634,1.4534441853748634,1.4534441853748634,1.4534441853748634,1.4534441853748634,1.4534441853748634,1.4534441853748634,1.4534441853748634,1.4577379737113252,1.4577379737113252,1.4577379737113252,1.4577379737113252
apt_0,L5,1,3.4873790892035244,0.2062300564124975,3,1,2.0,3.0,3.0,3.0,3.0,3.0,3.0,3.0,3.0,3.0,3.0,3.0,3.0,3.0,3.0,3.0,3.0,3.0,3.0,3.0,3.0,3.0,3.0,3.0,3.0,3.0,3.0,3.0,3.0,3.0,3.0,3.0,3.0,3.0,3.0,3.0,3.0,3.0,3.0,3.0,3.0,3.0,3.0,3.0,3.0,3.0,3.0,3.0,3.0,3.0,3.0,3.0,3.0,1,0,2.0,0.7905694150420949,0.223606797749979,0.4609772228646444,0.4609772228646444,0.4609772228646444,0.4609772228646444,0.4609772228646444,0.6020797289396148,0.6020797289396148,0.6020797289396148,0.6020797289396148,0.6020797289396148,0.6020797289396148,0.6020797289396148,0.6020797289396148,0.6020797289396148,0.6020797289396148,0.6020797289396148,0.6020797289396148,0.6020797289396148,0.6020797289396148,0.6020797289396148,0.6020797289396148,0.6020797289396148,0.6020797289396148,0.6020797289396148,0.6020797289396148,0.6020797289396148,0.8558621384311845,0.8558621384311845,0.8558621384311845,0.8558621384311845,1.3124404748406688,1.3124404748406688,1.3124404748406688,1.3124404748406688,1.3124404748406688,1.341640786499874,1.341640786499874,1.3647344063956182,1.3647344063956182,1.3647344063956182,1.4115594213493106,1.4115594213493106,1.4115594213493106,1.4115594213493106,1.4115594213493106,1.4115594213493106,1.4115594213493106,1.4115594213493106,1.4115594213493106,1.4115594213493106,2,1,2.0,3.0,3.0,3.0,3.0,3.0,3.0,3.0,3.0,3.0,3.0,3.0,3.0,3.0,3.0,3.0,3.0,3.0,3.0,3.0,3.0,3.0,3.0,3.0,3.0,3.0,3.0,3.0,3.0,3.0,3.0,3.0,3.0,3.0,3.0,3.0,3.0,3.0,3.0,3.0,3.0,3.0,3.0,3.0,3.0,3.0,3.0,3.0,3.0,3.0,3.0,3.0,3.0
apt_0,L5,2,7.587535186698187,0.13377773905418083,3,1,2.0,3.0,1.7613914953808536,3.0,3.0,3.0,3.0,3.0,3.0,3.0,3.0,3.0,3.0,3.0,3.0,3.0,3.0,3.0,3.0,3.0,3.0,3.0,3.0,3.0,3.0,3.0,3.0,3.0,3.0,3.0,3.0,3.0,3.0,3.0,3.0,3.0,3.0,3.0,3.0,3.0,3.0,3.0,3.0,3.0,3.0,3.0,3.0,3.0,3.0,3.0,3.0,3.0,3.0,1,0,2.0,3.0,0.5024937810560445,3.0,3.0,3.0,3.0,3.0,3.0,3.0,3.0,3.0,3.0,3.0,3.0,3.0,3.0,3.0,3.0,3.0,3.0,3.0,3.0,3.0,3.0,3.0,3.0,3.0,3.0,3.0,3.0,3.0,3.0,3.0,3.0,3.0,3.0,3.0,3.0,3.0,3.0,3.0,3.0,3.0,3.0,3.0,3.0,3.0,3.0,3.0,3.0,3.0,3.0,2,2,2.0,1.2971121771072847,0.7000000000000001,1.2971121771072847,1.2971121771072847,1.2971121771072847,1.2971121771072847,1.2971121771072847,1.2971121771072847,1.2971121771072847,1.2971121771072847,1.5297058540778357,1.5297058540778357,1.5297058540778357,1.5297058540778357,1.5297058540778357,1.5297058540778357,1.5297058540778357,1.5508062419270825,1.5508062419270825,1.5508062419270825,1.5508062419270825,1.5508062419270825,1.5508062419270825,1.5508062419270825,1.5508062419270825,1.5508062419270825,1.5508062419270825,1.5508062419270825,1.5508062419270825,1.5508062419270825,1.5508062419270825,1.5508062419270825,1.5508062419270825,1.5508062419270825,1.5508062419270825,1.5508062419270825,1.5508062419270825,1.5508062419270825,1.5508062419270825,1.5508062419270825,1.5508062419270825,1.5508062419270825,1.5508062419270825,1.632482771731451,1.632482771731451,1.632482771731451,1.632482771731451,1.6918924315688633,1.6918924315688633,1.6918924315688633,1.6918924315688633,1.6918924315688633
apt_0,L5,3,8.170349554711125,0.23850680102712082,3,3,2.0,3.0,3.0,3.0,3.0,3.0,3.0,3.0,3.0,3.0,3.0,3.0,3.0,3.0,3.0,3.0,3.0,3.0,3.0,3.0,3.0,3.0,3.0,3.0,3.0,3.0,3.0,3.0,3.0,3.0,3.0,3.0,3.0,3.0,3.0,3.0,3.0,3.0,3.0,3.0,3.0,3.0,3.0,3.0,3.0,3.0,3.0,3.0,3.0,3.0,3.0,3.0,3.0,1,1,2.0,3.0,3.0,3.0,3.0,3.0,3.0,3.0,3.0,3.0,3.0,3.0,3.0,3.0,3.0,3.0,3.0,3.0,3.0,3.0,3.0,3.0,3.0,3.0,3.0,3.0,3.0,3.0,3.0,3.0,3.0,3.0,3.0,3.0,3.0,3.0,3.0,3.0,3.0,3.0,3.0,3.0,3.0,3.0,3.0,3.0,3.0,3.0,3.0,3.0,3.0,3.0,3.0,2,2,2.0,3.0,3.0,3.0,3.0,3.0,3.0,3.0,3.0,3.0,3.0,3.0,3.0,3.0,3.0,3.0,3.0,3.0,3.0,3.0,3.0,3.0,3.0,3.0,3.0,3.0,3.0,3.0,3.0,3.0,3.0,3.0,3.0,3.0,3.0,3.0,3.0,3.0,3.0,3.0,3.0,3.0,3.0,3.0,3.0,3.0,3.0,3.0,3.0,3.0,3.0,3.0,3.0
apt_0,L5,4,2.730589408487173,0.0735989553659919,3,1,2.0,0.7280109889280518,0.25,0.3640054944640259,0.3640054944640259,0.3640054944640259,0.3640054944640259,0.3640054944640259,0.3640054944640259,0.3640054944640259,0.3640054944640259,0.42720018726587655,0.42720018726587655,0.42720018726587655,0.42720018726587655,0.42720018726587655,0.42720018726587655,0.42720018726587655,0.42720018726587655,0.42720018726587655,0.42720018726587655,0.42720018726587655,0.42720018726587655,0.42720018726587655,0.42720018726587655,0.42720018726587655,0.42720018726587655,0.42720018726587655,0.42720018726587655,0.42720018726587655,0.42720018726587655,0.42720018726587655,0.42720018726587655,0.42720018726587655,0.42720018726587655,0.42720018726587655,0.42720018726587655,0.42720018726587655,0.42720018726587655,0.42720018726587655,0.42720018726587655,0.42720018726587655,0.42720018726587655,0.42720018726587655,0.42720018726587655,0.42720018726587655,0.42720018726587655,0.42720018726587655,0.42720018726587655,0.42720018726587655,0.42720018726587655,0.42720018726587655,0.42720018726587655,1,0,1.0,0.05,0.0,0.05,0.07071067811865477,0.1,0.1,0.1118033988749895,0.1118033988749895,0.158113883008419,0.20615528128088303,0.20615528128088303,0.25495097567963926,0.29154759474226505,0.29154759474226505,0.29154759474226505,0.29154759474226505,0.29154759474226505,0.29154759474226505,0.29154759474226505,0.38078865529319544,0.38078865529319544,0.38078865529319544,0.38078865529319544,0.38078865529319544,0.38078865529319544,0.38078865529319544,0.38078865529319544,0.38078865529319544,0.38078865529319544,0.4301162633521314,0.4301162633521314,0.4609772228646444,0.5,0.5,0.5,0.5,0.5,0.5,0.5024937810560445,0.5024937810560445,0.5385164807134504,0.5385164807134504,0.5385164807134504,0.5385164807134504,0.55,0.55,0.55,0.55,0.55,0.55,0.55,0.55,2,1,2.0,0.7905694150420949,0.4949747468305833,0.9848857801796105,0.9848857801796105,1.019803902718557,1.118033988749895,1.1672617529928753,1.6770509831248424,1.6770509831248424,1.6770509831248424,1.6770509831248424,1.6770509831248424,1.6770509831248424,1.6770509831248424,1.6770509831248424,1.6770509831248424,1.7528548142958105,1.7528548142958105,1.7528548142958105,1.7528548142958105,1.7528548142958105,1.7528548142958105,1.7528548142958105,1.7528548142958105,1.7528548142958105,1.7528548142958105,1.7528548142958105,1.7528548142958105,1.7528548142958105,1.7528548142958105,1.7528548142958105,1.7755280904564703,1.7755280904564703,1.7755280904564703,1.7755280904564703,1.8,1.8,1.8,1.8,1.8,1.8,1.8,1.8006943105369109,1.8006943105369109,1.8006943105369109,1.8006943105369109,1.8006943105369109,1.8006943105369109,1.8006943105369109,1.8006943105369109,1.8006943105369109,1.8006943105369109
apt_0,L5,5,4.266912608833371,0.0990200920058168,3,1,2.0,3.0,3.0,3.0,3.0,3.0,3.0,3.0,3.0,3.0,3.0,3.0,3.0,3.0,3.0,3.0,3.0,3.0,3.0,3.0,3.0,3.0,3.0,3.0,3.0,3.0,3.0,3.0,3.0,3.0,3.0,3.0,3.0,3.0,3.0,3.0,3.0,3.0,3.0,3.0,3.0,3.0,3.0,3.0,3.0,3.0,3.0,3.0,3.0,3.0,3.0,3.0,3.0,1,1,2.0,3.0,3.0,3.0,3.0,3.0,3.0,3.0,3.0,3.0,3.0,3.0,3.0,3.0,3.0,3.0,3.0,3.0,3.0,3.0,3.0,3.0,3.0,3.0,3.0,3.0,3.0,3.0,3.0,3.0,3.0,3.0,3.0,3.0,3.0,3.0,3.0,3.0,3.0,3.0,3.0,3.0,3.0,3.0,3.0,3.0,3.0,3.0,3.0,3.0,3.0,3.0,3.0,2,0,2.0,0.6264982043070835,0.07071067811865477,0.6184658438426491,0.6184658438426491,0.6184658438426491,0.6184658438426491,0.8139410298049854,0.8139410298049854,0.912414379544733,0.912414379544733,0.97082439194738,0.97082439194738,0.97082439194738,0.97082439194738,0.982344135219425,0.982344135219425,0.982344135219425,0.9962429422585638,3.0,3.0,3.0,3.0,3.0,3.0,3.0,3.0,3.0,3.0,3.0,3.0,3.0,3.0,3.0,3.0,3.0,3.0,3.0,3.0,3.0,3.0,3.0,3.0,3.0,3.0,3.0,3.0,3.0,3.0,3.0,3.0,3.0,3.0
apt_0,L5,6,5.779640123623074,0.18583454218565235,3,1,2.0,3.0,0.651920240520265,3.0,3.0,3.0,3.0,3.0,3.0,3.0,3.0,3.0,3.0,3.0,3.0,3.0,3.0,3.0,3.0,3.0,3.0,3.0,3.0,3.0,3.0,3.0,3.0,3.0,3.0,3.0,3.0,3.0,3.0,3.0,3.0,3.0,3.0,3.0,3.0,3.0,3.0,3.0,3.0,3.0,3.0,3.0,3.0,3.0,3.0,3.0,3.0,3.0,3.0,1,1,2.0,3.0,0.25,2.9415132160165456,3.0,3.0,3.0,3.0,3.0,3.0,3.0,3.0,3.0,3.0,3.0,3.0,3.0,3.0,3.0,3.0,3.0,3.0,3.0,3.0,3.0,3.0,3.0,3.0,3.0,3.0,3.0,3.0,3.0,3.0,3.0,3.0,3.0,3.0,3.0,3.0,3.0,3.0,3.0,3.0,3.0,3.0,3.0,3.0,3.0,3.0,3.0,3.0,3.0,2,0,2.0,1.5692354826475217,0.1118033988749895,1.6650825805346714,1.6650825805346714,1.7102631376487072,1.7102631376487072,1.7102631376487072,1.7102631376487072,1.7102631376487072,1.7102631376487072,1.7102631376487072,1.7102631376487072,1.7102631376487072,1.7102631376487072,1.7102631376487072,1.7102631376487072,1.7102631376487072,1.7102631376487072,1.7102631376487072,1.7102631376487072,1.7102631376487072,1.7102631376487072,1.7102631376487072,1.7102631376487072,1.7102631376487072,1.7102631376487072,1.7102631376487072,1.7102631376487072,1.7102631376487072,1.7102631376487072,1.7102631376487072,1.7102631376487072,1.7102631376487072,1.7102631376487072,1.7102631376487072,1.7102631376487072,1.7102631376487072,1.7102631376487072,1.7102631376487072,1.7102631376487072,1.7102631376487072,1.7102631376487072,1.7102631376487072,1.7102631376487072,1.7102631376487072,1.7102631376487072,1.7102631376487072,1.7102631376487072,1.7102631376487072,1.7102631376487072,1.7102631376487072,1.7102631376487072
apt_0,L5,7,5.700202394409944,0.0661241738345082,3,2,2.0,3.0,3.0,3.0,3.0,3.0,3.0,3.0,3.0,3.0,3.0,3.0,3.0,3.0,3.0,3.0,3.0,3.0,3.0,3.0,3.0,3.0,3.0,3.0,3.0,3.0,3.0,3.0,3.0,3.0,3.0,3.0,3.0,3.0,3.0,3.0,3.0,3.0,3.0,3.0,3.0,3.0,3.0,3.0,3.0,3.0,3.0,3.0,3.0,3.0,3.0,3.0,3.0,1,1,2.0,3.0,3.0,3.0,3.0,3.0,3.0,3.0,3.0,3.0,3.0,3.0,3.0,3.0,3.0,3.0,3.0,3.0,3.0,3.0,3.0,3.0,3.0,3.0,3.0,3.0,3.0,3.0,3.0,3.0,3.0,3.0,3.0,3.0,3.0,3.0,3.0,3.0,3.0,3.0,3.0,3.0,3.0,3.0,3.0,3.0,3.0,3.0,3.0,3.0,3.0,3.0,3.0,2,0,2.0,0.8631338250816034,0.158113883008419,1.1629703349613008,1.1629703349613008,1.1629703349613008,1.1629703349613008,1.1629703349613008,1.1629703349613008,1.1629703349613008,1.1629703349613008,1.1629703349613008,1.1629703349613008,1.1629703349613008,1.1629703349613008,1.1629703349613008,1.1629703349613008,1.1629703349613008,1.1629703349613008,2.661766330841233,2.661766330841233,2.661766330841233,2.661766330841233,2.661766330841233,2.661766330841233,2.661766330841233,2.661766330841233,2.661766330841233,2.661766330841233,2.661766330841233,2.661766330841233,3.0,3.0,3.0,3.0,3.0,3.0,3.0,3.0,3.0,3.0,3.0,3.0,3.0,3.0,3.0,3.0,3.0,3.0,3.0,3.0,3.0,3.0
apt_0,L5,8,4.3726666819384805,0.04392902090757274,3,2,2.0,3.0,3.0,3.0,3.0,3.0,3.0,3.0,3.0,3.0,3.0,3.0,3.0,3.0,3.0,3.0,3.0,3.0,3.0,3.0,3.0,3.0,3.0,3.0,3.0,3.0,3.0,3.0,3.0,3.0,3.0,3.0,3.0,3.0,3.0,3.0,3.0,3.0,3.0,3.0,3.0,3.0,3.0,3.0,3.0,3.0,3.0,3.0,3.0,3.0,3.0,3.0,3.0,1,1,2.0,3.0,3.0,3.0,3.0,3.0,3.0,3.0,3.0,3.0,3.0,3.0,3.0,3.0,3.0,3.0,3.0,3.0,3.0,3.0,3.0,3.0,3.0,3.0,3.0,3.0,3.0,3.0,3.0,3.0,3.0,3.0,3.0,3.0,3.0,3.0,3.0,3.0,3.0,3.0,3.0,3.0,3.0,3.0,3.0,3.0,3.0,3.0,3.0,3.0,3.0,3.0,3.0,2,0,2.0,0.5830951894845301,0.29154759474226505,0.6020797289396148,0.6020797289396148,0.6363961030678928,0.6670832032063168,0.75,0.7826237921249265,0.8077747210701756,0.8077747210701756,0.8077747210701756,1.6763054614240211,1.6763054614240211,1.8973665961010278,1.8973665961010278,1.8973665961010278,1.8973665961010278,1.8973665961010278,1.8973665961010278,1.8973665961010278,1.8973665961010278,1.8973665961010278,1.8973665961010278,1.8973665961010278,1.8973665961010278,1.8973665961010278,1.913765920900464,1.913765920900464,1.913765920900464,1.9608671551127579,1.9608671551127579,3.0,3.0,3.0,3.0,3.0,3.0,3.0,3.0,3.0,3.0,3.0,3.0,3.0,3.0,3.0,3.0,3.0,3.0,3.0,3.0,3.0
apt_0,L5,9,3.263021871376345,0.1778975838407581,3,1,2.0,3.0,0.6800735254367722,3.0,3.0,3.0,3.0,3.0,3.0,3.0,3.0,3.0,3.0,3.0,3.0,3.0,3.0,3.0,3.0,3.0,3.0,3.0,3.0,3.0,3.0,3.0,3.0,3.0,3.0,3.0,3.0,3.0,3.0,3.0,3.0,3.0,3.0,3.0,3.0,3.0,3.0,3.0,3.0,3.0,3.0,3.0,3.0,3.0,3.0,3.0,3.0,3.0,3.0,1,1,2.0,3.0,1.2083045973594573,2.245551157288562,2.245551157288562,2.245551157288562,2.245551157288562,2.245551157288562,2.245551157288562,2.245551157288562,2.245551157288562,2.245551157288562,2.2677080940897136,2.2677080940897136,2.285278976405288,2.285278976405288,2.285278976405288,2.285278976405288,2.285278976405288,2.285278976405288,2.285278976405288,2.285278976405288,2.285278976405288,2.285278976405288,2.285278976405288,2.285278976405288,2.285278976405288,2.285278976405288,2.285278976405288,2.285278976405288,2.285278976405288,2.285278976405288,2.285278976405288,2.285278976405288,2.285278976405288,2.285278976405288,2.285278976405288,2.285278976405288,2.285278976405288,2.285278976405288,2.285278976405288,2.285278976405288,2.285278976405288,2.285278976405288,2.285278976405288,2.285278976405288,2.285278976405288,2.285278976405288,2.285278976405288,2.285278976405288,2.285278976405288,2.285278976405288,2.285278976405288,2,0,2.0,0.9656603957913984,0.2,0.8514693182963202,0.8514693182963202,0.8514693182963202,0.912414379544733,0.9617692030835672,0.9617692030835672,1.2093386622447824,1.6500000000000001,1.6500000000000001,1.6500000000000001,1.6500000000000001,1.6500000000000001,1.6500000000000001,1.6500000000000001,1.6500000000000001,1.6500000000000001,1.6500000000000001,1.6500000000000001,1.6500000000000001,1.6500000000000001,1.6530275254816542,1.6530275254816542,1.6530275254816542,1.6530275254816542,1.6530275254816542,1.6530275254816542,1.6530275254816542,1.6530275254816542,1.6530275254816542,2.6542418879973995,2.6542418879973995,2.6542418879973995,2.6542418879973995,3.0,3.0,3.0,3.0,3.0,3.0,3.0,3.0,3.0,3.0,3.0,3.0,3.0,3.0,3.0,3.0,3.0
