scene,level,seed,ate,endpoint_drift,n_ent_indoor_plant,off_grid_indoor_plant,label_score_indoor_plant,miss_gtlab_indoor_plant,miss_pred_indoor_plant_0.00,miss_pred_indoor_plant_0.01,miss_pred_indoor_plant_0.02,miss_pred_indoor_plant_0.03,miss_pred_indoor_plant_0.04,miss_pred_indoor_plant_0.05,miss_pred_indoor_plant_0.06,miss_pred_indoor_plant_0.07,miss_pred_indoor_plant_0.08,miss_pred_indoor_plant_0.09,miss_pred_indoor_plant_0.10,miss_pred_indoor_plant_0.11,miss_pred_indoor_plant_0.12,miss_pred_indoor_plant_0.13,miss_pred_indoor_plant_0.14,miss_pred_indoor_plant_0.15,miss_pred_indoor_plant_0.16,miss_pred_indoor_plant_0.17,miss_pred_indoor_plant_0.18,miss_pred_indoor_plant_0.19,miss_pred_indoor_plant_0.20,miss_pred_indoor_plant_0.21,miss_pred_indoor_plant_0.22,miss_pred_indoor_plant_0.23,miss_pred_indoor_plant_0.24,miss_pred_indoor_plant_0.25,miss_pred_indoor_plant_0.26,miss_pred_indoor_plant_0.27,miss_pred_indoor_plant_0.28,miss_pred_indoor_plant_0.29,miss_pred_indoor_plant_0.30,miss_pred_indoor_plant_0.31,miss_pred_indoor_plant_0.32,miss_pred_indoor_plant_0.33,miss_pred_indoor_plant_0.34,miss_pred_indoor_plant_0.35,miss_pred_indoor_plant_0.36,miss_pred_indoor_plant_0.37,miss_pred_indoor_plant_0.38,miss_pred_indoor_plant_0.39,miss_pred_indoor_plant_0.40,miss_pred_indoor_plant_0.41,miss_pred_indoor_plant_0.42,miss_pred_indoor_plant_0.43,miss_pred_indoor_plant_0.44,miss_pred_indoor_plant_0.45,miss_pred_indoor_plant_0.46,miss_pred_indoor_plant_0.47,miss_pred_indoor_plant_0.48,miss_pred_indoor_plant_0.49,miss_pred_indoor_plant_0.50,n_ent_tv_stand,off_grid_tv_stand,label_score_tv_stand,miss_gtlab_tv_stand,miss_pred_tv_stand_0.00,miss_pred_tv_stand_0.01,miss_pred_tv_stand_0.02,miss_pred_tv_stand_0.03,miss_pred_tv_stand_0.04,miss_pred_tv_stand_0.05,miss_pred_tv_stand_0.06,miss_pred_tv_stand_0.07,miss_pred_tv_stand_0.08,miss_pred_tv_stand_0.09,miss_pred_tv_stand_0.10,miss_pred_tv_stand_0.11,miss_pred_tv_stand_0.12,miss_pred_tv_stand_0.13,miss_pred_tv_stand_0.14,miss_pred_tv_stand_0.15,miss_pred_tv_stand_0.16,miss_pred_tv_stand_0.17,miss_pred_tv_stand_0.18,miss_pred_tv_stand_0.19,miss_pred_tv_stand_0.20,miss_pred_tv_stand_0.21,miss_pred_tv_stand_0.22,miss_pred_tv_stand_0.23,miss_pred_tv_stand_0.24,miss_pred_tv_stand_0.25,miss_pred_tv_stand_0.26,miss_pred_tv_stand_0.27,miss_pred_tv_stand_0.28,miss_pred_tv_stand_0.29,miss_pred_tv_stand_0.30,miss_pred_tv_stand_0.31,miss_pred_tv_stand_0.32,miss_pred_tv_stand_0.33,miss_pred_tv_stand_0.34,miss_pred_tv_stand_0.35,miss_pred_tv_stand_0.36,miss_pred_tv_stand_0.37,miss_pred_tv_stand_0.38,miss_pred_tv_stand_0.39,miss_pred_tv_stand_0.40,miss_pred_tv_stand_0.41,miss_pred_tv_stand_0.42,miss_pred_tv_stand_0.43,miss_pred_tv_stand_0.44,miss_pred_tv_stand_0.45,miss_pred_tv_stand_0.46,miss_pred_tv_stand_0.47,miss_pred_tv_stand_0.48,miss_pred_tv_stand_0.49,miss_pred_tv_stand_0.50,n_ent_bike,off_grid_bike,label_score_bike,miss_gtlab_bike,miss_pred_bike_0.00,miss_pred_bike_0.01,miss_pred_bike_0.02,miss_pred_bike_0.03,miss_pred_bike_0.04,miss_pred_bike_0.05,miss_pred_bike_0.06,miss_pred_bike_0.07,miss_pred_bike_0.08,miss_pred_bike_0.09,miss_pred_bike_0.10,miss_pred_bike_0.11,miss_pred_bike_0.12,miss_pred_bike_0.13,miss_pred_bike_0.14,miss_pred_bike_0.15,miss_pred_bike_0.16,miss_pred_bike_0.17,miss_pred_bike_0.18,miss_pred_bike_0.19,miss_pred_bike_0.20,miss_pred_bike_0.21,miss_pred_bike_0.22,miss_pred_bike_0.23,miss_pred_bike_0.24,miss_pred_bike_0.25,miss_pred_bike_0.26,miss_pred_bike_0.27,miss_pred_bike_0.28,miss_pred_bike_0.29,miss_pred_bike_0.30,miss_pred_bike_0.31,miss_pred_bike_0.32,miss_pred_bike_0.33,miss_pred_bike_0.34,miss_pred_bike_0.35,miss_pred_bike_0.36,miss_pred_bike_0.37,miss_pred_bike_0.38,miss_pred_bike_0.39,miss_pred_bike_0.40,miss_pred_bike_0.41,miss_pred_bike_0.42,miss_pred_bike_0.43,miss_pred_bike_0.44,miss_pred_bike_0.45,miss_pred_bike_0.46,miss_pred_bike_0.47,miss_pred_bike_0.48,miss_pred_bike_0.49,miss_pred_bike_0.50
v3_sc1_staging_19,L0,0,2.189865903017602e-14,2.1011296268969454e-15,2,0,1.0,0.0,0.0,0.2,0.2,0.2,0.2,0.2,0.2,0.2,0.2,0.2,0.2,0.2,0.2,0.223606797749979,0.223606797749979,0.30000000000000004,0.30000000000000004,0.30000000000000004,0.35000000000000003,0.35000000000000003,0.35000000000000003,0.35000000000000003,0.35000000000000003,0.40311288741492746,0.40311288741492746,0.4609772228646444,0.4609772228646444,0.4609772228646444,0.4609772228646444,0.4609772228646444,0.4609772228646444,0.4609772228646444,0.7433034373659253,0.7433034373659253,0.7433034373659253,0.7615773105863909,0.7615773105863909,0.7615773105863909,0.7615773105863909,0.7615773105863909,0.7615773105863909,0.7615773105863909,0.7615773105863909,0.7615773105863909,3.0,3.0,3.0,3.0,3.0,3.0,3.0,1,0,1.0,0.0,0.0,0.7211102550927979,0.7211102550927979,0.7211102550927979,0.7211102550927979,0.7211102550927979,1.104536101718726,1.104536101718726,1.2000000000000002,1.47648230602334,1.47648230602334,3.0,3.0,3.0,3.0,3.0,3.0,3.0,3.0,3.0,3.0,3.0,3.0,3.0,3.0,3.0,3.0,3.0,3.0,3.0,3.0,3.0,3.0,3.0,3.0,3.0,3.0,3.0,3.0,3.0,3.0,3.0,3.0,3.0,3.0,3.0,3.0,3.0,3.0,3.0,3.0,1,0,1.0,0.0,0.0,0.40311288741492746,0.40311288741492746,0.42720018726587655,0.42720018726587655,0.42720018726587655,0.447213595499958,0.447213595499958,0.447213595499958,0.447213595499958,0.447213595499958,0.447213595499958,0.447213595499958,0.447213595499958,0.447213595499958,0.447213595499958,0.447213595499958,0.447213595499958,0.447213595499958,0.4716990566028302,0.4716990566028302,0.4716990566028302,0.4716990566028302,0.4716990566028302,0.4716990566028302,0.4716990566028302,0.4949747468305833,0.4949747468305833,0.4949747468305833,0.4949747468305833,0.4949747468305833,0.4949747468305833,0.4949747468305833,0.4949747468305833,0.4949747468305833,0.4949747468305833,0.4949747468305833,0.4949747468305833,0.4949747468305833,0.4949747468305833,0.4949747468305833,0.4949747468305833,0.4949747468305833,0.4949747468305833,0.4949747468305833,0.4949747468305833,0.4949747468305833,0.4949747468305833,0.5,0.5,0.5024937810560445
v3_sc1_staging_19,L1,0,0.0029131437757314613,0.00023542584809484722,2,0,1.0,0.05,0.0,0.2,0.2,0.2,0.2,0.2,0.2,0.2,0.2,0.2,0.2,0.2,0.2,0.20615528128088303,0.223606797749979,0.223606797749979,0.30000000000000004,0.30000000000000004,0.30000000000000004,0.316227766016838,0.35000000000000003,0.35000000000000003,0.40311288741492746,0.40311288741492746,0.40311288741492746,0.40311288741492746,0.40311288741492746,0.4609772228646444,0.47434164902525694,0.7433034373659253,0.7433034373659253,0.7433034373659253,0.7433034373659253,0.7433034373659253,0.7433034373659253,0.7615773105863909,0.7615773105863909,0.7615773105863909,0.7615773105863909,0.7615773105863909,0.7615773105863909,0.7615773105863909,0.7615773105863909,0.7615773105863909,3.0,3.0,3.0,3.0,3.0,3.0,3.0,1,0,2.0,0.07071067811865477,0.07071067811865477,0.7211102550927979,0.7211102550927979,0.7211102550927979,0.7211102550927979,0.7211102550927979,1.104536101718726,1.104536101718726,1.2000000000000002,1.2000000000000002,1.2000000000000002,1.2000000000000002,1.2000000000000002,3.0,3.0,3.0,3.0,3.0,3.0,3.0,3.0,3.0,3.0,3.0,3.0,3.0,3.0,3.0,3.0,3.0,3.0,3.0,3.0,3.0,3.0,3.0,3.0,3.0,3.0,3.0,3.0,3.0,3.0,3.0,3.0,3.0,3.0,3.0,3.0,3.0,3.0,1,0,2.0,0.05,0.05,0.40311288741492746,0.40311288741492746,0.447213595499958,0.447213595499958,0.447213595499958,0.447213595499958,0.447213595499958,0.447213595499958,0.447213595499958,0.447213595499958,0.447213595499958,0.447213595499958,0.447213595499958,0.447213595499958,0.447213595499958,0.447213595499958,0.447213595499958,0.447213595499958,0.4716990566028302,0.4716990566028302,0.4716990566028302,0.4716990566028302,0.4716990566028302,0.4716990566028302,0.4716990566028302,0.4949747468305833,0.4949747468305833,0.4949747468305833,0.4949747468305833,0.4949747468305833,0.4949747468305833,0.4949747468305833,0.4949747468305833,0.4949747468305833,0.4949747468305833,0.4949747468305833,0.4949747468305833,0.4949747468305833,0.4949747468305833,0.4949747468305833,0.4949747468305833,0.4949747468305833,0.4949747468305833,0.4949747468305833,0.4949747468305833,0.4949747468305833,0.4949747468305833,0.5,0.5,0.5024937810560445
v3_sc1_staging_19,L1,1,0.0015796313002951526,0.00023999950415096521,2,0,2.0,0.05,0.05,0.2,0.2,0.2,0.2,0.2,0.2,0.2,0.2,0.2,0.2,0.2,0.2,0.223606797749979,0.223606797749979,0.30000000000000004,0.30000000000000004,0.304138126514911,0.304138126514911,0.35000000000000003,0.35000000000000003,0.35000000000000003,0.35000000000000003,0.40311288741492746,0.40311288741492746,0.4609772228646444,0.4609772228646444,0.4609772228646444,0.47434164902525694,0.47434164902525694,0.47434164902525694,0.47434164902525694,0.47434164902525694,0.47434164902525694,0.5,0.5,0.7615773105863909,0.7615773105863909,0.7615773105863909,0.7615773105863909,0.7615773105863909,0.7615773105863909,0.7615773105863909,0.7615773105863909,3.0,3.0,3.0,3.0,3.0,3.0,3.0,1,0,2.0,0.18027756377319948,0.18027756377319948,0.7211102550927979,0.7211102550927979,0.7211102550927979,0.7211102550927979,0.7211102550927979,1.104536101718726,1.104536101718726,1.2000000000000002,1.2000000000000002,1.2000000000000002,3.0,3.0,3.0,3.0,3.0,3.0,3.0,3.0,3.0,3.0,3.0,3.0,3.0,3.0,3.0,3.0,3.0,3.0,3.0,3.0,3.0,3.0,3.0,3.0,3.0,3.0,3.0,3.0,3.0,3.0,3.0,3.0,3.0,3.0,3.0,3.0,3.0,3.0,3.0,3.0,1,0,1.0,0.0,0.0,0.40311288741492746,0.40311288741492746,0.447213595499958,0.447213595499958,0.447213595499958,0.447213595499958,0.447213595499958,0.447213595499958,0.447213595499958,0.447213595499958,0.447213595499958,0.447213595499958,0.447213595499958,0.447213595499958,0.447213595499958,0.447213595499958,0.447213595499958,0.447213595499958,0.4716990566028302,0.4716990566028302,0.4716990566028302,0.4716990566028302,0.4716990566028302,0.4716990566028302,0.4716990566028302,0.4949747468305833,0.4949747468305833,0.4949747468305833,0.4949747468305833,0.4949747468305833,0.4949747468305833,0.4949747468305833,0.4949747468305833,0.4949747468305833,0.4949747468305833,0.4949747468305833,0.4949747468305833,0.4949747468305833,0.4949747468305833,0.4949747468305833,0.4949747468305833,0.4949747468305833,0.4949747468305833,0.4949747468305833,0.4949747468305833,0.4949747468305833,0.4949747468305833,0.4949747468305833,0.4949747468305833,0.5024937810560445
v3_sc1_staging_19,L1,2,0.004207469389872704,0.00036668634546815156,2,0,2.0,0.05,0.05,0.2,0.2,0.2,0.2,0.2,0.2,0.2,0.2,0.2,0.2,0.2,0.2,0.223606797749979,0.223606797749979,0.30000000000000004,0.30000000000000004,0.30000000000000004,0.30000000000000004,0.35000000000000003,0.35000000000000003,0.35000000000000003,0.3535533905932738,0.40311288741492746,0.40311288741492746,0.4609772228646444,0.4609772228646444,0.47434164902525694,0.47434164902525694,0.5024937810560445,0.7433034373659253,0.7433034373659253,0.7433034373659253,0.7433034373659253,0.7433034373659253,0.7615773105863909,0.7615773105863909,0.7615773105863909,0.7615773105863909,0.7615773105863909,0.7615773105863909,0.7615773105863909,0.7615773105863909,0.7615773105863909,3.0,3.0,3.0,3.0,3.0,3.0,3.0,1,0,2.0,0.18027756377319948,0.18027756377319948,0.7211102550927979,0.7211102550927979,0.7211102550927979,0.7211102550927979,0.7211102550927979,1.104536101718726,1.104536101718726,1.2000000000000002,1.2000000000000002,1.5787653403846944,3.0,3.0,3.0,3.0,3.0,3.0,3.0,3.0,3.0,3.0,3.0,3.0,3.0,3.0,3.0,3.0,3.0,3.0,3.0,3.0,3.0,3.0,3.0,3.0,3.0,3.0,3.0,3.0,3.0,3.0,3.0,3.0,3.0,3.0,3.0,3.0,3.0,3.0,3.0,3.0,1,0,1.0,0.0,0.0,0.40311288741492746,0.40311288741492746,0.42720018726587655,0.42720018726587655,0.42720018726587655,0.447213595499958,0.447213595499958,0.447213595499958,0.447213595499958,0.447213595499958,0.447213595499958,0.447213595499958,0.447213595499958,0.447213595499958,0.447213595499958,0.447213595499958,0.447213595499958,0.447213595499958,0.4716990566028302,0.4716990566028302,0.4716990566028302,0.4716990566028302,0.4716990566028302,0.4716990566028302,0.4716990566028302,0.4949747468305833,0.4949747468305833,0.4949747468305833,0.4949747468305833,0.4949747468305833,0.4949747468305833,0.4949747468305833,0.4949747468305833,0.4949747468305833,0.4949747468305833,0.4949747468305833,0.4949747468305833,0.4949747468305833,0.4949747468305833,0.4949747468305833,0.4949747468305833,0.4949747468305833,0.4949747468305833,0.4949747468305833,0.4949747468305833,0.4949747468305833,0.4949747468305833,0.4949747468305833,0.4949747468305833,0.5
v3_sc1_staging_19,L1,3,0.0031368004631777574,0.00024826763154735726,2,0,1.0,0.0,0.0,0.2,0.2,0.2,0.2,0.2,0.2,0.2,0.2,0.21213203435596426,0.21213203435596426,0.21213203435596426,0.21213203435596426,0.21213203435596426,0.25,0.25,0.25495097567963926,0.25495097567963926,0.25495097567963926,0.2692582403567252,0.35000000000000003,0.35000000000000003,0.35000000000000003,0.35000000000000003,0.40311288741492746,0.47434164902525694,0.47434164902525694,0.47434164902525694,0.47434164902525694,0.47434164902525694,0.47434164902525694,0.47434164902525694,0.47434164902525694,0.47434164902525694,0.5,0.5,0.6800735254367722,0.6800735254367722,0.6800735254367722,0.6800735254367722,0.6800735254367722,0.8544003745317531,0.873212459828649,0.873212459828649,0.873212459828649,0.873212459828649,1.2854960132182442,1.2854960132182442,1.2854960132182442,3.0,3.0,1,0,2.0,0.158113883008419,0.158113883008419,0.7211102550927979,0.7211102550927979,0.7211102550927979,0.7211102550927979,0.7211102550927979,1.104536101718726,1.104536101718726,1.2000000000000002,1.2000000000000002,1.2000000000000002,1.2000000000000002,1.2000000000000002,1.2000000000000002,1.2000000000000002,1.2000000000000002,1.2000000000000002,1.2000000000000002,3.0,3.0,3.0,3.0,3.0,3.0,3.0,3.0,3.0,3.0,3.0,3.0,3.0,3.0,3.0,3.0,3.0,3.0,3.0,3.0,3.0,3.0,3.0,3.0,3.0,3.0,3.0,3.0,3.0,3.0,3.0,3.0,3.0,1,0,1.0,0.0,0.0,0.40311288741492746,0.40311288741492746,0.42720018726587655,0.42720018726587655,0.42720018726587655,0.447213595499958,0.447213595499958,0.447213595499958,0.447213595499958,0.447213595499958,0.447213595499958,0.447213595499958,0.447213595499958,0.447213595499958,0.447213595499958,0.447213595499958,0.447213595499958,0.447213595499958,0.4716990566028302,0.4716990566028302,0.4716990566028302,0.4716990566028302,0.4716990566028302,0.4716990566028302,0.4716990566028302,0.4716990566028302,0.4716990566028302,0.4716990566028302,0.4716990566028302,0.4716990566028302,0.4949747468305833,0.4949747468305833,0.4949747468305833,0.4949747468305833,0.4949747468305833,0.4949747468305833,0.4949747468305833,0.4949747468305833,0.4949747468305833,0.4949747468305833,0.4949747468305833,0.4949747468305833,0.4949747468305833,0.4949747468305833,0.4949747468305833,0.4949747468305833,0.4949747468305833,0.4949747468305833,0.4949747468305833,0.5024937810560445
v3_sc1_staging_19,L1,4,0.0023674417475627444,0.00015628577287304,2,0,2.0,0.05,0.05,0.2,0.2,0.2,0.2,0.2,0.2,0.2,0.2,0.2,0.2,0.2,0.2,0.223606797749979,0.223606797749979,0.223606797749979,0.35000000000000003,0.35000000000000003,0.35000000000000003,0.35000000000000003,0.3535533905932738,0.40311288741492746,0.40311288741492746,0.40311288741492746,0.4609772228646444,0.4609772228646444,0.4609772228646444,0.4609772228646444,0.4609772228646444,0.4609772228646444,0.4609772228646444,0.4609772228646444,0.6946221994724903,0.6946221994724903,0.7615773105863909,0.7615773105863909,0.7615773105863909,0.7615773105863909,0.7615773105863909,0.7615773105863909,0.7615773105863909,0.7615773105863909,0.7615773105863909,3.0,3.0,3.0,3.0,3.0,3.0,3.0,3.0,1,0,2.0,0.05,0.05,0.7211102550927979,0.7211102550927979,0.7211102550927979,0.7211102550927979,0.7211102550927979,1.104536101718726,1.104536101718726,1.2000000000000002,3.0,3.0,3.0,3.0,3.0,3.0,3.0,3.0,3.0,3.0,3.0,3.0,3.0,3.0,3.0,3.0,3.0,3.0,3.0,3.0,3.0,3.0,3.0,3.0,3.0,3.0,3.0,3.0,3.0,3.0,3.0,3.0,3.0,3.0,3.0,3.0,3.0,3.0,3.0,3.0,3.0,3.0,1,0,1.0,0.0,0.0,0.40311288741492746,0.40311288741492746,0.447213595499958,0.447213595499958,0.447213595499958,0.447213595499958,0.447213595499958,0.447213595499958,0.447213595499958,0.447213595499958,0.447213595499958,0.447213595499958,0.447213595499958,0.447213595499958,0.447213595499958,0.447213595499958,0.447213595499958,0.447213595499958,0.4716990566028302,0.4716990566028302,0.4716990566028302,0.4716990566028302,0.4716990566028302,0.4716990566028302,0.4716990566028302,0.4716990566028302,0.4716990566028302,0.4716990566028302,0.4949747468305833,0.4949747468305833,0.4949747468305833,0.4949747468305833,0.4949747468305833,0.4949747468305833,0.4949747468305833,0.4949747468305833,0.4949747468305833,0.4949747468305833,0.4949747468305833,0.4949747468305833,0.4949747468305833,0.4949747468305833,0.4949747468305833,0.4949747468305833,0.4949747468305833,0.4949747468305833,0.4949747468305833,0.5,0.5,0.5024937810560445
v3_sc1_staging_19,L1,5,0.009750486222374843,0.000979520205293213,2,0,2.0,0.05,0.05,0.20615528128088303,0.20615528128088303,0.20615528128088303,0.20615528128088303,0.20615528128088303,0.20615528128088303,0.20615528128088303,0.20615528128088303,0.20615528128088303,0.20615528128088303,0.20615528128088303,0.20615528128088303,0.223606797749979,0.223606797749979,0.25495097567963926,0.25495097567963926,0.25495097567963926,0.30000000000000004,0.30000000000000004,0.3535533905932738,0.3535533905932738,0.3535533905932738,0.3535533905932738,0.4609772228646444,0.4609772228646444,0.4609772228646444,0.4609772228646444,0.4609772228646444,0.4609772228646444,0.4609772228646444,0.4609772228646444,0.4609772228646444,0.4609772228646444,0.5,0.7280109889280518,0.7280109889280518,0.7280109889280518,0.7280109889280518,0.7280109889280518,0.7280109889280518,0.7280109889280518,0.7280109889280518,0.7280109889280518,0.7433034373659253,0.7433034373659253,1.2854960132182442,3.0,3.0,3.0,3.0,1,0,2.0,0.18027756377319948,0.18027756377319948,0.7211102550927979,0.7211102550927979,0.7211102550927979,0.7211102550927979,0.7211102550927979,0.7566372975210779,0.7566372975210779,1.2010412149464313,3.0,3.0,3.0,3.0,3.0,3.0,3.0,3.0,3.0,3.0,3.0,3.0,3.0,3.0,3.0,3.0,3.0,3.0,3.0,3.0,3.0,3.0,3.0,3.0,3.0,3.0,3.0,3.0,3.0,3.0,3.0,3.0,3.0,3.0,3.0,3.0,3.0,3.0,3.0,3.0,3.0,3.0,1,0,2.0,0.05,0.05,0.40311288741492746,0.40311288741492746,0.447213595499958,0.447213595499958,0.447213595499958,0.447213595499958,0.447213595499958,0.447213595499958,0.447213595499958,0.447213595499958,0.447213595499958,0.447213595499958,0.447213595499958,0.447213595499958,0.447213595499958,0.4716990566028302,0.4716990566028302,0.4716990566028302,0.4716990566028302,0.4716990566028302,0.4716990566028302,0.4716990566028302,0.4716990566028302,0.4716990566028302,0.4716990566028302,0.4716990566028302,0.4716990566028302,0.4716990566028302,0.4949747468305833,0.4949747468305833,0.4949747468305833,0.4949747468305833,0.4949747468305833,0.4949747468305833,0.4949747468305833,0.4949747468305833,0.4949747468305833,0.4949747468305833,0.4949747468305833,0.4949747468305833,0.4949747468305833,0.4949747468305833,0.4949747468305833,0.4949747468305833,0.4949747468305833,0.4949747468305833,0.4949747468305833,0.5,0.5,0.5
v3_sc1_staging_19,L1,6,0.0025531379096378672,0.00024186559959999356,2,0,2.0,0.05,0.05,0.2,0.2,0.2,0.2,0.2,0.2,0.2,0.2,0.2,0.2,0.2,0.2,0.223606797749979,0.223606797749979,0.25495097567963926,0.30000000000000004,0.35000000000000003,0.35000000000000003,0.35000000000000003,0.35000000000000003,0.35000000000000003,0.35000000000000003,0.3535533905932738,0.40311288741492746,0.40311288741492746,0.4609772228646444,0.4609772228646444,0.4609772228646444,0.4609772228646444,0.4609772228646444,0.4609772228646444,0.6946221994724903,0.6946221994724903,0.7433034373659253,0.7615773105863909,0.7615773105863909,0.7615773105863909,0.7615773105863909,0.7615773105863909,0.7615773105863909,0.7615773105863909,3.0,3.0,3.0,3.0,3.0,3.0,3.0,3.0,3.0,1,0,2.0,0.18027756377319948,0.18027756377319948,0.7211102550927979,0.7211102550927979,0.7211102550927979,0.7211102550927979,0.7211102550927979,1.104536101718726,1.104536101718726,1.2000000000000002,1.2000000000000002,1.2000000000000002,3.0,3.0,3.0,3.0,3.0,3.0,3.0,3.0,3.0,3.0,3.0,3.0,3.0,3.0,3.0,3.0,3.0,3.0,3.0,3.0,3.0,3.0,3.0,3.0,3.0,3.0,3.0,3.0,3.0,3.0,3.0,3.0,3.0,3.0,3.0,3.0,3.0,3.0,3.0,3.0,1,0,2.0,0.05,0.05,0.40311288741492746,0.40311288741492746,0.42720018726587655,0.42720018726587655,0.42720018726587655,0.447213595499958,0.447213595499958,0.447213595499958,0.447213595499958,0.447213595499958,0.447213595499958,0.447213595499958,0.447213595499958,0.447213595499958,0.447213595499958,0.447213595499958,0.447213595499958,0.447213595499958,0.4716990566028302,0.4716990566028302,0.4716990566028302,0.4716990566028302,0.4716990566028302,0.4716990566028302,0.4716990566028302,0.4716990566028302,0.4716990566028302,0.4716990566028302,0.4716990566028302,0.4716990566028302,0.4949747468305833,0.4949747468305833,0.4949747468305833,0.4949747468305833,0.4949747468305833,0.4949747468305833,0.4949747468305833,0.4949747468305833,0.4949747468305833,0.4949747468305833,0.4949747468305833,0.4949747468305833,0.4949747468305833,0.4949747468305833,0.4949747468305833,0.4949747468305833,0.4949747468305833,0.4949747468305833,0.4949747468305833,0.5024937810560445
v3_sc1_staging_19,L1,7,0.004667916076745525,0.00045439767765499776,2,0,2.0,0.05,0.05,0.2,0.2,0.2,0.2,0.2,0.2,0.2,0.2,0.2,0.21213203435596426,0.21213203435596426,0.21213203435596426,0.21213203435596426,0.25,0.25,0.25495097567963926,0.25495097567963926,0.25495097567963926,0.25495097567963926,0.25495097567963926,0.30000000000000004,0.40311288741492746,0.40311288741492746,0.40311288741492746,0.4609772228646444,0.4609772228646444,0.4609772228646444,0.4609772228646444,0.4609772228646444,0.47434164902525694,0.47434164902525694,0.47434164902525694,0.47434164902525694,0.5,0.5,0.7211102550927979,0.7211102550927979,0.7211102550927979,0.7211102550927979,0.7211102550927979,0.873212459828649,0.873212459828649,0.873212459828649,0.873212459828649,0.873212459828649,1.2854960132182442,1.2854960132182442,1.2854960132182442,3.0,3.0,1,0,2.0,0.158113883008419,0.158113883008419,0.7211102550927979,0.7211102550927979,0.7211102550927979,0.7566372975210779,0.7566372975210779,0.7566372975210779,1.104536101718726,1.2010412149464313,1.2010412149464313,1.795132307101624,3.0,3.0,3.0,3.0,3.0,3.0,3.0,3.0,3.0,3.0,3.0,3.0,3.0,3.0,3.0,3.0,3.0,3.0,3.0,3.0,3.0,3.0,3.0,3.0,3.0,3.0,3.0,3.0,3.0,3.0,3.0,3.0,3.0,3.0,3.0,3.0,3.0,3.0,3.0,3.0,1,0,2.0,0.05,0.05,0.40311288741492746,0.40311288741492746,0.447213595499958,0.447213595499958,0.447213595499958,0.447213595499958,0.447213595499958,0.447213595499958,0.447213595499958,0.447213595499958,0.447213595499958,0.447213595499958,0.447213595499958,0.447213595499958,0.447213595499958,0.4716990566028302,0.4716990566028302,0.4716990566028302,0.4716990566028302,0.4716990566028302,0.4716990566028302,0.4716990566028302,0.4716990566028302,0.4716990566028302,0.4716990566028302,0.4949747468305833,0.4949747468305833,0.4949747468305833,0.4949747468305833,0.4949747468305833,0.4949747468305833,0.4949747468305833,0.4949747468305833,0.4949747468305833,0.4949747468305833,0.4949747468305833,0.4949747468305833,0.4949747468305833,0.4949747468305833,0.4949747468305833,0.4949747468305833,0.4949747468305833,0.4949747468305833,0.4949747468305833,0.4949747468305833,0.4949747468305833,0.4949747468305833,0.4949747468305833,0.4949747468305833,0.4949747468305833
v3_sc1_staging_19,L1,8,0.00805992423338465,0.000629691444160001,2,0,2.0,0.05,0.05,0.20615528128088303,0.20615528128088303,0.20615528128088303,0.20615528128088303,0.20615528128088303,0.20615528128088303,0.20615528128088303,0.20615528128088303,0.20615528128088303,0.20615528128088303,0.20615528128088303,0.20615528128088303,0.223606797749979,0.223606797749979,0.223606797749979,0.30000000000000004,0.304138126514911,0.35000000000000003,0.35000000000000003,0.35000000000000003,0.35000000000000003,0.40311288741492746,0.40311288741492746,0.40311288741492746,0.4609772228646444,0.4609772228646444,0.4609772228646444,0.4609772228646444,0.4609772228646444,0.4609772228646444,0.4609772228646444,0.6946221994724903,0.6946221994724903,0.7615773105863909,0.7615773105863909,0.7615773105863909,0.7615773105863909,0.7615773105863909,0.7615773105863909,0.7615773105863909,0.7615773105863909,0.7615773105863909,3.0,3.0,3.0,3.0,3.0,3.0,3.0,3.0,1,0,2.0,0.18027756377319948,0.18027756377319948,0.7211102550927979,0.7211102550927979,0.7211102550927979,0.7211102550927979,0.7211102550927979,1.104536101718726,1.104536101718726,1.2000000000000002,3.0,3.0,3.0,3.0,3.0,3.0,3.0,3.0,3.0,3.0,3.0,3.0,3.0,3.0,3.0,3.0,3.0,3.0,3.0,3.0,3.0,3.0,3.0,3.0,3.0,3.0,3.0,3.0,3.0,3.0,3.0,3.0,3.0,3.0,3.0,3.0,3.0,3.0,3.0,3.0,3.0,3.0,1,0,2.0,0.05,0.05,0.40311288741492746,0.40311288741492746,0.447213595499958,0.447213595499958,0.447213595499958,0.447213595499958,0.447213595499958,0.447213595499958,0.447213595499958,0.447213595499958,0.447213595499958,0.447213595499958,0.447213595499958,0.447213595499958,0.447213595499958,0.4716990566028302,0.4716990566028302,0.4716990566028302,0.4716990566028302,0.4716990566028302,0.4716990566028302,0.4716990566028302,0.4716990566028302,0.4716990566028302,0.4716990566028302,0.4716990566028302,0.4716990566028302,0.4716990566028302,0.4716990566028302,0.4716990566028302,0.4716990566028302,0.4716990566028302,0.4716990566028302,0.4716990566028302,0.4949747468305833,0.4949747468305833,0.4949747468305833,0.4949747468305833,0.4949747468305833,0.4949747468305833,0.4949747468305833,0.4949747468305833,0.4949747468305833,0.4949747468305833,0.4949747468305833,0.4949747468305833,0.4949747468305833,0.4949747468305833,0.5024937810560445,0.5024937810560445
v3_sc1_staging_19,L1,9,0.004154134106202194,0.00040480409769293955,2,0,1.0,0.0,0.0,0.2,0.2,0.2,0.2,0.2,0.2,0.2,0.2,0.2,0.2,0.2,0.2,0.20615528128088303,0.223606797749979,0.25495097567963926,0.30000000000000004,0.35000000000000003,0.35000000000000003,0.35000000000000003,0.35000000000000003,0.35000000000000003,0.35000000000000003,0.40311288741492746,0.40311288741492746,0.4609772228646444,0.4609772228646444,0.4609772228646444,0.4609772228646444,0.4609772228646444,0.4609772228646444,0.4609772228646444,0.4609772228646444,0.4609772228646444,0.5,0.7433034373659253,0.7433034373659253,0.7433034373659253,0.7615773105863909,0.7615773105863909,0.7615773105863909,0.7615773105863909,3.0,3.0,3.0,3.0,3.0,3.0,3.0,3.0,3.0,1,0,1.0,0.0,0.0,0.7211102550927979,0.7211102550927979,0.7211102550927979,0.7211102550927979,0.7211102550927979,1.104536101718726,1.104536101718726,1.2000000000000002,1.2000000000000002,1.2000000000000002,1.2000000000000002,1.2000000000000002,1.2000000000000002,1.2000000000000002,3.0,3.0,3.0,3.0,3.0,3.0,3.0,3.0,3.0,3.0,3.0,3.0,3.0,3.0,3.0,3.0,3.0,3.0,3.0,3.0,3.0,3.0,3.0,3.0,3.0,3.0,3.0,3.0,3.0,3.0,3.0,3.0,3.0,3.0,3.0,3.0,1,0,2.0,0.05,0.05,0.40311288741492746,0.40311288741492746,0.447213595499958,0.447213595499958,0.447213595499958,0.447213595499958,0.447213595499958,0.447213595499958,0.447213595499958,0.447213595499958,0.447213595499958,0.447213595499958,0.447213595499958,0.447213595499958,0.447213595499958,0.4716990566028302,0.4716990566028302,0.4716990566028302,0.4716990566028302,0.4716990566028302,0.4716990566028302,0.4716990566028302,0.4716990566028302,0.4716990566028302,0.4716990566028302,0.4716990566028302,0.4716990566028302,0.4716990566028302,0.4716990566028302,0.4716990566028302,0.4949747468305833,0.4949747468305833,0.4949747468305833,0.4949747468305833,0.4949747468305833,0.4949747468305833,0.4949747468305833,0.4949747468305833,0.4949747468305833,0.4949747468305833,0.4949747468305833,0.4949747468305833,0.4949747468305833,0.4949747468305833,0.4949747468305833,0.4949747468305833,0.4949747468305833,0.4949747468305833,0.5,0.5
v3_sc1_staging_19,L2,0,0.014823975899522083,0.0012111037891016244,2,0,2.0,0.05,0.05,0.2,0.2,0.2,0.2,0.2,0.2,0.20615528128088303,0.20615528128088303,0.20615528128088303,0.20615528128088303,0.21213203435596426,0.21213203435596426,0.21213203435596426,0.223606797749979,0.25495097567963926,0.25495097567963926,0.25495097567963926,0.25495097567963926,0.30000000000000004,0.30000000000000004,0.30000000000000004,0.30000000000000004,0.35000000000000003,0.40311288741492746,0.40311288741492746,0.40311288741492746,0.40311288741492746,0.4609772228646444,0.4609772228646444,0.47434164902525694,0.47434164902525694,0.47434164902525694,0.47434164902525694,0.5,0.5,0.5024937810560445,0.570087712549569,0.570087712549569,0.6726812023536856,0.6726812023536856,0.6726812023536856,0.7433034373659253,0.7433034373659253,0.7433034373659253,0.7433034373659253,0.7433034373659253,0.7433034373659253,0.8544003745317531,1.25,1.25,1,0,2.0,0.18027756377319948,0.18027756377319948,0.7211102550927979,0.7211102550927979,0.7211102550927979,0.7211102550927979,0.7566372975210779,0.7566372975210779,0.8015609770940699,0.8015609770940699,1.2010412149464313,1.2010412149464313,1.2010412149464313,2.9904013108611363,2.9904013108611363,2.9904013108611363,3.0,3.0,3.0,3.0,3.0,3.0,3.0,3.0,3.0,3.0,3.0,3.0,3.0,3.0,3.0,3.0,3.0,3.0,3.0,3.0,3.0,3.0,3.0,3.0,3.0,3.0,3.0,3.0,3.0,3.0,3.0,3.0,3.0,3.0,3.0,3.0,1,0,2.0,0.05,0.05,0.40311288741492746,0.447213595499958,0.447213595499958,0.447213595499958,0.447213595499958,0.447213595499958,0.447213595499958,0.447213595499958,0.447213595499958,0.447213595499958,0.447213595499958,0.447213595499958,0.447213595499958,0.447213595499958,0.447213595499958,0.447213595499958,0.447213595499958,0.447213595499958,0.4716990566028302,0.4716990566028302,0.4716990566028302,0.4716990566028302,0.4716990566028302,0.4949747468305833,0.4949747468305833,0.4949747468305833,0.4949747468305833,0.4949747468305833,0.4949747468305833,0.4949747468305833,0.4949747468305833,0.4949747468305833,0.4949747468305833,0.4949747468305833,0.4949747468305833,0.4949747468305833,0.4949747468305833,0.4949747468305833,0.4949747468305833,0.4949747468305833,0.4949747468305833,0.4949747468305833,0.4949747468305833,0.4949747468305833,0.4949747468305833,0.4949747468305833,0.4949747468305833,0.4949747468305833,0.4949747468305833,0.5
v3_sc1_staging_19,L2,1,0.007946127369455306,0.0012107320844481576,2,0,2.0,0.1,0.1,0.2,0.2,0.2,0.2,0.2,0.2,0.2,0.2,0.2,0.2,0.2,0.2,0.2,0.2,0.223606797749979,0.25495097567963926,0.30000000000000004,0.30000000000000004,0.30000000000000004,0.30000000000000004,0.35000000000000003,0.35000000000000003,0.3535533905932738,0.3535533905932738,0.5220153254455275,0.5220153254455275,0.5220153254455275,0.5220153254455275,0.5220153254455275,0.5220153254455275,0.5220153254455275,0.5220153254455275,0.5220153254455275,0.5220153254455275,0.5220153254455275,0.5220153254455275,0.570087712549569,0.570087712549569,0.6726812023536856,0.7826237921249265,0.7826237921249265,0.7826237921249265,3.0,3.0,3.0,3.0,3.0,3.0,3.0,3.0,1,0,2.0,0.20615528128088303,0.15000000000000002,0.70178344238091,0.70178344238091,0.7158910531638177,0.7158910531638177,0.7158910531638177,1.101135777277262,1.101135777277262,1.2083045973594573,1.2083045973594573,1.2083045973594573,1.5700318468107584,1.5700318468107584,1.5700318468107584,1.5700318468107584,1.5700318468107584,1.5700318468107584,1.5700318468107584,1.5700318468107584,1.5700318468107584,1.5700318468107584,1.5700318468107584,3.0,3.0,3.0,3.0,3.0,3.0,3.0,3.0,3.0,3.0,3.0,3.0,3.0,3.0,3.0,3.0,3.0,3.0,3.0,3.0,3.0,3.0,3.0,3.0,3.0,3.0,3.0,3.0,3.0,1,0,2.0,0.05,0.05,0.41231056256176607,0.41231056256176607,0.45,0.45,0.45,0.45,0.45276925690687087,0.45276925690687087,0.4716990566028302,0.4716990566028302,0.4716990566028302,0.4716990566028302,0.4716990566028302,0.4716990566028302,0.4716990566028302,0.4716990566028302,0.4716990566028302,0.4716990566028302,0.5099019513592785,0.5099019513592785,0.5099019513592785,0.5099019513592785,0.5099019513592785,0.5099019513592785,0.5099019513592785,0.5099019513592785,0.5099019513592785,0.5099019513592785,0.5099019513592785,0.5099019513592785,0.5099019513592785,0.5099019513592785,0.5099019513592785,0.5099019513592785,0.5099019513592785,0.5099019513592785,0.5099019513592785,0.5099019513592785,0.5099019513592785,0.5315072906367325,0.5315072906367325,0.5315072906367325,0.5315072906367325,0.5315072906367325,0.5315072906367325,0.5315072906367325,0.5315072906367325,0.5315072906367325,0.5315072906367325,0.5315072906367325
v3_sc1_staging_19,L2,2,0.020782329963705545,0.0018076690959949204,2,0,2.0,0.07071067811865477,0.07071067811865477,0.2,0.2,0.2,0.2,0.20615528128088303,0.20615528128088303,0.223606797749979,0.223606797749979,0.223606797749979,0.25,0.25,0.25,0.28284271247461906,0.29154759474226505,0.3535533905932738,0.3535533905932738,0.3535533905932738,0.4,0.4,0.4,0.4,0.4,0.4,0.4,0.4,0.4,0.4,0.5220153254455275,0.5220153254455275,0.5220153254455275,0.5590169943749475,0.5590169943749475,0.5590169943749475,0.5590169943749475,0.5590169943749475,0.570087712549569,0.570087712549569,0.6670832032063168,0.6670832032063168,0.6670832032063168,0.6670832032063168,0.6670832032063168,0.6670832032063168,1.2854960132182442,1.2854960132182442,1.2854960132182442,1.2854960132182442,1.2854960132182442,3.0,3.0,1,0,2.0,0.1,0.1,0.75,0.75,0.75,0.75,0.75,0.75,0.7762087348130012,0.7905694150420949,0.7905694150420949,0.7905694150420949,0.7905694150420949,0.7905694150420949,0.7905694150420949,0.7905694150420949,0.7905694150420949,1.9039432764659772,1.9039432764659772,1.9039432764659772,3.0,3.0,3.0,3.0,3.0,3.0,3.0,3.0,3.0,3.0,3.0,3.0,3.0,3.0,3.0,3.0,3.0,3.0,3.0,3.0,3.0,3.0,3.0,3.0,3.0,3.0,3.0,3.0,3.0,3.0,3.0,3.0,1,0,2.0,0.05,0.05,0.40311288741492746,0.41231056256176607,0.41231056256176607,0.41231056256176607,0.447213595499958,0.447213595499958,0.447213595499958,0.447213595499958,0.447213595499958,0.447213595499958,0.447213595499958,0.447213595499958,0.447213595499958,0.447213595499958,0.447213595499958,0.447213595499958,0.447213595499958,0.447213595499958,0.447213595499958,0.447213595499958,0.447213595499958,0.447213595499958,0.447213595499958,0.447213595499958,0.447213595499958,0.447213595499958,0.447213595499958,0.447213595499958,0.4609772228646444,0.4609772228646444,0.4609772228646444,0.4609772228646444,0.4609772228646444,0.4609772228646444,0.4609772228646444,0.4609772228646444,0.4609772228646444,0.4609772228646444,0.4609772228646444,0.4609772228646444,0.4609772228646444,0.4609772228646444,0.4609772228646444,0.4609772228646444,0.4609772228646444,0.4609772228646444,0.5099019513592785,0.5099019513592785,0.5099019513592785,0.5099019513592785
v3_sc1_staging_19,L2,3,0.01582374686759488,0.001247416300085606,2,0,2.0,0.05,0.05,0.2,0.2,0.2,0.2,0.2,0.2,0.2,0.2,0.2,0.2,0.2,0.2,0.21213203435596426,0.223606797749979,0.25495097567963926,0.25495097567963926,0.30000000000000004,0.30000000000000004,0.30000000000000004,0.30000000000000004,0.30000000000000004,0.3535533905932738,0.3535533905932738,0.3535533905932738,0.45276925690687087,0.45276925690687087,0.45276925690687087,0.45276925690687087,0.5,0.5,0.5,0.5,0.5,0.5,0.5,0.6800735254367722,0.6800735254367722,0.6800735254367722,0.6800735254367722,0.6800735254367722,0.8077747210701756,0.8077747210701756,0.8077747210701756,0.8276472678623424,0.8276472678623424,0.8276472678623424,0.8276472678623424,0.8276472678623424,1.25,1.25,1,0,2.0,0.05,0.05,0.70178344238091,0.70178344238091,0.7158910531638177,0.7158910531638177,0.73824115301167,0.73824115301167,0.73824115301167,0.8200609733428363,1.8828170383762732,1.8828170383762732,1.8828170383762732,1.8828170383762732,1.8828170383762732,1.8828170383762732,1.8828170383762732,1.8828170383762732,1.8828170383762732,1.8828170383762732,1.8828170383762732,1.8828170383762732,1.8828170383762732,1.8828170383762732,3.0,3.0,3.0,3.0,3.0,3.0,3.0,3.0,3.0,3.0,3.0,3.0,3.0,3.0,3.0,3.0,3.0,3.0,3.0,3.0,3.0,3.0,3.0,3.0,3.0,3.0,3.0,3.0,1,0,2.0,0.05,0.05,0.41231056256176607,0.41231056256176607,0.42720018726587655,0.45,0.45,0.45276925690687087,0.45276925690687087,0.45276925690687087,0.45276925690687087,0.45276925690687087,0.45276925690687087,0.45276925690687087,0.45276925690687087,0.45276925690687087,0.5,0.5,0.5,0.5,0.5,0.5,0.5,0.5,0.5,0.5099019513592785,0.5099019513592785,0.5099019513592785,0.5099019513592785,0.5099019513592785,0.5099019513592785,0.5099019513592785,0.5099019513592785,0.5099019513592785,0.5099019513592785,0.5099019513592785,0.5099019513592785,0.5220153254455275,0.5220153254455275,0.5220153254455275,0.5315072906367325,0.5315072906367325,0.5315072906367325,0.5315072906367325,0.5315072906367325,0.5315072906367325,0.5315072906367325,0.5315072906367325,0.5385164807134504,0.5385164807134504,0.5385164807134504,0.5385164807134504
v3_sc1_staging_19,L2,4,0.011929473266334574,0.0007849845998942189,2,0,2.0,0.1,0.1,0.15000000000000002,0.15000000000000002,0.2,0.2,0.2,0.20615528128088303,0.20615528128088303,0.25,0.25,0.25,0.25,0.25,0.2692582403567252,0.304138126514911,0.304138126514911,0.304138126514911,0.304138126514911,0.304138126514911,0.304138126514911,0.304138126514911,0.47434164902525694,0.47434164902525694,0.47434164902525694,0.47434164902525694,0.47434164902525694,0.49244289008980524,0.49244289008980524,0.5024937810560445,0.7158910531638177,0.7158910531638177,0.7158910531638177,0.7158910531638177,0.7158910531638177,0.7158910531638177,0.7158910531638177,0.7158910531638177,0.7158910531638177,0.7158910531638177,0.7158910531638177,0.7158910531638177,0.7158910531638177,0.7158910531638177,0.7158910531638177,0.7158910531638177,0.7158910531638177,1.2369316876852983,1.2369316876852983,1.2369316876852983,3.0,3.0,1,0,2.0,0.1118033988749895,0.1118033988749895,0.75,0.75,0.7762087348130012,0.7762087348130012,0.7762087348130012,0.7762087348130012,0.8062257748298549,2.973213749463701,2.973213749463701,2.973213749463701,3.0,3.0,3.0,3.0,3.0,3.0,3.0,3.0,3.0,3.0,3.0,3.0,3.0,3.0,3.0,3.0,3.0,3.0,3.0,3.0,3.0,3.0,3.0,3.0,3.0,3.0,3.0,3.0,3.0,3.0,3.0,3.0,3.0,3.0,3.0,3.0,3.0,3.0,3.0,3.0,1,0,2.0,0.07071067811865477,0.07071067811865477,0.3354101966249685,0.3354101966249685,0.3354101966249685,0.3354101966249685,0.3354101966249685,0.3354101966249685,0.3354101966249685,0.3354101966249685,0.3354101966249685,0.3354101966249685,0.3354101966249685,0.36055512754639896,0.36055512754639896,0.36055512754639896,0.36055512754639896,0.36055512754639896,0.36055512754639896,0.36055512754639896,0.36055512754639896,0.36055512754639896,0.36055512754639896,0.36055512754639896,0.36055512754639896,0.36055512754639896,0.36055512754639896,0.36055512754639896,0.36055512754639896,0.36055512754639896,0.41231056256176607,0.41231056256176607,0.41231056256176607,0.41231056256176607,0.41231056256176607,0.41231056256176607,0.41231056256176607,0.41231056256176607,0.41231056256176607,0.45276925690687087,0.45276925690687087,0.45276925690687087,0.45276925690687087,0.45276925690687087,0.45276925690687087,0.45276925690687087,0.4609772228646444,0.4609772228646444,0.49244289008980524,0.49244289008980524,0.49244289008980524,0.49244289008980524
v3_sc1_staging_19,L2,5,0.048536204991458325,0.004875291690550167,2,0,2.0,0.158113883008419,0.1,0.21213203435596426,0.21213203435596426,0.21213203435596426,0.21213203435596426,0.21213203435596426,0.21213203435596426,0.223606797749979,0.223606797749979,0.223606797749979,0.25,0.25,0.25,0.25,0.304138126514911,0.304138126514911,0.3535533905932738,0.3535533905932738,0.3535533905932738,0.3535533905932738,0.4,0.4,0.4,0.4,0.4,0.4,0.4,0.4,0.4,0.4,0.5590169943749475,0.5590169943749475,0.5590169943749475,0.5590169943749475,0.632455532033676,0.632455532033676,0.894427190999916,0.894427190999916,0.894427190999916,0.894427190999916,0.894427190999916,0.894427190999916,0.894427190999916,0.894427190999916,0.894427190999916,0.894427190999916,1.216552506059644,1.216552506059644,1.216552506059644,3.0,3.0,1,0,2.0,0.1118033988749895,0.1118033988749895,1.0606601717798214,1.0606601717798214,1.0688779163215976,1.0688779163215976,1.0688779163215976,1.1597413504743201,1.1597413504743201,1.1597413504743201,1.1597413504743201,1.1597413504743201,1.1597413504743201,1.1597413504743201,1.1597413504743201,3.0,3.0,3.0,3.0,3.0,3.0,3.0,3.0,3.0,3.0,3.0,3.0,3.0,3.0,3.0,3.0,3.0,3.0,3.0,3.0,3.0,3.0,3.0,3.0,3.0,3.0,3.0,3.0,3.0,3.0,3.0,3.0,3.0,3.0,3.0,3.0,3.0,1,0,2.0,0.1118033988749895,0.1118033988749895,0.3354101966249685,0.3354101966249685,0.3354101966249685,0.3354101966249685,0.3354101966249685,0.3354101966249685,0.3354101966249685,0.3354101966249685,0.3354101966249685,0.3354101966249685,0.3354101966249685,0.36055512754639896,0.36055512754639896,0.36055512754639896,0.36055512754639896,0.36055512754639896,0.36055512754639896,0.36055512754639896,0.36055512754639896,0.36055512754639896,0.36055512754639896,0.36055512754639896,0.36055512754639896,0.36055512754639896,0.36055512754639896,0.36055512754639896,0.36055512754639896,0.36055512754639896,0.41231056256176607,0.41231056256176607,0.41231056256176607,0.41231056256176607,0.41231056256176607,0.41231056256176607,0.41231056256176607,0.45276925690687087,0.45276925690687087,0.45276925690687087,0.4609772228646444,0.4609772228646444,0.4609772228646444,0.4609772228646444,0.4609772228646444,0.4609772228646444,0.4609772228646444,0.49244289008980524,0.49244289008980524,0.49244289008980524,0.49244289008980524,0.49244289008980524
v3_sc1_staging_19,L2,6,0.012123022665515529,0.0011558270069586915,2,0,2.0,0.07071067811865477,0.07071067811865477,0.2,0.2,0.20615528128088303,0.20615528128088303,0.20615528128088303,0.20615528128088303,0.21213203435596426,0.21213203435596426,0.21213203435596426,0.21213203435596426,0.21213203435596426,0.21213203435596426,0.223606797749979,0.29154759474226505,0.35000000000000003,0.35000000000000003,0.4,0.4,0.4,0.4,0.4,0.45,0.45276925690687087,0.45276925690687087,0.45276925690687087,0.45276925690687087,0.45276925690687087,0.5099019513592785,0.5099019513592785,0.5099019513592785,0.5099019513592785,0.5099019513592785,0.5099019513592785,0.5099019513592785,0.5099019513592785,0.7158910531638177,0.7158910531638177,0.7433034373659253,0.7433034373659253,0.7433034373659253,0.7433034373659253,0.9192388155425117,0.9192388155425117,0.9192388155425117,0.9192388155425117,0.9192388155425117,0.9192388155425117,0.9192388155425117,1.25,1.25,1,0,2.0,0.1118033988749895,0.1118033988749895,0.75,0.75,0.75,0.75,0.75,0.7648529270389178,1.110180165558726,1.2010412149464313,1.2010412149464313,1.2010412149464313,1.2010412149464313,1.2010412149464313,1.2010412149464313,1.2010412149464313,1.2010412149464313,1.2010412149464313,1.2010412149464313,1.2010412149464313,1.5890248582070705,1.5890248582070705,1.5890248582070705,1.5890248582070705,1.5890248582070705,1.5890248582070705,1.5890248582070705,1.5890248582070705,1.5890248582070705,1.5890248582070705,1.5890248582070705,1.5890248582070705,1.5890248582070705,1.5890248582070705,3.0,3.0,3.0,3.0,3.0,3.0,3.0,3.0,3.0,3.0,3.0,3.0,3.0,3.0,3.0,3.0,3.0,3.0,1,0,2.0,0.07071067811865477,0.07071067811865477,0.35000000000000003,0.35000000000000003,0.3640054944640259,0.3640054944640259,0.3640054944640259,0.38078865529319544,0.38078865529319544,0.38078865529319544,0.38078865529319544,0.38078865529319544,0.40311288741492746,0.40311288741492746,0.40311288741492746,0.40311288741492746,0.40311288741492746,0.40311288741492746,0.40311288741492746,0.40311288741492746,0.40311288741492746,0.40311288741492746,0.40311288741492746,0.40311288741492746,0.40311288741492746,0.40311288741492746,0.40311288741492746,0.40311288741492746,0.40311288741492746,0.40311288741492746,0.40311288741492746,0.41231056256176607,0.45276925690687087,0.45276925690687087,0.45276925690687087,0.45276925690687087,0.45276925690687087,0.45276925690687087,0.45276925690687087,0.45276925690687087,0.45276925690687087,0.45276925690687087,0.45276925690687087,0.45276925690687087,0.45276925690687087,0.45276925690687087,0.45276925690687087,0.45276925690687087,0.45276925690687087,0.45276925690687087,0.45276925690687087,0.55
v3_sc1_staging_19,L2,7,0.0236432102198337,0.0023084725361384043,2,0,2.0,0.07071067811865477,0.07071067811865477,0.2,0.2,0.2,0.21213203435596426,0.21213203435596426,0.21213203435596426,0.21213203435596426,0.21213203435596426,0.223606797749979,0.223606797749979,0.223606797749979,0.223606797749979,0.25,0.29154759474226505,0.29154759474226505,0.29154759474226505,0.29154759474226505,0.3535533905932738,0.3535533905932738,0.3535533905932738,0.3535533905932738,0.3535533905932738,0.3535533905932738,0.3535533905932738,0.3535533905932738,0.3535533905932738,0.4,0.5220153254455275,0.5220153254455275,0.5220153254455275,0.7000000000000001,0.7000000000000001,0.7000000000000001,0.70178344238091,0.7071067811865476,0.7071067811865476,0.7071067811865476,0.7071067811865476,0.7071067811865476,0.7071067811865476,0.7071067811865476,0.8514693182963202,0.8514693182963202,1.2589678312014172,1.2589678312014172,1.2589678312014172,1.2589678312014172,1.2589678312014172,1.4150971698084907,1.4150971698084907,1,0,2.0,0.158113883008419,0.158113883008419,0.70178344238091,0.70178344238091,0.7071067811865476,0.7071067811865476,0.7071067811865476,1.0547511554864495,1.1510864433221337,1.1510864433221337,1.1510864433221337,1.1510864433221337,1.1510864433221337,1.1510864433221337,1.1510864433221337,1.1510864433221337,1.1510864433221337,3.0,3.0,3.0,3.0,3.0,3.0,3.0,3.0,3.0,3.0,3.0,3.0,3.0,3.0,3.0,3.0,3.0,3.0,3.0,3.0,3.0,3.0,3.0,3.0,3.0,3.0,3.0,3.0,3.0,3.0,3.0,3.0,3.0,3.0,3.0,1,0,2.0,0.05,0.05,0.40311288741492746,0.40311288741492746,0.40311288741492746,0.40311288741492746,0.40311288741492746,0.40311288741492746,0.40311288741492746,0.40311288741492746,0.40311288741492746,0.40311288741492746,0.40311288741492746,0.40311288741492746,0.447213595499958,0.447213595499958,0.447213595499958,0.4716990566028302,0.4716990566028302,0.4716990566028302,0.4716990566028302,0.4716990566028302,0.4716990566028302,0.4716990566028302,0.4716990566028302,0.4716990566028302,0.4716990566028302,0.5,0.5,0.5,0.5,0.5,0.5,0.5,0.5,0.5,0.5,0.5,0.5024937810560445,0.5024937810560445,0.5099019513592785,0.5099019513592785,0.5099019513592785,0.5099019513592785,0.5220153254455275,0.5220153254455275,0.5220153254455275,0.5220153254455275,0.5220153254455275,0.5220153254455275,0.5220153254455275,0.5220153254455275
v3_sc1_staging_19,L2,8,0.04055027097106414,0.0031611380363141717,2,0,2.0,0.1118033988749895,0.07071067811865477,0.18027756377319948,0.18027756377319948,0.18027756377319948,0.18027756377319948,0.18027756377319948,0.21213203435596426,0.21213203435596426,0.21213203435596426,0.21213203435596426,0.21213203435596426,0.21213203435596426,0.2692582403567252,0.2692582403567252,0.304138126514911,0.304138126514911,0.304138126514911,0.35000000000000003,0.35000000000000003,0.35000000000000003,0.35000000000000003,0.35000000000000003,0.35000000000000003,0.4,0.4,0.45,0.5099019513592785,0.5099019513592785,0.5099019513592785,0.5099019513592785,0.5099019513592785,0.5220153254455275,0.5220153254455275,0.552268050859363,0.552268050859363,0.552268050859363,0.70178344238091,1.063014581273465,1.063014581273465,3.0,3.0,3.0,3.0,3.0,3.0,3.0,3.0,3.0,3.0,3.0,3.0,1,0,2.0,0.1118033988749895,0.1118033988749895,0.75,0.75,0.75,0.75,0.75,0.7905694150420949,0.7905694150420949,0.7905694150420949,0.7905694150420949,0.7905694150420949,0.7905694150420949,0.7905694150420949,3.0,3.0,3.0,3.0,3.0,3.0,3.0,3.0,3.0,3.0,3.0,3.0,3.0,3.0,3.0,3.0,3.0,3.0,3.0,3.0,3.0,3.0,3.0,3.0,3.0,3.0,3.0,3.0,3.0,3.0,3.0,3.0,3.0,3.0,3.0,3.0,3.0,3.0,1,0,2.0,0.1118033988749895,0.1118033988749895,0.38078865529319544,0.38078865529319544,0.38078865529319544,0.38078865529319544,0.38078865529319544,0.38078865529319544,0.38078865529319544,0.38078865529319544,0.38078865529319544,0.38078865529319544,0.38078865529319544,0.40311288741492746,0.40311288741492746,0.40311288741492746,0.40311288741492746,0.40311288741492746,0.40311288741492746,0.40311288741492746,0.40311288741492746,0.40311288741492746,0.40311288741492746,0.40311288741492746,0.40311288741492746,0.40311288741492746,0.40311288741492746,0.40311288741492746,0.40311288741492746,0.40311288741492746,0.41231056256176607,0.41231056256176607,0.41231056256176607,0.41231056256176607,0.41231056256176607,0.45276925690687087,0.45276925690687087,0.45276925690687087,0.45276925690687087,0.45276925690687087,0.45276925690687087,0.45276925690687087,0.4609772228646444,0.4609772228646444,0.5024937810560445,0.5024937810560445,0.5024937810560445,0.5024937810560445,0.5024937810560445,0.5024937810560445,0.5024937810560445,0.5024937810560445
v3_sc1_staging_19,L2,9,0.021612026045837743,0.002100301691077902,2,0,2.0,0.05,0.05,0.20615528128088303,0.20615528128088303,0.20615528128088303,0.20615528128088303,0.20615528128088303,0.20615528128088303,0.20615528128088303,0.20615528128088303,0.20615528128088303,0.20615528128088303,0.20615528128088303,0.20615528128088303,0.20615528128088303,0.223606797749979,0.25495097567963926,0.25495097567963926,0.35000000000000003,0.35000000000000003,0.35000000000000003,0.35000000000000003,0.35000000000000003,0.35000000000000003,0.4609772228646444,0.4609772228646444,0.4609772228646444,0.5024937810560445,0.7211102550927979,0.7211102550927979,0.7211102550927979,0.7211102550927979,0.7211102550927979,0.7211102550927979,0.7211102550927979,0.7211102550927979,0.7211102550927979,0.7211102550927979,0.7211102550927979,0.7211102550927979,0.7211102550927979,0.7211102550927979,0.7211102550927979,0.873212459828649,0.873212459828649,0.873212459828649,0.873212459828649,0.873212459828649,0.873212459828649,0.873212459828649,1.264911064067352,1.264911064067352,1,0,2.0,0.07071067811865477,0.07071067811865477,0.75,0.75,0.75,0.7648529270389178,0.7648529270389178,1.110180165558726,1.110180165558726,1.2010412149464313,1.2010412149464313,1.2010412149464313,1.2010412149464313,1.2010412149464313,1.2010412149464313,1.2010412149464313,1.5890248582070705,3.0,3.0,3.0,3.0,3.0,3.0,3.0,3.0,3.0,3.0,3.0,3.0,3.0,3.0,3.0,3.0,3.0,3.0,3.0,3.0,3.0,3.0,3.0,3.0,3.0,3.0,3.0,3.0,3.0,3.0,3.0,3.0,3.0,3.0,3.0,1,0,2.0,0.05,0.05,0.40311288741492746,0.40311288741492746,0.45,0.45,0.45,0.45,0.45,0.4609772228646444,0.4609772228646444,0.4716990566028302,0.4716990566028302,0.4716990566028302,0.4716990566028302,0.4716990566028302,0.4716990566028302,0.4716990566028302,0.4716990566028302,0.4716990566028302,0.4716990566028302,0.4716990566028302,0.4716990566028302,0.4716990566028302,0.4716990566028302,0.4716990566028302,0.4716990566028302,0.4716990566028302,0.4716990566028302,0.4716990566028302,0.4716990566028302,0.4716990566028302,0.4716990566028302,0.4949747468305833,0.4949747468305833,0.4949747468305833,0.4949747468305833,0.4949747468305833,0.4949747468305833,0.4949747468305833,0.4949747468305833,0.4949747468305833,0.4949747468305833,0.4949747468305833,0.4949747468305833,0.4949747468305833,0.4949747468305833,0.4949747468305833,0.5220153254455275,0.5220153254455275,0.5220153254455275,0.5220153254455275
v3_sc1_staging_19,L3,0,0.04640695990199495,0.003793686213568389,2,0,2.0,0.07071067811865477,0.07071067811865477,0.158113883008419,0.158113883008419,0.158113883008419,0.158113883008419,0.18027756377319948,0.18027756377319948,0.18027756377319948,0.18027756377319948,0.21213203435596426,0.21213203435596426,0.21213203435596426,0.21213203435596426,0.21213203435596426,0.223606797749979,0.223606797749979,0.223606797749979,0.25495097567963926,0.35000000000000003,0.35000000000000003,0.3535533905932738,0.3535533905932738,0.40311288741492746,0.40311288741492746,0.5024937810560445,0.5024937810560445,0.5024937810560445,0.5024937810560445,0.5024937810560445,0.5024937810560445,0.5024937810560445,0.5024937810560445,0.65,0.65,0.65,0.6670832032063168,0.6670832032063168,0.6670832032063168,0.6670832032063168,0.6726812023536856,0.6726812023536856,0.7158910531638177,0.7158910531638177,0.7158910531638177,0.7158910531638177,0.7158910531638177,0.75,0.75,0.75,1.2854960132182442,1.2854960132182442,1,0,2.0,0.14142135623730953,0.14142135623730953,0.7211102550927979,0.7211102550927979,0.7632168761236874,0.7632168761236874,0.7632168761236874,0.7632168761236874,0.7632168761236874,0.8015609770940699,0.8015609770940699,0.8015609770940699,1.89274932307477,1.89274932307477,1.89274932307477,1.89274932307477,1.89274932307477,1.89274932307477,1.89274932307477,1.89274932307477,3.0,3.0,3.0,3.0,3.0,3.0,3.0,3.0,3.0,3.0,3.0,3.0,3.0,3.0,3.0,3.0,3.0,3.0,3.0,3.0,3.0,3.0,3.0,3.0,3.0,3.0,3.0,3.0,3.0,3.0,3.0,3.0,1,0,2.0,0.07071067811865477,0.07071067811865477,0.3905124837953327,0.3905124837953327,0.3905124837953327,0.3905124837953327,0.3905124837953327,0.3905124837953327,0.3905124837953327,0.3905124837953327,0.3905124837953327,0.3905124837953327,0.3905124837953327,0.3905124837953327,0.3905124837953327,0.3905124837953327,0.3905124837953327,0.3905124837953327,0.3905124837953327,0.3905124837953327,0.3905124837953327,0.3905124837953327,0.3905124837953327,0.3905124837953327,0.3905124837953327,0.3905124837953327,0.3905124837953327,0.3905124837953327,0.3905124837953327,0.3905124837953327,0.3905124837953327,0.40311288741492746,0.45,0.45,0.45,0.45,0.45,0.45,0.45,0.45,0.45,0.45,0.45,0.45,0.45276925690687087,0.45276925690687087,0.5024937810560445,0.5024937810560445,0.5024937810560445,0.5024937810560445,0.5024937810560445,0.55
v3_sc1_staging_19,L3,1,0.02488222521023807,0.0037959006362974098,2,0,2.0,0.1118033988749895,0.1,0.20615528128088303,0.20615528128088303,0.20615528128088303,0.20615528128088303,0.20615528128088303,0.20615528128088303,0.20615528128088303,0.20615528128088303,0.20615528128088303,0.20615528128088303,0.20615528128088303,0.20615528128088303,0.20615528128088303,0.20615528128088303,0.20615528128088303,0.20615528128088303,0.20615528128088303,0.20615528128088303,0.21213203435596426,0.25,0.25,0.25495097567963926,0.2692582403567252,0.29154759474226505,0.45,0.45,0.7615773105863909,0.7615773105863909,0.7615773105863909,0.7615773105863909,0.7615773105863909,0.7615773105863909,0.7615773105863909,0.7615773105863909,0.7615773105863909,0.7615773105863909,0.7615773105863909,0.7615773105863909,1.3086252328302401,3.0,3.0,3.0,3.0,3.0,3.0,3.0,3.0,3.0,3.0,3.0,1,0,2.0,0.20615528128088303,0.14142135623730953,0.7516648189186454,0.7516648189186454,0.7516648189186454,0.7516648189186454,0.7516648189186454,0.7615773105863909,0.7615773105863909,0.7615773105863909,1.1597413504743201,1.1597413504743201,3.0,3.0,3.0,3.0,3.0,3.0,3.0,3.0,3.0,3.0,3.0,3.0,3.0,3.0,3.0,3.0,3.0,3.0,3.0,3.0,3.0,3.0,3.0,3.0,3.0,3.0,3.0,3.0,3.0,3.0,3.0,3.0,3.0,3.0,3.0,3.0,3.0,3.0,3.0,3.0,1,0,2.0,0.1118033988749895,0.1118033988749895,0.49244289008980524,0.5099019513592785,0.5099019513592785,0.5099019513592785,0.5099019513592785,0.5099019513592785,0.5099019513592785,0.5099019513592785,0.5099019513592785,0.5099019513592785,0.5099019513592785,0.5099019513592785,0.5099019513592785,0.5099019513592785,0.5099019513592785,0.5590169943749475,0.5590169943749475,0.5590169943749475,0.5590169943749475,0.5590169943749475,0.5590169943749475,0.5590169943749475,0.5590169943749475,0.5590169943749475,0.5590169943749475,0.5590169943749475,0.5590169943749475,0.5590169943749475,0.5590169943749475,0.5590169943749475,0.5590169943749475,0.5590169943749475,0.5590169943749475,0.5590169943749475,0.5590169943749475,0.5590169943749475,0.5590169943749475,0.5590169943749475,0.5590169943749475,0.5852349955359814,0.6020797289396148,0.6020797289396148,0.6020797289396148,0.6020797289396148,0.6020797289396148,0.6020797289396148,0.6020797289396148,0.6020797289396148,0.6020797289396148,0.6020797289396148
v3_sc1_staging_19,L3,2,0.06513897717204266,0.005660902889361629,2,0,2.0,0.1118033988749895,0.1118033988749895,0.223606797749979,0.223606797749979,0.223606797749979,0.223606797749979,0.223606797749979,0.223606797749979,0.223606797749979,0.223606797749979,0.223606797749979,0.223606797749979,0.223606797749979,0.29154759474226505,0.29154759474226505,0.3354101966249685,0.3354101966249685,0.3354101966249685,0.3354101966249685,0.3354101966249685,0.3354101966249685,0.3354101966249685,0.3354101966249685,0.3354101966249685,0.3354101966249685,0.3354101966249685,0.3354101966249685,0.3535533905932738,0.3535533905932738,0.3535533905932738,0.3535533905932738,0.3535533905932738,0.3535533905932738,0.3905124837953327,0.3905124837953327,0.55,0.5852349955359814,0.5852349955359814,0.6041522986797286,0.6041522986797286,0.6041522986797286,0.6264982043070835,0.6264982043070835,0.6264982043070835,0.6800735254367722,0.6800735254367722,0.6800735254367722,0.97082439194738,0.97082439194738,1.2589678312014172,3.0,3.0,1,0,2.0,0.158113883008419,0.158113883008419,0.7762087348130012,0.7762087348130012,0.7905694150420949,0.7905694150420949,0.7905694150420949,0.8200609733428363,0.8200609733428363,1.2093386622447824,1.2093386622447824,1.5660459763365826,3.0,3.0,3.0,3.0,3.0,3.0,3.0,3.0,3.0,3.0,3.0,3.0,3.0,3.0,3.0,3.0,3.0,3.0,3.0,3.0,3.0,3.0,3.0,3.0,3.0,3.0,3.0,3.0,3.0,3.0,3.0,3.0,3.0,3.0,3.0,3.0,3.0,3.0,3.0,3.0,1,0,2.0,0.1,0.1,0.4,0.4,0.4,0.4,0.4,0.4,0.40311288741492746,0.40311288741492746,0.40311288741492746,0.40311288741492746,0.40311288741492746,0.40311288741492746,0.42720018726587655,0.42720018726587655,0.42720018726587655,0.42720018726587655,0.42720018726587655,0.42720018726587655,0.42720018726587655,0.42720018726587655,0.42720018726587655,0.42720018726587655,0.42720018726587655,0.42720018726587655,0.42720018726587655,0.42720018726587655,0.42720018726587655,0.42720018726587655,0.42720018726587655,0.42720018726587655,0.42720018726587655,0.42720018726587655,0.42720018726587655,0.4609772228646444,0.4609772228646444,0.4609772228646444,0.4609772228646444,0.4609772228646444,0.4716990566028302,0.4716990566028302,0.4716990566028302,0.4716990566028302,0.4716990566028302,0.4716990566028302,0.4716990566028302,0.4716990566028302,0.5024937810560445,0.5024937810560445,0.5024937810560445,0.5024937810560445
v3_sc1_staging_19,L3,3,0.04939929497003894,0.0038851112415160915,2,0,2.0,0.07071067811865477,0.07071067811865477,0.20615528128088303,0.20615528128088303,0.20615528128088303,0.20615528128088303,0.20615528128088303,0.20615528128088303,0.21213203435596426,0.21213203435596426,0.21213203435596426,0.223606797749979,0.223606797749979,0.25,0.25,0.25,0.25,0.2692582403567252,0.2692582403567252,0.2692582403567252,0.304138126514911,0.3354101966249685,0.3354101966249685,0.3354101966249685,0.3354101966249685,0.3354101966249685,0.3354101966249685,0.4,0.4,0.4,0.4,0.42720018726587655,0.42720018726587655,0.42720018726587655,0.42720018726587655,0.6363961030678928,0.6363961030678928,0.6363961030678928,1.063014581273465,1.063014581273465,1.1543396380615196,1.1543396380615196,1.1543396380615196,1.1543396380615196,1.2980754985747172,1.2980754985747172,1.2980754985747172,1.2980754985747172,1.2980754985747172,1.2980754985747172,3.0,3.0,1,0,2.0,0.14142135623730953,0.14142135623730953,0.75,0.75,0.75,0.75,1.0012492197250393,1.0547511554864495,1.0547511554864495,1.0547511554864495,1.118033988749895,1.118033988749895,1.118033988749895,1.118033988749895,1.118033988749895,1.118033988749895,1.118033988749895,1.118033988749895,1.118033988749895,1.118033988749895,1.118033988749895,1.118033988749895,1.118033988749895,1.118033988749895,1.118033988749895,1.118033988749895,3.0,3.0,3.0,3.0,3.0,3.0,3.0,3.0,3.0,3.0,3.0,3.0,3.0,3.0,3.0,3.0,3.0,3.0,3.0,3.0,3.0,3.0,3.0,3.0,3.0,3.0,1,0,2.0,0.1,0.1,0.3640054944640259,0.3640054944640259,0.3640054944640259,0.3640054944640259,0.3640054944640259,0.4,0.4,0.4,0.40311288741492746,0.40311288741492746,0.40311288741492746,0.40311288741492746,0.41231056256176607,0.41231056256176607,0.41231056256176607,0.41231056256176607,0.41231056256176607,0.41231056256176607,0.41231056256176607,0.41231056256176607,0.41231056256176607,0.41231056256176607,0.41231056256176607,0.41231056256176607,0.41231056256176607,0.41231056256176607,0.41231056256176607,0.41231056256176607,0.41231056256176607,0.41231056256176607,0.41231056256176607,0.41231056256176607,0.41231056256176607,0.41231056256176607,0.5590169943749475,0.5590169943749475,0.5590169943749475,0.5590169943749475,0.5590169943749475,0.5590169943749475,0.5590169943749475,0.5590169943749475,0.5590169943749475,0.5590169943749475,0.5590169943749475,0.5590169943749475,0.5590169943749475,0.5590169943749475,0.5590169943749475,0.5590169943749475
v3_sc1_staging_19,L3,4,0.03750981790888369,0.0024630341187932172,2,0,2.0,0.2,0.2,0.25,0.25,0.25,0.25,0.25,0.25,0.3535533905932738,0.3535533905932738,0.36055512754639896,0.36055512754639896,0.38078865529319544,0.38078865529319544,0.38078865529319544,0.38078865529319544,0.3905124837953327,0.42720018726587655,0.42720018726587655,0.4609772228646444,0.4609772228646444,0.5,0.5024937810560445,0.55,0.55,0.55,0.55,0.55,0.55,0.5590169943749475,0.5590169943749475,0.5590169943749475,0.5590169943749475,0.5590169943749475,0.5852349955359814,0.75,0.75,0.7648529270389178,0.9013878188659974,0.9013878188659974,0.9013878188659974,0.9013878188659974,0.9013878188659974,0.9013878188659974,0.9013878188659974,0.9013878188659974,0.9013878188659974,1.2619429464123963,1.2619429464123963,1.2619429464123963,1.2619429464123963,1.2619429464123963,1,0,2.0,0.20615528128088303,0.20615528128088303,0.7778174593052023,0.7778174593052023,0.7778174593052023,0.7778174593052023,0.7778174593052023,0.7778174593052023,0.7778174593052023,0.8514693182963202,0.8514693182963202,0.8514693182963202,0.8514693182963202,0.8514693182963202,1.1672617529928753,1.1672617529928753,1.1672617529928753,1.1672617529928753,1.1672617529928753,1.1672617529928753,1.1672617529928753,1.1672617529928753,1.1672617529928753,1.1672617529928753,1.1672617529928753,1.1672617529928753,1.1672617529928753,1.1672617529928753,1.1672617529928753,1.1672617529928753,1.1672617529928753,3.0,3.0,3.0,3.0,3.0,3.0,3.0,3.0,3.0,3.0,3.0,3.0,3.0,3.0,3.0,3.0,3.0,3.0,3.0,3.0,3.0,1,0,2.0,0.25,0.1,0.18027756377319948,0.18027756377319948,0.25,0.25,0.25,0.25,0.25,0.25,0.28284271247461906,0.36055512754639896,0.36055512754639896,0.36055512754639896,0.36055512754639896,0.36055512754639896,0.36055512754639896,0.36055512754639896,0.36055512754639896,0.36055512754639896,0.36055512754639896,0.36055512754639896,0.36055512754639896,0.36055512754639896,0.36055512754639896,0.40311288741492746,0.40311288741492746,0.40311288741492746,0.40311288741492746,0.5147815070493501,0.5590169943749475,0.5590169943749475,0.5852349955359814,0.5852349955359814,0.5852349955359814,0.5852349955359814,0.5852349955359814,0.5852349955359814,0.5852349955359814,0.5852349955359814,0.5852349955359814,0.5852349955359814,0.5852349955359814,0.6041522986797286,0.6041522986797286,0.6041522986797286,0.6041522986797286,0.6041522986797286,0.6041522986797286,0.6041522986797286,0.6041522986797286,0.6041522986797286
v3_sc1_staging_19,L3,5,0.1522282796440315,0.015274441941826132,2,0,2.0,0.316227766016838,0.2,0.316227766016838,0.316227766016838,0.316227766016838,0.316227766016838,0.316227766016838,0.316227766016838,0.316227766016838,0.316227766016838,0.316227766016838,0.316227766016838,0.316227766016838,0.316227766016838,0.316227766016838,0.316227766016838,0.316227766016838,0.42720018726587655,0.42720018726587655,0.4301162633521314,0.4301162633521314,0.4301162633521314,0.4301162633521314,0.4301162633521314,0.4301162633521314,0.4301162633521314,0.4609772228646444,0.4609772228646444,0.4609772228646444,0.6103277807866851,0.6103277807866851,0.6103277807866851,0.6103277807866851,0.6800735254367722,0.6800735254367722,0.6800735254367722,0.6800735254367722,0.6800735254367722,0.6800735254367722,0.6800735254367722,0.8062257748298549,0.8062257748298549,0.8062257748298549,0.8062257748298549,0.8062257748298549,0.8276472678623424,0.8276472678623424,1.2020815280171309,1.2020815280171309,1.2020815280171309,3.0,3.0,1,0,2.0,0.223606797749979,0.223606797749979,1.0594810050208545,1.0594810050208545,1.0594810050208545,1.0594810050208545,1.0594810050208545,1.0594810050208545,1.0594810050208545,1.0594810050208545,1.0594810050208545,1.0594810050208545,1.0594810050208545,1.0594810050208545,1.0594810050208545,1.0594810050208545,1.1884864324004714,1.1884864324004714,1.1884864324004714,1.1884864324004714,1.1884864324004714,1.1884864324004714,1.1884864324004714,1.1884864324004714,1.1884864324004714,1.1884864324004714,1.1884864324004714,1.1884864324004714,1.1884864324004714,1.1884864324004714,1.1884864324004714,1.1884864324004714,1.1884864324004714,1.1884864324004714,3.0,3.0,3.0,3.0,3.0,3.0,3.0,3.0,3.0,3.0,3.0,3.0,3.0,3.0,3.0,3.0,3.0,3.0,1,0,2.0,0.25,0.1118033988749895,0.18027756377319948,0.223606797749979,0.28284271247461906,0.28284271247461906,0.28284271247461906,0.28284271247461906,0.28284271247461906,0.28284271247461906,0.28284271247461906,0.28284271247461906,0.42720018726587655,0.42720018726587655,0.42720018726587655,0.42720018726587655,0.42720018726587655,0.42720018726587655,0.42720018726587655,0.42720018726587655,0.5385164807134504,0.5385164807134504,0.5385164807134504,0.5385164807134504,0.5852349955359814,0.5852349955359814,0.5852349955359814,0.5852349955359814,0.5852349955359814,0.5852349955359814,0.5852349955359814,0.5852349955359814,0.5852349955359814,0.5852349955359814,0.5852349955359814,0.5852349955359814,0.5852349955359814,0.5852349955359814,0.5852349955359814,0.6020797289396148,0.6020797289396148,0.6020797289396148,0.6020797289396148,0.6020797289396148,0.6020797289396148,0.6020797289396148,0.6020797289396148,0.6020797289396148,0.6020797289396148,0.6020797289396148,0.6020797289396148,0.6020797289396148
v3_sc1_staging_19,L3,6,0.03786111003637885,0.0036144594656381743,2,0,2.0,0.15000000000000002,0.15000000000000002,0.2,0.2,0.25,0.25,0.25,0.25495097567963926,0.25495097567963926,0.25495097567963926,0.25495097567963926,0.25495097567963926,0.25495097567963926,0.25495097567963926,0.316227766016838,0.40311288741492746,0.40311288741492746,0.45,0.45,0.45,0.45,0.45,0.5,0.5,0.5,0.5,0.5,0.55,0.55,0.55,0.55,0.55,0.55,0.55,0.55,0.6020797289396148,0.6020797289396148,0.6020797289396148,0.6670832032063168,0.6670832032063168,0.6670832032063168,0.6670832032063168,0.6670832032063168,0.6670832032063168,0.6670832032063168,1.2093386622447824,1.2093386622447824,1.2093386622447824,1.2093386622447824,1.2093386622447824,1.3462912017836262,1.3462912017836262,1,0,2.0,0.223606797749979,0.223606797749979,0.7905694150420949,0.7905694150420949,0.7905694150420949,0.8077747210701756,0.8077747210701756,0.848528137423857,0.848528137423857,0.848528137423857,0.848528137423857,0.848528137423857,1.1672617529928753,1.1672617529928753,1.1672617529928753,1.1672617529928753,1.1672617529928753,1.1672617529928753,1.1672617529928753,3.0,3.0,3.0,3.0,3.0,3.0,3.0,3.0,3.0,3.0,3.0,3.0,3.0,3.0,3.0,3.0,3.0,3.0,3.0,3.0,3.0,3.0,3.0,3.0,3.0,3.0,3.0,3.0,3.0,3.0,3.0,3.0,3.0,1,0,2.0,0.18027756377319948,0.1118033988749895,0.30000000000000004,0.30000000000000004,0.30000000000000004,0.30000000000000004,0.316227766016838,0.316227766016838,0.316227766016838,0.316227766016838,0.316227766016838,0.316227766016838,0.316227766016838,0.316227766016838,0.316227766016838,0.316227766016838,0.316227766016838,0.3640054944640259,0.3640054944640259,0.3640054944640259,0.3640054944640259,0.41231056256176607,0.41231056256176607,0.41231056256176607,0.41231056256176607,0.42720018726587655,0.42720018726587655,0.42720018726587655,0.42720018726587655,0.42720018726587655,0.42720018726587655,0.47434164902525694,0.47434164902525694,0.47434164902525694,0.47434164902525694,0.47434164902525694,0.47434164902525694,0.47434164902525694,0.5099019513592785,0.5099019513592785,0.5099019513592785,0.5099019513592785,0.5099019513592785,0.5099019513592785,0.5099019513592785,0.5099019513592785,0.5099019513592785,0.5099019513592785,0.5099019513592785,0.5099019513592785,0.5099019513592785,0.5099019513592785
v3_sc1_staging_19,L3,7,0.07426768863252284,0.0072528425125832,2,0,2.0,0.1118033988749895,0.1118033988749895,0.158113883008419,0.25,0.25,0.25,0.25495097567963926,0.2692582403567252,0.2692582403567252,0.2692582403567252,0.2692582403567252,0.2692582403567252,0.28284271247461906,0.28284271247461906,0.28284271247461906,0.29154759474226505,0.3354101966249685,0.3354101966249685,0.3354101966249685,0.3354101966249685,0.3354101966249685,0.3354101966249685,0.3354101966249685,0.38078865529319544,0.38078865529319544,0.38078865529319544,0.45,0.45,0.45,0.45,0.45,0.45,0.55,0.570087712549569,0.570087712549569,0.6020797289396148,0.6020797289396148,0.6020797289396148,1.1884864324004714,1.1884864324004714,1.1884864324004714,1.1884864324004714,1.1884864324004714,1.3583077707206126,1.3647344063956182,3.0,3.0,3.0,3.0,3.0,3.0,3.0,1,0,2.0,0.1118033988749895,0.1118033988749895,0.75,0.75,0.75,0.7762087348130012,0.7762087348130012,0.7905694150420949,0.8200609733428363,0.8200609733428363,0.8200609733428363,0.8200609733428363,0.8200609733428363,0.8200609733428363,0.8200609733428363,1.9780040444852482,1.9780040444852482,1.9780040444852482,1.9780040444852482,1.9780040444852482,3.0,3.0,3.0,3.0,3.0,3.0,3.0,3.0,3.0,3.0,3.0,3.0,3.0,3.0,3.0,3.0,3.0,3.0,3.0,3.0,3.0,3.0,3.0,3.0,3.0,3.0,3.0,3.0,3.0,3.0,3.0,3.0,1,0,2.0,0.07071067811865477,0.07071067811865477,0.35000000000000003,0.35000000000000003,0.35000000000000003,0.35000000000000003,0.35000000000000003,0.35000000000000003,0.35000000000000003,0.35000000000000003,0.35000000000000003,0.35000000000000003,0.35000000000000003,0.35000000000000003,0.35000000000000003,0.35000000000000003,0.35000000000000003,0.35000000000000003,0.35000000000000003,0.3640054944640259,0.3640054944640259,0.3640054944640259,0.3640054944640259,0.3640054944640259,0.3640054944640259,0.3640054944640259,0.3640054944640259,0.3640054944640259,0.3640054944640259,0.3640054944640259,0.3640054944640259,0.3640054944640259,0.3640054944640259,0.3640054944640259,0.45,0.45,0.45,0.45,0.45,0.45,0.45276925690687087,0.45276925690687087,0.45276925690687087,0.45276925690687087,0.45276925690687087,0.45276925690687087,0.45276925690687087,0.45276925690687087,0.5,0.5,0.5,0.5
v3_sc1_staging_19,L3,8,0.1269578811428503,0.009872933799176534,2,0,2.0,0.29154759474226505,0.223606797749979,0.25495097567963926,0.25495097567963926,0.25495097567963926,0.25495097567963926,0.304138126514911,0.304138126514911,0.316227766016838,0.316227766016838,0.316227766016838,0.316227766016838,0.36055512754639896,0.36055512754639896,0.36055512754639896,0.40311288741492746,0.40311288741492746,0.40311288741492746,0.40311288741492746,0.40311288741492746,0.40311288741492746,0.40311288741492746,0.40311288741492746,0.40311288741492746,0.40311288741492746,0.40311288741492746,0.552268050859363,0.552268050859363,0.552268050859363,0.7280109889280518,0.7280109889280518,0.7280109889280518,0.7280109889280518,0.7280109889280518,0.7280109889280518,0.97082439194738,0.97082439194738,0.97082439194738,0.97082439194738,0.97082439194738,0.97082439194738,0.97082439194738,0.97082439194738,0.97082439194738,0.97082439194738,0.97082439194738,0.97082439194738,1.140175425099138,1.140175425099138,1.140175425099138,1.2806248474865698,1.2806248474865698,1,0,2.0,0.20615528128088303,0.20615528128088303,0.7905694150420949,0.7905694150420949,0.7905694150420949,0.7905694150420949,0.7905694150420949,0.7905694150420949,0.7905694150420949,0.982344135219425,0.982344135219425,0.982344135219425,0.982344135219425,0.982344135219425,0.982344135219425,0.982344135219425,0.982344135219425,0.982344135219425,0.982344135219425,1.118033988749895,1.118033988749895,1.118033988749895,1.118033988749895,1.118033988749895,1.118033988749895,1.118033988749895,1.118033988749895,1.118033988749895,1.118033988749895,1.118033988749895,1.118033988749895,1.118033988749895,1.118033988749895,1.118033988749895,1.118033988749895,1.118033988749895,1.118033988749895,1.118033988749895,1.118033988749895,1.118033988749895,1.118033988749895,1.118033988749895,1.118033988749895,1.118033988749895,1.118033988749895,1.118033988749895,1.118033988749895,1.118033988749895,1.118033988749895,1.118033988749895,1.118033988749895,1.118033988749895,1,0,2.0,0.223606797749979,0.1118033988749895,0.20615528128088303,0.21213203435596426,0.25,0.25,0.25,0.25,0.25,0.25,0.25,0.25,0.25,0.25,0.38078865529319544,0.38078865529319544,0.38078865529319544,0.38078865529319544,0.38078865529319544,0.38078865529319544,0.38078865529319544,0.38078865529319544,0.38078865529319544,0.38078865529319544,0.38078865529319544,0.38078865529319544,0.5220153254455275,0.5220153254455275,0.570087712549569,0.570087712549569,0.570087712549569,0.570087712549569,0.570087712549569,0.608276253029822,0.608276253029822,0.608276253029822,0.608276253029822,0.608276253029822,0.608276253029822,0.608276253029822,0.6184658438426491,0.6184658438426491,0.6184658438426491,0.6184658438426491,0.6184658438426491,0.6184658438426491,0.6184658438426491,0.6184658438426491,0.6576473218982953,0.6576473218982953,0.6670832032063168,0.6670832032063168
v3_sc1_staging_19,L3,9,0.06779913746638286,0.006589533148208878,2,0,2.0,0.18027756377319948,0.1,0.21213203435596426,0.21213203435596426,0.21213203435596426,0.21213203435596426,0.21213203435596426,0.21213203435596426,0.21213203435596426,0.21213203435596426,0.21213203435596426,0.21213203435596426,0.223606797749979,0.223606797749979,0.223606797749979,0.25,0.304138126514911,0.304138126514911,0.316227766016838,0.316227766016838,0.316227766016838,0.4,0.40311288741492746,0.5024937810560445,0.5024937810560445,0.5024937810560445,0.5024937810560445,0.5024937810560445,0.5024937810560445,0.5099019513592785,0.5099019513592785,0.5099019513592785,0.5099019513592785,0.5099019513592785,0.5220153254455275,0.5408326913195984,0.5408326913195984,0.5408326913195984,0.5590169943749475,0.5590169943749475,1.0793516572461452,1.0793516572461452,1.0793516572461452,1.4577379737113252,1.4577379737113252,1.4577379737113252,1.5041608956491324,1.5041608956491324,1.5041608956491324,1.5041608956491324,1.5041608956491324,3.0,1,0,2.0,0.1118033988749895,0.1118033988749895,0.75,0.75,0.75,0.7762087348130012,0.7762087348130012,0.7762087348130012,0.8062257748298549,0.8062257748298549,1.2041594578792296,1.2041594578792296,1.2041594578792296,1.2041594578792296,1.2041594578792296,1.2041594578792296,3.0,3.0,3.0,3.0,3.0,3.0,3.0,3.0,3.0,3.0,3.0,3.0,3.0,3.0,3.0,3.0,3.0,3.0,3.0,3.0,3.0,3.0,3.0,3.0,3.0,3.0,3.0,3.0,3.0,3.0,3.0,3.0,3.0,3.0,3.0,3.0,1,0,2.0,0.1118033988749895,0.1,0.4,0.4,0.4,0.40311288741492746,0.40311288741492746,0.40311288741492746,0.40311288741492746,0.40311288741492746,0.40311288741492746,0.40311288741492746,0.40311288741492746,0.40311288741492746,0.40311288741492746,0.40311288741492746,0.40311288741492746,0.40311288741492746,0.40311288741492746,0.40311288741492746,0.40311288741492746,0.40311288741492746,0.40311288741492746,0.40311288741492746,0.40311288741492746,0.41231056256176607,0.41231056256176607,0.41231056256176607,0.41231056256176607,0.41231056256176607,0.41231056256176607,0.41231056256176607,0.447213595499958,0.447213595499958,0.447213595499958,0.447213595499958,0.447213595499958,0.447213595499958,0.45276925690687087,0.45276925690687087,0.45276925690687087,0.45276925690687087,0.45276925690687087,0.45276925690687087,0.45276925690687087,0.45276925690687087,0.45276925690687087,0.45276925690687087,0.45276925690687087,0.45276925690687087,0.45276925690687087,0.4609772228646444
v3_sc1_staging_19,L4,0,0.3046935804745166,0.024879582464011264,2,0,2.0,0.2,0.1,0.304138126514911,0.304138126514911,0.304138126514911,0.304138126514911,0.304138126514911,0.3354101966249685,0.3354101966249685,0.3354101966249685,0.3354101966249685,0.3354101966249685,0.3354101966249685,0.3354101966249685,0.3354101966249685,0.3354101966249685,0.3354101966249685,0.3354101966249685,0.3354101966249685,0.3354101966249685,0.3354101966249685,0.3354101966249685,0.3354101966249685,0.3354101966249685,0.3354101966249685,0.3354101966249685,0.41231056256176607,0.41231056256176607,0.41231056256176607,0.5147815070493501,0.5147815070493501,0.5147815070493501,0.5147815070493501,0.5147815070493501,0.5147815070493501,0.696419413859206,0.696419413859206,0.696419413859206,0.696419413859206,0.696419413859206,1.019803902718557,1.019803902718557,1.019803902718557,1.019803902718557,1.019803902718557,1.019803902718557,1.019803902718557,1.0307764064044151,1.0307764064044151,1.0307764064044151,1.0735455276791945,1.0735455276791945,1,0,2.0,0.1118033988749895,0.1118033988749895,0.75,0.75,0.75,0.75,0.75,0.75,1.2010412149464313,1.2010412149464313,1.2010412149464313,1.2010412149464313,1.2010412149464313,1.2010412149464313,1.2010412149464313,1.2010412149464313,1.2010412149464313,1.2010412149464313,1.2010412149464313,1.2010412149464313,1.2010412149464313,1.2010412149464313,1.2010412149464313,1.2010412149464313,3.0,3.0,3.0,3.0,3.0,3.0,3.0,3.0,3.0,3.0,3.0,3.0,3.0,3.0,3.0,3.0,3.0,3.0,3.0,3.0,3.0,3.0,3.0,3.0,3.0,3.0,3.0,3.0,1,0,2.0,0.25,0.07071067811865477,0.158113883008419,0.158113883008419,0.18027756377319948,0.18027756377319948,0.18027756377319948,0.18027756377319948,0.18027756377319948,0.28284271247461906,0.28284271247461906,0.28284271247461906,0.28284271247461906,0.28284271247461906,0.28284271247461906,0.28284271247461906,0.28284271247461906,0.28284271247461906,0.28284271247461906,0.28284271247461906,0.28284271247461906,0.28284271247461906,0.28284271247461906,0.28284271247461906,0.28284271247461906,0.28284271247461906,0.28284271247461906,0.38078865529319544,0.38078865529319544,0.38078865529319544,0.38078865529319544,0.38078865529319544,0.47434164902525694,0.47434164902525694,0.47434164902525694,0.47434164902525694,0.47434164902525694,0.47434164902525694,0.47434164902525694,0.47434164902525694,0.47434164902525694,0.5220153254455275,0.5220153254455275,0.5220153254455275,0.5220153254455275,0.5220153254455275,0.5220153254455275,0.5220153254455275,0.5220153254455275,0.5220153254455275,0.5220153254455275,0.5220153254455275
v3_sc1_staging_19,L4,1,0.16483913049725624,0.025376681665700306,2,0,2.0,0.447213595499958,0.15000000000000002,0.447213595499958,0.447213595499958,0.447213595499958,0.447213595499958,0.447213595499958,0.447213595499958,0.5147815070493501,0.5147815070493501,0.5147815070493501,0.5147815070493501,0.5147815070493501,0.5147815070493501,0.6020797289396148,0.6020797289396148,0.6020797289396148,0.6020797289396148,0.6020797289396148,0.6020797289396148,0.6020797289396148,0.6020797289396148,0.6020797289396148,0.6020797289396148,0.6020797289396148,0.6020797289396148,0.6020797289396148,0.696419413859206,0.696419413859206,0.696419413859206,0.696419413859206,0.696419413859206,0.696419413859206,0.696419413859206,0.696419413859206,0.696419413859206,0.696419413859206,0.696419413859206,0.696419413859206,0.7433034373659253,0.7433034373659253,0.7433034373659253,0.7433034373659253,0.7433034373659253,0.7433034373659253,0.7433034373659253,0.7433034373659253,1.7414074767268,1.7414074767268,1.7414074767268,1.7414074767268,1.7414074767268,1,0,2.0,0.670820393249937,0.552268050859363,1.1067971810589328,1.1067971810589328,1.1067971810589328,1.1067971810589328,1.1067971810589328,1.2776932339180638,1.5556349186104046,1.7204650534085255,1.7204650534085255,1.7204650534085255,1.7204650534085255,1.811767093199344,1.811767093199344,1.811767093199344,1.811767093199344,1.811767093199344,1.811767093199344,1.811767093199344,1.811767093199344,1.811767093199344,1.811767093199344,1.811767093199344,1.811767093199344,1.811767093199344,1.811767093199344,1.811767093199344,1.811767093199344,1.811767093199344,1.811767093199344,1.811767093199344,1.811767093199344,1.811767093199344,1.811767093199344,1.811767093199344,1.811767093199344,1.811767093199344,1.811767093199344,1.811767093199344,1.811767093199344,1.811767093199344,1.811767093199344,1.811767093199344,1.811767093199344,1.811767093199344,1.811767093199344,1.811767093199344,1.811767093199344,1.811767093199344,1.811767093199344,3.0,1,0,2.0,0.8544003745317531,0.65,1.110180165558726,1.110180165558726,1.110180165558726,1.110180165558726,1.110180165558726,1.1236102527122116,1.1236102527122116,1.1236102527122116,1.1236102527122116,1.1236102527122116,1.1236102527122116,1.1236102527122116,1.1236102527122116,1.1236102527122116,1.1236102527122116,1.1236102527122116,1.1236102527122116,1.1236102527122116,1.1236102527122116,1.1236102527122116,1.1236102527122116,1.1236102527122116,1.1236102527122116,1.1236102527122116,1.1236102527122116,1.1236102527122116,1.1236102527122116,1.1510864433221337,1.1510864433221337,1.1510864433221337,1.1510864433221337,1.1510864433221337,1.1510864433221337,1.1510864433221337,1.1510864433221337,1.1510864433221337,1.1510864433221337,1.1510864433221337,1.1510864433221337,1.1510864433221337,1.1510864433221337,1.1510864433221337,1.1510864433221337,1.1510864433221337,1.1510864433221337,1.1510864433221337,1.1510864433221337,1.1510864433221337,1.1510864433221337,1.1510864433221337
v3_sc1_staging_19,L4,2,0.44025156228282486,0.03800406558652636,2,0,2.0,0.3354101966249685,0.14142135623730953,0.304138126514911,0.304138126514911,0.304138126514911,0.304138126514911,0.304138126514911,0.304138126514911,0.304138126514911,0.304138126514911,0.304138126514911,0.304138126514911,0.304138126514911,0.304138126514911,0.304138126514911,0.304138126514911,0.304138126514911,0.36055512754639896,0.36055512754639896,0.36055512754639896,0.36055512754639896,0.36055512754639896,0.36055512754639896,0.36055512754639896,0.36055512754639896,0.6020797289396148,0.6020797289396148,0.6020797289396148,0.6020797289396148,0.6020797289396148,0.6020797289396148,0.6020797289396148,0.6020797289396148,0.6020797289396148,0.6020797289396148,0.6020797289396148,0.6020797289396148,0.6020797289396148,0.6041522986797286,0.6041522986797286,0.70178344238091,0.890224690738243,0.890224690738243,0.890224690738243,0.9013878188659974,0.9013878188659974,0.9013878188659974,0.9013878188659974,0.9013878188659974,0.9013878188659974,0.9013878188659974,0.9013878188659974,1,0,2.0,0.570087712549569,0.4301162633521314,1.3285330255586425,1.3285330255586425,1.3285330255586425,1.3285330255586425,1.3285330255586425,1.3285330255586425,1.3285330255586425,1.3435028842544403,1.3435028842544403,1.3435028842544403,1.3435028842544403,1.3435028842544403,1.3435028842544403,1.3435028842544403,1.3435028842544403,1.3435028842544403,1.3435028842544403,1.3435028842544403,1.4159802258506298,1.4159802258506298,1.4159802258506298,1.4159802258506298,1.4159802258506298,1.4159802258506298,1.4159802258506298,1.4159802258506298,1.4159802258506298,1.4159802258506298,1.4159802258506298,1.4159802258506298,1.4159802258506298,1.4159802258506298,1.4159802258506298,1.4159802258506298,1.4159802258506298,1.4159802258506298,1.4159802258506298,1.4159802258506298,1.4159802258506298,1.4159802258506298,1.4159802258506298,1.4159802258506298,1.4159802258506298,1.4159802258506298,1.4159802258506298,1.4159802258506298,1.4159802258506298,1.4159802258506298,1.4159802258506298,3.0,1,0,2.0,0.5852349955359814,0.4,0.4,0.4,0.4,0.4,0.4,0.4,0.4,0.4,0.4,0.4,0.41231056256176607,0.41231056256176607,0.41231056256176607,0.41231056256176607,0.41231056256176607,0.41231056256176607,0.41231056256176607,0.41231056256176607,0.41231056256176607,0.41231056256176607,0.41231056256176607,0.41231056256176607,0.41231056256176607,0.41231056256176607,0.41231056256176607,0.41231056256176607,0.41231056256176607,0.5315072906367325,0.6041522986797286,0.6041522986797286,0.6041522986797286,0.6041522986797286,0.6041522986797286,0.6041522986797286,0.6041522986797286,0.6041522986797286,0.6103277807866851,0.6103277807866851,0.6103277807866851,0.6103277807866851,0.6103277807866851,0.6103277807866851,0.6103277807866851,0.6103277807866851,0.6103277807866851,0.6264982043070835,0.6264982043070835,0.6264982043070835,0.6264982043070835,0.6800735254367722
v3_sc1_staging_19,L4,3,0.3189064166629447,0.02460938907516709,2,0,2.0,0.3354101966249685,0.14142135623730953,0.3354101966249685,0.3354101966249685,0.3354101966249685,0.3354101966249685,0.3354101966249685,0.38078865529319544,0.38078865529319544,0.4609772228646444,0.4609772228646444,0.5220153254455275,0.5220153254455275,0.5220153254455275,0.5220153254455275,0.5220153254455275,0.5220153254455275,0.5220153254455275,0.5220153254455275,0.5220153254455275,0.5220153254455275,0.5220153254455275,0.5220153254455275,0.5220153254455275,0.5220153254455275,0.5220153254455275,0.5220153254455275,0.5220153254455275,0.5220153254455275,0.5220153254455275,0.5220153254455275,0.5220153254455275,0.5220153254455275,0.5220153254455275,0.5220153254455275,0.5220153254455275,0.5220153254455275,0.5220153254455275,0.5220153254455275,0.5220153254455275,0.5220153254455275,0.5220153254455275,0.5220153254455275,0.5220153254455275,0.5220153254455275,0.6264982043070835,0.6264982043070835,0.6264982043070835,0.6264982043070835,0.6264982043070835,0.6264982043070835,0.6264982043070835,1,0,2.0,0.2,0.07071067811865477,1.0111874208078342,1.0111874208078342,1.0111874208078342,1.0547511554864495,1.0547511554864495,1.0606601717798214,1.0606601717798214,1.1629703349613008,1.1629703349613008,1.1629703349613008,1.1629703349613008,1.1629703349613008,1.1629703349613008,1.1629703349613008,1.1629703349613008,1.1629703349613008,1.30384048104053,1.30384048104053,1.30384048104053,1.30384048104053,1.30384048104053,1.30384048104053,1.30384048104053,1.30384048104053,1.30384048104053,1.3509256086106296,1.3509256086106296,1.3509256086106296,1.3509256086106296,1.3509256086106296,1.3509256086106296,1.3509256086106296,3.0,3.0,3.0,3.0,3.0,3.0,3.0,3.0,3.0,3.0,3.0,3.0,3.0,3.0,3.0,3.0,3.0,3.0,1,0,2.0,0.3535533905932738,0.35000000000000003,0.3905124837953327,0.3905124837953327,0.3905124837953327,0.3905124837953327,0.3905124837953327,0.3905124837953327,0.3905124837953327,0.3905124837953327,0.3905124837953327,0.3905124837953327,0.3905124837953327,0.3905124837953327,0.3905124837953327,0.3905124837953327,0.3905124837953327,0.3905124837953327,0.3905124837953327,0.3905124837953327,0.3905124837953327,0.3905124837953327,0.3905124837953327,0.4301162633521314,0.4301162633521314,0.4301162633521314,0.4301162633521314,0.4301162633521314,0.4301162633521314,0.4301162633521314,0.4301162633521314,0.4301162633521314,0.4301162633521314,0.4301162633521314,0.4301162633521314,0.4301162633521314,0.4301162633521314,0.4301162633521314,0.4301162633521314,0.4301162633521314,0.4301162633521314,0.4301162633521314,0.4301162633521314,0.4301162633521314,0.4301162633521314,0.4301162633521314,0.4301162633521314,0.4301162633521314,0.4301162633521314,0.4301162633521314,0.4301162633521314,0.4301162633521314
v3_sc1_staging_19,L4,4,0.25774183556807767,0.01655885093690648,2,0,2.0,0.6800735254367722,0.3535533905932738,0.5656854249492381,0.6403124237432849,0.6403124237432849,0.6403124237432849,0.6403124237432849,0.6403124237432849,0.6403124237432849,0.6800735254367722,0.6800735254367722,0.6800735254367722,0.6800735254367722,0.6800735254367722,0.6800735254367722,0.6800735254367722,0.7158910531638177,0.7158910531638177,0.7158910531638177,0.7158910531638177,0.7158910531638177,0.7158910531638177,0.7158910531638177,0.873212459828649,0.873212459828649,0.873212459828649,0.873212459828649,0.873212459828649,0.873212459828649,0.873212459828649,0.873212459828649,0.873212459828649,0.873212459828649,0.873212459828649,0.873212459828649,0.873212459828649,0.873212459828649,0.873212459828649,0.894427190999916,0.9219544457292888,0.9219544457292888,1.4603081866510235,1.4603081866510235,1.4603081866510235,1.4603081866510235,1.4603081866510235,1.4603081866510235,1.4603081866510235,1.4603081866510235,1.4603081866510235,1.4603081866510235,1.4603081866510235,1,0,2.0,0.8321658488546619,0.6800735254367722,1.25,1.25,1.4866068747318506,1.4866068747318506,1.4866068747318506,1.4866068747318506,1.4866068747318506,1.4866068747318506,1.4866068747318506,1.4866068747318506,1.4866068747318506,1.4866068747318506,1.4866068747318506,1.4866068747318506,1.4866068747318506,1.4866068747318506,1.4866068747318506,1.4866068747318506,1.4866068747318506,1.4866068747318506,1.4866068747318506,1.4866068747318506,1.4866068747318506,1.4983324063771697,1.4983324063771697,1.4983324063771697,1.4983324063771697,1.4983324063771697,1.4983324063771697,1.4983324063771697,1.4983324063771697,1.4983324063771697,1.4983324063771697,1.4983324063771697,1.4983324063771697,1.4983324063771697,1.4983324063771697,1.4983324063771697,1.4983324063771697,1.4983324063771697,1.4983324063771697,1.4983324063771697,1.4983324063771697,1.4983324063771697,1.4983324063771697,1.4983324063771697,1.4983324063771697,1.4983324063771697,1.4983324063771697,1.4983324063771697,1,0,2.0,1.4326548781894404,0.9617692030835672,1.2419742348374223,1.2419742348374223,1.2419742348374223,1.2419742348374223,1.3200378782444087,1.3200378782444087,1.3200378782444087,1.5239750654128172,1.5913830462839549,1.5913830462839549,1.5913830462839549,1.6155494421403511,1.6155494421403511,1.6155494421403511,1.6155494421403511,1.6155494421403511,1.6155494421403511,1.6155494421403511,1.6155494421403511,1.6155494421403511,1.6155494421403511,1.6155494421403511,1.6155494421403511,1.6155494421403511,1.6155494421403511,1.6155494421403511,1.6155494421403511,1.6155494421403511,1.6155494421403511,1.6155494421403511,1.6155494421403511,1.6155494421403511,1.6155494421403511,1.6155494421403511,1.6155494421403511,1.6155494421403511,1.6155494421403511,1.6155494421403511,1.6155494421403511,1.6155494421403511,1.6155494421403511,1.6155494421403511,1.6155494421403511,1.6155494421403511,1.6155494421403511,1.6155494421403511,1.6155494421403511,1.6155494421403511,1.6155494421403511,1.6155494421403511
v3_sc1_staging_19,L4,5,1.024109746288974,0.10174183186293605,2,0,2.0,1.9039432764659772,0.6726812023536856,1.9006577808748213,1.9006577808748213,1.9026297590440446,1.9026297590440446,1.9026297590440446,1.9026297590440446,1.9026297590440446,1.9026297590440446,1.9026297590440446,1.9026297590440446,1.9026297590440446,1.9525624189766635,1.9525624189766635,1.9811612756158952,1.9811612756158952,1.9811612756158952,1.9811612756158952,1.9811612756158952,1.9811612756158952,1.9811612756158952,1.9811612756158952,1.9811612756158952,1.9811612756158952,1.9811612756158952,1.9811612756158952,1.9811612756158952,1.9811612756158952,1.9811612756158952,1.9811612756158952,1.9811612756158952,1.9811612756158952,1.9811612756158952,1.9811612756158952,1.9811612756158952,1.9811612756158952,1.9811612756158952,1.9811612756158952,1.9811612756158952,1.9811612756158952,1.9811612756158952,1.9811612756158952,1.9811612756158952,2.150581316760657,2.150581316760657,2.150581316760657,2.155226206225231,2.155226206225231,2.155226206225231,2.155226206225231,2.155226206225231,1,0,2.0,0.9486832980505139,0.651920240520265,1.3124404748406688,1.3124404748406688,1.3124404748406688,1.3124404748406688,1.3124404748406688,1.7528548142958105,1.7528548142958105,1.7528548142958105,1.7528548142958105,1.7528548142958105,1.9608671551127579,1.9608671551127579,1.9608671551127579,1.9608671551127579,1.9608671551127579,1.9608671551127579,1.9608671551127579,1.9608671551127579,1.9608671551127579,1.9608671551127579,1.9608671551127579,1.9608671551127579,1.9608671551127579,1.9608671551127579,1.9608671551127579,1.9608671551127579,1.9608671551127579,1.9608671551127579,1.9608671551127579,1.9608671551127579,1.9608671551127579,1.9608671551127579,1.9608671551127579,1.9608671551127579,1.9608671551127579,2.350531854708632,2.350531854708632,2.350531854708632,2.350531854708632,2.350531854708632,2.350531854708632,2.350531854708632,2.350531854708632,2.350531854708632,2.350531854708632,2.350531854708632,2.350531854708632,2.350531854708632,2.350531854708632,2.350531854708632,1,0,2.0,1.3729530217745982,0.848528137423857,1.3509256086106296,1.3829316685939332,1.5041608956491324,1.5532224567009068,1.5532224567009068,1.5532224567009068,1.5532224567009068,1.5532224567009068,1.5532224567009068,1.5532224567009068,1.5532224567009068,1.5532224567009068,1.5532224567009068,1.5532224567009068,1.5532224567009068,1.5532224567009068,1.5532224567009068,1.5532224567009068,1.5532224567009068,1.5532224567009068,1.5532224567009068,1.5532224567009068,1.5532224567009068,1.5532224567009068,1.5532224567009068,1.5532224567009068,1.5532224567009068,1.5532224567009068,1.5532224567009068,1.5532224567009068,1.5532224567009068,1.5532224567009068,1.5532224567009068,1.5532224567009068,1.5532224567009068,1.5532224567009068,1.5532224567009068,1.5532224567009068,1.5532224567009068,1.5532224567009068,1.5532224567009068,1.5532224567009068,1.5532224567009068,1.6568041525780892,1.6568041525780892,1.6568041525780892,1.7066048165876013,1.7066048165876013,1.7066048165876013,1.7066048165876013
v3_sc1_staging_19,L4,6,0.2544204646796553,0.024423988562917477,2,0,2.0,0.5315072906367325,0.18027756377319948,0.304138126514911,0.304138126514911,0.304138126514911,0.304138126514911,0.304138126514911,0.304138126514911,0.304138126514911,0.36055512754639896,0.36055512754639896,0.36055512754639896,0.36055512754639896,0.38078865529319544,0.38078865529319544,0.38078865529319544,0.38078865529319544,0.38078865529319544,0.38078865529319544,0.65,0.65,0.65,0.65,0.65,0.65,0.65,0.65,0.65,0.65,0.65,0.65,0.65,0.65,0.65,0.65,0.65,0.65,0.65,0.65,0.65,0.65,1.5508062419270825,1.5508062419270825,1.5508062419270825,1.5508062419270825,1.5508062419270825,1.5508062419270825,1.8580904176062045,1.8580904176062045,1.8580904176062045,1.8580904176062045,1.8580904176062045,1,0,2.0,0.7778174593052023,0.5590169943749475,1.2619429464123963,1.2619429464123963,1.6770509831248424,1.7219175357722563,1.7240939649566667,1.7240939649566667,1.7240939649566667,1.7240939649566667,1.7240939649566667,1.7240939649566667,2.6800186566514794,3.0,3.0,3.0,3.0,3.0,3.0,3.0,3.0,3.0,3.0,3.0,3.0,3.0,3.0,3.0,3.0,3.0,3.0,3.0,3.0,3.0,3.0,3.0,3.0,3.0,3.0,3.0,3.0,3.0,3.0,3.0,3.0,3.0,3.0,3.0,3.0,3.0,3.0,3.0,1,0,2.0,1.1,0.8500000000000001,0.8500000000000001,0.8500000000000001,0.8500000000000001,0.9178779875342911,0.9219544457292888,0.9219544457292888,0.9219544457292888,0.9219544457292888,0.9219544457292888,0.9219544457292888,0.9219544457292888,0.9219544457292888,0.9219544457292888,0.9219544457292888,0.9219544457292888,0.9219544457292888,0.9219544457292888,0.9219544457292888,0.9219544457292888,0.9219544457292888,1.101135777277262,1.101135777277262,1.140175425099138,1.140175425099138,1.140175425099138,1.140175425099138,1.140175425099138,1.140175425099138,1.140175425099138,1.140175425099138,1.2206555615733703,1.2206555615733703,1.2206555615733703,1.2206555615733703,1.2349089035228469,1.2349089035228469,1.2349089035228469,1.2349089035228469,1.2349089035228469,1.2349089035228469,1.2349089035228469,1.2349089035228469,1.2349089035228469,1.2349089035228469,1.2619429464123963,1.2619429464123963,1.2619429464123963,1.2806248474865698,1.2806248474865698,1.2806248474865698
v3_sc1_staging_19,L4,7,0.5032368239904115,0.04914079906968121,2,0,2.0,0.5656854249492381,0.25,0.2692582403567252,0.2692582403567252,0.2692582403567252,0.2692582403567252,0.2692582403567252,0.28284271247461906,0.28284271247461906,0.316227766016838,0.316227766016838,0.316227766016838,0.5099019513592785,0.6363961030678928,0.6363961030678928,0.6363961030678928,0.6363961030678928,0.651920240520265,0.651920240520265,0.651920240520265,0.651920240520265,0.651920240520265,0.651920240520265,0.651920240520265,0.651920240520265,0.651920240520265,0.651920240520265,0.7158910531638177,0.7280109889280518,0.7615773105863909,0.7615773105863909,0.7615773105863909,0.7615773105863909,0.7615773105863909,0.7615773105863909,0.7615773105863909,0.7615773105863909,0.7615773105863909,0.7615773105863909,0.8544003745317531,0.8544003745317531,0.8544003745317531,0.8544003745317531,0.8544003745317531,0.8544003745317531,0.8544003745317531,0.8544003745317531,0.8544003745317531,0.8544003745317531,0.9055385138137417,0.9055385138137417,0.95524865872714,1,0,2.0,0.30000000000000004,0.14142135623730953,1.110180165558726,1.110180165558726,1.110180165558726,1.110180165558726,1.110180165558726,1.110180165558726,1.110180165558726,1.110180165558726,1.110180165558726,1.110180165558726,1.110180165558726,1.110180165558726,1.110180165558726,1.110180165558726,1.110180165558726,1.110180165558726,1.110180165558726,1.110180165558726,1.110180165558726,1.110180165558726,1.110180165558726,1.110180165558726,1.110180165558726,1.2093386622447824,1.2093386622447824,1.2093386622447824,1.2093386622447824,1.2093386622447824,1.2093386622447824,1.2093386622447824,1.2093386622447824,1.2093386622447824,1.2093386622447824,1.2093386622447824,1.2093386622447824,1.2093386622447824,1.2093386622447824,1.2093386622447824,1.2093386622447824,1.2093386622447824,1.2093386622447824,1.2093386622447824,1.2093386622447824,1.2093386622447824,1.2093386622447824,1.2093386622447824,1.2093386622447824,1.2093386622447824,1.2093386622447824,1.2093386622447824,1,0,2.0,0.38078865529319544,0.25,0.2692582403567252,0.2692582403567252,0.2692582403567252,0.29154759474226505,0.29154759474226505,0.29154759474226505,0.49244289008980524,0.49244289008980524,0.49244289008980524,0.49244289008980524,0.49244289008980524,0.49244289008980524,0.5385164807134504,0.5385164807134504,0.5852349955359814,0.5852349955359814,0.5852349955359814,0.5852349955359814,0.5852349955359814,0.5852349955359814,0.5852349955359814,0.632455532033676,0.632455532033676,0.632455532033676,0.6800735254367722,0.6800735254367722,0.6800735254367722,0.6800735254367722,0.6800735254367722,0.6800735254367722,0.6800735254367722,0.6800735254367722,0.6800735254367722,0.7280109889280518,0.7280109889280518,0.7566372975210779,0.7566372975210779,0.7566372975210779,0.7566372975210779,0.7566372975210779,0.7648529270389178,0.7648529270389178,0.7648529270389178,0.7648529270389178,0.7648529270389178,0.7648529270389178,0.7648529270389178,0.7648529270389178,0.7648529270389178,0.7648529270389178
v3_sc1_staging_19,L4,8,0.8389612410884676,0.06402564605186865,2,0,2.0,0.9192388155425117,0.30000000000000004,0.42720018726587655,0.42720018726587655,0.42720018726587655,0.42720018726587655,0.42720018726587655,0.42720018726587655,0.42720018726587655,0.42720018726587655,0.42720018726587655,0.42720018726587655,0.4949747468305833,0.4949747468305833,0.4949747468305833,0.4949747468305833,0.4949747468305833,0.4949747468305833,0.4949747468305833,0.651920240520265,0.651920240520265,0.651920240520265,0.6726812023536856,0.6726812023536856,0.6726812023536856,0.6726812023536856,0.6726812023536856,0.6726812023536856,0.6726812023536856,0.6726812023536856,0.6726812023536856,0.6726812023536856,0.6726812023536856,0.6726812023536856,0.6726812023536856,0.6726812023536856,0.6726812023536856,0.6726812023536856,0.7778174593052023,0.7778174593052023,0.7778174593052023,1.3462912017836262,1.3462912017836262,1.3462912017836262,1.3462912017836262,1.3462912017836262,1.3462912017836262,1.3946325680981353,1.3946325680981353,1.3946325680981353,1.3946325680981353,1.3946325680981353,1,0,2.0,0.7810249675906654,0.47434164902525694,1.3435028842544403,1.3435028842544403,1.3435028842544403,1.3435028842544403,1.3435028842544403,1.4080127840328724,1.4080127840328724,1.4080127840328724,1.4080127840328724,1.4080127840328724,1.4080127840328724,1.4080127840328724,1.4080127840328724,1.4080127840328724,1.4080127840328724,1.4080127840328724,1.4080127840328724,1.4080127840328724,1.4080127840328724,1.4080127840328724,1.4080127840328724,1.4080127840328724,1.4080127840328724,1.4080127840328724,1.4080127840328724,1.4080127840328724,1.4080127840328724,1.4080127840328724,1.4080127840328724,1.4080127840328724,1.4080127840328724,1.4080127840328724,1.4080127840328724,1.4080127840328724,1.4080127840328724,1.4080127840328724,1.4080127840328724,1.4080127840328724,1.4080127840328724,1.4080127840328724,1.4080127840328724,1.4080127840328724,1.4080127840328724,1.4080127840328724,1.4080127840328724,1.4080127840328724,1.4080127840328724,1.4080127840328724,1.4080127840328724,1.4080127840328724,1,0,2.0,1.3124404748406688,0.7905694150420949,1.264911064067352,1.3124404748406688,1.3124404748406688,1.3901438774457846,1.4430869689661812,1.4430869689661812,1.4430869689661812,1.4430869689661812,1.4430869689661812,1.4430869689661812,1.4430869689661812,1.4430869689661812,1.5508062419270825,1.5508062419270825,1.5508062419270825,1.5508062419270825,1.5508062419270825,1.5508062419270825,1.5508062419270825,1.5508062419270825,1.5508062419270825,1.5508062419270825,1.5508062419270825,1.5508062419270825,1.5508062419270825,1.5508062419270825,1.5508062419270825,1.5508062419270825,1.5508062419270825,1.5508062419270825,1.5508062419270825,1.5508062419270825,1.5508062419270825,1.5508062419270825,1.5508062419270825,1.5508062419270825,1.5508062419270825,1.5508062419270825,1.5508062419270825,1.5508062419270825,1.5508062419270825,1.5508062419270825,1.5508062419270825,1.5508062419270825,1.5508062419270825,1.7867568385205637,1.7867568385205637,1.811767093199344,1.811767093199344,1.811767093199344
v3_sc1_staging_19,L4,9,0.44692767216185064,0.04351590076593642,2,0,2.0,0.8,0.21213203435596426,0.7905694150420949,0.7905694150420949,0.7905694150420949,0.7905694150420949,0.7905694150420949,0.7905694150420949,0.7905694150420949,0.7905694150420949,0.7905694150420949,0.7905694150420949,0.7905694150420949,0.7905694150420949,0.7905694150420949,0.7905694150420949,0.7905694150420949,0.8,0.8,0.8,0.8,0.8,0.8,0.8514693182963202,0.9,0.9,0.9,0.9,0.9,0.97082439194738,0.97082439194738,0.97082439194738,0.97082439194738,0.97082439194738,0.97082439194738,0.97082439194738,0.97082439194738,0.97082439194738,0.97082439194738,0.97082439194738,0.97082439194738,1.0965856099730655,1.0965856099730655,1.0965856099730655,1.0965856099730655,1.0965856099730655,1.0965856099730655,1.2971121771072847,1.2971121771072847,1.2971121771072847,1.5620499351813308,1.5620499351813308,1,0,2.0,0.47434164902525694,0.4716990566028302,1.1853269591129698,1.1853269591129698,1.252996408614167,1.252996408614167,1.252996408614167,1.30384048104053,1.30384048104053,1.30384048104053,1.30384048104053,1.30384048104053,1.4326548781894404,1.4326548781894404,1.4326548781894404,1.4326548781894404,1.4326548781894404,1.4326548781894404,1.4326548781894404,1.4326548781894404,1.4326548781894404,1.4326548781894404,3.0,3.0,3.0,3.0,3.0,3.0,3.0,3.0,3.0,3.0,3.0,3.0,3.0,3.0,3.0,3.0,3.0,3.0,3.0,3.0,3.0,3.0,3.0,3.0,3.0,3.0,3.0,3.0,3.0,3.0,1,0,2.0,0.4609772228646444,0.25,0.25,0.30000000000000004,0.304138126514911,0.304138126514911,0.4301162633521314,0.5147815070493501,0.5147815070493501,0.5147815070493501,0.5147815070493501,0.5147815070493501,0.5147815070493501,0.5147815070493501,0.5590169943749475,0.5590169943749475,0.5590169943749475,0.5590169943749475,0.5590169943749475,0.5590169943749475,0.5590169943749475,0.5590169943749475,0.5590169943749475,0.5590169943749475,0.5590169943749475,0.5590169943749475,0.65,0.65,0.65,0.65,0.65,0.65,0.696419413859206,0.696419413859206,0.696419413859206,0.7433034373659253,0.7433034373659253,0.7433034373659253,0.7433034373659253,0.7433034373659253,0.7433034373659253,0.7433034373659253,0.7433034373659253,0.7433034373659253,0.7433034373659253,0.7433034373659253,0.7433034373659253,0.7433034373659253,0.7433034373659253,0.7826237921249265,0.7826237921249265,0.7826237921249265
v3_sc1_staging_19,L5,0,1.6737240625529455,0.13651305095239152,2,0,2.0,0.5590169943749475,0.158113883008419,0.40311288741492746,0.40311288741492746,0.40311288741492746,0.40311288741492746,0.40311288741492746,0.40311288741492746,0.6726812023536856,0.6726812023536856,0.6726812023536856,0.6726812023536856,0.6726812023536856,0.6726812023536856,0.6726812023536856,0.6726812023536856,0.6726812023536856,0.6726812023536856,0.6726812023536856,0.8276472678623424,0.8276472678623424,0.8276472678623424,0.8276472678623424,0.8602325267042628,0.8602325267042628,0.8602325267042628,0.8602325267042628,0.8602325267042628,0.8602325267042628,0.8602325267042628,0.8602325267042628,0.8602325267042628,0.8602325267042628,0.8602325267042628,0.8602325267042628,0.8602325267042628,0.8602325267042628,0.8602325267042628,0.8602325267042628,0.97082439194738,0.97082439194738,0.97082439194738,0.97082439194738,0.97082439194738,0.97082439194738,0.97082439194738,0.97082439194738,0.97082439194738,1.2349089035228469,1.2349089035228469,1.25,1.2971121771072847,1,0,2.0,0.30000000000000004,0.18027756377319948,0.7905694150420949,0.8062257748298549,0.9617692030835672,0.9617692030835672,0.9617692030835672,0.9617692030835672,1.2903487900563941,1.2903487900563941,1.2903487900563941,1.2903487900563941,1.2903487900563941,1.2903487900563941,1.2903487900563941,1.4866068747318506,1.8828170383762732,1.8828170383762732,1.8828170383762732,1.8828170383762732,3.0,3.0,3.0,3.0,3.0,3.0,3.0,3.0,3.0,3.0,3.0,3.0,3.0,3.0,3.0,3.0,3.0,3.0,3.0,3.0,3.0,3.0,3.0,3.0,3.0,3.0,3.0,3.0,3.0,3.0,3.0,3.0,1,0,2.0,0.316227766016838,0.1118033988749895,0.32015621187164245,0.32015621187164245,0.3535533905932738,0.3535533905932738,0.3535533905932738,0.3535533905932738,0.3535533905932738,0.3535533905932738,0.3535533905932738,0.3535533905932738,0.3535533905932738,0.3535533905932738,0.3535533905932738,0.3535533905932738,0.3535533905932738,0.3535533905932738,0.3535533905932738,0.3535533905932738,0.3535533905932738,0.3535533905932738,0.3905124837953327,0.4242640687119285,0.4242640687119285,0.4242640687119285,0.4242640687119285,0.4242640687119285,0.4242640687119285,0.4242640687119285,0.4242640687119285,0.4242640687119285,0.4242640687119285,0.4242640687119285,0.4242640687119285,0.4609772228646444,0.4609772228646444,0.4609772228646444,0.4609772228646444,0.4609772228646444,0.4609772228646444,0.4609772228646444,0.5147815070493501,0.5147815070493501,0.5147815070493501,0.5147815070493501,0.5590169943749475,0.5590169943749475,0.5590169943749475,0.5590169943749475,0.5590169943749475,0.5590169943749475
v3_sc1_staging_19,L5,1,0.9419766684868395,0.15155062800076236,2,0,2.0,2.7225906780123967,0.5,2.933428028774526,2.933428028774526,2.933428028774526,2.933428028774526,2.933428028774526,2.933428028774526,2.933428028774526,2.933428028774526,2.933428028774526,2.933428028774526,2.933428028774526,2.933428028774526,2.933428028774526,2.933428028774526,2.933428028774526,2.933428028774526,2.933428028774526,2.933428028774526,2.933428028774526,2.933428028774526,2.933428028774526,2.933428028774526,2.933428028774526,2.933428028774526,2.98328677803526,2.98328677803526,2.98328677803526,2.98328677803526,2.98328677803526,2.98328677803526,2.98328677803526,2.98328677803526,2.98328677803526,2.98328677803526,2.98328677803526,2.98328677803526,2.98328677803526,3.0,3.0,3.0,3.0,3.0,3.0,3.0,3.0,3.0,3.0,3.0,3.0,3.0,1,1,2.0,1.110180165558726,0.7211102550927979,1.5572411502397436,1.5572411502397436,1.5572411502397436,1.5572411502397436,1.5572411502397436,2.3584952830141512,2.3584952830141512,2.3584952830141512,2.3584952830141512,2.3584952830141512,3.0,3.0,3.0,3.0,3.0,3.0,3.0,3.0,3.0,3.0,3.0,3.0,3.0,3.0,3.0,3.0,3.0,3.0,3.0,3.0,3.0,3.0,3.0,3.0,3.0,3.0,3.0,3.0,3.0,3.0,3.0,3.0,3.0,3.0,3.0,3.0,3.0,3.0,3.0,3.0,1,0,2.0,3.0,0.20615528128088303,3.0,3.0,3.0,3.0,3.0,3.0,3.0,3.0,3.0,3.0,3.0,3.0,3.0,3.0,3.0,3.0,3.0,3.0,3.0,3.0,3.0,3.0,3.0,3.0,3.0,3.0,3.0,3.0,3.0,3.0,3.0,3.0,3.0,3.0,3.0,3.0,3.0,3.0,3.0,3.0,3.0,3.0,3.0,3.0,3.0,3.0,3.0,3.0,3.0,3.0
v3_sc1_staging_19,L5,2,2.8150565079470993,0.22936043787858226,2,0,2.0,0.65,0.14142135623730953,0.3535533905932738,0.3535533905932738,0.3535533905932738,0.3535533905932738,0.3535533905932738,0.3535533905932738,0.3535533905932738,0.3535533905932738,0.3535533905932738,0.3535533905932738,0.3535533905932738,0.3535533905932738,0.3535533905932738,0.3535533905932738,0.3535533905932738,0.5385164807134504,0.5385164807134504,0.6363961030678928,0.6363961030678928,0.6363961030678928,0.6363961030678928,0.6363961030678928,0.6363961030678928,0.6363961030678928,0.8139410298049854,0.8321658488546619,0.8321658488546619,0.8321658488546619,0.8321658488546619,0.8321658488546619,0.8321658488546619,0.8321658488546619,0.8321658488546619,0.8321658488546619,0.8845903006477066,0.8845903006477066,0.8845903006477066,1.3462912017836262,1.3462912017836262,3.0,3.0,3.0,3.0,3.0,3.0,3.0,3.0,3.0,3.0,3.0,1,1,2.0,0.95524865872714,0.3905124837953327,1.6620770138594663,1.6620770138594663,1.6620770138594663,1.6620770138594663,1.6620770138594663,2.546075411294803,2.546075411294803,3.0,3.0,3.0,3.0,3.0,3.0,3.0,3.0,3.0,3.0,3.0,3.0,3.0,3.0,3.0,3.0,3.0,3.0,3.0,3.0,3.0,3.0,3.0,3.0,3.0,3.0,3.0,3.0,3.0,3.0,3.0,3.0,3.0,3.0,3.0,3.0,3.0,3.0,3.0,3.0,3.0,3.0,3.0,1,1,2.0,2.343608329051593,0.7280109889280518,2.3409399821439254,2.3409399821439254,2.3409399821439254,2.3409399821439254,2.3711811402758753,2.3711811402758753,2.3711811402758753,2.3711811402758753,2.3711811402758753,2.3711811402758753,2.3711811402758753,2.3711811402758753,2.3711811402758753,2.3711811402758753,2.3711811402758753,2.438237068047322,2.438237068047322,2.438237068047322,2.4397745797511705,2.4397745797511705,2.4397745797511705,2.4397745797511705,2.4397745797511705,2.4397745797511705,2.4397745797511705,2.4397745797511705,2.4397745797511705,2.4397745797511705,2.4397745797511705,2.4397745797511705,2.4397745797511705,2.4397745797511705,2.4397745797511705,2.5104780421266386,2.5104780421266386,2.5104780421266386,2.5104780421266386,2.5104780421266386,2.522399651125888,2.522399651125888,2.5455844122715714,2.5455844122715714,2.581181899828062,2.581181899828062,2.6100766272276377,2.6100766272276377,2.6100766272276377,2.6100766272276377,2.663174797117155,2.663174797117155
v3_sc1_staging_19,L5,3,1.7527470702751047,0.1208771351654253,2,0,2.0,3.0,0.158113883008419,3.0,3.0,3.0,3.0,3.0,3.0,3.0,3.0,3.0,3.0,3.0,3.0,3.0,3.0,3.0,3.0,3.0,3.0,3.0,3.0,3.0,3.0,3.0,3.0,3.0,3.0,3.0,3.0,3.0,3.0,3.0,3.0,3.0,3.0,3.0,3.0,3.0,3.0,3.0,3.0,3.0,3.0,3.0,3.0,3.0,3.0,3.0,3.0,3.0,3.0,1,0,2.0,0.4609772228646444,0.1118033988749895,1.2816005617976298,1.2816005617976298,1.2816005617976298,1.2816005617976298,2.316246964380094,2.316246964380094,2.316246964380094,3.0,3.0,3.0,3.0,3.0,3.0,3.0,3.0,3.0,3.0,3.0,3.0,3.0,3.0,3.0,3.0,3.0,3.0,3.0,3.0,3.0,3.0,3.0,3.0,3.0,3.0,3.0,3.0,3.0,3.0,3.0,3.0,3.0,3.0,3.0,3.0,3.0,3.0,3.0,3.0,3.0,3.0,3.0,1,0,2.0,0.6576473218982953,0.29154759474226505,0.6670832032063168,0.6670832032063168,0.6670832032063168,0.6670832032063168,0.6670832032063168,0.6670832032063168,0.6670832032063168,0.6670832032063168,0.6670832032063168,0.6670832032063168,0.6670832032063168,0.6670832032063168,0.6670832032063168,0.6670832032063168,0.6670832032063168,0.6670832032063168,0.6670832032063168,0.6670832032063168,0.6670832032063168,0.6670832032063168,0.6670832032063168,0.6670832032063168,0.6670832032063168,0.6670832032063168,0.6670832032063168,0.6670832032063168,0.6670832032063168,0.6670832032063168,0.7280109889280518,0.7280109889280518,0.7280109889280518,0.7280109889280518,0.7280109889280518,0.7280109889280518,0.7280109889280518,0.7280109889280518,0.7280109889280518,0.7280109889280518,0.7280109889280518,0.7280109889280518,0.7280109889280518,0.7280109889280518,0.7280109889280518,0.7280109889280518,0.7280109889280518,0.7280109889280518,0.7280109889280518,0.7280109889280518,0.7280109889280518,0.7280109889280518
v3_sc1_staging_19,L5,4,1.9267718910709248,0.10288810961528777,2,0,2.0,3.0,1.0793516572461452,3.0,3.0,3.0,3.0,3.0,3.0,3.0,3.0,3.0,3.0,3.0,3.0,3.0,3.0,3.0,3.0,3.0,3.0,3.0,3.0,3.0,3.0,3.0,3.0,3.0,3.0,3.0,3.0,3.0,3.0,3.0,3.0,3.0,3.0,3.0,3.0,3.0,3.0,3.0,3.0,3.0,3.0,3.0,3.0,3.0,3.0,3.0,3.0,3.0,3.0,1,1,2.0,1.6031219541881399,1.6,2.4627220712049507,2.4627220712049507,2.4627220712049507,3.0,3.0,3.0,3.0,3.0,3.0,3.0,3.0,3.0,3.0,3.0,3.0,3.0,3.0,3.0,3.0,3.0,3.0,3.0,3.0,3.0,3.0,3.0,3.0,3.0,3.0,3.0,3.0,3.0,3.0,3.0,3.0,3.0,3.0,3.0,3.0,3.0,3.0,3.0,3.0,3.0,3.0,3.0,3.0,3.0,3.0,3.0,1,0,2.0,3.0,0.6184658438426491,3.0,3.0,3.0,3.0,3.0,3.0,3.0,3.0,3.0,3.0,3.0,3.0,3.0,3.0,3.0,3.0,3.0,3.0,3.0,3.0,3.0,3.0,3.0,3.0,3.0,3.0,3.0,3.0,3.0,3.0,3.0,3.0,3.0,3.0,3.0,3.0,3.0,3.0,3.0,3.0,3.0,3.0,3.0,3.0,3.0,3.0,3.0,3.0,3.0,3.0
v3_sc1_staging_19,L5,5,5.2149877640190505,0.4757101553417393,2,0,2.0,3.0,1.9906029237394383,3.0,3.0,3.0,3.0,3.0,3.0,3.0,3.0,3.0,3.0,3.0,3.0,3.0,3.0,3.0,3.0,3.0,3.0,3.0,3.0,3.0,3.0,3.0,3.0,3.0,3.0,3.0,3.0,3.0,3.0,3.0,3.0,3.0,3.0,3.0,3.0,3.0,3.0,3.0,3.0,3.0,3.0,3.0,3.0,3.0,3.0,3.0,3.0,3.0,3.0,1,0,2.0,1.2020815280171309,0.1118033988749895,1.5132745950421558,1.5132745950421558,1.5132745950421558,1.5132745950421558,3.0,3.0,3.0,3.0,3.0,3.0,3.0,3.0,3.0,3.0,3.0,3.0,3.0,3.0,3.0,3.0,3.0,3.0,3.0,3.0,3.0,3.0,3.0,3.0,3.0,3.0,3.0,3.0,3.0,3.0,3.0,3.0,3.0,3.0,3.0,3.0,3.0,3.0,3.0,3.0,3.0,3.0,3.0,3.0,3.0,3.0,1,0,2.0,3.0,0.5024937810560445,3.0,3.0,3.0,3.0,3.0,3.0,3.0,3.0,3.0,3.0,3.0,3.0,3.0,3.0,3.0,3.0,3.0,3.0,3.0,3.0,3.0,3.0,3.0,3.0,3.0,3.0,3.0,3.0,3.0,3.0,3.0,3.0,3.0,3.0,3.0,3.0,3.0,3.0,3.0,3.0,3.0,3.0,3.0,3.0,3.0,3.0,3.0,3.0,3.0,3.0
v3_sc1_staging_19,L5,6,1.561417812744394,0.1463696550204874,2,0,2.0,2.474873734152917,1.019803902718557,2.08806130178211,2.08806130178211,2.08806130178211,2.137755832643195,2.137755832643195,2.1840329667841556,2.1840329667841556,2.1840329667841556,2.1840329667841556,2.1840329667841556,2.1840329667841556,2.1840329667841556,2.1840329667841556,2.1840329667841556,2.1840329667841556,2.1840329667841556,2.1840329667841556,2.1840329667841556,2.1840329667841556,2.1840329667841556,2.1840329667841556,2.1840329667841556,2.1840329667841556,2.304886114323222,2.304886114323222,2.304886114323222,2.304886114323222,2.304886114323222,2.304886114323222,2.304886114323222,2.304886114323222,2.304886114323222,2.304886114323222,2.304886114323222,2.304886114323222,2.304886114323222,2.304886114323222,2.4083189157584592,2.4083189157584592,3.0,3.0,3.0,3.0,3.0,3.0,3.0,3.0,3.0,3.0,3.0,1,1,2.0,1.40356688476182,1.40356688476182,2.109502310972899,2.109502310972899,2.109502310972899,2.109502310972899,2.109502310972899,2.109502310972899,2.109502310972899,2.109502310972899,2.109502310972899,2.109502310972899,3.0,3.0,3.0,3.0,3.0,3.0,3.0,3.0,3.0,3.0,3.0,3.0,3.0,3.0,3.0,3.0,3.0,3.0,3.0,3.0,3.0,3.0,3.0,3.0,3.0,3.0,3.0,3.0,3.0,3.0,3.0,3.0,3.0,3.0,3.0,3.0,3.0,3.0,3.0,3.0,1,1,2.0,3.0,1.929378138157474,3.0,3.0,3.0,3.0,3.0,3.0,3.0,3.0,3.0,3.0,3.0,3.0,3.0,3.0,3.0,3.0,3.0,3.0,3.0,3.0,3.0,3.0,3.0,3.0,3.0,3.0,3.0,3.0,3.0,3.0,3.0,3.0,3.0,3.0,3.0,3.0,3.0,3.0,3.0,3.0,3.0,3.0,3.0,3.0,3.0,3.0,3.0,3.0,3.0,3.0
v3_sc1_staging_19,L5,7,3.223512982488078,0.3140411289783711,2,1,2.0,3.0,2.0742468512691543,2.5124689052802225,2.5124689052802225,2.5124689052802225,2.5124689052802225,2.5124689052802225,2.5124689052802225,2.5124689052802225,2.5124689052802225,2.5124689052802225,2.5124689052802225,2.5124689052802225,2.5124689052802225,2.5124689052802225,2.5124689052802225,2.5124689052802225,2.5124689052802225,2.5124689052802225,2.5124689052802225,2.5124689052802225,2.5124689052802225,2.5124689052802225,2.5124689052802225,2.5124689052802225,2.5124689052802225,2.5124689052802225,2.5124689052802225,2.5124689052802225,2.5124689052802225,2.5124689052802225,2.5124689052802225,2.516445906432324,2.516445906432324,2.516445906432324,2.516445906432324,2.516445906432324,2.5465663156493688,2.75,3.0,3.0,3.0,3.0,3.0,3.0,3.0,3.0,3.0,3.0,3.0,3.0,3.0,1,0,2.0,0.7632168761236874,0.6403124237432849,1.7356554957709784,1.7356554957709784,1.7356554957709784,1.8788294228055937,1.8788294228055937,1.9849433241279208,1.9849433241279208,1.9849433241279208,1.9849433241279208,1.9849433241279208,1.9849433241279208,1.9849433241279208,1.9849433241279208,1.9849433241279208,1.9849433241279208,1.9849433241279208,3.0,3.0,3.0,3.0,3.0,3.0,3.0,3.0,3.0,3.0,3.0,3.0,3.0,3.0,3.0,3.0,3.0,3.0,3.0,3.0,3.0,3.0,3.0,3.0,3.0,3.0,3.0,3.0,3.0,3.0,3.0,3.0,3.0,3.0,1,0,2.0,1.3124404748406688,0.2692582403567252,1.4577379737113252,1.4577379737113252,1.4577379737113252,1.4577379737113252,1.4577379737113252,1.4577379737113252,1.4577379737113252,1.4577379737113252,1.5305227865013968,1.5337861650177969,1.5337861650177969,1.5337861650177969,1.5337861650177969,1.5337861650177969,1.5337861650177969,1.5337861650177969,1.5337861650177969,1.5692354826475217,1.5692354826475217,1.5692354826475217,1.5692354826475217,1.5692354826475217,1.5692354826475217,1.5692354826475217,1.5692354826475217,1.5692354826475217,1.5692354826475217,1.5692354826475217,1.5692354826475217,1.5692354826475217,1.5692354826475217,1.5692354826475217,1.5692354826475217,1.5692354826475217,1.6124515496597098,1.6124515496597098,1.6124515496597098,1.6124515496597098,1.6124515496597098,1.6224980739587953,1.6224980739587953,1.6224980739587953,1.6224980739587953,1.6224980739587953,1.6224980739587953,1.6224980739587953,1.6224980739587953,1.6224980739587953,1.6224980739587953,1.6224980739587953
v3_sc1_staging_19,L5,8,4.420046358193452,0.3243700953463297,2,1,2.0,3.0,3.0,3.0,3.0,3.0,3.0,3.0,3.0,3.0,3.0,3.0,3.0,3.0,3.0,3.0,3.0,3.0,3.0,3.0,3.0,3.0,3.0,3.0,3.0,3.0,3.0,3.0,3.0,3.0,3.0,3.0,3.0,3.0,3.0,3.0,3.0,3.0,3.0,3.0,3.0,3.0,3.0,3.0,3.0,3.0,3.0,3.0,3.0,3.0,3.0,3.0,3.0,1,0,2.0,0.9013878188659974,0.25495097567963926,1.4577379737113252,1.4577379737113252,1.4577379737113252,1.4577379737113252,2.510975905897944,2.510975905897944,2.510975905897944,2.510975905897944,3.0,3.0,3.0,3.0,3.0,3.0,3.0,3.0,3.0,3.0,3.0,3.0,3.0,3.0,3.0,3.0,3.0,3.0,3.0,3.0,3.0,3.0,3.0,3.0,3.0,3.0,3.0,3.0,3.0,3.0,3.0,3.0,3.0,3.0,3.0,3.0,3.0,3.0,3.0,3.0,3.0,3.0,1,0,2.0,3.0,1.1236102527122116,3.0,3.0,3.0,3.0,3.0,3.0,3.0,3.0,3.0,3.0,3.0,3.0,3.0,3.0,3.0,3.0,3.0,3.0,3.0,3.0,3.0,3.0,3.0,3.0,3.0,3.0,3.0,3.0,3.0,3.0,3.0,3.0,3.0,3.0,3.0,3.0,3.0,3.0,3.0,3.0,3.0,3.0,3.0,3.0,3.0,3.0,3.0,3.0,3.0,3.0
v3_sc1_staging_19,L5,9,2.4126498353016705,0.22897252482329383,2,0,2.0,2.343608329051593,0.5099019513592785,2.3853720883753127,2.3853720883753127,2.5124689052802225,2.5124689052802225,2.5124689052802225,2.5124689052802225,2.5124689052802225,2.5124689052802225,2.5124689052802225,2.5124689052802225,2.5124689052802225,2.5124689052802225,2.5124689052802225,2.5124689052802225,2.5124689052802225,2.5124689052802225,2.5124689052802225,2.5124689052802225,2.5124689052802225,2.6612966764342527,2.6612966764342527,2.6612966764342527,2.6612966764342527,2.6612966764342527,2.6612966764342527,2.6612966764342527,2.6612966764342527,2.6612966764342527,2.6612966764342527,2.6612966764342527,2.6612966764342527,2.6612966764342527,2.6612966764342527,2.6612966764342527,2.6612966764342527,2.6612966764342527,2.6612966764342527,2.6612966764342527,2.6612966764342527,2.6612966764342527,2.6612966764342527,2.6612966764342527,3.0,3.0,3.0,3.0,3.0,3.0,3.0,3.0,1,0,2.0,0.9055385138137417,0.6184658438426491,1.4866068747318506,1.4866068747318506,1.4866068747318506,1.4866068747318506,1.4866068747318506,3.0,3.0,3.0,3.0,3.0,3.0,3.0,3.0,3.0,3.0,3.0,3.0,3.0,3.0,3.0,3.0,3.0,3.0,3.0,3.0,3.0,3.0,3.0,3.0,3.0,3.0,3.0,3.0,3.0,3.0,3.0,3.0,3.0,3.0,3.0,3.0,3.0,3.0,3.0,3.0,3.0,3.0,3.0,3.0,3.0,1,0,2.0,2.5,1.1853269591129698,2.303258561256204,2.303258561256204,2.303258561256204,2.303258561256204,2.3264780248263683,2.3264780248263683,2.3264780248263683,2.369071548096427,2.369071548096427,2.369071548096427,2.369071548096427,2.369071548096427,2.369071548096427,2.369071548096427,2.369071548096427,2.369071548096427,2.369071548096427,2.369071548096427,2.369071548096427,2.369071548096427,2.369071548096427,2.369071548096427,2.369071548096427,2.369071548096427,2.369071548096427,2.369071548096427,2.4041630560342617,2.4041630560342617,2.4041630560342617,2.4041630560342617,2.4041630560342617,2.4041630560342617,2.4041630560342617,2.4041630560342617,2.4041630560342617,2.4041630560342617,2.4041630560342617,2.4041630560342617,2.4041630560342617,2.4041630560342617,2.4041630560342617,2.4041630560342617,2.5612496949731396,2.5612496949731396,2.5612496949731396,2.5612496949731396,2.5612496949731396,2.5612496949731396,2.5612496949731396,2.5612496949731396
