scene,level,seed,task,margin,planned,violation,collision,length,clearance_indoor_plant,clearance_bike
v3_sc2_staging_00,L0,0,0,0.0,True,False,False,7.2884776310850246,0.050000000000000044,0.002493781056044475
v3_sc2_staging_00,L0,0,1,0.0,True,False,False,8.174873734152916,0.30000000000000004,0.002493781056044475
v3_sc2_staging_00,L0,0,2,0.0,True,False,False,3.9562445840513925,3.4284220750830734,2.6240998703626617
v3_sc2_staging_00,L0,0,3,0.0,True,False,False,3.3242640687119294,2.7687918257362307,1.8086792761230392
v3_sc2_staging_00,L0,0,4,0.0,True,False,False,5.850609665440988,0.46176920308356717,2.6468237955119127
v3_sc2_staging_00,L0,0,5,0.0,True,False,False,4.153553390593274,2.909178786746157,1.9520399670478459
v3_sc2_staging_00,L0,0,6,0.0,True,False,False,7.156244584051395,0.46176920308356717,2.010975905897944
v3_sc2_staging_00,L0,0,7,0.0,True,False,False,7.524873734152917,0.25,0.20000000000000007
v3_sc2_staging_00,L0,0,8,0.0,True,False,False,3.0370057685088803,3.6309805131469695,2.7927951652053915
v3_sc2_staging_00,L0,0,9,0.0,True,False,False,8.685533905932738,0.050000000000000044,0.002493781056044475
v3_sc2_staging_00,L0,0,10,0.0,True,False,False,3.0500000000000003,3.405124837953327,3.404484601070928
v3_sc2_staging_00,L0,0,11,0.0,True,False,False,4.881980515339464,1.9083189157584592,1.1101242188104619
v3_sc2_staging_00,L0,0,12,0.0,True,False,False,8.531980515339464,0.10000000000000009,0.002493781056044475
v3_sc2_staging_00,L0,0,13,0.0,True,False,False,3.9207106781186547,2.2,1.25
v3_sc2_staging_00,L0,0,14,0.0,True,False,False,7.169848480983504,0.10000000000000009,0.002493781056044475
v3_sc2_staging_00,L0,0,15,0.0,True,False,False,9.529898987322332,0.10000000000000009,0.002493781056044475
v3_sc2_staging_00,L0,0,16,0.0,True,False,False,7.279898987322333,0.10000000000000009,0.002493781056044475
v3_sc2_staging_00,L0,0,17,0.0,True,False,False,8.0476659402887,0.42195444572928875,1.5796634343085425
v3_sc2_staging_00,L0,0,18,0.0,True,False,False,4.314213562373095,0.46176920308356717,3.860045871318328
v3_sc2_staging_00,L0,0,19,0.0,True,False,False,5.392031021678298,0.46176920308356717,3.187817782917155
v3_sc2_staging_00,L0,0,0,0.1,True,False,False,7.388477631085024,0.10207972893961481,0.10000000000000009
v3_sc2_staging_00,L0,0,1,0.1,True,False,False,8.274873734152917,0.30000000000000004,0.10000000000000009
v3_sc2_staging_00,L0,0,2,0.1,True,False,False,3.9562445840513925,3.4284220750830734,2.6240998703626617
v3_sc2_staging_00,L0,0,3,0.1,True,False,False,3.3242640687119294,2.7687918257362307,1.8086792761230392
v3_sc2_staging_00,L0,0,4,0.1,True,False,False,5.850609665440988,0.46176920308356717,2.6468237955119127
v3_sc2_staging_00,L0,0,5,0.1,True,False,False,4.153553390593274,2.909178786746157,1.9520399670478459
v3_sc2_staging_00,L0,0,6,0.1,True,False,False,7.156244584051395,0.46176920308356717,2.010975905897944
v3_sc2_staging_00,L0,0,7,0.1,True,False,False,7.524873734152917,0.25,0.20000000000000007
v3_sc2_staging_00,L0,0,8,0.1,True,False,False,3.0370057685088803,3.6309805131469695,2.7927951652053915
v3_sc2_staging_00,L0,0,9,0.1,True,False,False,8.785533905932738,0.10207972893961481,0.10000000000000009
v3_sc2_staging_00,L0,0,10,0.1,True,False,False,3.0500000000000003,3.405124837953327,3.404484601070928
v3_sc2_staging_00,L0,0,11,0.1,True,False,False,4.881980515339464,1.9083189157584592,1.1101242188104619
v3_sc2_staging_00,L0,0,12,0.1,True,False,False,8.631980515339464,0.15000000000000002,0.10000000000000009
v3_sc2_staging_00,L0,0,13,0.1,True,False,False,3.9207106781186547,2.2,1.25
v3_sc2_staging_00,L0,0,14,0.1,True,False,False,7.269848480983502,0.10207972893961481,0.10000000000000009
v3_sc2_staging_00,L0,0,15,0.1,True,False,False,9.629898987322333,0.15000000000000002,0.10000000000000009
v3_sc2_staging_00,L0,0,16,0.1,True,False,False,7.300609665440987,0.15000000000000002,0.10000000000000009
v3_sc2_staging_00,L0,0,17,0.1,True,False,False,8.0476659402887,0.42195444572928875,1.5796634343085425
v3_sc2_staging_00,L0,0,18,0.1,True,False,False,4.314213562373095,0.46176920308356717,3.860045871318328
v3_sc2_staging_00,L0,0,19,0.1,True,False,False,5.392031021678298,0.46176920308356717,3.187817782917155
v3_sc2_staging_00,L0,0,0,0.2,True,False,False,7.5591883092036785,0.20710678118654757,0.20000000000000007
v3_sc2_staging_00,L0,0,1,0.2,True,False,False,8.445584412271572,0.30000000000000004,0.20000000000000007
v3_sc2_staging_00,L0,0,2,0.2,True,False,False,3.9562445840513925,3.4284220750830734,2.6240998703626617
v3_sc2_staging_00,L0,0,3,0.2,True,False,False,3.3242640687119294,2.7687918257362307,1.8086792761230392
v3_sc2_staging_00,L0,0,4,0.2,True,False,False,5.850609665440988,0.46176920308356717,2.6468237955119127
v3_sc2_staging_00,L0,0,5,0.2,True,False,False,4.153553390593274,2.909178786746157,1.9520399670478459
v3_sc2_staging_00,L0,0,6,0.2,True,False,False,7.156244584051395,0.46176920308356717,2.010975905897944
v3_sc2_staging_00,L0,0,7,0.2,True,False,False,7.524873734152917,0.25,0.20000000000000007
v3_sc2_staging_00,L0,0,8,0.2,True,False,False,3.0370057685088803,3.6309805131469695,2.7927951652053915
v3_sc2_staging_00,L0,0,9,0.2,True,False,False,8.956244584051392,0.20710678118654757,0.20000000000000007
v3_sc2_staging_00,L0,0,10,0.2,True,False,False,3.0500000000000003,3.405124837953327,3.404484601070928
v3_sc2_staging_00,L0,0,11,0.2,True,False,False,4.881980515339464,1.9083189157584592,1.1101242188104619
v3_sc2_staging_00,L0,0,12,0.2,True,False,False,8.802691193458118,0.25,0.20000000000000007
v3_sc2_staging_00,L0,0,13,0.2,True,False,False,3.9207106781186547,2.2,1.25
v3_sc2_staging_00,L0,0,14,0.2,True,False,False,7.440559159102154,0.20710678118654757,0.20000000000000007
v3_sc2_staging_00,L0,0,15,0.2,True,False,False,9.800609665440989,0.25,0.20000000000000007
v3_sc2_staging_00,L0,0,16,0.2,True,False,False,7.342031021678299,0.25,0.20000000000000007
v3_sc2_staging_00,L0,0,17,0.2,True,False,False,8.0476659402887,0.42195444572928875,1.5796634343085425
v3_sc2_staging_00,L0,0,18,0.2,True,False,False,4.314213562373095,0.46176920308356717,3.860045871318328
v3_sc2_staging_00,L0,0,19,0.2,True,False,False,5.392031021678298,0.46176920308356717,3.187817782917155
v3_sc2_staging_00,L0,0,0,0.3,True,False,False,7.771320343559641,0.3062257748298549,0.3015609770940699
v3_sc2_staging_00,L0,0,1,0.3,True,False,False,8.740559159102153,0.3062257748298549,0.3015609770940699
v3_sc2_staging_00,L0,0,2,0.3,True,False,False,3.9562445840513925,3.4284220750830734,2.6240998703626617
v3_sc2_staging_00,L0,0,3,0.3,True,False,False,3.3242640687119294,2.7687918257362307,1.8086792761230392
v3_sc2_staging_00,L0,0,4,0.3,True,False,False,5.850609665440988,0.46176920308356717,2.6468237955119127
v3_sc2_staging_00,L0,0,5,0.3,True,False,False,4.153553390593274,2.909178786746157,1.9520399670478459
v3_sc2_staging_00,L0,0,6,0.3,True,False,False,7.156244584051395,0.46176920308356717,2.010975905897944
v3_sc2_staging_00,L0,0,7,0.3,True,False,False,7.524873734152917,0.4486832980505139,0.3500000000000001
v3_sc2_staging_00,L0,0,8,0.3,True,False,False,3.0370057685088803,3.6309805131469695,2.7927951652053915
v3_sc2_staging_00,L0,0,9,0.3,True,False,False,9.168376618407356,0.3062257748298549,0.3015609770940699
v3_sc2_staging_00,L0,0,10,0.3,True,False,False,3.0500000000000003,3.405124837953327,3.404484601070928
v3_sc2_staging_00,L0,0,11,0.3,True,False,False,4.881980515339464,1.9083189157584592,1.1101242188104619
v3_sc2_staging_00,L0,0,12,0.3,True,False,False,9.014823227814082,0.4,0.3015609770940699
v3_sc2_staging_00,L0,0,13,0.3,True,False,False,3.9207106781186547,2.2,1.25
v3_sc2_staging_00,L0,0,14,0.3,True,False,False,7.652691193458118,0.3062257748298549,0.3015609770940699
v3_sc2_staging_00,L0,0,15,0.3,True,False,False,10.074873734152916,0.4,0.3015609770940699
v3_sc2_staging_00,L0,0,16,0.3,True,False,False,7.466295090390225,0.4,0.3015609770940699
v3_sc2_staging_00,L0,0,17,0.3,True,False,False,8.0476659402887,0.42195444572928875,1.5796634343085425
v3_sc2_staging_00,L0,0,18,0.3,True,False,False,4.314213562373095,0.46176920308356717,3.860045871318328
v3_sc2_staging_00,L0,0,19,0.3,True,False,False,5.392031021678298,0.46176920308356717,3.187817782917155
v3_sc2_staging_00,L0,0,0,0.4,False,False,False,nan,nan,nan
v3_sc2_staging_00,L0,0,1,0.4,False,False,False,nan,nan,nan
v3_sc2_staging_00,L0,0,2,0.4,True,False,False,3.9562445840513925,3.4284220750830734,2.6240998703626617
v3_sc2_staging_00,L0,0,3,0.4,True,False,False,3.3242640687119294,2.7687918257362307,1.8086792761230392
v3_sc2_staging_00,L0,0,4,0.4,True,False,False,5.850609665440988,0.46176920308356717,2.6468237955119127
v3_sc2_staging_00,L0,0,5,0.4,True,False,False,4.153553390593274,2.909178786746157,1.9520399670478459
v3_sc2_staging_00,L0,0,6,0.4,True,False,False,7.156244584051395,0.46176920308356717,2.010975905897944
v3_sc2_staging_00,L0,0,7,0.4,False,False,False,nan,nan,nan
v3_sc2_staging_00,L0,0,8,0.4,True,False,False,3.0370057685088803,3.6309805131469695,2.7927951652053915
v3_sc2_staging_00,L0,0,9,0.4,False,False,False,nan,nan,nan
v3_sc2_staging_00,L0,0,10,0.4,True,False,False,3.0500000000000003,3.405124837953327,3.404484601070928
v3_sc2_staging_00,L0,0,11,0.4,True,False,False,4.881980515339464,1.9083189157584592,1.1101242188104619
v3_sc2_staging_00,L0,0,12,0.4,False,False,False,nan,nan,nan
v3_sc2_staging_00,L0,0,13,0.4,True,False,False,3.9207106781186547,2.2,1.25
v3_sc2_staging_00,L0,0,14,0.4,False,False,False,nan,nan,nan
v3_sc2_staging_00,L0,0,15,0.4,False,False,False,nan,nan,nan
v3_sc2_staging_00,L0,0,16,0.4,False,False,False,nan,nan,nan
v3_sc2_staging_00,L0,0,17,0.4,True,False,False,8.0476659402887,0.42195444572928875,1.5796634343085425
v3_sc2_staging_00,L0,0,18,0.4,True,False,False,4.314213562373095,0.46176920308356717,3.860045871318328
v3_sc2_staging_00,L0,0,19,0.4,True,False,False,5.392031021678298,0.46176920308356717,3.187817782917155
v3_sc2_staging_00,L0,0,0,0.5,False,False,False,nan,nan,nan
v3_sc2_staging_00,L0,0,1,0.5,False,False,False,nan,nan,nan
v3_sc2_staging_00,L0,0,2,0.5,True,False,False,3.9562445840513925,3.4284220750830734,2.6240998703626617
v3_sc2_staging_00,L0,0,3,0.5,True,False,False,3.3242640687119294,2.7687918257362307,1.8086792761230392
v3_sc2_staging_00,L0,0,4,0.5,False,False,False,nan,nan,nan
v3_sc2_staging_00,L0,0,5,0.5,True,False,False,4.153553390593274,2.909178786746157,1.9520399670478459
v3_sc2_staging_00,L0,0,6,0.5,False,False,False,nan,nan,nan
v3_sc2_staging_00,L0,0,7,0.5,False,False,False,nan,nan,nan
v3_sc2_staging_00,L0,0,8,0.5,True,False,False,3.0370057685088803,3.6309805131469695,2.7927951652053915
v3_sc2_staging_00,L0,0,9,0.5,False,False,False,nan,nan,nan
v3_sc2_staging_00,L0,0,10,0.5,True,False,False,3.0500000000000003,3.405124837953327,3.404484601070928
v3_sc2_staging_00,L0,0,11,0.5,True,False,False,4.881980515339464,1.9083189157584592,1.1101242188104619
v3_sc2_staging_00,L0,0,12,0.5,False,False,False,nan,nan,nan
v3_sc2_staging_00,L0,0,13,0.5,True,False,False,3.9207106781186547,2.2,1.25
v3_sc2_staging_00,L0,0,14,0.5,False,False,False,nan,nan,nan
v3_sc2_staging_00,L0,0,15,0.5,False,False,False,nan,nan,nan
v3_sc2_staging_00,L0,0,16,0.5,False,False,False,nan,nan,nan
v3_sc2_staging_00,L0,0,17,0.5,False,False,False,nan,nan,nan
v3_sc2_staging_00,L0,0,18,0.5,False,False,False,nan,nan,nan
v3_sc2_staging_00,L0,0,19,0.5,False,False,False,nan,nan,nan
v3_sc2_staging_00,L0,0,0,0.6,False,False,False,nan,nan,nan
v3_sc2_staging_00,L0,0,1,0.6,False,False,False,nan,nan,nan
v3_sc2_staging_00,L0,0,2,0.6,True,False,False,3.9562445840513925,3.4284220750830734,2.6240998703626617
v3_sc2_staging_00,L0,0,3,0.6,True,False,False,3.3242640687119294,2.7687918257362307,1.8086792761230392
v3_sc2_staging_00,L0,0,4,0.6,False,False,False,nan,nan,nan
v3_sc2_staging_00,L0,0,5,0.6,True,False,False,4.153553390593274,2.909178786746157,1.9520399670478459
v3_sc2_staging_00,L0,0,6,0.6,False,False,False,nan,nan,nan
v3_sc2_staging_00,L0,0,7,0.6,False,False,False,nan,nan,nan
v3_sc2_staging_00,L0,0,8,0.6,True,False,False,3.0370057685088803,3.6309805131469695,2.7927951652053915
v3_sc2_staging_00,L0,0,9,0.6,False,False,False,nan,nan,nan
v3_sc2_staging_00,L0,0,10,0.6,True,False,False,3.0500000000000003,3.405124837953327,3.404484601070928
v3_sc2_staging_00,L0,0,11,0.6,True,False,False,4.881980515339464,1.9083189157584592,1.1101242188104619
v3_sc2_staging_00,L0,0,12,0.6,False,False,False,nan,nan,nan
v3_sc2_staging_00,L0,0,13,0.6,True,False,False,3.9207106781186547,2.2,1.25
v3_sc2_staging_00,L0,0,14,0.6,False,False,False,nan,nan,nan
v3_sc2_staging_00,L0,0,15,0.6,False,False,False,nan,nan,nan
v3_sc2_staging_00,L0,0,16,0.6,False,False,False,nan,nan,nan
v3_sc2_staging_00,L0,0,17,0.6,False,False,False,nan,nan,nan
v3_sc2_staging_00,L0,0,18,0.6,False,False,False,nan,nan,nan
v3_sc2_staging_00,L0,0,19,0.6,False,False,False,nan,nan,nan
v3_sc2_staging_00,L0,0,0,0.8,False,False,False,nan,nan,nan
v3_sc2_staging_00,L0,0,1,0.8,False,False,False,nan,nan,nan
v3_sc2_staging_00,L0,0,2,0.8,True,False,False,3.9562445840513925,3.4284220750830734,2.6240998703626617
v3_sc2_staging_00,L0,0,3,0.8,True,False,False,3.3242640687119294,2.7687918257362307,1.8086792761230392
v3_sc2_staging_00,L0,0,4,0.8,False,False,False,nan,nan,nan
v3_sc2_staging_00,L0,0,5,0.8,True,False,False,4.153553390593274,2.909178786746157,1.9520399670478459
v3_sc2_staging_00,L0,0,6,0.8,False,False,False,nan,nan,nan
v3_sc2_staging_00,L0,0,7,0.8,False,False,False,nan,nan,nan
v3_sc2_staging_00,L0,0,8,0.8,True,False,False,3.0370057685088803,3.6309805131469695,2.7927951652053915
v3_sc2_staging_00,L0,0,9,0.8,False,False,False,nan,nan,nan
v3_sc2_staging_00,L0,0,10,0.8,True,False,False,3.0500000000000003,3.405124837953327,3.404484601070928
v3_sc2_staging_00,L0,0,11,0.8,True,False,False,4.881980515339464,1.9083189157584592,1.1101242188104619
v3_sc2_staging_00,L0,0,12,0.8,False,False,False,nan,nan,nan
v3_sc2_staging_00,L0,0,13,0.8,True,False,False,3.9207106781186547,2.2,1.25
v3_sc2_staging_00,L0,0,14,0.8,False,False,False,nan,nan,nan
v3_sc2_staging_00,L0,0,15,0.8,False,False,False,nan,nan,nan
v3_sc2_staging_00,L0,0,16,0.8,False,False,False,nan,nan,nan
v3_sc2_staging_00,L0,0,17,0.8,False,False,False,nan,nan,nan
v3_sc2_staging_00,L0,0,18,0.8,False,False,False,nan,nan,nan
v3_sc2_staging_00,L0,0,19,0.8,False,False,False,nan,nan,nan
v3_sc2_staging_00,L0,0,0,1.0,False,False,False,nan,nan,nan
v3_sc2_staging_00,L0,0,1,1.0,False,False,False,nan,nan,nan
v3_sc2_staging_00,L0,0,2,1.0,True,False,False,3.9562445840513925,3.4284220750830734,2.6240998703626617
v3_sc2_staging_00,L0,0,3,1.0,True,False,False,3.3242640687119294,2.7687918257362307,1.8086792761230392
v3_sc2_staging_00,L0,0,4,1.0,False,False,False,nan,nan,nan
v3_sc2_staging_00,L0,0,5,1.0,True,False,False,4.153553390593274,2.909178786746157,1.9520399670478459
v3_sc2_staging_00,L0,0,6,1.0,False,False,False,nan,nan,nan
v3_sc2_staging_00,L0,0,7,1.0,False,False,False,nan,nan,nan
v3_sc2_staging_00,L0,0,8,1.0,True,False,False,3.0370057685088803,3.6309805131469695,2.7927951652053915
v3_sc2_staging_00,L0,0,9,1.0,False,False,False,nan,nan,nan
v3_sc2_staging_00,L0,0,10,1.0,True,False,False,3.0500000000000003,3.405124837953327,3.404484601070928
v3_sc2_staging_00,L0,0,11,1.0,True,False,False,4.881980515339464,1.9083189157584592,1.1101242188104619
v3_sc2_staging_00,L0,0,12,1.0,False,False,False,nan,nan,nan
v3_sc2_staging_00,L0,0,13,1.0,True,False,False,3.9207106781186547,2.2,1.25
v3_sc2_staging_00,L0,0,14,1.0,False,False,False,nan,nan,nan
v3_sc2_staging_00,L0,0,15,1.0,False,False,False,nan,nan,nan
v3_sc2_staging_00,L0,0,16,1.0,False,False,False,nan,nan,nan
v3_sc2_staging_00,L0,0,17,1.0,False,False,False,nan,nan,nan
v3_sc2_staging_00,L0,0,18,1.0,False,False,False,nan,nan,nan
v3_sc2_staging_00,L0,0,19,1.0,False,False,False,nan,nan,nan
v3_sc2_staging_00,L0,0,0,1.25,False,False,False,nan,nan,nan
v3_sc2_staging_00,L0,0,1,1.25,False,False,False,nan,nan,nan
v3_sc2_staging_00,L0,0,2,1.25,True,False,False,3.9562445840513925,3.4284220750830734,2.6240998703626617
v3_sc2_staging_00,L0,0,3,1.25,True,False,False,3.3242640687119294,2.7687918257362307,1.8086792761230392
v3_sc2_staging_00,L0,0,4,1.25,False,False,False,nan,nan,nan
v3_sc2_staging_00,L0,0,5,1.25,True,False,False,4.153553390593274,2.909178786746157,1.9520399670478459
v3_sc2_staging_00,L0,0,6,1.25,False,False,False,nan,nan,nan
v3_sc2_staging_00,L0,0,7,1.25,False,False,False,nan,nan,nan
v3_sc2_staging_00,L0,0,8,1.25,True,False,False,3.0370057685088803,3.6309805131469695,2.7927951652053915
v3_sc2_staging_00,L0,0,9,1.25,False,False,False,nan,nan,nan
v3_sc2_staging_00,L0,0,10,1.25,True,False,False,3.0500000000000003,3.405124837953327,3.404484601070928
v3_sc2_staging_00,L0,0,11,1.25,True,False,False,4.881980515339464,2.005992817228334,1.2613914953808536
v3_sc2_staging_00,L0,0,12,1.25,False,False,False,nan,nan,nan
v3_sc2_staging_00,L0,0,13,1.25,True,False,False,3.9207106781186547,2.207397274136177,1.2755280904564703
v3_sc2_staging_00,L0,0,14,1.25,False,False,False,nan,nan,nan
v3_sc2_staging_00,L0,0,15,1.25,False,False,False,nan,nan,nan
v3_sc2_staging_00,L0,0,16,1.25,False,False,False,nan,nan,nan
v3_sc2_staging_00,L0,0,17,1.25,False,False,False,nan,nan,nan
v3_sc2_staging_00,L0,0,18,1.25,False,False,False,nan,nan,nan
v3_sc2_staging_00,L0,0,19,1.25,False,False,False,nan,nan,nan
v3_sc2_staging_00,L0,0,0,1.5,False,False,False,nan,nan,nan
v3_sc2_staging_00,L0,0,1,1.5,False,False,False,nan,nan,nan
v3_sc2_staging_00,L0,0,2,1.5,True,False,False,3.9562445840513925,3.4284220750830734,2.6240998703626617
v3_sc2_staging_00,L0,0,3,1.5,True,False,False,3.3242640687119294,2.7687918257362307,1.8086792761230392
v3_sc2_staging_00,L0,0,4,1.5,False,False,False,nan,nan,nan
v3_sc2_staging_00,L0,0,5,1.5,True,False,False,4.153553390593274,2.909178786746157,1.9520399670478459
v3_sc2_staging_00,L0,0,6,1.5,False,False,False,nan,nan,nan
v3_sc2_staging_00,L0,0,7,1.5,False,False,False,nan,nan,nan
v3_sc2_staging_00,L0,0,8,1.5,True,False,False,3.0370057685088803,3.6309805131469695,2.7927951652053915
v3_sc2_staging_00,L0,0,9,1.5,False,False,False,nan,nan,nan
v3_sc2_staging_00,L0,0,10,1.5,True,False,False,3.0500000000000003,3.405124837953327,3.404484601070928
v3_sc2_staging_00,L0,0,11,1.5,True,False,False,4.881980515339464,2.1879360111431225,1.50124960961895
v3_sc2_staging_00,L0,0,12,1.5,False,False,False,nan,nan,nan
v3_sc2_staging_00,L0,0,13,1.5,False,False,False,nan,nan,nan
v3_sc2_staging_00,L0,0,14,1.5,False,False,False,nan,nan,nan
v3_sc2_staging_00,L0,0,15,1.5,False,False,False,nan,nan,nan
v3_sc2_staging_00,L0,0,16,1.5,False,False,False,nan,nan,nan
v3_sc2_staging_00,L0,0,17,1.5,False,False,False,nan,nan,nan
v3_sc2_staging_00,L0,0,18,1.5,False,False,False,nan,nan,nan
v3_sc2_staging_00,L0,0,19,1.5,False,False,False,nan,nan,nan
v3_sc2_staging_00,L0,0,0,2.0,False,False,False,nan,nan,nan
v3_sc2_staging_00,L0,0,1,2.0,False,False,False,nan,nan,nan
v3_sc2_staging_00,L0,0,2,2.0,True,False,False,3.9562445840513925,3.4284220750830734,2.6240998703626617
v3_sc2_staging_00,L0,0,3,2.0,True,False,False,3.3656854249492385,2.95,2.0004999500099974
v3_sc2_staging_00,L0,0,4,2.0,False,False,False,nan,nan,nan
v3_sc2_staging_00,L0,0,5,2.0,True,False,False,4.1742640687119295,2.9590461112855957,2.0004999500099974
v3_sc2_staging_00,L0,0,6,2.0,False,False,False,nan,nan,nan
v3_sc2_staging_00,L0,0,7,2.0,False,False,False,nan,nan,nan
v3_sc2_staging_00,L0,0,8,2.0,True,False,False,3.0370057685088803,3.6309805131469695,2.7927951652053915
v3_sc2_staging_00,L0,0,9,2.0,False,False,False,nan,nan,nan
v3_sc2_staging_00,L0,0,10,2.0,True,False,False,3.0500000000000003,3.405124837953327,3.404484601070928
v3_sc2_staging_00,L0,0,11,2.0,True,False,False,5.076955262170048,2.6184932259025353,2.0004999500099974
v3_sc2_staging_00,L0,0,12,2.0,False,False,False,nan,nan,nan
v3_sc2_staging_00,L0,0,13,2.0,False,False,False,nan,nan,nan
v3_sc2_staging_00,L0,0,14,2.0,False,False,False,nan,nan,nan
v3_sc2_staging_00,L0,0,15,2.0,False,False,False,nan,nan,nan
v3_sc2_staging_00,L0,0,16,2.0,False,False,False,nan,nan,nan
v3_sc2_staging_00,L0,0,17,2.0,False,False,False,nan,nan,nan
v3_sc2_staging_00,L0,0,18,2.0,False,False,False,nan,nan,nan
v3_sc2_staging_00,L0,0,19,2.0,False,False,False,nan,nan,nan
v3_sc2_staging_00,L2,0,0,0.0,True,True,False,7.3091883092036785,3.618859065323795,0.002493781056044475
v3_sc2_staging_00,L2,0,1,0.0,True,False,False,8.133452377915606,3.4777506206397604,0.002493781056044475
v3_sc2_staging_00,L2,0,2,0.0,True,False,False,3.926955262170048,4.173863498220718,2.656342820417326
v3_sc2_staging_00,L2,0,3,0.0,True,False,False,3.3242640687119294,4.749761899362675,1.8048861143232222
v3_sc2_staging_00,L2,0,4,0.0,True,False,False,5.929898987322334,0.46176920308356717,2.632091952673165
v3_sc2_staging_00,L2,0,5,0.0,True,False,False,4.132842712474619,4.470412457734268,1.7638462845343543
v3_sc2_staging_00,L2,0,6,0.0,True,False,False,7.214823227814086,0.46176920308356717,2.0004999500099974
v3_sc2_staging_00,L2,0,7,0.0,True,False,False,7.533452377915606,4.128714724413247,0.15000000000000002
v3_sc2_staging_00,L2,0,8,0.0,True,False,False,3.0662950903902253,4.210095540432275,2.759601202601324
v3_sc2_staging_00,L2,0,9,0.0,True,True,False,8.676955262170049,3.4458839313897722,0.002493781056044475
v3_sc2_staging_00,L2,0,10,0.0,True,False,False,3.0500000000000003,3.3616706229299256,3.4131189606246317
v3_sc2_staging_00,L2,0,11,0.0,True,False,False,4.902691193458118,3.6967249135486595,1.1101242188104619
v3_sc2_staging_00,L2,0,12,0.0,True,False,False,8.523401871576773,3.7994185653411323,0.002493781056044475
v3_sc2_staging_00,L2,0,13,0.0,True,False,False,3.9414213562373095,4.93323108288245,1.25
v3_sc2_staging_00,L2,0,14,0.0,True,False,False,7.1405591591021595,3.2336309405188945,0.002493781056044475
v3_sc2_staging_00,L2,0,15,0.0,True,False,False,9.538477631085023,3.6500000000000004,0.002493781056044475
v3_sc2_staging_00,L2,0,16,0.0,True,False,False,7.259188309203679,3.9138985035906755,0.050000000000000044
v3_sc2_staging_00,L2,0,17,0.0,True,False,False,8.126955262170048,0.41923881554251174,1.5718349355100663
v3_sc2_staging_00,L2,0,18,0.0,True,False,False,4.414213562373095,0.46176920308356717,3.830415684434925
v3_sc2_staging_00,L2,0,19,0.0,True,False,False,5.462741699796953,0.46176920308356717,3.1554753452868485
v3_sc2_staging_00,L2,0,0,0.1,True,False,False,7.40918830920368,3.618859065323795,0.10000000000000009
v3_sc2_staging_00,L2,0,1,0.1,True,False,False,8.233452377915606,3.4777506206397604,0.10000000000000009
v3_sc2_staging_00,L2,0,2,0.1,True,False,False,3.926955262170048,4.173863498220718,2.656342820417326
v3_sc2_staging_00,L2,0,3,0.1,True,False,False,3.3242640687119294,4.749761899362675,1.8048861143232222
v3_sc2_staging_00,L2,0,4,0.1,True,False,False,5.929898987322334,0.46176920308356717,2.632091952673165
v3_sc2_staging_00,L2,0,5,0.1,True,False,False,4.132842712474619,4.470412457734268,1.7638462845343543
v3_sc2_staging_00,L2,0,6,0.1,True,False,False,7.214823227814086,0.46176920308356717,2.0004999500099974
v3_sc2_staging_00,L2,0,7,0.1,True,False,False,7.533452377915606,4.128714724413247,0.15000000000000002
v3_sc2_staging_00,L2,0,8,0.1,True,False,False,3.0662950903902253,4.210095540432275,2.759601202601324
v3_sc2_staging_00,L2,0,9,0.1,True,False,False,8.776955262170048,3.4458839313897722,0.10000000000000009
v3_sc2_staging_00,L2,0,10,0.1,True,False,False,3.0500000000000003,3.3616706229299256,3.4131189606246317
v3_sc2_staging_00,L2,0,11,0.1,True,False,False,4.902691193458118,3.6967249135486595,1.1101242188104619
v3_sc2_staging_00,L2,0,12,0.1,True,False,False,8.623401871576775,3.7994185653411323,0.10000000000000009
v3_sc2_staging_00,L2,0,13,0.1,True,False,False,3.9414213562373095,4.93323108288245,1.25
v3_sc2_staging_00,L2,0,14,0.1,True,False,False,7.240559159102159,3.2336309405188945,0.10000000000000009
v3_sc2_staging_00,L2,0,15,0.1,True,False,False,9.638477631085024,3.6500000000000004,0.10000000000000009
v3_sc2_staging_00,L2,0,16,0.1,True,False,False,7.2798989873223325,3.9637428241331287,0.10000000000000009
v3_sc2_staging_00,L2,0,17,0.1,True,False,False,8.126955262170048,0.41923881554251174,1.5718349355100663
v3_sc2_staging_00,L2,0,18,0.1,True,False,False,4.414213562373095,0.46176920308356717,3.830415684434925
v3_sc2_staging_00,L2,0,19,0.1,True,False,False,5.462741699796953,0.46176920308356717,3.1554753452868485
v3_sc2_staging_00,L2,0,0,0.2,True,False,False,7.579898987322332,3.618859065323795,0.20000000000000007
v3_sc2_staging_00,L2,0,1,0.2,True,False,False,8.404163056034262,3.4777506206397604,0.20000000000000007
v3_sc2_staging_00,L2,0,2,0.2,True,False,False,3.926955262170048,4.173863498220718,2.656342820417326
v3_sc2_staging_00,L2,0,3,0.2,True,False,False,3.3242640687119294,4.749761899362675,1.8048861143232222
v3_sc2_staging_00,L2,0,4,0.2,True,False,False,5.929898987322334,0.46176920308356717,2.632091952673165
v3_sc2_staging_00,L2,0,5,0.2,True,False,False,4.132842712474619,4.470412457734268,1.7638462845343543
v3_sc2_staging_00,L2,0,6,0.2,True,False,False,7.214823227814086,0.46176920308356717,2.0004999500099974
v3_sc2_staging_00,L2,0,7,0.2,True,False,False,7.533452377915608,4.25,0.3500000000000001
v3_sc2_staging_00,L2,0,8,0.2,True,False,False,3.0662950903902253,4.210095540432275,2.759601202601324
v3_sc2_staging_00,L2,0,9,0.2,True,False,False,8.947665940288703,3.4458839313897722,0.20000000000000007
v3_sc2_staging_00,L2,0,10,0.2,True,False,False,3.0500000000000003,3.3616706229299256,3.4131189606246317
v3_sc2_staging_00,L2,0,11,0.2,True,False,False,4.902691193458118,3.6967249135486595,1.1101242188104619
v3_sc2_staging_00,L2,0,12,0.2,True,False,False,8.794112549695427,3.7994185653411323,0.20000000000000007
v3_sc2_staging_00,L2,0,13,0.2,True,False,False,3.9414213562373095,4.93323108288245,1.25
v3_sc2_staging_00,L2,0,14,0.2,True,False,False,7.411269837220809,3.2336309405188945,0.20000000000000007
v3_sc2_staging_00,L2,0,15,0.2,True,False,False,9.829898987322334,3.6500000000000004,0.20000000000000007
v3_sc2_staging_00,L2,0,16,0.2,True,False,False,7.342031021678299,4.013590588434002,0.20000000000000007
v3_sc2_staging_00,L2,0,17,0.2,True,False,False,8.126955262170048,0.41923881554251174,1.5718349355100663
v3_sc2_staging_00,L2,0,18,0.2,True,False,False,4.414213562373095,0.46176920308356717,3.830415684434925
v3_sc2_staging_00,L2,0,19,0.2,True,False,False,5.462741699796953,0.46176920308356717,3.1554753452868485
v3_sc2_staging_00,L2,0,0,0.3,True,False,False,7.792031021678297,3.618859065323795,0.3015609770940699
v3_sc2_staging_00,L2,0,1,0.3,True,False,False,8.740559159102155,3.4777506206397604,0.3015609770940699
v3_sc2_staging_00,L2,0,2,0.3,True,False,False,3.926955262170048,4.173863498220718,2.656342820417326
v3_sc2_staging_00,L2,0,3,0.3,True,False,False,3.3242640687119294,4.749761899362675,1.8048861143232222
v3_sc2_staging_00,L2,0,4,0.3,True,False,False,5.929898987322334,0.46176920308356717,2.632091952673165
v3_sc2_staging_00,L2,0,5,0.3,True,False,False,4.132842712474619,4.470412457734268,1.7638462845343543
v3_sc2_staging_00,L2,0,6,0.3,True,False,False,7.214823227814086,0.46176920308356717,2.0004999500099974
v3_sc2_staging_00,L2,0,7,0.3,True,False,False,7.533452377915608,4.25,0.3500000000000001
v3_sc2_staging_00,L2,0,8,0.3,True,False,False,3.0662950903902253,4.210095540432275,2.759601202601324
v3_sc2_staging_00,L2,0,9,0.3,True,False,False,9.159797974644666,3.4458839313897722,0.3015609770940699
v3_sc2_staging_00,L2,0,10,0.3,True,False,False,3.0500000000000003,3.3616706229299256,3.4131189606246317
v3_sc2_staging_00,L2,0,11,0.3,True,False,False,4.902691193458118,3.6967249135486595,1.1101242188104619
v3_sc2_staging_00,L2,0,12,0.3,True,False,False,9.006244584051393,3.7994185653411323,0.3015609770940699
v3_sc2_staging_00,L2,0,13,0.3,True,False,False,3.9414213562373095,4.93323108288245,1.25
v3_sc2_staging_00,L2,0,14,0.3,True,False,False,7.623401871576772,3.2336309405188945,0.3015609770940699
v3_sc2_staging_00,L2,0,15,0.3,True,False,False,10.104163056034261,3.6500000000000004,0.3015609770940699
v3_sc2_staging_00,L2,0,16,0.3,True,False,False,7.466295090390225,4.013590588434002,0.3015609770940699
v3_sc2_staging_00,L2,0,17,0.3,True,False,False,8.126955262170048,0.41923881554251174,1.5718349355100663
v3_sc2_staging_00,L2,0,18,0.3,True,False,False,4.414213562373095,0.46176920308356717,3.830415684434925
v3_sc2_staging_00,L2,0,19,0.3,True,False,False,5.462741699796953,0.46176920308356717,3.1554753452868485
v3_sc2_staging_00,L2,0,0,0.4,False,False,False,nan,nan,nan
v3_sc2_staging_00,L2,0,1,0.4,False,False,False,nan,nan,nan
v3_sc2_staging_00,L2,0,2,0.4,True,False,False,3.926955262170048,4.173863498220718,2.656342820417326
v3_sc2_staging_00,L2,0,3,0.4,True,False,False,3.3242640687119294,4.749761899362675,1.8048861143232222
v3_sc2_staging_00,L2,0,4,0.4,True,False,False,5.929898987322334,0.46176920308356717,2.632091952673165
v3_sc2_staging_00,L2,0,5,0.4,True,False,False,4.132842712474619,4.470412457734268,1.7638462845343543
v3_sc2_staging_00,L2,0,6,0.4,True,False,False,7.214823227814086,0.46176920308356717,2.0004999500099974
v3_sc2_staging_00,L2,0,7,0.4,False,False,False,nan,nan,nan
v3_sc2_staging_00,L2,0,8,0.4,True,False,False,3.0662950903902253,4.210095540432275,2.759601202601324
v3_sc2_staging_00,L2,0,9,0.4,False,False,False,nan,nan,nan
v3_sc2_staging_00,L2,0,10,0.4,True,False,False,3.0500000000000003,3.3616706229299256,3.4131189606246317
v3_sc2_staging_00,L2,0,11,0.4,True,False,False,4.902691193458118,3.6967249135486595,1.1101242188104619
v3_sc2_staging_00,L2,0,12,0.4,False,False,False,nan,nan,nan
v3_sc2_staging_00,L2,0,13,0.4,True,False,False,3.9414213562373095,4.93323108288245,1.25
v3_sc2_staging_00,L2,0,14,0.4,False,False,False,nan,nan,nan
v3_sc2_staging_00,L2,0,15,0.4,False,False,False,nan,nan,nan
v3_sc2_staging_00,L2,0,16,0.4,False,False,False,nan,nan,nan
v3_sc2_staging_00,L2,0,17,0.4,True,False,False,8.126955262170048,0.41923881554251174,1.5718349355100663
v3_sc2_staging_00,L2,0,18,0.4,True,False,False,4.414213562373095,0.46176920308356717,3.830415684434925
v3_sc2_staging_00,L2,0,19,0.4,True,False,False,5.462741699796953,0.46176920308356717,3.1554753452868485
v3_sc2_staging_00,L2,0,0,0.5,False,False,False,nan,nan,nan
v3_sc2_staging_00,L2,0,1,0.5,False,False,False,nan,nan,nan
v3_sc2_staging_00,L2,0,2,0.5,True,False,False,3.926955262170048,4.173863498220718,2.656342820417326
v3_sc2_staging_00,L2,0,3,0.5,True,False,False,3.3242640687119294,4.749761899362675,1.8048861143232222
v3_sc2_staging_00,L2,0,4,0.5,False,False,False,nan,nan,nan
v3_sc2_staging_00,L2,0,5,0.5,True,False,False,4.132842712474619,4.470412457734268,1.7638462845343543
v3_sc2_staging_00,L2,0,6,0.5,False,False,False,nan,nan,nan
v3_sc2_staging_00,L2,0,7,0.5,False,False,False,nan,nan,nan
v3_sc2_staging_00,L2,0,8,0.5,True,False,False,3.0662950903902253,4.210095540432275,2.759601202601324
v3_sc2_staging_00,L2,0,9,0.5,False,False,False,nan,nan,nan
v3_sc2_staging_00,L2,0,10,0.5,True,False,False,3.0500000000000003,3.3616706229299256,3.4131189606246317
v3_sc2_staging_00,L2,0,11,0.5,True,False,False,4.902691193458118,3.6967249135486595,1.1101242188104619
v3_sc2_staging_00,L2,0,12,0.5,False,False,False,nan,nan,nan
v3_sc2_staging_00,L2,0,13,0.5,True,False,False,3.9414213562373095,4.93323108288245,1.25
v3_sc2_staging_00,L2,0,14,0.5,False,False,False,nan,nan,nan
v3_sc2_staging_00,L2,0,15,0.5,False,False,False,nan,nan,nan
v3_sc2_staging_00,L2,0,16,0.5,False,False,False,nan,nan,nan
v3_sc2_staging_00,L2,0,17,0.5,False,False,False,nan,nan,nan
v3_sc2_staging_00,L2,0,18,0.5,False,False,False,nan,nan,nan
v3_sc2_staging_00,L2,0,19,0.5,False,False,False,nan,nan,nan
v3_sc2_staging_00,L2,0,0,0.6,False,False,False,nan,nan,nan
v3_sc2_staging_00,L2,0,1,0.6,False,False,False,nan,nan,nan
v3_sc2_staging_00,L2,0,2,0.6,True,False,False,3.926955262170048,4.173863498220718,2.656342820417326
v3_sc2_staging_00,L2,0,3,0.6,True,False,False,3.3242640687119294,4.749761899362675,1.8048861143232222
v3_sc2_staging_00,L2,0,4,0.6,False,False,False,nan,nan,nan
v3_sc2_staging_00,L2,0,5,0.6,True,False,False,4.132842712474619,4.470412457734268,1.7638462845343543
v3_sc2_staging_00,L2,0,6,0.6,False,False,False,nan,nan,nan
v3_sc2_staging_00,L2,0,7,0.6,False,False,False,nan,nan,nan
v3_sc2_staging_00,L2,0,8,0.6,True,False,False,3.0662950903902253,4.210095540432275,2.759601202601324
v3_sc2_staging_00,L2,0,9,0.6,False,False,False,nan,nan,nan
v3_sc2_staging_00,L2,0,10,0.6,True,False,False,3.0500000000000003,3.3616706229299256,3.4131189606246317
v3_sc2_staging_00,L2,0,11,0.6,True,False,False,4.902691193458118,3.6967249135486595,1.1101242188104619
v3_sc2_staging_00,L2,0,12,0.6,False,False,False,nan,nan,nan
v3_sc2_staging_00,L2,0,13,0.6,True,False,False,3.9414213562373095,4.93323108288245,1.25
v3_sc2_staging_00,L2,0,14,0.6,False,False,False,nan,nan,nan
v3_sc2_staging_00,L2,0,15,0.6,False,False,False,nan,nan,nan
v3_sc2_staging_00,L2,0,16,0.6,False,False,False,nan,nan,nan
v3_sc2_staging_00,L2,0,17,0.6,False,False,False,nan,nan,nan
v3_sc2_staging_00,L2,0,18,0.6,False,False,False,nan,nan,nan
v3_sc2_staging_00,L2,0,19,0.6,False,False,False,nan,nan,nan
v3_sc2_staging_00,L2,0,0,0.8,False,False,False,nan,nan,nan
v3_sc2_staging_00,L2,0,1,0.8,False,False,False,nan,nan,nan
v3_sc2_staging_00,L2,0,2,0.8,True,False,False,3.926955262170048,4.173863498220718,2.656342820417326
v3_sc2_staging_00,L2,0,3,0.8,True,False,False,3.3242640687119294,4.749761899362675,1.8048861143232222
v3_sc2_staging_00,L2,0,4,0.8,False,False,False,nan,nan,nan
v3_sc2_staging_00,L2,0,5,0.8,True,False,False,4.132842712474619,4.470412457734268,1.7638462845343543
v3_sc2_staging_00,L2,0,6,0.8,False,False,False,nan,nan,nan
v3_sc2_staging_00,L2,0,7,0.8,False,False,False,nan,nan,nan
v3_sc2_staging_00,L2,0,8,0.8,True,False,False,3.0662950903902253,4.210095540432275,2.759601202601324
v3_sc2_staging_00,L2,0,9,0.8,False,False,False,nan,nan,nan
v3_sc2_staging_00,L2,0,10,0.8,True,False,False,3.0500000000000003,3.3616706229299256,3.4131189606246317
v3_sc2_staging_00,L2,0,11,0.8,True,False,False,4.902691193458118,3.6967249135486595,1.1101242188104619
v3_sc2_staging_00,L2,0,12,0.8,False,False,False,nan,nan,nan
v3_sc2_staging_00,L2,0,13,0.8,True,False,False,3.9414213562373095,4.93323108288245,1.25
v3_sc2_staging_00,L2,0,14,0.8,False,False,False,nan,nan,nan
v3_sc2_staging_00,L2,0,15,0.8,False,False,False,nan,nan,nan
v3_sc2_staging_00,L2,0,16,0.8,False,False,False,nan,nan,nan
v3_sc2_staging_00,L2,0,17,0.8,False,False,False,nan,nan,nan
v3_sc2_staging_00,L2,0,18,0.8,False,False,False,nan,nan,nan
v3_sc2_staging_00,L2,0,19,0.8,False,False,False,nan,nan,nan
v3_sc2_staging_00,L2,0,0,1.0,False,False,False,nan,nan,nan
v3_sc2_staging_00,L2,0,1,1.0,False,False,False,nan,nan,nan
v3_sc2_staging_00,L2,0,2,1.0,True,False,False,3.926955262170048,4.173863498220718,2.656342820417326
v3_sc2_staging_00,L2,0,3,1.0,True,False,False,3.3242640687119294,4.749761899362675,1.8048861143232222
v3_sc2_staging_00,L2,0,4,1.0,False,False,False,nan,nan,nan
v3_sc2_staging_00,L2,0,5,1.0,True,False,False,4.132842712474619,4.470412457734268,1.7638462845343543
v3_sc2_staging_00,L2,0,6,1.0,False,False,False,nan,nan,nan
v3_sc2_staging_00,L2,0,7,1.0,False,False,False,nan,nan,nan
v3_sc2_staging_00,L2,0,8,1.0,True,False,False,3.0662950903902253,4.210095540432275,2.759601202601324
v3_sc2_staging_00,L2,0,9,1.0,False,False,False,nan,nan,nan
v3_sc2_staging_00,L2,0,10,1.0,True,False,False,3.0500000000000003,3.3616706229299256,3.4131189606246317
v3_sc2_staging_00,L2,0,11,1.0,True,False,False,4.902691193458118,3.6967249135486595,1.1101242188104619
v3_sc2_staging_00,L2,0,12,1.0,False,False,False,nan,nan,nan
v3_sc2_staging_00,L2,0,13,1.0,True,False,False,3.9414213562373095,4.93323108288245,1.25
v3_sc2_staging_00,L2,0,14,1.0,False,False,False,nan,nan,nan
v3_sc2_staging_00,L2,0,15,1.0,False,False,False,nan,nan,nan
v3_sc2_staging_00,L2,0,16,1.0,False,False,False,nan,nan,nan
v3_sc2_staging_00,L2,0,17,1.0,False,False,False,nan,nan,nan
v3_sc2_staging_00,L2,0,18,1.0,False,False,False,nan,nan,nan
v3_sc2_staging_00,L2,0,19,1.0,False,False,False,nan,nan,nan
v3_sc2_staging_00,L2,0,0,1.25,False,False,False,nan,nan,nan
v3_sc2_staging_00,L2,0,1,1.25,False,False,False,nan,nan,nan
v3_sc2_staging_00,L2,0,2,1.25,True,False,False,3.926955262170048,4.173863498220718,2.656342820417326
v3_sc2_staging_00,L2,0,3,1.25,True,False,False,3.3242640687119294,4.749761899362675,1.8048861143232222
v3_sc2_staging_00,L2,0,4,1.25,False,False,False,nan,nan,nan
v3_sc2_staging_00,L2,0,5,1.25,True,False,False,4.132842712474619,4.470412457734268,1.7638462845343543
v3_sc2_staging_00,L2,0,6,1.25,False,False,False,nan,nan,nan
v3_sc2_staging_00,L2,0,7,1.25,False,False,False,nan,nan,nan
v3_sc2_staging_00,L2,0,8,1.25,True,False,False,3.0662950903902253,4.210095540432275,2.759601202601324
v3_sc2_staging_00,L2,0,9,1.25,False,False,False,nan,nan,nan
v3_sc2_staging_00,L2,0,10,1.25,True,False,False,3.0500000000000003,3.3616706229299256,3.4131189606246317
v3_sc2_staging_00,L2,0,11,1.25,True,False,False,4.902691193458118,3.6967249135486595,1.2613914953808536
v3_sc2_staging_00,L2,0,12,1.25,False,False,False,nan,nan,nan
v3_sc2_staging_00,L2,0,13,1.25,True,False,False,3.9414213562373095,4.93323108288245,1.284656829757475
v3_sc2_staging_00,L2,0,14,1.25,False,False,False,nan,nan,nan
v3_sc2_staging_00,L2,0,15,1.25,False,False,False,nan,nan,nan
v3_sc2_staging_00,L2,0,16,1.25,False,False,False,nan,nan,nan
v3_sc2_staging_00,L2,0,17,1.25,False,False,False,nan,nan,nan
v3_sc2_staging_00,L2,0,18,1.25,False,False,False,nan,nan,nan
v3_sc2_staging_00,L2,0,19,1.25,False,False,False,nan,nan,nan
v3_sc2_staging_00,L2,0,0,1.5,False,False,False,nan,nan,nan
v3_sc2_staging_00,L2,0,1,1.5,False,False,False,nan,nan,nan
v3_sc2_staging_00,L2,0,2,1.5,True,False,False,3.926955262170048,4.173863498220718,2.656342820417326
v3_sc2_staging_00,L2,0,3,1.5,True,False,False,3.3242640687119294,4.749761899362675,1.8048861143232222
v3_sc2_staging_00,L2,0,4,1.5,False,False,False,nan,nan,nan
v3_sc2_staging_00,L2,0,5,1.5,True,False,False,4.132842712474619,4.470412457734268,1.7638462845343543
v3_sc2_staging_00,L2,0,6,1.5,False,False,False,nan,nan,nan
v3_sc2_staging_00,L2,0,7,1.5,False,False,False,nan,nan,nan
v3_sc2_staging_00,L2,0,8,1.5,True,False,False,3.0662950903902253,4.210095540432275,2.759601202601324
v3_sc2_staging_00,L2,0,9,1.5,False,False,False,nan,nan,nan
v3_sc2_staging_00,L2,0,10,1.5,True,False,False,3.0500000000000003,3.3616706229299256,3.4131189606246317
v3_sc2_staging_00,L2,0,11,1.5,True,False,False,4.902691193458119,3.6967249135486595,1.50124960961895
v3_sc2_staging_00,L2,0,12,1.5,False,False,False,nan,nan,nan
v3_sc2_staging_00,L2,0,13,1.5,False,False,False,nan,nan,nan
v3_sc2_staging_00,L2,0,14,1.5,False,False,False,nan,nan,nan
v3_sc2_staging_00,L2,0,15,1.5,False,False,False,nan,nan,nan
v3_sc2_staging_00,L2,0,16,1.5,False,False,False,nan,nan,nan
v3_sc2_staging_00,L2,0,17,1.5,False,False,False,nan,nan,nan
v3_sc2_staging_00,L2,0,18,1.5,False,False,False,nan,nan,nan
v3_sc2_staging_00,L2,0,19,1.5,False,False,False,nan,nan,nan
v3_sc2_staging_00,L2,0,0,2.0,False,False,False,nan,nan,nan
v3_sc2_staging_00,L2,0,1,2.0,False,False,False,nan,nan,nan
v3_sc2_staging_00,L2,0,2,2.0,True,False,False,3.926955262170048,4.173863498220718,2.656342820417326
v3_sc2_staging_00,L2,0,3,2.0,True,False,False,3.3656854249492385,4.626402247190519,2.0004999500099974
v3_sc2_staging_00,L2,0,4,2.0,False,False,False,nan,nan,nan
v3_sc2_staging_00,L2,0,5,2.0,True,False,False,4.153553390593274,4.366210024238576,2.0004999500099974
v3_sc2_staging_00,L2,0,6,2.0,False,False,False,nan,nan,nan
v3_sc2_staging_00,L2,0,7,2.0,False,False,False,nan,nan,nan
v3_sc2_staging_00,L2,0,8,2.0,True,False,False,3.0662950903902253,4.210095540432275,2.759601202601324
v3_sc2_staging_00,L2,0,9,2.0,False,False,False,nan,nan,nan
v3_sc2_staging_00,L2,0,10,2.0,True,False,False,3.0500000000000003,3.3616706229299256,3.4131189606246317
v3_sc2_staging_00,L2,0,11,2.0,True,False,False,5.097665940288703,3.5697051490249265,2.0004999500099974
v3_sc2_staging_00,L2,0,12,2.0,False,False,False,nan,nan,nan
v3_sc2_staging_00,L2,0,13,2.0,False,False,False,nan,nan,nan
v3_sc2_staging_00,L2,0,14,2.0,False,False,False,nan,nan,nan
v3_sc2_staging_00,L2,0,15,2.0,False,False,False,nan,nan,nan
v3_sc2_staging_00,L2,0,16,2.0,False,False,False,nan,nan,nan
v3_sc2_staging_00,L2,0,17,2.0,False,False,False,nan,nan,nan
v3_sc2_staging_00,L2,0,18,2.0,False,False,False,nan,nan,nan
v3_sc2_staging_00,L2,0,19,2.0,False,False,False,nan,nan,nan
v3_sc2_staging_00,L2,1,0,0.0,True,True,False,7.259188309203679,3.628256290493603,0.002493781056044475
v3_sc2_staging_00,L2,1,1,0.0,True,True,False,8.145584412271573,3.465476011779671,0.002493781056044475
v3_sc2_staging_00,L2,1,2,0.0,True,False,False,3.9562445840513925,4.173863498220718,2.6240998703626617
v3_sc2_staging_00,L2,1,3,0.0,True,False,False,3.3242640687119294,4.749761899362675,1.8086792761230392
v3_sc2_staging_00,L2,1,4,0.0,True,False,False,5.829898987322334,0.46176920308356717,2.6468237955119127
v3_sc2_staging_00,L2,1,5,0.0,True,False,False,4.153553390593274,4.415536593292741,1.9520399670478459
v3_sc2_staging_00,L2,1,6,0.0,True,False,False,7.114823227814085,0.46176920308356717,2.010975905897944
v3_sc2_staging_00,L2,1,7,0.0,True,False,False,7.524873734152917,4.14811789867684,0.20000000000000007
v3_sc2_staging_00,L2,1,8,0.0,True,False,False,3.0370057685088803,4.210095540432275,2.7927951652053915
v3_sc2_staging_00,L2,1,9,0.0,True,True,False,8.656244584051393,3.453795644693843,0.002493781056044475
v3_sc2_staging_00,L2,1,10,0.0,True,False,False,3.0500000000000003,3.4080046059338267,3.404484601070928
v3_sc2_staging_00,L2,1,11,0.0,True,False,False,4.881980515339464,3.732316150761897,1.1101242188104619
v3_sc2_staging_00,L2,1,12,0.0,True,True,False,8.50269119345812,3.8072613108563544,0.002493781056044475
v3_sc2_staging_00,L2,1,13,0.0,True,False,False,3.9207106781186547,4.982928049865327,1.25
v3_sc2_staging_00,L2,1,14,0.0,True,True,False,7.140559159102158,3.240655022853618,0.002493781056044475
v3_sc2_staging_00,L2,1,15,0.0,True,True,False,9.500609665440988,3.6500000000000004,0.002493781056044475
v3_sc2_staging_00,L2,1,16,0.0,True,False,False,7.279898987322333,3.868352092036538,0.002493781056044475
v3_sc2_staging_00,L2,1,17,0.0,True,False,False,8.006244584051393,0.42195444572928875,1.5796634343085425
v3_sc2_staging_00,L2,1,18,0.0,True,False,False,4.272792206135786,0.46176920308356717,3.860045871318328
v3_sc2_staging_00,L2,1,19,0.0,True,False,False,5.350609665440988,0.46176920308356717,3.187817782917155
v3_sc2_staging_00,L2,1,0,0.1,True,False,False,7.35918830920368,3.628256290493603,0.10000000000000009
v3_sc2_staging_00,L2,1,1,0.1,True,False,False,8.24558441227157,3.465476011779671,0.10000000000000009
v3_sc2_staging_00,L2,1,2,0.1,True,False,False,3.9562445840513925,4.173863498220718,2.6240998703626617
v3_sc2_staging_00,L2,1,3,0.1,True,False,False,3.3242640687119294,4.749761899362675,1.8086792761230392
v3_sc2_staging_00,L2,1,4,0.1,True,False,False,5.829898987322334,0.46176920308356717,2.6468237955119127
v3_sc2_staging_00,L2,1,5,0.1,True,False,False,4.153553390593274,4.415536593292741,1.9520399670478459
v3_sc2_staging_00,L2,1,6,0.1,True,False,False,7.114823227814085,0.46176920308356717,2.010975905897944
v3_sc2_staging_00,L2,1,7,0.1,True,False,False,7.524873734152917,4.14811789867684,0.20000000000000007
v3_sc2_staging_00,L2,1,8,0.1,True,False,False,3.0370057685088803,4.210095540432275,2.7927951652053915
v3_sc2_staging_00,L2,1,9,0.1,True,False,False,8.756244584051393,3.453795644693843,0.10000000000000009
v3_sc2_staging_00,L2,1,10,0.1,True,False,False,3.0500000000000003,3.4080046059338267,3.404484601070928
v3_sc2_staging_00,L2,1,11,0.1,True,False,False,4.881980515339464,3.732316150761897,1.1101242188104619
v3_sc2_staging_00,L2,1,12,0.1,True,False,False,8.602691193458119,3.8072613108563544,0.10000000000000009
v3_sc2_staging_00,L2,1,13,0.1,True,False,False,3.9207106781186547,4.982928049865327,1.25
v3_sc2_staging_00,L2,1,14,0.1,True,False,False,7.240559159102159,3.240655022853618,0.10000000000000009
v3_sc2_staging_00,L2,1,15,0.1,True,False,False,9.600609665440988,3.6500000000000004,0.10000000000000009
v3_sc2_staging_00,L2,1,16,0.1,True,False,False,7.300609665440987,3.9181444068749043,0.10000000000000009
v3_sc2_staging_00,L2,1,17,0.1,True,False,False,8.006244584051393,0.42195444572928875,1.5796634343085425
v3_sc2_staging_00,L2,1,18,0.1,True,False,False,4.272792206135786,0.46176920308356717,3.860045871318328
v3_sc2_staging_00,L2,1,19,0.1,True,False,False,5.350609665440988,0.46176920308356717,3.187817782917155
v3_sc2_staging_00,L2,1,0,0.2,True,False,False,7.5298989873223325,3.628256290493603,0.20000000000000007
v3_sc2_staging_00,L2,1,1,0.2,True,False,False,8.416295090390227,3.465476011779671,0.20000000000000007
v3_sc2_staging_00,L2,1,2,0.2,True,False,False,3.9562445840513925,4.173863498220718,2.6240998703626617
v3_sc2_staging_00,L2,1,3,0.2,True,False,False,3.3242640687119294,4.749761899362675,1.8086792761230392
v3_sc2_staging_00,L2,1,4,0.2,True,False,False,5.829898987322334,0.46176920308356717,2.6468237955119127
v3_sc2_staging_00,L2,1,5,0.2,True,False,False,4.153553390593274,4.415536593292741,1.9520399670478459
v3_sc2_staging_00,L2,1,6,0.2,True,False,False,7.114823227814085,0.46176920308356717,2.010975905897944
v3_sc2_staging_00,L2,1,7,0.2,True,False,False,7.524873734152917,4.14811789867684,0.20000000000000007
v3_sc2_staging_00,L2,1,8,0.2,True,False,False,3.0370057685088803,4.210095540432275,2.7927951652053915
v3_sc2_staging_00,L2,1,9,0.2,True,False,False,8.926955262170045,3.453795644693843,0.20000000000000007
v3_sc2_staging_00,L2,1,10,0.2,True,False,False,3.0500000000000003,3.4080046059338267,3.404484601070928
v3_sc2_staging_00,L2,1,11,0.2,True,False,False,4.881980515339464,3.732316150761897,1.1101242188104619
v3_sc2_staging_00,L2,1,12,0.2,True,False,False,8.773401871576771,3.8072613108563544,0.20000000000000007
v3_sc2_staging_00,L2,1,13,0.2,True,False,False,3.9207106781186547,4.982928049865327,1.25
v3_sc2_staging_00,L2,1,14,0.2,True,False,False,7.411269837220809,3.240655022853618,0.20000000000000007
v3_sc2_staging_00,L2,1,15,0.2,True,False,False,9.771320343559644,3.6500000000000004,0.20000000000000007
v3_sc2_staging_00,L2,1,16,0.2,True,False,False,7.342031021678299,4.017742799230607,0.20000000000000007
v3_sc2_staging_00,L2,1,17,0.2,True,False,False,8.006244584051393,0.42195444572928875,1.5796634343085425
v3_sc2_staging_00,L2,1,18,0.2,True,False,False,4.272792206135786,0.46176920308356717,3.860045871318328
v3_sc2_staging_00,L2,1,19,0.2,True,False,False,5.350609665440988,0.46176920308356717,3.187817782917155
v3_sc2_staging_00,L2,1,0,0.3,True,False,False,7.742031021678297,3.628256290493603,0.3015609770940699
v3_sc2_staging_00,L2,1,1,0.3,True,False,False,8.71126983722081,3.465476011779671,0.3015609770940699
v3_sc2_staging_00,L2,1,2,0.3,True,False,False,3.9562445840513925,4.173863498220718,2.6240998703626617
v3_sc2_staging_00,L2,1,3,0.3,True,False,False,3.3242640687119294,4.749761899362675,1.8086792761230392
v3_sc2_staging_00,L2,1,4,0.3,True,False,False,5.829898987322334,0.46176920308356717,2.6468237955119127
v3_sc2_staging_00,L2,1,5,0.3,True,False,False,4.153553390593274,4.415536593292741,1.9520399670478459
v3_sc2_staging_00,L2,1,6,0.3,True,False,False,7.114823227814085,0.46176920308356717,2.010975905897944
v3_sc2_staging_00,L2,1,7,0.3,True,False,False,7.524873734152917,4.2502631506054485,0.3500000000000001
v3_sc2_staging_00,L2,1,8,0.3,True,False,False,3.0370057685088803,4.210095540432275,2.7927951652053915
v3_sc2_staging_00,L2,1,9,0.3,True,False,False,9.139087296526013,3.453795644693843,0.3015609770940699
v3_sc2_staging_00,L2,1,10,0.3,True,False,False,3.0500000000000003,3.4080046059338267,3.404484601070928
v3_sc2_staging_00,L2,1,11,0.3,True,False,False,4.881980515339464,3.732316150761897,1.1101242188104619
v3_sc2_staging_00,L2,1,12,0.3,True,False,False,8.985533905932739,3.8072613108563544,0.3015609770940699
v3_sc2_staging_00,L2,1,13,0.3,True,False,False,3.9207106781186547,4.982928049865327,1.25
v3_sc2_staging_00,L2,1,14,0.3,True,False,False,7.623401871576772,3.240655022853618,0.3015609770940699
v3_sc2_staging_00,L2,1,15,0.3,True,False,False,10.045584412271573,3.6500000000000004,0.3015609770940699
v3_sc2_staging_00,L2,1,16,0.3,True,False,False,7.466295090390226,4.017742799230607,0.3015609770940699
v3_sc2_staging_00,L2,1,17,0.3,True,False,False,8.006244584051393,0.42195444572928875,1.5796634343085425
v3_sc2_staging_00,L2,1,18,0.3,True,False,False,4.272792206135786,0.46176920308356717,3.860045871318328
v3_sc2_staging_00,L2,1,19,0.3,True,False,False,5.350609665440988,0.46176920308356717,3.187817782917155
v3_sc2_staging_00,L2,1,0,0.4,False,False,False,nan,nan,nan
v3_sc2_staging_00,L2,1,1,0.4,False,False,False,nan,nan,nan
v3_sc2_staging_00,L2,1,2,0.4,True,False,False,3.9562445840513925,4.173863498220718,2.6240998703626617
v3_sc2_staging_00,L2,1,3,0.4,True,False,False,3.3242640687119294,4.749761899362675,1.8086792761230392
v3_sc2_staging_00,L2,1,4,0.4,True,False,False,5.829898987322334,0.46176920308356717,2.6468237955119127
v3_sc2_staging_00,L2,1,5,0.4,True,False,False,4.153553390593274,4.415536593292741,1.9520399670478459
v3_sc2_staging_00,L2,1,6,0.4,True,False,False,7.114823227814085,0.46176920308356717,2.010975905897944
v3_sc2_staging_00,L2,1,7,0.4,False,False,False,nan,nan,nan
v3_sc2_staging_00,L2,1,8,0.4,True,False,False,3.0370057685088803,4.210095540432275,2.7927951652053915
v3_sc2_staging_00,L2,1,9,0.4,False,False,False,nan,nan,nan
v3_sc2_staging_00,L2,1,10,0.4,True,False,False,3.0500000000000003,3.4080046059338267,3.404484601070928
v3_sc2_staging_00,L2,1,11,0.4,True,False,False,4.881980515339464,3.732316150761897,1.1101242188104619
v3_sc2_staging_00,L2,1,12,0.4,False,False,False,nan,nan,nan
v3_sc2_staging_00,L2,1,13,0.4,True,False,False,3.9207106781186547,4.982928049865327,1.25
v3_sc2_staging_00,L2,1,14,0.4,False,False,False,nan,nan,nan
v3_sc2_staging_00,L2,1,15,0.4,False,False,False,nan,nan,nan
v3_sc2_staging_00,L2,1,16,0.4,False,False,False,nan,nan,nan
v3_sc2_staging_00,L2,1,17,0.4,True,False,False,8.006244584051393,0.42195444572928875,1.5796634343085425
v3_sc2_staging_00,L2,1,18,0.4,True,False,False,4.272792206135786,0.46176920308356717,3.860045871318328
v3_sc2_staging_00,L2,1,19,0.4,True,False,False,5.350609665440988,0.46176920308356717,3.187817782917155
v3_sc2_staging_00,L2,1,0,0.5,False,False,False,nan,nan,nan
v3_sc2_staging_00,L2,1,1,0.5,False,False,False,nan,nan,nan
v3_sc2_staging_00,L2,1,2,0.5,True,False,False,3.9562445840513925,4.173863498220718,2.6240998703626617
v3_sc2_staging_00,L2,1,3,0.5,True,False,False,3.3242640687119294,4.749761899362675,1.8086792761230392
v3_sc2_staging_00,L2,1,4,0.5,False,False,False,nan,nan,nan
v3_sc2_staging_00,L2,1,5,0.5,True,False,False,4.153553390593274,4.415536593292741,1.9520399670478459
v3_sc2_staging_00,L2,1,6,0.5,False,False,False,nan,nan,nan
v3_sc2_staging_00,L2,1,7,0.5,False,False,False,nan,nan,nan
v3_sc2_staging_00,L2,1,8,0.5,True,False,False,3.0370057685088803,4.210095540432275,2.7927951652053915
v3_sc2_staging_00,L2,1,9,0.5,False,False,False,nan,nan,nan
v3_sc2_staging_00,L2,1,10,0.5,True,False,False,3.0500000000000003,3.4080046059338267,3.404484601070928
v3_sc2_staging_00,L2,1,11,0.5,True,False,False,4.881980515339464,3.732316150761897,1.1101242188104619
v3_sc2_staging_00,L2,1,12,0.5,False,False,False,nan,nan,nan
v3_sc2_staging_00,L2,1,13,0.5,True,False,False,3.9207106781186547,4.982928049865327,1.25
v3_sc2_staging_00,L2,1,14,0.5,False,False,False,nan,nan,nan
v3_sc2_staging_00,L2,1,15,0.5,False,False,False,nan,nan,nan
v3_sc2_staging_00,L2,1,16,0.5,False,False,False,nan,nan,nan
v3_sc2_staging_00,L2,1,17,0.5,False,False,False,nan,nan,nan
v3_sc2_staging_00,L2,1,18,0.5,False,False,False,nan,nan,nan
v3_sc2_staging_00,L2,1,19,0.5,False,False,False,nan,nan,nan
v3_sc2_staging_00,L2,1,0,0.6,False,False,False,nan,nan,nan
v3_sc2_staging_00,L2,1,1,0.6,False,False,False,nan,nan,nan
v3_sc2_staging_00,L2,1,2,0.6,True,False,False,3.9562445840513925,4.173863498220718,2.6240998703626617
v3_sc2_staging_00,L2,1,3,0.6,True,False,False,3.3242640687119294,4.749761899362675,1.8086792761230392
v3_sc2_staging_00,L2,1,4,0.6,False,False,False,nan,nan,nan
v3_sc2_staging_00,L2,1,5,0.6,True,False,False,4.153553390593274,4.415536593292741,1.9520399670478459
v3_sc2_staging_00,L2,1,6,0.6,False,False,False,nan,nan,nan
v3_sc2_staging_00,L2,1,7,0.6,False,False,False,nan,nan,nan
v3_sc2_staging_00,L2,1,8,0.6,True,False,False,3.0370057685088803,4.210095540432275,2.7927951652053915
v3_sc2_staging_00,L2,1,9,0.6,False,False,False,nan,nan,nan
v3_sc2_staging_00,L2,1,10,0.6,True,False,False,3.0500000000000003,3.4080046059338267,3.404484601070928
v3_sc2_staging_00,L2,1,11,0.6,True,False,False,4.881980515339464,3.732316150761897,1.1101242188104619
v3_sc2_staging_00,L2,1,12,0.6,False,False,False,nan,nan,nan
v3_sc2_staging_00,L2,1,13,0.6,True,False,False,3.9207106781186547,4.982928049865327,1.25
v3_sc2_staging_00,L2,1,14,0.6,False,False,False,nan,nan,nan
v3_sc2_staging_00,L2,1,15,0.6,False,False,False,nan,nan,nan
v3_sc2_staging_00,L2,1,16,0.6,False,False,False,nan,nan,nan
v3_sc2_staging_00,L2,1,17,0.6,False,False,False,nan,nan,nan
v3_sc2_staging_00,L2,1,18,0.6,False,False,False,nan,nan,nan
v3_sc2_staging_00,L2,1,19,0.6,False,False,False,nan,nan,nan
v3_sc2_staging_00,L2,1,0,0.8,False,False,False,nan,nan,nan
v3_sc2_staging_00,L2,1,1,0.8,False,False,False,nan,nan,nan
v3_sc2_staging_00,L2,1,2,0.8,True,False,False,3.9562445840513925,4.173863498220718,2.6240998703626617
v3_sc2_staging_00,L2,1,3,0.8,True,False,False,3.3242640687119294,4.749761899362675,1.8086792761230392
v3_sc2_staging_00,L2,1,4,0.8,False,False,False,nan,nan,nan
v3_sc2_staging_00,L2,1,5,0.8,True,False,False,4.153553390593274,4.415536593292741,1.9520399670478459
v3_sc2_staging_00,L2,1,6,0.8,False,False,False,nan,nan,nan
v3_sc2_staging_00,L2,1,7,0.8,False,False,False,nan,nan,nan
v3_sc2_staging_00,L2,1,8,0.8,True,False,False,3.0370057685088803,4.210095540432275,2.7927951652053915
v3_sc2_staging_00,L2,1,9,0.8,False,False,False,nan,nan,nan
v3_sc2_staging_00,L2,1,10,0.8,True,False,False,3.0500000000000003,3.4080046059338267,3.404484601070928
v3_sc2_staging_00,L2,1,11,0.8,True,False,False,4.881980515339464,3.732316150761897,1.1101242188104619
v3_sc2_staging_00,L2,1,12,0.8,False,False,False,nan,nan,nan
v3_sc2_staging_00,L2,1,13,0.8,True,False,False,3.9207106781186547,4.982928049865327,1.25
v3_sc2_staging_00,L2,1,14,0.8,False,False,False,nan,nan,nan
v3_sc2_staging_00,L2,1,15,0.8,False,False,False,nan,nan,nan
v3_sc2_staging_00,L2,1,16,0.8,False,False,False,nan,nan,nan
v3_sc2_staging_00,L2,1,17,0.8,False,False,False,nan,nan,nan
v3_sc2_staging_00,L2,1,18,0.8,False,False,False,nan,nan,nan
v3_sc2_staging_00,L2,1,19,0.8,False,False,False,nan,nan,nan
v3_sc2_staging_00,L2,1,0,1.0,False,False,False,nan,nan,nan
v3_sc2_staging_00,L2,1,1,1.0,False,False,False,nan,nan,nan
v3_sc2_staging_00,L2,1,2,1.0,True,False,False,3.9562445840513925,4.173863498220718,2.6240998703626617
v3_sc2_staging_00,L2,1,3,1.0,True,False,False,3.3242640687119294,4.749761899362675,1.8086792761230392
v3_sc2_staging_00,L2,1,4,1.0,False,False,False,nan,nan,nan
v3_sc2_staging_00,L2,1,5,1.0,True,False,False,4.153553390593274,4.415536593292741,1.9520399670478459
v3_sc2_staging_00,L2,1,6,1.0,False,False,False,nan,nan,nan
v3_sc2_staging_00,L2,1,7,1.0,False,False,False,nan,nan,nan
v3_sc2_staging_00,L2,1,8,1.0,True,False,False,3.0370057685088803,4.210095540432275,2.7927951652053915
v3_sc2_staging_00,L2,1,9,1.0,False,False,False,nan,nan,nan
v3_sc2_staging_00,L2,1,10,1.0,True,False,False,3.0500000000000003,3.4080046059338267,3.404484601070928
v3_sc2_staging_00,L2,1,11,1.0,True,False,False,4.881980515339464,3.732316150761897,1.1101242188104619
v3_sc2_staging_00,L2,1,12,1.0,False,False,False,nan,nan,nan
v3_sc2_staging_00,L2,1,13,1.0,True,False,False,3.9207106781186547,4.982928049865327,1.25
v3_sc2_staging_00,L2,1,14,1.0,False,False,False,nan,nan,nan
v3_sc2_staging_00,L2,1,15,1.0,False,False,False,nan,nan,nan
v3_sc2_staging_00,L2,1,16,1.0,False,False,False,nan,nan,nan
v3_sc2_staging_00,L2,1,17,1.0,False,False,False,nan,nan,nan
v3_sc2_staging_00,L2,1,18,1.0,False,False,False,nan,nan,nan
v3_sc2_staging_00,L2,1,19,1.0,False,False,False,nan,nan,nan
v3_sc2_staging_00,L2,1,0,1.25,False,False,False,nan,nan,nan
v3_sc2_staging_00,L2,1,1,1.25,False,False,False,nan,nan,nan
v3_sc2_staging_00,L2,1,2,1.25,True,False,False,3.9562445840513925,4.173863498220718,2.6240998703626617
v3_sc2_staging_00,L2,1,3,1.25,True,False,False,3.3242640687119294,4.749761899362675,1.8086792761230392
v3_sc2_staging_00,L2,1,4,1.25,False,False,False,nan,nan,nan
v3_sc2_staging_00,L2,1,5,1.25,True,False,False,4.153553390593274,4.415536593292741,1.9520399670478459
v3_sc2_staging_00,L2,1,6,1.25,False,False,False,nan,nan,nan
v3_sc2_staging_00,L2,1,7,1.25,False,False,False,nan,nan,nan
v3_sc2_staging_00,L2,1,8,1.25,True,False,False,3.0370057685088803,4.210095540432275,2.7927951652053915
v3_sc2_staging_00,L2,1,9,1.25,False,False,False,nan,nan,nan
v3_sc2_staging_00,L2,1,10,1.25,True,False,False,3.0500000000000003,3.4080046059338267,3.404484601070928
v3_sc2_staging_00,L2,1,11,1.25,True,False,False,4.881980515339464,3.732316150761897,1.2613914953808536
v3_sc2_staging_00,L2,1,12,1.25,False,False,False,nan,nan,nan
v3_sc2_staging_00,L2,1,13,1.25,True,False,False,3.9207106781186547,4.982928049865327,1.284656829757475
v3_sc2_staging_00,L2,1,14,1.25,False,False,False,nan,nan,nan
v3_sc2_staging_00,L2,1,15,1.25,False,False,False,nan,nan,nan
v3_sc2_staging_00,L2,1,16,1.25,False,False,False,nan,nan,nan
v3_sc2_staging_00,L2,1,17,1.25,False,False,False,nan,nan,nan
v3_sc2_staging_00,L2,1,18,1.25,False,False,False,nan,nan,nan
v3_sc2_staging_00,L2,1,19,1.25,False,False,False,nan,nan,nan
v3_sc2_staging_00,L2,1,0,1.5,False,False,False,nan,nan,nan
v3_sc2_staging_00,L2,1,1,1.5,False,False,False,nan,nan,nan
v3_sc2_staging_00,L2,1,2,1.5,True,False,False,3.9562445840513925,4.173863498220718,2.6240998703626617
v3_sc2_staging_00,L2,1,3,1.5,True,False,False,3.3242640687119294,4.749761899362675,1.8086792761230392
v3_sc2_staging_00,L2,1,4,1.5,False,False,False,nan,nan,nan
v3_sc2_staging_00,L2,1,5,1.5,True,False,False,4.153553390593274,4.415536593292741,1.9520399670478459
v3_sc2_staging_00,L2,1,6,1.5,False,False,False,nan,nan,nan
v3_sc2_staging_00,L2,1,7,1.5,False,False,False,nan,nan,nan
v3_sc2_staging_00,L2,1,8,1.5,True,False,False,3.0370057685088803,4.210095540432275,2.7927951652053915
v3_sc2_staging_00,L2,1,9,1.5,False,False,False,nan,nan,nan
v3_sc2_staging_00,L2,1,10,1.5,True,False,False,3.0500000000000003,3.4080046059338267,3.404484601070928
v3_sc2_staging_00,L2,1,11,1.5,True,False,False,4.881980515339464,3.732316150761897,1.50124960961895
v3_sc2_staging_00,L2,1,12,1.5,False,False,False,nan,nan,nan
v3_sc2_staging_00,L2,1,13,1.5,False,False,False,nan,nan,nan
v3_sc2_staging_00,L2,1,14,1.5,False,False,False,nan,nan,nan
v3_sc2_staging_00,L2,1,15,1.5,False,False,False,nan,nan,nan
v3_sc2_staging_00,L2,1,16,1.5,False,False,False,nan,nan,nan
v3_sc2_staging_00,L2,1,17,1.5,False,False,False,nan,nan,nan
v3_sc2_staging_00,L2,1,18,1.5,False,False,False,nan,nan,nan
v3_sc2_staging_00,L2,1,19,1.5,False,False,False,nan,nan,nan
v3_sc2_staging_00,L2,1,0,2.0,False,False,False,nan,nan,nan
v3_sc2_staging_00,L2,1,1,2.0,False,False,False,nan,nan,nan
v3_sc2_staging_00,L2,1,2,2.0,True,False,False,3.9562445840513925,4.173863498220718,2.6240998703626617
v3_sc2_staging_00,L2,1,3,2.0,True,False,False,3.3656854249492385,4.626402247190519,2.0004999500099974
v3_sc2_staging_00,L2,1,4,2.0,False,False,False,nan,nan,nan
v3_sc2_staging_00,L2,1,5,2.0,True,False,False,4.1742640687119295,4.415536593292741,2.0004999500099974
v3_sc2_staging_00,L2,1,6,2.0,False,False,False,nan,nan,nan
v3_sc2_staging_00,L2,1,7,2.0,False,False,False,nan,nan,nan
v3_sc2_staging_00,L2,1,8,2.0,True,False,False,3.0370057685088803,4.210095540432275,2.7927951652053915
v3_sc2_staging_00,L2,1,9,2.0,False,False,False,nan,nan,nan
v3_sc2_staging_00,L2,1,10,2.0,True,False,False,3.0500000000000003,3.4080046059338267,3.404484601070928
v3_sc2_staging_00,L2,1,11,2.0,True,False,False,5.076955262170048,3.6100486615124154,2.0004999500099974
v3_sc2_staging_00,L2,1,12,2.0,False,False,False,nan,nan,nan
v3_sc2_staging_00,L2,1,13,2.0,False,False,False,nan,nan,nan
v3_sc2_staging_00,L2,1,14,2.0,False,False,False,nan,nan,nan
v3_sc2_staging_00,L2,1,15,2.0,False,False,False,nan,nan,nan
v3_sc2_staging_00,L2,1,16,2.0,False,False,False,nan,nan,nan
v3_sc2_staging_00,L2,1,17,2.0,False,False,False,nan,nan,nan
v3_sc2_staging_00,L2,1,18,2.0,False,False,False,nan,nan,nan
v3_sc2_staging_00,L2,1,19,2.0,False,False,False,nan,nan,nan
v3_sc2_staging_00,L2,2,0,0.0,True,False,False,7.267766952966369,3.628256290493603,0.002493781056044475
v3_sc2_staging_00,L2,2,1,0.0,True,False,False,8.195584412271572,3.453795644693843,0.002493781056044475
v3_sc2_staging_00,L2,2,2,0.0,True,False,False,3.985533905932738,4.051098768429443,2.6100643080167973
v3_sc2_staging_00,L2,2,3,0.0,True,False,False,3.3242640687119294,4.622987409705396,1.8086792761230392
v3_sc2_staging_00,L2,2,4,0.0,True,False,False,5.842031021678299,0.348528137423857,2.6622776601683795
v3_sc2_staging_00,L2,2,5,0.0,True,False,False,4.174264068711929,4.325453346577915,1.9046829312822098
v3_sc2_staging_00,L2,2,6,0.0,True,False,False,7.276955262170052,0.348528137423857,2.010975905897944
v3_sc2_staging_00,L2,2,7,0.0,True,False,False,7.566295090390227,4.14811789867684,0.25
v3_sc2_staging_00,L2,2,8,0.0,True,False,False,3.0077164466275352,4.09156835950419,2.788236609491477
v3_sc2_staging_00,L2,2,9,0.0,True,False,False,8.664823227814084,3.453795644693843,0.002493781056044475
v3_sc2_staging_00,L2,2,10,0.0,True,False,False,3.0500000000000003,3.352920969861697,3.396472763923803
v3_sc2_staging_00,L2,2,11,0.0,True,False,False,4.861269837220809,3.720189569201838,1.13783393541592
v3_sc2_staging_00,L2,2,12,0.0,True,False,False,8.51126983722081,3.8072613108563544,0.002493781056044475
v3_sc2_staging_00,L2,2,13,0.0,True,False,False,3.9000000000000004,4.889341332667658,1.25
v3_sc2_staging_00,L2,2,14,0.0,True,True,False,7.149137802864849,3.240655022853618,0.002493781056044475
v3_sc2_staging_00,L2,2,15,0.0,True,False,False,9.571320343559643,3.6003048667141817,0.002493781056044475
v3_sc2_staging_00,L2,2,16,0.0,True,False,False,7.300609665440987,3.8185645763378373,0.002493781056044475
v3_sc2_staging_00,L2,2,17,0.0,True,False,False,8.026955262170047,0.348528137423857,1.5796634343085425
v3_sc2_staging_00,L2,2,18,0.0,True,False,False,4.305634918610405,0.348528137423857,3.8011626335213142
v3_sc2_staging_00,L2,2,19,0.0,True,False,False,5.424873734152917,0.348528137423857,3.1458880948268284
v3_sc2_staging_00,L2,2,0,0.1,True,False,False,7.367766952966369,3.628256290493603,0.10000000000000009
v3_sc2_staging_00,L2,2,1,0.1,True,False,False,8.295584412271571,3.453795644693843,0.10000000000000009
v3_sc2_staging_00,L2,2,2,0.1,True,False,False,3.985533905932738,4.051098768429443,2.6100643080167973
v3_sc2_staging_00,L2,2,3,0.1,True,False,False,3.3242640687119294,4.622987409705396,1.8086792761230392
v3_sc2_staging_00,L2,2,4,0.1,True,False,False,5.842031021678299,0.348528137423857,2.6622776601683795
v3_sc2_staging_00,L2,2,5,0.1,True,False,False,4.174264068711929,4.325453346577915,1.9046829312822098
v3_sc2_staging_00,L2,2,6,0.1,True,False,False,7.276955262170052,0.348528137423857,2.010975905897944
v3_sc2_staging_00,L2,2,7,0.1,True,False,False,7.566295090390227,4.14811789867684,0.25
v3_sc2_staging_00,L2,2,8,0.1,True,False,False,3.0077164466275352,4.09156835950419,2.788236609491477
v3_sc2_staging_00,L2,2,9,0.1,True,False,False,8.764823227814084,3.453795644693843,0.10000000000000009
v3_sc2_staging_00,L2,2,10,0.1,True,False,False,3.0500000000000003,3.352920969861697,3.396472763923803
v3_sc2_staging_00,L2,2,11,0.1,True,False,False,4.861269837220809,3.720189569201838,1.13783393541592
v3_sc2_staging_00,L2,2,12,0.1,True,False,False,8.611269837220808,3.8072613108563544,0.10000000000000009
v3_sc2_staging_00,L2,2,13,0.1,True,False,False,3.9000000000000004,4.889341332667658,1.25
v3_sc2_staging_00,L2,2,14,0.1,True,False,False,7.249137802864846,3.240655022853618,0.10000000000000009
v3_sc2_staging_00,L2,2,15,0.1,True,False,False,9.671320343559643,3.6003048667141817,0.10000000000000009
v3_sc2_staging_00,L2,2,16,0.1,True,False,False,7.321320343559643,3.868352092036538,0.10000000000000009
v3_sc2_staging_00,L2,2,17,0.1,True,False,False,8.026955262170047,0.348528137423857,1.5796634343085425
v3_sc2_staging_00,L2,2,18,0.1,True,False,False,4.305634918610405,0.348528137423857,3.8011626335213142
v3_sc2_staging_00,L2,2,19,0.1,True,False,False,5.424873734152917,0.348528137423857,3.1458880948268284
v3_sc2_staging_00,L2,2,0,0.2,True,False,False,7.5384776310850246,3.628256290493603,0.20000000000000007
v3_sc2_staging_00,L2,2,1,0.2,True,False,False,8.466295090390227,3.453795644693843,0.20000000000000007
v3_sc2_staging_00,L2,2,2,0.2,True,False,False,3.985533905932738,4.051098768429443,2.6100643080167973
v3_sc2_staging_00,L2,2,3,0.2,True,False,False,3.3242640687119294,4.622987409705396,1.8086792761230392
v3_sc2_staging_00,L2,2,4,0.2,True,False,False,5.842031021678299,0.348528137423857,2.6622776601683795
v3_sc2_staging_00,L2,2,5,0.2,True,False,False,4.174264068711929,4.325453346577915,1.9046829312822098
v3_sc2_staging_00,L2,2,6,0.2,True,False,False,7.276955262170052,0.348528137423857,2.010975905897944
v3_sc2_staging_00,L2,2,7,0.2,True,False,False,7.566295090390227,4.14811789867684,0.25
v3_sc2_staging_00,L2,2,8,0.2,True,False,False,3.0077164466275352,4.09156835950419,2.788236609491477
v3_sc2_staging_00,L2,2,9,0.2,True,False,False,8.935533905932738,3.453795644693843,0.20000000000000007
v3_sc2_staging_00,L2,2,10,0.2,True,False,False,3.0500000000000003,3.352920969861697,3.396472763923803
v3_sc2_staging_00,L2,2,11,0.2,True,False,False,4.861269837220809,3.720189569201838,1.13783393541592
v3_sc2_staging_00,L2,2,12,0.2,True,False,False,8.781980515339464,3.8072613108563544,0.20000000000000007
v3_sc2_staging_00,L2,2,13,0.2,True,False,False,3.9000000000000004,4.889341332667658,1.25
v3_sc2_staging_00,L2,2,14,0.2,True,False,False,7.4198484809835,3.240655022853618,0.20000000000000007
v3_sc2_staging_00,L2,2,15,0.2,True,False,False,9.842031021678299,3.6003048667141817,0.20000000000000007
v3_sc2_staging_00,L2,2,16,0.2,True,False,False,7.362741699796953,3.967941360403021,0.20000000000000007
v3_sc2_staging_00,L2,2,17,0.2,True,False,False,8.026955262170047,0.348528137423857,1.5796634343085425
v3_sc2_staging_00,L2,2,18,0.2,True,False,False,4.305634918610405,0.348528137423857,3.8011626335213142
v3_sc2_staging_00,L2,2,19,0.2,True,False,False,5.424873734152917,0.348528137423857,3.1458880948268284
v3_sc2_staging_00,L2,2,0,0.3,True,False,False,7.7506096654409875,3.628256290493603,0.3015609770940699
v3_sc2_staging_00,L2,2,1,0.3,True,False,False,8.719848480983499,3.453795644693843,0.3015609770940699
v3_sc2_staging_00,L2,2,2,0.3,True,False,False,3.985533905932738,4.051098768429443,2.6100643080167973
v3_sc2_staging_00,L2,2,3,0.3,True,False,False,3.3242640687119294,4.622987409705396,1.8086792761230392
v3_sc2_staging_00,L2,2,4,0.3,True,False,False,5.842031021678299,0.348528137423857,2.6622776601683795
v3_sc2_staging_00,L2,2,5,0.3,True,False,False,4.174264068711929,4.325453346577915,1.9046829312822098
v3_sc2_staging_00,L2,2,6,0.3,True,False,False,7.276955262170052,0.348528137423857,2.010975905897944
v3_sc2_staging_00,L2,2,7,0.3,True,False,False,7.566295090390227,4.2502631506054485,0.3500000000000001
v3_sc2_staging_00,L2,2,8,0.3,True,False,False,3.0077164466275352,4.09156835950419,2.788236609491477
v3_sc2_staging_00,L2,2,9,0.3,True,False,False,9.147665940288702,3.453795644693843,0.3015609770940699
v3_sc2_staging_00,L2,2,10,0.3,True,False,False,3.0500000000000003,3.352920969861697,3.396472763923803
v3_sc2_staging_00,L2,2,11,0.3,True,False,False,4.861269837220809,3.720189569201838,1.13783393541592
v3_sc2_staging_00,L2,2,12,0.3,True,False,False,8.994112549695428,3.8072613108563544,0.3015609770940699
v3_sc2_staging_00,L2,2,13,0.3,True,False,False,3.9000000000000004,4.889341332667658,1.25
v3_sc2_staging_00,L2,2,14,0.3,True,False,False,7.631980515339464,3.240655022853618,0.3015609770940699
v3_sc2_staging_00,L2,2,15,0.3,True,False,False,10.09558441227157,3.6027429848821875,0.3015609770940699
v3_sc2_staging_00,L2,2,16,0.3,True,False,False,7.466295090390226,4.017742799230607,0.3015609770940699
v3_sc2_staging_00,L2,2,17,0.3,True,False,False,8.026955262170047,0.348528137423857,1.5796634343085425
v3_sc2_staging_00,L2,2,18,0.3,True,False,False,4.305634918610405,0.348528137423857,3.8011626335213142
v3_sc2_staging_00,L2,2,19,0.3,True,False,False,5.424873734152917,0.348528137423857,3.1458880948268284
v3_sc2_staging_00,L2,2,0,0.4,False,False,False,nan,nan,nan
v3_sc2_staging_00,L2,2,1,0.4,False,False,False,nan,nan,nan
v3_sc2_staging_00,L2,2,2,0.4,True,False,False,3.985533905932738,4.051098768429443,2.6100643080167973
v3_sc2_staging_00,L2,2,3,0.4,True,False,False,3.3242640687119294,4.622987409705396,1.8086792761230392
v3_sc2_staging_00,L2,2,4,0.4,False,False,False,nan,nan,nan
v3_sc2_staging_00,L2,2,5,0.4,True,False,False,4.174264068711929,4.325453346577915,1.9046829312822098
v3_sc2_staging_00,L2,2,6,0.4,False,False,False,nan,nan,nan
v3_sc2_staging_00,L2,2,7,0.4,False,False,False,nan,nan,nan
v3_sc2_staging_00,L2,2,8,0.4,True,False,False,3.0077164466275352,4.09156835950419,2.788236609491477
v3_sc2_staging_00,L2,2,9,0.4,False,False,False,nan,nan,nan
v3_sc2_staging_00,L2,2,10,0.4,True,False,False,3.0500000000000003,3.352920969861697,3.396472763923803
v3_sc2_staging_00,L2,2,11,0.4,True,False,False,4.861269837220809,3.720189569201838,1.13783393541592
v3_sc2_staging_00,L2,2,12,0.4,False,False,False,nan,nan,nan
v3_sc2_staging_00,L2,2,13,0.4,True,False,False,3.9000000000000004,4.889341332667658,1.25
v3_sc2_staging_00,L2,2,14,0.4,False,False,False,nan,nan,nan
v3_sc2_staging_00,L2,2,15,0.4,False,False,False,nan,nan,nan
v3_sc2_staging_00,L2,2,16,0.4,False,False,False,nan,nan,nan
v3_sc2_staging_00,L2,2,17,0.4,False,False,False,nan,nan,nan
v3_sc2_staging_00,L2,2,18,0.4,False,False,False,nan,nan,nan
v3_sc2_staging_00,L2,2,19,0.4,False,False,False,nan,nan,nan
v3_sc2_staging_00,L2,2,0,0.5,False,False,False,nan,nan,nan
v3_sc2_staging_00,L2,2,1,0.5,False,False,False,nan,nan,nan
v3_sc2_staging_00,L2,2,2,0.5,True,False,False,3.985533905932738,4.051098768429443,2.6100643080167973
v3_sc2_staging_00,L2,2,3,0.5,True,False,False,3.3242640687119294,4.622987409705396,1.8086792761230392
v3_sc2_staging_00,L2,2,4,0.5,False,False,False,nan,nan,nan
v3_sc2_staging_00,L2,2,5,0.5,True,False,False,4.174264068711929,4.325453346577915,1.9046829312822098
v3_sc2_staging_00,L2,2,6,0.5,False,False,False,nan,nan,nan
v3_sc2_staging_00,L2,2,7,0.5,False,False,False,nan,nan,nan
v3_sc2_staging_00,L2,2,8,0.5,True,False,False,3.0077164466275352,4.09156835950419,2.788236609491477
v3_sc2_staging_00,L2,2,9,0.5,False,False,False,nan,nan,nan
v3_sc2_staging_00,L2,2,10,0.5,True,False,False,3.0500000000000003,3.352920969861697,3.396472763923803
v3_sc2_staging_00,L2,2,11,0.5,True,False,False,4.861269837220809,3.720189569201838,1.13783393541592
v3_sc2_staging_00,L2,2,12,0.5,False,False,False,nan,nan,nan
v3_sc2_staging_00,L2,2,13,0.5,True,False,False,3.9000000000000004,4.889341332667658,1.25
v3_sc2_staging_00,L2,2,14,0.5,False,False,False,nan,nan,nan
v3_sc2_staging_00,L2,2,15,0.5,False,False,False,nan,nan,nan
v3_sc2_staging_00,L2,2,16,0.5,False,False,False,nan,nan,nan
v3_sc2_staging_00,L2,2,17,0.5,False,False,False,nan,nan,nan
v3_sc2_staging_00,L2,2,18,0.5,False,False,False,nan,nan,nan
v3_sc2_staging_00,L2,2,19,0.5,False,False,False,nan,nan,nan
v3_sc2_staging_00,L2,2,0,0.6,False,False,False,nan,nan,nan
v3_sc2_staging_00,L2,2,1,0.6,False,False,False,nan,nan,nan
v3_sc2_staging_00,L2,2,2,0.6,True,False,False,3.985533905932738,4.051098768429443,2.6100643080167973
v3_sc2_staging_00,L2,2,3,0.6,True,False,False,3.3242640687119294,4.622987409705396,1.8086792761230392
v3_sc2_staging_00,L2,2,4,0.6,False,False,False,nan,nan,nan
v3_sc2_staging_00,L2,2,5,0.6,True,False,False,4.174264068711929,4.325453346577915,1.9046829312822098
v3_sc2_staging_00,L2,2,6,0.6,False,False,False,nan,nan,nan
v3_sc2_staging_00,L2,2,7,0.6,False,False,False,nan,nan,nan
v3_sc2_staging_00,L2,2,8,0.6,True,False,False,3.0077164466275352,4.09156835950419,2.788236609491477
v3_sc2_staging_00,L2,2,9,0.6,False,False,False,nan,nan,nan
v3_sc2_staging_00,L2,2,10,0.6,True,False,False,3.0500000000000003,3.352920969861697,3.396472763923803
v3_sc2_staging_00,L2,2,11,0.6,True,False,False,4.861269837220809,3.720189569201838,1.13783393541592
v3_sc2_staging_00,L2,2,12,0.6,False,False,False,nan,nan,nan
v3_sc2_staging_00,L2,2,13,0.6,True,False,False,3.9000000000000004,4.889341332667658,1.25
v3_sc2_staging_00,L2,2,14,0.6,False,False,False,nan,nan,nan
v3_sc2_staging_00,L2,2,15,0.6,False,False,False,nan,nan,nan
v3_sc2_staging_00,L2,2,16,0.6,False,False,False,nan,nan,nan
v3_sc2_staging_00,L2,2,17,0.6,False,False,False,nan,nan,nan
v3_sc2_staging_00,L2,2,18,0.6,False,False,False,nan,nan,nan
v3_sc2_staging_00,L2,2,19,0.6,False,False,False,nan,nan,nan
v3_sc2_staging_00,L2,2,0,0.8,False,False,False,nan,nan,nan
v3_sc2_staging_00,L2,2,1,0.8,False,False,False,nan,nan,nan
v3_sc2_staging_00,L2,2,2,0.8,True,False,False,3.985533905932738,4.051098768429443,2.6100643080167973
v3_sc2_staging_00,L2,2,3,0.8,True,False,False,3.3242640687119294,4.622987409705396,1.8086792761230392
v3_sc2_staging_00,L2,2,4,0.8,False,False,False,nan,nan,nan
v3_sc2_staging_00,L2,2,5,0.8,True,False,False,4.174264068711929,4.325453346577915,1.9046829312822098
v3_sc2_staging_00,L2,2,6,0.8,False,False,False,nan,nan,nan
v3_sc2_staging_00,L2,2,7,0.8,False,False,False,nan,nan,nan
v3_sc2_staging_00,L2,2,8,0.8,True,False,False,3.0077164466275352,4.09156835950419,2.788236609491477
v3_sc2_staging_00,L2,2,9,0.8,False,False,False,nan,nan,nan
v3_sc2_staging_00,L2,2,10,0.8,True,False,False,3.0500000000000003,3.352920969861697,3.396472763923803
v3_sc2_staging_00,L2,2,11,0.8,True,False,False,4.861269837220809,3.720189569201838,1.13783393541592
v3_sc2_staging_00,L2,2,12,0.8,False,False,False,nan,nan,nan
v3_sc2_staging_00,L2,2,13,0.8,True,False,False,3.9000000000000004,4.889341332667658,1.25
v3_sc2_staging_00,L2,2,14,0.8,False,False,False,nan,nan,nan
v3_sc2_staging_00,L2,2,15,0.8,False,False,False,nan,nan,nan
v3_sc2_staging_00,L2,2,16,0.8,False,False,False,nan,nan,nan
v3_sc2_staging_00,L2,2,17,0.8,False,False,False,nan,nan,nan
v3_sc2_staging_00,L2,2,18,0.8,False,False,False,nan,nan,nan
v3_sc2_staging_00,L2,2,19,0.8,False,False,False,nan,nan,nan
v3_sc2_staging_00,L2,2,0,1.0,False,False,False,nan,nan,nan
v3_sc2_staging_00,L2,2,1,1.0,False,False,False,nan,nan,nan
v3_sc2_staging_00,L2,2,2,1.0,True,False,False,3.985533905932738,4.051098768429443,2.6100643080167973
v3_sc2_staging_00,L2,2,3,1.0,True,False,False,3.3242640687119294,4.622987409705396,1.8086792761230392
v3_sc2_staging_00,L2,2,4,1.0,False,False,False,nan,nan,nan
v3_sc2_staging_00,L2,2,5,1.0,True,False,False,4.174264068711929,4.325453346577915,1.9046829312822098
v3_sc2_staging_00,L2,2,6,1.0,False,False,False,nan,nan,nan
v3_sc2_staging_00,L2,2,7,1.0,False,False,False,nan,nan,nan
v3_sc2_staging_00,L2,2,8,1.0,True,False,False,3.0077164466275352,4.09156835950419,2.788236609491477
v3_sc2_staging_00,L2,2,9,1.0,False,False,False,nan,nan,nan
v3_sc2_staging_00,L2,2,10,1.0,True,False,False,3.0500000000000003,3.352920969861697,3.396472763923803
v3_sc2_staging_00,L2,2,11,1.0,True,False,False,4.861269837220809,3.720189569201838,1.13783393541592
v3_sc2_staging_00,L2,2,12,1.0,False,False,False,nan,nan,nan
v3_sc2_staging_00,L2,2,13,1.0,True,False,False,3.9000000000000004,4.889341332667658,1.25
v3_sc2_staging_00,L2,2,14,1.0,False,False,False,nan,nan,nan
v3_sc2_staging_00,L2,2,15,1.0,False,False,False,nan,nan,nan
v3_sc2_staging_00,L2,2,16,1.0,False,False,False,nan,nan,nan
v3_sc2_staging_00,L2,2,17,1.0,False,False,False,nan,nan,nan
v3_sc2_staging_00,L2,2,18,1.0,False,False,False,nan,nan,nan
v3_sc2_staging_00,L2,2,19,1.0,False,False,False,nan,nan,nan
v3_sc2_staging_00,L2,2,0,1.25,False,False,False,nan,nan,nan
v3_sc2_staging_00,L2,2,1,1.25,False,False,False,nan,nan,nan
v3_sc2_staging_00,L2,2,2,1.25,True,False,False,3.985533905932738,4.051098768429443,2.6100643080167973
v3_sc2_staging_00,L2,2,3,1.25,True,False,False,3.3242640687119294,4.622987409705396,1.8086792761230392
v3_sc2_staging_00,L2,2,4,1.25,False,False,False,nan,nan,nan
v3_sc2_staging_00,L2,2,5,1.25,True,False,False,4.174264068711929,4.325453346577915,1.9046829312822098
v3_sc2_staging_00,L2,2,6,1.25,False,False,False,nan,nan,nan
v3_sc2_staging_00,L2,2,7,1.25,False,False,False,nan,nan,nan
v3_sc2_staging_00,L2,2,8,1.25,True,False,False,3.0077164466275352,4.09156835950419,2.788236609491477
v3_sc2_staging_00,L2,2,9,1.25,False,False,False,nan,nan,nan
v3_sc2_staging_00,L2,2,10,1.25,True,False,False,3.0500000000000003,3.352920969861697,3.396472763923803
v3_sc2_staging_00,L2,2,11,1.25,True,False,False,4.861269837220809,3.720189569201838,1.2613914953808536
v3_sc2_staging_00,L2,2,12,1.25,False,False,False,nan,nan,nan
v3_sc2_staging_00,L2,2,13,1.25,True,False,False,3.9207106781186547,4.839709729938511,1.2755280904564703
v3_sc2_staging_00,L2,2,14,1.25,False,False,False,nan,nan,nan
v3_sc2_staging_00,L2,2,15,1.25,False,False,False,nan,nan,nan
v3_sc2_staging_00,L2,2,16,1.25,False,False,False,nan,nan,nan
v3_sc2_staging_00,L2,2,17,1.25,False,False,False,nan,nan,nan
v3_sc2_staging_00,L2,2,18,1.25,False,False,False,nan,nan,nan
v3_sc2_staging_00,L2,2,19,1.25,False,False,False,nan,nan,nan
v3_sc2_staging_00,L2,2,0,1.5,False,False,False,nan,nan,nan
v3_sc2_staging_00,L2,2,1,1.5,False,False,False,nan,nan,nan
v3_sc2_staging_00,L2,2,2,1.5,True,False,False,3.985533905932738,4.051098768429443,2.6100643080167973
v3_sc2_staging_00,L2,2,3,1.5,True,False,False,3.3242640687119294,4.622987409705396,1.8086792761230392
v3_sc2_staging_00,L2,2,4,1.5,False,False,False,nan,nan,nan
v3_sc2_staging_00,L2,2,5,1.5,True,False,False,4.174264068711929,4.325453346577915,1.9046829312822098
v3_sc2_staging_00,L2,2,6,1.5,False,False,False,nan,nan,nan
v3_sc2_staging_00,L2,2,7,1.5,False,False,False,nan,nan,nan
v3_sc2_staging_00,L2,2,8,1.5,True,False,False,3.0077164466275352,4.09156835950419,2.788236609491477
v3_sc2_staging_00,L2,2,9,1.5,False,False,False,nan,nan,nan
v3_sc2_staging_00,L2,2,10,1.5,True,False,False,3.0500000000000003,3.352920969861697,3.396472763923803
v3_sc2_staging_00,L2,2,11,1.5,True,False,False,4.861269837220809,3.720189569201838,1.50124960961895
v3_sc2_staging_00,L2,2,12,1.5,False,False,False,nan,nan,nan
v3_sc2_staging_00,L2,2,13,1.5,False,False,False,nan,nan,nan
v3_sc2_staging_00,L2,2,14,1.5,False,False,False,nan,nan,nan
v3_sc2_staging_00,L2,2,15,1.5,False,False,False,nan,nan,nan
v3_sc2_staging_00,L2,2,16,1.5,False,False,False,nan,nan,nan
v3_sc2_staging_00,L2,2,17,1.5,False,False,False,nan,nan,nan
v3_sc2_staging_00,L2,2,18,1.5,False,False,False,nan,nan,nan
v3_sc2_staging_00,L2,2,19,1.5,False,False,False,nan,nan,nan
v3_sc2_staging_00,L2,2,0,2.0,False,False,False,nan,nan,nan
v3_sc2_staging_00,L2,2,1,2.0,False,False,False,nan,nan,nan
v3_sc2_staging_00,L2,2,2,2.0,True,False,False,3.985533905932738,4.051098768429443,2.6100643080167973
v3_sc2_staging_00,L2,2,3,2.0,True,False,False,3.3656854249492385,4.504497976820453,2.0004999500099974
v3_sc2_staging_00,L2,2,4,2.0,False,False,False,nan,nan,nan
v3_sc2_staging_00,L2,2,5,2.0,True,False,False,4.194974746830584,4.325453346577915,2.0004999500099974
v3_sc2_staging_00,L2,2,6,2.0,False,False,False,nan,nan,nan
v3_sc2_staging_00,L2,2,7,2.0,False,False,False,nan,nan,nan
v3_sc2_staging_00,L2,2,8,2.0,True,False,False,3.0077164466275352,4.09156835950419,2.788236609491477
v3_sc2_staging_00,L2,2,9,2.0,False,False,False,nan,nan,nan
v3_sc2_staging_00,L2,2,10,2.0,True,False,False,3.0500000000000003,3.352920969861697,3.396472763923803
v3_sc2_staging_00,L2,2,11,2.0,True,False,False,5.056244584051393,3.6018288603987365,2.0004999500099974
v3_sc2_staging_00,L2,2,12,2.0,False,False,False,nan,nan,nan
v3_sc2_staging_00,L2,2,13,2.0,False,False,False,nan,nan,nan
v3_sc2_staging_00,L2,2,14,2.0,False,False,False,nan,nan,nan
v3_sc2_staging_00,L2,2,15,2.0,False,False,False,nan,nan,nan
v3_sc2_staging_00,L2,2,16,2.0,False,False,False,nan,nan,nan
v3_sc2_staging_00,L2,2,17,2.0,False,False,False,nan,nan,nan
v3_sc2_staging_00,L2,2,18,2.0,False,False,False,nan,nan,nan
v3_sc2_staging_00,L2,2,19,2.0,False,False,False,nan,nan,nan
v3_sc2_staging_00,L2,3,0,0.0,True,False,False,7.329898987322332,3.628256290493603,0.002493781056044475
v3_sc2_staging_00,L2,3,1,0.0,True,False,False,8.174873734152916,3.465476011779671,0.002493781056044475
v3_sc2_staging_00,L2,3,2,0.0,True,False,False,3.9562445840513925,4.256574397610112,2.650396800404673
v3_sc2_staging_00,L2,3,3,0.0,True,False,False,3.3242640687119294,4.838773267333986,1.8086792761230392
v3_sc2_staging_00,L2,3,4,0.0,True,False,False,5.638477631085024,0.6853269591129698,2.6468237955119127
v3_sc2_staging_00,L2,3,5,0.0,True,False,False,4.153553390593274,4.438117050050556,1.9520399670478459
v3_sc2_staging_00,L2,3,6,0.0,True,False,False,6.902691193458122,0.6853269591129698,2.010975905897944
v3_sc2_staging_00,L2,3,7,0.0,True,False,False,7.524873734152917,4.14811789867684,0.15000000000000002
v3_sc2_staging_00,L2,3,8,0.0,True,False,False,3.0370057685088803,4.290093944798996,2.7927951652053915
v3_sc2_staging_00,L2,3,9,0.0,True,False,False,8.72695526217005,3.453795644693843,0.002493781056044475
v3_sc2_staging_00,L2,3,10,0.0,True,False,False,3.0500000000000003,3.3658763560155416,3.404484601070928
v3_sc2_staging_00,L2,3,11,0.0,True,False,False,4.881980515339464,3.732316150761897,1.132482771731451
v3_sc2_staging_00,L2,3,12,0.0,True,False,False,8.573401871576776,3.8072613108563544,0.002493781056044475
v3_sc2_staging_00,L2,3,13,0.0,True,False,False,3.9207106781186547,4.972202481633881,1.25
v3_sc2_staging_00,L2,3,14,0.0,True,False,False,7.211269837220813,3.240655022853618,0.002493781056044475
v3_sc2_staging_00,L2,3,15,0.0,True,False,False,9.529898987322332,3.6500000000000004,0.002493781056044475
v3_sc2_staging_00,L2,3,16,0.0,True,False,False,7.300609665440987,3.9181444068749043,0.002493781056044475
v3_sc2_staging_00,L2,3,17,0.0,True,False,False,7.876955262170049,0.6661903789690602,1.5796634343085425
v3_sc2_staging_00,L2,3,18,0.0,True,False,False,4.122792206135786,0.6661903789690602,3.8200115740585696
v3_sc2_staging_00,L2,3,19,0.0,True,False,False,5.109188309203678,0.6853269591129698,3.187817782917155
v3_sc2_staging_00,L2,3,0,0.1,True,False,False,7.429898987322334,3.628256290493603,0.10000000000000009
v3_sc2_staging_00,L2,3,1,0.1,True,False,False,8.274873734152917,3.465476011779671,0.10000000000000009
v3_sc2_staging_00,L2,3,2,0.1,True,False,False,3.9562445840513925,4.256574397610112,2.650396800404673
v3_sc2_staging_00,L2,3,3,0.1,True,False,False,3.3242640687119294,4.838773267333986,1.8086792761230392
v3_sc2_staging_00,L2,3,4,0.1,True,False,False,5.638477631085024,0.6853269591129698,2.6468237955119127
v3_sc2_staging_00,L2,3,5,0.1,True,False,False,4.153553390593274,4.438117050050556,1.9520399670478459
v3_sc2_staging_00,L2,3,6,0.1,True,False,False,6.902691193458122,0.6853269591129698,2.010975905897944
v3_sc2_staging_00,L2,3,7,0.1,True,False,False,7.524873734152917,4.14811789867684,0.15000000000000002
v3_sc2_staging_00,L2,3,8,0.1,True,False,False,3.0370057685088803,4.290093944798996,2.7927951652053915
v3_sc2_staging_00,L2,3,9,0.1,True,False,False,8.826955262170049,3.453795644693843,0.10000000000000009
v3_sc2_staging_00,L2,3,10,0.1,True,False,False,3.0500000000000003,3.3658763560155416,3.404484601070928
v3_sc2_staging_00,L2,3,11,0.1,True,False,False,4.881980515339464,3.732316150761897,1.132482771731451
v3_sc2_staging_00,L2,3,12,0.1,True,False,False,8.673401871576774,3.8072613108563544,0.10000000000000009
v3_sc2_staging_00,L2,3,13,0.1,True,False,False,3.9207106781186547,4.972202481633881,1.25
v3_sc2_staging_00,L2,3,14,0.1,True,False,False,7.31126983722081,3.240655022853618,0.10000000000000009
v3_sc2_staging_00,L2,3,15,0.1,True,False,False,9.629898987322333,3.6500000000000004,0.10000000000000009
v3_sc2_staging_00,L2,3,16,0.1,True,False,False,7.321320343559643,3.967941360403021,0.10000000000000009
v3_sc2_staging_00,L2,3,17,0.1,True,False,False,7.876955262170049,0.6661903789690602,1.5796634343085425
v3_sc2_staging_00,L2,3,18,0.1,True,False,False,4.122792206135786,0.6661903789690602,3.8200115740585696
v3_sc2_staging_00,L2,3,19,0.1,True,False,False,5.109188309203678,0.6853269591129698,3.187817782917155
v3_sc2_staging_00,L2,3,0,0.2,True,False,False,7.600609665440988,3.628256290493603,0.20000000000000007
v3_sc2_staging_00,L2,3,1,0.2,True,False,False,8.445584412271572,3.465476011779671,0.20000000000000007
v3_sc2_staging_00,L2,3,2,0.2,True,False,False,3.9562445840513925,4.256574397610112,2.650396800404673
v3_sc2_staging_00,L2,3,3,0.2,True,False,False,3.3242640687119294,4.838773267333986,1.8086792761230392
v3_sc2_staging_00,L2,3,4,0.2,True,False,False,5.638477631085024,0.6853269591129698,2.6468237955119127
v3_sc2_staging_00,L2,3,5,0.2,True,False,False,4.153553390593274,4.438117050050556,1.9520399670478459
v3_sc2_staging_00,L2,3,6,0.2,True,False,False,6.902691193458122,0.6853269591129698,2.010975905897944
v3_sc2_staging_00,L2,3,7,0.2,True,False,False,7.524873734152917,4.2502631506054485,0.3500000000000001
v3_sc2_staging_00,L2,3,8,0.2,True,False,False,3.0370057685088803,4.290093944798996,2.7927951652053915
v3_sc2_staging_00,L2,3,9,0.2,True,False,False,8.997665940288702,3.453795644693843,0.20000000000000007
v3_sc2_staging_00,L2,3,10,0.2,True,False,False,3.0500000000000003,3.3658763560155416,3.404484601070928
v3_sc2_staging_00,L2,3,11,0.2,True,False,False,4.881980515339464,3.732316150761897,1.132482771731451
v3_sc2_staging_00,L2,3,12,0.2,True,False,False,8.844112549695428,3.8072613108563544,0.20000000000000007
v3_sc2_staging_00,L2,3,13,0.2,True,False,False,3.9207106781186547,4.972202481633881,1.25
v3_sc2_staging_00,L2,3,14,0.2,True,False,False,7.4819805153394645,3.240655022853618,0.20000000000000007
v3_sc2_staging_00,L2,3,15,0.2,True,False,False,9.821320343559643,3.6500000000000004,0.20000000000000007
v3_sc2_staging_00,L2,3,16,0.2,True,False,False,7.3834523779156065,4.017742799230607,0.20000000000000007
v3_sc2_staging_00,L2,3,17,0.2,True,False,False,7.876955262170049,0.6661903789690602,1.5796634343085425
v3_sc2_staging_00,L2,3,18,0.2,True,False,False,4.122792206135786,0.6661903789690602,3.8200115740585696
v3_sc2_staging_00,L2,3,19,0.2,True,False,False,5.109188309203678,0.6853269591129698,3.187817782917155
v3_sc2_staging_00,L2,3,0,0.3,True,False,False,7.812741699796952,3.628256290493603,0.3015609770940699
v3_sc2_staging_00,L2,3,1,0.3,True,False,False,8.781980515339464,3.465476011779671,0.3015609770940699
v3_sc2_staging_00,L2,3,2,0.3,True,False,False,3.9562445840513925,4.256574397610112,2.650396800404673
v3_sc2_staging_00,L2,3,3,0.3,True,False,False,3.3242640687119294,4.838773267333986,1.8086792761230392
v3_sc2_staging_00,L2,3,4,0.3,True,False,False,5.638477631085024,0.6853269591129698,2.6468237955119127
v3_sc2_staging_00,L2,3,5,0.3,True,False,False,4.153553390593274,4.438117050050556,1.9520399670478459
v3_sc2_staging_00,L2,3,6,0.3,True,False,False,6.902691193458122,0.6853269591129698,2.010975905897944
v3_sc2_staging_00,L2,3,7,0.3,True,False,False,7.524873734152917,4.2502631506054485,0.3500000000000001
v3_sc2_staging_00,L2,3,8,0.3,True,False,False,3.0370057685088803,4.290093944798996,2.7927951652053915
v3_sc2_staging_00,L2,3,9,0.3,True,False,False,9.209797974644667,3.453795644693843,0.3015609770940699
v3_sc2_staging_00,L2,3,10,0.3,True,False,False,3.0500000000000003,3.3658763560155416,3.404484601070928
v3_sc2_staging_00,L2,3,11,0.3,True,False,False,4.881980515339464,3.732316150761897,1.132482771731451
v3_sc2_staging_00,L2,3,12,0.3,True,False,False,9.056244584051393,3.8072613108563544,0.3015609770940699
v3_sc2_staging_00,L2,3,13,0.3,True,False,False,3.9207106781186547,4.972202481633881,1.25
v3_sc2_staging_00,L2,3,14,0.3,True,False,False,7.6941125496954275,3.240655022853618,0.3015609770940699
v3_sc2_staging_00,L2,3,15,0.3,True,False,False,10.095584412271572,3.6500000000000004,0.3015609770940699
v3_sc2_staging_00,L2,3,16,0.3,True,False,False,7.507716446627535,4.017742799230607,0.3015609770940699
v3_sc2_staging_00,L2,3,17,0.3,True,False,False,7.876955262170049,0.6661903789690602,1.5796634343085425
v3_sc2_staging_00,L2,3,18,0.3,True,False,False,4.122792206135786,0.6661903789690602,3.8200115740585696
v3_sc2_staging_00,L2,3,19,0.3,True,False,False,5.109188309203678,0.6853269591129698,3.187817782917155
v3_sc2_staging_00,L2,3,0,0.4,False,False,False,nan,nan,nan
v3_sc2_staging_00,L2,3,1,0.4,False,False,False,nan,nan,nan
v3_sc2_staging_00,L2,3,2,0.4,True,False,False,3.9562445840513925,4.256574397610112,2.650396800404673
v3_sc2_staging_00,L2,3,3,0.4,True,False,False,3.3242640687119294,4.838773267333986,1.8086792761230392
v3_sc2_staging_00,L2,3,4,0.4,True,False,False,5.638477631085024,0.6853269591129698,2.6468237955119127
v3_sc2_staging_00,L2,3,5,0.4,True,False,False,4.153553390593274,4.438117050050556,1.9520399670478459
v3_sc2_staging_00,L2,3,6,0.4,True,False,False,6.902691193458122,0.6853269591129698,2.010975905897944
v3_sc2_staging_00,L2,3,7,0.4,False,False,False,nan,nan,nan
v3_sc2_staging_00,L2,3,8,0.4,True,False,False,3.0370057685088803,4.290093944798996,2.7927951652053915
v3_sc2_staging_00,L2,3,9,0.4,False,False,False,nan,nan,nan
v3_sc2_staging_00,L2,3,10,0.4,True,False,False,3.0500000000000003,3.3658763560155416,3.404484601070928
v3_sc2_staging_00,L2,3,11,0.4,True,False,False,4.881980515339464,3.732316150761897,1.132482771731451
v3_sc2_staging_00,L2,3,12,0.4,False,False,False,nan,nan,nan
v3_sc2_staging_00,L2,3,13,0.4,True,False,False,3.9207106781186547,4.972202481633881,1.25
v3_sc2_staging_00,L2,3,14,0.4,False,False,False,nan,nan,nan
v3_sc2_staging_00,L2,3,15,0.4,False,False,False,nan,nan,nan
v3_sc2_staging_00,L2,3,16,0.4,False,False,False,nan,nan,nan
v3_sc2_staging_00,L2,3,17,0.4,True,False,False,7.876955262170049,0.6661903789690602,1.5796634343085425
v3_sc2_staging_00,L2,3,18,0.4,True,False,False,4.122792206135786,0.6661903789690602,3.8200115740585696
v3_sc2_staging_00,L2,3,19,0.4,True,False,False,5.109188309203678,0.6853269591129698,3.187817782917155
v3_sc2_staging_00,L2,3,0,0.5,False,False,False,nan,nan,nan
v3_sc2_staging_00,L2,3,1,0.5,False,False,False,nan,nan,nan
v3_sc2_staging_00,L2,3,2,0.5,True,False,False,3.9562445840513925,4.256574397610112,2.650396800404673
v3_sc2_staging_00,L2,3,3,0.5,True,False,False,3.3242640687119294,4.838773267333986,1.8086792761230392
v3_sc2_staging_00,L2,3,4,0.5,True,False,False,5.638477631085024,0.6853269591129698,2.6468237955119127
v3_sc2_staging_00,L2,3,5,0.5,True,False,False,4.153553390593274,4.438117050050556,1.9520399670478459
v3_sc2_staging_00,L2,3,6,0.5,True,False,False,6.902691193458122,0.6853269591129698,2.010975905897944
v3_sc2_staging_00,L2,3,7,0.5,False,False,False,nan,nan,nan
v3_sc2_staging_00,L2,3,8,0.5,True,False,False,3.0370057685088803,4.290093944798996,2.7927951652053915
v3_sc2_staging_00,L2,3,9,0.5,False,False,False,nan,nan,nan
v3_sc2_staging_00,L2,3,10,0.5,True,False,False,3.0500000000000003,3.3658763560155416,3.404484601070928
v3_sc2_staging_00,L2,3,11,0.5,True,False,False,4.881980515339464,3.732316150761897,1.132482771731451
v3_sc2_staging_00,L2,3,12,0.5,False,False,False,nan,nan,nan
v3_sc2_staging_00,L2,3,13,0.5,True,False,False,3.9207106781186547,4.972202481633881,1.25
v3_sc2_staging_00,L2,3,14,0.5,False,False,False,nan,nan,nan
v3_sc2_staging_00,L2,3,15,0.5,False,False,False,nan,nan,nan
v3_sc2_staging_00,L2,3,16,0.5,False,False,False,nan,nan,nan
v3_sc2_staging_00,L2,3,17,0.5,True,False,False,7.876955262170049,0.6661903789690602,1.5796634343085425
v3_sc2_staging_00,L2,3,18,0.5,True,False,False,4.122792206135786,0.6661903789690602,3.8200115740585696
v3_sc2_staging_00,L2,3,19,0.5,True,False,False,5.109188309203678,0.6853269591129698,3.187817782917155
v3_sc2_staging_00,L2,3,0,0.6,False,False,False,nan,nan,nan
v3_sc2_staging_00,L2,3,1,0.6,False,False,False,nan,nan,nan
v3_sc2_staging_00,L2,3,2,0.6,True,False,False,3.9562445840513925,4.256574397610112,2.650396800404673
v3_sc2_staging_00,L2,3,3,0.6,True,False,False,3.3242640687119294,4.838773267333986,1.8086792761230392
v3_sc2_staging_00,L2,3,4,0.6,True,False,False,5.638477631085024,0.6853269591129698,2.6468237955119127
v3_sc2_staging_00,L2,3,5,0.6,True,False,False,4.153553390593274,4.438117050050556,1.9520399670478459
v3_sc2_staging_00,L2,3,6,0.6,True,False,False,6.902691193458122,0.6853269591129698,2.010975905897944
v3_sc2_staging_00,L2,3,7,0.6,False,False,False,nan,nan,nan
v3_sc2_staging_00,L2,3,8,0.6,True,False,False,3.0370057685088803,4.290093944798996,2.7927951652053915
v3_sc2_staging_00,L2,3,9,0.6,False,False,False,nan,nan,nan
v3_sc2_staging_00,L2,3,10,0.6,True,False,False,3.0500000000000003,3.3658763560155416,3.404484601070928
v3_sc2_staging_00,L2,3,11,0.6,True,False,False,4.881980515339464,3.732316150761897,1.132482771731451
v3_sc2_staging_00,L2,3,12,0.6,False,False,False,nan,nan,nan
v3_sc2_staging_00,L2,3,13,0.6,True,False,False,3.9207106781186547,4.972202481633881,1.25
v3_sc2_staging_00,L2,3,14,0.6,False,False,False,nan,nan,nan
v3_sc2_staging_00,L2,3,15,0.6,False,False,False,nan,nan,nan
v3_sc2_staging_00,L2,3,16,0.6,False,False,False,nan,nan,nan
v3_sc2_staging_00,L2,3,17,0.6,True,False,False,7.876955262170049,0.6661903789690602,1.5796634343085425
v3_sc2_staging_00,L2,3,18,0.6,True,False,False,4.122792206135786,0.6661903789690602,3.8200115740585696
v3_sc2_staging_00,L2,3,19,0.6,True,False,False,5.109188309203678,0.6853269591129698,3.187817782917155
v3_sc2_staging_00,L2,3,0,0.8,False,False,False,nan,nan,nan
v3_sc2_staging_00,L2,3,1,0.8,False,False,False,nan,nan,nan
v3_sc2_staging_00,L2,3,2,0.8,True,False,False,3.9562445840513925,4.256574397610112,2.650396800404673
v3_sc2_staging_00,L2,3,3,0.8,True,False,False,3.3242640687119294,4.838773267333986,1.8086792761230392
v3_sc2_staging_00,L2,3,4,0.8,False,False,False,nan,nan,nan
v3_sc2_staging_00,L2,3,5,0.8,True,False,False,4.153553390593274,4.438117050050556,1.9520399670478459
v3_sc2_staging_00,L2,3,6,0.8,False,False,False,nan,nan,nan
v3_sc2_staging_00,L2,3,7,0.8,False,False,False,nan,nan,nan
v3_sc2_staging_00,L2,3,8,0.8,True,False,False,3.0370057685088803,4.290093944798996,2.7927951652053915
v3_sc2_staging_00,L2,3,9,0.8,False,False,False,nan,nan,nan
v3_sc2_staging_00,L2,3,10,0.8,True,False,False,3.0500000000000003,3.3658763560155416,3.404484601070928
v3_sc2_staging_00,L2,3,11,0.8,True,False,False,4.881980515339464,3.732316150761897,1.132482771731451
v3_sc2_staging_00,L2,3,12,0.8,False,False,False,nan,nan,nan
v3_sc2_staging_00,L2,3,13,0.8,True,False,False,3.9207106781186547,4.972202481633881,1.25
v3_sc2_staging_00,L2,3,14,0.8,False,False,False,nan,nan,nan
v3_sc2_staging_00,L2,3,15,0.8,False,False,False,nan,nan,nan
v3_sc2_staging_00,L2,3,16,0.8,False,False,False,nan,nan,nan
v3_sc2_staging_00,L2,3,17,0.8,False,False,False,nan,nan,nan
v3_sc2_staging_00,L2,3,18,0.8,False,False,False,nan,nan,nan
v3_sc2_staging_00,L2,3,19,0.8,False,False,False,nan,nan,nan
v3_sc2_staging_00,L2,3,0,1.0,False,False,False,nan,nan,nan
v3_sc2_staging_00,L2,3,1,1.0,False,False,False,nan,nan,nan
v3_sc2_staging_00,L2,3,2,1.0,True,False,False,3.9562445840513925,4.256574397610112,2.650396800404673
v3_sc2_staging_00,L2,3,3,1.0,True,False,False,3.3242640687119294,4.838773267333986,1.8086792761230392
v3_sc2_staging_00,L2,3,4,1.0,False,False,False,nan,nan,nan
v3_sc2_staging_00,L2,3,5,1.0,True,False,False,4.153553390593274,4.438117050050556,1.9520399670478459
v3_sc2_staging_00,L2,3,6,1.0,False,False,False,nan,nan,nan
v3_sc2_staging_00,L2,3,7,1.0,False,False,False,nan,nan,nan
v3_sc2_staging_00,L2,3,8,1.0,True,False,False,3.0370057685088803,4.290093944798996,2.7927951652053915
v3_sc2_staging_00,L2,3,9,1.0,False,False,False,nan,nan,nan
v3_sc2_staging_00,L2,3,10,1.0,True,False,False,3.0500000000000003,3.3658763560155416,3.404484601070928
v3_sc2_staging_00,L2,3,11,1.0,True,False,False,4.881980515339464,3.732316150761897,1.132482771731451
v3_sc2_staging_00,L2,3,12,1.0,False,False,False,nan,nan,nan
v3_sc2_staging_00,L2,3,13,1.0,True,False,False,3.9207106781186547,4.972202481633881,1.25
v3_sc2_staging_00,L2,3,14,1.0,False,False,False,nan,nan,nan
v3_sc2_staging_00,L2,3,15,1.0,False,False,False,nan,nan,nan
v3_sc2_staging_00,L2,3,16,1.0,False,False,False,nan,nan,nan
v3_sc2_staging_00,L2,3,17,1.0,False,False,False,nan,nan,nan
v3_sc2_staging_00,L2,3,18,1.0,False,False,False,nan,nan,nan
v3_sc2_staging_00,L2,3,19,1.0,False,False,False,nan,nan,nan
v3_sc2_staging_00,L2,3,0,1.25,False,False,False,nan,nan,nan
v3_sc2_staging_00,L2,3,1,1.25,False,False,False,nan,nan,nan
v3_sc2_staging_00,L2,3,2,1.25,True,False,False,3.9562445840513925,4.256574397610112,2.650396800404673
v3_sc2_staging_00,L2,3,3,1.25,True,False,False,3.3242640687119294,4.838773267333986,1.8086792761230392
v3_sc2_staging_00,L2,3,4,1.25,False,False,False,nan,nan,nan
v3_sc2_staging_00,L2,3,5,1.25,True,False,False,4.153553390593274,4.438117050050556,1.9520399670478459
v3_sc2_staging_00,L2,3,6,1.25,False,False,False,nan,nan,nan
v3_sc2_staging_00,L2,3,7,1.25,False,False,False,nan,nan,nan
v3_sc2_staging_00,L2,3,8,1.25,True,False,False,3.0370057685088803,4.290093944798996,2.7927951652053915
v3_sc2_staging_00,L2,3,9,1.25,False,False,False,nan,nan,nan
v3_sc2_staging_00,L2,3,10,1.25,True,False,False,3.0500000000000003,3.3658763560155416,3.404484601070928
v3_sc2_staging_00,L2,3,11,1.25,True,False,False,4.881980515339464,3.732316150761897,1.2613914953808536
v3_sc2_staging_00,L2,3,12,1.25,False,False,False,nan,nan,nan
v3_sc2_staging_00,L2,3,13,1.25,True,False,False,3.9207106781186547,4.972202481633881,1.2755280904564703
v3_sc2_staging_00,L2,3,14,1.25,False,False,False,nan,nan,nan
v3_sc2_staging_00,L2,3,15,1.25,False,False,False,nan,nan,nan
v3_sc2_staging_00,L2,3,16,1.25,False,False,False,nan,nan,nan
v3_sc2_staging_00,L2,3,17,1.25,False,False,False,nan,nan,nan
v3_sc2_staging_00,L2,3,18,1.25,False,False,False,nan,nan,nan
v3_sc2_staging_00,L2,3,19,1.25,False,False,False,nan,nan,nan
v3_sc2_staging_00,L2,3,0,1.5,False,False,False,nan,nan,nan
v3_sc2_staging_00,L2,3,1,1.5,False,False,False,nan,nan,nan
v3_sc2_staging_00,L2,3,2,1.5,True,False,False,3.9562445840513925,4.256574397610112,2.650396800404673
v3_sc2_staging_00,L2,3,3,1.5,True,False,False,3.3242640687119294,4.838773267333986,1.8086792761230392
v3_sc2_staging_00,L2,3,4,1.5,False,False,False,nan,nan,nan
v3_sc2_staging_00,L2,3,5,1.5,True,False,False,4.153553390593274,4.438117050050556,1.9520399670478459
v3_sc2_staging_00,L2,3,6,1.5,False,False,False,nan,nan,nan
v3_sc2_staging_00,L2,3,7,1.5,False,False,False,nan,nan,nan
v3_sc2_staging_00,L2,3,8,1.5,True,False,False,3.0370057685088803,4.290093944798996,2.7927951652053915
v3_sc2_staging_00,L2,3,9,1.5,False,False,False,nan,nan,nan
v3_sc2_staging_00,L2,3,10,1.5,True,False,False,3.0500000000000003,3.3658763560155416,3.404484601070928
v3_sc2_staging_00,L2,3,11,1.5,True,False,False,4.881980515339464,3.732316150761897,1.50124960961895
v3_sc2_staging_00,L2,3,12,1.5,False,False,False,nan,nan,nan
v3_sc2_staging_00,L2,3,13,1.5,False,False,False,nan,nan,nan
v3_sc2_staging_00,L2,3,14,1.5,False,False,False,nan,nan,nan
v3_sc2_staging_00,L2,3,15,1.5,False,False,False,nan,nan,nan
v3_sc2_staging_00,L2,3,16,1.5,False,False,False,nan,nan,nan
v3_sc2_staging_00,L2,3,17,1.5,False,False,False,nan,nan,nan
v3_sc2_staging_00,L2,3,18,1.5,False,False,False,nan,nan,nan
v3_sc2_staging_00,L2,3,19,1.5,False,False,False,nan,nan,nan
v3_sc2_staging_00,L2,3,0,2.0,False,False,False,nan,nan,nan
v3_sc2_staging_00,L2,3,1,2.0,False,False,False,nan,nan,nan
v3_sc2_staging_00,L2,3,2,2.0,True,False,False,3.9562445840513925,4.256574397610112,2.650396800404673
v3_sc2_staging_00,L2,3,3,2.0,True,False,False,3.3656854249492385,4.720153254455275,2.0004999500099974
v3_sc2_staging_00,L2,3,4,2.0,False,False,False,nan,nan,nan
v3_sc2_staging_00,L2,3,5,2.0,True,False,False,4.1742640687119295,4.438117050050556,2.0004999500099974
v3_sc2_staging_00,L2,3,6,2.0,False,False,False,nan,nan,nan
v3_sc2_staging_00,L2,3,7,2.0,False,False,False,nan,nan,nan
v3_sc2_staging_00,L2,3,8,2.0,True,False,False,3.0370057685088803,4.290093944798996,2.7927951652053915
v3_sc2_staging_00,L2,3,9,2.0,False,False,False,nan,nan,nan
v3_sc2_staging_00,L2,3,10,2.0,True,False,False,3.0500000000000003,3.3658763560155416,3.404484601070928
v3_sc2_staging_00,L2,3,11,2.0,True,False,False,5.076955262170048,3.6100486615124154,2.0004999500099974
v3_sc2_staging_00,L2,3,12,2.0,False,False,False,nan,nan,nan
v3_sc2_staging_00,L2,3,13,2.0,False,False,False,nan,nan,nan
v3_sc2_staging_00,L2,3,14,2.0,False,False,False,nan,nan,nan
v3_sc2_staging_00,L2,3,15,2.0,False,False,False,nan,nan,nan
v3_sc2_staging_00,L2,3,16,2.0,False,False,False,nan,nan,nan
v3_sc2_staging_00,L2,3,17,2.0,False,False,False,nan,nan,nan
v3_sc2_staging_00,L2,3,18,2.0,False,False,False,nan,nan,nan
v3_sc2_staging_00,L2,3,19,2.0,False,False,False,nan,nan,nan
v3_sc2_staging_00,L2,4,0,0.0,True,False,False,7.2884776310850246,3.638236339311713,0.002493781056044475
v3_sc2_staging_00,L2,4,1,0.0,True,False,False,8.166295090390227,3.465476011779671,0.002493781056044475
v3_sc2_staging_00,L2,4,2,0.0,True,False,False,3.9562445840513925,4.202393007820593,2.6400636936215167
v3_sc2_staging_00,L2,4,3,0.0,True,False,False,3.3449747468305833,4.733784481615574,1.8135470602518549
v3_sc2_staging_00,L2,4,4,0.0,True,False,False,5.850609665440989,0.5062305898749055,2.6148836254345045
v3_sc2_staging_00,L2,4,5,0.0,True,False,False,4.153553390593274,4.423921201644072,1.9046829312822098
v3_sc2_staging_00,L2,4,6,0.0,True,False,False,7.114823227814085,0.5062305898749055,1.9738633753705965
v3_sc2_staging_00,L2,4,7,0.0,True,False,False,7.495584412271571,4.158594208556912,0.20000000000000007
v3_sc2_staging_00,L2,4,8,0.0,True,False,False,3.0370057685088803,4.240516849458507,2.7927951652053915
v3_sc2_staging_00,L2,4,9,0.0,True,False,False,8.735533905932739,3.453795644693843,0.002493781056044475
v3_sc2_staging_00,L2,4,10,0.0,True,False,False,3.0500000000000003,3.4080046059338267,3.4458839313897722
v3_sc2_staging_00,L2,4,11,0.0,True,False,False,4.861269837220809,3.732316150761897,1.1101242188104619
v3_sc2_staging_00,L2,4,12,0.0,True,True,False,8.531980515339464,3.815669125408017,0.002493781056044475
v3_sc2_staging_00,L2,4,13,0.0,True,False,False,3.9000000000000004,4.988624600025037,1.25
v3_sc2_staging_00,L2,4,14,0.0,True,False,False,7.219848480983504,3.240655022853618,0.002493781056044475
v3_sc2_staging_00,L2,4,15,0.0,True,True,False,9.521320343559642,3.6500000000000004,0.002493781056044475
v3_sc2_staging_00,L2,4,16,0.0,True,False,False,7.2506096654409875,3.873213921133976,0.002493781056044475
v3_sc2_staging_00,L2,4,17,0.0,True,False,False,8.0476659402887,0.46046863561492735,1.539607805437114
v3_sc2_staging_00,L2,4,18,0.0,True,False,False,4.314213562373095,0.47082439194738,3.8502873468312417
v3_sc2_staging_00,L2,4,19,0.0,True,False,False,5.350609665440988,0.5062305898749055,3.187817782917155
v3_sc2_staging_00,L2,4,0,0.1,True,False,False,7.388477631085024,3.638236339311713,0.10000000000000009
v3_sc2_staging_00,L2,4,1,0.1,True,False,False,8.266295090390226,3.465476011779671,0.10000000000000009
v3_sc2_staging_00,L2,4,2,0.1,True,False,False,3.9562445840513925,4.202393007820593,2.6400636936215167
v3_sc2_staging_00,L2,4,3,0.1,True,False,False,3.3449747468305833,4.733784481615574,1.8135470602518549
v3_sc2_staging_00,L2,4,4,0.1,True,False,False,5.850609665440989,0.5062305898749055,2.6148836254345045
v3_sc2_staging_00,L2,4,5,0.1,True,False,False,4.153553390593274,4.423921201644072,1.9046829312822098
v3_sc2_staging_00,L2,4,6,0.1,True,False,False,7.114823227814085,0.5062305898749055,1.9738633753705965
v3_sc2_staging_00,L2,4,7,0.1,True,False,False,7.495584412271571,4.158594208556912,0.20000000000000007
v3_sc2_staging_00,L2,4,8,0.1,True,False,False,3.0370057685088803,4.240516849458507,2.7927951652053915
v3_sc2_staging_00,L2,4,9,0.1,True,False,False,8.835533905932738,3.453795644693843,0.10000000000000009
v3_sc2_staging_00,L2,4,10,0.1,True,False,False,3.0500000000000003,3.4080046059338267,3.4458839313897722
v3_sc2_staging_00,L2,4,11,0.1,True,False,False,4.861269837220809,3.732316150761897,1.1101242188104619
v3_sc2_staging_00,L2,4,12,0.1,True,False,False,8.631980515339464,3.815669125408017,0.10000000000000009
v3_sc2_staging_00,L2,4,13,0.1,True,False,False,3.9000000000000004,4.988624600025037,1.25
v3_sc2_staging_00,L2,4,14,0.1,True,False,False,7.3198484809835,3.240655022853618,0.10000000000000009
v3_sc2_staging_00,L2,4,15,0.1,True,False,False,9.621320343559644,3.6500000000000004,0.10000000000000009
v3_sc2_staging_00,L2,4,16,0.1,True,False,False,7.271320343559643,3.922951503238533,0.10000000000000009
v3_sc2_staging_00,L2,4,17,0.1,True,False,False,8.0476659402887,0.46046863561492735,1.539607805437114
v3_sc2_staging_00,L2,4,18,0.1,True,False,False,4.314213562373095,0.47082439194738,3.8502873468312417
v3_sc2_staging_00,L2,4,19,0.1,True,False,False,5.350609665440988,0.5062305898749055,3.187817782917155
v3_sc2_staging_00,L2,4,0,0.2,True,False,False,7.559188309203677,3.638236339311713,0.20000000000000007
v3_sc2_staging_00,L2,4,1,0.2,True,False,False,8.43700576850888,3.465476011779671,0.20000000000000007
v3_sc2_staging_00,L2,4,2,0.2,True,False,False,3.9562445840513925,4.202393007820593,2.6400636936215167
v3_sc2_staging_00,L2,4,3,0.2,True,False,False,3.3449747468305833,4.733784481615574,1.8135470602518549
v3_sc2_staging_00,L2,4,4,0.2,True,False,False,5.850609665440989,0.5062305898749055,2.6148836254345045
v3_sc2_staging_00,L2,4,5,0.2,True,False,False,4.153553390593274,4.423921201644072,1.9046829312822098
v3_sc2_staging_00,L2,4,6,0.2,True,False,False,7.114823227814085,0.5062305898749055,1.9738633753705965
v3_sc2_staging_00,L2,4,7,0.2,True,False,False,7.495584412271571,4.158594208556912,0.20000000000000007
v3_sc2_staging_00,L2,4,8,0.2,True,False,False,3.0370057685088803,4.240516849458507,2.7927951652053915
v3_sc2_staging_00,L2,4,9,0.2,True,False,False,9.006244584051393,3.453795644693843,0.20000000000000007
v3_sc2_staging_00,L2,4,10,0.2,True,False,False,3.0500000000000003,3.4080046059338267,3.4458839313897722
v3_sc2_staging_00,L2,4,11,0.2,True,False,False,4.861269837220809,3.732316150761897,1.1101242188104619
v3_sc2_staging_00,L2,4,12,0.2,True,False,False,8.802691193458118,3.815669125408017,0.20000000000000007
v3_sc2_staging_00,L2,4,13,0.2,True,False,False,3.9000000000000004,4.988624600025037,1.25
v3_sc2_staging_00,L2,4,14,0.2,True,False,False,7.490559159102154,3.240655022853618,0.20000000000000007
v3_sc2_staging_00,L2,4,15,0.2,True,False,False,9.792031021678298,3.6500000000000004,0.20000000000000007
v3_sc2_staging_00,L2,4,16,0.2,True,False,False,7.312741699796952,4.022444029504401,0.20000000000000007
v3_sc2_staging_00,L2,4,17,0.2,True,False,False,8.0476659402887,0.46046863561492735,1.539607805437114
v3_sc2_staging_00,L2,4,18,0.2,True,False,False,4.314213562373095,0.47082439194738,3.8502873468312417
v3_sc2_staging_00,L2,4,19,0.2,True,False,False,5.350609665440988,0.5062305898749055,3.187817782917155
v3_sc2_staging_00,L2,4,0,0.3,True,False,False,7.771320343559643,3.638236339311713,0.3015609770940699
v3_sc2_staging_00,L2,4,1,0.3,True,False,False,8.731980515339464,3.465476011779671,0.3015609770940699
v3_sc2_staging_00,L2,4,2,0.3,True,False,False,3.9562445840513925,4.202393007820593,2.6400636936215167
v3_sc2_staging_00,L2,4,3,0.3,True,False,False,3.3449747468305833,4.733784481615574,1.8135470602518549
v3_sc2_staging_00,L2,4,4,0.3,True,False,False,5.850609665440989,0.5062305898749055,2.6148836254345045
v3_sc2_staging_00,L2,4,5,0.3,True,False,False,4.153553390593274,4.423921201644072,1.9046829312822098
v3_sc2_staging_00,L2,4,6,0.3,True,False,False,7.114823227814085,0.5062305898749055,1.9738633753705965
v3_sc2_staging_00,L2,4,7,0.3,True,False,False,7.53700576850888,4.25105251496971,0.3015609770940699
v3_sc2_staging_00,L2,4,8,0.3,True,False,False,3.0370057685088803,4.240516849458507,2.7927951652053915
v3_sc2_staging_00,L2,4,9,0.3,True,False,False,9.218376618407358,3.453795644693843,0.3015609770940699
v3_sc2_staging_00,L2,4,10,0.3,True,False,False,3.0500000000000003,3.4080046059338267,3.4458839313897722
v3_sc2_staging_00,L2,4,11,0.3,True,False,False,4.861269837220809,3.732316150761897,1.1101242188104619
v3_sc2_staging_00,L2,4,12,0.3,True,False,False,9.014823227814082,3.815669125408017,0.3015609770940699
v3_sc2_staging_00,L2,4,13,0.3,True,False,False,3.9000000000000004,4.988624600025037,1.25
v3_sc2_staging_00,L2,4,14,0.3,True,False,False,7.702691193458119,3.240655022853618,0.3015609770940699
v3_sc2_staging_00,L2,4,15,0.3,True,False,False,10.087005768508881,3.6512046444375637,0.3015609770940699
v3_sc2_staging_00,L2,4,16,0.3,True,False,False,7.43700576850888,4.022444029504401,0.3015609770940699
v3_sc2_staging_00,L2,4,17,0.3,True,False,False,8.0476659402887,0.46046863561492735,1.539607805437114
v3_sc2_staging_00,L2,4,18,0.3,True,False,False,4.314213562373095,0.47082439194738,3.8502873468312417
v3_sc2_staging_00,L2,4,19,0.3,True,False,False,5.350609665440988,0.5062305898749055,3.187817782917155
v3_sc2_staging_00,L2,4,0,0.4,False,False,False,nan,nan,nan
v3_sc2_staging_00,L2,4,1,0.4,False,False,False,nan,nan,nan
v3_sc2_staging_00,L2,4,2,0.4,True,False,False,3.9562445840513925,4.202393007820593,2.6400636936215167
v3_sc2_staging_00,L2,4,3,0.4,True,False,False,3.3449747468305833,4.733784481615574,1.8135470602518549
v3_sc2_staging_00,L2,4,4,0.4,True,False,False,5.850609665440989,0.5062305898749055,2.6148836254345045
v3_sc2_staging_00,L2,4,5,0.4,True,False,False,4.153553390593274,4.423921201644072,1.9046829312822098
v3_sc2_staging_00,L2,4,6,0.4,True,False,False,7.114823227814085,0.5062305898749055,1.9738633753705965
v3_sc2_staging_00,L2,4,7,0.4,False,False,False,nan,nan,nan
v3_sc2_staging_00,L2,4,8,0.4,True,False,False,3.0370057685088803,4.240516849458507,2.7927951652053915
v3_sc2_staging_00,L2,4,9,0.4,False,False,False,nan,nan,nan
v3_sc2_staging_00,L2,4,10,0.4,True,False,False,3.0500000000000003,3.4080046059338267,3.4458839313897722
v3_sc2_staging_00,L2,4,11,0.4,True,False,False,4.861269837220809,3.732316150761897,1.1101242188104619
v3_sc2_staging_00,L2,4,12,0.4,False,False,False,nan,nan,nan
v3_sc2_staging_00,L2,4,13,0.4,True,False,False,3.9000000000000004,4.988624600025037,1.25
v3_sc2_staging_00,L2,4,14,0.4,False,False,False,nan,nan,nan
v3_sc2_staging_00,L2,4,15,0.4,False,False,False,nan,nan,nan
v3_sc2_staging_00,L2,4,16,0.4,False,False,False,nan,nan,nan
v3_sc2_staging_00,L2,4,17,0.4,True,False,False,8.0476659402887,0.46046863561492735,1.539607805437114
v3_sc2_staging_00,L2,4,18,0.4,True,False,False,4.314213562373095,0.47082439194738,3.8502873468312417
v3_sc2_staging_00,L2,4,19,0.4,True,False,False,5.350609665440988,0.5062305898749055,3.187817782917155
v3_sc2_staging_00,L2,4,0,0.5,False,False,False,nan,nan,nan
v3_sc2_staging_00,L2,4,1,0.5,False,False,False,nan,nan,nan
v3_sc2_staging_00,L2,4,2,0.5,True,False,False,3.9562445840513925,4.202393007820593,2.6400636936215167
v3_sc2_staging_00,L2,4,3,0.5,True,False,False,3.3449747468305833,4.733784481615574,1.8135470602518549
v3_sc2_staging_00,L2,4,4,0.5,True,False,False,5.850609665440989,0.5062305898749055,2.6148836254345045
v3_sc2_staging_00,L2,4,5,0.5,True,False,False,4.153553390593274,4.423921201644072,1.9046829312822098
v3_sc2_staging_00,L2,4,6,0.5,True,False,False,7.114823227814085,0.5062305898749055,1.9738633753705965
v3_sc2_staging_00,L2,4,7,0.5,False,False,False,nan,nan,nan
v3_sc2_staging_00,L2,4,8,0.5,True,False,False,3.0370057685088803,4.240516849458507,2.7927951652053915
v3_sc2_staging_00,L2,4,9,0.5,False,False,False,nan,nan,nan
v3_sc2_staging_00,L2,4,10,0.5,True,False,False,3.0500000000000003,3.4080046059338267,3.4458839313897722
v3_sc2_staging_00,L2,4,11,0.5,True,False,False,4.861269837220809,3.732316150761897,1.1101242188104619
v3_sc2_staging_00,L2,4,12,0.5,False,False,False,nan,nan,nan
v3_sc2_staging_00,L2,4,13,0.5,True,False,False,3.9000000000000004,4.988624600025037,1.25
v3_sc2_staging_00,L2,4,14,0.5,False,False,False,nan,nan,nan
v3_sc2_staging_00,L2,4,15,0.5,False,False,False,nan,nan,nan
v3_sc2_staging_00,L2,4,16,0.5,False,False,False,nan,nan,nan
v3_sc2_staging_00,L2,4,17,0.5,True,False,False,8.089087296526012,0.5062305898749055,1.539607805437114
v3_sc2_staging_00,L2,4,18,0.5,True,False,False,4.314213562373095,0.5062305898749055,3.8502873468312417
v3_sc2_staging_00,L2,4,19,0.5,True,False,False,5.350609665440988,0.5062305898749055,3.187817782917155
v3_sc2_staging_00,L2,4,0,0.6,False,False,False,nan,nan,nan
v3_sc2_staging_00,L2,4,1,0.6,False,False,False,nan,nan,nan
v3_sc2_staging_00,L2,4,2,0.6,True,False,False,3.9562445840513925,4.202393007820593,2.6400636936215167
v3_sc2_staging_00,L2,4,3,0.6,True,False,False,3.3449747468305833,4.733784481615574,1.8135470602518549
v3_sc2_staging_00,L2,4,4,0.6,False,False,False,nan,nan,nan
v3_sc2_staging_00,L2,4,5,0.6,True,False,False,4.153553390593274,4.423921201644072,1.9046829312822098
v3_sc2_staging_00,L2,4,6,0.6,False,False,False,nan,nan,nan
v3_sc2_staging_00,L2,4,7,0.6,False,False,False,nan,nan,nan
v3_sc2_staging_00,L2,4,8,0.6,True,False,False,3.0370057685088803,4.240516849458507,2.7927951652053915
v3_sc2_staging_00,L2,4,9,0.6,False,False,False,nan,nan,nan
v3_sc2_staging_00,L2,4,10,0.6,True,False,False,3.0500000000000003,3.4080046059338267,3.4458839313897722
v3_sc2_staging_00,L2,4,11,0.6,True,False,False,4.861269837220809,3.732316150761897,1.1101242188104619
v3_sc2_staging_00,L2,4,12,0.6,False,False,False,nan,nan,nan
v3_sc2_staging_00,L2,4,13,0.6,True,False,False,3.9000000000000004,4.988624600025037,1.25
v3_sc2_staging_00,L2,4,14,0.6,False,False,False,nan,nan,nan
v3_sc2_staging_00,L2,4,15,0.6,False,False,False,nan,nan,nan
v3_sc2_staging_00,L2,4,16,0.6,False,False,False,nan,nan,nan
v3_sc2_staging_00,L2,4,17,0.6,False,False,False,nan,nan,nan
v3_sc2_staging_00,L2,4,18,0.6,False,False,False,nan,nan,nan
v3_sc2_staging_00,L2,4,19,0.6,False,False,False,nan,nan,nan
v3_sc2_staging_00,L2,4,0,0.8,False,False,False,nan,nan,nan
v3_sc2_staging_00,L2,4,1,0.8,False,False,False,nan,nan,nan
v3_sc2_staging_00,L2,4,2,0.8,True,False,False,3.9562445840513925,4.202393007820593,2.6400636936215167
v3_sc2_staging_00,L2,4,3,0.8,True,False,False,3.3449747468305833,4.733784481615574,1.8135470602518549
v3_sc2_staging_00,L2,4,4,0.8,False,False,False,nan,nan,nan
v3_sc2_staging_00,L2,4,5,0.8,True,False,False,4.153553390593274,4.423921201644072,1.9046829312822098
v3_sc2_staging_00,L2,4,6,0.8,False,False,False,nan,nan,nan
v3_sc2_staging_00,L2,4,7,0.8,False,False,False,nan,nan,nan
v3_sc2_staging_00,L2,4,8,0.8,True,False,False,3.0370057685088803,4.240516849458507,2.7927951652053915
v3_sc2_staging_00,L2,4,9,0.8,False,False,False,nan,nan,nan
v3_sc2_staging_00,L2,4,10,0.8,True,False,False,3.0500000000000003,3.4080046059338267,3.4458839313897722
v3_sc2_staging_00,L2,4,11,0.8,True,False,False,4.861269837220809,3.732316150761897,1.1101242188104619
v3_sc2_staging_00,L2,4,12,0.8,False,False,False,nan,nan,nan
v3_sc2_staging_00,L2,4,13,0.8,True,False,False,3.9000000000000004,4.988624600025037,1.25
v3_sc2_staging_00,L2,4,14,0.8,False,False,False,nan,nan,nan
v3_sc2_staging_00,L2,4,15,0.8,False,False,False,nan,nan,nan
v3_sc2_staging_00,L2,4,16,0.8,False,False,False,nan,nan,nan
v3_sc2_staging_00,L2,4,17,0.8,False,False,False,nan,nan,nan
v3_sc2_staging_00,L2,4,18,0.8,False,False,False,nan,nan,nan
v3_sc2_staging_00,L2,4,19,0.8,False,False,False,nan,nan,nan
v3_sc2_staging_00,L2,4,0,1.0,False,False,False,nan,nan,nan
v3_sc2_staging_00,L2,4,1,1.0,False,False,False,nan,nan,nan
v3_sc2_staging_00,L2,4,2,1.0,True,False,False,3.9562445840513925,4.202393007820593,2.6400636936215167
v3_sc2_staging_00,L2,4,3,1.0,True,False,False,3.3449747468305833,4.733784481615574,1.8135470602518549
v3_sc2_staging_00,L2,4,4,1.0,False,False,False,nan,nan,nan
v3_sc2_staging_00,L2,4,5,1.0,True,False,False,4.153553390593274,4.423921201644072,1.9046829312822098
v3_sc2_staging_00,L2,4,6,1.0,False,False,False,nan,nan,nan
v3_sc2_staging_00,L2,4,7,1.0,False,False,False,nan,nan,nan
v3_sc2_staging_00,L2,4,8,1.0,True,False,False,3.0370057685088803,4.240516849458507,2.7927951652053915
v3_sc2_staging_00,L2,4,9,1.0,False,False,False,nan,nan,nan
v3_sc2_staging_00,L2,4,10,1.0,True,False,False,3.0500000000000003,3.4080046059338267,3.4458839313897722
v3_sc2_staging_00,L2,4,11,1.0,True,False,False,4.861269837220809,3.732316150761897,1.1101242188104619
v3_sc2_staging_00,L2,4,12,1.0,False,False,False,nan,nan,nan
v3_sc2_staging_00,L2,4,13,1.0,True,False,False,3.9000000000000004,4.988624600025037,1.25
v3_sc2_staging_00,L2,4,14,1.0,False,False,False,nan,nan,nan
v3_sc2_staging_00,L2,4,15,1.0,False,False,False,nan,nan,nan
v3_sc2_staging_00,L2,4,16,1.0,False,False,False,nan,nan,nan
v3_sc2_staging_00,L2,4,17,1.0,False,False,False,nan,nan,nan
v3_sc2_staging_00,L2,4,18,1.0,False,False,False,nan,nan,nan
v3_sc2_staging_00,L2,4,19,1.0,False,False,False,nan,nan,nan
v3_sc2_staging_00,L2,4,0,1.25,False,False,False,nan,nan,nan
v3_sc2_staging_00,L2,4,1,1.25,False,False,False,nan,nan,nan
v3_sc2_staging_00,L2,4,2,1.25,True,False,False,3.9562445840513925,4.202393007820593,2.6400636936215167
v3_sc2_staging_00,L2,4,3,1.25,True,False,False,3.3449747468305833,4.733784481615574,1.8135470602518549
v3_sc2_staging_00,L2,4,4,1.25,False,False,False,nan,nan,nan
v3_sc2_staging_00,L2,4,5,1.25,True,False,False,4.153553390593274,4.423921201644072,1.9046829312822098
v3_sc2_staging_00,L2,4,6,1.25,False,False,False,nan,nan,nan
v3_sc2_staging_00,L2,4,7,1.25,False,False,False,nan,nan,nan
v3_sc2_staging_00,L2,4,8,1.25,True,False,False,3.0370057685088803,4.240516849458507,2.7927951652053915
v3_sc2_staging_00,L2,4,9,1.25,False,False,False,nan,nan,nan
v3_sc2_staging_00,L2,4,10,1.25,True,False,False,3.0500000000000003,3.4080046059338267,3.4458839313897722
v3_sc2_staging_00,L2,4,11,1.25,True,False,False,4.861269837220808,3.732316150761897,1.255704986607944
v3_sc2_staging_00,L2,4,12,1.25,False,False,False,nan,nan,nan
v3_sc2_staging_00,L2,4,13,1.25,True,False,False,3.9207106781186547,4.938979683727455,1.2755280904564703
v3_sc2_staging_00,L2,4,14,1.25,False,False,False,nan,nan,nan
v3_sc2_staging_00,L2,4,15,1.25,False,False,False,nan,nan,nan
v3_sc2_staging_00,L2,4,16,1.25,False,False,False,nan,nan,nan
v3_sc2_staging_00,L2,4,17,1.25,False,False,False,nan,nan,nan
v3_sc2_staging_00,L2,4,18,1.25,False,False,False,nan,nan,nan
v3_sc2_staging_00,L2,4,19,1.25,False,False,False,nan,nan,nan
v3_sc2_staging_00,L2,4,0,1.5,False,False,False,nan,nan,nan
v3_sc2_staging_00,L2,4,1,1.5,False,False,False,nan,nan,nan
v3_sc2_staging_00,L2,4,2,1.5,True,False,False,3.9562445840513925,4.202393007820593,2.6400636936215167
v3_sc2_staging_00,L2,4,3,1.5,True,False,False,3.3449747468305833,4.733784481615574,1.8135470602518549
v3_sc2_staging_00,L2,4,4,1.5,False,False,False,nan,nan,nan
v3_sc2_staging_00,L2,4,5,1.5,True,False,False,4.153553390593274,4.423921201644072,1.9046829312822098
v3_sc2_staging_00,L2,4,6,1.5,False,False,False,nan,nan,nan
v3_sc2_staging_00,L2,4,7,1.5,False,False,False,nan,nan,nan
v3_sc2_staging_00,L2,4,8,1.5,True,False,False,3.0370057685088803,4.240516849458507,2.7927951652053915
v3_sc2_staging_00,L2,4,9,1.5,False,False,False,nan,nan,nan
v3_sc2_staging_00,L2,4,10,1.5,True,False,False,3.0500000000000003,3.4080046059338267,3.4458839313897722
v3_sc2_staging_00,L2,4,11,1.5,True,False,False,4.861269837220809,3.732316150761897,1.50124960961895
v3_sc2_staging_00,L2,4,12,1.5,False,False,False,nan,nan,nan
v3_sc2_staging_00,L2,4,13,1.5,False,False,False,nan,nan,nan
v3_sc2_staging_00,L2,4,14,1.5,False,False,False,nan,nan,nan
v3_sc2_staging_00,L2,4,15,1.5,False,False,False,nan,nan,nan
v3_sc2_staging_00,L2,4,16,1.5,False,False,False,nan,nan,nan
v3_sc2_staging_00,L2,4,17,1.5,False,False,False,nan,nan,nan
v3_sc2_staging_00,L2,4,18,1.5,False,False,False,nan,nan,nan
v3_sc2_staging_00,L2,4,19,1.5,False,False,False,nan,nan,nan
v3_sc2_staging_00,L2,4,0,2.0,False,False,False,nan,nan,nan
v3_sc2_staging_00,L2,4,1,2.0,False,False,False,nan,nan,nan
v3_sc2_staging_00,L2,4,2,2.0,True,False,False,3.9562445840513925,4.202393007820593,2.6400636936215167
v3_sc2_staging_00,L2,4,3,2.0,True,False,False,3.3863961030678933,4.765216044950103,2.0004999500099974
v3_sc2_staging_00,L2,4,4,2.0,False,False,False,nan,nan,nan
v3_sc2_staging_00,L2,4,5,2.0,True,False,False,4.194974746830584,4.423921201644072,2.0004999500099974
v3_sc2_staging_00,L2,4,6,2.0,False,False,False,nan,nan,nan
v3_sc2_staging_00,L2,4,7,2.0,False,False,False,nan,nan,nan
v3_sc2_staging_00,L2,4,8,2.0,True,False,False,3.0370057685088803,4.240516849458507,2.7927951652053915
v3_sc2_staging_00,L2,4,9,2.0,False,False,False,nan,nan,nan
v3_sc2_staging_00,L2,4,10,2.0,True,False,False,3.0500000000000003,3.4080046059338267,3.4458839313897722
v3_sc2_staging_00,L2,4,11,2.0,True,False,False,5.056244584051393,3.6100486615124154,2.0004999500099974
v3_sc2_staging_00,L2,4,12,2.0,False,False,False,nan,nan,nan
v3_sc2_staging_00,L2,4,13,2.0,False,False,False,nan,nan,nan
v3_sc2_staging_00,L2,4,14,2.0,False,False,False,nan,nan,nan
v3_sc2_staging_00,L2,4,15,2.0,False,False,False,nan,nan,nan
v3_sc2_staging_00,L2,4,16,2.0,False,False,False,nan,nan,nan
v3_sc2_staging_00,L2,4,17,2.0,False,False,False,nan,nan,nan
v3_sc2_staging_00,L2,4,18,2.0,False,False,False,nan,nan,nan
v3_sc2_staging_00,L2,4,19,2.0,False,False,False,nan,nan,nan
v3_sc2_staging_00,L3,0,0,0.0,True,False,False,7.371320343559642,3.693149174546501,0.002493781056044475
v3_sc2_staging_00,L3,0,1,0.0,True,False,False,8.162741699796952,3.484971769034255,0.002493781056044475
v3_sc2_staging_00,L3,0,2,0.0,True,False,False,3.8683766184073565,4.145696933722647,2.6819805153394642
v3_sc2_staging_00,L3,0,3,0.0,True,False,False,3.2621320343559645,4.622987409705396,1.8048861143232222
v3_sc2_staging_00,L3,0,4,0.0,True,False,False,6.07634559672906,0.39022469073824295,2.5565503431155854
v3_sc2_staging_00,L3,0,5,0.0,True,False,False,4.070710678118655,4.300000000000001,1.8005434140654684
v3_sc2_staging_00,L3,0,6,0.0,True,False,False,7.373401871576775,0.36023252670426276,1.8926972228010799
v3_sc2_staging_00,L3,0,7,0.0,True,False,False,7.521320343559643,4.202393007820593,0.050000000000000044
v3_sc2_staging_00,L3,0,8,0.0,True,False,False,3.0455844122715705,4.180010683748489,2.656342820417326
v3_sc2_staging_00,L3,0,9,0.0,True,True,False,8.739087296526012,3.5252329125157464,0.002493781056044475
v3_sc2_staging_00,L3,0,10,0.0,True,False,False,3.0500000000000003,3.2054014627297813,3.4322385482063527
v3_sc2_staging_00,L3,0,11,0.0,True,False,False,4.794112549695429,3.753527947480773,1.1401219466856727
v3_sc2_staging_00,L3,0,12,0.0,True,False,False,8.585533905932738,3.8786413417862855,0.002493781056044475
v3_sc2_staging_00,L3,0,13,0.0,True,False,False,3.9828427124746195,4.796461082647545,1.1500000000000001
v3_sc2_staging_00,L3,0,14,0.0,True,True,False,7.202691193458122,3.3147739120424955,0.002493781056044475
v3_sc2_staging_00,L3,0,15,0.0,True,False,False,9.547056274847714,3.6500000000000004,0.002493781056044475
v3_sc2_staging_00,L3,0,16,0.0,True,False,False,7.2884776310850246,4.083121207212395,0.002493781056044475
v3_sc2_staging_00,L3,0,17,0.0,True,False,False,8.25269119345812,0.36023252670426276,1.46596032513375
v3_sc2_staging_00,L3,0,18,0.0,True,False,False,4.589949493661167,0.36023252670426276,3.6907636535600528
v3_sc2_staging_00,L3,0,19,0.0,True,False,False,5.471320343559643,0.39022469073824295,3.123534186398688
v3_sc2_staging_00,L3,0,0,0.1,True,False,False,7.471320343559643,3.693149174546501,0.10000000000000009
v3_sc2_staging_00,L3,0,1,0.1,True,False,False,8.262741699796953,3.484971769034255,0.10000000000000009
v3_sc2_staging_00,L3,0,2,0.1,True,False,False,3.8683766184073565,4.145696933722647,2.6819805153394642
v3_sc2_staging_00,L3,0,3,0.1,True,False,False,3.2621320343559645,4.622987409705396,1.8048861143232222
v3_sc2_staging_00,L3,0,4,0.1,True,False,False,6.07634559672906,0.39022469073824295,2.5565503431155854
v3_sc2_staging_00,L3,0,5,0.1,True,False,False,4.070710678118655,4.300000000000001,1.8005434140654684
v3_sc2_staging_00,L3,0,6,0.1,True,False,False,7.373401871576775,0.36023252670426276,1.8926972228010799
v3_sc2_staging_00,L3,0,7,0.1,True,False,False,7.521320343559643,4.302343178074636,0.30000000000000004
v3_sc2_staging_00,L3,0,8,0.1,True,False,False,3.0455844122715705,4.180010683748489,2.656342820417326
v3_sc2_staging_00,L3,0,9,0.1,True,False,False,8.839087296526012,3.5252329125157464,0.10000000000000009
v3_sc2_staging_00,L3,0,10,0.1,True,False,False,3.0500000000000003,3.2054014627297813,3.4322385482063527
v3_sc2_staging_00,L3,0,11,0.1,True,False,False,4.794112549695429,3.753527947480773,1.1401219466856727
v3_sc2_staging_00,L3,0,12,0.1,True,False,False,8.685533905932738,3.8786413417862855,0.10000000000000009
v3_sc2_staging_00,L3,0,13,0.1,True,False,False,3.9828427124746195,4.796461082647545,1.1500000000000001
v3_sc2_staging_00,L3,0,14,0.1,True,False,False,7.302691193458124,3.3147739120424955,0.10000000000000009
v3_sc2_staging_00,L3,0,15,0.1,True,False,False,9.66776695296637,3.6500000000000004,0.10000000000000009
v3_sc2_staging_00,L3,0,16,0.1,True,False,False,7.329898987322332,4.083121207212395,0.10000000000000009
v3_sc2_staging_00,L3,0,17,0.1,True,False,False,8.25269119345812,0.36023252670426276,1.46596032513375
v3_sc2_staging_00,L3,0,18,0.1,True,False,False,4.589949493661167,0.36023252670426276,3.6907636535600528
v3_sc2_staging_00,L3,0,19,0.1,True,False,False,5.471320343559643,0.39022469073824295,3.123534186398688
v3_sc2_staging_00,L3,0,0,0.2,True,False,False,7.642031021678297,3.693149174546501,0.20000000000000007
v3_sc2_staging_00,L3,0,1,0.2,True,False,False,8.516295090390226,3.484971769034255,0.20000000000000007
v3_sc2_staging_00,L3,0,2,0.2,True,False,False,3.8683766184073565,4.145696933722647,2.6819805153394642
v3_sc2_staging_00,L3,0,3,0.2,True,False,False,3.2621320343559645,4.622987409705396,1.8048861143232222
v3_sc2_staging_00,L3,0,4,0.2,True,False,False,6.07634559672906,0.39022469073824295,2.5565503431155854
v3_sc2_staging_00,L3,0,5,0.2,True,False,False,4.070710678118655,4.300000000000001,1.8005434140654684
v3_sc2_staging_00,L3,0,6,0.2,True,False,False,7.373401871576775,0.36023252670426276,1.8926972228010799
v3_sc2_staging_00,L3,0,7,0.2,True,False,False,7.521320343559643,4.302343178074636,0.30000000000000004
v3_sc2_staging_00,L3,0,8,0.2,True,False,False,3.0455844122715705,4.180010683748489,2.656342820417326
v3_sc2_staging_00,L3,0,9,0.2,True,False,False,9.009797974644668,3.5252329125157464,0.20000000000000007
v3_sc2_staging_00,L3,0,10,0.2,True,False,False,3.0500000000000003,3.2054014627297813,3.4322385482063527
v3_sc2_staging_00,L3,0,11,0.2,True,False,False,4.794112549695429,3.753527947480773,1.1401219466856727
v3_sc2_staging_00,L3,0,12,0.2,True,False,False,8.856244584051394,3.8786413417862855,0.20000000000000007
v3_sc2_staging_00,L3,0,13,0.2,True,False,False,3.9828427124746195,4.796461082647545,1.1500000000000001
v3_sc2_staging_00,L3,0,14,0.2,True,False,False,7.473401871576775,3.3147739120424955,0.20000000000000007
v3_sc2_staging_00,L3,0,15,0.2,True,False,False,9.879898987322335,3.6500000000000004,0.20000000000000007
v3_sc2_staging_00,L3,0,16,0.2,True,False,False,7.412741699796951,4.083121207212395,0.20000000000000007
v3_sc2_staging_00,L3,0,17,0.2,True,False,False,8.25269119345812,0.36023252670426276,1.46596032513375
v3_sc2_staging_00,L3,0,18,0.2,True,False,False,4.589949493661167,0.36023252670426276,3.6907636535600528
v3_sc2_staging_00,L3,0,19,0.2,True,False,False,5.471320343559643,0.39022469073824295,3.123534186398688
v3_sc2_staging_00,L3,0,0,0.3,True,False,False,7.8541630560342615,3.693149174546501,0.3015609770940699
v3_sc2_staging_00,L3,0,1,0.3,True,False,False,8.852691193458119,3.484971769034255,0.3015609770940699
v3_sc2_staging_00,L3,0,2,0.3,True,False,False,3.8683766184073565,4.145696933722647,2.6819805153394642
v3_sc2_staging_00,L3,0,3,0.3,True,False,False,3.2621320343559645,4.622987409705396,1.8048861143232222
v3_sc2_staging_00,L3,0,4,0.3,True,False,False,6.07634559672906,0.39022469073824295,2.5565503431155854
v3_sc2_staging_00,L3,0,5,0.3,True,False,False,4.070710678118655,4.300000000000001,1.8005434140654684
v3_sc2_staging_00,L3,0,6,0.3,True,False,False,7.373401871576775,0.36023252670426276,1.8926972228010799
v3_sc2_staging_00,L3,0,7,0.3,True,False,False,7.562741699796952,4.302343178074636,0.3015609770940699
v3_sc2_staging_00,L3,0,8,0.3,True,False,False,3.0455844122715705,4.180010683748489,2.656342820417326
v3_sc2_staging_00,L3,0,9,0.3,True,False,False,9.221930009000632,3.5252329125157464,0.3015609770940699
v3_sc2_staging_00,L3,0,10,0.3,True,False,False,3.0500000000000003,3.2054014627297813,3.4322385482063527
v3_sc2_staging_00,L3,0,11,0.3,True,False,False,4.794112549695429,3.753527947480773,1.1401219466856727
v3_sc2_staging_00,L3,0,12,0.3,True,False,False,9.068376618407356,3.8786413417862855,0.3015609770940699
v3_sc2_staging_00,L3,0,13,0.3,True,False,False,3.9828427124746195,4.796461082647545,1.1500000000000001
v3_sc2_staging_00,L3,0,14,0.3,True,False,False,7.685533905932738,3.3147739120424955,0.3015609770940699
v3_sc2_staging_00,L3,0,15,0.3,True,False,False,10.154163056034262,3.6500000000000004,0.3015609770940699
v3_sc2_staging_00,L3,0,16,0.3,True,False,False,7.53700576850888,4.083121207212395,0.3015609770940699
v3_sc2_staging_00,L3,0,17,0.3,True,False,False,8.25269119345812,0.36023252670426276,1.46596032513375
v3_sc2_staging_00,L3,0,18,0.3,True,False,False,4.589949493661167,0.36023252670426276,3.6907636535600528
v3_sc2_staging_00,L3,0,19,0.3,True,False,False,5.471320343559643,0.39022469073824295,3.123534186398688
v3_sc2_staging_00,L3,0,0,0.4,False,False,False,nan,nan,nan
v3_sc2_staging_00,L3,0,1,0.4,False,False,False,nan,nan,nan
v3_sc2_staging_00,L3,0,2,0.4,True,False,False,3.8683766184073565,4.145696933722647,2.6819805153394642
v3_sc2_staging_00,L3,0,3,0.4,True,False,False,3.2621320343559645,4.622987409705396,1.8048861143232222
v3_sc2_staging_00,L3,0,4,0.4,False,False,False,nan,nan,nan
v3_sc2_staging_00,L3,0,5,0.4,True,False,False,4.070710678118655,4.300000000000001,1.8005434140654684
v3_sc2_staging_00,L3,0,6,0.4,False,False,False,nan,nan,nan
v3_sc2_staging_00,L3,0,7,0.4,False,False,False,nan,nan,nan
v3_sc2_staging_00,L3,0,8,0.4,True,False,False,3.0455844122715705,4.180010683748489,2.656342820417326
v3_sc2_staging_00,L3,0,9,0.4,False,False,False,nan,nan,nan
v3_sc2_staging_00,L3,0,10,0.4,True,False,False,3.0500000000000003,3.2054014627297813,3.4322385482063527
v3_sc2_staging_00,L3,0,11,0.4,True,False,False,4.794112549695429,3.753527947480773,1.1401219466856727
v3_sc2_staging_00,L3,0,12,0.4,False,False,False,nan,nan,nan
v3_sc2_staging_00,L3,0,13,0.4,True,False,False,3.9828427124746195,4.796461082647545,1.1500000000000001
v3_sc2_staging_00,L3,0,14,0.4,False,False,False,nan,nan,nan
v3_sc2_staging_00,L3,0,15,0.4,False,False,False,nan,nan,nan
v3_sc2_staging_00,L3,0,16,0.4,False,False,False,nan,nan,nan
v3_sc2_staging_00,L3,0,17,0.4,False,False,False,nan,nan,nan
v3_sc2_staging_00,L3,0,18,0.4,False,False,False,nan,nan,nan
v3_sc2_staging_00,L3,0,19,0.4,False,False,False,nan,nan,nan
v3_sc2_staging_00,L3,0,0,0.5,False,False,False,nan,nan,nan
v3_sc2_staging_00,L3,0,1,0.5,False,False,False,nan,nan,nan
v3_sc2_staging_00,L3,0,2,0.5,True,False,False,3.8683766184073565,4.145696933722647,2.6819805153394642
v3_sc2_staging_00,L3,0,3,0.5,True,False,False,3.2621320343559645,4.622987409705396,1.8048861143232222
v3_sc2_staging_00,L3,0,4,0.5,False,False,False,nan,nan,nan
v3_sc2_staging_00,L3,0,5,0.5,True,False,False,4.070710678118655,4.300000000000001,1.8005434140654684
v3_sc2_staging_00,L3,0,6,0.5,False,False,False,nan,nan,nan
v3_sc2_staging_00,L3,0,7,0.5,False,False,False,nan,nan,nan
v3_sc2_staging_00,L3,0,8,0.5,True,False,False,3.0455844122715705,4.180010683748489,2.656342820417326
v3_sc2_staging_00,L3,0,9,0.5,False,False,False,nan,nan,nan
v3_sc2_staging_00,L3,0,10,0.5,True,False,False,3.0500000000000003,3.2054014627297813,3.4322385482063527
v3_sc2_staging_00,L3,0,11,0.5,True,False,False,4.794112549695429,3.753527947480773,1.1401219466856727
v3_sc2_staging_00,L3,0,12,0.5,False,False,False,nan,nan,nan
v3_sc2_staging_00,L3,0,13,0.5,True,False,False,3.9828427124746195,4.796461082647545,1.1500000000000001
v3_sc2_staging_00,L3,0,14,0.5,False,False,False,nan,nan,nan
v3_sc2_staging_00,L3,0,15,0.5,False,False,False,nan,nan,nan
v3_sc2_staging_00,L3,0,16,0.5,False,False,False,nan,nan,nan
v3_sc2_staging_00,L3,0,17,0.5,False,False,False,nan,nan,nan
v3_sc2_staging_00,L3,0,18,0.5,False,False,False,nan,nan,nan
v3_sc2_staging_00,L3,0,19,0.5,False,False,False,nan,nan,nan
v3_sc2_staging_00,L3,0,0,0.6,False,False,False,nan,nan,nan
v3_sc2_staging_00,L3,0,1,0.6,False,False,False,nan,nan,nan
v3_sc2_staging_00,L3,0,2,0.6,True,False,False,3.8683766184073565,4.145696933722647,2.6819805153394642
v3_sc2_staging_00,L3,0,3,0.6,True,False,False,3.2621320343559645,4.622987409705396,1.8048861143232222
v3_sc2_staging_00,L3,0,4,0.6,False,False,False,nan,nan,nan
v3_sc2_staging_00,L3,0,5,0.6,True,False,False,4.070710678118655,4.300000000000001,1.8005434140654684
v3_sc2_staging_00,L3,0,6,0.6,False,False,False,nan,nan,nan
v3_sc2_staging_00,L3,0,7,0.6,False,False,False,nan,nan,nan
v3_sc2_staging_00,L3,0,8,0.6,True,False,False,3.0455844122715705,4.180010683748489,2.656342820417326
v3_sc2_staging_00,L3,0,9,0.6,False,False,False,nan,nan,nan
v3_sc2_staging_00,L3,0,10,0.6,True,False,False,3.0500000000000003,3.2054014627297813,3.4322385482063527
v3_sc2_staging_00,L3,0,11,0.6,True,False,False,4.794112549695429,3.753527947480773,1.1401219466856727
v3_sc2_staging_00,L3,0,12,0.6,False,False,False,nan,nan,nan
v3_sc2_staging_00,L3,0,13,0.6,True,False,False,3.9828427124746195,4.796461082647545,1.1500000000000001
v3_sc2_staging_00,L3,0,14,0.6,False,False,False,nan,nan,nan
v3_sc2_staging_00,L3,0,15,0.6,False,False,False,nan,nan,nan
v3_sc2_staging_00,L3,0,16,0.6,False,False,False,nan,nan,nan
v3_sc2_staging_00,L3,0,17,0.6,False,False,False,nan,nan,nan
v3_sc2_staging_00,L3,0,18,0.6,False,False,False,nan,nan,nan
v3_sc2_staging_00,L3,0,19,0.6,False,False,False,nan,nan,nan
v3_sc2_staging_00,L3,0,0,0.8,False,False,False,nan,nan,nan
v3_sc2_staging_00,L3,0,1,0.8,False,False,False,nan,nan,nan
v3_sc2_staging_00,L3,0,2,0.8,True,False,False,3.8683766184073565,4.145696933722647,2.6819805153394642
v3_sc2_staging_00,L3,0,3,0.8,True,False,False,3.2621320343559645,4.622987409705396,1.8048861143232222
v3_sc2_staging_00,L3,0,4,0.8,False,False,False,nan,nan,nan
v3_sc2_staging_00,L3,0,5,0.8,True,False,False,4.070710678118655,4.300000000000001,1.8005434140654684
v3_sc2_staging_00,L3,0,6,0.8,False,False,False,nan,nan,nan
v3_sc2_staging_00,L3,0,7,0.8,False,False,False,nan,nan,nan
v3_sc2_staging_00,L3,0,8,0.8,True,False,False,3.0455844122715705,4.180010683748489,2.656342820417326
v3_sc2_staging_00,L3,0,9,0.8,False,False,False,nan,nan,nan
v3_sc2_staging_00,L3,0,10,0.8,True,False,False,3.0500000000000003,3.2054014627297813,3.4322385482063527
v3_sc2_staging_00,L3,0,11,0.8,True,False,False,4.794112549695429,3.753527947480773,1.1401219466856727
v3_sc2_staging_00,L3,0,12,0.8,False,False,False,nan,nan,nan
v3_sc2_staging_00,L3,0,13,0.8,True,False,False,3.9828427124746195,4.796461082647545,1.1500000000000001
v3_sc2_staging_00,L3,0,14,0.8,False,False,False,nan,nan,nan
v3_sc2_staging_00,L3,0,15,0.8,False,False,False,nan,nan,nan
v3_sc2_staging_00,L3,0,16,0.8,False,False,False,nan,nan,nan
v3_sc2_staging_00,L3,0,17,0.8,False,False,False,nan,nan,nan
v3_sc2_staging_00,L3,0,18,0.8,False,False,False,nan,nan,nan
v3_sc2_staging_00,L3,0,19,0.8,False,False,False,nan,nan,nan
v3_sc2_staging_00,L3,0,0,1.0,False,False,False,nan,nan,nan
v3_sc2_staging_00,L3,0,1,1.0,False,False,False,nan,nan,nan
v3_sc2_staging_00,L3,0,2,1.0,True,False,False,3.8683766184073565,4.145696933722647,2.6819805153394642
v3_sc2_staging_00,L3,0,3,1.0,True,False,False,3.2621320343559645,4.622987409705396,1.8048861143232222
v3_sc2_staging_00,L3,0,4,1.0,False,False,False,nan,nan,nan
v3_sc2_staging_00,L3,0,5,1.0,True,False,False,4.070710678118655,4.300000000000001,1.8005434140654684
v3_sc2_staging_00,L3,0,6,1.0,False,False,False,nan,nan,nan
v3_sc2_staging_00,L3,0,7,1.0,False,False,False,nan,nan,nan
v3_sc2_staging_00,L3,0,8,1.0,True,False,False,3.0455844122715705,4.180010683748489,2.656342820417326
v3_sc2_staging_00,L3,0,9,1.0,False,False,False,nan,nan,nan
v3_sc2_staging_00,L3,0,10,1.0,True,False,False,3.0500000000000003,3.2054014627297813,3.4322385482063527
v3_sc2_staging_00,L3,0,11,1.0,True,False,False,4.794112549695429,3.753527947480773,1.1401219466856727
v3_sc2_staging_00,L3,0,12,1.0,False,False,False,nan,nan,nan
v3_sc2_staging_00,L3,0,13,1.0,True,False,False,3.9828427124746195,4.796461082647545,1.1500000000000001
v3_sc2_staging_00,L3,0,14,1.0,False,False,False,nan,nan,nan
v3_sc2_staging_00,L3,0,15,1.0,False,False,False,nan,nan,nan
v3_sc2_staging_00,L3,0,16,1.0,False,False,False,nan,nan,nan
v3_sc2_staging_00,L3,0,17,1.0,False,False,False,nan,nan,nan
v3_sc2_staging_00,L3,0,18,1.0,False,False,False,nan,nan,nan
v3_sc2_staging_00,L3,0,19,1.0,False,False,False,nan,nan,nan
v3_sc2_staging_00,L3,0,0,1.25,False,False,False,nan,nan,nan
v3_sc2_staging_00,L3,0,1,1.25,False,False,False,nan,nan,nan
v3_sc2_staging_00,L3,0,2,1.25,True,False,False,3.8683766184073565,4.145696933722647,2.6819805153394642
v3_sc2_staging_00,L3,0,3,1.25,True,False,False,3.2621320343559645,4.622987409705396,1.8048861143232222
v3_sc2_staging_00,L3,0,4,1.25,False,False,False,nan,nan,nan
v3_sc2_staging_00,L3,0,5,1.25,True,False,False,4.070710678118655,4.300000000000001,1.8005434140654684
v3_sc2_staging_00,L3,0,6,1.25,False,False,False,nan,nan,nan
v3_sc2_staging_00,L3,0,7,1.25,False,False,False,nan,nan,nan
v3_sc2_staging_00,L3,0,8,1.25,True,False,False,3.0455844122715705,4.180010683748489,2.656342820417326
v3_sc2_staging_00,L3,0,9,1.25,False,False,False,nan,nan,nan
v3_sc2_staging_00,L3,0,10,1.25,True,False,False,3.0500000000000003,3.2054014627297813,3.4322385482063527
v3_sc2_staging_00,L3,0,11,1.25,True,False,False,4.794112549695429,3.753527947480773,1.2613914953808536
v3_sc2_staging_00,L3,0,12,1.25,False,False,False,nan,nan,nan
v3_sc2_staging_00,L3,0,13,1.25,False,False,False,nan,nan,nan
v3_sc2_staging_00,L3,0,14,1.25,False,False,False,nan,nan,nan
v3_sc2_staging_00,L3,0,15,1.25,False,False,False,nan,nan,nan
v3_sc2_staging_00,L3,0,16,1.25,False,False,False,nan,nan,nan
v3_sc2_staging_00,L3,0,17,1.25,False,False,False,nan,nan,nan
v3_sc2_staging_00,L3,0,18,1.25,False,False,False,nan,nan,nan
v3_sc2_staging_00,L3,0,19,1.25,False,False,False,nan,nan,nan
v3_sc2_staging_00,L3,0,0,1.5,False,False,False,nan,nan,nan
v3_sc2_staging_00,L3,0,1,1.5,False,False,False,nan,nan,nan
v3_sc2_staging_00,L3,0,2,1.5,True,False,False,3.8683766184073565,4.145696933722647,2.6819805153394642
v3_sc2_staging_00,L3,0,3,1.5,True,False,False,3.2621320343559645,4.622987409705396,1.8048861143232222
v3_sc2_staging_00,L3,0,4,1.5,False,False,False,nan,nan,nan
v3_sc2_staging_00,L3,0,5,1.5,True,False,False,4.070710678118655,4.300000000000001,1.8005434140654684
v3_sc2_staging_00,L3,0,6,1.5,False,False,False,nan,nan,nan
v3_sc2_staging_00,L3,0,7,1.5,False,False,False,nan,nan,nan
v3_sc2_staging_00,L3,0,8,1.5,True,False,False,3.0455844122715705,4.180010683748489,2.656342820417326
v3_sc2_staging_00,L3,0,9,1.5,False,False,False,nan,nan,nan
v3_sc2_staging_00,L3,0,10,1.5,True,False,False,3.0500000000000003,3.2054014627297813,3.4322385482063527
v3_sc2_staging_00,L3,0,11,1.5,True,False,False,4.794112549695428,3.753527947480773,1.50124960961895
v3_sc2_staging_00,L3,0,12,1.5,False,False,False,nan,nan,nan
v3_sc2_staging_00,L3,0,13,1.5,False,False,False,nan,nan,nan
v3_sc2_staging_00,L3,0,14,1.5,False,False,False,nan,nan,nan
v3_sc2_staging_00,L3,0,15,1.5,False,False,False,nan,nan,nan
v3_sc2_staging_00,L3,0,16,1.5,False,False,False,nan,nan,nan
v3_sc2_staging_00,L3,0,17,1.5,False,False,False,nan,nan,nan
v3_sc2_staging_00,L3,0,18,1.5,False,False,False,nan,nan,nan
v3_sc2_staging_00,L3,0,19,1.5,False,False,False,nan,nan,nan
v3_sc2_staging_00,L3,0,0,2.0,False,False,False,nan,nan,nan
v3_sc2_staging_00,L3,0,1,2.0,False,False,False,nan,nan,nan
v3_sc2_staging_00,L3,0,2,2.0,True,False,False,3.8683766184073565,4.145696933722647,2.6819805153394642
v3_sc2_staging_00,L3,0,3,2.0,True,False,False,3.3863961030678933,4.592150822589606,2.0004999500099974
v3_sc2_staging_00,L3,0,4,2.0,False,False,False,nan,nan,nan
v3_sc2_staging_00,L3,0,5,2.0,True,False,False,4.153553390593274,4.187216658103186,2.0500000000000003
v3_sc2_staging_00,L3,0,6,2.0,False,False,False,nan,nan,nan
v3_sc2_staging_00,L3,0,7,2.0,False,False,False,nan,nan,nan
v3_sc2_staging_00,L3,0,8,2.0,True,False,False,3.0455844122715705,4.180010683748489,2.656342820417326
v3_sc2_staging_00,L3,0,9,2.0,False,False,False,nan,nan,nan
v3_sc2_staging_00,L3,0,10,2.0,True,False,False,3.0500000000000003,3.2054014627297813,3.4322385482063527
v3_sc2_staging_00,L3,0,11,2.0,True,False,False,4.989087296526012,3.611265012134343,2.0004999500099974
v3_sc2_staging_00,L3,0,12,2.0,False,False,False,nan,nan,nan
v3_sc2_staging_00,L3,0,13,2.0,False,False,False,nan,nan,nan
v3_sc2_staging_00,L3,0,14,2.0,False,False,False,nan,nan,nan
v3_sc2_staging_00,L3,0,15,2.0,False,False,False,nan,nan,nan
v3_sc2_staging_00,L3,0,16,2.0,False,False,False,nan,nan,nan
v3_sc2_staging_00,L3,0,17,2.0,False,False,False,nan,nan,nan
v3_sc2_staging_00,L3,0,18,2.0,False,False,False,nan,nan,nan
v3_sc2_staging_00,L3,0,19,2.0,False,False,False,nan,nan,nan
v3_sc2_staging_00,L3,1,0,0.0,True,False,False,7.2884776310850246,3.618859065323795,0.002493781056044475
v3_sc2_staging_00,L3,1,1,0.0,True,False,False,8.174873734152916,3.4169503443367777,0.002493781056044475
v3_sc2_staging_00,L3,1,2,0.0,True,False,False,3.9769552621700472,4.243416490252569,2.6400636936215167
v3_sc2_staging_00,L3,1,3,0.0,True,False,False,3.3242640687119294,4.812720583655798,1.8048861143232222
v3_sc2_staging_00,L3,1,4,0.0,True,False,False,5.900609665440989,0.5547511554864495,2.632091952673165
v3_sc2_staging_00,L3,1,5,0.0,True,False,False,4.153553390593274,4.4600907249767126,1.9505101509685692
v3_sc2_staging_00,L3,1,6,0.0,True,False,False,7.185533905932741,0.5295630140987002,2.0004999500099974
v3_sc2_staging_00,L3,1,7,0.0,True,False,False,7.504163056034263,4.138156961552724,0.20000000000000007
v3_sc2_staging_00,L3,1,8,0.0,True,False,False,3.0370057685088803,4.280167361086848,2.759601202601324
v3_sc2_staging_00,L3,1,9,0.0,True,False,False,8.635533905932737,3.4458839313897722,0.002493781056044475
v3_sc2_staging_00,L3,1,10,0.0,True,False,False,3.0500000000000003,3.405124837953327,3.404484601070928
v3_sc2_staging_00,L3,1,11,0.0,True,False,False,4.902691193458118,3.683897704294406,1.1278820596099708
v3_sc2_staging_00,L3,1,12,0.0,True,False,False,8.481980515339464,3.7994185653411323,0.002493781056044475
v3_sc2_staging_00,L3,1,13,0.0,True,False,False,3.9207106781186547,5.0011362462676745,1.25
v3_sc2_staging_00,L3,1,14,0.0,True,False,False,7.119848480983504,3.2336309405188945,0.002493781056044475
v3_sc2_staging_00,L3,1,15,0.0,True,False,False,9.529898987322332,3.6000000000000005,0.002493781056044475
v3_sc2_staging_00,L3,1,16,0.0,True,False,False,7.259188309203679,3.8640577448058595,0.050000000000000044
v3_sc2_staging_00,L3,1,17,0.0,True,False,False,8.076955262170047,0.4899494936611666,1.5718349355100663
v3_sc2_staging_00,L3,1,18,0.0,True,False,False,4.364213562373095,0.5124228365658294,3.7901048938225275
v3_sc2_staging_00,L3,1,19,0.0,True,False,False,5.392031021678298,0.5547511554864495,3.1554753452868485
v3_sc2_staging_00,L3,1,0,0.1,True,False,False,7.388477631085024,3.618859065323795,0.10000000000000009
v3_sc2_staging_00,L3,1,1,0.1,True,False,False,8.274873734152917,3.4169503443367777,0.10000000000000009
v3_sc2_staging_00,L3,1,2,0.1,True,False,False,3.9769552621700472,4.243416490252569,2.6400636936215167
v3_sc2_staging_00,L3,1,3,0.1,True,False,False,3.3242640687119294,4.812720583655798,1.8048861143232222
v3_sc2_staging_00,L3,1,4,0.1,True,False,False,5.900609665440989,0.5547511554864495,2.632091952673165
v3_sc2_staging_00,L3,1,5,0.1,True,False,False,4.153553390593274,4.4600907249767126,1.9505101509685692
v3_sc2_staging_00,L3,1,6,0.1,True,False,False,7.185533905932741,0.5295630140987002,2.0004999500099974
v3_sc2_staging_00,L3,1,7,0.1,True,False,False,7.504163056034263,4.138156961552724,0.20000000000000007
v3_sc2_staging_00,L3,1,8,0.1,True,False,False,3.0370057685088803,4.280167361086848,2.759601202601324
v3_sc2_staging_00,L3,1,9,0.1,True,False,False,8.735533905932739,3.4458839313897722,0.10000000000000009
v3_sc2_staging_00,L3,1,10,0.1,True,False,False,3.0500000000000003,3.405124837953327,3.404484601070928
v3_sc2_staging_00,L3,1,11,0.1,True,False,False,4.902691193458118,3.683897704294406,1.1278820596099708
v3_sc2_staging_00,L3,1,12,0.1,True,False,False,8.581980515339465,3.7994185653411323,0.10000000000000009
v3_sc2_staging_00,L3,1,13,0.1,True,False,False,3.9207106781186547,5.0011362462676745,1.25
v3_sc2_staging_00,L3,1,14,0.1,True,False,False,7.219848480983504,3.2336309405188945,0.10000000000000009
v3_sc2_staging_00,L3,1,15,0.1,True,False,False,9.629898987322333,3.6000000000000005,0.10000000000000009
v3_sc2_staging_00,L3,1,16,0.1,True,False,False,7.2798989873223325,3.9138985035906755,0.10000000000000009
v3_sc2_staging_00,L3,1,17,0.1,True,False,False,8.076955262170047,0.4899494936611666,1.5718349355100663
v3_sc2_staging_00,L3,1,18,0.1,True,False,False,4.364213562373095,0.5124228365658294,3.7901048938225275
v3_sc2_staging_00,L3,1,19,0.1,True,False,False,5.392031021678298,0.5547511554864495,3.1554753452868485
v3_sc2_staging_00,L3,1,0,0.2,True,False,False,7.5591883092036785,3.618859065323795,0.20000000000000007
v3_sc2_staging_00,L3,1,1,0.2,True,False,False,8.445584412271572,3.4169503443367777,0.20000000000000007
v3_sc2_staging_00,L3,1,2,0.2,True,False,False,3.9769552621700472,4.243416490252569,2.6400636936215167
v3_sc2_staging_00,L3,1,3,0.2,True,False,False,3.3242640687119294,4.812720583655798,1.8048861143232222
v3_sc2_staging_00,L3,1,4,0.2,True,False,False,5.900609665440989,0.5547511554864495,2.632091952673165
v3_sc2_staging_00,L3,1,5,0.2,True,False,False,4.153553390593274,4.4600907249767126,1.9505101509685692
v3_sc2_staging_00,L3,1,6,0.2,True,False,False,7.185533905932741,0.5295630140987002,2.0004999500099974
v3_sc2_staging_00,L3,1,7,0.2,True,False,False,7.504163056034263,4.138156961552724,0.20000000000000007
v3_sc2_staging_00,L3,1,8,0.2,True,False,False,3.0370057685088803,4.280167361086848,2.759601202601324
v3_sc2_staging_00,L3,1,9,0.2,True,False,False,8.906244584051393,3.4458839313897722,0.20000000000000007
v3_sc2_staging_00,L3,1,10,0.2,True,False,False,3.0500000000000003,3.405124837953327,3.404484601070928
v3_sc2_staging_00,L3,1,11,0.2,True,False,False,4.902691193458118,3.683897704294406,1.1278820596099708
v3_sc2_staging_00,L3,1,12,0.2,True,False,False,8.752691193458118,3.7994185653411323,0.20000000000000007
v3_sc2_staging_00,L3,1,13,0.2,True,False,False,3.9207106781186547,5.0011362462676745,1.25
v3_sc2_staging_00,L3,1,14,0.2,True,False,False,7.390559159102153,3.2336309405188945,0.20000000000000007
v3_sc2_staging_00,L3,1,15,0.2,True,False,False,9.800609665440989,3.6000000000000005,0.20000000000000007
v3_sc2_staging_00,L3,1,16,0.2,True,False,False,7.321320343559643,4.013590588434002,0.20000000000000007
v3_sc2_staging_00,L3,1,17,0.2,True,False,False,8.076955262170047,0.4899494936611666,1.5718349355100663
v3_sc2_staging_00,L3,1,18,0.2,True,False,False,4.364213562373095,0.5124228365658294,3.7901048938225275
v3_sc2_staging_00,L3,1,19,0.2,True,False,False,5.392031021678298,0.5547511554864495,3.1554753452868485
v3_sc2_staging_00,L3,1,0,0.3,True,False,False,7.771320343559641,3.618859065323795,0.3015609770940699
v3_sc2_staging_00,L3,1,1,0.3,True,False,False,8.740559159102153,3.4169503443367777,0.3015609770940699
v3_sc2_staging_00,L3,1,2,0.3,True,False,False,3.9769552621700472,4.243416490252569,2.6400636936215167
v3_sc2_staging_00,L3,1,3,0.3,True,False,False,3.3242640687119294,4.812720583655798,1.8048861143232222
v3_sc2_staging_00,L3,1,4,0.3,True,False,False,5.900609665440989,0.5547511554864495,2.632091952673165
v3_sc2_staging_00,L3,1,5,0.3,True,False,False,4.153553390593274,4.4600907249767126,1.9505101509685692
v3_sc2_staging_00,L3,1,6,0.3,True,False,False,7.185533905932741,0.5295630140987002,2.0004999500099974
v3_sc2_staging_00,L3,1,7,0.3,True,False,False,7.504163056034263,4.25,0.3500000000000001
v3_sc2_staging_00,L3,1,8,0.3,True,False,False,3.0370057685088803,4.280167361086848,2.759601202601324
v3_sc2_staging_00,L3,1,9,0.3,True,False,False,9.118376618407359,3.4458839313897722,0.3015609770940699
v3_sc2_staging_00,L3,1,10,0.3,True,False,False,3.0500000000000003,3.405124837953327,3.404484601070928
v3_sc2_staging_00,L3,1,11,0.3,True,False,False,4.902691193458118,3.683897704294406,1.1278820596099708
v3_sc2_staging_00,L3,1,12,0.3,True,False,False,8.964823227814083,3.7994185653411323,0.3015609770940699
v3_sc2_staging_00,L3,1,13,0.3,True,False,False,3.9207106781186547,5.0011362462676745,1.25
v3_sc2_staging_00,L3,1,14,0.3,True,False,False,7.602691193458118,3.2336309405188945,0.3015609770940699
v3_sc2_staging_00,L3,1,15,0.3,True,False,False,10.074873734152916,3.6000000000000005,0.3015609770940699
v3_sc2_staging_00,L3,1,16,0.3,True,False,False,7.445584412271572,4.013590588434002,0.3015609770940699
v3_sc2_staging_00,L3,1,17,0.3,True,False,False,8.076955262170047,0.4899494936611666,1.5718349355100663
v3_sc2_staging_00,L3,1,18,0.3,True,False,False,4.364213562373095,0.5124228365658294,3.7901048938225275
v3_sc2_staging_00,L3,1,19,0.3,True,False,False,5.392031021678298,0.5547511554864495,3.1554753452868485
v3_sc2_staging_00,L3,1,0,0.4,False,False,False,nan,nan,nan
v3_sc2_staging_00,L3,1,1,0.4,False,False,False,nan,nan,nan
v3_sc2_staging_00,L3,1,2,0.4,True,False,False,3.9769552621700472,4.243416490252569,2.6400636936215167
v3_sc2_staging_00,L3,1,3,0.4,True,False,False,3.3242640687119294,4.812720583655798,1.8048861143232222
v3_sc2_staging_00,L3,1,4,0.4,True,False,False,5.900609665440989,0.5547511554864495,2.632091952673165
v3_sc2_staging_00,L3,1,5,0.4,True,False,False,4.153553390593274,4.4600907249767126,1.9505101509685692
v3_sc2_staging_00,L3,1,6,0.4,True,False,False,7.185533905932741,0.5295630140987002,2.0004999500099974
v3_sc2_staging_00,L3,1,7,0.4,False,False,False,nan,nan,nan
v3_sc2_staging_00,L3,1,8,0.4,True,False,False,3.0370057685088803,4.280167361086848,2.759601202601324
v3_sc2_staging_00,L3,1,9,0.4,False,False,False,nan,nan,nan
v3_sc2_staging_00,L3,1,10,0.4,True,False,False,3.0500000000000003,3.405124837953327,3.404484601070928
v3_sc2_staging_00,L3,1,11,0.4,True,False,False,4.902691193458118,3.683897704294406,1.1278820596099708
v3_sc2_staging_00,L3,1,12,0.4,False,False,False,nan,nan,nan
v3_sc2_staging_00,L3,1,13,0.4,True,False,False,3.9207106781186547,5.0011362462676745,1.25
v3_sc2_staging_00,L3,1,14,0.4,False,False,False,nan,nan,nan
v3_sc2_staging_00,L3,1,15,0.4,False,False,False,nan,nan,nan
v3_sc2_staging_00,L3,1,16,0.4,False,False,False,nan,nan,nan
v3_sc2_staging_00,L3,1,17,0.4,True,False,False,8.076955262170047,0.4899494936611666,1.5718349355100663
v3_sc2_staging_00,L3,1,18,0.4,True,False,False,4.364213562373095,0.5124228365658294,3.7901048938225275
v3_sc2_staging_00,L3,1,19,0.4,True,False,False,5.392031021678298,0.5547511554864495,3.1554753452868485
v3_sc2_staging_00,L3,1,0,0.5,False,False,False,nan,nan,nan
v3_sc2_staging_00,L3,1,1,0.5,False,False,False,nan,nan,nan
v3_sc2_staging_00,L3,1,2,0.5,True,False,False,3.9769552621700472,4.243416490252569,2.6400636936215167
v3_sc2_staging_00,L3,1,3,0.5,True,False,False,3.3242640687119294,4.812720583655798,1.8048861143232222
v3_sc2_staging_00,L3,1,4,0.5,True,False,False,5.900609665440989,0.5547511554864495,2.632091952673165
v3_sc2_staging_00,L3,1,5,0.5,True,False,False,4.153553390593274,4.4600907249767126,1.9505101509685692
v3_sc2_staging_00,L3,1,6,0.5,True,False,False,7.185533905932741,0.5295630140987002,2.0004999500099974
v3_sc2_staging_00,L3,1,7,0.5,False,False,False,nan,nan,nan
v3_sc2_staging_00,L3,1,8,0.5,True,False,False,3.0370057685088803,4.280167361086848,2.759601202601324
v3_sc2_staging_00,L3,1,9,0.5,False,False,False,nan,nan,nan
v3_sc2_staging_00,L3,1,10,0.5,True,False,False,3.0500000000000003,3.405124837953327,3.404484601070928
v3_sc2_staging_00,L3,1,11,0.5,True,False,False,4.902691193458118,3.683897704294406,1.1278820596099708
v3_sc2_staging_00,L3,1,12,0.5,False,False,False,nan,nan,nan
v3_sc2_staging_00,L3,1,13,0.5,True,False,False,3.9207106781186547,5.0011362462676745,1.25
v3_sc2_staging_00,L3,1,14,0.5,False,False,False,nan,nan,nan
v3_sc2_staging_00,L3,1,15,0.5,False,False,False,nan,nan,nan
v3_sc2_staging_00,L3,1,16,0.5,False,False,False,nan,nan,nan
v3_sc2_staging_00,L3,1,17,0.5,True,False,False,8.118376618407357,0.5124228365658294,1.5718349355100663
v3_sc2_staging_00,L3,1,18,0.5,True,False,False,4.364213562373095,0.5124228365658294,3.7901048938225275
v3_sc2_staging_00,L3,1,19,0.5,True,False,False,5.392031021678298,0.5547511554864495,3.1554753452868485
v3_sc2_staging_00,L3,1,0,0.6,False,False,False,nan,nan,nan
v3_sc2_staging_00,L3,1,1,0.6,False,False,False,nan,nan,nan
v3_sc2_staging_00,L3,1,2,0.6,True,False,False,3.9769552621700472,4.243416490252569,2.6400636936215167
v3_sc2_staging_00,L3,1,3,0.6,True,False,False,3.3242640687119294,4.812720583655798,1.8048861143232222
v3_sc2_staging_00,L3,1,4,0.6,False,False,False,nan,nan,nan
v3_sc2_staging_00,L3,1,5,0.6,True,False,False,4.153553390593274,4.4600907249767126,1.9505101509685692
v3_sc2_staging_00,L3,1,6,0.6,False,False,False,nan,nan,nan
v3_sc2_staging_00,L3,1,7,0.6,False,False,False,nan,nan,nan
v3_sc2_staging_00,L3,1,8,0.6,True,False,False,3.0370057685088803,4.280167361086848,2.759601202601324
v3_sc2_staging_00,L3,1,9,0.6,False,False,False,nan,nan,nan
v3_sc2_staging_00,L3,1,10,0.6,True,False,False,3.0500000000000003,3.405124837953327,3.404484601070928
v3_sc2_staging_00,L3,1,11,0.6,True,False,False,4.902691193458118,3.683897704294406,1.1278820596099708
v3_sc2_staging_00,L3,1,12,0.6,False,False,False,nan,nan,nan
v3_sc2_staging_00,L3,1,13,0.6,True,False,False,3.9207106781186547,5.0011362462676745,1.25
v3_sc2_staging_00,L3,1,14,0.6,False,False,False,nan,nan,nan
v3_sc2_staging_00,L3,1,15,0.6,False,False,False,nan,nan,nan
v3_sc2_staging_00,L3,1,16,0.6,False,False,False,nan,nan,nan
v3_sc2_staging_00,L3,1,17,0.6,False,False,False,nan,nan,nan
v3_sc2_staging_00,L3,1,18,0.6,False,False,False,nan,nan,nan
v3_sc2_staging_00,L3,1,19,0.6,False,False,False,nan,nan,nan
v3_sc2_staging_00,L3,1,0,0.8,False,False,False,nan,nan,nan
v3_sc2_staging_00,L3,1,1,0.8,False,False,False,nan,nan,nan
v3_sc2_staging_00,L3,1,2,0.8,True,False,False,3.9769552621700472,4.243416490252569,2.6400636936215167
v3_sc2_staging_00,L3,1,3,0.8,True,False,False,3.3242640687119294,4.812720583655798,1.8048861143232222
v3_sc2_staging_00,L3,1,4,0.8,False,False,False,nan,nan,nan
v3_sc2_staging_00,L3,1,5,0.8,True,False,False,4.153553390593274,4.4600907249767126,1.9505101509685692
v3_sc2_staging_00,L3,1,6,0.8,False,False,False,nan,nan,nan
v3_sc2_staging_00,L3,1,7,0.8,False,False,False,nan,nan,nan
v3_sc2_staging_00,L3,1,8,0.8,True,False,False,3.0370057685088803,4.280167361086848,2.759601202601324
v3_sc2_staging_00,L3,1,9,0.8,False,False,False,nan,nan,nan
v3_sc2_staging_00,L3,1,10,0.8,True,False,False,3.0500000000000003,3.405124837953327,3.404484601070928
v3_sc2_staging_00,L3,1,11,0.8,True,False,False,4.902691193458118,3.683897704294406,1.1278820596099708
v3_sc2_staging_00,L3,1,12,0.8,False,False,False,nan,nan,nan
v3_sc2_staging_00,L3,1,13,0.8,True,False,False,3.9207106781186547,5.0011362462676745,1.25
v3_sc2_staging_00,L3,1,14,0.8,False,False,False,nan,nan,nan
v3_sc2_staging_00,L3,1,15,0.8,False,False,False,nan,nan,nan
v3_sc2_staging_00,L3,1,16,0.8,False,False,False,nan,nan,nan
v3_sc2_staging_00,L3,1,17,0.8,False,False,False,nan,nan,nan
v3_sc2_staging_00,L3,1,18,0.8,False,False,False,nan,nan,nan
v3_sc2_staging_00,L3,1,19,0.8,False,False,False,nan,nan,nan
v3_sc2_staging_00,L3,1,0,1.0,False,False,False,nan,nan,nan
v3_sc2_staging_00,L3,1,1,1.0,False,False,False,nan,nan,nan
v3_sc2_staging_00,L3,1,2,1.0,True,False,False,3.9769552621700472,4.243416490252569,2.6400636936215167
v3_sc2_staging_00,L3,1,3,1.0,True,False,False,3.3242640687119294,4.812720583655798,1.8048861143232222
v3_sc2_staging_00,L3,1,4,1.0,False,False,False,nan,nan,nan
v3_sc2_staging_00,L3,1,5,1.0,True,False,False,4.153553390593274,4.4600907249767126,1.9505101509685692
v3_sc2_staging_00,L3,1,6,1.0,False,False,False,nan,nan,nan
v3_sc2_staging_00,L3,1,7,1.0,False,False,False,nan,nan,nan
v3_sc2_staging_00,L3,1,8,1.0,True,False,False,3.0370057685088803,4.280167361086848,2.759601202601324
v3_sc2_staging_00,L3,1,9,1.0,False,False,False,nan,nan,nan
v3_sc2_staging_00,L3,1,10,1.0,True,False,False,3.0500000000000003,3.405124837953327,3.404484601070928
v3_sc2_staging_00,L3,1,11,1.0,True,False,False,4.902691193458118,3.683897704294406,1.1278820596099708
v3_sc2_staging_00,L3,1,12,1.0,False,False,False,nan,nan,nan
v3_sc2_staging_00,L3,1,13,1.0,True,False,False,3.9207106781186547,5.0011362462676745,1.25
v3_sc2_staging_00,L3,1,14,1.0,False,False,False,nan,nan,nan
v3_sc2_staging_00,L3,1,15,1.0,False,False,False,nan,nan,nan
v3_sc2_staging_00,L3,1,16,1.0,False,False,False,nan,nan,nan
v3_sc2_staging_00,L3,1,17,1.0,False,False,False,nan,nan,nan
v3_sc2_staging_00,L3,1,18,1.0,False,False,False,nan,nan,nan
v3_sc2_staging_00,L3,1,19,1.0,False,False,False,nan,nan,nan
v3_sc2_staging_00,L3,1,0,1.25,False,False,False,nan,nan,nan
v3_sc2_staging_00,L3,1,1,1.25,False,False,False,nan,nan,nan
v3_sc2_staging_00,L3,1,2,1.25,True,False,False,3.9769552621700472,4.243416490252569,2.6400636936215167
v3_sc2_staging_00,L3,1,3,1.25,True,False,False,3.3242640687119294,4.812720583655798,1.8048861143232222
v3_sc2_staging_00,L3,1,4,1.25,False,False,False,nan,nan,nan
v3_sc2_staging_00,L3,1,5,1.25,True,False,False,4.153553390593274,4.4600907249767126,1.9505101509685692
v3_sc2_staging_00,L3,1,6,1.25,False,False,False,nan,nan,nan
v3_sc2_staging_00,L3,1,7,1.25,False,False,False,nan,nan,nan
v3_sc2_staging_00,L3,1,8,1.25,True,False,False,3.0370057685088803,4.280167361086848,2.759601202601324
v3_sc2_staging_00,L3,1,9,1.25,False,False,False,nan,nan,nan
v3_sc2_staging_00,L3,1,10,1.25,True,False,False,3.0500000000000003,3.405124837953327,3.404484601070928
v3_sc2_staging_00,L3,1,11,1.25,True,False,False,4.902691193458118,3.683897704294406,1.2613914953808536
v3_sc2_staging_00,L3,1,12,1.25,False,False,False,nan,nan,nan
v3_sc2_staging_00,L3,1,13,1.25,True,False,False,3.9207106781186547,5.0011362462676745,1.284656829757475
v3_sc2_staging_00,L3,1,14,1.25,False,False,False,nan,nan,nan
v3_sc2_staging_00,L3,1,15,1.25,False,False,False,nan,nan,nan
v3_sc2_staging_00,L3,1,16,1.25,False,False,False,nan,nan,nan
v3_sc2_staging_00,L3,1,17,1.25,False,False,False,nan,nan,nan
v3_sc2_staging_00,L3,1,18,1.25,False,False,False,nan,nan,nan
v3_sc2_staging_00,L3,1,19,1.25,False,False,False,nan,nan,nan
v3_sc2_staging_00,L3,1,0,1.5,False,False,False,nan,nan,nan
v3_sc2_staging_00,L3,1,1,1.5,False,False,False,nan,nan,nan
v3_sc2_staging_00,L3,1,2,1.5,True,False,False,3.9769552621700472,4.243416490252569,2.6400636936215167
v3_sc2_staging_00,L3,1,3,1.5,True,False,False,3.3242640687119294,4.812720583655798,1.8048861143232222
v3_sc2_staging_00,L3,1,4,1.5,False,False,False,nan,nan,nan
v3_sc2_staging_00,L3,1,5,1.5,True,False,False,4.153553390593274,4.4600907249767126,1.9505101509685692
v3_sc2_staging_00,L3,1,6,1.5,False,False,False,nan,nan,nan
v3_sc2_staging_00,L3,1,7,1.5,False,False,False,nan,nan,nan
v3_sc2_staging_00,L3,1,8,1.5,True,False,False,3.0370057685088803,4.280167361086848,2.759601202601324
v3_sc2_staging_00,L3,1,9,1.5,False,False,False,nan,nan,nan
v3_sc2_staging_00,L3,1,10,1.5,True,False,False,3.0500000000000003,3.405124837953327,3.404484601070928
v3_sc2_staging_00,L3,1,11,1.5,True,False,False,4.902691193458119,3.683897704294406,1.50124960961895
v3_sc2_staging_00,L3,1,12,1.5,False,False,False,nan,nan,nan
v3_sc2_staging_00,L3,1,13,1.5,False,False,False,nan,nan,nan
v3_sc2_staging_00,L3,1,14,1.5,False,False,False,nan,nan,nan
v3_sc2_staging_00,L3,1,15,1.5,False,False,False,nan,nan,nan
v3_sc2_staging_00,L3,1,16,1.5,False,False,False,nan,nan,nan
v3_sc2_staging_00,L3,1,17,1.5,False,False,False,nan,nan,nan
v3_sc2_staging_00,L3,1,18,1.5,False,False,False,nan,nan,nan
v3_sc2_staging_00,L3,1,19,1.5,False,False,False,nan,nan,nan
v3_sc2_staging_00,L3,1,0,2.0,False,False,False,nan,nan,nan
v3_sc2_staging_00,L3,1,1,2.0,False,False,False,nan,nan,nan
v3_sc2_staging_00,L3,1,2,2.0,True,False,False,3.9769552621700472,4.243416490252569,2.6400636936215167
v3_sc2_staging_00,L3,1,3,2.0,True,False,False,3.3656854249492385,4.690857347298229,2.0004999500099974
v3_sc2_staging_00,L3,1,4,2.0,False,False,False,nan,nan,nan
v3_sc2_staging_00,L3,1,5,2.0,True,False,False,4.1742640687119295,4.4600907249767126,2.0004999500099974
v3_sc2_staging_00,L3,1,6,2.0,False,False,False,nan,nan,nan
v3_sc2_staging_00,L3,1,7,2.0,False,False,False,nan,nan,nan
v3_sc2_staging_00,L3,1,8,2.0,True,False,False,3.0370057685088803,4.280167361086848,2.759601202601324
v3_sc2_staging_00,L3,1,9,2.0,False,False,False,nan,nan,nan
v3_sc2_staging_00,L3,1,10,2.0,True,False,False,3.0500000000000003,3.405124837953327,3.404484601070928
v3_sc2_staging_00,L3,1,11,2.0,True,False,False,5.097665940288703,3.5607881008493907,2.0004999500099974
v3_sc2_staging_00,L3,1,12,2.0,False,False,False,nan,nan,nan
v3_sc2_staging_00,L3,1,13,2.0,False,False,False,nan,nan,nan
v3_sc2_staging_00,L3,1,14,2.0,False,False,False,nan,nan,nan
v3_sc2_staging_00,L3,1,15,2.0,False,False,False,nan,nan,nan
v3_sc2_staging_00,L3,1,16,2.0,False,False,False,nan,nan,nan
v3_sc2_staging_00,L3,1,17,2.0,False,False,False,nan,nan,nan
v3_sc2_staging_00,L3,1,18,2.0,False,False,False,nan,nan,nan
v3_sc2_staging_00,L3,1,19,2.0,False,False,False,nan,nan,nan
v3_sc2_staging_00,L3,2,0,0.0,True,True,False,7.197056274847714,3.648795005781799,0.002493781056044475
v3_sc2_staging_00,L3,2,1,0.0,True,True,False,8.157716446627536,3.442714800743264,0.002493781056044475
v3_sc2_staging_00,L3,2,2,0.0,True,False,False,3.964823227814083,4.080392996239515,2.5450779957170226
v3_sc2_staging_00,L3,2,3,0.0,True,False,False,3.3656854249492385,4.670348150753487,1.75
v3_sc2_staging_00,L3,2,4,0.0,True,False,False,5.688477631085024,0.4013878188659974,2.618092365533773
v3_sc2_staging_00,L3,2,5,0.0,True,False,False,4.1449747468305835,4.334511350695125,1.8521266972678152
v3_sc2_staging_00,L3,2,6,0.0,True,False,False,7.023401871576775,0.4013878188659974,1.9824383174612823
v3_sc2_staging_00,L3,2,7,0.0,True,False,False,7.557716446627535,4.1695824224442175,0.30000000000000004
v3_sc2_staging_00,L3,2,8,0.0,True,False,False,3.0284271247461896,4.083939353874569,2.752691193458119
v3_sc2_staging_00,L3,2,9,0.0,True,True,False,8.623401871576775,3.4623225512317903,0.002493781056044475
v3_sc2_staging_00,L3,2,10,0.0,True,False,False,3.0500000000000003,3.35,3.3890872965260117
v3_sc2_staging_00,L3,2,11,0.0,True,False,False,4.890559159102155,3.708622102303793,1.1224980739587953
v3_sc2_staging_00,L3,2,12,0.0,True,True,False,8.440559159102156,3.8246387132337425,0.002493781056044475
v3_sc2_staging_00,L3,2,13,0.0,True,False,False,3.9000000000000004,4.846026561849464,1.25
v3_sc2_staging_00,L3,2,14,0.0,True,True,False,7.128427124746193,3.248332962798263,0.002493781056044475
v3_sc2_staging_00,L3,2,15,0.0,True,True,False,9.533452377915607,3.6012193308819755,0.002493781056044475
v3_sc2_staging_00,L3,2,16,0.0,True,False,False,7.271320343559643,3.7793106921559225,0.002493781056044475
v3_sc2_staging_00,L3,2,17,0.0,True,False,False,7.906244584051393,0.3845903006477066,1.559732992404598
v3_sc2_staging_00,L3,2,18,0.0,True,False,False,4.143502884254441,0.3845903006477066,3.7605750785545373
v3_sc2_staging_00,L3,2,19,0.0,True,False,False,5.229898987322333,0.4013878188659974,3.1069377593742864
v3_sc2_staging_00,L3,2,0,0.1,True,False,False,7.297056274847714,3.648795005781799,0.10000000000000009
v3_sc2_staging_00,L3,2,1,0.1,True,False,False,8.257716446627535,3.442714800743264,0.10000000000000009
v3_sc2_staging_00,L3,2,2,0.1,True,False,False,3.964823227814083,4.080392996239515,2.5450779957170226
v3_sc2_staging_00,L3,2,3,0.1,True,False,False,3.3656854249492385,4.670348150753487,1.75
v3_sc2_staging_00,L3,2,4,0.1,True,False,False,5.688477631085024,0.4013878188659974,2.618092365533773
v3_sc2_staging_00,L3,2,5,0.1,True,False,False,4.1449747468305835,4.334511350695125,1.8521266972678152
v3_sc2_staging_00,L3,2,6,0.1,True,False,False,7.023401871576775,0.4013878188659974,1.9824383174612823
v3_sc2_staging_00,L3,2,7,0.1,True,False,False,7.557716446627535,4.1695824224442175,0.30000000000000004
v3_sc2_staging_00,L3,2,8,0.1,True,False,False,3.0284271247461896,4.083939353874569,2.752691193458119
v3_sc2_staging_00,L3,2,9,0.1,True,False,False,8.723401871576774,3.4623225512317903,0.10000000000000009
v3_sc2_staging_00,L3,2,10,0.1,True,False,False,3.0500000000000003,3.35,3.3890872965260117
v3_sc2_staging_00,L3,2,11,0.1,True,False,False,4.890559159102155,3.708622102303793,1.1224980739587953
v3_sc2_staging_00,L3,2,12,0.1,True,False,False,8.540559159102154,3.8246387132337425,0.10000000000000009
v3_sc2_staging_00,L3,2,13,0.1,True,False,False,3.9000000000000004,4.846026561849464,1.25
v3_sc2_staging_00,L3,2,14,0.1,True,True,False,7.22842712474619,3.248332962798263,0.10000000000000009
v3_sc2_staging_00,L3,2,15,0.1,True,False,False,9.633452377915606,3.6012193308819755,0.10000000000000009
v3_sc2_staging_00,L3,2,16,0.1,True,False,False,7.292031021678298,3.828972164382672,0.10000000000000009
v3_sc2_staging_00,L3,2,17,0.1,True,False,False,7.906244584051393,0.3845903006477066,1.559732992404598
v3_sc2_staging_00,L3,2,18,0.1,True,False,False,4.143502884254441,0.3845903006477066,3.7605750785545373
v3_sc2_staging_00,L3,2,19,0.1,True,False,False,5.229898987322333,0.4013878188659974,3.1069377593742864
v3_sc2_staging_00,L3,2,0,0.2,True,False,False,7.467766952966369,3.648795005781799,0.20000000000000007
v3_sc2_staging_00,L3,2,1,0.2,True,False,False,8.428427124746191,3.442714800743264,0.20000000000000007
v3_sc2_staging_00,L3,2,2,0.2,True,False,False,3.964823227814083,4.080392996239515,2.5450779957170226
v3_sc2_staging_00,L3,2,3,0.2,True,False,False,3.3656854249492385,4.670348150753487,1.75
v3_sc2_staging_00,L3,2,4,0.2,True,False,False,5.688477631085024,0.4013878188659974,2.618092365533773
v3_sc2_staging_00,L3,2,5,0.2,True,False,False,4.1449747468305835,4.334511350695125,1.8521266972678152
v3_sc2_staging_00,L3,2,6,0.2,True,False,False,7.023401871576775,0.4013878188659974,1.9824383174612823
v3_sc2_staging_00,L3,2,7,0.2,True,False,False,7.557716446627535,4.1695824224442175,0.30000000000000004
v3_sc2_staging_00,L3,2,8,0.2,True,False,False,3.0284271247461896,4.083939353874569,2.752691193458119
v3_sc2_staging_00,L3,2,9,0.2,True,False,False,8.894112549695427,3.4623225512317903,0.20000000000000007
v3_sc2_staging_00,L3,2,10,0.2,True,False,False,3.0500000000000003,3.35,3.3890872965260117
v3_sc2_staging_00,L3,2,11,0.2,True,False,False,4.890559159102155,3.708622102303793,1.1224980739587953
v3_sc2_staging_00,L3,2,12,0.2,True,False,False,8.71126983722081,3.8246387132337425,0.20000000000000007
v3_sc2_staging_00,L3,2,13,0.2,True,False,False,3.9000000000000004,4.846026561849464,1.25
v3_sc2_staging_00,L3,2,14,0.2,True,False,False,7.3991378028648445,3.248332962798263,0.20000000000000007
v3_sc2_staging_00,L3,2,15,0.2,True,False,False,9.804163056034263,3.6012193308819755,0.20000000000000007
v3_sc2_staging_00,L3,2,16,0.2,True,False,False,7.333452377915608,3.9283179650969062,0.20000000000000007
v3_sc2_staging_00,L3,2,17,0.2,True,False,False,7.906244584051393,0.3845903006477066,1.559732992404598
v3_sc2_staging_00,L3,2,18,0.2,True,False,False,4.143502884254441,0.3845903006477066,3.7605750785545373
v3_sc2_staging_00,L3,2,19,0.2,True,False,False,5.229898987322333,0.4013878188659974,3.1069377593742864
v3_sc2_staging_00,L3,2,0,0.3,True,False,False,7.721320343559643,3.648795005781799,0.3015609770940699
v3_sc2_staging_00,L3,2,1,0.3,True,False,False,8.681980515339465,3.442714800743264,0.3015609770940699
v3_sc2_staging_00,L3,2,2,0.3,True,False,False,3.964823227814083,4.080392996239515,2.5450779957170226
v3_sc2_staging_00,L3,2,3,0.3,True,False,False,3.3656854249492385,4.670348150753487,1.75
v3_sc2_staging_00,L3,2,4,0.3,True,False,False,5.688477631085024,0.4013878188659974,2.618092365533773
v3_sc2_staging_00,L3,2,5,0.3,True,False,False,4.1449747468305835,4.334511350695125,1.8521266972678152
v3_sc2_staging_00,L3,2,6,0.3,True,False,False,7.023401871576775,0.4013878188659974,1.9824383174612823
v3_sc2_staging_00,L3,2,7,0.3,True,False,False,7.5991378028648455,4.252367830881781,0.3015609770940699
v3_sc2_staging_00,L3,2,8,0.3,True,False,False,3.0284271247461896,4.083939353874569,2.752691193458119
v3_sc2_staging_00,L3,2,9,0.3,True,False,False,9.147665940288704,3.4623225512317903,0.3015609770940699
v3_sc2_staging_00,L3,2,10,0.3,True,False,False,3.0500000000000003,3.35,3.3890872965260117
v3_sc2_staging_00,L3,2,11,0.3,True,False,False,4.890559159102155,3.708622102303793,1.1224980739587953
v3_sc2_staging_00,L3,2,12,0.3,True,False,False,8.964823227814083,3.8246387132337425,0.3015609770940699
v3_sc2_staging_00,L3,2,13,0.3,True,False,False,3.9000000000000004,4.846026561849464,1.25
v3_sc2_staging_00,L3,2,14,0.3,True,False,False,7.652691193458118,3.248332962798263,0.3015609770940699
v3_sc2_staging_00,L3,2,15,0.3,True,False,False,10.078427124746192,3.6048751503547587,0.3015609770940699
v3_sc2_staging_00,L3,2,16,0.3,True,False,False,7.457716446627535,4.027692569068709,0.3015609770940699
v3_sc2_staging_00,L3,2,17,0.3,True,False,False,7.906244584051393,0.3845903006477066,1.559732992404598
v3_sc2_staging_00,L3,2,18,0.3,True,False,False,4.143502884254441,0.3845903006477066,3.7605750785545373
v3_sc2_staging_00,L3,2,19,0.3,True,False,False,5.229898987322333,0.4013878188659974,3.1069377593742864
v3_sc2_staging_00,L3,2,0,0.4,False,False,False,nan,nan,nan
v3_sc2_staging_00,L3,2,1,0.4,False,False,False,nan,nan,nan
v3_sc2_staging_00,L3,2,2,0.4,True,False,False,3.964823227814083,4.080392996239515,2.5450779957170226
v3_sc2_staging_00,L3,2,3,0.4,True,False,False,3.3656854249492385,4.670348150753487,1.75
v3_sc2_staging_00,L3,2,4,0.4,True,False,False,5.688477631085024,0.4013878188659974,2.618092365533773
v3_sc2_staging_00,L3,2,5,0.4,True,False,False,4.1449747468305835,4.334511350695125,1.8521266972678152
v3_sc2_staging_00,L3,2,6,0.4,True,False,False,7.023401871576775,0.4013878188659974,1.9824383174612823
v3_sc2_staging_00,L3,2,7,0.4,False,False,False,nan,nan,nan
v3_sc2_staging_00,L3,2,8,0.4,True,False,False,3.0284271247461896,4.083939353874569,2.752691193458119
v3_sc2_staging_00,L3,2,9,0.4,False,False,False,nan,nan,nan
v3_sc2_staging_00,L3,2,10,0.4,True,False,False,3.0500000000000003,3.35,3.3890872965260117
v3_sc2_staging_00,L3,2,11,0.4,True,False,False,4.890559159102155,3.708622102303793,1.1224980739587953
v3_sc2_staging_00,L3,2,12,0.4,False,False,False,nan,nan,nan
v3_sc2_staging_00,L3,2,13,0.4,True,False,False,3.9000000000000004,4.846026561849464,1.25
v3_sc2_staging_00,L3,2,14,0.4,False,False,False,nan,nan,nan
v3_sc2_staging_00,L3,2,15,0.4,False,False,False,nan,nan,nan
v3_sc2_staging_00,L3,2,16,0.4,False,False,False,nan,nan,nan
v3_sc2_staging_00,L3,2,17,0.4,True,False,False,7.947665940288701,0.4013878188659974,1.559732992404598
v3_sc2_staging_00,L3,2,18,0.4,True,False,False,4.143502884254441,0.4013878188659974,3.7605750785545373
v3_sc2_staging_00,L3,2,19,0.4,True,False,False,5.229898987322333,0.4013878188659974,3.1069377593742864
v3_sc2_staging_00,L3,2,0,0.5,False,False,False,nan,nan,nan
v3_sc2_staging_00,L3,2,1,0.5,False,False,False,nan,nan,nan
v3_sc2_staging_00,L3,2,2,0.5,True,False,False,3.964823227814083,4.080392996239515,2.5450779957170226
v3_sc2_staging_00,L3,2,3,0.5,True,False,False,3.3656854249492385,4.670348150753487,1.75
v3_sc2_staging_00,L3,2,4,0.5,False,False,False,nan,nan,nan
v3_sc2_staging_00,L3,2,5,0.5,True,False,False,4.1449747468305835,4.334511350695125,1.8521266972678152
v3_sc2_staging_00,L3,2,6,0.5,False,False,False,nan,nan,nan
v3_sc2_staging_00,L3,2,7,0.5,False,False,False,nan,nan,nan
v3_sc2_staging_00,L3,2,8,0.5,True,False,False,3.0284271247461896,4.083939353874569,2.752691193458119
v3_sc2_staging_00,L3,2,9,0.5,False,False,False,nan,nan,nan
v3_sc2_staging_00,L3,2,10,0.5,True,False,False,3.0500000000000003,3.35,3.3890872965260117
v3_sc2_staging_00,L3,2,11,0.5,True,False,False,4.890559159102155,3.708622102303793,1.1224980739587953
v3_sc2_staging_00,L3,2,12,0.5,False,False,False,nan,nan,nan
v3_sc2_staging_00,L3,2,13,0.5,True,False,False,3.9000000000000004,4.846026561849464,1.25
v3_sc2_staging_00,L3,2,14,0.5,False,False,False,nan,nan,nan
v3_sc2_staging_00,L3,2,15,0.5,False,False,False,nan,nan,nan
v3_sc2_staging_00,L3,2,16,0.5,False,False,False,nan,nan,nan
v3_sc2_staging_00,L3,2,17,0.5,False,False,False,nan,nan,nan
v3_sc2_staging_00,L3,2,18,0.5,False,False,False,nan,nan,nan
v3_sc2_staging_00,L3,2,19,0.5,False,False,False,nan,nan,nan
v3_sc2_staging_00,L3,2,0,0.6,False,False,False,nan,nan,nan
v3_sc2_staging_00,L3,2,1,0.6,False,False,False,nan,nan,nan
v3_sc2_staging_00,L3,2,2,0.6,True,False,False,3.964823227814083,4.080392996239515,2.5450779957170226
v3_sc2_staging_00,L3,2,3,0.6,True,False,False,3.3656854249492385,4.670348150753487,1.75
v3_sc2_staging_00,L3,2,4,0.6,False,False,False,nan,nan,nan
v3_sc2_staging_00,L3,2,5,0.6,True,False,False,4.1449747468305835,4.334511350695125,1.8521266972678152
v3_sc2_staging_00,L3,2,6,0.6,False,False,False,nan,nan,nan
v3_sc2_staging_00,L3,2,7,0.6,False,False,False,nan,nan,nan
v3_sc2_staging_00,L3,2,8,0.6,True,False,False,3.0284271247461896,4.083939353874569,2.752691193458119
v3_sc2_staging_00,L3,2,9,0.6,False,False,False,nan,nan,nan
v3_sc2_staging_00,L3,2,10,0.6,True,False,False,3.0500000000000003,3.35,3.3890872965260117
v3_sc2_staging_00,L3,2,11,0.6,True,False,False,4.890559159102155,3.708622102303793,1.1224980739587953
v3_sc2_staging_00,L3,2,12,0.6,False,False,False,nan,nan,nan
v3_sc2_staging_00,L3,2,13,0.6,True,False,False,3.9000000000000004,4.846026561849464,1.25
v3_sc2_staging_00,L3,2,14,0.6,False,False,False,nan,nan,nan
v3_sc2_staging_00,L3,2,15,0.6,False,False,False,nan,nan,nan
v3_sc2_staging_00,L3,2,16,0.6,False,False,False,nan,nan,nan
v3_sc2_staging_00,L3,2,17,0.6,False,False,False,nan,nan,nan
v3_sc2_staging_00,L3,2,18,0.6,False,False,False,nan,nan,nan
v3_sc2_staging_00,L3,2,19,0.6,False,False,False,nan,nan,nan
v3_sc2_staging_00,L3,2,0,0.8,False,False,False,nan,nan,nan
v3_sc2_staging_00,L3,2,1,0.8,False,False,False,nan,nan,nan
v3_sc2_staging_00,L3,2,2,0.8,True,False,False,3.964823227814083,4.080392996239515,2.5450779957170226
v3_sc2_staging_00,L3,2,3,0.8,True,False,False,3.3656854249492385,4.670348150753487,1.75
v3_sc2_staging_00,L3,2,4,0.8,False,False,False,nan,nan,nan
v3_sc2_staging_00,L3,2,5,0.8,True,False,False,4.1449747468305835,4.334511350695125,1.8521266972678152
v3_sc2_staging_00,L3,2,6,0.8,False,False,False,nan,nan,nan
v3_sc2_staging_00,L3,2,7,0.8,False,False,False,nan,nan,nan
v3_sc2_staging_00,L3,2,8,0.8,True,False,False,3.0284271247461896,4.083939353874569,2.752691193458119
v3_sc2_staging_00,L3,2,9,0.8,False,False,False,nan,nan,nan
v3_sc2_staging_00,L3,2,10,0.8,True,False,False,3.0500000000000003,3.35,3.3890872965260117
v3_sc2_staging_00,L3,2,11,0.8,True,False,False,4.890559159102155,3.708622102303793,1.1224980739587953
v3_sc2_staging_00,L3,2,12,0.8,False,False,False,nan,nan,nan
v3_sc2_staging_00,L3,2,13,0.8,True,False,False,3.9000000000000004,4.846026561849464,1.25
v3_sc2_staging_00,L3,2,14,0.8,False,False,False,nan,nan,nan
v3_sc2_staging_00,L3,2,15,0.8,False,False,False,nan,nan,nan
v3_sc2_staging_00,L3,2,16,0.8,False,False,False,nan,nan,nan
v3_sc2_staging_00,L3,2,17,0.8,False,False,False,nan,nan,nan
v3_sc2_staging_00,L3,2,18,0.8,False,False,False,nan,nan,nan
v3_sc2_staging_00,L3,2,19,0.8,False,False,False,nan,nan,nan
v3_sc2_staging_00,L3,2,0,1.0,False,False,False,nan,nan,nan
v3_sc2_staging_00,L3,2,1,1.0,False,False,False,nan,nan,nan
v3_sc2_staging_00,L3,2,2,1.0,True,False,False,3.964823227814083,4.080392996239515,2.5450779957170226
v3_sc2_staging_00,L3,2,3,1.0,True,False,False,3.3656854249492385,4.670348150753487,1.75
v3_sc2_staging_00,L3,2,4,1.0,False,False,False,nan,nan,nan
v3_sc2_staging_00,L3,2,5,1.0,True,False,False,4.1449747468305835,4.334511350695125,1.8521266972678152
v3_sc2_staging_00,L3,2,6,1.0,False,False,False,nan,nan,nan
v3_sc2_staging_00,L3,2,7,1.0,False,False,False,nan,nan,nan
v3_sc2_staging_00,L3,2,8,1.0,True,False,False,3.0284271247461896,4.083939353874569,2.752691193458119
v3_sc2_staging_00,L3,2,9,1.0,False,False,False,nan,nan,nan
v3_sc2_staging_00,L3,2,10,1.0,True,False,False,3.0500000000000003,3.35,3.3890872965260117
v3_sc2_staging_00,L3,2,11,1.0,True,False,False,4.890559159102155,3.708622102303793,1.1224980739587953
v3_sc2_staging_00,L3,2,12,1.0,False,False,False,nan,nan,nan
v3_sc2_staging_00,L3,2,13,1.0,True,False,False,3.9000000000000004,4.846026561849464,1.25
v3_sc2_staging_00,L3,2,14,1.0,False,False,False,nan,nan,nan
v3_sc2_staging_00,L3,2,15,1.0,False,False,False,nan,nan,nan
v3_sc2_staging_00,L3,2,16,1.0,False,False,False,nan,nan,nan
v3_sc2_staging_00,L3,2,17,1.0,False,False,False,nan,nan,nan
v3_sc2_staging_00,L3,2,18,1.0,False,False,False,nan,nan,nan
v3_sc2_staging_00,L3,2,19,1.0,False,False,False,nan,nan,nan
v3_sc2_staging_00,L3,2,0,1.25,False,False,False,nan,nan,nan
v3_sc2_staging_00,L3,2,1,1.25,False,False,False,nan,nan,nan
v3_sc2_staging_00,L3,2,2,1.25,True,False,False,3.964823227814083,4.080392996239515,2.5450779957170226
v3_sc2_staging_00,L3,2,3,1.25,True,False,False,3.3656854249492385,4.670348150753487,1.75
v3_sc2_staging_00,L3,2,4,1.25,False,False,False,nan,nan,nan
v3_sc2_staging_00,L3,2,5,1.25,True,False,False,4.1449747468305835,4.334511350695125,1.8521266972678152
v3_sc2_staging_00,L3,2,6,1.25,False,False,False,nan,nan,nan
v3_sc2_staging_00,L3,2,7,1.25,False,False,False,nan,nan,nan
v3_sc2_staging_00,L3,2,8,1.25,True,False,False,3.0284271247461896,4.083939353874569,2.752691193458119
v3_sc2_staging_00,L3,2,9,1.25,False,False,False,nan,nan,nan
v3_sc2_staging_00,L3,2,10,1.25,True,False,False,3.0500000000000003,3.35,3.3890872965260117
v3_sc2_staging_00,L3,2,11,1.25,True,False,False,4.890559159102155,3.708622102303793,1.255704986607944
v3_sc2_staging_00,L3,2,12,1.25,False,False,False,nan,nan,nan
v3_sc2_staging_00,L3,2,13,1.25,True,False,False,3.9207106781186547,4.796461082647545,1.2755280904564703
v3_sc2_staging_00,L3,2,14,1.25,False,False,False,nan,nan,nan
v3_sc2_staging_00,L3,2,15,1.25,False,False,False,nan,nan,nan
v3_sc2_staging_00,L3,2,16,1.25,False,False,False,nan,nan,nan
v3_sc2_staging_00,L3,2,17,1.25,False,False,False,nan,nan,nan
v3_sc2_staging_00,L3,2,18,1.25,False,False,False,nan,nan,nan
v3_sc2_staging_00,L3,2,19,1.25,False,False,False,nan,nan,nan
v3_sc2_staging_00,L3,2,0,1.5,False,False,False,nan,nan,nan
v3_sc2_staging_00,L3,2,1,1.5,False,False,False,nan,nan,nan
v3_sc2_staging_00,L3,2,2,1.5,True,False,False,3.964823227814083,4.080392996239515,2.5450779957170226
v3_sc2_staging_00,L3,2,3,1.5,True,False,False,3.3656854249492385,4.670348150753487,1.75
v3_sc2_staging_00,L3,2,4,1.5,False,False,False,nan,nan,nan
v3_sc2_staging_00,L3,2,5,1.5,True,False,False,4.1449747468305835,4.334511350695125,1.8521266972678152
v3_sc2_staging_00,L3,2,6,1.5,False,False,False,nan,nan,nan
v3_sc2_staging_00,L3,2,7,1.5,False,False,False,nan,nan,nan
v3_sc2_staging_00,L3,2,8,1.5,True,False,False,3.0284271247461896,4.083939353874569,2.752691193458119
v3_sc2_staging_00,L3,2,9,1.5,False,False,False,nan,nan,nan
v3_sc2_staging_00,L3,2,10,1.5,True,False,False,3.0500000000000003,3.35,3.3890872965260117
v3_sc2_staging_00,L3,2,11,1.5,True,False,False,4.890559159102155,3.708622102303793,1.50124960961895
v3_sc2_staging_00,L3,2,12,1.5,False,False,False,nan,nan,nan
v3_sc2_staging_00,L3,2,13,1.5,False,False,False,nan,nan,nan
v3_sc2_staging_00,L3,2,14,1.5,False,False,False,nan,nan,nan
v3_sc2_staging_00,L3,2,15,1.5,False,False,False,nan,nan,nan
v3_sc2_staging_00,L3,2,16,1.5,False,False,False,nan,nan,nan
v3_sc2_staging_00,L3,2,17,1.5,False,False,False,nan,nan,nan
v3_sc2_staging_00,L3,2,18,1.5,False,False,False,nan,nan,nan
v3_sc2_staging_00,L3,2,19,1.5,False,False,False,nan,nan,nan
v3_sc2_staging_00,L3,2,0,2.0,False,False,False,nan,nan,nan
v3_sc2_staging_00,L3,2,1,2.0,False,False,False,nan,nan,nan
v3_sc2_staging_00,L3,2,2,2.0,True,False,False,3.964823227814083,4.080392996239515,2.5450779957170226
v3_sc2_staging_00,L3,2,3,2.0,True,False,False,3.3656854249492385,4.579616127228514,2.0283393759541064
v3_sc2_staging_00,L3,2,4,2.0,False,False,False,nan,nan,nan
v3_sc2_staging_00,L3,2,5,2.0,True,False,False,4.186396103067893,4.227049819919396,2.0004999500099974
v3_sc2_staging_00,L3,2,6,2.0,False,False,False,nan,nan,nan
v3_sc2_staging_00,L3,2,7,2.0,False,False,False,nan,nan,nan
v3_sc2_staging_00,L3,2,8,2.0,True,False,False,3.0284271247461896,4.083939353874569,2.752691193458119
v3_sc2_staging_00,L3,2,9,2.0,False,False,False,nan,nan,nan
v3_sc2_staging_00,L3,2,10,2.0,True,False,False,3.0500000000000003,3.35,3.3890872965260117
v3_sc2_staging_00,L3,2,11,2.0,True,False,False,5.0855339059327385,3.5942032191868547,2.0004999500099974
v3_sc2_staging_00,L3,2,12,2.0,False,False,False,nan,nan,nan
v3_sc2_staging_00,L3,2,13,2.0,False,False,False,nan,nan,nan
v3_sc2_staging_00,L3,2,14,2.0,False,False,False,nan,nan,nan
v3_sc2_staging_00,L3,2,15,2.0,False,False,False,nan,nan,nan
v3_sc2_staging_00,L3,2,16,2.0,False,False,False,nan,nan,nan
v3_sc2_staging_00,L3,2,17,2.0,False,False,False,nan,nan,nan
v3_sc2_staging_00,L3,2,18,2.0,False,False,False,nan,nan,nan
v3_sc2_staging_00,L3,2,19,2.0,False,False,False,nan,nan,nan
v3_sc2_staging_00,L3,3,0,0.0,True,False,False,7.5006096654409875,3.579215610874228,0.002493781056044475
v3_sc2_staging_00,L3,3,1,0.0,True,False,False,8.304163056034263,3.453795644693843,0.002493781056044475
v3_sc2_staging_00,L3,3,2,0.0,True,False,False,3.9562445840513925,4.076297630180974,2.6312936623702354
v3_sc2_staging_00,L3,3,3,0.0,True,False,False,3.3242640687119294,4.67228189487,1.7699118925632336
v3_sc2_staging_00,L3,3,4,0.0,True,False,False,5.2056349186104045,0.7747548783981963,2.6312936623702354
v3_sc2_staging_00,L3,3,5,0.0,True,False,False,4.153553390593274,4.350773134253962,1.9083189157584592
v3_sc2_staging_00,L3,3,6,0.0,True,False,False,6.366295090390227,0.7747548783981963,1.9864633518312713
v3_sc2_staging_00,L3,3,7,0.0,True,False,False,7.524873734152917,4.099184710359,0.050000000000000044
v3_sc2_staging_00,L3,3,8,0.0,True,False,False,3.0370057685088803,4.110043383743802,2.7534596969994882
v3_sc2_staging_00,L3,3,9,0.0,True,False,False,8.897665940288702,3.404484601070928,0.002493781056044475
v3_sc2_staging_00,L3,3,10,0.0,True,False,False,3.0500000000000003,3.3616706229299256,3.404484601070928
v3_sc2_staging_00,L3,3,11,0.0,True,False,False,4.881980515339464,3.720189569201838,1.1224980739587953
v3_sc2_staging_00,L3,3,12,0.0,True,False,False,8.744112549695428,3.757933771208754,0.002493781056044475
v3_sc2_staging_00,L3,3,13,0.0,True,False,False,3.9207106781186547,4.9230987451825,1.2000000000000002
v3_sc2_staging_00,L3,3,14,0.0,True,False,False,7.381980515339464,3.19120576505835,0.002493781056044475
v3_sc2_staging_00,L3,3,15,0.0,True,False,False,9.65918830920368,3.650301193889427,0.002493781056044475
v3_sc2_staging_00,L3,3,16,0.0,True,False,False,7.342031021678299,3.967941360403021,0.002493781056044475
v3_sc2_staging_00,L3,3,17,0.0,True,False,False,7.597665940288701,0.7206555615733703,1.5500000000000003
v3_sc2_staging_00,L3,3,18,0.0,True,False,False,3.79350288425444,0.7206555615733703,3.7722944655067963
v3_sc2_staging_00,L3,3,19,0.0,True,False,False,4.614213562373095,0.7747548783981963,3.1458880948268284
v3_sc2_staging_00,L3,3,0,0.1,True,False,False,7.600609665440988,3.579215610874228,0.10000000000000009
v3_sc2_staging_00,L3,3,1,0.1,True,False,False,8.404163056034262,3.453795644693843,0.10000000000000009
v3_sc2_staging_00,L3,3,2,0.1,True,False,False,3.9562445840513925,4.076297630180974,2.6312936623702354
v3_sc2_staging_00,L3,3,3,0.1,True,False,False,3.3242640687119294,4.67228189487,1.7699118925632336
v3_sc2_staging_00,L3,3,4,0.1,True,False,False,5.2056349186104045,0.7747548783981963,2.6312936623702354
v3_sc2_staging_00,L3,3,5,0.1,True,False,False,4.153553390593274,4.350773134253962,1.9083189157584592
v3_sc2_staging_00,L3,3,6,0.1,True,False,False,6.366295090390227,0.7747548783981963,1.9864633518312713
v3_sc2_staging_00,L3,3,7,0.1,True,False,False,7.524873734152917,4.200265949922408,0.25
v3_sc2_staging_00,L3,3,8,0.1,True,False,False,3.0370057685088803,4.110043383743802,2.7534596969994882
v3_sc2_staging_00,L3,3,9,0.1,True,False,False,8.997665940288702,3.404484601070928,0.10000000000000009
v3_sc2_staging_00,L3,3,10,0.1,True,False,False,3.0500000000000003,3.3616706229299256,3.404484601070928
v3_sc2_staging_00,L3,3,11,0.1,True,False,False,4.881980515339464,3.720189569201838,1.1224980739587953
v3_sc2_staging_00,L3,3,12,0.1,True,False,False,8.844112549695428,3.757933771208754,0.10000000000000009
v3_sc2_staging_00,L3,3,13,0.1,True,False,False,3.9207106781186547,4.9230987451825,1.2000000000000002
v3_sc2_staging_00,L3,3,14,0.1,True,False,False,7.4819805153394645,3.19120576505835,0.10000000000000009
v3_sc2_staging_00,L3,3,15,0.1,True,False,False,9.779898987322333,3.650301193889427,0.10000000000000009
v3_sc2_staging_00,L3,3,16,0.1,True,False,False,7.3834523779156065,3.967941360403021,0.10000000000000009
v3_sc2_staging_00,L3,3,17,0.1,True,False,False,7.597665940288701,0.7206555615733703,1.5500000000000003
v3_sc2_staging_00,L3,3,18,0.1,True,False,False,3.79350288425444,0.7206555615733703,3.7722944655067963
v3_sc2_staging_00,L3,3,19,0.1,True,False,False,4.614213562373095,0.7747548783981963,3.1458880948268284
v3_sc2_staging_00,L3,3,0,0.2,True,False,False,7.771320343559641,3.579215610874228,0.20000000000000007
v3_sc2_staging_00,L3,3,1,0.2,True,False,False,8.657716446627536,3.453795644693843,0.20000000000000007
v3_sc2_staging_00,L3,3,2,0.2,True,False,False,3.9562445840513925,4.076297630180974,2.6312936623702354
v3_sc2_staging_00,L3,3,3,0.2,True,False,False,3.3242640687119294,4.67228189487,1.7699118925632336
v3_sc2_staging_00,L3,3,4,0.2,True,False,False,5.2056349186104045,0.7747548783981963,2.6312936623702354
v3_sc2_staging_00,L3,3,5,0.2,True,False,False,4.153553390593274,4.350773134253962,1.9083189157584592
v3_sc2_staging_00,L3,3,6,0.2,True,False,False,6.366295090390227,0.7747548783981963,1.9864633518312713
v3_sc2_staging_00,L3,3,7,0.2,True,False,False,7.524873734152917,4.200265949922408,0.25
v3_sc2_staging_00,L3,3,8,0.2,True,False,False,3.0370057685088803,4.110043383743802,2.7534596969994882
v3_sc2_staging_00,L3,3,9,0.2,True,False,False,9.168376618407358,3.404484601070928,0.20000000000000007
v3_sc2_staging_00,L3,3,10,0.2,True,False,False,3.0500000000000003,3.3616706229299256,3.404484601070928
v3_sc2_staging_00,L3,3,11,0.2,True,False,False,4.881980515339464,3.720189569201838,1.1224980739587953
v3_sc2_staging_00,L3,3,12,0.2,True,False,False,9.014823227814082,3.757933771208754,0.20000000000000007
v3_sc2_staging_00,L3,3,13,0.2,True,False,False,3.9207106781186547,4.9230987451825,1.2000000000000002
v3_sc2_staging_00,L3,3,14,0.2,True,False,False,7.652691193458117,3.19120576505835,0.20000000000000007
v3_sc2_staging_00,L3,3,15,0.2,True,False,False,9.992031021678299,3.650301193889427,0.20000000000000007
v3_sc2_staging_00,L3,3,16,0.2,True,False,False,7.466295090390225,3.967941360403021,0.20000000000000007
v3_sc2_staging_00,L3,3,17,0.2,True,False,False,7.597665940288701,0.7206555615733703,1.5500000000000003
v3_sc2_staging_00,L3,3,18,0.2,True,False,False,3.79350288425444,0.7206555615733703,3.7722944655067963
v3_sc2_staging_00,L3,3,19,0.2,True,False,False,4.614213562373095,0.7747548783981963,3.1458880948268284
v3_sc2_staging_00,L3,3,0,0.3,False,False,False,nan,nan,nan
v3_sc2_staging_00,L3,3,1,0.3,False,False,False,nan,nan,nan
v3_sc2_staging_00,L3,3,2,0.3,True,False,False,3.9562445840513925,4.076297630180974,2.6312936623702354
v3_sc2_staging_00,L3,3,3,0.3,True,False,False,3.3242640687119294,4.67228189487,1.7699118925632336
v3_sc2_staging_00,L3,3,4,0.3,True,False,False,5.2056349186104045,0.7747548783981963,2.6312936623702354
v3_sc2_staging_00,L3,3,5,0.3,True,False,False,4.153553390593274,4.350773134253962,1.9083189157584592
v3_sc2_staging_00,L3,3,6,0.3,True,False,False,6.366295090390227,0.7747548783981963,1.9864633518312713
v3_sc2_staging_00,L3,3,7,0.3,False,False,False,nan,nan,nan
v3_sc2_staging_00,L3,3,8,0.3,True,False,False,3.0370057685088803,4.110043383743802,2.7534596969994882
v3_sc2_staging_00,L3,3,9,0.3,False,False,False,nan,nan,nan
v3_sc2_staging_00,L3,3,10,0.3,True,False,False,3.0500000000000003,3.3616706229299256,3.404484601070928
v3_sc2_staging_00,L3,3,11,0.3,True,False,False,4.881980515339464,3.720189569201838,1.1224980739587953
v3_sc2_staging_00,L3,3,12,0.3,False,False,False,nan,nan,nan
v3_sc2_staging_00,L3,3,13,0.3,True,False,False,3.9207106781186547,4.9230987451825,1.2000000000000002
v3_sc2_staging_00,L3,3,14,0.3,False,False,False,nan,nan,nan
v3_sc2_staging_00,L3,3,15,0.3,False,False,False,nan,nan,nan
v3_sc2_staging_00,L3,3,16,0.3,False,False,False,nan,nan,nan
v3_sc2_staging_00,L3,3,17,0.3,True,False,False,7.597665940288701,0.7206555615733703,1.5500000000000003
v3_sc2_staging_00,L3,3,18,0.3,True,False,False,3.79350288425444,0.7206555615733703,3.7722944655067963
v3_sc2_staging_00,L3,3,19,0.3,True,False,False,4.614213562373095,0.7747548783981963,3.1458880948268284
v3_sc2_staging_00,L3,3,0,0.4,False,False,False,nan,nan,nan
v3_sc2_staging_00,L3,3,1,0.4,False,False,False,nan,nan,nan
v3_sc2_staging_00,L3,3,2,0.4,True,False,False,3.9562445840513925,4.076297630180974,2.6312936623702354
v3_sc2_staging_00,L3,3,3,0.4,True,False,False,3.3242640687119294,4.67228189487,1.7699118925632336
v3_sc2_staging_00,L3,3,4,0.4,True,False,False,5.2056349186104045,0.7747548783981963,2.6312936623702354
v3_sc2_staging_00,L3,3,5,0.4,True,False,False,4.153553390593274,4.350773134253962,1.9083189157584592
v3_sc2_staging_00,L3,3,6,0.4,True,False,False,6.366295090390227,0.7747548783981963,1.9864633518312713
v3_sc2_staging_00,L3,3,7,0.4,False,False,False,nan,nan,nan
v3_sc2_staging_00,L3,3,8,0.4,True,False,False,3.0370057685088803,4.110043383743802,2.7534596969994882
v3_sc2_staging_00,L3,3,9,0.4,False,False,False,nan,nan,nan
v3_sc2_staging_00,L3,3,10,0.4,True,False,False,3.0500000000000003,3.3616706229299256,3.404484601070928
v3_sc2_staging_00,L3,3,11,0.4,True,False,False,4.881980515339464,3.720189569201838,1.1224980739587953
v3_sc2_staging_00,L3,3,12,0.4,False,False,False,nan,nan,nan
v3_sc2_staging_00,L3,3,13,0.4,True,False,False,3.9207106781186547,4.9230987451825,1.2000000000000002
v3_sc2_staging_00,L3,3,14,0.4,False,False,False,nan,nan,nan
v3_sc2_staging_00,L3,3,15,0.4,False,False,False,nan,nan,nan
v3_sc2_staging_00,L3,3,16,0.4,False,False,False,nan,nan,nan
v3_sc2_staging_00,L3,3,17,0.4,True,False,False,7.597665940288701,0.7206555615733703,1.5500000000000003
v3_sc2_staging_00,L3,3,18,0.4,True,False,False,3.79350288425444,0.7206555615733703,3.7722944655067963
v3_sc2_staging_00,L3,3,19,0.4,True,False,False,4.614213562373095,0.7747548783981963,3.1458880948268284
v3_sc2_staging_00,L3,3,0,0.5,False,False,False,nan,nan,nan
v3_sc2_staging_00,L3,3,1,0.5,False,False,False,nan,nan,nan
v3_sc2_staging_00,L3,3,2,0.5,True,False,False,3.9562445840513925,4.076297630180974,2.6312936623702354
v3_sc2_staging_00,L3,3,3,0.5,True,False,False,3.3242640687119294,4.67228189487,1.7699118925632336
v3_sc2_staging_00,L3,3,4,0.5,True,False,False,5.2056349186104045,0.7747548783981963,2.6312936623702354
v3_sc2_staging_00,L3,3,5,0.5,True,False,False,4.153553390593274,4.350773134253962,1.9083189157584592
v3_sc2_staging_00,L3,3,6,0.5,True,False,False,6.366295090390227,0.7747548783981963,1.9864633518312713
v3_sc2_staging_00,L3,3,7,0.5,False,False,False,nan,nan,nan
v3_sc2_staging_00,L3,3,8,0.5,True,False,False,3.0370057685088803,4.110043383743802,2.7534596969994882
v3_sc2_staging_00,L3,3,9,0.5,False,False,False,nan,nan,nan
v3_sc2_staging_00,L3,3,10,0.5,True,False,False,3.0500000000000003,3.3616706229299256,3.404484601070928
v3_sc2_staging_00,L3,3,11,0.5,True,False,False,4.881980515339464,3.720189569201838,1.1224980739587953
v3_sc2_staging_00,L3,3,12,0.5,False,False,False,nan,nan,nan
v3_sc2_staging_00,L3,3,13,0.5,True,False,False,3.9207106781186547,4.9230987451825,1.2000000000000002
v3_sc2_staging_00,L3,3,14,0.5,False,False,False,nan,nan,nan
v3_sc2_staging_00,L3,3,15,0.5,False,False,False,nan,nan,nan
v3_sc2_staging_00,L3,3,16,0.5,False,False,False,nan,nan,nan
v3_sc2_staging_00,L3,3,17,0.5,True,False,False,7.597665940288701,0.7206555615733703,1.5500000000000003
v3_sc2_staging_00,L3,3,18,0.5,True,False,False,3.79350288425444,0.7206555615733703,3.7722944655067963
v3_sc2_staging_00,L3,3,19,0.5,True,False,False,4.614213562373095,0.7747548783981963,3.1458880948268284
v3_sc2_staging_00,L3,3,0,0.6,False,False,False,nan,nan,nan
v3_sc2_staging_00,L3,3,1,0.6,False,False,False,nan,nan,nan
v3_sc2_staging_00,L3,3,2,0.6,True,False,False,3.9562445840513925,4.076297630180974,2.6312936623702354
v3_sc2_staging_00,L3,3,3,0.6,True,False,False,3.3242640687119294,4.67228189487,1.7699118925632336
v3_sc2_staging_00,L3,3,4,0.6,True,False,False,5.2056349186104045,0.7747548783981963,2.6312936623702354
v3_sc2_staging_00,L3,3,5,0.6,True,False,False,4.153553390593274,4.350773134253962,1.9083189157584592
v3_sc2_staging_00,L3,3,6,0.6,True,False,False,6.366295090390227,0.7747548783981963,1.9864633518312713
v3_sc2_staging_00,L3,3,7,0.6,False,False,False,nan,nan,nan
v3_sc2_staging_00,L3,3,8,0.6,True,False,False,3.0370057685088803,4.110043383743802,2.7534596969994882
v3_sc2_staging_00,L3,3,9,0.6,False,False,False,nan,nan,nan
v3_sc2_staging_00,L3,3,10,0.6,True,False,False,3.0500000000000003,3.3616706229299256,3.404484601070928
v3_sc2_staging_00,L3,3,11,0.6,True,False,False,4.881980515339464,3.720189569201838,1.1224980739587953
v3_sc2_staging_00,L3,3,12,0.6,False,False,False,nan,nan,nan
v3_sc2_staging_00,L3,3,13,0.6,True,False,False,3.9207106781186547,4.9230987451825,1.2000000000000002
v3_sc2_staging_00,L3,3,14,0.6,False,False,False,nan,nan,nan
v3_sc2_staging_00,L3,3,15,0.6,False,False,False,nan,nan,nan
v3_sc2_staging_00,L3,3,16,0.6,False,False,False,nan,nan,nan
v3_sc2_staging_00,L3,3,17,0.6,True,False,False,7.597665940288701,0.7206555615733703,1.5500000000000003
v3_sc2_staging_00,L3,3,18,0.6,True,False,False,3.79350288425444,0.7206555615733703,3.7722944655067963
v3_sc2_staging_00,L3,3,19,0.6,True,False,False,4.614213562373095,0.7747548783981963,3.1458880948268284
v3_sc2_staging_00,L3,3,0,0.8,False,False,False,nan,nan,nan
v3_sc2_staging_00,L3,3,1,0.8,False,False,False,nan,nan,nan
v3_sc2_staging_00,L3,3,2,0.8,True,False,False,3.9562445840513925,4.076297630180974,2.6312936623702354
v3_sc2_staging_00,L3,3,3,0.8,True,False,False,3.3242640687119294,4.67228189487,1.7699118925632336
v3_sc2_staging_00,L3,3,4,0.8,False,False,False,nan,nan,nan
v3_sc2_staging_00,L3,3,5,0.8,True,False,False,4.153553390593274,4.350773134253962,1.9083189157584592
v3_sc2_staging_00,L3,3,6,0.8,False,False,False,nan,nan,nan
v3_sc2_staging_00,L3,3,7,0.8,False,False,False,nan,nan,nan
v3_sc2_staging_00,L3,3,8,0.8,True,False,False,3.0370057685088803,4.110043383743802,2.7534596969994882
v3_sc2_staging_00,L3,3,9,0.8,False,False,False,nan,nan,nan
v3_sc2_staging_00,L3,3,10,0.8,True,False,False,3.0500000000000003,3.3616706229299256,3.404484601070928
v3_sc2_staging_00,L3,3,11,0.8,True,False,False,4.881980515339464,3.720189569201838,1.1224980739587953
v3_sc2_staging_00,L3,3,12,0.8,False,False,False,nan,nan,nan
v3_sc2_staging_00,L3,3,13,0.8,True,False,False,3.9207106781186547,4.9230987451825,1.2000000000000002
v3_sc2_staging_00,L3,3,14,0.8,False,False,False,nan,nan,nan
v3_sc2_staging_00,L3,3,15,0.8,False,False,False,nan,nan,nan
v3_sc2_staging_00,L3,3,16,0.8,False,False,False,nan,nan,nan
v3_sc2_staging_00,L3,3,17,0.8,False,False,False,nan,nan,nan
v3_sc2_staging_00,L3,3,18,0.8,False,False,False,nan,nan,nan
v3_sc2_staging_00,L3,3,19,0.8,False,False,False,nan,nan,nan
v3_sc2_staging_00,L3,3,0,1.0,False,False,False,nan,nan,nan
v3_sc2_staging_00,L3,3,1,1.0,False,False,False,nan,nan,nan
v3_sc2_staging_00,L3,3,2,1.0,True,False,False,3.9562445840513925,4.076297630180974,2.6312936623702354
v3_sc2_staging_00,L3,3,3,1.0,True,False,False,3.3242640687119294,4.67228189487,1.7699118925632336
v3_sc2_staging_00,L3,3,4,1.0,False,False,False,nan,nan,nan
v3_sc2_staging_00,L3,3,5,1.0,True,False,False,4.153553390593274,4.350773134253962,1.9083189157584592
v3_sc2_staging_00,L3,3,6,1.0,False,False,False,nan,nan,nan
v3_sc2_staging_00,L3,3,7,1.0,False,False,False,nan,nan,nan
v3_sc2_staging_00,L3,3,8,1.0,True,False,False,3.0370057685088803,4.110043383743802,2.7534596969994882
v3_sc2_staging_00,L3,3,9,1.0,False,False,False,nan,nan,nan
v3_sc2_staging_00,L3,3,10,1.0,True,False,False,3.0500000000000003,3.3616706229299256,3.404484601070928
v3_sc2_staging_00,L3,3,11,1.0,True,False,False,4.881980515339464,3.720189569201838,1.1224980739587953
v3_sc2_staging_00,L3,3,12,1.0,False,False,False,nan,nan,nan
v3_sc2_staging_00,L3,3,13,1.0,True,False,False,3.9207106781186547,4.9230987451825,1.2000000000000002
v3_sc2_staging_00,L3,3,14,1.0,False,False,False,nan,nan,nan
v3_sc2_staging_00,L3,3,15,1.0,False,False,False,nan,nan,nan
v3_sc2_staging_00,L3,3,16,1.0,False,False,False,nan,nan,nan
v3_sc2_staging_00,L3,3,17,1.0,False,False,False,nan,nan,nan
v3_sc2_staging_00,L3,3,18,1.0,False,False,False,nan,nan,nan
v3_sc2_staging_00,L3,3,19,1.0,False,False,False,nan,nan,nan
v3_sc2_staging_00,L3,3,0,1.25,False,False,False,nan,nan,nan
v3_sc2_staging_00,L3,3,1,1.25,False,False,False,nan,nan,nan
v3_sc2_staging_00,L3,3,2,1.25,True,False,False,3.9562445840513925,4.076297630180974,2.6312936623702354
v3_sc2_staging_00,L3,3,3,1.25,True,False,False,3.3242640687119294,4.67228189487,1.7699118925632336
v3_sc2_staging_00,L3,3,4,1.25,False,False,False,nan,nan,nan
v3_sc2_staging_00,L3,3,5,1.25,True,False,False,4.153553390593274,4.350773134253962,1.9083189157584592
v3_sc2_staging_00,L3,3,6,1.25,False,False,False,nan,nan,nan
v3_sc2_staging_00,L3,3,7,1.25,False,False,False,nan,nan,nan
v3_sc2_staging_00,L3,3,8,1.25,True,False,False,3.0370057685088803,4.110043383743802,2.7534596969994882
v3_sc2_staging_00,L3,3,9,1.25,False,False,False,nan,nan,nan
v3_sc2_staging_00,L3,3,10,1.25,True,False,False,3.0500000000000003,3.3616706229299256,3.404484601070928
v3_sc2_staging_00,L3,3,11,1.25,True,False,False,4.881980515339464,3.720189569201838,1.2613914953808536
v3_sc2_staging_00,L3,3,12,1.25,False,False,False,nan,nan,nan
v3_sc2_staging_00,L3,3,13,1.25,False,False,False,nan,nan,nan
v3_sc2_staging_00,L3,3,14,1.25,False,False,False,nan,nan,nan
v3_sc2_staging_00,L3,3,15,1.25,False,False,False,nan,nan,nan
v3_sc2_staging_00,L3,3,16,1.25,False,False,False,nan,nan,nan
v3_sc2_staging_00,L3,3,17,1.25,False,False,False,nan,nan,nan
v3_sc2_staging_00,L3,3,18,1.25,False,False,False,nan,nan,nan
v3_sc2_staging_00,L3,3,19,1.25,False,False,False,nan,nan,nan
v3_sc2_staging_00,L3,3,0,1.5,False,False,False,nan,nan,nan
v3_sc2_staging_00,L3,3,1,1.5,False,False,False,nan,nan,nan
v3_sc2_staging_00,L3,3,2,1.5,True,False,False,3.9562445840513925,4.076297630180974,2.6312936623702354
v3_sc2_staging_00,L3,3,3,1.5,True,False,False,3.3242640687119294,4.67228189487,1.7699118925632336
v3_sc2_staging_00,L3,3,4,1.5,False,False,False,nan,nan,nan
v3_sc2_staging_00,L3,3,5,1.5,True,False,False,4.153553390593274,4.350773134253962,1.9083189157584592
v3_sc2_staging_00,L3,3,6,1.5,False,False,False,nan,nan,nan
v3_sc2_staging_00,L3,3,7,1.5,False,False,False,nan,nan,nan
v3_sc2_staging_00,L3,3,8,1.5,True,False,False,3.0370057685088803,4.110043383743802,2.7534596969994882
v3_sc2_staging_00,L3,3,9,1.5,False,False,False,nan,nan,nan
v3_sc2_staging_00,L3,3,10,1.5,True,False,False,3.0500000000000003,3.3616706229299256,3.404484601070928
v3_sc2_staging_00,L3,3,11,1.5,True,False,False,4.881980515339464,3.720189569201838,1.50124960961895
v3_sc2_staging_00,L3,3,12,1.5,False,False,False,nan,nan,nan
v3_sc2_staging_00,L3,3,13,1.5,False,False,False,nan,nan,nan
v3_sc2_staging_00,L3,3,14,1.5,False,False,False,nan,nan,nan
v3_sc2_staging_00,L3,3,15,1.5,False,False,False,nan,nan,nan
v3_sc2_staging_00,L3,3,16,1.5,False,False,False,nan,nan,nan
v3_sc2_staging_00,L3,3,17,1.5,False,False,False,nan,nan,nan
v3_sc2_staging_00,L3,3,18,1.5,False,False,False,nan,nan,nan
v3_sc2_staging_00,L3,3,19,1.5,False,False,False,nan,nan,nan
v3_sc2_staging_00,L3,3,0,2.0,False,False,False,nan,nan,nan
v3_sc2_staging_00,L3,3,1,2.0,False,False,False,nan,nan,nan
v3_sc2_staging_00,L3,3,2,2.0,True,False,False,3.9562445840513925,4.076297630180974,2.6312936623702354
v3_sc2_staging_00,L3,3,3,2.0,True,False,False,3.4071067811865476,4.639309292113095,2.0004999500099974
v3_sc2_staging_00,L3,3,4,2.0,False,False,False,nan,nan,nan
v3_sc2_staging_00,L3,3,5,2.0,True,False,False,4.194974746830584,4.350773134253962,2.0004999500099974
v3_sc2_staging_00,L3,3,6,2.0,False,False,False,nan,nan,nan
v3_sc2_staging_00,L3,3,7,2.0,False,False,False,nan,nan,nan
v3_sc2_staging_00,L3,3,8,2.0,True,False,False,3.0370057685088803,4.110043383743802,2.7534596969994882
v3_sc2_staging_00,L3,3,9,2.0,False,False,False,nan,nan,nan
v3_sc2_staging_00,L3,3,10,2.0,True,False,False,3.0500000000000003,3.3616706229299256,3.404484601070928
v3_sc2_staging_00,L3,3,11,2.0,True,False,False,5.076955262170048,3.6018288603987365,2.0004999500099974
v3_sc2_staging_00,L3,3,12,2.0,False,False,False,nan,nan,nan
v3_sc2_staging_00,L3,3,13,2.0,False,False,False,nan,nan,nan
v3_sc2_staging_00,L3,3,14,2.0,False,False,False,nan,nan,nan
v3_sc2_staging_00,L3,3,15,2.0,False,False,False,nan,nan,nan
v3_sc2_staging_00,L3,3,16,2.0,False,False,False,nan,nan,nan
v3_sc2_staging_00,L3,3,17,2.0,False,False,False,nan,nan,nan
v3_sc2_staging_00,L3,3,18,2.0,False,False,False,nan,nan,nan
v3_sc2_staging_00,L3,3,19,2.0,False,False,False,nan,nan,nan
v3_sc2_staging_00,L3,4,0,0.0,True,True,False,7.205634918610404,3.648795005781799,0.002493781056044475
v3_sc2_staging_00,L3,4,1,0.0,True,False,False,8.22842712474619,3.374596753211875,0.002493781056044475
v3_sc2_staging_00,L3,4,2,0.0,True,False,False,4.014823227814083,4.022167621838006,2.5700162866017506
v3_sc2_staging_00,L3,4,3,0.0,True,False,False,3.3156854249492387,4.687002988238969,1.7141589825484531
v3_sc2_staging_00,L3,4,4,0.0,True,False,False,5.829898987322334,0.33216584885466194,2.6312936623702354
v3_sc2_staging_00,L3,4,5,0.0,True,False,False,4.1449747468305835,4.366210024238576,1.8194827009486403
v3_sc2_staging_00,L3,4,6,0.0,True,False,False,7.235533905932741,0.33216584885466194,1.9738633753705965
v3_sc2_staging_00,L3,4,7,0.0,True,False,False,7.557716446627535,4.218315377335432,0.30000000000000004
v3_sc2_staging_00,L3,4,8,0.0,True,False,False,3.0077164466275352,4.060701700396552,2.788236609491477
v3_sc2_staging_00,L3,4,9,0.0,True,True,False,8.602691193458119,3.471460688462118,0.002493781056044475
v3_sc2_staging_00,L3,4,10,0.0,True,False,False,3.0500000000000003,3.402883549377306,3.382331773560833
v3_sc2_staging_00,L3,4,11,0.0,True,False,False,4.890559159102155,3.6430664971733195,1.0953056133543817
v3_sc2_staging_00,L3,4,12,0.0,True,True,False,8.449137802864845,3.8246387132337425,0.002493781056044475
v3_sc2_staging_00,L3,4,13,0.0,True,False,False,3.9000000000000004,4.833854141237835,1.25
v3_sc2_staging_00,L3,4,14,0.0,True,True,True,7.137005768508885,3.248332962798263,0.002493781056044475
v3_sc2_staging_00,L3,4,15,0.0,True,True,False,9.604163056034261,3.45,0.002493781056044475
v3_sc2_staging_00,L3,4,16,0.0,True,True,False,7.2506096654409875,3.7793106921559225,0.002493781056044475
v3_sc2_staging_00,L3,4,17,0.0,True,False,False,8.006244584051393,0.33216584885466194,1.539607805437114
v3_sc2_staging_00,L3,4,18,0.0,True,False,False,4.314213562373095,0.33216584885466194,3.7605750785545373
v3_sc2_staging_00,L3,4,19,0.0,True,False,False,5.3834523779156065,0.33216584885466194,3.143144246389374
v3_sc2_staging_00,L3,4,0,0.1,True,False,False,7.305634918610406,3.648795005781799,0.10000000000000009
v3_sc2_staging_00,L3,4,1,0.1,True,False,False,8.32842712474619,3.374596753211875,0.10000000000000009
v3_sc2_staging_00,L3,4,2,0.1,True,False,False,4.014823227814083,4.022167621838006,2.5700162866017506
v3_sc2_staging_00,L3,4,3,0.1,True,False,False,3.3156854249492387,4.687002988238969,1.7141589825484531
v3_sc2_staging_00,L3,4,4,0.1,True,False,False,5.829898987322334,0.33216584885466194,2.6312936623702354
v3_sc2_staging_00,L3,4,5,0.1,True,False,False,4.1449747468305835,4.366210024238576,1.8194827009486403
v3_sc2_staging_00,L3,4,6,0.1,True,False,False,7.235533905932741,0.33216584885466194,1.9738633753705965
v3_sc2_staging_00,L3,4,7,0.1,True,False,False,7.557716446627535,4.218315377335432,0.30000000000000004
v3_sc2_staging_00,L3,4,8,0.1,True,False,False,3.0077164466275352,4.060701700396552,2.788236609491477
v3_sc2_staging_00,L3,4,9,0.1,True,False,False,8.70269119345812,3.471460688462118,0.10000000000000009
v3_sc2_staging_00,L3,4,10,0.1,True,False,False,3.0500000000000003,3.402883549377306,3.382331773560833
v3_sc2_staging_00,L3,4,11,0.1,True,False,False,4.890559159102155,3.6430664971733195,1.0953056133543817
v3_sc2_staging_00,L3,4,12,0.1,True,False,False,8.549137802864845,3.8246387132337425,0.10000000000000009
v3_sc2_staging_00,L3,4,13,0.1,True,False,False,3.9000000000000004,4.833854141237835,1.25
v3_sc2_staging_00,L3,4,14,0.1,True,True,True,7.2370057685088796,3.248332962798263,0.10000000000000009
v3_sc2_staging_00,L3,4,15,0.1,True,False,False,9.704163056034261,3.45,0.10000000000000009
v3_sc2_staging_00,L3,4,16,0.1,True,False,False,7.271320343559643,3.828972164382672,0.10000000000000009
v3_sc2_staging_00,L3,4,17,0.1,True,False,False,8.006244584051393,0.33216584885466194,1.539607805437114
v3_sc2_staging_00,L3,4,18,0.1,True,False,False,4.314213562373095,0.33216584885466194,3.7605750785545373
v3_sc2_staging_00,L3,4,19,0.1,True,False,False,5.3834523779156065,0.33216584885466194,3.143144246389374
v3_sc2_staging_00,L3,4,0,0.2,True,False,False,7.476345596729058,3.648795005781799,0.20000000000000007
v3_sc2_staging_00,L3,4,1,0.2,True,False,False,8.499137802864846,3.374596753211875,0.20000000000000007
v3_sc2_staging_00,L3,4,2,0.2,True,False,False,4.014823227814083,4.022167621838006,2.5700162866017506
v3_sc2_staging_00,L3,4,3,0.2,True,False,False,3.3156854249492387,4.687002988238969,1.7141589825484531
v3_sc2_staging_00,L3,4,4,0.2,True,False,False,5.829898987322334,0.33216584885466194,2.6312936623702354
v3_sc2_staging_00,L3,4,5,0.2,True,False,False,4.1449747468305835,4.366210024238576,1.8194827009486403
v3_sc2_staging_00,L3,4,6,0.2,True,False,False,7.235533905932741,0.33216584885466194,1.9738633753705965
v3_sc2_staging_00,L3,4,7,0.2,True,False,False,7.557716446627535,4.218315377335432,0.30000000000000004
v3_sc2_staging_00,L3,4,8,0.2,True,False,False,3.0077164466275352,4.060701700396552,2.788236609491477
v3_sc2_staging_00,L3,4,9,0.2,True,False,False,8.873401871576773,3.471460688462118,0.20000000000000007
v3_sc2_staging_00,L3,4,10,0.2,True,False,False,3.0500000000000003,3.402883549377306,3.382331773560833
v3_sc2_staging_00,L3,4,11,0.2,True,False,False,4.890559159102155,3.6430664971733195,1.0953056133543817
v3_sc2_staging_00,L3,4,12,0.2,True,False,False,8.719848480983499,3.8246387132337425,0.20000000000000007
v3_sc2_staging_00,L3,4,13,0.2,True,False,False,3.9000000000000004,4.833854141237835,1.25
v3_sc2_staging_00,L3,4,14,0.2,True,False,True,7.407716446627536,3.248332962798263,0.20000000000000007
v3_sc2_staging_00,L3,4,15,0.2,True,False,False,9.874873734152917,3.45,0.20000000000000007
v3_sc2_staging_00,L3,4,16,0.2,True,False,False,7.312741699796952,3.9283179650969062,0.20000000000000007
v3_sc2_staging_00,L3,4,17,0.2,True,False,False,8.006244584051393,0.33216584885466194,1.539607805437114
v3_sc2_staging_00,L3,4,18,0.2,True,False,False,4.314213562373095,0.33216584885466194,3.7605750785545373
v3_sc2_staging_00,L3,4,19,0.2,True,False,False,5.3834523779156065,0.33216584885466194,3.143144246389374
v3_sc2_staging_00,L3,4,0,0.3,True,False,False,7.688477631085023,3.648795005781799,0.3015609770940699
v3_sc2_staging_00,L3,4,1,0.3,True,False,False,8.75269119345812,3.374596753211875,0.3015609770940699
v3_sc2_staging_00,L3,4,2,0.3,True,False,False,4.014823227814083,4.022167621838006,2.5700162866017506
v3_sc2_staging_00,L3,4,3,0.3,True,False,False,3.3156854249492387,4.687002988238969,1.7141589825484531
v3_sc2_staging_00,L3,4,4,0.3,True,False,False,5.829898987322334,0.33216584885466194,2.6312936623702354
v3_sc2_staging_00,L3,4,5,0.3,True,False,False,4.1449747468305835,4.366210024238576,1.8194827009486403
v3_sc2_staging_00,L3,4,6,0.3,True,False,False,7.235533905932741,0.33216584885466194,1.9738633753705965
v3_sc2_staging_00,L3,4,7,0.3,True,False,False,7.5991378028648455,4.218315377335432,0.3015609770940699
v3_sc2_staging_00,L3,4,8,0.3,True,False,False,3.0077164466275352,4.060701700396552,2.788236609491477
v3_sc2_staging_00,L3,4,9,0.3,True,False,False,9.085533905932738,3.471460688462118,0.3015609770940699
v3_sc2_staging_00,L3,4,10,0.3,True,False,False,3.0500000000000003,3.402883549377306,3.382331773560833
v3_sc2_staging_00,L3,4,11,0.3,True,False,False,4.890559159102155,3.6430664971733195,1.0953056133543817
v3_sc2_staging_00,L3,4,12,0.3,True,False,False,8.931980515339465,3.8246387132337425,0.3015609770940699
v3_sc2_staging_00,L3,4,13,0.3,True,False,False,3.9000000000000004,4.833854141237835,1.25
v3_sc2_staging_00,L3,4,14,0.3,True,False,True,7.619848480983499,3.248332962798263,0.3015609770940699
v3_sc2_staging_00,L3,4,15,0.3,True,False,False,10.12842712474619,3.45,0.3015609770940699
v3_sc2_staging_00,L3,4,16,0.3,True,False,False,7.395584412271572,4.027692569068709,0.3015609770940699
v3_sc2_staging_00,L3,4,17,0.3,True,False,False,8.006244584051393,0.33216584885466194,1.539607805437114
v3_sc2_staging_00,L3,4,18,0.3,True,False,False,4.314213562373095,0.33216584885466194,3.7605750785545373
v3_sc2_staging_00,L3,4,19,0.3,True,False,False,5.3834523779156065,0.33216584885466194,3.143144246389374
v3_sc2_staging_00,L3,4,0,0.4,False,False,False,nan,nan,nan
v3_sc2_staging_00,L3,4,1,0.4,False,False,False,nan,nan,nan
v3_sc2_staging_00,L3,4,2,0.4,True,False,False,4.014823227814083,4.022167621838006,2.5700162866017506
v3_sc2_staging_00,L3,4,3,0.4,True,False,False,3.3156854249492387,4.687002988238969,1.7141589825484531
v3_sc2_staging_00,L3,4,4,0.4,False,False,False,nan,nan,nan
v3_sc2_staging_00,L3,4,5,0.4,True,False,False,4.1449747468305835,4.366210024238576,1.8194827009486403
v3_sc2_staging_00,L3,4,6,0.4,False,False,False,nan,nan,nan
v3_sc2_staging_00,L3,4,7,0.4,False,False,False,nan,nan,nan
v3_sc2_staging_00,L3,4,8,0.4,True,False,False,3.0077164466275352,4.060701700396552,2.788236609491477
v3_sc2_staging_00,L3,4,9,0.4,False,False,False,nan,nan,nan
v3_sc2_staging_00,L3,4,10,0.4,True,False,False,3.0500000000000003,3.402883549377306,3.382331773560833
v3_sc2_staging_00,L3,4,11,0.4,True,False,False,4.890559159102155,3.6430664971733195,1.0953056133543817
v3_sc2_staging_00,L3,4,12,0.4,False,False,False,nan,nan,nan
v3_sc2_staging_00,L3,4,13,0.4,True,False,False,3.9000000000000004,4.833854141237835,1.25
v3_sc2_staging_00,L3,4,14,0.4,False,False,False,nan,nan,nan
v3_sc2_staging_00,L3,4,15,0.4,False,False,False,nan,nan,nan
v3_sc2_staging_00,L3,4,16,0.4,False,False,False,nan,nan,nan
v3_sc2_staging_00,L3,4,17,0.4,False,False,False,nan,nan,nan
v3_sc2_staging_00,L3,4,18,0.4,False,False,False,nan,nan,nan
v3_sc2_staging_00,L3,4,19,0.4,False,False,False,nan,nan,nan
v3_sc2_staging_00,L3,4,0,0.5,False,False,False,nan,nan,nan
v3_sc2_staging_00,L3,4,1,0.5,False,False,False,nan,nan,nan
v3_sc2_staging_00,L3,4,2,0.5,True,False,False,4.014823227814083,4.022167621838006,2.5700162866017506
v3_sc2_staging_00,L3,4,3,0.5,True,False,False,3.3156854249492387,4.687002988238969,1.7141589825484531
v3_sc2_staging_00,L3,4,4,0.5,False,False,False,nan,nan,nan
v3_sc2_staging_00,L3,4,5,0.5,True,False,False,4.1449747468305835,4.366210024238576,1.8194827009486403
v3_sc2_staging_00,L3,4,6,0.5,False,False,False,nan,nan,nan
v3_sc2_staging_00,L3,4,7,0.5,False,False,False,nan,nan,nan
v3_sc2_staging_00,L3,4,8,0.5,True,False,False,3.0077164466275352,4.060701700396552,2.788236609491477
v3_sc2_staging_00,L3,4,9,0.5,False,False,False,nan,nan,nan
v3_sc2_staging_00,L3,4,10,0.5,True,False,False,3.0500000000000003,3.402883549377306,3.382331773560833
v3_sc2_staging_00,L3,4,11,0.5,True,False,False,4.890559159102155,3.6430664971733195,1.0953056133543817
v3_sc2_staging_00,L3,4,12,0.5,False,False,False,nan,nan,nan
v3_sc2_staging_00,L3,4,13,0.5,True,False,False,3.9000000000000004,4.833854141237835,1.25
v3_sc2_staging_00,L3,4,14,0.5,False,False,False,nan,nan,nan
v3_sc2_staging_00,L3,4,15,0.5,False,False,False,nan,nan,nan
v3_sc2_staging_00,L3,4,16,0.5,False,False,False,nan,nan,nan
v3_sc2_staging_00,L3,4,17,0.5,False,False,False,nan,nan,nan
v3_sc2_staging_00,L3,4,18,0.5,False,False,False,nan,nan,nan
v3_sc2_staging_00,L3,4,19,0.5,False,False,False,nan,nan,nan
v3_sc2_staging_00,L3,4,0,0.6,False,False,False,nan,nan,nan
v3_sc2_staging_00,L3,4,1,0.6,False,False,False,nan,nan,nan
v3_sc2_staging_00,L3,4,2,0.6,True,False,False,4.014823227814083,4.022167621838006,2.5700162866017506
v3_sc2_staging_00,L3,4,3,0.6,True,False,False,3.3156854249492387,4.687002988238969,1.7141589825484531
v3_sc2_staging_00,L3,4,4,0.6,False,False,False,nan,nan,nan
v3_sc2_staging_00,L3,4,5,0.6,True,False,False,4.1449747468305835,4.366210024238576,1.8194827009486403
v3_sc2_staging_00,L3,4,6,0.6,False,False,False,nan,nan,nan
v3_sc2_staging_00,L3,4,7,0.6,False,False,False,nan,nan,nan
v3_sc2_staging_00,L3,4,8,0.6,True,False,False,3.0077164466275352,4.060701700396552,2.788236609491477
v3_sc2_staging_00,L3,4,9,0.6,False,False,False,nan,nan,nan
v3_sc2_staging_00,L3,4,10,0.6,True,False,False,3.0500000000000003,3.402883549377306,3.382331773560833
v3_sc2_staging_00,L3,4,11,0.6,True,False,False,4.890559159102155,3.6430664971733195,1.0953056133543817
v3_sc2_staging_00,L3,4,12,0.6,False,False,False,nan,nan,nan
v3_sc2_staging_00,L3,4,13,0.6,True,False,False,3.9000000000000004,4.833854141237835,1.25
v3_sc2_staging_00,L3,4,14,0.6,False,False,False,nan,nan,nan
v3_sc2_staging_00,L3,4,15,0.6,False,False,False,nan,nan,nan
v3_sc2_staging_00,L3,4,16,0.6,False,False,False,nan,nan,nan
v3_sc2_staging_00,L3,4,17,0.6,False,False,False,nan,nan,nan
v3_sc2_staging_00,L3,4,18,0.6,False,False,False,nan,nan,nan
v3_sc2_staging_00,L3,4,19,0.6,False,False,False,nan,nan,nan
v3_sc2_staging_00,L3,4,0,0.8,False,False,False,nan,nan,nan
v3_sc2_staging_00,L3,4,1,0.8,False,False,False,nan,nan,nan
v3_sc2_staging_00,L3,4,2,0.8,True,False,False,4.014823227814083,4.022167621838006,2.5700162866017506
v3_sc2_staging_00,L3,4,3,0.8,True,False,False,3.3156854249492387,4.687002988238969,1.7141589825484531
v3_sc2_staging_00,L3,4,4,0.8,False,False,False,nan,nan,nan
v3_sc2_staging_00,L3,4,5,0.8,True,False,False,4.1449747468305835,4.366210024238576,1.8194827009486403
v3_sc2_staging_00,L3,4,6,0.8,False,False,False,nan,nan,nan
v3_sc2_staging_00,L3,4,7,0.8,False,False,False,nan,nan,nan
v3_sc2_staging_00,L3,4,8,0.8,True,False,False,3.0077164466275352,4.060701700396552,2.788236609491477
v3_sc2_staging_00,L3,4,9,0.8,False,False,False,nan,nan,nan
v3_sc2_staging_00,L3,4,10,0.8,True,False,False,3.0500000000000003,3.402883549377306,3.382331773560833
v3_sc2_staging_00,L3,4,11,0.8,True,False,False,4.890559159102155,3.6430664971733195,1.0953056133543817
v3_sc2_staging_00,L3,4,12,0.8,False,False,False,nan,nan,nan
v3_sc2_staging_00,L3,4,13,0.8,True,False,False,3.9000000000000004,4.833854141237835,1.25
v3_sc2_staging_00,L3,4,14,0.8,False,False,False,nan,nan,nan
v3_sc2_staging_00,L3,4,15,0.8,False,False,False,nan,nan,nan
v3_sc2_staging_00,L3,4,16,0.8,False,False,False,nan,nan,nan
v3_sc2_staging_00,L3,4,17,0.8,False,False,False,nan,nan,nan
v3_sc2_staging_00,L3,4,18,0.8,False,False,False,nan,nan,nan
v3_sc2_staging_00,L3,4,19,0.8,False,False,False,nan,nan,nan
v3_sc2_staging_00,L3,4,0,1.0,False,False,False,nan,nan,nan
v3_sc2_staging_00,L3,4,1,1.0,False,False,False,nan,nan,nan
v3_sc2_staging_00,L3,4,2,1.0,True,False,False,4.014823227814083,4.022167621838006,2.5700162866017506
v3_sc2_staging_00,L3,4,3,1.0,True,False,False,3.3156854249492387,4.687002988238969,1.7141589825484531
v3_sc2_staging_00,L3,4,4,1.0,False,False,False,nan,nan,nan
v3_sc2_staging_00,L3,4,5,1.0,True,False,False,4.1449747468305835,4.366210024238576,1.8194827009486403
v3_sc2_staging_00,L3,4,6,1.0,False,False,False,nan,nan,nan
v3_sc2_staging_00,L3,4,7,1.0,False,False,False,nan,nan,nan
v3_sc2_staging_00,L3,4,8,1.0,True,False,False,3.0077164466275352,4.060701700396552,2.788236609491477
v3_sc2_staging_00,L3,4,9,1.0,False,False,False,nan,nan,nan
v3_sc2_staging_00,L3,4,10,1.0,True,False,False,3.0500000000000003,3.402883549377306,3.382331773560833
v3_sc2_staging_00,L3,4,11,1.0,True,False,False,4.890559159102155,3.6430664971733195,1.0953056133543817
v3_sc2_staging_00,L3,4,12,1.0,False,False,False,nan,nan,nan
v3_sc2_staging_00,L3,4,13,1.0,True,False,False,3.9000000000000004,4.833854141237835,1.25
v3_sc2_staging_00,L3,4,14,1.0,False,False,False,nan,nan,nan
v3_sc2_staging_00,L3,4,15,1.0,False,False,False,nan,nan,nan
v3_sc2_staging_00,L3,4,16,1.0,False,False,False,nan,nan,nan
v3_sc2_staging_00,L3,4,17,1.0,False,False,False,nan,nan,nan
v3_sc2_staging_00,L3,4,18,1.0,False,False,False,nan,nan,nan
v3_sc2_staging_00,L3,4,19,1.0,False,False,False,nan,nan,nan
v3_sc2_staging_00,L3,4,0,1.25,False,False,False,nan,nan,nan
v3_sc2_staging_00,L3,4,1,1.25,False,False,False,nan,nan,nan
v3_sc2_staging_00,L3,4,2,1.25,True,False,False,4.014823227814083,4.022167621838006,2.5700162866017506
v3_sc2_staging_00,L3,4,3,1.25,True,False,False,3.3156854249492387,4.687002988238969,1.7141589825484531
v3_sc2_staging_00,L3,4,4,1.25,False,False,False,nan,nan,nan
v3_sc2_staging_00,L3,4,5,1.25,True,False,False,4.1449747468305835,4.366210024238576,1.8194827009486403
v3_sc2_staging_00,L3,4,6,1.25,False,False,False,nan,nan,nan
v3_sc2_staging_00,L3,4,7,1.25,False,False,False,nan,nan,nan
v3_sc2_staging_00,L3,4,8,1.25,True,False,False,3.0077164466275352,4.060701700396552,2.788236609491477
v3_sc2_staging_00,L3,4,9,1.25,False,False,False,nan,nan,nan
v3_sc2_staging_00,L3,4,10,1.25,True,False,False,3.0500000000000003,3.402883549377306,3.382331773560833
v3_sc2_staging_00,L3,4,11,1.25,True,False,False,4.890559159102155,3.6430664971733195,1.255704986607944
v3_sc2_staging_00,L3,4,12,1.25,False,False,False,nan,nan,nan
v3_sc2_staging_00,L3,4,13,1.25,True,False,False,3.9207106781186547,4.784174486142561,1.2755280904564703
v3_sc2_staging_00,L3,4,14,1.25,False,False,False,nan,nan,nan
v3_sc2_staging_00,L3,4,15,1.25,False,False,False,nan,nan,nan
v3_sc2_staging_00,L3,4,16,1.25,False,False,False,nan,nan,nan
v3_sc2_staging_00,L3,4,17,1.25,False,False,False,nan,nan,nan
v3_sc2_staging_00,L3,4,18,1.25,False,False,False,nan,nan,nan
v3_sc2_staging_00,L3,4,19,1.25,False,False,False,nan,nan,nan
v3_sc2_staging_00,L3,4,0,1.5,False,False,False,nan,nan,nan
v3_sc2_staging_00,L3,4,1,1.5,False,False,False,nan,nan,nan
v3_sc2_staging_00,L3,4,2,1.5,True,False,False,4.014823227814083,4.022167621838006,2.5700162866017506
v3_sc2_staging_00,L3,4,3,1.5,True,False,False,3.3156854249492387,4.687002988238969,1.7141589825484531
v3_sc2_staging_00,L3,4,4,1.5,False,False,False,nan,nan,nan
v3_sc2_staging_00,L3,4,5,1.5,True,False,False,4.1449747468305835,4.366210024238576,1.8194827009486403
v3_sc2_staging_00,L3,4,6,1.5,False,False,False,nan,nan,nan
v3_sc2_staging_00,L3,4,7,1.5,False,False,False,nan,nan,nan
v3_sc2_staging_00,L3,4,8,1.5,True,False,False,3.0077164466275352,4.060701700396552,2.788236609491477
v3_sc2_staging_00,L3,4,9,1.5,False,False,False,nan,nan,nan
v3_sc2_staging_00,L3,4,10,1.5,True,False,False,3.0500000000000003,3.402883549377306,3.382331773560833
v3_sc2_staging_00,L3,4,11,1.5,True,False,False,4.890559159102155,3.6430664971733195,1.50124960961895
v3_sc2_staging_00,L3,4,12,1.5,False,False,False,nan,nan,nan
v3_sc2_staging_00,L3,4,13,1.5,False,False,False,nan,nan,nan
v3_sc2_staging_00,L3,4,14,1.5,False,False,False,nan,nan,nan
v3_sc2_staging_00,L3,4,15,1.5,False,False,False,nan,nan,nan
v3_sc2_staging_00,L3,4,16,1.5,False,False,False,nan,nan,nan
v3_sc2_staging_00,L3,4,17,1.5,False,False,False,nan,nan,nan
v3_sc2_staging_00,L3,4,18,1.5,False,False,False,nan,nan,nan
v3_sc2_staging_00,L3,4,19,1.5,False,False,False,nan,nan,nan
v3_sc2_staging_00,L3,4,0,2.0,False,False,False,nan,nan,nan
v3_sc2_staging_00,L3,4,1,2.0,False,False,False,nan,nan,nan
v3_sc2_staging_00,L3,4,2,2.0,True,False,False,4.014823227814083,4.022167621838006,2.5700162866017506
v3_sc2_staging_00,L3,4,3,2.0,True,False,False,3.357106781186548,4.622987409705396,2.0004999500099974
v3_sc2_staging_00,L3,4,4,2.0,False,False,False,nan,nan,nan
v3_sc2_staging_00,L3,4,5,2.0,True,False,False,4.186396103067893,4.259464255564906,2.0004999500099974
v3_sc2_staging_00,L3,4,6,2.0,False,False,False,nan,nan,nan
v3_sc2_staging_00,L3,4,7,2.0,False,False,False,nan,nan,nan
v3_sc2_staging_00,L3,4,8,2.0,True,False,False,3.0077164466275352,4.060701700396552,2.788236609491477
v3_sc2_staging_00,L3,4,9,2.0,False,False,False,nan,nan,nan
v3_sc2_staging_00,L3,4,10,2.0,True,False,False,3.0500000000000003,3.402883549377306,3.382331773560833
v3_sc2_staging_00,L3,4,11,2.0,True,False,False,5.156244584051393,3.442714800743264,2.0004999500099974
v3_sc2_staging_00,L3,4,12,2.0,False,False,False,nan,nan,nan
v3_sc2_staging_00,L3,4,13,2.0,False,False,False,nan,nan,nan
v3_sc2_staging_00,L3,4,14,2.0,False,False,False,nan,nan,nan
v3_sc2_staging_00,L3,4,15,2.0,False,False,False,nan,nan,nan
v3_sc2_staging_00,L3,4,16,2.0,False,False,False,nan,nan,nan
v3_sc2_staging_00,L3,4,17,2.0,False,False,False,nan,nan,nan
v3_sc2_staging_00,L3,4,18,2.0,False,False,False,nan,nan,nan
v3_sc2_staging_00,L3,4,19,2.0,False,False,False,nan,nan,nan
v3_sc2_staging_00,L4,0,0,0.0,False,False,False,nan,nan,nan
v3_sc2_staging_00,L4,0,1,0.0,False,False,False,nan,nan,nan
v3_sc2_staging_00,L4,0,2,0.0,True,False,False,4.090559159102155,3.1173194495371845,2.2225906780123967
v3_sc2_staging_00,L4,0,3,0.0,False,False,False,nan,nan,nan
v3_sc2_staging_00,L4,0,4,0.0,False,False,False,nan,nan,nan
v3_sc2_staging_00,L4,0,5,0.0,True,False,False,4.269238815542512,2.5500000000000003,1.7000000000000002
v3_sc2_staging_00,L4,0,6,0.0,False,False,False,nan,nan,nan
v3_sc2_staging_00,L4,0,7,0.0,False,False,False,nan,nan,nan
v3_sc2_staging_00,L4,0,8,0.0,True,False,False,3.176345596729059,3.1623080154459977,2.2459060435491964
v3_sc2_staging_00,L4,0,9,0.0,False,False,False,nan,nan,nan
v3_sc2_staging_00,L4,0,10,0.0,False,False,False,nan,nan,nan
v3_sc2_staging_00,L4,0,11,0.0,False,False,False,nan,nan,nan
v3_sc2_staging_00,L4,0,12,0.0,False,False,False,nan,nan,nan
v3_sc2_staging_00,L4,0,13,0.0,True,False,False,4.1763455967290595,1.5,0.6500000000000001
v3_sc2_staging_00,L4,0,14,0.0,False,False,False,nan,nan,nan
v3_sc2_staging_00,L4,0,15,0.0,False,False,False,nan,nan,nan
v3_sc2_staging_00,L4,0,16,0.0,False,False,False,nan,nan,nan
v3_sc2_staging_00,L4,0,17,0.0,False,False,False,nan,nan,nan
v3_sc2_staging_00,L4,0,18,0.0,False,False,False,nan,nan,nan
v3_sc2_staging_00,L4,0,19,0.0,False,False,False,nan,nan,nan
v3_sc2_staging_00,L4,0,0,0.1,False,False,False,nan,nan,nan
v3_sc2_staging_00,L4,0,1,0.1,False,False,False,nan,nan,nan
v3_sc2_staging_00,L4,0,2,0.1,True,False,False,4.090559159102155,3.1173194495371845,2.2225906780123967
v3_sc2_staging_00,L4,0,3,0.1,False,False,False,nan,nan,nan
v3_sc2_staging_00,L4,0,4,0.1,False,False,False,nan,nan,nan
v3_sc2_staging_00,L4,0,5,0.1,True,False,False,4.269238815542512,2.5500000000000003,1.7000000000000002
v3_sc2_staging_00,L4,0,6,0.1,False,False,False,nan,nan,nan
v3_sc2_staging_00,L4,0,7,0.1,False,False,False,nan,nan,nan
v3_sc2_staging_00,L4,0,8,0.1,True,False,False,3.176345596729059,3.1623080154459977,2.2459060435491964
v3_sc2_staging_00,L4,0,9,0.1,False,False,False,nan,nan,nan
v3_sc2_staging_00,L4,0,10,0.1,False,False,False,nan,nan,nan
v3_sc2_staging_00,L4,0,11,0.1,False,False,False,nan,nan,nan
v3_sc2_staging_00,L4,0,12,0.1,False,False,False,nan,nan,nan
v3_sc2_staging_00,L4,0,13,0.1,True,False,False,4.1763455967290595,1.5,0.6500000000000001
v3_sc2_staging_00,L4,0,14,0.1,False,False,False,nan,nan,nan
v3_sc2_staging_00,L4,0,15,0.1,False,False,False,nan,nan,nan
v3_sc2_staging_00,L4,0,16,0.1,False,False,False,nan,nan,nan
v3_sc2_staging_00,L4,0,17,0.1,False,False,False,nan,nan,nan
v3_sc2_staging_00,L4,0,18,0.1,False,False,False,nan,nan,nan
v3_sc2_staging_00,L4,0,19,0.1,False,False,False,nan,nan,nan
v3_sc2_staging_00,L4,0,0,0.2,False,False,False,nan,nan,nan
v3_sc2_staging_00,L4,0,1,0.2,False,False,False,nan,nan,nan
v3_sc2_staging_00,L4,0,2,0.2,True,False,False,4.090559159102155,3.1173194495371845,2.2225906780123967
v3_sc2_staging_00,L4,0,3,0.2,False,False,False,nan,nan,nan
v3_sc2_staging_00,L4,0,4,0.2,False,False,False,nan,nan,nan
v3_sc2_staging_00,L4,0,5,0.2,True,False,False,4.269238815542512,2.5500000000000003,1.7000000000000002
v3_sc2_staging_00,L4,0,6,0.2,False,False,False,nan,nan,nan
v3_sc2_staging_00,L4,0,7,0.2,False,False,False,nan,nan,nan
v3_sc2_staging_00,L4,0,8,0.2,True,False,False,3.176345596729059,3.1623080154459977,2.2459060435491964
v3_sc2_staging_00,L4,0,9,0.2,False,False,False,nan,nan,nan
v3_sc2_staging_00,L4,0,10,0.2,False,False,False,nan,nan,nan
v3_sc2_staging_00,L4,0,11,0.2,False,False,False,nan,nan,nan
v3_sc2_staging_00,L4,0,12,0.2,False,False,False,nan,nan,nan
v3_sc2_staging_00,L4,0,13,0.2,True,False,False,4.1763455967290595,1.5,0.6500000000000001
v3_sc2_staging_00,L4,0,14,0.2,False,False,False,nan,nan,nan
v3_sc2_staging_00,L4,0,15,0.2,False,False,False,nan,nan,nan
v3_sc2_staging_00,L4,0,16,0.2,False,False,False,nan,nan,nan
v3_sc2_staging_00,L4,0,17,0.2,False,False,False,nan,nan,nan
v3_sc2_staging_00,L4,0,18,0.2,False,False,False,nan,nan,nan
v3_sc2_staging_00,L4,0,19,0.2,False,False,False,nan,nan,nan
v3_sc2_staging_00,L4,0,0,0.3,False,False,False,nan,nan,nan
v3_sc2_staging_00,L4,0,1,0.3,False,False,False,nan,nan,nan
v3_sc2_staging_00,L4,0,2,0.3,True,False,False,4.090559159102155,3.1173194495371845,2.2225906780123967
v3_sc2_staging_00,L4,0,3,0.3,False,False,False,nan,nan,nan
v3_sc2_staging_00,L4,0,4,0.3,False,False,False,nan,nan,nan
v3_sc2_staging_00,L4,0,5,0.3,True,False,False,4.269238815542512,2.5500000000000003,1.7000000000000002
v3_sc2_staging_00,L4,0,6,0.3,False,False,False,nan,nan,nan
v3_sc2_staging_00,L4,0,7,0.3,False,False,False,nan,nan,nan
v3_sc2_staging_00,L4,0,8,0.3,True,False,False,3.176345596729059,3.1623080154459977,2.2459060435491964
v3_sc2_staging_00,L4,0,9,0.3,False,False,False,nan,nan,nan
v3_sc2_staging_00,L4,0,10,0.3,False,False,False,nan,nan,nan
v3_sc2_staging_00,L4,0,11,0.3,False,False,False,nan,nan,nan
v3_sc2_staging_00,L4,0,12,0.3,False,False,False,nan,nan,nan
v3_sc2_staging_00,L4,0,13,0.3,True,False,False,4.1763455967290595,1.5,0.6500000000000001
v3_sc2_staging_00,L4,0,14,0.3,False,False,False,nan,nan,nan
v3_sc2_staging_00,L4,0,15,0.3,False,False,False,nan,nan,nan
v3_sc2_staging_00,L4,0,16,0.3,False,False,False,nan,nan,nan
v3_sc2_staging_00,L4,0,17,0.3,False,False,False,nan,nan,nan
v3_sc2_staging_00,L4,0,18,0.3,False,False,False,nan,nan,nan
v3_sc2_staging_00,L4,0,19,0.3,False,False,False,nan,nan,nan
v3_sc2_staging_00,L4,0,0,0.4,False,False,False,nan,nan,nan
v3_sc2_staging_00,L4,0,1,0.4,False,False,False,nan,nan,nan
v3_sc2_staging_00,L4,0,2,0.4,True,False,False,4.090559159102155,3.1173194495371845,2.2225906780123967
v3_sc2_staging_00,L4,0,3,0.4,False,False,False,nan,nan,nan
v3_sc2_staging_00,L4,0,4,0.4,False,False,False,nan,nan,nan
v3_sc2_staging_00,L4,0,5,0.4,True,False,False,4.269238815542512,2.5500000000000003,1.7000000000000002
v3_sc2_staging_00,L4,0,6,0.4,False,False,False,nan,nan,nan
v3_sc2_staging_00,L4,0,7,0.4,False,False,False,nan,nan,nan
v3_sc2_staging_00,L4,0,8,0.4,True,False,False,3.176345596729059,3.1623080154459977,2.2459060435491964
v3_sc2_staging_00,L4,0,9,0.4,False,False,False,nan,nan,nan
v3_sc2_staging_00,L4,0,10,0.4,False,False,False,nan,nan,nan
v3_sc2_staging_00,L4,0,11,0.4,False,False,False,nan,nan,nan
v3_sc2_staging_00,L4,0,12,0.4,False,False,False,nan,nan,nan
v3_sc2_staging_00,L4,0,13,0.4,True,False,False,4.1763455967290595,1.5,0.6500000000000001
v3_sc2_staging_00,L4,0,14,0.4,False,False,False,nan,nan,nan
v3_sc2_staging_00,L4,0,15,0.4,False,False,False,nan,nan,nan
v3_sc2_staging_00,L4,0,16,0.4,False,False,False,nan,nan,nan
v3_sc2_staging_00,L4,0,17,0.4,False,False,False,nan,nan,nan
v3_sc2_staging_00,L4,0,18,0.4,False,False,False,nan,nan,nan
v3_sc2_staging_00,L4,0,19,0.4,False,False,False,nan,nan,nan
v3_sc2_staging_00,L4,0,0,0.5,False,False,False,nan,nan,nan
v3_sc2_staging_00,L4,0,1,0.5,False,False,False,nan,nan,nan
v3_sc2_staging_00,L4,0,2,0.5,True,False,False,4.090559159102155,3.1173194495371845,2.2225906780123967
v3_sc2_staging_00,L4,0,3,0.5,False,False,False,nan,nan,nan
v3_sc2_staging_00,L4,0,4,0.5,False,False,False,nan,nan,nan
v3_sc2_staging_00,L4,0,5,0.5,True,False,False,4.269238815542512,2.5500000000000003,1.7000000000000002
v3_sc2_staging_00,L4,0,6,0.5,False,False,False,nan,nan,nan
v3_sc2_staging_00,L4,0,7,0.5,False,False,False,nan,nan,nan
v3_sc2_staging_00,L4,0,8,0.5,True,False,False,3.176345596729059,3.1623080154459977,2.2459060435491964
v3_sc2_staging_00,L4,0,9,0.5,False,False,False,nan,nan,nan
v3_sc2_staging_00,L4,0,10,0.5,False,False,False,nan,nan,nan
v3_sc2_staging_00,L4,0,11,0.5,False,False,False,nan,nan,nan
v3_sc2_staging_00,L4,0,12,0.5,False,False,False,nan,nan,nan
v3_sc2_staging_00,L4,0,13,0.5,True,False,False,4.1763455967290595,1.5,0.6500000000000001
v3_sc2_staging_00,L4,0,14,0.5,False,False,False,nan,nan,nan
v3_sc2_staging_00,L4,0,15,0.5,False,False,False,nan,nan,nan
v3_sc2_staging_00,L4,0,16,0.5,False,False,False,nan,nan,nan
v3_sc2_staging_00,L4,0,17,0.5,False,False,False,nan,nan,nan
v3_sc2_staging_00,L4,0,18,0.5,False,False,False,nan,nan,nan
v3_sc2_staging_00,L4,0,19,0.5,False,False,False,nan,nan,nan
v3_sc2_staging_00,L4,0,0,0.6,False,False,False,nan,nan,nan
v3_sc2_staging_00,L4,0,1,0.6,False,False,False,nan,nan,nan
v3_sc2_staging_00,L4,0,2,0.6,True,False,False,4.090559159102155,3.1173194495371845,2.2225906780123967
v3_sc2_staging_00,L4,0,3,0.6,False,False,False,nan,nan,nan
v3_sc2_staging_00,L4,0,4,0.6,False,False,False,nan,nan,nan
v3_sc2_staging_00,L4,0,5,0.6,True,False,False,4.269238815542512,2.5500000000000003,1.7000000000000002
v3_sc2_staging_00,L4,0,6,0.6,False,False,False,nan,nan,nan
v3_sc2_staging_00,L4,0,7,0.6,False,False,False,nan,nan,nan
v3_sc2_staging_00,L4,0,8,0.6,True,False,False,3.176345596729059,3.1623080154459977,2.2459060435491964
v3_sc2_staging_00,L4,0,9,0.6,False,False,False,nan,nan,nan
v3_sc2_staging_00,L4,0,10,0.6,False,False,False,nan,nan,nan
v3_sc2_staging_00,L4,0,11,0.6,False,False,False,nan,nan,nan
v3_sc2_staging_00,L4,0,12,0.6,False,False,False,nan,nan,nan
v3_sc2_staging_00,L4,0,13,0.6,True,False,False,4.1763455967290595,1.5,0.6500000000000001
v3_sc2_staging_00,L4,0,14,0.6,False,False,False,nan,nan,nan
v3_sc2_staging_00,L4,0,15,0.6,False,False,False,nan,nan,nan
v3_sc2_staging_00,L4,0,16,0.6,False,False,False,nan,nan,nan
v3_sc2_staging_00,L4,0,17,0.6,False,False,False,nan,nan,nan
v3_sc2_staging_00,L4,0,18,0.6,False,False,False,nan,nan,nan
v3_sc2_staging_00,L4,0,19,0.6,False,False,False,nan,nan,nan
v3_sc2_staging_00,L4,0,0,0.8,False,False,False,nan,nan,nan
v3_sc2_staging_00,L4,0,1,0.8,False,False,False,nan,nan,nan
v3_sc2_staging_00,L4,0,2,0.8,True,False,False,4.090559159102155,3.1173194495371845,2.2225906780123967
v3_sc2_staging_00,L4,0,3,0.8,False,False,False,nan,nan,nan
v3_sc2_staging_00,L4,0,4,0.8,False,False,False,nan,nan,nan
v3_sc2_staging_00,L4,0,5,0.8,True,False,False,4.269238815542512,2.5500000000000003,1.7000000000000002
v3_sc2_staging_00,L4,0,6,0.8,False,False,False,nan,nan,nan
v3_sc2_staging_00,L4,0,7,0.8,False,False,False,nan,nan,nan
v3_sc2_staging_00,L4,0,8,0.8,True,False,False,3.176345596729059,3.1623080154459977,2.2459060435491964
v3_sc2_staging_00,L4,0,9,0.8,False,False,False,nan,nan,nan
v3_sc2_staging_00,L4,0,10,0.8,False,False,False,nan,nan,nan
v3_sc2_staging_00,L4,0,11,0.8,False,False,False,nan,nan,nan
v3_sc2_staging_00,L4,0,12,0.8,False,False,False,nan,nan,nan
v3_sc2_staging_00,L4,0,13,0.8,False,False,False,nan,nan,nan
v3_sc2_staging_00,L4,0,14,0.8,False,False,False,nan,nan,nan
v3_sc2_staging_00,L4,0,15,0.8,False,False,False,nan,nan,nan
v3_sc2_staging_00,L4,0,16,0.8,False,False,False,nan,nan,nan
v3_sc2_staging_00,L4,0,17,0.8,False,False,False,nan,nan,nan
v3_sc2_staging_00,L4,0,18,0.8,False,False,False,nan,nan,nan
v3_sc2_staging_00,L4,0,19,0.8,False,False,False,nan,nan,nan
v3_sc2_staging_00,L4,0,0,1.0,False,False,False,nan,nan,nan
v3_sc2_staging_00,L4,0,1,1.0,False,False,False,nan,nan,nan
v3_sc2_staging_00,L4,0,2,1.0,True,False,False,4.090559159102155,3.1173194495371845,2.2225906780123967
v3_sc2_staging_00,L4,0,3,1.0,False,False,False,nan,nan,nan
v3_sc2_staging_00,L4,0,4,1.0,False,False,False,nan,nan,nan
v3_sc2_staging_00,L4,0,5,1.0,True,False,False,4.269238815542512,2.5500000000000003,1.7000000000000002
v3_sc2_staging_00,L4,0,6,1.0,False,False,False,nan,nan,nan
v3_sc2_staging_00,L4,0,7,1.0,False,False,False,nan,nan,nan
v3_sc2_staging_00,L4,0,8,1.0,True,False,False,3.176345596729059,3.1623080154459977,2.2459060435491964
v3_sc2_staging_00,L4,0,9,1.0,False,False,False,nan,nan,nan
v3_sc2_staging_00,L4,0,10,1.0,False,False,False,nan,nan,nan
v3_sc2_staging_00,L4,0,11,1.0,False,False,False,nan,nan,nan
v3_sc2_staging_00,L4,0,12,1.0,False,False,False,nan,nan,nan
v3_sc2_staging_00,L4,0,13,1.0,False,False,False,nan,nan,nan
v3_sc2_staging_00,L4,0,14,1.0,False,False,False,nan,nan,nan
v3_sc2_staging_00,L4,0,15,1.0,False,False,False,nan,nan,nan
v3_sc2_staging_00,L4,0,16,1.0,False,False,False,nan,nan,nan
v3_sc2_staging_00,L4,0,17,1.0,False,False,False,nan,nan,nan
v3_sc2_staging_00,L4,0,18,1.0,False,False,False,nan,nan,nan
v3_sc2_staging_00,L4,0,19,1.0,False,False,False,nan,nan,nan
v3_sc2_staging_00,L4,0,0,1.25,False,False,False,nan,nan,nan
v3_sc2_staging_00,L4,0,1,1.25,False,False,False,nan,nan,nan
v3_sc2_staging_00,L4,0,2,1.25,True,False,False,4.090559159102155,3.1173194495371845,2.2225906780123967
v3_sc2_staging_00,L4,0,3,1.25,False,False,False,nan,nan,nan
v3_sc2_staging_00,L4,0,4,1.25,False,False,False,nan,nan,nan
v3_sc2_staging_00,L4,0,5,1.25,True,False,False,4.269238815542512,2.5500000000000003,1.7000000000000002
v3_sc2_staging_00,L4,0,6,1.25,False,False,False,nan,nan,nan
v3_sc2_staging_00,L4,0,7,1.25,False,False,False,nan,nan,nan
v3_sc2_staging_00,L4,0,8,1.25,True,False,False,3.176345596729059,3.1623080154459977,2.2459060435491964
v3_sc2_staging_00,L4,0,9,1.25,False,False,False,nan,nan,nan
v3_sc2_staging_00,L4,0,10,1.25,False,False,False,nan,nan,nan
v3_sc2_staging_00,L4,0,11,1.25,False,False,False,nan,nan,nan
v3_sc2_staging_00,L4,0,12,1.25,False,False,False,nan,nan,nan
v3_sc2_staging_00,L4,0,13,1.25,False,False,False,nan,nan,nan
v3_sc2_staging_00,L4,0,14,1.25,False,False,False,nan,nan,nan
v3_sc2_staging_00,L4,0,15,1.25,False,False,False,nan,nan,nan
v3_sc2_staging_00,L4,0,16,1.25,False,False,False,nan,nan,nan
v3_sc2_staging_00,L4,0,17,1.25,False,False,False,nan,nan,nan
v3_sc2_staging_00,L4,0,18,1.25,False,False,False,nan,nan,nan
v3_sc2_staging_00,L4,0,19,1.25,False,False,False,nan,nan,nan
v3_sc2_staging_00,L4,0,0,1.5,False,False,False,nan,nan,nan
v3_sc2_staging_00,L4,0,1,1.5,False,False,False,nan,nan,nan
v3_sc2_staging_00,L4,0,2,1.5,True,False,False,4.090559159102155,3.1173194495371845,2.2225906780123967
v3_sc2_staging_00,L4,0,3,1.5,False,False,False,nan,nan,nan
v3_sc2_staging_00,L4,0,4,1.5,False,False,False,nan,nan,nan
v3_sc2_staging_00,L4,0,5,1.5,True,False,False,4.269238815542512,2.5500000000000003,1.7000000000000002
v3_sc2_staging_00,L4,0,6,1.5,False,False,False,nan,nan,nan
v3_sc2_staging_00,L4,0,7,1.5,False,False,False,nan,nan,nan
v3_sc2_staging_00,L4,0,8,1.5,True,False,False,3.176345596729059,3.1623080154459977,2.2459060435491964
v3_sc2_staging_00,L4,0,9,1.5,False,False,False,nan,nan,nan
v3_sc2_staging_00,L4,0,10,1.5,False,False,False,nan,nan,nan
v3_sc2_staging_00,L4,0,11,1.5,False,False,False,nan,nan,nan
v3_sc2_staging_00,L4,0,12,1.5,False,False,False,nan,nan,nan
v3_sc2_staging_00,L4,0,13,1.5,False,False,False,nan,nan,nan
v3_sc2_staging_00,L4,0,14,1.5,False,False,False,nan,nan,nan
v3_sc2_staging_00,L4,0,15,1.5,False,False,False,nan,nan,nan
v3_sc2_staging_00,L4,0,16,1.5,False,False,False,nan,nan,nan
v3_sc2_staging_00,L4,0,17,1.5,False,False,False,nan,nan,nan
v3_sc2_staging_00,L4,0,18,1.5,False,False,False,nan,nan,nan
v3_sc2_staging_00,L4,0,19,1.5,False,False,False,nan,nan,nan
v3_sc2_staging_00,L4,0,0,2.0,False,False,False,nan,nan,nan
v3_sc2_staging_00,L4,0,1,2.0,False,False,False,nan,nan,nan
v3_sc2_staging_00,L4,0,2,2.0,True,False,False,4.090559159102155,3.1173194495371845,2.2225906780123967
v3_sc2_staging_00,L4,0,3,2.0,False,False,False,nan,nan,nan
v3_sc2_staging_00,L4,0,4,2.0,False,False,False,nan,nan,nan
v3_sc2_staging_00,L4,0,5,2.0,False,False,False,nan,nan,nan
v3_sc2_staging_00,L4,0,6,2.0,False,False,False,nan,nan,nan
v3_sc2_staging_00,L4,0,7,2.0,False,False,False,nan,nan,nan
v3_sc2_staging_00,L4,0,8,2.0,True,False,False,3.176345596729059,3.1623080154459977,2.2459060435491964
v3_sc2_staging_00,L4,0,9,2.0,False,False,False,nan,nan,nan
v3_sc2_staging_00,L4,0,10,2.0,False,False,False,nan,nan,nan
v3_sc2_staging_00,L4,0,11,2.0,False,False,False,nan,nan,nan
v3_sc2_staging_00,L4,0,12,2.0,False,False,False,nan,nan,nan
v3_sc2_staging_00,L4,0,13,2.0,False,False,False,nan,nan,nan
v3_sc2_staging_00,L4,0,14,2.0,False,False,False,nan,nan,nan
v3_sc2_staging_00,L4,0,15,2.0,False,False,False,nan,nan,nan
v3_sc2_staging_00,L4,0,16,2.0,False,False,False,nan,nan,nan
v3_sc2_staging_00,L4,0,17,2.0,False,False,False,nan,nan,nan
v3_sc2_staging_00,L4,0,18,2.0,False,False,False,nan,nan,nan
v3_sc2_staging_00,L4,0,19,2.0,False,False,False,nan,nan,nan
v3_sc2_staging_00,L4,1,0,0.0,True,True,False,7.2798989873223325,3.526164427839479,0.002493781056044475
v3_sc2_staging_00,L4,1,1,0.0,True,False,False,8.133452377915606,3.438591118661596,0.002493781056044475
v3_sc2_staging_00,L4,1,2,0.0,True,False,False,3.9476659402887027,3.937623237725348,2.5858548248418947
v3_sc2_staging_00,L4,1,3,0.0,True,False,False,3.2828427124746193,4.4862310415783995,1.8584952830141512
v3_sc2_staging_00,L4,1,4,0.0,False,False,False,nan,nan,nan
v3_sc2_staging_00,L4,1,5,0.0,True,False,False,4.112132034355964,4.3500000000000005,1.7588713996153036
v3_sc2_staging_00,L4,1,6,0.0,False,False,False,nan,nan,nan
v3_sc2_staging_00,L4,1,7,0.0,False,False,False,nan,nan,nan
v3_sc2_staging_00,L4,1,8,0.0,True,False,False,3.0662950903902253,3.9701789673345296,2.651586901863885
v3_sc2_staging_00,L4,1,9,0.0,True,False,False,8.676955262170049,3.345126785946076,0.002493781056044475
v3_sc2_staging_00,L4,1,10,0.0,True,False,False,3.0500000000000003,3.252998800959041,3.4131189606246317
v3_sc2_staging_00,L4,1,11,0.0,False,False,False,nan,nan,nan
v3_sc2_staging_00,L4,1,12,0.0,True,True,False,8.523401871576773,3.6976183723630713,0.002493781056044475
v3_sc2_staging_00,L4,1,13,0.0,True,False,False,3.9621320343559647,4.761653732430518,1.2000000000000002
v3_sc2_staging_00,L4,1,14,0.0,True,False,False,7.140559159102157,3.128360511305347,0.002493781056044475
v3_sc2_staging_00,L4,1,15,0.0,True,True,False,9.488477631085024,3.5,0.002493781056044475
v3_sc2_staging_00,L4,1,16,0.0,True,True,False,7.2884776310850246,3.792143986401202,0.002493781056044475
v3_sc2_staging_00,L4,1,17,0.0,False,False,False,nan,nan,nan
v3_sc2_staging_00,L4,1,18,0.0,False,False,False,nan,nan,nan
v3_sc2_staging_00,L4,1,19,0.0,False,False,False,nan,nan,nan
v3_sc2_staging_00,L4,1,0,0.1,True,False,False,7.379898987322334,3.526164427839479,0.10000000000000009
v3_sc2_staging_00,L4,1,1,0.1,True,False,False,8.233452377915606,3.438591118661596,0.10000000000000009
v3_sc2_staging_00,L4,1,2,0.1,True,False,False,3.9476659402887027,3.937623237725348,2.5858548248418947
v3_sc2_staging_00,L4,1,3,0.1,True,False,False,3.2828427124746193,4.4862310415783995,1.8584952830141512
v3_sc2_staging_00,L4,1,4,0.1,False,False,False,nan,nan,nan
v3_sc2_staging_00,L4,1,5,0.1,True,False,False,4.112132034355964,4.3500000000000005,1.7588713996153036
v3_sc2_staging_00,L4,1,6,0.1,False,False,False,nan,nan,nan
v3_sc2_staging_00,L4,1,7,0.1,False,False,False,nan,nan,nan
v3_sc2_staging_00,L4,1,8,0.1,True,False,False,3.0662950903902253,3.9701789673345296,2.651586901863885
v3_sc2_staging_00,L4,1,9,0.1,True,False,False,8.776955262170048,3.345126785946076,0.10000000000000009
v3_sc2_staging_00,L4,1,10,0.1,True,False,False,3.0500000000000003,3.252998800959041,3.4131189606246317
v3_sc2_staging_00,L4,1,11,0.1,False,False,False,nan,nan,nan
v3_sc2_staging_00,L4,1,12,0.1,True,False,False,8.623401871576775,3.6976183723630713,0.10000000000000009
v3_sc2_staging_00,L4,1,13,0.1,True,False,False,3.9621320343559647,4.761653732430518,1.2000000000000002
v3_sc2_staging_00,L4,1,14,0.1,True,False,False,7.240559159102159,3.128360511305347,0.10000000000000009
v3_sc2_staging_00,L4,1,15,0.1,True,False,False,9.588477631085025,3.5,0.10000000000000009
v3_sc2_staging_00,L4,1,16,0.1,True,False,False,7.3091883092036785,3.841658669218482,0.10000000000000009
v3_sc2_staging_00,L4,1,17,0.1,False,False,False,nan,nan,nan
v3_sc2_staging_00,L4,1,18,0.1,False,False,False,nan,nan,nan
v3_sc2_staging_00,L4,1,19,0.1,False,False,False,nan,nan,nan
v3_sc2_staging_00,L4,1,0,0.2,True,False,False,7.550609665440987,3.526164427839479,0.20000000000000007
v3_sc2_staging_00,L4,1,1,0.2,True,False,False,8.487005768508881,3.438591118661596,0.20000000000000007
v3_sc2_staging_00,L4,1,2,0.2,True,False,False,3.9476659402887027,3.937623237725348,2.5858548248418947
v3_sc2_staging_00,L4,1,3,0.2,True,False,False,3.2828427124746193,4.4862310415783995,1.8584952830141512
v3_sc2_staging_00,L4,1,4,0.2,False,False,False,nan,nan,nan
v3_sc2_staging_00,L4,1,5,0.2,True,False,False,4.112132034355964,4.3500000000000005,1.7588713996153036
v3_sc2_staging_00,L4,1,6,0.2,False,False,False,nan,nan,nan
v3_sc2_staging_00,L4,1,7,0.2,False,False,False,nan,nan,nan
v3_sc2_staging_00,L4,1,8,0.2,True,False,False,3.0662950903902253,3.9701789673345296,2.651586901863885
v3_sc2_staging_00,L4,1,9,0.2,True,False,False,8.947665940288703,3.345126785946076,0.20000000000000007
v3_sc2_staging_00,L4,1,10,0.2,True,False,False,3.0500000000000003,3.252998800959041,3.4131189606246317
v3_sc2_staging_00,L4,1,11,0.2,False,False,False,nan,nan,nan
v3_sc2_staging_00,L4,1,12,0.2,True,False,False,8.794112549695427,3.6976183723630713,0.20000000000000007
v3_sc2_staging_00,L4,1,13,0.2,True,False,False,3.9621320343559647,4.761653732430518,1.2000000000000002
v3_sc2_staging_00,L4,1,14,0.2,True,False,False,7.411269837220809,3.128360511305347,0.20000000000000007
v3_sc2_staging_00,L4,1,15,0.2,True,False,False,9.842031021678299,3.5,0.20000000000000007
v3_sc2_staging_00,L4,1,16,0.2,True,False,False,7.392031021678297,3.841658669218482,0.20000000000000007
v3_sc2_staging_00,L4,1,17,0.2,False,False,False,nan,nan,nan
v3_sc2_staging_00,L4,1,18,0.2,False,False,False,nan,nan,nan
v3_sc2_staging_00,L4,1,19,0.2,False,False,False,nan,nan,nan
v3_sc2_staging_00,L4,1,0,0.3,False,False,False,nan,nan,nan
v3_sc2_staging_00,L4,1,1,0.3,False,False,False,nan,nan,nan
v3_sc2_staging_00,L4,1,2,0.3,True,False,False,3.9476659402887027,3.937623237725348,2.5858548248418947
v3_sc2_staging_00,L4,1,3,0.3,True,False,False,3.2828427124746193,4.4862310415783995,1.8584952830141512
v3_sc2_staging_00,L4,1,4,0.3,False,False,False,nan,nan,nan
v3_sc2_staging_00,L4,1,5,0.3,True,False,False,4.112132034355964,4.3500000000000005,1.7588713996153036
v3_sc2_staging_00,L4,1,6,0.3,False,False,False,nan,nan,nan
v3_sc2_staging_00,L4,1,7,0.3,False,False,False,nan,nan,nan
v3_sc2_staging_00,L4,1,8,0.3,True,False,False,3.0662950903902253,3.9701789673345296,2.651586901863885
v3_sc2_staging_00,L4,1,9,0.3,False,False,False,nan,nan,nan
v3_sc2_staging_00,L4,1,10,0.3,True,False,False,3.0500000000000003,3.252998800959041,3.4131189606246317
v3_sc2_staging_00,L4,1,11,0.3,False,False,False,nan,nan,nan
v3_sc2_staging_00,L4,1,12,0.3,False,False,False,nan,nan,nan
v3_sc2_staging_00,L4,1,13,0.3,True,False,False,3.9621320343559647,4.761653732430518,1.2000000000000002
v3_sc2_staging_00,L4,1,14,0.3,False,False,False,nan,nan,nan
v3_sc2_staging_00,L4,1,15,0.3,False,False,False,nan,nan,nan
v3_sc2_staging_00,L4,1,16,0.3,False,False,False,nan,nan,nan
v3_sc2_staging_00,L4,1,17,0.3,False,False,False,nan,nan,nan
v3_sc2_staging_00,L4,1,18,0.3,False,False,False,nan,nan,nan
v3_sc2_staging_00,L4,1,19,0.3,False,False,False,nan,nan,nan
v3_sc2_staging_00,L4,1,0,0.4,False,False,False,nan,nan,nan
v3_sc2_staging_00,L4,1,1,0.4,False,False,False,nan,nan,nan
v3_sc2_staging_00,L4,1,2,0.4,True,False,False,3.9476659402887027,3.937623237725348,2.5858548248418947
v3_sc2_staging_00,L4,1,3,0.4,True,False,False,3.2828427124746193,4.4862310415783995,1.8584952830141512
v3_sc2_staging_00,L4,1,4,0.4,False,False,False,nan,nan,nan
v3_sc2_staging_00,L4,1,5,0.4,True,False,False,4.112132034355964,4.3500000000000005,1.7588713996153036
v3_sc2_staging_00,L4,1,6,0.4,False,False,False,nan,nan,nan
v3_sc2_staging_00,L4,1,7,0.4,False,False,False,nan,nan,nan
v3_sc2_staging_00,L4,1,8,0.4,True,False,False,3.0662950903902253,3.9701789673345296,2.651586901863885
v3_sc2_staging_00,L4,1,9,0.4,False,False,False,nan,nan,nan
v3_sc2_staging_00,L4,1,10,0.4,True,False,False,3.0500000000000003,3.252998800959041,3.4131189606246317
v3_sc2_staging_00,L4,1,11,0.4,False,False,False,nan,nan,nan
v3_sc2_staging_00,L4,1,12,0.4,False,False,False,nan,nan,nan
v3_sc2_staging_00,L4,1,13,0.4,True,False,False,3.9621320343559647,4.761653732430518,1.2000000000000002
v3_sc2_staging_00,L4,1,14,0.4,False,False,False,nan,nan,nan
v3_sc2_staging_00,L4,1,15,0.4,False,False,False,nan,nan,nan
v3_sc2_staging_00,L4,1,16,0.4,False,False,False,nan,nan,nan
v3_sc2_staging_00,L4,1,17,0.4,False,False,False,nan,nan,nan
v3_sc2_staging_00,L4,1,18,0.4,False,False,False,nan,nan,nan
v3_sc2_staging_00,L4,1,19,0.4,False,False,False,nan,nan,nan
v3_sc2_staging_00,L4,1,0,0.5,False,False,False,nan,nan,nan
v3_sc2_staging_00,L4,1,1,0.5,False,False,False,nan,nan,nan
v3_sc2_staging_00,L4,1,2,0.5,True,False,False,3.9476659402887027,3.937623237725348,2.5858548248418947
v3_sc2_staging_00,L4,1,3,0.5,True,False,False,3.2828427124746193,4.4862310415783995,1.8584952830141512
v3_sc2_staging_00,L4,1,4,0.5,False,False,False,nan,nan,nan
v3_sc2_staging_00,L4,1,5,0.5,True,False,False,4.112132034355964,4.3500000000000005,1.7588713996153036
v3_sc2_staging_00,L4,1,6,0.5,False,False,False,nan,nan,nan
v3_sc2_staging_00,L4,1,7,0.5,False,False,False,nan,nan,nan
v3_sc2_staging_00,L4,1,8,0.5,True,False,False,3.0662950903902253,3.9701789673345296,2.651586901863885
v3_sc2_staging_00,L4,1,9,0.5,False,False,False,nan,nan,nan
v3_sc2_staging_00,L4,1,10,0.5,True,False,False,3.0500000000000003,3.252998800959041,3.4131189606246317
v3_sc2_staging_00,L4,1,11,0.5,False,False,False,nan,nan,nan
v3_sc2_staging_00,L4,1,12,0.5,False,False,False,nan,nan,nan
v3_sc2_staging_00,L4,1,13,0.5,True,False,False,3.9621320343559647,4.761653732430518,1.2000000000000002
v3_sc2_staging_00,L4,1,14,0.5,False,False,False,nan,nan,nan
v3_sc2_staging_00,L4,1,15,0.5,False,False,False,nan,nan,nan
v3_sc2_staging_00,L4,1,16,0.5,False,False,False,nan,nan,nan
v3_sc2_staging_00,L4,1,17,0.5,False,False,False,nan,nan,nan
v3_sc2_staging_00,L4,1,18,0.5,False,False,False,nan,nan,nan
v3_sc2_staging_00,L4,1,19,0.5,False,False,False,nan,nan,nan
v3_sc2_staging_00,L4,1,0,0.6,False,False,False,nan,nan,nan
v3_sc2_staging_00,L4,1,1,0.6,False,False,False,nan,nan,nan
v3_sc2_staging_00,L4,1,2,0.6,True,False,False,3.9476659402887027,3.937623237725348,2.5858548248418947
v3_sc2_staging_00,L4,1,3,0.6,True,False,False,3.2828427124746193,4.4862310415783995,1.8584952830141512
v3_sc2_staging_00,L4,1,4,0.6,False,False,False,nan,nan,nan
v3_sc2_staging_00,L4,1,5,0.6,True,False,False,4.112132034355964,4.3500000000000005,1.7588713996153036
v3_sc2_staging_00,L4,1,6,0.6,False,False,False,nan,nan,nan
v3_sc2_staging_00,L4,1,7,0.6,False,False,False,nan,nan,nan
v3_sc2_staging_00,L4,1,8,0.6,True,False,False,3.0662950903902253,3.9701789673345296,2.651586901863885
v3_sc2_staging_00,L4,1,9,0.6,False,False,False,nan,nan,nan
v3_sc2_staging_00,L4,1,10,0.6,True,False,False,3.0500000000000003,3.252998800959041,3.4131189606246317
v3_sc2_staging_00,L4,1,11,0.6,False,False,False,nan,nan,nan
v3_sc2_staging_00,L4,1,12,0.6,False,False,False,nan,nan,nan
v3_sc2_staging_00,L4,1,13,0.6,True,False,False,3.9621320343559647,4.761653732430518,1.2000000000000002
v3_sc2_staging_00,L4,1,14,0.6,False,False,False,nan,nan,nan
v3_sc2_staging_00,L4,1,15,0.6,False,False,False,nan,nan,nan
v3_sc2_staging_00,L4,1,16,0.6,False,False,False,nan,nan,nan
v3_sc2_staging_00,L4,1,17,0.6,False,False,False,nan,nan,nan
v3_sc2_staging_00,L4,1,18,0.6,False,False,False,nan,nan,nan
v3_sc2_staging_00,L4,1,19,0.6,False,False,False,nan,nan,nan
v3_sc2_staging_00,L4,1,0,0.8,False,False,False,nan,nan,nan
v3_sc2_staging_00,L4,1,1,0.8,False,False,False,nan,nan,nan
v3_sc2_staging_00,L4,1,2,0.8,True,False,False,3.9476659402887027,3.937623237725348,2.5858548248418947
v3_sc2_staging_00,L4,1,3,0.8,True,False,False,3.2828427124746193,4.4862310415783995,1.8584952830141512
v3_sc2_staging_00,L4,1,4,0.8,False,False,False,nan,nan,nan
v3_sc2_staging_00,L4,1,5,0.8,True,False,False,4.112132034355964,4.3500000000000005,1.7588713996153036
v3_sc2_staging_00,L4,1,6,0.8,False,False,False,nan,nan,nan
v3_sc2_staging_00,L4,1,7,0.8,False,False,False,nan,nan,nan
v3_sc2_staging_00,L4,1,8,0.8,True,False,False,3.0662950903902253,3.9701789673345296,2.651586901863885
v3_sc2_staging_00,L4,1,9,0.8,False,False,False,nan,nan,nan
v3_sc2_staging_00,L4,1,10,0.8,True,False,False,3.0500000000000003,3.252998800959041,3.4131189606246317
v3_sc2_staging_00,L4,1,11,0.8,False,False,False,nan,nan,nan
v3_sc2_staging_00,L4,1,12,0.8,False,False,False,nan,nan,nan
v3_sc2_staging_00,L4,1,13,0.8,True,False,False,3.9621320343559647,4.761653732430518,1.2000000000000002
v3_sc2_staging_00,L4,1,14,0.8,False,False,False,nan,nan,nan
v3_sc2_staging_00,L4,1,15,0.8,False,False,False,nan,nan,nan
v3_sc2_staging_00,L4,1,16,0.8,False,False,False,nan,nan,nan
v3_sc2_staging_00,L4,1,17,0.8,False,False,False,nan,nan,nan
v3_sc2_staging_00,L4,1,18,0.8,False,False,False,nan,nan,nan
v3_sc2_staging_00,L4,1,19,0.8,False,False,False,nan,nan,nan
v3_sc2_staging_00,L4,1,0,1.0,False,False,False,nan,nan,nan
v3_sc2_staging_00,L4,1,1,1.0,False,False,False,nan,nan,nan
v3_sc2_staging_00,L4,1,2,1.0,True,False,False,3.9476659402887027,3.937623237725348,2.5858548248418947
v3_sc2_staging_00,L4,1,3,1.0,True,False,False,3.2828427124746193,4.4862310415783995,1.8584952830141512
v3_sc2_staging_00,L4,1,4,1.0,False,False,False,nan,nan,nan
v3_sc2_staging_00,L4,1,5,1.0,True,False,False,4.112132034355964,4.3500000000000005,1.7588713996153036
v3_sc2_staging_00,L4,1,6,1.0,False,False,False,nan,nan,nan
v3_sc2_staging_00,L4,1,7,1.0,False,False,False,nan,nan,nan
v3_sc2_staging_00,L4,1,8,1.0,True,False,False,3.0662950903902253,3.9701789673345296,2.651586901863885
v3_sc2_staging_00,L4,1,9,1.0,False,False,False,nan,nan,nan
v3_sc2_staging_00,L4,1,10,1.0,True,False,False,3.0500000000000003,3.252998800959041,3.4131189606246317
v3_sc2_staging_00,L4,1,11,1.0,False,False,False,nan,nan,nan
v3_sc2_staging_00,L4,1,12,1.0,False,False,False,nan,nan,nan
v3_sc2_staging_00,L4,1,13,1.0,True,False,False,3.9621320343559647,4.761653732430518,1.2000000000000002
v3_sc2_staging_00,L4,1,14,1.0,False,False,False,nan,nan,nan
v3_sc2_staging_00,L4,1,15,1.0,False,False,False,nan,nan,nan
v3_sc2_staging_00,L4,1,16,1.0,False,False,False,nan,nan,nan
v3_sc2_staging_00,L4,1,17,1.0,False,False,False,nan,nan,nan
v3_sc2_staging_00,L4,1,18,1.0,False,False,False,nan,nan,nan
v3_sc2_staging_00,L4,1,19,1.0,False,False,False,nan,nan,nan
v3_sc2_staging_00,L4,1,0,1.25,False,False,False,nan,nan,nan
v3_sc2_staging_00,L4,1,1,1.25,False,False,False,nan,nan,nan
v3_sc2_staging_00,L4,1,2,1.25,True,False,False,3.9476659402887027,3.937623237725348,2.5858548248418947
v3_sc2_staging_00,L4,1,3,1.25,True,False,False,3.2828427124746193,4.4862310415783995,1.8584952830141512
v3_sc2_staging_00,L4,1,4,1.25,False,False,False,nan,nan,nan
v3_sc2_staging_00,L4,1,5,1.25,True,False,False,4.112132034355964,4.3500000000000005,1.7588713996153036
v3_sc2_staging_00,L4,1,6,1.25,False,False,False,nan,nan,nan
v3_sc2_staging_00,L4,1,7,1.25,False,False,False,nan,nan,nan
v3_sc2_staging_00,L4,1,8,1.25,True,False,False,3.0662950903902253,3.9701789673345296,2.651586901863885
v3_sc2_staging_00,L4,1,9,1.25,False,False,False,nan,nan,nan
v3_sc2_staging_00,L4,1,10,1.25,True,False,False,3.0500000000000003,3.252998800959041,3.4131189606246317
v3_sc2_staging_00,L4,1,11,1.25,False,False,False,nan,nan,nan
v3_sc2_staging_00,L4,1,12,1.25,False,False,False,nan,nan,nan
v3_sc2_staging_00,L4,1,13,1.25,True,False,False,3.962132034355964,4.761653732430518,1.2507141400011599
v3_sc2_staging_00,L4,1,14,1.25,False,False,False,nan,nan,nan
v3_sc2_staging_00,L4,1,15,1.25,False,False,False,nan,nan,nan
v3_sc2_staging_00,L4,1,16,1.25,False,False,False,nan,nan,nan
v3_sc2_staging_00,L4,1,17,1.25,False,False,False,nan,nan,nan
v3_sc2_staging_00,L4,1,18,1.25,False,False,False,nan,nan,nan
v3_sc2_staging_00,L4,1,19,1.25,False,False,False,nan,nan,nan
v3_sc2_staging_00,L4,1,0,1.5,False,False,False,nan,nan,nan
v3_sc2_staging_00,L4,1,1,1.5,False,False,False,nan,nan,nan
v3_sc2_staging_00,L4,1,2,1.5,True,False,False,3.9476659402887027,3.937623237725348,2.5858548248418947
v3_sc2_staging_00,L4,1,3,1.5,True,False,False,3.2828427124746193,4.4862310415783995,1.8584952830141512
v3_sc2_staging_00,L4,1,4,1.5,False,False,False,nan,nan,nan
v3_sc2_staging_00,L4,1,5,1.5,True,False,False,4.112132034355964,4.3500000000000005,1.7588713996153036
v3_sc2_staging_00,L4,1,6,1.5,False,False,False,nan,nan,nan
v3_sc2_staging_00,L4,1,7,1.5,False,False,False,nan,nan,nan
v3_sc2_staging_00,L4,1,8,1.5,True,False,False,3.0662950903902253,3.9701789673345296,2.651586901863885
v3_sc2_staging_00,L4,1,9,1.5,False,False,False,nan,nan,nan
v3_sc2_staging_00,L4,1,10,1.5,True,False,False,3.0500000000000003,3.252998800959041,3.4131189606246317
v3_sc2_staging_00,L4,1,11,1.5,False,False,False,nan,nan,nan
v3_sc2_staging_00,L4,1,12,1.5,False,False,False,nan,nan,nan
v3_sc2_staging_00,L4,1,13,1.5,False,False,False,nan,nan,nan
v3_sc2_staging_00,L4,1,14,1.5,False,False,False,nan,nan,nan
v3_sc2_staging_00,L4,1,15,1.5,False,False,False,nan,nan,nan
v3_sc2_staging_00,L4,1,16,1.5,False,False,False,nan,nan,nan
v3_sc2_staging_00,L4,1,17,1.5,False,False,False,nan,nan,nan
v3_sc2_staging_00,L4,1,18,1.5,False,False,False,nan,nan,nan
v3_sc2_staging_00,L4,1,19,1.5,False,False,False,nan,nan,nan
v3_sc2_staging_00,L4,1,0,2.0,False,False,False,nan,nan,nan
v3_sc2_staging_00,L4,1,1,2.0,False,False,False,nan,nan,nan
v3_sc2_staging_00,L4,1,2,2.0,True,False,False,3.9476659402887027,3.937623237725348,2.5858548248418947
v3_sc2_staging_00,L4,1,3,2.0,True,False,False,3.3656854249492385,4.354121959736901,2.0004999500099974
v3_sc2_staging_00,L4,1,4,2.0,False,False,False,nan,nan,nan
v3_sc2_staging_00,L4,1,5,2.0,True,False,False,4.153553390593274,4.182413907377263,2.0004999500099974
v3_sc2_staging_00,L4,1,6,2.0,False,False,False,nan,nan,nan
v3_sc2_staging_00,L4,1,7,2.0,False,False,False,nan,nan,nan
v3_sc2_staging_00,L4,1,8,2.0,True,False,False,3.0662950903902253,3.9701789673345296,2.651586901863885
v3_sc2_staging_00,L4,1,9,2.0,False,False,False,nan,nan,nan
v3_sc2_staging_00,L4,1,10,2.0,True,False,False,3.0500000000000003,3.252998800959041,3.4131189606246317
v3_sc2_staging_00,L4,1,11,2.0,False,False,False,nan,nan,nan
v3_sc2_staging_00,L4,1,12,2.0,False,False,False,nan,nan,nan
v3_sc2_staging_00,L4,1,13,2.0,False,False,False,nan,nan,nan
v3_sc2_staging_00,L4,1,14,2.0,False,False,False,nan,nan,nan
v3_sc2_staging_00,L4,1,15,2.0,False,False,False,nan,nan,nan
v3_sc2_staging_00,L4,1,16,2.0,False,False,False,nan,nan,nan
v3_sc2_staging_00,L4,1,17,2.0,False,False,False,nan,nan,nan
v3_sc2_staging_00,L4,1,18,2.0,False,False,False,nan,nan,nan
v3_sc2_staging_00,L4,1,19,2.0,False,False,False,nan,nan,nan
v3_sc2_staging_00,L4,2,0,0.0,True,True,False,7.252081528017133,3.708622102303793,0.002493781056044475
v3_sc2_staging_00,L4,2,1,0.0,False,False,False,nan,nan,nan
v3_sc2_staging_00,L4,2,2,0.0,True,False,False,4.107716446627536,4.022167621838006,2.632091952673165
v3_sc2_staging_00,L4,2,3,0.0,True,False,False,3.4727922061357854,4.777546778570514,1.6505813167606571
v3_sc2_staging_00,L4,2,4,0.0,True,False,True,4.902081528017131,1.0435349040433133,2.5870698080866266
v3_sc2_staging_00,L4,2,5,0.0,True,False,False,4.364213562373094,4.466387016735607,1.729910312097776
v3_sc2_staging_00,L4,2,6,0.0,True,False,True,5.459188309203679,1.2219175357722563,2.029822128134704
v3_sc2_staging_00,L4,2,7,0.0,False,False,False,nan,nan,nan
v3_sc2_staging_00,L4,2,8,0.0,True,False,False,3.0077164466275352,3.99694340635948,2.8559648389099674
v3_sc2_staging_00,L4,2,9,0.0,True,True,False,8.633452377915608,3.557708713054697,0.002493781056044475
v3_sc2_staging_00,L4,2,10,0.0,True,False,False,3.1863961030678927,3.519950248448356,3.4000000000000004
v3_sc2_staging_00,L4,2,11,0.0,True,False,False,4.900609665440987,3.882065722921097,1.2066048165876013
v3_sc2_staging_00,L4,2,12,0.0,True,True,False,8.63700576850888,3.550308630215727,0.002493781056044475
v3_sc2_staging_00,L4,2,13,0.0,True,False,False,4.065685424949238,4.6244511901275835,1.255704986607944
v3_sc2_staging_00,L4,2,14,0.0,True,True,False,7.005634918610404,3.316084380618437,0.002493781056044475
v3_sc2_staging_00,L4,2,15,0.0,False,False,False,nan,nan,nan
v3_sc2_staging_00,L4,2,16,0.0,True,True,False,7.376955262170052,3.574616546375867,0.002493781056044475
v3_sc2_staging_00,L4,2,17,0.0,True,False,True,7.061269837220812,0.8656500283747663,1.618962010041709
v3_sc2_staging_00,L4,2,18,0.0,True,False,True,3.5606601717798214,0.6180339887498949,3.7781421201264456
v3_sc2_staging_00,L4,2,19,0.0,True,False,True,3.879898987322332,1.2219175357722563,3.1100554012369397
v3_sc2_staging_00,L4,2,0,0.1,False,False,False,nan,nan,nan
v3_sc2_staging_00,L4,2,1,0.1,False,False,False,nan,nan,nan
v3_sc2_staging_00,L4,2,2,0.1,True,False,False,4.107716446627536,4.022167621838006,2.632091952673165
v3_sc2_staging_00,L4,2,3,0.1,True,False,False,3.4727922061357854,4.777546778570514,1.6505813167606571
v3_sc2_staging_00,L4,2,4,0.1,True,False,True,4.902081528017131,1.0435349040433133,2.5870698080866266
v3_sc2_staging_00,L4,2,5,0.1,True,False,False,4.364213562373094,4.466387016735607,1.729910312097776
v3_sc2_staging_00,L4,2,6,0.1,True,False,True,5.459188309203679,1.2219175357722563,2.029822128134704
v3_sc2_staging_00,L4,2,7,0.1,False,False,False,nan,nan,nan
v3_sc2_staging_00,L4,2,8,0.1,True,False,False,3.0077164466275352,3.99694340635948,2.8559648389099674
v3_sc2_staging_00,L4,2,9,0.1,False,False,False,nan,nan,nan
v3_sc2_staging_00,L4,2,10,0.1,True,False,False,3.1863961030678927,3.519950248448356,3.4000000000000004
v3_sc2_staging_00,L4,2,11,0.1,True,False,False,4.900609665440987,3.882065722921097,1.2066048165876013
v3_sc2_staging_00,L4,2,12,0.1,False,False,False,nan,nan,nan
v3_sc2_staging_00,L4,2,13,0.1,True,False,False,4.065685424949238,4.6244511901275835,1.255704986607944
v3_sc2_staging_00,L4,2,14,0.1,False,False,False,nan,nan,nan
v3_sc2_staging_00,L4,2,15,0.1,False,False,False,nan,nan,nan
v3_sc2_staging_00,L4,2,16,0.1,False,False,False,nan,nan,nan
v3_sc2_staging_00,L4,2,17,0.1,True,False,True,7.061269837220812,0.8656500283747663,1.618962010041709
v3_sc2_staging_00,L4,2,18,0.1,True,False,True,3.5606601717798214,0.6180339887498949,3.7781421201264456
v3_sc2_staging_00,L4,2,19,0.1,True,False,True,3.879898987322332,1.2219175357722563,3.1100554012369397
v3_sc2_staging_00,L4,2,0,0.2,False,False,False,nan,nan,nan
v3_sc2_staging_00,L4,2,1,0.2,False,False,False,nan,nan,nan
v3_sc2_staging_00,L4,2,2,0.2,True,False,False,4.107716446627536,4.022167621838006,2.632091952673165
v3_sc2_staging_00,L4,2,3,0.2,True,False,False,3.4727922061357854,4.777546778570514,1.6505813167606571
v3_sc2_staging_00,L4,2,4,0.2,True,False,True,4.902081528017131,1.0435349040433133,2.5870698080866266
v3_sc2_staging_00,L4,2,5,0.2,True,False,False,4.364213562373094,4.466387016735607,1.729910312097776
v3_sc2_staging_00,L4,2,6,0.2,True,False,True,5.459188309203679,1.2219175357722563,2.029822128134704
v3_sc2_staging_00,L4,2,7,0.2,False,False,False,nan,nan,nan
v3_sc2_staging_00,L4,2,8,0.2,True,False,False,3.0077164466275352,3.99694340635948,2.8559648389099674
v3_sc2_staging_00,L4,2,9,0.2,False,False,False,nan,nan,nan
v3_sc2_staging_00,L4,2,10,0.2,True,False,False,3.1863961030678927,3.519950248448356,3.4000000000000004
v3_sc2_staging_00,L4,2,11,0.2,True,False,False,4.900609665440987,3.882065722921097,1.2066048165876013
v3_sc2_staging_00,L4,2,12,0.2,False,False,False,nan,nan,nan
v3_sc2_staging_00,L4,2,13,0.2,True,False,False,4.065685424949238,4.6244511901275835,1.255704986607944
v3_sc2_staging_00,L4,2,14,0.2,False,False,False,nan,nan,nan
v3_sc2_staging_00,L4,2,15,0.2,False,False,False,nan,nan,nan
v3_sc2_staging_00,L4,2,16,0.2,False,False,False,nan,nan,nan
v3_sc2_staging_00,L4,2,17,0.2,True,False,True,7.061269837220812,0.8656500283747663,1.618962010041709
v3_sc2_staging_00,L4,2,18,0.2,True,False,True,3.5606601717798214,0.6180339887498949,3.7781421201264456
v3_sc2_staging_00,L4,2,19,0.2,True,False,True,3.879898987322332,1.2219175357722563,3.1100554012369397
v3_sc2_staging_00,L4,2,0,0.3,False,False,False,nan,nan,nan
v3_sc2_staging_00,L4,2,1,0.3,False,False,False,nan,nan,nan
v3_sc2_staging_00,L4,2,2,0.3,True,False,False,4.107716446627536,4.022167621838006,2.632091952673165
v3_sc2_staging_00,L4,2,3,0.3,True,False,False,3.4727922061357854,4.777546778570514,1.6505813167606571
v3_sc2_staging_00,L4,2,4,0.3,True,False,True,4.902081528017131,1.0435349040433133,2.5870698080866266
v3_sc2_staging_00,L4,2,5,0.3,True,False,False,4.364213562373094,4.466387016735607,1.729910312097776
v3_sc2_staging_00,L4,2,6,0.3,True,False,True,5.459188309203679,1.2219175357722563,2.029822128134704
v3_sc2_staging_00,L4,2,7,0.3,False,False,False,nan,nan,nan
v3_sc2_staging_00,L4,2,8,0.3,True,False,False,3.0077164466275352,3.99694340635948,2.8559648389099674
v3_sc2_staging_00,L4,2,9,0.3,False,False,False,nan,nan,nan
v3_sc2_staging_00,L4,2,10,0.3,True,False,False,3.1863961030678927,3.519950248448356,3.4000000000000004
v3_sc2_staging_00,L4,2,11,0.3,True,False,False,4.900609665440987,3.882065722921097,1.2066048165876013
v3_sc2_staging_00,L4,2,12,0.3,False,False,False,nan,nan,nan
v3_sc2_staging_00,L4,2,13,0.3,True,False,False,4.065685424949238,4.6244511901275835,1.255704986607944
v3_sc2_staging_00,L4,2,14,0.3,False,False,False,nan,nan,nan
v3_sc2_staging_00,L4,2,15,0.3,False,False,False,nan,nan,nan
v3_sc2_staging_00,L4,2,16,0.3,False,False,False,nan,nan,nan
v3_sc2_staging_00,L4,2,17,0.3,True,False,True,7.061269837220812,0.8656500283747663,1.618962010041709
v3_sc2_staging_00,L4,2,18,0.3,True,False,True,3.5606601717798214,0.6180339887498949,3.7781421201264456
v3_sc2_staging_00,L4,2,19,0.3,True,False,True,3.879898987322332,1.2219175357722563,3.1100554012369397
v3_sc2_staging_00,L4,2,0,0.4,False,False,False,nan,nan,nan
v3_sc2_staging_00,L4,2,1,0.4,False,False,False,nan,nan,nan
v3_sc2_staging_00,L4,2,2,0.4,True,False,False,4.107716446627536,4.022167621838006,2.632091952673165
v3_sc2_staging_00,L4,2,3,0.4,True,False,False,3.4727922061357854,4.777546778570514,1.6505813167606571
v3_sc2_staging_00,L4,2,4,0.4,True,False,True,4.902081528017131,1.0435349040433133,2.5870698080866266
v3_sc2_staging_00,L4,2,5,0.4,True,False,False,4.364213562373094,4.466387016735607,1.729910312097776
v3_sc2_staging_00,L4,2,6,0.4,True,False,True,5.459188309203679,1.2219175357722563,2.029822128134704
v3_sc2_staging_00,L4,2,7,0.4,False,False,False,nan,nan,nan
v3_sc2_staging_00,L4,2,8,0.4,True,False,False,3.0077164466275352,3.99694340635948,2.8559648389099674
v3_sc2_staging_00,L4,2,9,0.4,False,False,False,nan,nan,nan
v3_sc2_staging_00,L4,2,10,0.4,True,False,False,3.1863961030678927,3.519950248448356,3.4000000000000004
v3_sc2_staging_00,L4,2,11,0.4,True,False,False,4.900609665440987,3.882065722921097,1.2066048165876013
v3_sc2_staging_00,L4,2,12,0.4,False,False,False,nan,nan,nan
v3_sc2_staging_00,L4,2,13,0.4,True,False,False,4.065685424949238,4.6244511901275835,1.255704986607944
v3_sc2_staging_00,L4,2,14,0.4,False,False,False,nan,nan,nan
v3_sc2_staging_00,L4,2,15,0.4,False,False,False,nan,nan,nan
v3_sc2_staging_00,L4,2,16,0.4,False,False,False,nan,nan,nan
v3_sc2_staging_00,L4,2,17,0.4,True,False,True,7.061269837220812,0.8656500283747663,1.618962010041709
v3_sc2_staging_00,L4,2,18,0.4,True,False,True,3.5606601717798214,0.6180339887498949,3.7781421201264456
v3_sc2_staging_00,L4,2,19,0.4,True,False,True,3.879898987322332,1.2219175357722563,3.1100554012369397
v3_sc2_staging_00,L4,2,0,0.5,False,False,False,nan,nan,nan
v3_sc2_staging_00,L4,2,1,0.5,False,False,False,nan,nan,nan
v3_sc2_staging_00,L4,2,2,0.5,True,False,False,4.107716446627536,4.022167621838006,2.632091952673165
v3_sc2_staging_00,L4,2,3,0.5,True,False,False,3.4727922061357854,4.777546778570514,1.6505813167606571
v3_sc2_staging_00,L4,2,4,0.5,True,False,True,4.902081528017131,1.0435349040433133,2.5870698080866266
v3_sc2_staging_00,L4,2,5,0.5,True,False,False,4.364213562373094,4.466387016735607,1.729910312097776
v3_sc2_staging_00,L4,2,6,0.5,True,False,True,5.459188309203679,1.2219175357722563,2.029822128134704
v3_sc2_staging_00,L4,2,7,0.5,False,False,False,nan,nan,nan
v3_sc2_staging_00,L4,2,8,0.5,True,False,False,3.0077164466275352,3.99694340635948,2.8559648389099674
v3_sc2_staging_00,L4,2,9,0.5,False,False,False,nan,nan,nan
v3_sc2_staging_00,L4,2,10,0.5,True,False,False,3.1863961030678927,3.519950248448356,3.4000000000000004
v3_sc2_staging_00,L4,2,11,0.5,True,False,False,4.900609665440987,3.882065722921097,1.2066048165876013
v3_sc2_staging_00,L4,2,12,0.5,False,False,False,nan,nan,nan
v3_sc2_staging_00,L4,2,13,0.5,True,False,False,4.065685424949238,4.6244511901275835,1.255704986607944
v3_sc2_staging_00,L4,2,14,0.5,False,False,False,nan,nan,nan
v3_sc2_staging_00,L4,2,15,0.5,False,False,False,nan,nan,nan
v3_sc2_staging_00,L4,2,16,0.5,False,False,False,nan,nan,nan
v3_sc2_staging_00,L4,2,17,0.5,True,False,True,7.061269837220812,0.8656500283747663,1.618962010041709
v3_sc2_staging_00,L4,2,18,0.5,True,False,True,3.5606601717798214,0.6180339887498949,3.7781421201264456
v3_sc2_staging_00,L4,2,19,0.5,True,False,True,3.879898987322332,1.2219175357722563,3.1100554012369397
v3_sc2_staging_00,L4,2,0,0.6,False,False,False,nan,nan,nan
v3_sc2_staging_00,L4,2,1,0.6,False,False,False,nan,nan,nan
v3_sc2_staging_00,L4,2,2,0.6,True,False,False,4.107716446627536,4.022167621838006,2.632091952673165
v3_sc2_staging_00,L4,2,3,0.6,True,False,False,3.4727922061357854,4.777546778570514,1.6505813167606571
v3_sc2_staging_00,L4,2,4,0.6,True,False,True,4.902081528017131,1.0435349040433133,2.5870698080866266
v3_sc2_staging_00,L4,2,5,0.6,True,False,False,4.364213562373094,4.466387016735607,1.729910312097776
v3_sc2_staging_00,L4,2,6,0.6,True,False,True,5.459188309203679,1.2219175357722563,2.029822128134704
v3_sc2_staging_00,L4,2,7,0.6,False,False,False,nan,nan,nan
v3_sc2_staging_00,L4,2,8,0.6,True,False,False,3.0077164466275352,3.99694340635948,2.8559648389099674
v3_sc2_staging_00,L4,2,9,0.6,False,False,False,nan,nan,nan
v3_sc2_staging_00,L4,2,10,0.6,True,False,False,3.1863961030678927,3.519950248448356,3.4000000000000004
v3_sc2_staging_00,L4,2,11,0.6,True,False,False,4.900609665440987,3.882065722921097,1.2066048165876013
v3_sc2_staging_00,L4,2,12,0.6,False,False,False,nan,nan,nan
v3_sc2_staging_00,L4,2,13,0.6,True,False,False,4.065685424949238,4.6244511901275835,1.255704986607944
v3_sc2_staging_00,L4,2,14,0.6,False,False,False,nan,nan,nan
v3_sc2_staging_00,L4,2,15,0.6,False,False,False,nan,nan,nan
v3_sc2_staging_00,L4,2,16,0.6,False,False,False,nan,nan,nan
v3_sc2_staging_00,L4,2,17,0.6,True,False,True,7.061269837220812,0.8656500283747663,1.618962010041709
v3_sc2_staging_00,L4,2,18,0.6,True,False,True,3.5606601717798214,0.6180339887498949,3.7781421201264456
v3_sc2_staging_00,L4,2,19,0.6,True,False,True,3.879898987322332,1.2219175357722563,3.1100554012369397
v3_sc2_staging_00,L4,2,0,0.8,False,False,False,nan,nan,nan
v3_sc2_staging_00,L4,2,1,0.8,False,False,False,nan,nan,nan
v3_sc2_staging_00,L4,2,2,0.8,True,False,False,4.107716446627536,4.022167621838006,2.632091952673165
v3_sc2_staging_00,L4,2,3,0.8,True,False,False,3.4727922061357854,4.777546778570514,1.6505813167606571
v3_sc2_staging_00,L4,2,4,0.8,True,False,True,4.902081528017131,1.0435349040433133,2.5870698080866266
v3_sc2_staging_00,L4,2,5,0.8,True,False,False,4.364213562373094,4.466387016735607,1.729910312097776
v3_sc2_staging_00,L4,2,6,0.8,True,False,True,5.459188309203679,1.2219175357722563,2.029822128134704
v3_sc2_staging_00,L4,2,7,0.8,False,False,False,nan,nan,nan
v3_sc2_staging_00,L4,2,8,0.8,True,False,False,3.0077164466275352,3.99694340635948,2.8559648389099674
v3_sc2_staging_00,L4,2,9,0.8,False,False,False,nan,nan,nan
v3_sc2_staging_00,L4,2,10,0.8,True,False,False,3.1863961030678927,3.519950248448356,3.4000000000000004
v3_sc2_staging_00,L4,2,11,0.8,True,False,False,4.900609665440987,3.882065722921097,1.2066048165876013
v3_sc2_staging_00,L4,2,12,0.8,False,False,False,nan,nan,nan
v3_sc2_staging_00,L4,2,13,0.8,True,False,False,4.065685424949238,4.6244511901275835,1.255704986607944
v3_sc2_staging_00,L4,2,14,0.8,False,False,False,nan,nan,nan
v3_sc2_staging_00,L4,2,15,0.8,False,False,False,nan,nan,nan
v3_sc2_staging_00,L4,2,16,0.8,False,False,False,nan,nan,nan
v3_sc2_staging_00,L4,2,17,0.8,True,False,True,7.061269837220812,0.8656500283747663,1.618962010041709
v3_sc2_staging_00,L4,2,18,0.8,False,False,False,nan,nan,nan
v3_sc2_staging_00,L4,2,19,0.8,True,False,True,3.879898987322332,1.2219175357722563,3.1100554012369397
v3_sc2_staging_00,L4,2,0,1.0,False,False,False,nan,nan,nan
v3_sc2_staging_00,L4,2,1,1.0,False,False,False,nan,nan,nan
v3_sc2_staging_00,L4,2,2,1.0,True,False,False,4.107716446627536,4.022167621838006,2.632091952673165
v3_sc2_staging_00,L4,2,3,1.0,True,False,False,3.4727922061357854,4.777546778570514,1.6505813167606571
v3_sc2_staging_00,L4,2,4,1.0,True,False,True,4.902081528017131,1.0435349040433133,2.5870698080866266
v3_sc2_staging_00,L4,2,5,1.0,True,False,False,4.364213562373094,4.466387016735607,1.729910312097776
v3_sc2_staging_00,L4,2,6,1.0,True,False,True,5.459188309203679,1.2219175357722563,2.029822128134704
v3_sc2_staging_00,L4,2,7,1.0,False,False,False,nan,nan,nan
v3_sc2_staging_00,L4,2,8,1.0,True,False,False,3.0077164466275352,3.99694340635948,2.8559648389099674
v3_sc2_staging_00,L4,2,9,1.0,False,False,False,nan,nan,nan
v3_sc2_staging_00,L4,2,10,1.0,True,False,False,3.1863961030678927,3.519950248448356,3.4000000000000004
v3_sc2_staging_00,L4,2,11,1.0,True,False,False,4.900609665440987,3.882065722921097,1.2066048165876013
v3_sc2_staging_00,L4,2,12,1.0,False,False,False,nan,nan,nan
v3_sc2_staging_00,L4,2,13,1.0,True,False,False,4.065685424949238,4.6244511901275835,1.255704986607944
v3_sc2_staging_00,L4,2,14,1.0,False,False,False,nan,nan,nan
v3_sc2_staging_00,L4,2,15,1.0,False,False,False,nan,nan,nan
v3_sc2_staging_00,L4,2,16,1.0,False,False,False,nan,nan,nan
v3_sc2_staging_00,L4,2,17,1.0,False,False,False,nan,nan,nan
v3_sc2_staging_00,L4,2,18,1.0,False,False,False,nan,nan,nan
v3_sc2_staging_00,L4,2,19,1.0,True,False,True,3.879898987322332,1.2219175357722563,3.1100554012369397
v3_sc2_staging_00,L4,2,0,1.25,False,False,False,nan,nan,nan
v3_sc2_staging_00,L4,2,1,1.25,False,False,False,nan,nan,nan
v3_sc2_staging_00,L4,2,2,1.25,True,False,False,4.107716446627536,4.022167621838006,2.632091952673165
v3_sc2_staging_00,L4,2,3,1.25,True,False,False,3.4727922061357854,4.777546778570514,1.6505813167606571
v3_sc2_staging_00,L4,2,4,1.25,False,False,False,nan,nan,nan
v3_sc2_staging_00,L4,2,5,1.25,True,False,False,4.364213562373094,4.466387016735607,1.729910312097776
v3_sc2_staging_00,L4,2,6,1.25,False,False,False,nan,nan,nan
v3_sc2_staging_00,L4,2,7,1.25,False,False,False,nan,nan,nan
v3_sc2_staging_00,L4,2,8,1.25,True,False,False,3.0077164466275352,3.99694340635948,2.8559648389099674
v3_sc2_staging_00,L4,2,9,1.25,False,False,False,nan,nan,nan
v3_sc2_staging_00,L4,2,10,1.25,True,False,False,3.1863961030678927,3.519950248448356,3.4000000000000004
v3_sc2_staging_00,L4,2,11,1.25,True,False,False,4.900609665440987,3.882065722921097,1.2528548142958105
v3_sc2_staging_00,L4,2,12,1.25,False,False,False,nan,nan,nan
v3_sc2_staging_00,L4,2,13,1.25,True,False,False,4.065685424949238,4.6244511901275835,1.255704986607944
v3_sc2_staging_00,L4,2,14,1.25,False,False,False,nan,nan,nan
v3_sc2_staging_00,L4,2,15,1.25,False,False,False,nan,nan,nan
v3_sc2_staging_00,L4,2,16,1.25,False,False,False,nan,nan,nan
v3_sc2_staging_00,L4,2,17,1.25,False,False,False,nan,nan,nan
v3_sc2_staging_00,L4,2,18,1.25,False,False,False,nan,nan,nan
v3_sc2_staging_00,L4,2,19,1.25,False,False,False,nan,nan,nan
v3_sc2_staging_00,L4,2,0,1.5,False,False,False,nan,nan,nan
v3_sc2_staging_00,L4,2,1,1.5,False,False,False,nan,nan,nan
v3_sc2_staging_00,L4,2,2,1.5,True,False,False,4.107716446627536,4.022167621838006,2.632091952673165
v3_sc2_staging_00,L4,2,3,1.5,True,False,False,3.4727922061357854,4.777546778570514,1.6505813167606571
v3_sc2_staging_00,L4,2,4,1.5,False,False,False,nan,nan,nan
v3_sc2_staging_00,L4,2,5,1.5,True,False,False,4.364213562373094,4.466387016735607,1.729910312097776
v3_sc2_staging_00,L4,2,6,1.5,False,False,False,nan,nan,nan
v3_sc2_staging_00,L4,2,7,1.5,False,False,False,nan,nan,nan
v3_sc2_staging_00,L4,2,8,1.5,True,False,False,3.0077164466275352,3.99694340635948,2.8559648389099674
v3_sc2_staging_00,L4,2,9,1.5,False,False,False,nan,nan,nan
v3_sc2_staging_00,L4,2,10,1.5,True,False,False,3.1863961030678927,3.519950248448356,3.4000000000000004
v3_sc2_staging_00,L4,2,11,1.5,True,False,False,4.900609665440988,3.882065722921097,1.5006249023742555
v3_sc2_staging_00,L4,2,12,1.5,False,False,False,nan,nan,nan
v3_sc2_staging_00,L4,2,13,1.5,False,False,False,nan,nan,nan
v3_sc2_staging_00,L4,2,14,1.5,False,False,False,nan,nan,nan
v3_sc2_staging_00,L4,2,15,1.5,False,False,False,nan,nan,nan
v3_sc2_staging_00,L4,2,16,1.5,False,False,False,nan,nan,nan
v3_sc2_staging_00,L4,2,17,1.5,False,False,False,nan,nan,nan
v3_sc2_staging_00,L4,2,18,1.5,False,False,False,nan,nan,nan
v3_sc2_staging_00,L4,2,19,1.5,False,False,False,nan,nan,nan
v3_sc2_staging_00,L4,2,0,2.0,False,False,False,nan,nan,nan
v3_sc2_staging_00,L4,2,1,2.0,False,False,False,nan,nan,nan
v3_sc2_staging_00,L4,2,2,2.0,True,False,False,4.107716446627536,4.022167621838006,2.632091952673165
v3_sc2_staging_00,L4,2,3,2.0,True,False,False,3.4727922061357845,4.6041649659861115,2.0480384612481815
v3_sc2_staging_00,L4,2,4,2.0,False,False,False,nan,nan,nan
v3_sc2_staging_00,L4,2,5,2.0,True,False,False,4.38492424049175,4.264714052280577,2.007987240796891
v3_sc2_staging_00,L4,2,6,2.0,False,False,False,nan,nan,nan
v3_sc2_staging_00,L4,2,7,2.0,False,False,False,nan,nan,nan
v3_sc2_staging_00,L4,2,8,2.0,True,False,False,3.0077164466275352,3.99694340635948,2.8559648389099674
v3_sc2_staging_00,L4,2,9,2.0,False,False,False,nan,nan,nan
v3_sc2_staging_00,L4,2,10,2.0,True,False,False,3.1863961030678927,3.519950248448356,3.4000000000000004
v3_sc2_staging_00,L4,2,11,2.0,True,False,False,5.549137802864845,3.3939054944875076,2.0004999500099974
v3_sc2_staging_00,L4,2,12,2.0,False,False,False,nan,nan,nan
v3_sc2_staging_00,L4,2,13,2.0,False,False,False,nan,nan,nan
v3_sc2_staging_00,L4,2,14,2.0,False,False,False,nan,nan,nan
v3_sc2_staging_00,L4,2,15,2.0,False,False,False,nan,nan,nan
v3_sc2_staging_00,L4,2,16,2.0,False,False,False,nan,nan,nan
v3_sc2_staging_00,L4,2,17,2.0,False,False,False,nan,nan,nan
v3_sc2_staging_00,L4,2,18,2.0,False,False,False,nan,nan,nan
v3_sc2_staging_00,L4,2,19,2.0,False,False,False,nan,nan,nan
v3_sc2_staging_00,L4,3,0,0.0,False,False,False,nan,nan,nan
v3_sc2_staging_00,L4,3,1,0.0,False,False,False,nan,nan,nan
v3_sc2_staging_00,L4,3,2,0.0,True,False,False,3.9062445840513926,3.5224370722237532,2.6004031995854993
v3_sc2_staging_00,L4,3,3,0.0,True,False,False,3.303553390593274,2.447032405658275,1.4000000000000001
v3_sc2_staging_00,L4,3,4,0.0,False,False,False,nan,nan,nan
v3_sc2_staging_00,L4,3,5,0.0,False,False,False,nan,nan,nan
v3_sc2_staging_00,L4,3,6,0.0,False,False,False,nan,nan,nan
v3_sc2_staging_00,L4,3,7,0.0,False,False,False,nan,nan,nan
v3_sc2_staging_00,L4,3,8,0.0,True,False,False,3.016295090390225,3.6012193308819755,2.717530108639234
v3_sc2_staging_00,L4,3,9,0.0,False,False,False,nan,nan,nan
v3_sc2_staging_00,L4,3,10,0.0,False,False,False,nan,nan,nan
v3_sc2_staging_00,L4,3,11,0.0,True,False,False,4.852691193458118,2.0553864678361276,1.1224980739587953
v3_sc2_staging_00,L4,3,12,0.0,False,False,False,nan,nan,nan
v3_sc2_staging_00,L4,3,13,0.0,True,False,False,3.9414213562373095,1.8021728866442674,0.6768602295939821
v3_sc2_staging_00,L4,3,14,0.0,False,False,False,nan,nan,nan
v3_sc2_staging_00,L4,3,15,0.0,False,False,False,nan,nan,nan
v3_sc2_staging_00,L4,3,16,0.0,False,False,False,nan,nan,nan
v3_sc2_staging_00,L4,3,17,0.0,False,False,False,nan,nan,nan
v3_sc2_staging_00,L4,3,18,0.0,False,False,False,nan,nan,nan
v3_sc2_staging_00,L4,3,19,0.0,False,False,False,nan,nan,nan
v3_sc2_staging_00,L4,3,0,0.1,False,False,False,nan,nan,nan
v3_sc2_staging_00,L4,3,1,0.1,False,False,False,nan,nan,nan
v3_sc2_staging_00,L4,3,2,0.1,True,False,False,3.9062445840513926,3.5224370722237532,2.6004031995854993
v3_sc2_staging_00,L4,3,3,0.1,True,False,False,3.303553390593274,2.447032405658275,1.4000000000000001
v3_sc2_staging_00,L4,3,4,0.1,False,False,False,nan,nan,nan
v3_sc2_staging_00,L4,3,5,0.1,False,False,False,nan,nan,nan
v3_sc2_staging_00,L4,3,6,0.1,False,False,False,nan,nan,nan
v3_sc2_staging_00,L4,3,7,0.1,False,False,False,nan,nan,nan
v3_sc2_staging_00,L4,3,8,0.1,True,False,False,3.016295090390225,3.6012193308819755,2.717530108639234
v3_sc2_staging_00,L4,3,9,0.1,False,False,False,nan,nan,nan
v3_sc2_staging_00,L4,3,10,0.1,False,False,False,nan,nan,nan
v3_sc2_staging_00,L4,3,11,0.1,True,False,False,4.852691193458118,2.0553864678361276,1.1224980739587953
v3_sc2_staging_00,L4,3,12,0.1,False,False,False,nan,nan,nan
v3_sc2_staging_00,L4,3,13,0.1,True,False,False,3.9414213562373095,1.8021728866442674,0.6768602295939821
v3_sc2_staging_00,L4,3,14,0.1,False,False,False,nan,nan,nan
v3_sc2_staging_00,L4,3,15,0.1,False,False,False,nan,nan,nan
v3_sc2_staging_00,L4,3,16,0.1,False,False,False,nan,nan,nan
v3_sc2_staging_00,L4,3,17,0.1,False,False,False,nan,nan,nan
v3_sc2_staging_00,L4,3,18,0.1,False,False,False,nan,nan,nan
v3_sc2_staging_00,L4,3,19,0.1,False,False,False,nan,nan,nan
v3_sc2_staging_00,L4,3,0,0.2,False,False,False,nan,nan,nan
v3_sc2_staging_00,L4,3,1,0.2,False,False,False,nan,nan,nan
v3_sc2_staging_00,L4,3,2,0.2,True,False,False,3.9062445840513926,3.5224370722237532,2.6004031995854993
v3_sc2_staging_00,L4,3,3,0.2,True,False,False,3.303553390593274,2.447032405658275,1.4000000000000001
v3_sc2_staging_00,L4,3,4,0.2,False,False,False,nan,nan,nan
v3_sc2_staging_00,L4,3,5,0.2,False,False,False,nan,nan,nan
v3_sc2_staging_00,L4,3,6,0.2,False,False,False,nan,nan,nan
v3_sc2_staging_00,L4,3,7,0.2,False,False,False,nan,nan,nan
v3_sc2_staging_00,L4,3,8,0.2,True,False,False,3.016295090390225,3.6012193308819755,2.717530108639234
v3_sc2_staging_00,L4,3,9,0.2,False,False,False,nan,nan,nan
v3_sc2_staging_00,L4,3,10,0.2,False,False,False,nan,nan,nan
v3_sc2_staging_00,L4,3,11,0.2,True,False,False,4.852691193458118,2.0553864678361276,1.1224980739587953
v3_sc2_staging_00,L4,3,12,0.2,False,False,False,nan,nan,nan
v3_sc2_staging_00,L4,3,13,0.2,True,False,False,3.9414213562373095,1.8021728866442674,0.6768602295939821
v3_sc2_staging_00,L4,3,14,0.2,False,False,False,nan,nan,nan
v3_sc2_staging_00,L4,3,15,0.2,False,False,False,nan,nan,nan
v3_sc2_staging_00,L4,3,16,0.2,False,False,False,nan,nan,nan
v3_sc2_staging_00,L4,3,17,0.2,False,False,False,nan,nan,nan
v3_sc2_staging_00,L4,3,18,0.2,False,False,False,nan,nan,nan
v3_sc2_staging_00,L4,3,19,0.2,False,False,False,nan,nan,nan
v3_sc2_staging_00,L4,3,0,0.3,False,False,False,nan,nan,nan
v3_sc2_staging_00,L4,3,1,0.3,False,False,False,nan,nan,nan
v3_sc2_staging_00,L4,3,2,0.3,True,False,False,3.9062445840513926,3.5224370722237532,2.6004031995854993
v3_sc2_staging_00,L4,3,3,0.3,True,False,False,3.303553390593274,2.447032405658275,1.4000000000000001
v3_sc2_staging_00,L4,3,4,0.3,False,False,False,nan,nan,nan
v3_sc2_staging_00,L4,3,5,0.3,False,False,False,nan,nan,nan
v3_sc2_staging_00,L4,3,6,0.3,False,False,False,nan,nan,nan
v3_sc2_staging_00,L4,3,7,0.3,False,False,False,nan,nan,nan
v3_sc2_staging_00,L4,3,8,0.3,True,False,False,3.016295090390225,3.6012193308819755,2.717530108639234
v3_sc2_staging_00,L4,3,9,0.3,False,False,False,nan,nan,nan
v3_sc2_staging_00,L4,3,10,0.3,False,False,False,nan,nan,nan
v3_sc2_staging_00,L4,3,11,0.3,True,False,False,4.852691193458118,2.0553864678361276,1.1224980739587953
v3_sc2_staging_00,L4,3,12,0.3,False,False,False,nan,nan,nan
v3_sc2_staging_00,L4,3,13,0.3,True,False,False,3.9414213562373095,1.8021728866442674,0.6768602295939821
v3_sc2_staging_00,L4,3,14,0.3,False,False,False,nan,nan,nan
v3_sc2_staging_00,L4,3,15,0.3,False,False,False,nan,nan,nan
v3_sc2_staging_00,L4,3,16,0.3,False,False,False,nan,nan,nan
v3_sc2_staging_00,L4,3,17,0.3,False,False,False,nan,nan,nan
v3_sc2_staging_00,L4,3,18,0.3,False,False,False,nan,nan,nan
v3_sc2_staging_00,L4,3,19,0.3,False,False,False,nan,nan,nan
v3_sc2_staging_00,L4,3,0,0.4,False,False,False,nan,nan,nan
v3_sc2_staging_00,L4,3,1,0.4,False,False,False,nan,nan,nan
v3_sc2_staging_00,L4,3,2,0.4,True,False,False,3.9062445840513926,3.5224370722237532,2.6004031995854993
v3_sc2_staging_00,L4,3,3,0.4,True,False,False,3.303553390593274,2.447032405658275,1.4000000000000001
v3_sc2_staging_00,L4,3,4,0.4,False,False,False,nan,nan,nan
v3_sc2_staging_00,L4,3,5,0.4,False,False,False,nan,nan,nan
v3_sc2_staging_00,L4,3,6,0.4,False,False,False,nan,nan,nan
v3_sc2_staging_00,L4,3,7,0.4,False,False,False,nan,nan,nan
v3_sc2_staging_00,L4,3,8,0.4,True,False,False,3.016295090390225,3.6012193308819755,2.717530108639234
v3_sc2_staging_00,L4,3,9,0.4,False,False,False,nan,nan,nan
v3_sc2_staging_00,L4,3,10,0.4,False,False,False,nan,nan,nan
v3_sc2_staging_00,L4,3,11,0.4,True,False,False,4.852691193458118,2.0553864678361276,1.1224980739587953
v3_sc2_staging_00,L4,3,12,0.4,False,False,False,nan,nan,nan
v3_sc2_staging_00,L4,3,13,0.4,True,False,False,3.9414213562373095,1.8021728866442674,0.6768602295939821
v3_sc2_staging_00,L4,3,14,0.4,False,False,False,nan,nan,nan
v3_sc2_staging_00,L4,3,15,0.4,False,False,False,nan,nan,nan
v3_sc2_staging_00,L4,3,16,0.4,False,False,False,nan,nan,nan
v3_sc2_staging_00,L4,3,17,0.4,False,False,False,nan,nan,nan
v3_sc2_staging_00,L4,3,18,0.4,False,False,False,nan,nan,nan
v3_sc2_staging_00,L4,3,19,0.4,False,False,False,nan,nan,nan
v3_sc2_staging_00,L4,3,0,0.5,False,False,False,nan,nan,nan
v3_sc2_staging_00,L4,3,1,0.5,False,False,False,nan,nan,nan
v3_sc2_staging_00,L4,3,2,0.5,True,False,False,3.9062445840513926,3.5224370722237532,2.6004031995854993
v3_sc2_staging_00,L4,3,3,0.5,True,False,False,3.303553390593274,2.447032405658275,1.4000000000000001
v3_sc2_staging_00,L4,3,4,0.5,False,False,False,nan,nan,nan
v3_sc2_staging_00,L4,3,5,0.5,False,False,False,nan,nan,nan
v3_sc2_staging_00,L4,3,6,0.5,False,False,False,nan,nan,nan
v3_sc2_staging_00,L4,3,7,0.5,False,False,False,nan,nan,nan
v3_sc2_staging_00,L4,3,8,0.5,True,False,False,3.016295090390225,3.6012193308819755,2.717530108639234
v3_sc2_staging_00,L4,3,9,0.5,False,False,False,nan,nan,nan
v3_sc2_staging_00,L4,3,10,0.5,False,False,False,nan,nan,nan
v3_sc2_staging_00,L4,3,11,0.5,True,False,False,4.852691193458118,2.0553864678361276,1.1224980739587953
v3_sc2_staging_00,L4,3,12,0.5,False,False,False,nan,nan,nan
v3_sc2_staging_00,L4,3,13,0.5,True,False,False,3.9414213562373095,1.8021728866442674,0.6768602295939821
v3_sc2_staging_00,L4,3,14,0.5,False,False,False,nan,nan,nan
v3_sc2_staging_00,L4,3,15,0.5,False,False,False,nan,nan,nan
v3_sc2_staging_00,L4,3,16,0.5,False,False,False,nan,nan,nan
v3_sc2_staging_00,L4,3,17,0.5,False,False,False,nan,nan,nan
v3_sc2_staging_00,L4,3,18,0.5,False,False,False,nan,nan,nan
v3_sc2_staging_00,L4,3,19,0.5,False,False,False,nan,nan,nan
v3_sc2_staging_00,L4,3,0,0.6,False,False,False,nan,nan,nan
v3_sc2_staging_00,L4,3,1,0.6,False,False,False,nan,nan,nan
v3_sc2_staging_00,L4,3,2,0.6,True,False,False,3.9062445840513926,3.5224370722237532,2.6004031995854993
v3_sc2_staging_00,L4,3,3,0.6,True,False,False,3.303553390593274,2.447032405658275,1.4000000000000001
v3_sc2_staging_00,L4,3,4,0.6,False,False,False,nan,nan,nan
v3_sc2_staging_00,L4,3,5,0.6,False,False,False,nan,nan,nan
v3_sc2_staging_00,L4,3,6,0.6,False,False,False,nan,nan,nan
v3_sc2_staging_00,L4,3,7,0.6,False,False,False,nan,nan,nan
v3_sc2_staging_00,L4,3,8,0.6,True,False,False,3.016295090390225,3.6012193308819755,2.717530108639234
v3_sc2_staging_00,L4,3,9,0.6,False,False,False,nan,nan,nan
v3_sc2_staging_00,L4,3,10,0.6,False,False,False,nan,nan,nan
v3_sc2_staging_00,L4,3,11,0.6,True,False,False,4.852691193458118,2.0553864678361276,1.1224980739587953
v3_sc2_staging_00,L4,3,12,0.6,False,False,False,nan,nan,nan
v3_sc2_staging_00,L4,3,13,0.6,True,False,False,3.9414213562373095,1.8021728866442674,0.6768602295939821
v3_sc2_staging_00,L4,3,14,0.6,False,False,False,nan,nan,nan
v3_sc2_staging_00,L4,3,15,0.6,False,False,False,nan,nan,nan
v3_sc2_staging_00,L4,3,16,0.6,False,False,False,nan,nan,nan
v3_sc2_staging_00,L4,3,17,0.6,False,False,False,nan,nan,nan
v3_sc2_staging_00,L4,3,18,0.6,False,False,False,nan,nan,nan
v3_sc2_staging_00,L4,3,19,0.6,False,False,False,nan,nan,nan
v3_sc2_staging_00,L4,3,0,0.8,False,False,False,nan,nan,nan
v3_sc2_staging_00,L4,3,1,0.8,False,False,False,nan,nan,nan
v3_sc2_staging_00,L4,3,2,0.8,True,False,False,3.9062445840513926,3.5224370722237532,2.6004031995854993
v3_sc2_staging_00,L4,3,3,0.8,True,False,False,3.303553390593274,2.447032405658275,1.4000000000000001
v3_sc2_staging_00,L4,3,4,0.8,False,False,False,nan,nan,nan
v3_sc2_staging_00,L4,3,5,0.8,False,False,False,nan,nan,nan
v3_sc2_staging_00,L4,3,6,0.8,False,False,False,nan,nan,nan
v3_sc2_staging_00,L4,3,7,0.8,False,False,False,nan,nan,nan
v3_sc2_staging_00,L4,3,8,0.8,True,False,False,3.016295090390225,3.6012193308819755,2.717530108639234
v3_sc2_staging_00,L4,3,9,0.8,False,False,False,nan,nan,nan
v3_sc2_staging_00,L4,3,10,0.8,False,False,False,nan,nan,nan
v3_sc2_staging_00,L4,3,11,0.8,True,False,False,4.852691193458118,2.0553864678361276,1.1224980739587953
v3_sc2_staging_00,L4,3,12,0.8,False,False,False,nan,nan,nan
v3_sc2_staging_00,L4,3,13,0.8,False,False,False,nan,nan,nan
v3_sc2_staging_00,L4,3,14,0.8,False,False,False,nan,nan,nan
v3_sc2_staging_00,L4,3,15,0.8,False,False,False,nan,nan,nan
v3_sc2_staging_00,L4,3,16,0.8,False,False,False,nan,nan,nan
v3_sc2_staging_00,L4,3,17,0.8,False,False,False,nan,nan,nan
v3_sc2_staging_00,L4,3,18,0.8,False,False,False,nan,nan,nan
v3_sc2_staging_00,L4,3,19,0.8,False,False,False,nan,nan,nan
v3_sc2_staging_00,L4,3,0,1.0,False,False,False,nan,nan,nan
v3_sc2_staging_00,L4,3,1,1.0,False,False,False,nan,nan,nan
v3_sc2_staging_00,L4,3,2,1.0,True,False,False,3.9062445840513926,3.5224370722237532,2.6004031995854993
v3_sc2_staging_00,L4,3,3,1.0,True,False,False,3.303553390593274,2.447032405658275,1.4000000000000001
v3_sc2_staging_00,L4,3,4,1.0,False,False,False,nan,nan,nan
v3_sc2_staging_00,L4,3,5,1.0,False,False,False,nan,nan,nan
v3_sc2_staging_00,L4,3,6,1.0,False,False,False,nan,nan,nan
v3_sc2_staging_00,L4,3,7,1.0,False,False,False,nan,nan,nan
v3_sc2_staging_00,L4,3,8,1.0,True,False,False,3.016295090390225,3.6012193308819755,2.717530108639234
v3_sc2_staging_00,L4,3,9,1.0,False,False,False,nan,nan,nan
v3_sc2_staging_00,L4,3,10,1.0,False,False,False,nan,nan,nan
v3_sc2_staging_00,L4,3,11,1.0,True,False,False,4.852691193458118,2.0553864678361276,1.1224980739587953
v3_sc2_staging_00,L4,3,12,1.0,False,False,False,nan,nan,nan
v3_sc2_staging_00,L4,3,13,1.0,False,False,False,nan,nan,nan
v3_sc2_staging_00,L4,3,14,1.0,False,False,False,nan,nan,nan
v3_sc2_staging_00,L4,3,15,1.0,False,False,False,nan,nan,nan
v3_sc2_staging_00,L4,3,16,1.0,False,False,False,nan,nan,nan
v3_sc2_staging_00,L4,3,17,1.0,False,False,False,nan,nan,nan
v3_sc2_staging_00,L4,3,18,1.0,False,False,False,nan,nan,nan
v3_sc2_staging_00,L4,3,19,1.0,False,False,False,nan,nan,nan
v3_sc2_staging_00,L4,3,0,1.25,False,False,False,nan,nan,nan
v3_sc2_staging_00,L4,3,1,1.25,False,False,False,nan,nan,nan
v3_sc2_staging_00,L4,3,2,1.25,True,False,False,3.9062445840513926,3.5224370722237532,2.6004031995854993
v3_sc2_staging_00,L4,3,3,1.25,True,False,False,3.303553390593274,2.447032405658275,1.4000000000000001
v3_sc2_staging_00,L4,3,4,1.25,False,False,False,nan,nan,nan
v3_sc2_staging_00,L4,3,5,1.25,False,False,False,nan,nan,nan
v3_sc2_staging_00,L4,3,6,1.25,False,False,False,nan,nan,nan
v3_sc2_staging_00,L4,3,7,1.25,False,False,False,nan,nan,nan
v3_sc2_staging_00,L4,3,8,1.25,True,False,False,3.016295090390225,3.6012193308819755,2.717530108639234
v3_sc2_staging_00,L4,3,9,1.25,False,False,False,nan,nan,nan
v3_sc2_staging_00,L4,3,10,1.25,False,False,False,nan,nan,nan
v3_sc2_staging_00,L4,3,11,1.25,True,False,False,4.852691193458118,2.191189328159578,1.2613914953808536
v3_sc2_staging_00,L4,3,12,1.25,False,False,False,nan,nan,nan
v3_sc2_staging_00,L4,3,13,1.25,False,False,False,nan,nan,nan
v3_sc2_staging_00,L4,3,14,1.25,False,False,False,nan,nan,nan
v3_sc2_staging_00,L4,3,15,1.25,False,False,False,nan,nan,nan
v3_sc2_staging_00,L4,3,16,1.25,False,False,False,nan,nan,nan
v3_sc2_staging_00,L4,3,17,1.25,False,False,False,nan,nan,nan
v3_sc2_staging_00,L4,3,18,1.25,False,False,False,nan,nan,nan
v3_sc2_staging_00,L4,3,19,1.25,False,False,False,nan,nan,nan
v3_sc2_staging_00,L4,3,0,1.5,False,False,False,nan,nan,nan
v3_sc2_staging_00,L4,3,1,1.5,False,False,False,nan,nan,nan
v3_sc2_staging_00,L4,3,2,1.5,True,False,False,3.9062445840513926,3.5224370722237532,2.6004031995854993
v3_sc2_staging_00,L4,3,3,1.5,False,False,False,nan,nan,nan
v3_sc2_staging_00,L4,3,4,1.5,False,False,False,nan,nan,nan
v3_sc2_staging_00,L4,3,5,1.5,False,False,False,nan,nan,nan
v3_sc2_staging_00,L4,3,6,1.5,False,False,False,nan,nan,nan
v3_sc2_staging_00,L4,3,7,1.5,False,False,False,nan,nan,nan
v3_sc2_staging_00,L4,3,8,1.5,True,False,False,3.016295090390225,3.6012193308819755,2.717530108639234
v3_sc2_staging_00,L4,3,9,1.5,False,False,False,nan,nan,nan
v3_sc2_staging_00,L4,3,10,1.5,False,False,False,nan,nan,nan
v3_sc2_staging_00,L4,3,11,1.5,True,False,False,4.852691193458119,2.406888370749727,1.50124960961895
v3_sc2_staging_00,L4,3,12,1.5,False,False,False,nan,nan,nan
v3_sc2_staging_00,L4,3,13,1.5,False,False,False,nan,nan,nan
v3_sc2_staging_00,L4,3,14,1.5,False,False,False,nan,nan,nan
v3_sc2_staging_00,L4,3,15,1.5,False,False,False,nan,nan,nan
v3_sc2_staging_00,L4,3,16,1.5,False,False,False,nan,nan,nan
v3_sc2_staging_00,L4,3,17,1.5,False,False,False,nan,nan,nan
v3_sc2_staging_00,L4,3,18,1.5,False,False,False,nan,nan,nan
v3_sc2_staging_00,L4,3,19,1.5,False,False,False,nan,nan,nan
v3_sc2_staging_00,L4,3,0,2.0,False,False,False,nan,nan,nan
v3_sc2_staging_00,L4,3,1,2.0,False,False,False,nan,nan,nan
v3_sc2_staging_00,L4,3,2,2.0,True,False,False,3.9062445840513926,3.5224370722237532,2.6004031995854993
v3_sc2_staging_00,L4,3,3,2.0,False,False,False,nan,nan,nan
v3_sc2_staging_00,L4,3,4,2.0,False,False,False,nan,nan,nan
v3_sc2_staging_00,L4,3,5,2.0,False,False,False,nan,nan,nan
v3_sc2_staging_00,L4,3,6,2.0,False,False,False,nan,nan,nan
v3_sc2_staging_00,L4,3,7,2.0,False,False,False,nan,nan,nan
v3_sc2_staging_00,L4,3,8,2.0,True,False,False,3.016295090390225,3.6012193308819755,2.717530108639234
v3_sc2_staging_00,L4,3,9,2.0,False,False,False,nan,nan,nan
v3_sc2_staging_00,L4,3,10,2.0,False,False,False,nan,nan,nan
v3_sc2_staging_00,L4,3,11,2.0,True,False,False,5.118376618407358,2.894112549695428,2.0004999500099974
v3_sc2_staging_00,L4,3,12,2.0,False,False,False,nan,nan,nan
v3_sc2_staging_00,L4,3,13,2.0,False,False,False,nan,nan,nan
v3_sc2_staging_00,L4,3,14,2.0,False,False,False,nan,nan,nan
v3_sc2_staging_00,L4,3,15,2.0,False,False,False,nan,nan,nan
v3_sc2_staging_00,L4,3,16,2.0,False,False,False,nan,nan,nan
v3_sc2_staging_00,L4,3,17,2.0,False,False,False,nan,nan,nan
v3_sc2_staging_00,L4,3,18,2.0,False,False,False,nan,nan,nan
v3_sc2_staging_00,L4,3,19,2.0,False,False,False,nan,nan,nan
v3_sc2_staging_00,L4,4,0,0.0,False,False,False,nan,nan,nan
v3_sc2_staging_00,L4,4,1,0.0,False,False,False,nan,nan,nan
v3_sc2_staging_00,L4,4,2,0.0,True,False,False,4.149137802864845,3.90028408173836,2.473213749463701
v3_sc2_staging_00,L4,4,3,0.0,False,False,False,nan,nan,nan
v3_sc2_staging_00,L4,4,4,0.0,False,False,False,nan,nan,nan
v3_sc2_staging_00,L4,4,5,0.0,True,False,False,4.3227922061357855,4.180277769534625,1.7940139493908922
v3_sc2_staging_00,L4,4,6,0.0,False,False,False,nan,nan,nan
v3_sc2_staging_00,L4,4,7,0.0,False,False,False,nan,nan,nan
v3_sc2_staging_00,L4,4,8,0.0,False,False,False,nan,nan,nan
v3_sc2_staging_00,L4,4,9,0.0,False,False,False,nan,nan,nan
v3_sc2_staging_00,L4,4,10,0.0,True,False,False,3.1656854249492383,3.210795063055895,3.2165171868296265
v3_sc2_staging_00,L4,4,11,0.0,False,False,False,nan,nan,nan
v3_sc2_staging_00,L4,4,12,0.0,False,False,False,nan,nan,nan
v3_sc2_staging_00,L4,4,13,0.0,True,False,False,4.024264068711928,4.452019789944302,1.2219175357722563
v3_sc2_staging_00,L4,4,14,0.0,False,False,False,nan,nan,nan
v3_sc2_staging_00,L4,4,15,0.0,False,False,False,nan,nan,nan
v3_sc2_staging_00,L4,4,16,0.0,False,False,False,nan,nan,nan
v3_sc2_staging_00,L4,4,17,0.0,False,False,False,nan,nan,nan
v3_sc2_staging_00,L4,4,18,0.0,False,False,False,nan,nan,nan
v3_sc2_staging_00,L4,4,19,0.0,False,False,False,nan,nan,nan
v3_sc2_staging_00,L4,4,0,0.1,False,False,False,nan,nan,nan
v3_sc2_staging_00,L4,4,1,0.1,False,False,False,nan,nan,nan
v3_sc2_staging_00,L4,4,2,0.1,True,False,False,4.149137802864845,3.90028408173836,2.473213749463701
v3_sc2_staging_00,L4,4,3,0.1,False,False,False,nan,nan,nan
v3_sc2_staging_00,L4,4,4,0.1,False,False,False,nan,nan,nan
v3_sc2_staging_00,L4,4,5,0.1,True,False,False,4.3227922061357855,4.180277769534625,1.7940139493908922
v3_sc2_staging_00,L4,4,6,0.1,False,False,False,nan,nan,nan
v3_sc2_staging_00,L4,4,7,0.1,False,False,False,nan,nan,nan
v3_sc2_staging_00,L4,4,8,0.1,False,False,False,nan,nan,nan
v3_sc2_staging_00,L4,4,9,0.1,False,False,False,nan,nan,nan
v3_sc2_staging_00,L4,4,10,0.1,True,False,False,3.1656854249492383,3.210795063055895,3.2165171868296265
v3_sc2_staging_00,L4,4,11,0.1,False,False,False,nan,nan,nan
v3_sc2_staging_00,L4,4,12,0.1,False,False,False,nan,nan,nan
v3_sc2_staging_00,L4,4,13,0.1,True,False,False,4.024264068711928,4.452019789944302,1.2219175357722563
v3_sc2_staging_00,L4,4,14,0.1,False,False,False,nan,nan,nan
v3_sc2_staging_00,L4,4,15,0.1,False,False,False,nan,nan,nan
v3_sc2_staging_00,L4,4,16,0.1,False,False,False,nan,nan,nan
v3_sc2_staging_00,L4,4,17,0.1,False,False,False,nan,nan,nan
v3_sc2_staging_00,L4,4,18,0.1,False,False,False,nan,nan,nan
v3_sc2_staging_00,L4,4,19,0.1,False,False,False,nan,nan,nan
v3_sc2_staging_00,L4,4,0,0.2,False,False,False,nan,nan,nan
v3_sc2_staging_00,L4,4,1,0.2,False,False,False,nan,nan,nan
v3_sc2_staging_00,L4,4,2,0.2,True,False,False,4.149137802864845,3.90028408173836,2.473213749463701
v3_sc2_staging_00,L4,4,3,0.2,False,False,False,nan,nan,nan
v3_sc2_staging_00,L4,4,4,0.2,False,False,False,nan,nan,nan
v3_sc2_staging_00,L4,4,5,0.2,True,False,False,4.3227922061357855,4.180277769534625,1.7940139493908922
v3_sc2_staging_00,L4,4,6,0.2,False,False,False,nan,nan,nan
v3_sc2_staging_00,L4,4,7,0.2,False,False,False,nan,nan,nan
v3_sc2_staging_00,L4,4,8,0.2,False,False,False,nan,nan,nan
v3_sc2_staging_00,L4,4,9,0.2,False,False,False,nan,nan,nan
v3_sc2_staging_00,L4,4,10,0.2,True,False,False,3.1656854249492383,3.210795063055895,3.2165171868296265
v3_sc2_staging_00,L4,4,11,0.2,False,False,False,nan,nan,nan
v3_sc2_staging_00,L4,4,12,0.2,False,False,False,nan,nan,nan
v3_sc2_staging_00,L4,4,13,0.2,True,False,False,4.024264068711928,4.452019789944302,1.2219175357722563
v3_sc2_staging_00,L4,4,14,0.2,False,False,False,nan,nan,nan
v3_sc2_staging_00,L4,4,15,0.2,False,False,False,nan,nan,nan
v3_sc2_staging_00,L4,4,16,0.2,False,False,False,nan,nan,nan
v3_sc2_staging_00,L4,4,17,0.2,False,False,False,nan,nan,nan
v3_sc2_staging_00,L4,4,18,0.2,False,False,False,nan,nan,nan
v3_sc2_staging_00,L4,4,19,0.2,False,False,False,nan,nan,nan
v3_sc2_staging_00,L4,4,0,0.3,False,False,False,nan,nan,nan
v3_sc2_staging_00,L4,4,1,0.3,False,False,False,nan,nan,nan
v3_sc2_staging_00,L4,4,2,0.3,True,False,False,4.149137802864845,3.90028408173836,2.473213749463701
v3_sc2_staging_00,L4,4,3,0.3,False,False,False,nan,nan,nan
v3_sc2_staging_00,L4,4,4,0.3,False,False,False,nan,nan,nan
v3_sc2_staging_00,L4,4,5,0.3,True,False,False,4.3227922061357855,4.180277769534625,1.7940139493908922
v3_sc2_staging_00,L4,4,6,0.3,False,False,False,nan,nan,nan
v3_sc2_staging_00,L4,4,7,0.3,False,False,False,nan,nan,nan
v3_sc2_staging_00,L4,4,8,0.3,False,False,False,nan,nan,nan
v3_sc2_staging_00,L4,4,9,0.3,False,False,False,nan,nan,nan
v3_sc2_staging_00,L4,4,10,0.3,True,False,False,3.1656854249492383,3.210795063055895,3.2165171868296265
v3_sc2_staging_00,L4,4,11,0.3,False,False,False,nan,nan,nan
v3_sc2_staging_00,L4,4,12,0.3,False,False,False,nan,nan,nan
v3_sc2_staging_00,L4,4,13,0.3,True,False,False,4.024264068711928,4.452019789944302,1.2219175357722563
v3_sc2_staging_00,L4,4,14,0.3,False,False,False,nan,nan,nan
v3_sc2_staging_00,L4,4,15,0.3,False,False,False,nan,nan,nan
v3_sc2_staging_00,L4,4,16,0.3,False,False,False,nan,nan,nan
v3_sc2_staging_00,L4,4,17,0.3,False,False,False,nan,nan,nan
v3_sc2_staging_00,L4,4,18,0.3,False,False,False,nan,nan,nan
v3_sc2_staging_00,L4,4,19,0.3,False,False,False,nan,nan,nan
v3_sc2_staging_00,L4,4,0,0.4,False,False,False,nan,nan,nan
v3_sc2_staging_00,L4,4,1,0.4,False,False,False,nan,nan,nan
v3_sc2_staging_00,L4,4,2,0.4,True,False,False,4.149137802864845,3.90028408173836,2.473213749463701
v3_sc2_staging_00,L4,4,3,0.4,False,False,False,nan,nan,nan
v3_sc2_staging_00,L4,4,4,0.4,False,False,False,nan,nan,nan
v3_sc2_staging_00,L4,4,5,0.4,True,False,False,4.3227922061357855,4.180277769534625,1.7940139493908922
v3_sc2_staging_00,L4,4,6,0.4,False,False,False,nan,nan,nan
v3_sc2_staging_00,L4,4,7,0.4,False,False,False,nan,nan,nan
v3_sc2_staging_00,L4,4,8,0.4,False,False,False,nan,nan,nan
v3_sc2_staging_00,L4,4,9,0.4,False,False,False,nan,nan,nan
v3_sc2_staging_00,L4,4,10,0.4,True,False,False,3.1656854249492383,3.210795063055895,3.2165171868296265
v3_sc2_staging_00,L4,4,11,0.4,False,False,False,nan,nan,nan
v3_sc2_staging_00,L4,4,12,0.4,False,False,False,nan,nan,nan
v3_sc2_staging_00,L4,4,13,0.4,True,False,False,4.024264068711928,4.452019789944302,1.2219175357722563
v3_sc2_staging_00,L4,4,14,0.4,False,False,False,nan,nan,nan
v3_sc2_staging_00,L4,4,15,0.4,False,False,False,nan,nan,nan
v3_sc2_staging_00,L4,4,16,0.4,False,False,False,nan,nan,nan
v3_sc2_staging_00,L4,4,17,0.4,False,False,False,nan,nan,nan
v3_sc2_staging_00,L4,4,18,0.4,False,False,False,nan,nan,nan
v3_sc2_staging_00,L4,4,19,0.4,False,False,False,nan,nan,nan
v3_sc2_staging_00,L4,4,0,0.5,False,False,False,nan,nan,nan
v3_sc2_staging_00,L4,4,1,0.5,False,False,False,nan,nan,nan
v3_sc2_staging_00,L4,4,2,0.5,True,False,False,4.149137802864845,3.90028408173836,2.473213749463701
v3_sc2_staging_00,L4,4,3,0.5,False,False,False,nan,nan,nan
v3_sc2_staging_00,L4,4,4,0.5,False,False,False,nan,nan,nan
v3_sc2_staging_00,L4,4,5,0.5,True,False,False,4.3227922061357855,4.180277769534625,1.7940139493908922
v3_sc2_staging_00,L4,4,6,0.5,False,False,False,nan,nan,nan
v3_sc2_staging_00,L4,4,7,0.5,False,False,False,nan,nan,nan
v3_sc2_staging_00,L4,4,8,0.5,False,False,False,nan,nan,nan
v3_sc2_staging_00,L4,4,9,0.5,False,False,False,nan,nan,nan
v3_sc2_staging_00,L4,4,10,0.5,True,False,False,3.1656854249492383,3.210795063055895,3.2165171868296265
v3_sc2_staging_00,L4,4,11,0.5,False,False,False,nan,nan,nan
v3_sc2_staging_00,L4,4,12,0.5,False,False,False,nan,nan,nan
v3_sc2_staging_00,L4,4,13,0.5,True,False,False,4.024264068711928,4.452019789944302,1.2219175357722563
v3_sc2_staging_00,L4,4,14,0.5,False,False,False,nan,nan,nan
v3_sc2_staging_00,L4,4,15,0.5,False,False,False,nan,nan,nan
v3_sc2_staging_00,L4,4,16,0.5,False,False,False,nan,nan,nan
v3_sc2_staging_00,L4,4,17,0.5,False,False,False,nan,nan,nan
v3_sc2_staging_00,L4,4,18,0.5,False,False,False,nan,nan,nan
v3_sc2_staging_00,L4,4,19,0.5,False,False,False,nan,nan,nan
v3_sc2_staging_00,L4,4,0,0.6,False,False,False,nan,nan,nan
v3_sc2_staging_00,L4,4,1,0.6,False,False,False,nan,nan,nan
v3_sc2_staging_00,L4,4,2,0.6,True,False,False,4.149137802864845,3.90028408173836,2.473213749463701
v3_sc2_staging_00,L4,4,3,0.6,False,False,False,nan,nan,nan
v3_sc2_staging_00,L4,4,4,0.6,False,False,False,nan,nan,nan
v3_sc2_staging_00,L4,4,5,0.6,True,False,False,4.3227922061357855,4.180277769534625,1.7940139493908922
v3_sc2_staging_00,L4,4,6,0.6,False,False,False,nan,nan,nan
v3_sc2_staging_00,L4,4,7,0.6,False,False,False,nan,nan,nan
v3_sc2_staging_00,L4,4,8,0.6,False,False,False,nan,nan,nan
v3_sc2_staging_00,L4,4,9,0.6,False,False,False,nan,nan,nan
v3_sc2_staging_00,L4,4,10,0.6,True,False,False,3.1656854249492383,3.210795063055895,3.2165171868296265
v3_sc2_staging_00,L4,4,11,0.6,False,False,False,nan,nan,nan
v3_sc2_staging_00,L4,4,12,0.6,False,False,False,nan,nan,nan
v3_sc2_staging_00,L4,4,13,0.6,True,False,False,4.024264068711928,4.452019789944302,1.2219175357722563
v3_sc2_staging_00,L4,4,14,0.6,False,False,False,nan,nan,nan
v3_sc2_staging_00,L4,4,15,0.6,False,False,False,nan,nan,nan
v3_sc2_staging_00,L4,4,16,0.6,False,False,False,nan,nan,nan
v3_sc2_staging_00,L4,4,17,0.6,False,False,False,nan,nan,nan
v3_sc2_staging_00,L4,4,18,0.6,False,False,False,nan,nan,nan
v3_sc2_staging_00,L4,4,19,0.6,False,False,False,nan,nan,nan
v3_sc2_staging_00,L4,4,0,0.8,False,False,False,nan,nan,nan
v3_sc2_staging_00,L4,4,1,0.8,False,False,False,nan,nan,nan
v3_sc2_staging_00,L4,4,2,0.8,True,False,False,4.149137802864845,3.90028408173836,2.473213749463701
v3_sc2_staging_00,L4,4,3,0.8,False,False,False,nan,nan,nan
v3_sc2_staging_00,L4,4,4,0.8,False,False,False,nan,nan,nan
v3_sc2_staging_00,L4,4,5,0.8,True,False,False,4.3227922061357855,4.180277769534625,1.7940139493908922
v3_sc2_staging_00,L4,4,6,0.8,False,False,False,nan,nan,nan
v3_sc2_staging_00,L4,4,7,0.8,False,False,False,nan,nan,nan
v3_sc2_staging_00,L4,4,8,0.8,False,False,False,nan,nan,nan
v3_sc2_staging_00,L4,4,9,0.8,False,False,False,nan,nan,nan
v3_sc2_staging_00,L4,4,10,0.8,True,False,False,3.1656854249492383,3.210795063055895,3.2165171868296265
v3_sc2_staging_00,L4,4,11,0.8,False,False,False,nan,nan,nan
v3_sc2_staging_00,L4,4,12,0.8,False,False,False,nan,nan,nan
v3_sc2_staging_00,L4,4,13,0.8,True,False,False,4.024264068711928,4.452019789944302,1.2219175357722563
v3_sc2_staging_00,L4,4,14,0.8,False,False,False,nan,nan,nan
v3_sc2_staging_00,L4,4,15,0.8,False,False,False,nan,nan,nan
v3_sc2_staging_00,L4,4,16,0.8,False,False,False,nan,nan,nan
v3_sc2_staging_00,L4,4,17,0.8,False,False,False,nan,nan,nan
v3_sc2_staging_00,L4,4,18,0.8,False,False,False,nan,nan,nan
v3_sc2_staging_00,L4,4,19,0.8,False,False,False,nan,nan,nan
v3_sc2_staging_00,L4,4,0,1.0,False,False,False,nan,nan,nan
v3_sc2_staging_00,L4,4,1,1.0,False,False,False,nan,nan,nan
v3_sc2_staging_00,L4,4,2,1.0,True,False,False,4.149137802864845,3.90028408173836,2.473213749463701
v3_sc2_staging_00,L4,4,3,1.0,False,False,False,nan,nan,nan
v3_sc2_staging_00,L4,4,4,1.0,False,False,False,nan,nan,nan
v3_sc2_staging_00,L4,4,5,1.0,True,False,False,4.3227922061357855,4.180277769534625,1.7940139493908922
v3_sc2_staging_00,L4,4,6,1.0,False,False,False,nan,nan,nan
v3_sc2_staging_00,L4,4,7,1.0,False,False,False,nan,nan,nan
v3_sc2_staging_00,L4,4,8,1.0,False,False,False,nan,nan,nan
v3_sc2_staging_00,L4,4,9,1.0,False,False,False,nan,nan,nan
v3_sc2_staging_00,L4,4,10,1.0,True,False,False,3.1656854249492383,3.210795063055895,3.2165171868296265
v3_sc2_staging_00,L4,4,11,1.0,False,False,False,nan,nan,nan
v3_sc2_staging_00,L4,4,12,1.0,False,False,False,nan,nan,nan
v3_sc2_staging_00,L4,4,13,1.0,True,False,False,4.024264068711928,4.452019789944302,1.2219175357722563
v3_sc2_staging_00,L4,4,14,1.0,False,False,False,nan,nan,nan
v3_sc2_staging_00,L4,4,15,1.0,False,False,False,nan,nan,nan
v3_sc2_staging_00,L4,4,16,1.0,False,False,False,nan,nan,nan
v3_sc2_staging_00,L4,4,17,1.0,False,False,False,nan,nan,nan
v3_sc2_staging_00,L4,4,18,1.0,False,False,False,nan,nan,nan
v3_sc2_staging_00,L4,4,19,1.0,False,False,False,nan,nan,nan
v3_sc2_staging_00,L4,4,0,1.25,False,False,False,nan,nan,nan
v3_sc2_staging_00,L4,4,1,1.25,False,False,False,nan,nan,nan
v3_sc2_staging_00,L4,4,2,1.25,True,False,False,4.149137802864845,3.90028408173836,2.473213749463701
v3_sc2_staging_00,L4,4,3,1.25,False,False,False,nan,nan,nan
v3_sc2_staging_00,L4,4,4,1.25,False,False,False,nan,nan,nan
v3_sc2_staging_00,L4,4,5,1.25,True,False,False,4.3227922061357855,4.180277769534625,1.7940139493908922
v3_sc2_staging_00,L4,4,6,1.25,False,False,False,nan,nan,nan
v3_sc2_staging_00,L4,4,7,1.25,False,False,False,nan,nan,nan
v3_sc2_staging_00,L4,4,8,1.25,False,False,False,nan,nan,nan
v3_sc2_staging_00,L4,4,9,1.25,False,False,False,nan,nan,nan
v3_sc2_staging_00,L4,4,10,1.25,True,False,False,3.1656854249492383,3.210795063055895,3.2165171868296265
v3_sc2_staging_00,L4,4,11,1.25,False,False,False,nan,nan,nan
v3_sc2_staging_00,L4,4,12,1.25,False,False,False,nan,nan,nan
v3_sc2_staging_00,L4,4,13,1.25,True,False,False,4.065685424949238,4.4862310415783995,1.2507141400011599
v3_sc2_staging_00,L4,4,14,1.25,False,False,False,nan,nan,nan
v3_sc2_staging_00,L4,4,15,1.25,False,False,False,nan,nan,nan
v3_sc2_staging_00,L4,4,16,1.25,False,False,False,nan,nan,nan
v3_sc2_staging_00,L4,4,17,1.25,False,False,False,nan,nan,nan
v3_sc2_staging_00,L4,4,18,1.25,False,False,False,nan,nan,nan
v3_sc2_staging_00,L4,4,19,1.25,False,False,False,nan,nan,nan
v3_sc2_staging_00,L4,4,0,1.5,False,False,False,nan,nan,nan
v3_sc2_staging_00,L4,4,1,1.5,False,False,False,nan,nan,nan
v3_sc2_staging_00,L4,4,2,1.5,True,False,False,4.149137802864845,3.90028408173836,2.473213749463701
v3_sc2_staging_00,L4,4,3,1.5,False,False,False,nan,nan,nan
v3_sc2_staging_00,L4,4,4,1.5,False,False,False,nan,nan,nan
v3_sc2_staging_00,L4,4,5,1.5,True,False,False,4.3227922061357855,4.180277769534625,1.7940139493908922
v3_sc2_staging_00,L4,4,6,1.5,False,False,False,nan,nan,nan
v3_sc2_staging_00,L4,4,7,1.5,False,False,False,nan,nan,nan
v3_sc2_staging_00,L4,4,8,1.5,False,False,False,nan,nan,nan
v3_sc2_staging_00,L4,4,9,1.5,False,False,False,nan,nan,nan
v3_sc2_staging_00,L4,4,10,1.5,True,False,False,3.1656854249492383,3.210795063055895,3.2165171868296265
v3_sc2_staging_00,L4,4,11,1.5,False,False,False,nan,nan,nan
v3_sc2_staging_00,L4,4,12,1.5,False,False,False,nan,nan,nan
v3_sc2_staging_00,L4,4,13,1.5,False,False,False,nan,nan,nan
v3_sc2_staging_00,L4,4,14,1.5,False,False,False,nan,nan,nan
v3_sc2_staging_00,L4,4,15,1.5,False,False,False,nan,nan,nan
v3_sc2_staging_00,L4,4,16,1.5,False,False,False,nan,nan,nan
v3_sc2_staging_00,L4,4,17,1.5,False,False,False,nan,nan,nan
v3_sc2_staging_00,L4,4,18,1.5,False,False,False,nan,nan,nan
v3_sc2_staging_00,L4,4,19,1.5,False,False,False,nan,nan,nan
v3_sc2_staging_00,L4,4,0,2.0,False,False,False,nan,nan,nan
v3_sc2_staging_00,L4,4,1,2.0,False,False,False,nan,nan,nan
v3_sc2_staging_00,L4,4,2,2.0,True,False,False,4.149137802864845,3.90028408173836,2.473213749463701
v3_sc2_staging_00,L4,4,3,2.0,False,False,False,nan,nan,nan
v3_sc2_staging_00,L4,4,4,2.0,False,False,False,nan,nan,nan
v3_sc2_staging_00,L4,4,5,2.0,True,False,False,4.34350288425444,4.0024993059410905,2.010975905897944
v3_sc2_staging_00,L4,4,6,2.0,False,False,False,nan,nan,nan
v3_sc2_staging_00,L4,4,7,2.0,False,False,False,nan,nan,nan
v3_sc2_staging_00,L4,4,8,2.0,False,False,False,nan,nan,nan
v3_sc2_staging_00,L4,4,9,2.0,False,False,False,nan,nan,nan
v3_sc2_staging_00,L4,4,10,2.0,True,False,False,3.1656854249492383,3.210795063055895,3.2165171868296265
v3_sc2_staging_00,L4,4,11,2.0,False,False,False,nan,nan,nan
v3_sc2_staging_00,L4,4,12,2.0,False,False,False,nan,nan,nan
v3_sc2_staging_00,L4,4,13,2.0,False,False,False,nan,nan,nan
v3_sc2_staging_00,L4,4,14,2.0,False,False,False,nan,nan,nan
v3_sc2_staging_00,L4,4,15,2.0,False,False,False,nan,nan,nan
v3_sc2_staging_00,L4,4,16,2.0,False,False,False,nan,nan,nan
v3_sc2_staging_00,L4,4,17,2.0,False,False,False,nan,nan,nan
v3_sc2_staging_00,L4,4,18,2.0,False,False,False,nan,nan,nan
v3_sc2_staging_00,L4,4,19,2.0,False,False,False,nan,nan,nan
