scene,level,seed,task,arm,abstained,classes_fell_back,planned,violation,collision,reached,length,success,oracle_length
v3_sc2_staging_00,L0,0,0,uncalibrated,False,0,True,False,False,True,7.2884776310850246,True,7.2884776310850246
v3_sc2_staging_00,L0,0,0,label_cell,False,0,False,False,False,False,nan,False,7.2884776310850246
v3_sc2_staging_00,L0,0,0,label_only,False,0,False,False,False,False,nan,False,7.2884776310850246
v3_sc2_staging_00,L0,0,0,pose_only,False,0,True,False,False,True,7.2884776310850246,True,7.2884776310850246
v3_sc2_staging_00,L0,0,0,separate,False,0,False,False,False,False,nan,False,7.2884776310850246
v3_sc2_staging_00,L0,0,0,joint,False,0,False,False,False,False,nan,False,7.2884776310850246
v3_sc2_staging_00,L0,0,0,oracle,False,0,True,False,False,True,7.2884776310850246,True,7.2884776310850246
v3_sc2_staging_00,L0,0,1,uncalibrated,False,0,True,False,False,True,8.174873734152916,True,8.174873734152916
v3_sc2_staging_00,L0,0,1,label_cell,False,0,True,False,False,True,8.262741699796953,True,8.174873734152916
v3_sc2_staging_00,L0,0,1,label_only,False,0,False,False,False,False,nan,False,8.174873734152916
v3_sc2_staging_00,L0,0,1,pose_only,False,0,True,False,False,True,8.174873734152916,True,8.174873734152916
v3_sc2_staging_00,L0,0,1,separate,False,0,False,False,False,False,nan,False,8.174873734152916
v3_sc2_staging_00,L0,0,1,joint,False,0,False,False,False,False,nan,False,8.174873734152916
v3_sc2_staging_00,L0,0,1,oracle,False,0,True,False,False,True,8.174873734152916,True,8.174873734152916
v3_sc2_staging_00,L0,0,2,uncalibrated,False,0,True,False,False,True,3.9562445840513925,True,3.9562445840513925
v3_sc2_staging_00,L0,0,2,label_cell,False,0,True,False,False,True,3.9562445840513925,True,3.9562445840513925
v3_sc2_staging_00,L0,0,2,label_only,False,0,True,False,False,True,3.9562445840513925,True,3.9562445840513925
v3_sc2_staging_00,L0,0,2,pose_only,False,0,True,False,False,True,3.9562445840513925,True,3.9562445840513925
v3_sc2_staging_00,L0,0,2,separate,False,0,True,False,False,True,3.9562445840513925,True,3.9562445840513925
v3_sc2_staging_00,L0,0,2,joint,False,0,True,False,False,True,3.9562445840513925,True,3.9562445840513925
v3_sc2_staging_00,L0,0,2,oracle,False,0,True,False,False,True,3.9562445840513925,True,3.9562445840513925
v3_sc2_staging_00,L0,0,3,uncalibrated,False,0,True,False,False,True,3.3242640687119294,True,3.3242640687119294
v3_sc2_staging_00,L0,0,3,label_cell,False,0,True,False,False,True,3.3242640687119294,True,3.3242640687119294
v3_sc2_staging_00,L0,0,3,label_only,False,0,True,False,False,True,3.3242640687119294,True,3.3242640687119294
v3_sc2_staging_00,L0,0,3,pose_only,False,0,True,False,False,True,3.3242640687119294,True,3.3242640687119294
v3_sc2_staging_00,L0,0,3,separate,False,0,True,False,False,True,3.3242640687119294,True,3.3242640687119294
v3_sc2_staging_00,L0,0,3,joint,False,0,True,False,False,True,3.3242640687119294,True,3.3242640687119294
v3_sc2_staging_00,L0,0,3,oracle,False,0,True,False,False,True,3.3242640687119294,True,3.3242640687119294
v3_sc2_staging_00,L0,0,4,uncalibrated,False,0,True,False,False,True,5.850609665440988,True,5.850609665440988
v3_sc2_staging_00,L0,0,4,label_cell,False,0,False,False,False,False,nan,False,5.850609665440988
v3_sc2_staging_00,L0,0,4,label_only,False,0,False,False,False,False,nan,False,5.850609665440988
v3_sc2_staging_00,L0,0,4,pose_only,False,0,True,False,False,True,5.850609665440988,True,5.850609665440988
v3_sc2_staging_00,L0,0,4,separate,False,0,False,False,False,False,nan,False,5.850609665440988
v3_sc2_staging_00,L0,0,4,joint,False,0,False,False,False,False,nan,False,5.850609665440988
v3_sc2_staging_00,L0,0,4,oracle,False,0,True,False,False,True,5.850609665440988,True,5.850609665440988
v3_sc2_staging_00,L0,0,5,uncalibrated,False,0,True,False,False,True,4.153553390593274,True,4.153553390593274
v3_sc2_staging_00,L0,0,5,label_cell,False,0,True,False,False,True,4.153553390593274,True,4.153553390593274
v3_sc2_staging_00,L0,0,5,label_only,False,0,True,False,False,True,4.153553390593274,True,4.153553390593274
v3_sc2_staging_00,L0,0,5,pose_only,False,0,True,False,False,True,4.153553390593274,True,4.153553390593274
v3_sc2_staging_00,L0,0,5,separate,False,0,True,False,False,True,4.153553390593274,True,4.153553390593274
v3_sc2_staging_00,L0,0,5,joint,False,0,True,False,False,True,4.153553390593274,True,4.153553390593274
v3_sc2_staging_00,L0,0,5,oracle,False,0,True,False,False,True,4.153553390593274,True,4.153553390593274
v3_sc2_staging_00,L0,0,6,uncalibrated,False,0,True,False,False,True,7.156244584051395,True,7.156244584051395
v3_sc2_staging_00,L0,0,6,label_cell,False,0,False,False,False,False,nan,False,7.156244584051395
v3_sc2_staging_00,L0,0,6,label_only,False,0,False,False,False,False,nan,False,7.156244584051395
v3_sc2_staging_00,L0,0,6,pose_only,False,0,True,False,False,True,7.156244584051395,True,7.156244584051395
v3_sc2_staging_00,L0,0,6,separate,False,0,False,False,False,False,nan,False,7.156244584051395
v3_sc2_staging_00,L0,0,6,joint,False,0,False,False,False,False,nan,False,7.156244584051395
v3_sc2_staging_00,L0,0,6,oracle,False,0,True,False,False,True,7.156244584051395,True,7.156244584051395
v3_sc2_staging_00,L0,0,7,uncalibrated,False,0,True,False,False,True,7.524873734152917,True,7.524873734152917
v3_sc2_staging_00,L0,0,7,label_cell,False,0,False,False,False,False,nan,False,7.524873734152917
v3_sc2_staging_00,L0,0,7,label_only,False,0,False,False,False,False,nan,False,7.524873734152917
v3_sc2_staging_00,L0,0,7,pose_only,False,0,True,False,False,True,7.524873734152917,True,7.524873734152917
v3_sc2_staging_00,L0,0,7,separate,False,0,False,False,False,False,nan,False,7.524873734152917
v3_sc2_staging_00,L0,0,7,joint,False,0,False,False,False,False,nan,False,7.524873734152917
v3_sc2_staging_00,L0,0,7,oracle,False,0,True,False,False,True,7.524873734152917,True,7.524873734152917
v3_sc2_staging_00,L0,0,8,uncalibrated,False,0,True,False,False,True,3.0370057685088803,True,3.0370057685088803
v3_sc2_staging_00,L0,0,8,label_cell,False,0,True,False,False,True,3.0370057685088803,True,3.0370057685088803
v3_sc2_staging_00,L0,0,8,label_only,False,0,True,False,False,True,3.0370057685088803,True,3.0370057685088803
v3_sc2_staging_00,L0,0,8,pose_only,False,0,True,False,False,True,3.0370057685088803,True,3.0370057685088803
v3_sc2_staging_00,L0,0,8,separate,False,0,True,False,False,True,3.0370057685088803,True,3.0370057685088803
v3_sc2_staging_00,L0,0,8,joint,False,0,True,False,False,True,3.0370057685088803,True,3.0370057685088803
v3_sc2_staging_00,L0,0,8,oracle,False,0,True,False,False,True,3.0370057685088803,True,3.0370057685088803
v3_sc2_staging_00,L0,0,9,uncalibrated,False,0,True,False,False,True,8.685533905932738,True,8.685533905932738
v3_sc2_staging_00,L0,0,9,label_cell,False,0,False,False,False,False,nan,False,8.685533905932738
v3_sc2_staging_00,L0,0,9,label_only,False,0,False,False,False,False,nan,False,8.685533905932738
v3_sc2_staging_00,L0,0,9,pose_only,False,0,True,False,False,True,8.685533905932738,True,8.685533905932738
v3_sc2_staging_00,L0,0,9,separate,False,0,False,False,False,False,nan,False,8.685533905932738
v3_sc2_staging_00,L0,0,9,joint,False,0,False,False,False,False,nan,False,8.685533905932738
v3_sc2_staging_00,L0,0,9,oracle,False,0,True,False,False,True,8.685533905932738,True,8.685533905932738
v3_sc2_staging_00,L0,0,10,uncalibrated,False,0,True,False,False,True,3.0500000000000003,True,3.0500000000000003
v3_sc2_staging_00,L0,0,10,label_cell,False,0,True,False,False,True,3.0500000000000003,True,3.0500000000000003
v3_sc2_staging_00,L0,0,10,label_only,False,0,True,False,False,True,3.0500000000000003,True,3.0500000000000003
v3_sc2_staging_00,L0,0,10,pose_only,False,0,True,False,False,True,3.0500000000000003,True,3.0500000000000003
v3_sc2_staging_00,L0,0,10,separate,False,0,True,False,False,True,3.0500000000000003,True,3.0500000000000003
v3_sc2_staging_00,L0,0,10,joint,False,0,True,False,False,True,3.0500000000000003,True,3.0500000000000003
v3_sc2_staging_00,L0,0,10,oracle,False,0,True,False,False,True,3.0500000000000003,True,3.0500000000000003
v3_sc2_staging_00,L0,0,11,uncalibrated,False,0,True,False,False,True,4.881980515339464,True,4.881980515339464
v3_sc2_staging_00,L0,0,11,label_cell,False,0,False,False,False,False,nan,False,4.881980515339464
v3_sc2_staging_00,L0,0,11,label_only,False,0,True,False,False,True,4.881980515339464,True,4.881980515339464
v3_sc2_staging_00,L0,0,11,pose_only,False,0,True,False,False,True,4.881980515339464,True,4.881980515339464
v3_sc2_staging_00,L0,0,11,separate,False,0,True,False,False,True,4.881980515339464,True,4.881980515339464
v3_sc2_staging_00,L0,0,11,joint,False,0,True,False,False,True,4.881980515339464,True,4.881980515339464
v3_sc2_staging_00,L0,0,11,oracle,False,0,True,False,False,True,4.881980515339464,True,4.881980515339464
v3_sc2_staging_00,L0,0,12,uncalibrated,False,0,True,False,False,True,8.531980515339464,True,8.531980515339464
v3_sc2_staging_00,L0,0,12,label_cell,False,0,True,False,False,True,8.531980515339464,True,8.531980515339464
v3_sc2_staging_00,L0,0,12,label_only,False,0,False,False,False,False,nan,False,8.531980515339464
v3_sc2_staging_00,L0,0,12,pose_only,False,0,True,False,False,True,8.531980515339464,True,8.531980515339464
v3_sc2_staging_00,L0,0,12,separate,False,0,False,False,False,False,nan,False,8.531980515339464
v3_sc2_staging_00,L0,0,12,joint,False,0,False,False,False,False,nan,False,8.531980515339464
v3_sc2_staging_00,L0,0,12,oracle,False,0,True,False,False,True,8.531980515339464,True,8.531980515339464
v3_sc2_staging_00,L0,0,13,uncalibrated,False,0,True,False,False,True,3.9207106781186547,True,3.9207106781186547
v3_sc2_staging_00,L0,0,13,label_cell,False,0,True,False,False,True,3.9207106781186547,True,3.9207106781186547
v3_sc2_staging_00,L0,0,13,label_only,False,0,True,False,False,True,3.9207106781186547,True,3.9207106781186547
v3_sc2_staging_00,L0,0,13,pose_only,False,0,True,False,False,True,3.9207106781186547,True,3.9207106781186547
v3_sc2_staging_00,L0,0,13,separate,False,0,True,False,False,True,3.9207106781186547,True,3.9207106781186547
v3_sc2_staging_00,L0,0,13,joint,False,0,True,False,False,True,3.9207106781186547,True,3.9207106781186547
v3_sc2_staging_00,L0,0,13,oracle,False,0,True,False,False,True,3.9207106781186547,True,3.9207106781186547
v3_sc2_staging_00,L0,0,14,uncalibrated,False,0,True,False,False,True,7.169848480983504,True,7.169848480983504
v3_sc2_staging_00,L0,0,14,label_cell,False,0,False,False,False,False,nan,False,7.169848480983504
v3_sc2_staging_00,L0,0,14,label_only,False,0,False,False,False,False,nan,False,7.169848480983504
v3_sc2_staging_00,L0,0,14,pose_only,False,0,True,False,False,True,7.169848480983504,True,7.169848480983504
v3_sc2_staging_00,L0,0,14,separate,False,0,False,False,False,False,nan,False,7.169848480983504
v3_sc2_staging_00,L0,0,14,joint,False,0,False,False,False,False,nan,False,7.169848480983504
v3_sc2_staging_00,L0,0,14,oracle,False,0,True,False,False,True,7.169848480983504,True,7.169848480983504
v3_sc2_staging_00,L0,0,15,uncalibrated,False,0,True,False,False,True,9.529898987322332,True,9.529898987322332
v3_sc2_staging_00,L0,0,15,label_cell,False,0,True,False,False,True,9.529898987322332,True,9.529898987322332
v3_sc2_staging_00,L0,0,15,label_only,False,0,False,False,False,False,nan,False,9.529898987322332
v3_sc2_staging_00,L0,0,15,pose_only,False,0,True,False,False,True,9.529898987322332,True,9.529898987322332
v3_sc2_staging_00,L0,0,15,separate,False,0,False,False,False,False,nan,False,9.529898987322332
v3_sc2_staging_00,L0,0,15,joint,False,0,False,False,False,False,nan,False,9.529898987322332
v3_sc2_staging_00,L0,0,15,oracle,False,0,True,False,False,True,9.529898987322332,True,9.529898987322332
v3_sc2_staging_00,L0,0,16,uncalibrated,False,0,True,False,False,True,7.279898987322333,True,7.279898987322333
v3_sc2_staging_00,L0,0,16,label_cell,False,0,True,False,False,True,7.279898987322333,True,7.279898987322333
v3_sc2_staging_00,L0,0,16,label_only,False,0,False,False,False,False,nan,False,7.279898987322333
v3_sc2_staging_00,L0,0,16,pose_only,False,0,True,False,False,True,7.279898987322333,True,7.279898987322333
v3_sc2_staging_00,L0,0,16,separate,False,0,False,False,False,False,nan,False,7.279898987322333
v3_sc2_staging_00,L0,0,16,joint,False,0,False,False,False,False,nan,False,7.279898987322333
v3_sc2_staging_00,L0,0,16,oracle,False,0,True,False,False,True,7.279898987322333,True,7.279898987322333
v3_sc2_staging_00,L0,0,17,uncalibrated,False,0,True,False,False,True,8.0476659402887,True,8.0476659402887
v3_sc2_staging_00,L0,0,17,label_cell,False,0,False,False,False,False,nan,False,8.0476659402887
v3_sc2_staging_00,L0,0,17,label_only,False,0,False,False,False,False,nan,False,8.0476659402887
v3_sc2_staging_00,L0,0,17,pose_only,False,0,True,False,False,True,8.0476659402887,True,8.0476659402887
v3_sc2_staging_00,L0,0,17,separate,False,0,False,False,False,False,nan,False,8.0476659402887
v3_sc2_staging_00,L0,0,17,joint,False,0,False,False,False,False,nan,False,8.0476659402887
v3_sc2_staging_00,L0,0,17,oracle,False,0,True,False,False,True,8.0476659402887,True,8.0476659402887
v3_sc2_staging_00,L0,0,18,uncalibrated,False,0,True,False,False,True,4.314213562373095,True,4.314213562373095
v3_sc2_staging_00,L0,0,18,label_cell,False,0,False,False,False,False,nan,False,4.314213562373095
v3_sc2_staging_00,L0,0,18,label_only,False,0,False,False,False,False,nan,False,4.314213562373095
v3_sc2_staging_00,L0,0,18,pose_only,False,0,True,False,False,True,4.314213562373095,True,4.314213562373095
v3_sc2_staging_00,L0,0,18,separate,False,0,False,False,False,False,nan,False,4.314213562373095
v3_sc2_staging_00,L0,0,18,joint,False,0,False,False,False,False,nan,False,4.314213562373095
v3_sc2_staging_00,L0,0,18,oracle,False,0,True,False,False,True,4.314213562373095,True,4.314213562373095
v3_sc2_staging_00,L0,0,19,uncalibrated,False,0,True,False,False,True,5.392031021678298,True,5.392031021678298
v3_sc2_staging_00,L0,0,19,label_cell,False,0,False,False,False,False,nan,False,5.392031021678298
v3_sc2_staging_00,L0,0,19,label_only,False,0,False,False,False,False,nan,False,5.392031021678298
v3_sc2_staging_00,L0,0,19,pose_only,False,0,True,False,False,True,5.392031021678298,True,5.392031021678298
v3_sc2_staging_00,L0,0,19,separate,False,0,False,False,False,False,nan,False,5.392031021678298
v3_sc2_staging_00,L0,0,19,joint,False,0,False,False,False,False,nan,False,5.392031021678298
v3_sc2_staging_00,L0,0,19,oracle,False,0,True,False,False,True,5.392031021678298,True,5.392031021678298
v3_sc2_staging_00,L1,0,0,uncalibrated,False,0,True,False,False,True,7.2884776310850246,True,7.2884776310850246
v3_sc2_staging_00,L1,0,0,label_cell,False,0,False,False,False,False,nan,False,7.2884776310850246
v3_sc2_staging_00,L1,0,0,label_only,False,0,False,False,False,False,nan,False,7.2884776310850246
v3_sc2_staging_00,L1,0,0,pose_only,False,0,True,False,False,True,7.35918830920368,True,7.2884776310850246
v3_sc2_staging_00,L1,0,0,separate,False,0,False,False,False,False,nan,False,7.2884776310850246
v3_sc2_staging_00,L1,0,0,joint,False,0,False,False,False,False,nan,False,7.2884776310850246
v3_sc2_staging_00,L1,0,0,oracle,False,0,True,False,False,True,7.2884776310850246,True,7.2884776310850246
v3_sc2_staging_00,L1,0,1,uncalibrated,False,0,True,False,False,True,8.174873734152916,True,8.174873734152916
v3_sc2_staging_00,L1,0,1,label_cell,False,0,True,False,False,True,8.292031021678298,True,8.174873734152916
v3_sc2_staging_00,L1,0,1,label_only,False,0,False,False,False,False,nan,False,8.174873734152916
v3_sc2_staging_00,L1,0,1,pose_only,False,0,True,False,False,True,8.24558441227157,True,8.174873734152916
v3_sc2_staging_00,L1,0,1,separate,False,0,False,False,False,False,nan,False,8.174873734152916
v3_sc2_staging_00,L1,0,1,joint,False,0,False,False,False,False,nan,False,8.174873734152916
v3_sc2_staging_00,L1,0,1,oracle,False,0,True,False,False,True,8.174873734152916,True,8.174873734152916
v3_sc2_staging_00,L1,0,2,uncalibrated,False,0,True,False,False,True,3.9562445840513925,True,3.9562445840513925
v3_sc2_staging_00,L1,0,2,label_cell,False,0,True,False,False,True,3.9562445840513925,True,3.9562445840513925
v3_sc2_staging_00,L1,0,2,label_only,False,0,True,False,False,True,3.9562445840513925,True,3.9562445840513925
v3_sc2_staging_00,L1,0,2,pose_only,False,0,True,False,False,True,3.9562445840513925,True,3.9562445840513925
v3_sc2_staging_00,L1,0,2,separate,False,0,True,False,False,True,3.9562445840513925,True,3.9562445840513925
v3_sc2_staging_00,L1,0,2,joint,False,0,True,False,False,True,3.9562445840513925,True,3.9562445840513925
v3_sc2_staging_00,L1,0,2,oracle,False,0,True,False,False,True,3.9562445840513925,True,3.9562445840513925
v3_sc2_staging_00,L1,0,3,uncalibrated,False,0,True,False,False,True,3.3242640687119294,True,3.3242640687119294
v3_sc2_staging_00,L1,0,3,label_cell,False,0,True,False,False,True,3.3242640687119294,True,3.3242640687119294
v3_sc2_staging_00,L1,0,3,label_only,False,0,True,False,False,True,3.3242640687119294,True,3.3242640687119294
v3_sc2_staging_00,L1,0,3,pose_only,False,0,True,False,False,True,3.3242640687119294,True,3.3242640687119294
v3_sc2_staging_00,L1,0,3,separate,False,0,True,False,False,True,3.3242640687119294,True,3.3242640687119294
v3_sc2_staging_00,L1,0,3,joint,False,0,True,False,False,True,3.3242640687119294,True,3.3242640687119294
v3_sc2_staging_00,L1,0,3,oracle,False,0,True,False,False,True,3.3242640687119294,True,3.3242640687119294
v3_sc2_staging_00,L1,0,4,uncalibrated,False,0,True,False,False,True,5.871320343559643,True,5.871320343559643
v3_sc2_staging_00,L1,0,4,label_cell,False,0,False,False,False,False,nan,False,5.871320343559643
v3_sc2_staging_00,L1,0,4,label_only,False,0,False,False,False,False,nan,False,5.871320343559643
v3_sc2_staging_00,L1,0,4,pose_only,False,0,True,False,False,True,5.871320343559643,True,5.871320343559643
v3_sc2_staging_00,L1,0,4,separate,False,0,False,False,False,False,nan,False,5.871320343559643
v3_sc2_staging_00,L1,0,4,joint,False,0,False,False,False,False,nan,False,5.871320343559643
v3_sc2_staging_00,L1,0,4,oracle,False,0,True,False,False,True,5.871320343559643,True,5.871320343559643
v3_sc2_staging_00,L1,0,5,uncalibrated,False,0,True,False,False,True,4.153553390593274,True,4.153553390593274
v3_sc2_staging_00,L1,0,5,label_cell,False,0,True,False,False,True,4.153553390593274,True,4.153553390593274
v3_sc2_staging_00,L1,0,5,label_only,False,0,True,False,False,True,4.153553390593274,True,4.153553390593274
v3_sc2_staging_00,L1,0,5,pose_only,False,0,True,False,False,True,4.153553390593274,True,4.153553390593274
v3_sc2_staging_00,L1,0,5,separate,False,0,True,False,False,True,4.153553390593274,True,4.153553390593274
v3_sc2_staging_00,L1,0,5,joint,False,0,True,False,False,True,4.153553390593274,True,4.153553390593274
v3_sc2_staging_00,L1,0,5,oracle,False,0,True,False,False,True,4.153553390593274,True,4.153553390593274
v3_sc2_staging_00,L1,0,6,uncalibrated,False,0,True,False,False,True,7.22695526217005,True,7.22695526217005
v3_sc2_staging_00,L1,0,6,label_cell,False,0,False,False,False,False,nan,False,7.22695526217005
v3_sc2_staging_00,L1,0,6,label_only,False,0,False,False,False,False,nan,False,7.22695526217005
v3_sc2_staging_00,L1,0,6,pose_only,False,0,True,False,False,True,7.22695526217005,True,7.22695526217005
v3_sc2_staging_00,L1,0,6,separate,False,0,False,False,False,False,nan,False,7.22695526217005
v3_sc2_staging_00,L1,0,6,joint,False,0,False,False,False,False,nan,False,7.22695526217005
v3_sc2_staging_00,L1,0,6,oracle,False,0,True,False,False,True,7.22695526217005,True,7.22695526217005
v3_sc2_staging_00,L1,0,7,uncalibrated,False,0,True,False,False,True,7.524873734152917,True,7.524873734152917
v3_sc2_staging_00,L1,0,7,label_cell,False,0,False,False,False,False,nan,False,7.524873734152917
v3_sc2_staging_00,L1,0,7,label_only,False,0,False,False,False,False,nan,False,7.524873734152917
v3_sc2_staging_00,L1,0,7,pose_only,False,0,True,False,False,True,7.524873734152917,True,7.524873734152917
v3_sc2_staging_00,L1,0,7,separate,False,0,False,False,False,False,nan,False,7.524873734152917
v3_sc2_staging_00,L1,0,7,joint,False,0,False,False,False,False,nan,False,7.524873734152917
v3_sc2_staging_00,L1,0,7,oracle,False,0,True,False,False,True,7.524873734152917,True,7.524873734152917
v3_sc2_staging_00,L1,0,8,uncalibrated,False,0,True,False,False,True,3.0370057685088803,True,3.0370057685088803
v3_sc2_staging_00,L1,0,8,label_cell,False,0,True,False,False,True,3.0370057685088803,True,3.0370057685088803
v3_sc2_staging_00,L1,0,8,label_only,False,0,True,False,False,True,3.0370057685088803,True,3.0370057685088803
v3_sc2_staging_00,L1,0,8,pose_only,False,0,True,False,False,True,3.0370057685088803,True,3.0370057685088803
v3_sc2_staging_00,L1,0,8,separate,False,0,True,False,False,True,3.0370057685088803,True,3.0370057685088803
v3_sc2_staging_00,L1,0,8,joint,False,0,True,False,False,True,3.0370057685088803,True,3.0370057685088803
v3_sc2_staging_00,L1,0,8,oracle,False,0,True,False,False,True,3.0370057685088803,True,3.0370057685088803
v3_sc2_staging_00,L1,0,9,uncalibrated,False,0,True,False,False,True,8.685533905932738,True,8.685533905932738
v3_sc2_staging_00,L1,0,9,label_cell,False,0,False,False,False,False,nan,False,8.685533905932738
v3_sc2_staging_00,L1,0,9,label_only,False,0,False,False,False,False,nan,False,8.685533905932738
v3_sc2_staging_00,L1,0,9,pose_only,False,0,True,False,False,True,8.756244584051393,True,8.685533905932738
v3_sc2_staging_00,L1,0,9,separate,False,0,False,False,False,False,nan,False,8.685533905932738
v3_sc2_staging_00,L1,0,9,joint,False,0,False,False,False,False,nan,False,8.685533905932738
v3_sc2_staging_00,L1,0,9,oracle,False,0,True,False,False,True,8.685533905932738,True,8.685533905932738
v3_sc2_staging_00,L1,0,10,uncalibrated,False,0,True,False,False,True,3.0500000000000003,True,3.0500000000000003
v3_sc2_staging_00,L1,0,10,label_cell,False,0,True,False,False,True,3.0500000000000003,True,3.0500000000000003
v3_sc2_staging_00,L1,0,10,label_only,False,0,True,False,False,True,3.0500000000000003,True,3.0500000000000003
v3_sc2_staging_00,L1,0,10,pose_only,False,0,True,False,False,True,3.0500000000000003,True,3.0500000000000003
v3_sc2_staging_00,L1,0,10,separate,False,0,True,False,False,True,3.0500000000000003,True,3.0500000000000003
v3_sc2_staging_00,L1,0,10,joint,False,0,True,False,False,True,3.0500000000000003,True,3.0500000000000003
v3_sc2_staging_00,L1,0,10,oracle,False,0,True,False,False,True,3.0500000000000003,True,3.0500000000000003
v3_sc2_staging_00,L1,0,11,uncalibrated,False,0,True,False,False,True,4.881980515339464,True,4.881980515339464
v3_sc2_staging_00,L1,0,11,label_cell,False,0,False,False,False,False,nan,False,4.881980515339464
v3_sc2_staging_00,L1,0,11,label_only,False,0,True,False,False,True,4.881980515339464,True,4.881980515339464
v3_sc2_staging_00,L1,0,11,pose_only,False,0,True,False,False,True,4.881980515339464,True,4.881980515339464
v3_sc2_staging_00,L1,0,11,separate,False,0,True,False,False,True,4.881980515339464,True,4.881980515339464
v3_sc2_staging_00,L1,0,11,joint,False,0,True,False,False,True,4.881980515339464,True,4.881980515339464
v3_sc2_staging_00,L1,0,11,oracle,False,0,True,False,False,True,4.881980515339464,True,4.881980515339464
v3_sc2_staging_00,L1,0,12,uncalibrated,False,0,True,False,False,True,8.531980515339464,True,8.531980515339464
v3_sc2_staging_00,L1,0,12,label_cell,False,0,True,False,False,True,8.531980515339464,True,8.531980515339464
v3_sc2_staging_00,L1,0,12,label_only,False,0,False,False,False,False,nan,False,8.531980515339464
v3_sc2_staging_00,L1,0,12,pose_only,False,0,True,False,False,True,8.602691193458119,True,8.531980515339464
v3_sc2_staging_00,L1,0,12,separate,False,0,False,False,False,False,nan,False,8.531980515339464
v3_sc2_staging_00,L1,0,12,joint,False,0,False,False,False,False,nan,False,8.531980515339464
v3_sc2_staging_00,L1,0,12,oracle,False,0,True,False,False,True,8.531980515339464,True,8.531980515339464
v3_sc2_staging_00,L1,0,13,uncalibrated,False,0,True,False,False,True,3.9207106781186547,True,3.9207106781186547
v3_sc2_staging_00,L1,0,13,label_cell,False,0,True,False,False,True,3.9207106781186547,True,3.9207106781186547
v3_sc2_staging_00,L1,0,13,label_only,False,0,True,False,False,True,3.9207106781186547,True,3.9207106781186547
v3_sc2_staging_00,L1,0,13,pose_only,False,0,True,False,False,True,3.9207106781186547,True,3.9207106781186547
v3_sc2_staging_00,L1,0,13,separate,False,0,True,False,False,True,3.9207106781186547,True,3.9207106781186547
v3_sc2_staging_00,L1,0,13,joint,False,0,True,False,False,True,3.9207106781186547,True,3.9207106781186547
v3_sc2_staging_00,L1,0,13,oracle,False,0,True,False,False,True,3.9207106781186547,True,3.9207106781186547
v3_sc2_staging_00,L1,0,14,uncalibrated,False,0,True,False,False,True,7.169848480983504,True,7.169848480983504
v3_sc2_staging_00,L1,0,14,label_cell,False,0,False,False,False,False,nan,False,7.169848480983504
v3_sc2_staging_00,L1,0,14,label_only,False,0,False,False,False,False,nan,False,7.169848480983504
v3_sc2_staging_00,L1,0,14,pose_only,False,0,True,False,False,True,7.240559159102159,True,7.169848480983504
v3_sc2_staging_00,L1,0,14,separate,False,0,False,False,False,False,nan,False,7.169848480983504
v3_sc2_staging_00,L1,0,14,joint,False,0,False,False,False,False,nan,False,7.169848480983504
v3_sc2_staging_00,L1,0,14,oracle,False,0,True,False,False,True,7.169848480983504,True,7.169848480983504
v3_sc2_staging_00,L1,0,15,uncalibrated,False,0,True,False,False,True,9.529898987322332,True,9.529898987322332
v3_sc2_staging_00,L1,0,15,label_cell,False,0,True,False,False,True,9.529898987322332,True,9.529898987322332
v3_sc2_staging_00,L1,0,15,label_only,False,0,False,False,False,False,nan,False,9.529898987322332
v3_sc2_staging_00,L1,0,15,pose_only,False,0,True,False,False,True,9.600609665440988,True,9.529898987322332
v3_sc2_staging_00,L1,0,15,separate,False,0,False,False,False,False,nan,False,9.529898987322332
v3_sc2_staging_00,L1,0,15,joint,False,0,False,False,False,False,nan,False,9.529898987322332
v3_sc2_staging_00,L1,0,15,oracle,False,0,True,False,False,True,9.529898987322332,True,9.529898987322332
v3_sc2_staging_00,L1,0,16,uncalibrated,False,0,True,False,False,True,7.279898987322333,True,7.279898987322333
v3_sc2_staging_00,L1,0,16,label_cell,False,0,True,False,False,True,7.279898987322333,True,7.279898987322333
v3_sc2_staging_00,L1,0,16,label_only,False,0,False,False,False,False,nan,False,7.279898987322333
v3_sc2_staging_00,L1,0,16,pose_only,False,0,True,False,False,True,7.300609665440987,True,7.279898987322333
v3_sc2_staging_00,L1,0,16,separate,False,0,False,False,False,False,nan,False,7.279898987322333
v3_sc2_staging_00,L1,0,16,joint,False,0,False,False,False,False,nan,False,7.279898987322333
v3_sc2_staging_00,L1,0,16,oracle,False,0,True,False,False,True,7.279898987322333,True,7.279898987322333
v3_sc2_staging_00,L1,0,17,uncalibrated,False,0,True,False,False,True,8.0476659402887,True,8.047665940288704
v3_sc2_staging_00,L1,0,17,label_cell,False,0,False,False,False,False,nan,False,8.047665940288704
v3_sc2_staging_00,L1,0,17,label_only,False,0,False,False,False,False,nan,False,8.047665940288704
v3_sc2_staging_00,L1,0,17,pose_only,False,0,True,False,False,True,8.0476659402887,True,8.047665940288704
v3_sc2_staging_00,L1,0,17,separate,False,0,False,False,False,False,nan,False,8.047665940288704
v3_sc2_staging_00,L1,0,17,joint,False,0,False,False,False,False,nan,False,8.047665940288704
v3_sc2_staging_00,L1,0,17,oracle,False,0,True,False,False,True,8.047665940288704,True,8.047665940288704
v3_sc2_staging_00,L1,0,18,uncalibrated,False,0,True,False,False,True,4.314213562373095,True,4.314213562373095
v3_sc2_staging_00,L1,0,18,label_cell,False,0,False,False,False,False,nan,False,4.314213562373095
v3_sc2_staging_00,L1,0,18,label_only,False,0,False,False,False,False,nan,False,4.314213562373095
v3_sc2_staging_00,L1,0,18,pose_only,False,0,True,False,False,True,4.314213562373095,True,4.314213562373095
v3_sc2_staging_00,L1,0,18,separate,False,0,False,False,False,False,nan,False,4.314213562373095
v3_sc2_staging_00,L1,0,18,joint,False,0,False,False,False,False,nan,False,4.314213562373095
v3_sc2_staging_00,L1,0,18,oracle,False,0,True,False,False,True,4.314213562373095,True,4.314213562373095
v3_sc2_staging_00,L1,0,19,uncalibrated,False,0,True,False,False,True,5.433452377915607,True,5.433452377915607
v3_sc2_staging_00,L1,0,19,label_cell,False,0,False,False,False,False,nan,False,5.433452377915607
v3_sc2_staging_00,L1,0,19,label_only,False,0,False,False,False,False,nan,False,5.433452377915607
v3_sc2_staging_00,L1,0,19,pose_only,False,0,True,False,False,True,5.433452377915607,True,5.433452377915607
v3_sc2_staging_00,L1,0,19,separate,False,0,False,False,False,False,nan,False,5.433452377915607
v3_sc2_staging_00,L1,0,19,joint,False,0,False,False,False,False,nan,False,5.433452377915607
v3_sc2_staging_00,L1,0,19,oracle,False,0,True,False,False,True,5.433452377915607,True,5.433452377915607
v3_sc2_staging_00,L1,1,0,uncalibrated,False,0,True,False,False,True,7.2884776310850246,True,7.2884776310850246
v3_sc2_staging_00,L1,1,0,label_cell,False,0,False,False,False,False,nan,False,7.2884776310850246
v3_sc2_staging_00,L1,1,0,label_only,False,0,False,False,False,False,nan,False,7.2884776310850246
v3_sc2_staging_00,L1,1,0,pose_only,False,0,True,False,False,True,7.35918830920368,True,7.2884776310850246
v3_sc2_staging_00,L1,1,0,separate,False,0,False,False,False,False,nan,False,7.2884776310850246
v3_sc2_staging_00,L1,1,0,joint,False,0,False,False,False,False,nan,False,7.2884776310850246
v3_sc2_staging_00,L1,1,0,oracle,False,0,True,False,False,True,7.2884776310850246,True,7.2884776310850246
v3_sc2_staging_00,L1,1,1,uncalibrated,False,0,True,False,False,True,8.174873734152916,True,8.174873734152916
v3_sc2_staging_00,L1,1,1,label_cell,False,0,True,False,False,True,8.262741699796953,True,8.174873734152916
v3_sc2_staging_00,L1,1,1,label_only,False,0,False,False,False,False,nan,False,8.174873734152916
v3_sc2_staging_00,L1,1,1,pose_only,False,0,True,False,False,True,8.24558441227157,True,8.174873734152916
v3_sc2_staging_00,L1,1,1,separate,False,0,False,False,False,False,nan,False,8.174873734152916
v3_sc2_staging_00,L1,1,1,joint,False,0,False,False,False,False,nan,False,8.174873734152916
v3_sc2_staging_00,L1,1,1,oracle,False,0,True,False,False,True,8.174873734152916,True,8.174873734152916
v3_sc2_staging_00,L1,1,2,uncalibrated,False,0,True,False,False,True,3.9562445840513925,True,3.9562445840513925
v3_sc2_staging_00,L1,1,2,label_cell,False,0,True,False,False,True,3.9562445840513925,True,3.9562445840513925
v3_sc2_staging_00,L1,1,2,label_only,False,0,True,False,False,True,3.9562445840513925,True,3.9562445840513925
v3_sc2_staging_00,L1,1,2,pose_only,False,0,True,False,False,True,3.9562445840513925,True,3.9562445840513925
v3_sc2_staging_00,L1,1,2,separate,False,0,True,False,False,True,3.9562445840513925,True,3.9562445840513925
v3_sc2_staging_00,L1,1,2,joint,False,0,True,False,False,True,3.9562445840513925,True,3.9562445840513925
v3_sc2_staging_00,L1,1,2,oracle,False,0,True,False,False,True,3.9562445840513925,True,3.9562445840513925
v3_sc2_staging_00,L1,1,3,uncalibrated,False,0,True,False,False,True,3.3242640687119294,True,3.3242640687119294
v3_sc2_staging_00,L1,1,3,label_cell,False,0,True,False,False,True,3.3242640687119294,True,3.3242640687119294
v3_sc2_staging_00,L1,1,3,label_only,False,0,True,False,False,True,3.3242640687119294,True,3.3242640687119294
v3_sc2_staging_00,L1,1,3,pose_only,False,0,True,False,False,True,3.3242640687119294,True,3.3242640687119294
v3_sc2_staging_00,L1,1,3,separate,False,0,True,False,False,True,3.3242640687119294,True,3.3242640687119294
v3_sc2_staging_00,L1,1,3,joint,False,0,True,False,False,True,3.3242640687119294,True,3.3242640687119294
v3_sc2_staging_00,L1,1,3,oracle,False,0,True,False,False,True,3.3242640687119294,True,3.3242640687119294
v3_sc2_staging_00,L1,1,4,uncalibrated,False,0,True,False,False,True,5.850609665440988,True,5.850609665440988
v3_sc2_staging_00,L1,1,4,label_cell,False,0,False,False,False,False,nan,False,5.850609665440988
v3_sc2_staging_00,L1,1,4,label_only,False,0,False,False,False,False,nan,False,5.850609665440988
v3_sc2_staging_00,L1,1,4,pose_only,False,0,True,False,False,True,5.850609665440988,True,5.850609665440988
v3_sc2_staging_00,L1,1,4,separate,False,0,False,False,False,False,nan,False,5.850609665440988
v3_sc2_staging_00,L1,1,4,joint,False,0,False,False,False,False,nan,False,5.850609665440988
v3_sc2_staging_00,L1,1,4,oracle,False,0,True,False,False,True,5.850609665440988,True,5.850609665440988
v3_sc2_staging_00,L1,1,5,uncalibrated,False,0,True,False,False,True,4.153553390593274,True,4.153553390593274
v3_sc2_staging_00,L1,1,5,label_cell,False,0,True,False,False,True,4.153553390593274,True,4.153553390593274
v3_sc2_staging_00,L1,1,5,label_only,False,0,True,False,False,True,4.153553390593274,True,4.153553390593274
v3_sc2_staging_00,L1,1,5,pose_only,False,0,True,False,False,True,4.153553390593274,True,4.153553390593274
v3_sc2_staging_00,L1,1,5,separate,False,0,True,False,False,True,4.153553390593274,True,4.153553390593274
v3_sc2_staging_00,L1,1,5,joint,False,0,True,False,False,True,4.153553390593274,True,4.153553390593274
v3_sc2_staging_00,L1,1,5,oracle,False,0,True,False,False,True,4.153553390593274,True,4.153553390593274
v3_sc2_staging_00,L1,1,6,uncalibrated,False,0,True,False,False,True,7.156244584051395,True,7.156244584051395
v3_sc2_staging_00,L1,1,6,label_cell,False,0,False,False,False,False,nan,False,7.156244584051395
v3_sc2_staging_00,L1,1,6,label_only,False,0,False,False,False,False,nan,False,7.156244584051395
v3_sc2_staging_00,L1,1,6,pose_only,False,0,True,False,False,True,7.156244584051395,True,7.156244584051395
v3_sc2_staging_00,L1,1,6,separate,False,0,False,False,False,False,nan,False,7.156244584051395
v3_sc2_staging_00,L1,1,6,joint,False,0,False,False,False,False,nan,False,7.156244584051395
v3_sc2_staging_00,L1,1,6,oracle,False,0,True,False,False,True,7.156244584051395,True,7.156244584051395
v3_sc2_staging_00,L1,1,7,uncalibrated,False,0,True,False,False,True,7.524873734152917,True,7.524873734152917
v3_sc2_staging_00,L1,1,7,label_cell,False,0,False,False,False,False,nan,False,7.524873734152917
v3_sc2_staging_00,L1,1,7,label_only,False,0,False,False,False,False,nan,False,7.524873734152917
v3_sc2_staging_00,L1,1,7,pose_only,False,0,True,False,False,True,7.524873734152917,True,7.524873734152917
v3_sc2_staging_00,L1,1,7,separate,False,0,False,False,False,False,nan,False,7.524873734152917
v3_sc2_staging_00,L1,1,7,joint,False,0,False,False,False,False,nan,False,7.524873734152917
v3_sc2_staging_00,L1,1,7,oracle,False,0,True,False,False,True,7.524873734152917,True,7.524873734152917
v3_sc2_staging_00,L1,1,8,uncalibrated,False,0,True,False,False,True,3.0370057685088803,True,3.0370057685088803
v3_sc2_staging_00,L1,1,8,label_cell,False,0,False,False,False,False,nan,False,3.0370057685088803
v3_sc2_staging_00,L1,1,8,label_only,False,0,True,False,False,True,3.0370057685088803,True,3.0370057685088803
v3_sc2_staging_00,L1,1,8,pose_only,False,0,True,False,False,True,3.0370057685088803,True,3.0370057685088803
v3_sc2_staging_00,L1,1,8,separate,False,0,True,False,False,True,3.0370057685088803,True,3.0370057685088803
v3_sc2_staging_00,L1,1,8,joint,False,0,True,False,False,True,3.0370057685088803,True,3.0370057685088803
v3_sc2_staging_00,L1,1,8,oracle,False,0,True,False,False,True,3.0370057685088803,True,3.0370057685088803
v3_sc2_staging_00,L1,1,9,uncalibrated,False,0,True,False,False,True,8.685533905932738,True,8.685533905932738
v3_sc2_staging_00,L1,1,9,label_cell,False,0,False,False,False,False,nan,False,8.685533905932738
v3_sc2_staging_00,L1,1,9,label_only,False,0,False,False,False,False,nan,False,8.685533905932738
v3_sc2_staging_00,L1,1,9,pose_only,False,0,True,False,False,True,8.756244584051393,True,8.685533905932738
v3_sc2_staging_00,L1,1,9,separate,False,0,False,False,False,False,nan,False,8.685533905932738
v3_sc2_staging_00,L1,1,9,joint,False,0,False,False,False,False,nan,False,8.685533905932738
v3_sc2_staging_00,L1,1,9,oracle,False,0,True,False,False,True,8.685533905932738,True,8.685533905932738
v3_sc2_staging_00,L1,1,10,uncalibrated,False,0,True,False,False,True,3.0500000000000003,True,3.0500000000000003
v3_sc2_staging_00,L1,1,10,label_cell,False,0,True,False,False,True,3.0500000000000003,True,3.0500000000000003
v3_sc2_staging_00,L1,1,10,label_only,False,0,True,False,False,True,3.0500000000000003,True,3.0500000000000003
v3_sc2_staging_00,L1,1,10,pose_only,False,0,True,False,False,True,3.0500000000000003,True,3.0500000000000003
v3_sc2_staging_00,L1,1,10,separate,False,0,True,False,False,True,3.0500000000000003,True,3.0500000000000003
v3_sc2_staging_00,L1,1,10,joint,False,0,True,False,False,True,3.0500000000000003,True,3.0500000000000003
v3_sc2_staging_00,L1,1,10,oracle,False,0,True,False,False,True,3.0500000000000003,True,3.0500000000000003
v3_sc2_staging_00,L1,1,11,uncalibrated,False,0,True,False,False,True,4.881980515339464,True,4.881980515339464
v3_sc2_staging_00,L1,1,11,label_cell,False,0,False,False,False,False,nan,False,4.881980515339464
v3_sc2_staging_00,L1,1,11,label_only,False,0,True,False,False,True,4.881980515339464,True,4.881980515339464
v3_sc2_staging_00,L1,1,11,pose_only,False,0,True,False,False,True,4.881980515339464,True,4.881980515339464
v3_sc2_staging_00,L1,1,11,separate,False,0,True,False,False,True,4.881980515339464,True,4.881980515339464
v3_sc2_staging_00,L1,1,11,joint,False,0,True,False,False,True,4.881980515339464,True,4.881980515339464
v3_sc2_staging_00,L1,1,11,oracle,False,0,True,False,False,True,4.881980515339464,True,4.881980515339464
v3_sc2_staging_00,L1,1,12,uncalibrated,False,0,True,False,False,True,8.531980515339464,True,8.531980515339464
v3_sc2_staging_00,L1,1,12,label_cell,False,0,True,False,False,True,8.531980515339464,True,8.531980515339464
v3_sc2_staging_00,L1,1,12,label_only,False,0,False,False,False,False,nan,False,8.531980515339464
v3_sc2_staging_00,L1,1,12,pose_only,False,0,True,False,False,True,8.602691193458119,True,8.531980515339464
v3_sc2_staging_00,L1,1,12,separate,False,0,False,False,False,False,nan,False,8.531980515339464
v3_sc2_staging_00,L1,1,12,joint,False,0,False,False,False,False,nan,False,8.531980515339464
v3_sc2_staging_00,L1,1,12,oracle,False,0,True,False,False,True,8.531980515339464,True,8.531980515339464
v3_sc2_staging_00,L1,1,13,uncalibrated,False,0,True,False,False,True,3.9207106781186547,True,3.9207106781186547
v3_sc2_staging_00,L1,1,13,label_cell,False,0,True,False,False,True,3.9207106781186547,True,3.9207106781186547
v3_sc2_staging_00,L1,1,13,label_only,False,0,True,False,False,True,3.9207106781186547,True,3.9207106781186547
v3_sc2_staging_00,L1,1,13,pose_only,False,0,True,False,False,True,3.9207106781186547,True,3.9207106781186547
v3_sc2_staging_00,L1,1,13,separate,False,0,True,False,False,True,3.9207106781186547,True,3.9207106781186547
v3_sc2_staging_00,L1,1,13,joint,False,0,True,False,False,True,3.9207106781186547,True,3.9207106781186547
v3_sc2_staging_00,L1,1,13,oracle,False,0,True,False,False,True,3.9207106781186547,True,3.9207106781186547
v3_sc2_staging_00,L1,1,14,uncalibrated,False,0,True,False,False,True,7.169848480983504,True,7.169848480983504
v3_sc2_staging_00,L1,1,14,label_cell,False,0,False,False,False,False,nan,False,7.169848480983504
v3_sc2_staging_00,L1,1,14,label_only,False,0,False,False,False,False,nan,False,7.169848480983504
v3_sc2_staging_00,L1,1,14,pose_only,False,0,True,False,False,True,7.240559159102159,True,7.169848480983504
v3_sc2_staging_00,L1,1,14,separate,False,0,False,False,False,False,nan,False,7.169848480983504
v3_sc2_staging_00,L1,1,14,joint,False,0,False,False,False,False,nan,False,7.169848480983504
v3_sc2_staging_00,L1,1,14,oracle,False,0,True,False,False,True,7.169848480983504,True,7.169848480983504
v3_sc2_staging_00,L1,1,15,uncalibrated,False,0,True,False,False,True,9.529898987322332,True,9.529898987322332
v3_sc2_staging_00,L1,1,15,label_cell,False,0,True,False,False,True,9.529898987322332,True,9.529898987322332
v3_sc2_staging_00,L1,1,15,label_only,False,0,False,False,False,False,nan,False,9.529898987322332
v3_sc2_staging_00,L1,1,15,pose_only,False,0,True,False,False,True,9.600609665440988,True,9.529898987322332
v3_sc2_staging_00,L1,1,15,separate,False,0,False,False,False,False,nan,False,9.529898987322332
v3_sc2_staging_00,L1,1,15,joint,False,0,False,False,False,False,nan,False,9.529898987322332
v3_sc2_staging_00,L1,1,15,oracle,False,0,True,False,False,True,9.529898987322332,True,9.529898987322332
v3_sc2_staging_00,L1,1,16,uncalibrated,False,0,True,False,False,True,7.279898987322333,True,7.279898987322333
v3_sc2_staging_00,L1,1,16,label_cell,False,0,True,False,False,True,7.279898987322333,True,7.279898987322333
v3_sc2_staging_00,L1,1,16,label_only,False,0,False,False,False,False,nan,False,7.279898987322333
v3_sc2_staging_00,L1,1,16,pose_only,False,0,True,False,False,True,7.300609665440987,True,7.279898987322333
v3_sc2_staging_00,L1,1,16,separate,False,0,False,False,False,False,nan,False,7.279898987322333
v3_sc2_staging_00,L1,1,16,joint,False,0,False,False,False,False,nan,False,7.279898987322333
v3_sc2_staging_00,L1,1,16,oracle,False,0,True,False,False,True,7.279898987322333,True,7.279898987322333
v3_sc2_staging_00,L1,1,17,uncalibrated,False,0,True,False,False,True,8.0476659402887,True,8.0476659402887
v3_sc2_staging_00,L1,1,17,label_cell,False,0,False,False,False,False,nan,False,8.0476659402887
v3_sc2_staging_00,L1,1,17,label_only,False,0,False,False,False,False,nan,False,8.0476659402887
v3_sc2_staging_00,L1,1,17,pose_only,False,0,True,False,False,True,8.0476659402887,True,8.0476659402887
v3_sc2_staging_00,L1,1,17,separate,False,0,False,False,False,False,nan,False,8.0476659402887
v3_sc2_staging_00,L1,1,17,joint,False,0,False,False,False,False,nan,False,8.0476659402887
v3_sc2_staging_00,L1,1,17,oracle,False,0,True,False,False,True,8.0476659402887,True,8.0476659402887
v3_sc2_staging_00,L1,1,18,uncalibrated,False,0,True,False,False,True,4.314213562373095,True,4.314213562373095
v3_sc2_staging_00,L1,1,18,label_cell,False,0,False,False,False,False,nan,False,4.314213562373095
v3_sc2_staging_00,L1,1,18,label_only,False,0,False,False,False,False,nan,False,4.314213562373095
v3_sc2_staging_00,L1,1,18,pose_only,False,0,True,False,False,True,4.314213562373095,True,4.314213562373095
v3_sc2_staging_00,L1,1,18,separate,False,0,False,False,False,False,nan,False,4.314213562373095
v3_sc2_staging_00,L1,1,18,joint,False,0,False,False,False,False,nan,False,4.314213562373095
v3_sc2_staging_00,L1,1,18,oracle,False,0,True,False,False,True,4.314213562373095,True,4.314213562373095
v3_sc2_staging_00,L1,1,19,uncalibrated,False,0,True,False,False,True,5.392031021678298,True,5.392031021678298
v3_sc2_staging_00,L1,1,19,label_cell,False,0,False,False,False,False,nan,False,5.392031021678298
v3_sc2_staging_00,L1,1,19,label_only,False,0,False,False,False,False,nan,False,5.392031021678298
v3_sc2_staging_00,L1,1,19,pose_only,False,0,True,False,False,True,5.392031021678298,True,5.392031021678298
v3_sc2_staging_00,L1,1,19,separate,False,0,False,False,False,False,nan,False,5.392031021678298
v3_sc2_staging_00,L1,1,19,joint,False,0,False,False,False,False,nan,False,5.392031021678298
v3_sc2_staging_00,L1,1,19,oracle,False,0,True,False,False,True,5.392031021678298,True,5.392031021678298
v3_sc2_staging_00,L1,2,0,uncalibrated,False,0,True,False,False,True,7.2884776310850246,True,7.2884776310850246
v3_sc2_staging_00,L1,2,0,label_cell,False,0,False,False,False,False,nan,False,7.2884776310850246
v3_sc2_staging_00,L1,2,0,label_only,False,0,False,False,False,False,nan,False,7.2884776310850246
v3_sc2_staging_00,L1,2,0,pose_only,False,0,True,False,False,True,7.35918830920368,True,7.2884776310850246
v3_sc2_staging_00,L1,2,0,separate,False,0,False,False,False,False,nan,False,7.2884776310850246
v3_sc2_staging_00,L1,2,0,joint,False,0,False,False,False,False,nan,False,7.2884776310850246
v3_sc2_staging_00,L1,2,0,oracle,False,0,True,False,False,True,7.2884776310850246,True,7.2884776310850246
v3_sc2_staging_00,L1,2,1,uncalibrated,False,0,True,False,False,True,8.174873734152916,True,8.174873734152916
v3_sc2_staging_00,L1,2,1,label_cell,False,0,True,False,False,True,8.262741699796953,True,8.174873734152916
v3_sc2_staging_00,L1,2,1,label_only,False,0,False,False,False,False,nan,False,8.174873734152916
v3_sc2_staging_00,L1,2,1,pose_only,False,0,True,False,False,True,8.24558441227157,True,8.174873734152916
v3_sc2_staging_00,L1,2,1,separate,False,0,False,False,False,False,nan,False,8.174873734152916
v3_sc2_staging_00,L1,2,1,joint,False,0,False,False,False,False,nan,False,8.174873734152916
v3_sc2_staging_00,L1,2,1,oracle,False,0,True,False,False,True,8.174873734152916,True,8.174873734152916
v3_sc2_staging_00,L1,2,2,uncalibrated,False,0,True,False,False,True,3.9562445840513925,True,3.9562445840513925
v3_sc2_staging_00,L1,2,2,label_cell,False,0,True,False,False,True,3.9562445840513925,True,3.9562445840513925
v3_sc2_staging_00,L1,2,2,label_only,False,0,True,False,False,True,3.9562445840513925,True,3.9562445840513925
v3_sc2_staging_00,L1,2,2,pose_only,False,0,True,False,False,True,3.9562445840513925,True,3.9562445840513925
v3_sc2_staging_00,L1,2,2,separate,False,0,True,False,False,True,3.9562445840513925,True,3.9562445840513925
v3_sc2_staging_00,L1,2,2,joint,False,0,True,False,False,True,3.9562445840513925,True,3.9562445840513925
v3_sc2_staging_00,L1,2,2,oracle,False,0,True,False,False,True,3.9562445840513925,True,3.9562445840513925
v3_sc2_staging_00,L1,2,3,uncalibrated,False,0,True,False,False,True,3.3242640687119294,True,3.3242640687119294
v3_sc2_staging_00,L1,2,3,label_cell,False,0,True,False,False,True,3.3242640687119294,True,3.3242640687119294
v3_sc2_staging_00,L1,2,3,label_only,False,0,True,False,False,True,3.3242640687119294,True,3.3242640687119294
v3_sc2_staging_00,L1,2,3,pose_only,False,0,True,False,False,True,3.3242640687119294,True,3.3242640687119294
v3_sc2_staging_00,L1,2,3,separate,False,0,True,False,False,True,3.3242640687119294,True,3.3242640687119294
v3_sc2_staging_00,L1,2,3,joint,False,0,True,False,False,True,3.3242640687119294,True,3.3242640687119294
v3_sc2_staging_00,L1,2,3,oracle,False,0,True,False,False,True,3.3242640687119294,True,3.3242640687119294
v3_sc2_staging_00,L1,2,4,uncalibrated,False,0,True,False,False,True,5.850609665440988,True,5.829898987322334
v3_sc2_staging_00,L1,2,4,label_cell,False,0,False,False,False,False,nan,False,5.829898987322334
v3_sc2_staging_00,L1,2,4,label_only,False,0,False,False,False,False,nan,False,5.829898987322334
v3_sc2_staging_00,L1,2,4,pose_only,False,0,True,False,False,True,5.850609665440988,True,5.829898987322334
v3_sc2_staging_00,L1,2,4,separate,False,0,False,False,False,False,nan,False,5.829898987322334
v3_sc2_staging_00,L1,2,4,joint,False,0,False,False,False,False,nan,False,5.829898987322334
v3_sc2_staging_00,L1,2,4,oracle,False,0,True,False,False,True,5.829898987322334,True,5.829898987322334
v3_sc2_staging_00,L1,2,5,uncalibrated,False,0,True,False,False,True,4.153553390593274,True,4.153553390593274
v3_sc2_staging_00,L1,2,5,label_cell,False,0,True,False,False,True,4.153553390593274,True,4.153553390593274
v3_sc2_staging_00,L1,2,5,label_only,False,0,True,False,False,True,4.153553390593274,True,4.153553390593274
v3_sc2_staging_00,L1,2,5,pose_only,False,0,True,False,False,True,4.153553390593274,True,4.153553390593274
v3_sc2_staging_00,L1,2,5,separate,False,0,True,False,False,True,4.153553390593274,True,4.153553390593274
v3_sc2_staging_00,L1,2,5,joint,False,0,True,False,False,True,4.153553390593274,True,4.153553390593274
v3_sc2_staging_00,L1,2,5,oracle,False,0,True,False,False,True,4.153553390593274,True,4.153553390593274
v3_sc2_staging_00,L1,2,6,uncalibrated,False,0,True,False,False,True,7.156244584051395,True,7.114823227814085
v3_sc2_staging_00,L1,2,6,label_cell,False,0,False,False,False,False,nan,False,7.114823227814085
v3_sc2_staging_00,L1,2,6,label_only,False,0,False,False,False,False,nan,False,7.114823227814085
v3_sc2_staging_00,L1,2,6,pose_only,False,0,True,False,False,True,7.156244584051395,True,7.114823227814085
v3_sc2_staging_00,L1,2,6,separate,False,0,False,False,False,False,nan,False,7.114823227814085
v3_sc2_staging_00,L1,2,6,joint,False,0,False,False,False,False,nan,False,7.114823227814085
v3_sc2_staging_00,L1,2,6,oracle,False,0,True,False,False,True,7.114823227814085,True,7.114823227814085
v3_sc2_staging_00,L1,2,7,uncalibrated,False,0,True,False,False,True,7.524873734152917,True,7.524873734152917
v3_sc2_staging_00,L1,2,7,label_cell,False,0,False,False,False,False,nan,False,7.524873734152917
v3_sc2_staging_00,L1,2,7,label_only,False,0,False,False,False,False,nan,False,7.524873734152917
v3_sc2_staging_00,L1,2,7,pose_only,False,0,True,False,False,True,7.524873734152917,True,7.524873734152917
v3_sc2_staging_00,L1,2,7,separate,False,0,False,False,False,False,nan,False,7.524873734152917
v3_sc2_staging_00,L1,2,7,joint,False,0,False,False,False,False,nan,False,7.524873734152917
v3_sc2_staging_00,L1,2,7,oracle,False,0,True,False,False,True,7.524873734152917,True,7.524873734152917
v3_sc2_staging_00,L1,2,8,uncalibrated,False,0,True,False,False,True,3.0370057685088803,True,3.0370057685088803
v3_sc2_staging_00,L1,2,8,label_cell,False,0,False,False,False,False,nan,False,3.0370057685088803
v3_sc2_staging_00,L1,2,8,label_only,False,0,True,False,False,True,3.0370057685088803,True,3.0370057685088803
v3_sc2_staging_00,L1,2,8,pose_only,False,0,True,False,False,True,3.0370057685088803,True,3.0370057685088803
v3_sc2_staging_00,L1,2,8,separate,False,0,True,False,False,True,3.0370057685088803,True,3.0370057685088803
v3_sc2_staging_00,L1,2,8,joint,False,0,True,False,False,True,3.0370057685088803,True,3.0370057685088803
v3_sc2_staging_00,L1,2,8,oracle,False,0,True,False,False,True,3.0370057685088803,True,3.0370057685088803
v3_sc2_staging_00,L1,2,9,uncalibrated,False,0,True,False,False,True,8.685533905932738,True,8.685533905932738
v3_sc2_staging_00,L1,2,9,label_cell,False,0,False,False,False,False,nan,False,8.685533905932738
v3_sc2_staging_00,L1,2,9,label_only,False,0,False,False,False,False,nan,False,8.685533905932738
v3_sc2_staging_00,L1,2,9,pose_only,False,0,True,False,False,True,8.756244584051393,True,8.685533905932738
v3_sc2_staging_00,L1,2,9,separate,False,0,False,False,False,False,nan,False,8.685533905932738
v3_sc2_staging_00,L1,2,9,joint,False,0,False,False,False,False,nan,False,8.685533905932738
v3_sc2_staging_00,L1,2,9,oracle,False,0,True,False,False,True,8.685533905932738,True,8.685533905932738
v3_sc2_staging_00,L1,2,10,uncalibrated,False,0,True,False,False,True,3.0500000000000003,True,3.0500000000000003
v3_sc2_staging_00,L1,2,10,label_cell,False,0,True,False,False,True,3.0500000000000003,True,3.0500000000000003
v3_sc2_staging_00,L1,2,10,label_only,False,0,True,False,False,True,3.0500000000000003,True,3.0500000000000003
v3_sc2_staging_00,L1,2,10,pose_only,False,0,True,False,False,True,3.0500000000000003,True,3.0500000000000003
v3_sc2_staging_00,L1,2,10,separate,False,0,True,False,False,True,3.0500000000000003,True,3.0500000000000003
v3_sc2_staging_00,L1,2,10,joint,False,0,True,False,False,True,3.0500000000000003,True,3.0500000000000003
v3_sc2_staging_00,L1,2,10,oracle,False,0,True,False,False,True,3.0500000000000003,True,3.0500000000000003
v3_sc2_staging_00,L1,2,11,uncalibrated,False,0,True,False,False,True,4.881980515339464,True,4.881980515339464
v3_sc2_staging_00,L1,2,11,label_cell,False,0,False,False,False,False,nan,False,4.881980515339464
v3_sc2_staging_00,L1,2,11,label_only,False,0,True,False,False,True,4.881980515339464,True,4.881980515339464
v3_sc2_staging_00,L1,2,11,pose_only,False,0,True,False,False,True,4.881980515339464,True,4.881980515339464
v3_sc2_staging_00,L1,2,11,separate,False,0,True,False,False,True,4.881980515339464,True,4.881980515339464
v3_sc2_staging_00,L1,2,11,joint,False,0,True,False,False,True,4.881980515339464,True,4.881980515339464
v3_sc2_staging_00,L1,2,11,oracle,False,0,True,False,False,True,4.881980515339464,True,4.881980515339464
v3_sc2_staging_00,L1,2,12,uncalibrated,False,0,True,False,False,True,8.531980515339464,True,8.531980515339464
v3_sc2_staging_00,L1,2,12,label_cell,False,0,True,False,False,True,8.531980515339464,True,8.531980515339464
v3_sc2_staging_00,L1,2,12,label_only,False,0,False,False,False,False,nan,False,8.531980515339464
v3_sc2_staging_00,L1,2,12,pose_only,False,0,True,False,False,True,8.602691193458119,True,8.531980515339464
v3_sc2_staging_00,L1,2,12,separate,False,0,False,False,False,False,nan,False,8.531980515339464
v3_sc2_staging_00,L1,2,12,joint,False,0,False,False,False,False,nan,False,8.531980515339464
v3_sc2_staging_00,L1,2,12,oracle,False,0,True,False,False,True,8.531980515339464,True,8.531980515339464
v3_sc2_staging_00,L1,2,13,uncalibrated,False,0,True,False,False,True,3.9207106781186547,True,3.9207106781186547
v3_sc2_staging_00,L1,2,13,label_cell,False,0,True,False,False,True,3.9207106781186547,True,3.9207106781186547
v3_sc2_staging_00,L1,2,13,label_only,False,0,True,False,False,True,3.9207106781186547,True,3.9207106781186547
v3_sc2_staging_00,L1,2,13,pose_only,False,0,True,False,False,True,3.9207106781186547,True,3.9207106781186547
v3_sc2_staging_00,L1,2,13,separate,False,0,True,False,False,True,3.9207106781186547,True,3.9207106781186547
v3_sc2_staging_00,L1,2,13,joint,False,0,True,False,False,True,3.9207106781186547,True,3.9207106781186547
v3_sc2_staging_00,L1,2,13,oracle,False,0,True,False,False,True,3.9207106781186547,True,3.9207106781186547
v3_sc2_staging_00,L1,2,14,uncalibrated,False,0,True,False,False,True,7.169848480983504,True,7.169848480983504
v3_sc2_staging_00,L1,2,14,label_cell,False,0,False,False,False,False,nan,False,7.169848480983504
v3_sc2_staging_00,L1,2,14,label_only,False,0,False,False,False,False,nan,False,7.169848480983504
v3_sc2_staging_00,L1,2,14,pose_only,False,0,True,False,False,True,7.240559159102159,True,7.169848480983504
v3_sc2_staging_00,L1,2,14,separate,False,0,False,False,False,False,nan,False,7.169848480983504
v3_sc2_staging_00,L1,2,14,joint,False,0,False,False,False,False,nan,False,7.169848480983504
v3_sc2_staging_00,L1,2,14,oracle,False,0,True,False,False,True,7.169848480983504,True,7.169848480983504
v3_sc2_staging_00,L1,2,15,uncalibrated,False,0,True,False,False,True,9.529898987322332,True,9.529898987322332
v3_sc2_staging_00,L1,2,15,label_cell,False,0,True,False,False,True,9.529898987322332,True,9.529898987322332
v3_sc2_staging_00,L1,2,15,label_only,False,0,False,False,False,False,nan,False,9.529898987322332
v3_sc2_staging_00,L1,2,15,pose_only,False,0,True,False,False,True,9.600609665440988,True,9.529898987322332
v3_sc2_staging_00,L1,2,15,separate,False,0,False,False,False,False,nan,False,9.529898987322332
v3_sc2_staging_00,L1,2,15,joint,False,0,False,False,False,False,nan,False,9.529898987322332
v3_sc2_staging_00,L1,2,15,oracle,False,0,True,False,False,True,9.529898987322332,True,9.529898987322332
v3_sc2_staging_00,L1,2,16,uncalibrated,False,0,True,False,False,True,7.279898987322333,True,7.279898987322333
v3_sc2_staging_00,L1,2,16,label_cell,False,0,True,False,False,True,7.279898987322333,True,7.279898987322333
v3_sc2_staging_00,L1,2,16,label_only,False,0,False,False,False,False,nan,False,7.279898987322333
v3_sc2_staging_00,L1,2,16,pose_only,False,0,True,False,False,True,7.300609665440987,True,7.279898987322333
v3_sc2_staging_00,L1,2,16,separate,False,0,False,False,False,False,nan,False,7.279898987322333
v3_sc2_staging_00,L1,2,16,joint,False,0,False,False,False,False,nan,False,7.279898987322333
v3_sc2_staging_00,L1,2,16,oracle,False,0,True,False,False,True,7.279898987322333,True,7.279898987322333
v3_sc2_staging_00,L1,2,17,uncalibrated,False,0,True,False,False,True,8.0476659402887,True,8.0476659402887
v3_sc2_staging_00,L1,2,17,label_cell,False,0,False,False,False,False,nan,False,8.0476659402887
v3_sc2_staging_00,L1,2,17,label_only,False,0,False,False,False,False,nan,False,8.0476659402887
v3_sc2_staging_00,L1,2,17,pose_only,False,0,True,False,False,True,8.0476659402887,True,8.0476659402887
v3_sc2_staging_00,L1,2,17,separate,False,0,False,False,False,False,nan,False,8.0476659402887
v3_sc2_staging_00,L1,2,17,joint,False,0,False,False,False,False,nan,False,8.0476659402887
v3_sc2_staging_00,L1,2,17,oracle,False,0,True,False,False,True,8.0476659402887,True,8.0476659402887
v3_sc2_staging_00,L1,2,18,uncalibrated,False,0,True,False,False,True,4.314213562373095,True,4.272792206135786
v3_sc2_staging_00,L1,2,18,label_cell,False,0,False,False,False,False,nan,False,4.272792206135786
v3_sc2_staging_00,L1,2,18,label_only,False,0,False,False,False,False,nan,False,4.272792206135786
v3_sc2_staging_00,L1,2,18,pose_only,False,0,True,False,False,True,4.314213562373095,True,4.272792206135786
v3_sc2_staging_00,L1,2,18,separate,False,0,False,False,False,False,nan,False,4.272792206135786
v3_sc2_staging_00,L1,2,18,joint,False,0,False,False,False,False,nan,False,4.272792206135786
v3_sc2_staging_00,L1,2,18,oracle,False,0,True,False,False,True,4.272792206135786,True,4.272792206135786
v3_sc2_staging_00,L1,2,19,uncalibrated,False,0,True,False,False,True,5.392031021678298,True,5.350609665440988
v3_sc2_staging_00,L1,2,19,label_cell,False,0,False,False,False,False,nan,False,5.350609665440988
v3_sc2_staging_00,L1,2,19,label_only,False,0,False,False,False,False,nan,False,5.350609665440988
v3_sc2_staging_00,L1,2,19,pose_only,False,0,True,False,False,True,5.392031021678298,True,5.350609665440988
v3_sc2_staging_00,L1,2,19,separate,False,0,False,False,False,False,nan,False,5.350609665440988
v3_sc2_staging_00,L1,2,19,joint,False,0,False,False,False,False,nan,False,5.350609665440988
v3_sc2_staging_00,L1,2,19,oracle,False,0,True,False,False,True,5.350609665440988,True,5.350609665440988
v3_sc2_staging_00,L1,3,0,uncalibrated,False,0,True,False,False,True,7.2884776310850246,True,7.2884776310850246
v3_sc2_staging_00,L1,3,0,label_cell,False,0,False,False,False,False,nan,False,7.2884776310850246
v3_sc2_staging_00,L1,3,0,label_only,False,0,False,False,False,False,nan,False,7.2884776310850246
v3_sc2_staging_00,L1,3,0,pose_only,False,0,True,False,False,True,7.35918830920368,True,7.2884776310850246
v3_sc2_staging_00,L1,3,0,separate,False,0,False,False,False,False,nan,False,7.2884776310850246
v3_sc2_staging_00,L1,3,0,joint,False,0,False,False,False,False,nan,False,7.2884776310850246
v3_sc2_staging_00,L1,3,0,oracle,False,0,True,False,False,True,7.2884776310850246,True,7.2884776310850246
v3_sc2_staging_00,L1,3,1,uncalibrated,False,0,True,False,False,True,8.174873734152916,True,8.174873734152916
v3_sc2_staging_00,L1,3,1,label_cell,False,0,True,False,False,True,8.262741699796953,True,8.174873734152916
v3_sc2_staging_00,L1,3,1,label_only,False,0,False,False,False,False,nan,False,8.174873734152916
v3_sc2_staging_00,L1,3,1,pose_only,False,0,True,False,False,True,8.24558441227157,True,8.174873734152916
v3_sc2_staging_00,L1,3,1,separate,False,0,False,False,False,False,nan,False,8.174873734152916
v3_sc2_staging_00,L1,3,1,joint,False,0,False,False,False,False,nan,False,8.174873734152916
v3_sc2_staging_00,L1,3,1,oracle,False,0,True,False,False,True,8.174873734152916,True,8.174873734152916
v3_sc2_staging_00,L1,3,2,uncalibrated,False,0,True,False,False,True,3.9562445840513925,True,3.9562445840513925
v3_sc2_staging_00,L1,3,2,label_cell,False,0,True,False,False,True,3.9562445840513925,True,3.9562445840513925
v3_sc2_staging_00,L1,3,2,label_only,False,0,True,False,False,True,3.9562445840513925,True,3.9562445840513925
v3_sc2_staging_00,L1,3,2,pose_only,False,0,True,False,False,True,3.9562445840513925,True,3.9562445840513925
v3_sc2_staging_00,L1,3,2,separate,False,0,True,False,False,True,3.9562445840513925,True,3.9562445840513925
v3_sc2_staging_00,L1,3,2,joint,False,0,True,False,False,True,3.9562445840513925,True,3.9562445840513925
v3_sc2_staging_00,L1,3,2,oracle,False,0,True,False,False,True,3.9562445840513925,True,3.9562445840513925
v3_sc2_staging_00,L1,3,3,uncalibrated,False,0,True,False,False,True,3.3242640687119294,True,3.3242640687119294
v3_sc2_staging_00,L1,3,3,label_cell,False,0,True,False,False,True,3.3242640687119294,True,3.3242640687119294
v3_sc2_staging_00,L1,3,3,label_only,False,0,True,False,False,True,3.3242640687119294,True,3.3242640687119294
v3_sc2_staging_00,L1,3,3,pose_only,False,0,True,False,False,True,3.3242640687119294,True,3.3242640687119294
v3_sc2_staging_00,L1,3,3,separate,False,0,True,False,False,True,3.3242640687119294,True,3.3242640687119294
v3_sc2_staging_00,L1,3,3,joint,False,0,True,False,False,True,3.3242640687119294,True,3.3242640687119294
v3_sc2_staging_00,L1,3,3,oracle,False,0,True,False,False,True,3.3242640687119294,True,3.3242640687119294
v3_sc2_staging_00,L1,3,4,uncalibrated,False,0,True,False,False,True,5.829898987322334,True,5.829898987322334
v3_sc2_staging_00,L1,3,4,label_cell,False,0,False,False,False,False,nan,False,5.829898987322334
v3_sc2_staging_00,L1,3,4,label_only,False,0,False,False,False,False,nan,False,5.829898987322334
v3_sc2_staging_00,L1,3,4,pose_only,False,0,True,False,False,True,5.829898987322334,True,5.829898987322334
v3_sc2_staging_00,L1,3,4,separate,False,0,False,False,False,False,nan,False,5.829898987322334
v3_sc2_staging_00,L1,3,4,joint,False,0,False,False,False,False,nan,False,5.829898987322334
v3_sc2_staging_00,L1,3,4,oracle,False,0,True,False,False,True,5.829898987322334,True,5.829898987322334
v3_sc2_staging_00,L1,3,5,uncalibrated,False,0,True,False,False,True,4.153553390593274,True,4.153553390593274
v3_sc2_staging_00,L1,3,5,label_cell,False,0,True,False,False,True,4.153553390593274,True,4.153553390593274
v3_sc2_staging_00,L1,3,5,label_only,False,0,True,False,False,True,4.153553390593274,True,4.153553390593274
v3_sc2_staging_00,L1,3,5,pose_only,False,0,True,False,False,True,4.153553390593274,True,4.153553390593274
v3_sc2_staging_00,L1,3,5,separate,False,0,True,False,False,True,4.153553390593274,True,4.153553390593274
v3_sc2_staging_00,L1,3,5,joint,False,0,True,False,False,True,4.153553390593274,True,4.153553390593274
v3_sc2_staging_00,L1,3,5,oracle,False,0,True,False,False,True,4.153553390593274,True,4.153553390593274
v3_sc2_staging_00,L1,3,6,uncalibrated,False,0,True,False,False,True,7.114823227814085,True,7.156244584051395
v3_sc2_staging_00,L1,3,6,label_cell,False,0,False,False,False,False,nan,False,7.156244584051395
v3_sc2_staging_00,L1,3,6,label_only,False,0,False,False,False,False,nan,False,7.156244584051395
v3_sc2_staging_00,L1,3,6,pose_only,False,0,True,False,False,True,7.114823227814085,True,7.156244584051395
v3_sc2_staging_00,L1,3,6,separate,False,0,False,False,False,False,nan,False,7.156244584051395
v3_sc2_staging_00,L1,3,6,joint,False,0,False,False,False,False,nan,False,7.156244584051395
v3_sc2_staging_00,L1,3,6,oracle,False,0,True,False,False,True,7.156244584051395,True,7.156244584051395
v3_sc2_staging_00,L1,3,7,uncalibrated,False,0,True,False,False,True,7.524873734152917,True,7.524873734152917
v3_sc2_staging_00,L1,3,7,label_cell,False,0,False,False,False,False,nan,False,7.524873734152917
v3_sc2_staging_00,L1,3,7,label_only,False,0,False,False,False,False,nan,False,7.524873734152917
v3_sc2_staging_00,L1,3,7,pose_only,False,0,True,False,False,True,7.524873734152917,True,7.524873734152917
v3_sc2_staging_00,L1,3,7,separate,False,0,False,False,False,False,nan,False,7.524873734152917
v3_sc2_staging_00,L1,3,7,joint,False,0,False,False,False,False,nan,False,7.524873734152917
v3_sc2_staging_00,L1,3,7,oracle,False,0,True,False,False,True,7.524873734152917,True,7.524873734152917
v3_sc2_staging_00,L1,3,8,uncalibrated,False,0,True,False,False,True,3.0370057685088803,True,3.0370057685088803
v3_sc2_staging_00,L1,3,8,label_cell,False,0,True,False,False,True,3.0370057685088803,True,3.0370057685088803
v3_sc2_staging_00,L1,3,8,label_only,False,0,True,False,False,True,3.0370057685088803,True,3.0370057685088803
v3_sc2_staging_00,L1,3,8,pose_only,False,0,True,False,False,True,3.0370057685088803,True,3.0370057685088803
v3_sc2_staging_00,L1,3,8,separate,False,0,True,False,False,True,3.0370057685088803,True,3.0370057685088803
v3_sc2_staging_00,L1,3,8,joint,False,0,True,False,False,True,3.0370057685088803,True,3.0370057685088803
v3_sc2_staging_00,L1,3,8,oracle,False,0,True,False,False,True,3.0370057685088803,True,3.0370057685088803
v3_sc2_staging_00,L1,3,9,uncalibrated,False,0,True,False,False,True,8.685533905932738,True,8.685533905932738
v3_sc2_staging_00,L1,3,9,label_cell,False,0,False,False,False,False,nan,False,8.685533905932738
v3_sc2_staging_00,L1,3,9,label_only,False,0,False,False,False,False,nan,False,8.685533905932738
v3_sc2_staging_00,L1,3,9,pose_only,False,0,True,False,False,True,8.756244584051393,True,8.685533905932738
v3_sc2_staging_00,L1,3,9,separate,False,0,False,False,False,False,nan,False,8.685533905932738
v3_sc2_staging_00,L1,3,9,joint,False,0,False,False,False,False,nan,False,8.685533905932738
v3_sc2_staging_00,L1,3,9,oracle,False,0,True,False,False,True,8.685533905932738,True,8.685533905932738
v3_sc2_staging_00,L1,3,10,uncalibrated,False,0,True,False,False,True,3.0500000000000003,True,3.0500000000000003
v3_sc2_staging_00,L1,3,10,label_cell,False,0,True,False,False,True,3.0500000000000003,True,3.0500000000000003
v3_sc2_staging_00,L1,3,10,label_only,False,0,True,False,False,True,3.0500000000000003,True,3.0500000000000003
v3_sc2_staging_00,L1,3,10,pose_only,False,0,True,False,False,True,3.0500000000000003,True,3.0500000000000003
v3_sc2_staging_00,L1,3,10,separate,False,0,True,False,False,True,3.0500000000000003,True,3.0500000000000003
v3_sc2_staging_00,L1,3,10,joint,False,0,True,False,False,True,3.0500000000000003,True,3.0500000000000003
v3_sc2_staging_00,L1,3,10,oracle,False,0,True,False,False,True,3.0500000000000003,True,3.0500000000000003
v3_sc2_staging_00,L1,3,11,uncalibrated,False,0,True,False,False,True,4.881980515339464,True,4.881980515339464
v3_sc2_staging_00,L1,3,11,label_cell,False,0,False,False,False,False,nan,False,4.881980515339464
v3_sc2_staging_00,L1,3,11,label_only,False,0,True,False,False,True,4.881980515339464,True,4.881980515339464
v3_sc2_staging_00,L1,3,11,pose_only,False,0,True,False,False,True,4.881980515339464,True,4.881980515339464
v3_sc2_staging_00,L1,3,11,separate,False,0,True,False,False,True,4.881980515339464,True,4.881980515339464
v3_sc2_staging_00,L1,3,11,joint,False,0,True,False,False,True,4.881980515339464,True,4.881980515339464
v3_sc2_staging_00,L1,3,11,oracle,False,0,True,False,False,True,4.881980515339464,True,4.881980515339464
v3_sc2_staging_00,L1,3,12,uncalibrated,False,0,True,False,False,True,8.531980515339464,True,8.531980515339464
v3_sc2_staging_00,L1,3,12,label_cell,False,0,True,False,False,True,8.531980515339464,True,8.531980515339464
v3_sc2_staging_00,L1,3,12,label_only,False,0,False,False,False,False,nan,False,8.531980515339464
v3_sc2_staging_00,L1,3,12,pose_only,False,0,True,False,False,True,8.602691193458119,True,8.531980515339464
v3_sc2_staging_00,L1,3,12,separate,False,0,False,False,False,False,nan,False,8.531980515339464
v3_sc2_staging_00,L1,3,12,joint,False,0,False,False,False,False,nan,False,8.531980515339464
v3_sc2_staging_00,L1,3,12,oracle,False,0,True,False,False,True,8.531980515339464,True,8.531980515339464
v3_sc2_staging_00,L1,3,13,uncalibrated,False,0,True,False,False,True,3.9207106781186547,True,3.9207106781186547
v3_sc2_staging_00,L1,3,13,label_cell,False,0,True,False,False,True,3.9207106781186547,True,3.9207106781186547
v3_sc2_staging_00,L1,3,13,label_only,False,0,True,False,False,True,3.9207106781186547,True,3.9207106781186547
v3_sc2_staging_00,L1,3,13,pose_only,False,0,True,False,False,True,3.9207106781186547,True,3.9207106781186547
v3_sc2_staging_00,L1,3,13,separate,False,0,True,False,False,True,3.9207106781186547,True,3.9207106781186547
v3_sc2_staging_00,L1,3,13,joint,False,0,True,False,False,True,3.9207106781186547,True,3.9207106781186547
v3_sc2_staging_00,L1,3,13,oracle,False,0,True,False,False,True,3.9207106781186547,True,3.9207106781186547
v3_sc2_staging_00,L1,3,14,uncalibrated,False,0,True,False,False,True,7.169848480983504,True,7.169848480983504
v3_sc2_staging_00,L1,3,14,label_cell,False,0,False,False,False,False,nan,False,7.169848480983504
v3_sc2_staging_00,L1,3,14,label_only,False,0,False,False,False,False,nan,False,7.169848480983504
v3_sc2_staging_00,L1,3,14,pose_only,False,0,True,False,False,True,7.240559159102159,True,7.169848480983504
v3_sc2_staging_00,L1,3,14,separate,False,0,False,False,False,False,nan,False,7.169848480983504
v3_sc2_staging_00,L1,3,14,joint,False,0,False,False,False,False,nan,False,7.169848480983504
v3_sc2_staging_00,L1,3,14,oracle,False,0,True,False,False,True,7.169848480983504,True,7.169848480983504
v3_sc2_staging_00,L1,3,15,uncalibrated,False,0,True,False,False,True,9.529898987322332,True,9.529898987322332
v3_sc2_staging_00,L1,3,15,label_cell,False,0,True,False,False,True,9.529898987322332,True,9.529898987322332
v3_sc2_staging_00,L1,3,15,label_only,False,0,False,False,False,False,nan,False,9.529898987322332
v3_sc2_staging_00,L1,3,15,pose_only,False,0,True,False,False,True,9.600609665440988,True,9.529898987322332
v3_sc2_staging_00,L1,3,15,separate,False,0,False,False,False,False,nan,False,9.529898987322332
v3_sc2_staging_00,L1,3,15,joint,False,0,False,False,False,False,nan,False,9.529898987322332
v3_sc2_staging_00,L1,3,15,oracle,False,0,True,False,False,True,9.529898987322332,True,9.529898987322332
v3_sc2_staging_00,L1,3,16,uncalibrated,False,0,True,False,False,True,7.279898987322333,True,7.279898987322333
v3_sc2_staging_00,L1,3,16,label_cell,False,0,True,False,False,True,7.279898987322333,True,7.279898987322333
v3_sc2_staging_00,L1,3,16,label_only,False,0,False,False,False,False,nan,False,7.279898987322333
v3_sc2_staging_00,L1,3,16,pose_only,False,0,True,False,False,True,7.300609665440987,True,7.279898987322333
v3_sc2_staging_00,L1,3,16,separate,False,0,False,False,False,False,nan,False,7.279898987322333
v3_sc2_staging_00,L1,3,16,joint,False,0,False,False,False,False,nan,False,7.279898987322333
v3_sc2_staging_00,L1,3,16,oracle,False,0,True,False,False,True,7.279898987322333,True,7.279898987322333
v3_sc2_staging_00,L1,3,17,uncalibrated,False,0,True,False,False,True,8.0476659402887,True,8.0476659402887
v3_sc2_staging_00,L1,3,17,label_cell,False,0,False,False,False,False,nan,False,8.0476659402887
v3_sc2_staging_00,L1,3,17,label_only,False,0,False,False,False,False,nan,False,8.0476659402887
v3_sc2_staging_00,L1,3,17,pose_only,False,0,True,False,False,True,8.0476659402887,True,8.0476659402887
v3_sc2_staging_00,L1,3,17,separate,False,0,False,False,False,False,nan,False,8.0476659402887
v3_sc2_staging_00,L1,3,17,joint,False,0,False,False,False,False,nan,False,8.0476659402887
v3_sc2_staging_00,L1,3,17,oracle,False,0,True,False,False,True,8.0476659402887,True,8.0476659402887
v3_sc2_staging_00,L1,3,18,uncalibrated,False,0,True,False,False,True,4.272792206135786,True,4.272792206135786
v3_sc2_staging_00,L1,3,18,label_cell,False,0,False,False,False,False,nan,False,4.272792206135786
v3_sc2_staging_00,L1,3,18,label_only,False,0,False,False,False,False,nan,False,4.272792206135786
v3_sc2_staging_00,L1,3,18,pose_only,False,0,True,False,False,True,4.272792206135786,True,4.272792206135786
v3_sc2_staging_00,L1,3,18,separate,False,0,False,False,False,False,nan,False,4.272792206135786
v3_sc2_staging_00,L1,3,18,joint,False,0,False,False,False,False,nan,False,4.272792206135786
v3_sc2_staging_00,L1,3,18,oracle,False,0,True,False,False,True,4.272792206135786,True,4.272792206135786
v3_sc2_staging_00,L1,3,19,uncalibrated,False,0,True,False,False,True,5.350609665440988,True,5.392031021678297
v3_sc2_staging_00,L1,3,19,label_cell,False,0,False,False,False,False,nan,False,5.392031021678297
v3_sc2_staging_00,L1,3,19,label_only,False,0,False,False,False,False,nan,False,5.392031021678297
v3_sc2_staging_00,L1,3,19,pose_only,False,0,True,False,False,True,5.350609665440988,True,5.392031021678297
v3_sc2_staging_00,L1,3,19,separate,False,0,False,False,False,False,nan,False,5.392031021678297
v3_sc2_staging_00,L1,3,19,joint,False,0,False,False,False,False,nan,False,5.392031021678297
v3_sc2_staging_00,L1,3,19,oracle,False,0,True,False,False,True,5.392031021678297,True,5.392031021678297
v3_sc2_staging_00,L1,4,0,uncalibrated,False,0,True,False,False,True,7.2884776310850246,True,7.2884776310850246
v3_sc2_staging_00,L1,4,0,label_cell,False,0,False,False,False,False,nan,False,7.2884776310850246
v3_sc2_staging_00,L1,4,0,label_only,False,0,False,False,False,False,nan,False,7.2884776310850246
v3_sc2_staging_00,L1,4,0,pose_only,False,0,True,False,False,True,7.35918830920368,True,7.2884776310850246
v3_sc2_staging_00,L1,4,0,separate,False,0,False,False,False,False,nan,False,7.2884776310850246
v3_sc2_staging_00,L1,4,0,joint,False,0,False,False,False,False,nan,False,7.2884776310850246
v3_sc2_staging_00,L1,4,0,oracle,False,0,True,False,False,True,7.2884776310850246,True,7.2884776310850246
v3_sc2_staging_00,L1,4,1,uncalibrated,False,0,True,False,False,True,8.174873734152916,True,8.174873734152916
v3_sc2_staging_00,L1,4,1,label_cell,False,0,True,False,False,True,8.233452377915606,True,8.174873734152916
v3_sc2_staging_00,L1,4,1,label_only,False,0,False,False,False,False,nan,False,8.174873734152916
v3_sc2_staging_00,L1,4,1,pose_only,False,0,True,False,False,True,8.24558441227157,True,8.174873734152916
v3_sc2_staging_00,L1,4,1,separate,False,0,False,False,False,False,nan,False,8.174873734152916
v3_sc2_staging_00,L1,4,1,joint,False,0,False,False,False,False,nan,False,8.174873734152916
v3_sc2_staging_00,L1,4,1,oracle,False,0,True,False,False,True,8.174873734152916,True,8.174873734152916
v3_sc2_staging_00,L1,4,2,uncalibrated,False,0,True,False,False,True,3.9562445840513925,True,3.9562445840513925
v3_sc2_staging_00,L1,4,2,label_cell,False,0,True,False,False,True,3.9562445840513925,True,3.9562445840513925
v3_sc2_staging_00,L1,4,2,label_only,False,0,True,False,False,True,3.9562445840513925,True,3.9562445840513925
v3_sc2_staging_00,L1,4,2,pose_only,False,0,True,False,False,True,3.9562445840513925,True,3.9562445840513925
v3_sc2_staging_00,L1,4,2,separate,False,0,True,False,False,True,3.9562445840513925,True,3.9562445840513925
v3_sc2_staging_00,L1,4,2,joint,False,0,True,False,False,True,3.9562445840513925,True,3.9562445840513925
v3_sc2_staging_00,L1,4,2,oracle,False,0,True,False,False,True,3.9562445840513925,True,3.9562445840513925
v3_sc2_staging_00,L1,4,3,uncalibrated,False,0,True,False,False,True,3.3242640687119294,True,3.3242640687119294
v3_sc2_staging_00,L1,4,3,label_cell,False,0,True,False,False,True,3.3242640687119294,True,3.3242640687119294
v3_sc2_staging_00,L1,4,3,label_only,False,0,True,False,False,True,3.3242640687119294,True,3.3242640687119294
v3_sc2_staging_00,L1,4,3,pose_only,False,0,True,False,False,True,3.3242640687119294,True,3.3242640687119294
v3_sc2_staging_00,L1,4,3,separate,False,0,True,False,False,True,3.3242640687119294,True,3.3242640687119294
v3_sc2_staging_00,L1,4,3,joint,False,0,True,False,False,True,3.3242640687119294,True,3.3242640687119294
v3_sc2_staging_00,L1,4,3,oracle,False,0,True,False,False,True,3.3242640687119294,True,3.3242640687119294
v3_sc2_staging_00,L1,4,4,uncalibrated,False,0,True,False,False,True,5.850609665440988,True,5.850609665440988
v3_sc2_staging_00,L1,4,4,label_cell,False,0,False,False,False,False,nan,False,5.850609665440988
v3_sc2_staging_00,L1,4,4,label_only,False,0,False,False,False,False,nan,False,5.850609665440988
v3_sc2_staging_00,L1,4,4,pose_only,False,0,True,False,False,True,5.850609665440988,True,5.850609665440988
v3_sc2_staging_00,L1,4,4,separate,False,0,False,False,False,False,nan,False,5.850609665440988
v3_sc2_staging_00,L1,4,4,joint,False,0,False,False,False,False,nan,False,5.850609665440988
v3_sc2_staging_00,L1,4,4,oracle,False,0,True,False,False,True,5.850609665440988,True,5.850609665440988
v3_sc2_staging_00,L1,4,5,uncalibrated,False,0,True,False,False,True,4.153553390593274,True,4.153553390593274
v3_sc2_staging_00,L1,4,5,label_cell,False,0,True,False,False,True,4.153553390593274,True,4.153553390593274
v3_sc2_staging_00,L1,4,5,label_only,False,0,True,False,False,True,4.153553390593274,True,4.153553390593274
v3_sc2_staging_00,L1,4,5,pose_only,False,0,True,False,False,True,4.153553390593274,True,4.153553390593274
v3_sc2_staging_00,L1,4,5,separate,False,0,True,False,False,True,4.153553390593274,True,4.153553390593274
v3_sc2_staging_00,L1,4,5,joint,False,0,True,False,False,True,4.153553390593274,True,4.153553390593274
v3_sc2_staging_00,L1,4,5,oracle,False,0,True,False,False,True,4.153553390593274,True,4.153553390593274
v3_sc2_staging_00,L1,4,6,uncalibrated,False,0,True,False,False,True,7.156244584051395,True,7.156244584051395
v3_sc2_staging_00,L1,4,6,label_cell,False,0,False,False,False,False,nan,False,7.156244584051395
v3_sc2_staging_00,L1,4,6,label_only,False,0,False,False,False,False,nan,False,7.156244584051395
v3_sc2_staging_00,L1,4,6,pose_only,False,0,True,False,False,True,7.156244584051395,True,7.156244584051395
v3_sc2_staging_00,L1,4,6,separate,False,0,False,False,False,False,nan,False,7.156244584051395
v3_sc2_staging_00,L1,4,6,joint,False,0,False,False,False,False,nan,False,7.156244584051395
v3_sc2_staging_00,L1,4,6,oracle,False,0,True,False,False,True,7.156244584051395,True,7.156244584051395
v3_sc2_staging_00,L1,4,7,uncalibrated,False,0,True,False,False,True,7.524873734152917,True,7.524873734152917
v3_sc2_staging_00,L1,4,7,label_cell,False,0,False,False,False,False,nan,False,7.524873734152917
v3_sc2_staging_00,L1,4,7,label_only,False,0,False,False,False,False,nan,False,7.524873734152917
v3_sc2_staging_00,L1,4,7,pose_only,False,0,True,False,False,True,7.524873734152917,True,7.524873734152917
v3_sc2_staging_00,L1,4,7,separate,False,0,False,False,False,False,nan,False,7.524873734152917
v3_sc2_staging_00,L1,4,7,joint,False,0,False,False,False,False,nan,False,7.524873734152917
v3_sc2_staging_00,L1,4,7,oracle,False,0,True,False,False,True,7.524873734152917,True,7.524873734152917
v3_sc2_staging_00,L1,4,8,uncalibrated,False,0,True,False,False,True,3.0370057685088803,True,3.0370057685088803
v3_sc2_staging_00,L1,4,8,label_cell,False,0,True,False,False,True,3.0370057685088803,True,3.0370057685088803
v3_sc2_staging_00,L1,4,8,label_only,False,0,True,False,False,True,3.0370057685088803,True,3.0370057685088803
v3_sc2_staging_00,L1,4,8,pose_only,False,0,True,False,False,True,3.0370057685088803,True,3.0370057685088803
v3_sc2_staging_00,L1,4,8,separate,False,0,True,False,False,True,3.0370057685088803,True,3.0370057685088803
v3_sc2_staging_00,L1,4,8,joint,False,0,True,False,False,True,3.0370057685088803,True,3.0370057685088803
v3_sc2_staging_00,L1,4,8,oracle,False,0,True,False,False,True,3.0370057685088803,True,3.0370057685088803
v3_sc2_staging_00,L1,4,9,uncalibrated,False,0,True,False,False,True,8.685533905932738,True,8.685533905932738
v3_sc2_staging_00,L1,4,9,label_cell,False,0,False,False,False,False,nan,False,8.685533905932738
v3_sc2_staging_00,L1,4,9,label_only,False,0,False,False,False,False,nan,False,8.685533905932738
v3_sc2_staging_00,L1,4,9,pose_only,False,0,True,False,False,True,8.756244584051393,True,8.685533905932738
v3_sc2_staging_00,L1,4,9,separate,False,0,False,False,False,False,nan,False,8.685533905932738
v3_sc2_staging_00,L1,4,9,joint,False,0,False,False,False,False,nan,False,8.685533905932738
v3_sc2_staging_00,L1,4,9,oracle,False,0,True,False,False,True,8.685533905932738,True,8.685533905932738
v3_sc2_staging_00,L1,4,10,uncalibrated,False,0,True,False,False,True,3.0500000000000003,True,3.0500000000000003
v3_sc2_staging_00,L1,4,10,label_cell,False,0,True,False,False,True,3.0500000000000003,True,3.0500000000000003
v3_sc2_staging_00,L1,4,10,label_only,False,0,True,False,False,True,3.0500000000000003,True,3.0500000000000003
v3_sc2_staging_00,L1,4,10,pose_only,False,0,True,False,False,True,3.0500000000000003,True,3.0500000000000003
v3_sc2_staging_00,L1,4,10,separate,False,0,True,False,False,True,3.0500000000000003,True,3.0500000000000003
v3_sc2_staging_00,L1,4,10,joint,False,0,True,False,False,True,3.0500000000000003,True,3.0500000000000003
v3_sc2_staging_00,L1,4,10,oracle,False,0,True,False,False,True,3.0500000000000003,True,3.0500000000000003
v3_sc2_staging_00,L1,4,11,uncalibrated,False,0,True,False,False,True,4.881980515339464,True,4.881980515339464
v3_sc2_staging_00,L1,4,11,label_cell,False,0,False,False,False,False,nan,False,4.881980515339464
v3_sc2_staging_00,L1,4,11,label_only,False,0,True,False,False,True,4.881980515339464,True,4.881980515339464
v3_sc2_staging_00,L1,4,11,pose_only,False,0,True,False,False,True,4.881980515339464,True,4.881980515339464
v3_sc2_staging_00,L1,4,11,separate,False,0,True,False,False,True,4.881980515339464,True,4.881980515339464
v3_sc2_staging_00,L1,4,11,joint,False,0,True,False,False,True,4.881980515339464,True,4.881980515339464
v3_sc2_staging_00,L1,4,11,oracle,False,0,True,False,False,True,4.881980515339464,True,4.881980515339464
v3_sc2_staging_00,L1,4,12,uncalibrated,False,0,True,False,False,True,8.531980515339464,True,8.531980515339464
v3_sc2_staging_00,L1,4,12,label_cell,False,0,True,False,False,True,8.531980515339464,True,8.531980515339464
v3_sc2_staging_00,L1,4,12,label_only,False,0,False,False,False,False,nan,False,8.531980515339464
v3_sc2_staging_00,L1,4,12,pose_only,False,0,True,False,False,True,8.602691193458119,True,8.531980515339464
v3_sc2_staging_00,L1,4,12,separate,False,0,False,False,False,False,nan,False,8.531980515339464
v3_sc2_staging_00,L1,4,12,joint,False,0,False,False,False,False,nan,False,8.531980515339464
v3_sc2_staging_00,L1,4,12,oracle,False,0,True,False,False,True,8.531980515339464,True,8.531980515339464
v3_sc2_staging_00,L1,4,13,uncalibrated,False,0,True,False,False,True,3.9207106781186547,True,3.9207106781186547
v3_sc2_staging_00,L1,4,13,label_cell,False,0,True,False,False,True,3.9207106781186547,True,3.9207106781186547
v3_sc2_staging_00,L1,4,13,label_only,False,0,True,False,False,True,3.9207106781186547,True,3.9207106781186547
v3_sc2_staging_00,L1,4,13,pose_only,False,0,True,False,False,True,3.9207106781186547,True,3.9207106781186547
v3_sc2_staging_00,L1,4,13,separate,False,0,True,False,False,True,3.9207106781186547,True,3.9207106781186547
v3_sc2_staging_00,L1,4,13,joint,False,0,True,False,False,True,3.9207106781186547,True,3.9207106781186547
v3_sc2_staging_00,L1,4,13,oracle,False,0,True,False,False,True,3.9207106781186547,True,3.9207106781186547
v3_sc2_staging_00,L1,4,14,uncalibrated,False,0,True,False,False,True,7.169848480983504,True,7.169848480983504
v3_sc2_staging_00,L1,4,14,label_cell,False,0,False,False,False,False,nan,False,7.169848480983504
v3_sc2_staging_00,L1,4,14,label_only,False,0,False,False,False,False,nan,False,7.169848480983504
v3_sc2_staging_00,L1,4,14,pose_only,False,0,True,False,False,True,7.240559159102159,True,7.169848480983504
v3_sc2_staging_00,L1,4,14,separate,False,0,False,False,False,False,nan,False,7.169848480983504
v3_sc2_staging_00,L1,4,14,joint,False,0,False,False,False,False,nan,False,7.169848480983504
v3_sc2_staging_00,L1,4,14,oracle,False,0,True,False,False,True,7.169848480983504,True,7.169848480983504
v3_sc2_staging_00,L1,4,15,uncalibrated,False,0,True,False,False,True,9.529898987322332,True,9.529898987322332
v3_sc2_staging_00,L1,4,15,label_cell,False,0,True,False,False,True,9.529898987322332,True,9.529898987322332
v3_sc2_staging_00,L1,4,15,label_only,False,0,False,False,False,False,nan,False,9.529898987322332
v3_sc2_staging_00,L1,4,15,pose_only,False,0,True,False,False,True,9.600609665440988,True,9.529898987322332
v3_sc2_staging_00,L1,4,15,separate,False,0,False,False,False,False,nan,False,9.529898987322332
v3_sc2_staging_00,L1,4,15,joint,False,0,False,False,False,False,nan,False,9.529898987322332
v3_sc2_staging_00,L1,4,15,oracle,False,0,True,False,False,True,9.529898987322332,True,9.529898987322332
v3_sc2_staging_00,L1,4,16,uncalibrated,False,0,True,False,False,True,7.279898987322333,True,7.279898987322333
v3_sc2_staging_00,L1,4,16,label_cell,False,0,True,False,False,True,7.279898987322333,True,7.279898987322333
v3_sc2_staging_00,L1,4,16,label_only,False,0,False,False,False,False,nan,False,7.279898987322333
v3_sc2_staging_00,L1,4,16,pose_only,False,0,True,False,False,True,7.300609665440987,True,7.279898987322333
v3_sc2_staging_00,L1,4,16,separate,False,0,False,False,False,False,nan,False,7.279898987322333
v3_sc2_staging_00,L1,4,16,joint,False,0,False,False,False,False,nan,False,7.279898987322333
v3_sc2_staging_00,L1,4,16,oracle,False,0,True,False,False,True,7.279898987322333,True,7.279898987322333
v3_sc2_staging_00,L1,4,17,uncalibrated,False,0,True,False,False,True,8.0476659402887,True,8.0476659402887
v3_sc2_staging_00,L1,4,17,label_cell,False,0,False,False,False,False,nan,False,8.0476659402887
v3_sc2_staging_00,L1,4,17,label_only,False,0,False,False,False,False,nan,False,8.0476659402887
v3_sc2_staging_00,L1,4,17,pose_only,False,0,True,False,False,True,8.0476659402887,True,8.0476659402887
v3_sc2_staging_00,L1,4,17,separate,False,0,False,False,False,False,nan,False,8.0476659402887
v3_sc2_staging_00,L1,4,17,joint,False,0,False,False,False,False,nan,False,8.0476659402887
v3_sc2_staging_00,L1,4,17,oracle,False,0,True,False,False,True,8.0476659402887,True,8.0476659402887
v3_sc2_staging_00,L1,4,18,uncalibrated,False,0,True,False,False,True,4.314213562373095,True,4.314213562373095
v3_sc2_staging_00,L1,4,18,label_cell,False,0,False,False,False,False,nan,False,4.314213562373095
v3_sc2_staging_00,L1,4,18,label_only,False,0,False,False,False,False,nan,False,4.314213562373095
v3_sc2_staging_00,L1,4,18,pose_only,False,0,True,False,False,True,4.314213562373095,True,4.314213562373095
v3_sc2_staging_00,L1,4,18,separate,False,0,False,False,False,False,nan,False,4.314213562373095
v3_sc2_staging_00,L1,4,18,joint,False,0,False,False,False,False,nan,False,4.314213562373095
v3_sc2_staging_00,L1,4,18,oracle,False,0,True,False,False,True,4.314213562373095,True,4.314213562373095
v3_sc2_staging_00,L1,4,19,uncalibrated,False,0,True,False,False,True,5.392031021678298,True,5.392031021678298
v3_sc2_staging_00,L1,4,19,label_cell,False,0,False,False,False,False,nan,False,5.392031021678298
v3_sc2_staging_00,L1,4,19,label_only,False,0,False,False,False,False,nan,False,5.392031021678298
v3_sc2_staging_00,L1,4,19,pose_only,False,0,True,False,False,True,5.392031021678298,True,5.392031021678298
v3_sc2_staging_00,L1,4,19,separate,False,0,False,False,False,False,nan,False,5.392031021678298
v3_sc2_staging_00,L1,4,19,joint,False,0,False,False,False,False,nan,False,5.392031021678298
v3_sc2_staging_00,L1,4,19,oracle,False,0,True,False,False,True,5.392031021678298,True,5.392031021678298
v3_sc2_staging_00,L2,0,0,uncalibrated,False,0,True,False,False,True,7.3091883092036785,True,7.3091883092036785
v3_sc2_staging_00,L2,0,0,label_cell,False,0,False,False,False,False,nan,False,7.3091883092036785
v3_sc2_staging_00,L2,0,0,label_only,False,0,False,False,False,False,nan,False,7.3091883092036785
v3_sc2_staging_00,L2,0,0,pose_only,False,0,True,False,False,True,7.40918830920368,True,7.3091883092036785
v3_sc2_staging_00,L2,0,0,separate,False,0,False,False,False,False,nan,False,7.3091883092036785
v3_sc2_staging_00,L2,0,0,joint,False,0,False,False,False,False,nan,False,7.3091883092036785
v3_sc2_staging_00,L2,0,0,oracle,False,0,True,False,False,True,7.3091883092036785,True,7.3091883092036785
v3_sc2_staging_00,L2,0,1,uncalibrated,False,0,True,False,False,True,8.133452377915606,True,8.133452377915606
v3_sc2_staging_00,L2,0,1,label_cell,False,0,True,False,False,True,8.233452377915606,True,8.133452377915606
v3_sc2_staging_00,L2,0,1,label_only,False,0,False,False,False,False,nan,False,8.133452377915606
v3_sc2_staging_00,L2,0,1,pose_only,False,0,True,False,False,True,8.233452377915606,True,8.133452377915606
v3_sc2_staging_00,L2,0,1,separate,False,0,False,False,False,False,nan,False,8.133452377915606
v3_sc2_staging_00,L2,0,1,joint,False,0,False,False,False,False,nan,False,8.133452377915606
v3_sc2_staging_00,L2,0,1,oracle,False,0,True,False,False,True,8.133452377915606,True,8.133452377915606
v3_sc2_staging_00,L2,0,2,uncalibrated,False,0,True,False,False,True,3.926955262170048,True,3.926955262170048
v3_sc2_staging_00,L2,0,2,label_cell,False,0,True,False,False,True,3.926955262170048,True,3.926955262170048
v3_sc2_staging_00,L2,0,2,label_only,False,0,True,False,False,True,3.926955262170048,True,3.926955262170048
v3_sc2_staging_00,L2,0,2,pose_only,False,0,True,False,False,True,3.926955262170048,True,3.926955262170048
v3_sc2_staging_00,L2,0,2,separate,False,0,True,False,False,True,3.926955262170048,True,3.926955262170048
v3_sc2_staging_00,L2,0,2,joint,False,0,True,False,False,True,3.926955262170048,True,3.926955262170048
v3_sc2_staging_00,L2,0,2,oracle,False,0,True,False,False,True,3.926955262170048,True,3.926955262170048
v3_sc2_staging_00,L2,0,3,uncalibrated,False,0,True,False,False,True,3.3242640687119294,True,3.3242640687119294
v3_sc2_staging_00,L2,0,3,label_cell,False,0,True,False,False,True,3.3242640687119294,True,3.3242640687119294
v3_sc2_staging_00,L2,0,3,label_only,False,0,True,False,False,True,3.3242640687119294,True,3.3242640687119294
v3_sc2_staging_00,L2,0,3,pose_only,False,0,True,False,False,True,3.3242640687119294,True,3.3242640687119294
v3_sc2_staging_00,L2,0,3,separate,False,0,True,False,False,True,3.3242640687119294,True,3.3242640687119294
v3_sc2_staging_00,L2,0,3,joint,False,0,True,False,False,True,3.3242640687119294,True,3.3242640687119294
v3_sc2_staging_00,L2,0,3,oracle,False,0,True,False,False,True,3.3242640687119294,True,3.3242640687119294
v3_sc2_staging_00,L2,0,4,uncalibrated,False,0,True,False,False,True,5.929898987322334,True,5.879898987322334
v3_sc2_staging_00,L2,0,4,label_cell,False,0,False,False,False,False,nan,False,5.879898987322334
v3_sc2_staging_00,L2,0,4,label_only,False,0,False,False,False,False,nan,False,5.879898987322334
v3_sc2_staging_00,L2,0,4,pose_only,False,0,True,False,False,True,5.929898987322334,True,5.879898987322334
v3_sc2_staging_00,L2,0,4,separate,False,0,False,False,False,False,nan,False,5.879898987322334
v3_sc2_staging_00,L2,0,4,joint,False,0,False,False,False,False,nan,False,5.879898987322334
v3_sc2_staging_00,L2,0,4,oracle,False,0,True,False,False,True,5.879898987322334,True,5.879898987322334
v3_sc2_staging_00,L2,0,5,uncalibrated,False,0,True,False,False,True,4.132842712474619,True,4.132842712474619
v3_sc2_staging_00,L2,0,5,label_cell,False,0,True,False,False,True,4.132842712474619,True,4.132842712474619
v3_sc2_staging_00,L2,0,5,label_only,False,0,True,False,False,True,4.132842712474619,True,4.132842712474619
v3_sc2_staging_00,L2,0,5,pose_only,False,0,True,False,False,True,4.132842712474619,True,4.132842712474619
v3_sc2_staging_00,L2,0,5,separate,False,0,True,False,False,True,4.132842712474619,True,4.132842712474619
v3_sc2_staging_00,L2,0,5,joint,False,0,True,False,False,True,4.132842712474619,True,4.132842712474619
v3_sc2_staging_00,L2,0,5,oracle,False,0,True,False,False,True,4.132842712474619,True,4.132842712474619
v3_sc2_staging_00,L2,0,6,uncalibrated,False,0,True,False,False,True,7.214823227814086,True,7.185533905932741
v3_sc2_staging_00,L2,0,6,label_cell,False,0,False,False,False,False,nan,False,7.185533905932741
v3_sc2_staging_00,L2,0,6,label_only,False,0,False,False,False,False,nan,False,7.185533905932741
v3_sc2_staging_00,L2,0,6,pose_only,False,0,True,False,False,True,7.214823227814086,True,7.185533905932741
v3_sc2_staging_00,L2,0,6,separate,False,0,False,False,False,False,nan,False,7.185533905932741
v3_sc2_staging_00,L2,0,6,joint,False,0,False,False,False,False,nan,False,7.185533905932741
v3_sc2_staging_00,L2,0,6,oracle,False,0,True,False,False,True,7.185533905932741,True,7.185533905932741
v3_sc2_staging_00,L2,0,7,uncalibrated,False,0,True,False,False,True,7.533452377915606,True,7.533452377915606
v3_sc2_staging_00,L2,0,7,label_cell,False,0,False,False,False,False,nan,False,7.533452377915606
v3_sc2_staging_00,L2,0,7,label_only,False,0,False,False,False,False,nan,False,7.533452377915606
v3_sc2_staging_00,L2,0,7,pose_only,False,0,True,False,False,True,7.533452377915606,True,7.533452377915606
v3_sc2_staging_00,L2,0,7,separate,False,0,False,False,False,False,nan,False,7.533452377915606
v3_sc2_staging_00,L2,0,7,joint,False,0,False,False,False,False,nan,False,7.533452377915606
v3_sc2_staging_00,L2,0,7,oracle,False,0,True,False,False,True,7.533452377915606,True,7.533452377915606
v3_sc2_staging_00,L2,0,8,uncalibrated,False,0,True,False,False,True,3.0662950903902253,True,3.0662950903902253
v3_sc2_staging_00,L2,0,8,label_cell,False,0,True,False,False,True,3.0662950903902253,True,3.0662950903902253
v3_sc2_staging_00,L2,0,8,label_only,False,0,True,False,False,True,3.0662950903902253,True,3.0662950903902253
v3_sc2_staging_00,L2,0,8,pose_only,False,0,True,False,False,True,3.0662950903902253,True,3.0662950903902253
v3_sc2_staging_00,L2,0,8,separate,False,0,True,False,False,True,3.0662950903902253,True,3.0662950903902253
v3_sc2_staging_00,L2,0,8,joint,False,0,True,False,False,True,3.0662950903902253,True,3.0662950903902253
v3_sc2_staging_00,L2,0,8,oracle,False,0,True,False,False,True,3.0662950903902253,True,3.0662950903902253
v3_sc2_staging_00,L2,0,9,uncalibrated,False,0,True,False,False,True,8.676955262170049,True,8.676955262170049
v3_sc2_staging_00,L2,0,9,label_cell,False,0,False,False,False,False,nan,False,8.676955262170049
v3_sc2_staging_00,L2,0,9,label_only,False,0,False,False,False,False,nan,False,8.676955262170049
v3_sc2_staging_00,L2,0,9,pose_only,False,0,True,False,False,True,8.776955262170048,True,8.676955262170049
v3_sc2_staging_00,L2,0,9,separate,False,0,False,False,False,False,nan,False,8.676955262170049
v3_sc2_staging_00,L2,0,9,joint,False,0,False,False,False,False,nan,False,8.676955262170049
v3_sc2_staging_00,L2,0,9,oracle,False,0,True,False,False,True,8.676955262170049,True,8.676955262170049
v3_sc2_staging_00,L2,0,10,uncalibrated,False,0,True,False,False,True,3.0500000000000003,True,3.0500000000000003
v3_sc2_staging_00,L2,0,10,label_cell,False,0,True,False,False,True,3.0500000000000003,True,3.0500000000000003
v3_sc2_staging_00,L2,0,10,label_only,False,0,True,False,False,True,3.0500000000000003,True,3.0500000000000003
v3_sc2_staging_00,L2,0,10,pose_only,False,0,True,False,False,True,3.0500000000000003,True,3.0500000000000003
v3_sc2_staging_00,L2,0,10,separate,False,0,True,False,False,True,3.0500000000000003,True,3.0500000000000003
v3_sc2_staging_00,L2,0,10,joint,False,0,True,False,False,True,3.0500000000000003,True,3.0500000000000003
v3_sc2_staging_00,L2,0,10,oracle,False,0,True,False,False,True,3.0500000000000003,True,3.0500000000000003
v3_sc2_staging_00,L2,0,11,uncalibrated,False,0,True,False,False,True,4.902691193458118,True,4.902691193458118
v3_sc2_staging_00,L2,0,11,label_cell,False,0,False,False,False,False,nan,False,4.902691193458118
v3_sc2_staging_00,L2,0,11,label_only,False,0,True,False,False,True,4.902691193458118,True,4.902691193458118
v3_sc2_staging_00,L2,0,11,pose_only,False,0,True,False,False,True,4.902691193458118,True,4.902691193458118
v3_sc2_staging_00,L2,0,11,separate,False,0,True,False,False,True,4.902691193458118,True,4.902691193458118
v3_sc2_staging_00,L2,0,11,joint,False,0,True,False,False,True,4.902691193458118,True,4.902691193458118
v3_sc2_staging_00,L2,0,11,oracle,False,0,True,False,False,True,4.902691193458118,True,4.902691193458118
v3_sc2_staging_00,L2,0,12,uncalibrated,False,0,True,False,False,True,8.523401871576773,True,8.523401871576773
v3_sc2_staging_00,L2,0,12,label_cell,False,0,True,False,False,True,8.606244584051394,True,8.523401871576773
v3_sc2_staging_00,L2,0,12,label_only,False,0,False,False,False,False,nan,False,8.523401871576773
v3_sc2_staging_00,L2,0,12,pose_only,False,0,True,False,False,True,8.623401871576775,True,8.523401871576773
v3_sc2_staging_00,L2,0,12,separate,False,0,False,False,False,False,nan,False,8.523401871576773
v3_sc2_staging_00,L2,0,12,joint,False,0,False,False,False,False,nan,False,8.523401871576773
v3_sc2_staging_00,L2,0,12,oracle,False,0,True,False,False,True,8.523401871576773,True,8.523401871576773
v3_sc2_staging_00,L2,0,13,uncalibrated,False,0,True,False,False,True,3.9414213562373095,True,3.9414213562373095
v3_sc2_staging_00,L2,0,13,label_cell,False,0,True,False,False,True,3.9414213562373095,True,3.9414213562373095
v3_sc2_staging_00,L2,0,13,label_only,False,0,True,False,False,True,3.9414213562373095,True,3.9414213562373095
v3_sc2_staging_00,L2,0,13,pose_only,False,0,True,False,False,True,3.9414213562373095,True,3.9414213562373095
v3_sc2_staging_00,L2,0,13,separate,False,0,True,False,False,True,3.9414213562373095,True,3.9414213562373095
v3_sc2_staging_00,L2,0,13,joint,False,0,True,False,False,True,3.9414213562373095,True,3.9414213562373095
v3_sc2_staging_00,L2,0,13,oracle,False,0,True,False,False,True,3.9414213562373095,True,3.9414213562373095
v3_sc2_staging_00,L2,0,14,uncalibrated,False,0,True,False,False,True,7.1405591591021595,True,7.140559159102158
v3_sc2_staging_00,L2,0,14,label_cell,False,0,False,False,False,False,nan,False,7.140559159102158
v3_sc2_staging_00,L2,0,14,label_only,False,0,False,False,False,False,nan,False,7.140559159102158
v3_sc2_staging_00,L2,0,14,pose_only,False,0,True,False,False,True,7.240559159102159,True,7.140559159102158
v3_sc2_staging_00,L2,0,14,separate,False,0,False,False,False,False,nan,False,7.140559159102158
v3_sc2_staging_00,L2,0,14,joint,False,0,False,False,False,False,nan,False,7.140559159102158
v3_sc2_staging_00,L2,0,14,oracle,False,0,True,False,False,True,7.140559159102158,True,7.140559159102158
v3_sc2_staging_00,L2,0,15,uncalibrated,False,0,True,False,False,True,9.538477631085023,True,9.538477631085023
v3_sc2_staging_00,L2,0,15,label_cell,False,0,True,False,False,True,9.579898987322332,True,9.538477631085023
v3_sc2_staging_00,L2,0,15,label_only,False,0,False,False,False,False,nan,False,9.538477631085023
v3_sc2_staging_00,L2,0,15,pose_only,False,0,True,False,False,True,9.638477631085024,True,9.538477631085023
v3_sc2_staging_00,L2,0,15,separate,False,0,False,False,False,False,nan,False,9.538477631085023
v3_sc2_staging_00,L2,0,15,joint,False,0,False,False,False,False,nan,False,9.538477631085023
v3_sc2_staging_00,L2,0,15,oracle,False,0,True,False,False,True,9.538477631085023,True,9.538477631085023
v3_sc2_staging_00,L2,0,16,uncalibrated,False,0,True,False,False,True,7.259188309203679,True,7.259188309203679
v3_sc2_staging_00,L2,0,16,label_cell,False,0,True,False,False,True,7.321320343559643,True,7.259188309203679
v3_sc2_staging_00,L2,0,16,label_only,False,0,False,False,False,False,nan,False,7.259188309203679
v3_sc2_staging_00,L2,0,16,pose_only,False,0,True,False,False,True,7.2798989873223325,True,7.259188309203679
v3_sc2_staging_00,L2,0,16,separate,False,0,False,False,False,False,nan,False,7.259188309203679
v3_sc2_staging_00,L2,0,16,joint,False,0,False,False,False,False,nan,False,7.259188309203679
v3_sc2_staging_00,L2,0,16,oracle,False,0,True,False,False,True,7.259188309203679,True,7.259188309203679
v3_sc2_staging_00,L2,0,17,uncalibrated,False,0,True,False,False,True,8.126955262170048,True,8.056244584051393
v3_sc2_staging_00,L2,0,17,label_cell,False,0,False,False,False,False,nan,False,8.056244584051393
v3_sc2_staging_00,L2,0,17,label_only,False,0,False,False,False,False,nan,False,8.056244584051393
v3_sc2_staging_00,L2,0,17,pose_only,False,0,True,False,False,True,8.126955262170048,True,8.056244584051393
v3_sc2_staging_00,L2,0,17,separate,False,0,False,False,False,False,nan,False,8.056244584051393
v3_sc2_staging_00,L2,0,17,joint,False,0,False,False,False,False,nan,False,8.056244584051393
v3_sc2_staging_00,L2,0,17,oracle,False,0,True,False,False,True,8.056244584051393,True,8.056244584051393
v3_sc2_staging_00,L2,0,18,uncalibrated,False,0,True,False,False,True,4.414213562373095,True,4.34350288425444
v3_sc2_staging_00,L2,0,18,label_cell,False,0,False,False,False,False,nan,False,4.34350288425444
v3_sc2_staging_00,L2,0,18,label_only,False,0,False,False,False,False,nan,False,4.34350288425444
v3_sc2_staging_00,L2,0,18,pose_only,False,0,True,False,False,True,4.414213562373095,True,4.34350288425444
v3_sc2_staging_00,L2,0,18,separate,False,0,False,False,False,False,nan,False,4.34350288425444
v3_sc2_staging_00,L2,0,18,joint,False,0,False,False,False,False,nan,False,4.34350288425444
v3_sc2_staging_00,L2,0,18,oracle,False,0,True,False,False,True,4.34350288425444,True,4.34350288425444
v3_sc2_staging_00,L2,0,19,uncalibrated,False,0,True,False,False,True,5.462741699796953,True,5.442031021678297
v3_sc2_staging_00,L2,0,19,label_cell,False,0,False,False,False,False,nan,False,5.442031021678297
v3_sc2_staging_00,L2,0,19,label_only,False,0,False,False,False,False,nan,False,5.442031021678297
v3_sc2_staging_00,L2,0,19,pose_only,False,0,True,False,False,True,5.462741699796953,True,5.442031021678297
v3_sc2_staging_00,L2,0,19,separate,False,0,False,False,False,False,nan,False,5.442031021678297
v3_sc2_staging_00,L2,0,19,joint,False,0,False,False,False,False,nan,False,5.442031021678297
v3_sc2_staging_00,L2,0,19,oracle,False,0,True,False,False,True,5.442031021678297,True,5.442031021678297
v3_sc2_staging_00,L2,1,0,uncalibrated,False,0,True,False,False,True,7.259188309203679,True,7.2884776310850246
v3_sc2_staging_00,L2,1,0,label_cell,False,0,False,False,False,False,nan,False,7.2884776310850246
v3_sc2_staging_00,L2,1,0,label_only,False,0,False,False,False,False,nan,False,7.2884776310850246
v3_sc2_staging_00,L2,1,0,pose_only,False,0,True,False,False,True,7.35918830920368,True,7.2884776310850246
v3_sc2_staging_00,L2,1,0,separate,False,0,False,False,False,False,nan,False,7.2884776310850246
v3_sc2_staging_00,L2,1,0,joint,False,0,False,False,False,False,nan,False,7.2884776310850246
v3_sc2_staging_00,L2,1,0,oracle,False,0,True,False,False,True,7.2884776310850246,True,7.2884776310850246
v3_sc2_staging_00,L2,1,1,uncalibrated,False,0,True,False,False,True,8.145584412271573,True,8.174873734152916
v3_sc2_staging_00,L2,1,1,label_cell,False,0,True,False,False,True,8.292031021678298,True,8.174873734152916
v3_sc2_staging_00,L2,1,1,label_only,False,0,False,False,False,False,nan,False,8.174873734152916
v3_sc2_staging_00,L2,1,1,pose_only,False,0,True,False,False,True,8.24558441227157,True,8.174873734152916
v3_sc2_staging_00,L2,1,1,separate,False,0,False,False,False,False,nan,False,8.174873734152916
v3_sc2_staging_00,L2,1,1,joint,False,0,False,False,False,False,nan,False,8.174873734152916
v3_sc2_staging_00,L2,1,1,oracle,False,0,True,False,False,True,8.174873734152916,True,8.174873734152916
v3_sc2_staging_00,L2,1,2,uncalibrated,False,0,True,False,False,True,3.9562445840513925,True,3.9562445840513925
v3_sc2_staging_00,L2,1,2,label_cell,False,0,True,False,False,True,3.9562445840513925,True,3.9562445840513925
v3_sc2_staging_00,L2,1,2,label_only,False,0,True,False,False,True,3.9562445840513925,True,3.9562445840513925
v3_sc2_staging_00,L2,1,2,pose_only,False,0,True,False,False,True,3.9562445840513925,True,3.9562445840513925
v3_sc2_staging_00,L2,1,2,separate,False,0,True,False,False,True,3.9562445840513925,True,3.9562445840513925
v3_sc2_staging_00,L2,1,2,joint,False,0,True,False,False,True,3.9562445840513925,True,3.9562445840513925
v3_sc2_staging_00,L2,1,2,oracle,False,0,True,False,False,True,3.9562445840513925,True,3.9562445840513925
v3_sc2_staging_00,L2,1,3,uncalibrated,False,0,True,False,False,True,3.3242640687119294,True,3.3242640687119294
v3_sc2_staging_00,L2,1,3,label_cell,False,0,True,False,False,True,3.3242640687119294,True,3.3242640687119294
v3_sc2_staging_00,L2,1,3,label_only,False,0,True,False,False,True,3.3242640687119294,True,3.3242640687119294
v3_sc2_staging_00,L2,1,3,pose_only,False,0,True,False,False,True,3.3242640687119294,True,3.3242640687119294
v3_sc2_staging_00,L2,1,3,separate,False,0,True,False,False,True,3.3242640687119294,True,3.3242640687119294
v3_sc2_staging_00,L2,1,3,joint,False,0,True,False,False,True,3.3242640687119294,True,3.3242640687119294
v3_sc2_staging_00,L2,1,3,oracle,False,0,True,False,False,True,3.3242640687119294,True,3.3242640687119294
v3_sc2_staging_00,L2,1,4,uncalibrated,False,0,True,False,False,True,5.829898987322334,True,5.850609665440989
v3_sc2_staging_00,L2,1,4,label_cell,False,0,False,False,False,False,nan,False,5.850609665440989
v3_sc2_staging_00,L2,1,4,label_only,False,0,False,False,False,False,nan,False,5.850609665440989
v3_sc2_staging_00,L2,1,4,pose_only,False,0,True,False,False,True,5.829898987322334,True,5.850609665440989
v3_sc2_staging_00,L2,1,4,separate,False,0,False,False,False,False,nan,False,5.850609665440989
v3_sc2_staging_00,L2,1,4,joint,False,0,False,False,False,False,nan,False,5.850609665440989
v3_sc2_staging_00,L2,1,4,oracle,False,0,True,False,False,True,5.850609665440989,True,5.850609665440989
v3_sc2_staging_00,L2,1,5,uncalibrated,False,0,True,False,False,True,4.153553390593274,True,4.153553390593274
v3_sc2_staging_00,L2,1,5,label_cell,False,0,True,False,False,True,4.153553390593274,True,4.153553390593274
v3_sc2_staging_00,L2,1,5,label_only,False,0,True,False,False,True,4.153553390593274,True,4.153553390593274
v3_sc2_staging_00,L2,1,5,pose_only,False,0,True,False,False,True,4.153553390593274,True,4.153553390593274
v3_sc2_staging_00,L2,1,5,separate,False,0,True,False,False,True,4.153553390593274,True,4.153553390593274
v3_sc2_staging_00,L2,1,5,joint,False,0,True,False,False,True,4.153553390593274,True,4.153553390593274
v3_sc2_staging_00,L2,1,5,oracle,False,0,True,False,False,True,4.153553390593274,True,4.153553390593274
v3_sc2_staging_00,L2,1,6,uncalibrated,False,0,True,False,False,True,7.114823227814085,True,7.185533905932741
v3_sc2_staging_00,L2,1,6,label_cell,False,0,False,False,False,False,nan,False,7.185533905932741
v3_sc2_staging_00,L2,1,6,label_only,False,0,False,False,False,False,nan,False,7.185533905932741
v3_sc2_staging_00,L2,1,6,pose_only,False,0,True,False,False,True,7.114823227814085,True,7.185533905932741
v3_sc2_staging_00,L2,1,6,separate,False,0,False,False,False,False,nan,False,7.185533905932741
v3_sc2_staging_00,L2,1,6,joint,False,0,False,False,False,False,nan,False,7.185533905932741
v3_sc2_staging_00,L2,1,6,oracle,False,0,True,False,False,True,7.185533905932741,True,7.185533905932741
v3_sc2_staging_00,L2,1,7,uncalibrated,False,0,True,False,False,True,7.524873734152917,True,7.524873734152917
v3_sc2_staging_00,L2,1,7,label_cell,False,0,False,False,False,False,nan,False,7.524873734152917
v3_sc2_staging_00,L2,1,7,label_only,False,0,False,False,False,False,nan,False,7.524873734152917
v3_sc2_staging_00,L2,1,7,pose_only,False,0,True,False,False,True,7.524873734152917,True,7.524873734152917
v3_sc2_staging_00,L2,1,7,separate,False,0,False,False,False,False,nan,False,7.524873734152917
v3_sc2_staging_00,L2,1,7,joint,False,0,False,False,False,False,nan,False,7.524873734152917
v3_sc2_staging_00,L2,1,7,oracle,False,0,True,False,False,True,7.524873734152917,True,7.524873734152917
v3_sc2_staging_00,L2,1,8,uncalibrated,False,0,True,False,False,True,3.0370057685088803,True,3.0370057685088803
v3_sc2_staging_00,L2,1,8,label_cell,False,0,False,False,False,False,nan,False,3.0370057685088803
v3_sc2_staging_00,L2,1,8,label_only,False,0,True,False,False,True,3.0370057685088803,True,3.0370057685088803
v3_sc2_staging_00,L2,1,8,pose_only,False,0,True,False,False,True,3.0370057685088803,True,3.0370057685088803
v3_sc2_staging_00,L2,1,8,separate,False,0,True,False,False,True,3.0370057685088803,True,3.0370057685088803
v3_sc2_staging_00,L2,1,8,joint,False,0,True,False,False,True,3.0370057685088803,True,3.0370057685088803
v3_sc2_staging_00,L2,1,8,oracle,False,0,True,False,False,True,3.0370057685088803,True,3.0370057685088803
v3_sc2_staging_00,L2,1,9,uncalibrated,False,0,True,False,False,True,8.656244584051393,True,8.685533905932738
v3_sc2_staging_00,L2,1,9,label_cell,False,0,False,False,False,False,nan,False,8.685533905932738
v3_sc2_staging_00,L2,1,9,label_only,False,0,False,False,False,False,nan,False,8.685533905932738
v3_sc2_staging_00,L2,1,9,pose_only,False,0,True,False,False,True,8.756244584051393,True,8.685533905932738
v3_sc2_staging_00,L2,1,9,separate,False,0,False,False,False,False,nan,False,8.685533905932738
v3_sc2_staging_00,L2,1,9,joint,False,0,False,False,False,False,nan,False,8.685533905932738
v3_sc2_staging_00,L2,1,9,oracle,False,0,True,False,False,True,8.685533905932738,True,8.685533905932738
v3_sc2_staging_00,L2,1,10,uncalibrated,False,0,True,False,False,True,3.0500000000000003,True,3.0500000000000003
v3_sc2_staging_00,L2,1,10,label_cell,False,0,True,False,False,True,3.0500000000000003,True,3.0500000000000003
v3_sc2_staging_00,L2,1,10,label_only,False,0,True,False,False,True,3.0500000000000003,True,3.0500000000000003
v3_sc2_staging_00,L2,1,10,pose_only,False,0,True,False,False,True,3.0500000000000003,True,3.0500000000000003
v3_sc2_staging_00,L2,1,10,separate,False,0,True,False,False,True,3.0500000000000003,True,3.0500000000000003
v3_sc2_staging_00,L2,1,10,joint,False,0,True,False,False,True,3.0500000000000003,True,3.0500000000000003
v3_sc2_staging_00,L2,1,10,oracle,False,0,True,False,False,True,3.0500000000000003,True,3.0500000000000003
v3_sc2_staging_00,L2,1,11,uncalibrated,False,0,True,False,False,True,4.881980515339464,True,4.881980515339464
v3_sc2_staging_00,L2,1,11,label_cell,False,0,False,False,False,False,nan,False,4.881980515339464
v3_sc2_staging_00,L2,1,11,label_only,False,0,True,False,False,True,4.881980515339464,True,4.881980515339464
v3_sc2_staging_00,L2,1,11,pose_only,False,0,True,False,False,True,4.881980515339464,True,4.881980515339464
v3_sc2_staging_00,L2,1,11,separate,False,0,True,False,False,True,4.881980515339464,True,4.881980515339464
v3_sc2_staging_00,L2,1,11,joint,False,0,True,False,False,True,4.881980515339464,True,4.881980515339464
v3_sc2_staging_00,L2,1,11,oracle,False,0,True,False,False,True,4.881980515339464,True,4.881980515339464
v3_sc2_staging_00,L2,1,12,uncalibrated,False,0,True,False,False,True,8.50269119345812,True,8.531980515339464
v3_sc2_staging_00,L2,1,12,label_cell,False,0,True,False,False,True,8.531980515339464,True,8.531980515339464
v3_sc2_staging_00,L2,1,12,label_only,False,0,False,False,False,False,nan,False,8.531980515339464
v3_sc2_staging_00,L2,1,12,pose_only,False,0,True,False,False,True,8.602691193458119,True,8.531980515339464
v3_sc2_staging_00,L2,1,12,separate,False,0,False,False,False,False,nan,False,8.531980515339464
v3_sc2_staging_00,L2,1,12,joint,False,0,False,False,False,False,nan,False,8.531980515339464
v3_sc2_staging_00,L2,1,12,oracle,False,0,True,False,False,True,8.531980515339464,True,8.531980515339464
v3_sc2_staging_00,L2,1,13,uncalibrated,False,0,True,False,False,True,3.9207106781186547,True,3.9207106781186547
v3_sc2_staging_00,L2,1,13,label_cell,False,0,True,False,False,True,3.9207106781186547,True,3.9207106781186547
v3_sc2_staging_00,L2,1,13,label_only,False,0,True,False,False,True,3.9207106781186547,True,3.9207106781186547
v3_sc2_staging_00,L2,1,13,pose_only,False,0,True,False,False,True,3.9207106781186547,True,3.9207106781186547
v3_sc2_staging_00,L2,1,13,separate,False,0,True,False,False,True,3.9207106781186547,True,3.9207106781186547
v3_sc2_staging_00,L2,1,13,joint,False,0,True,False,False,True,3.9207106781186547,True,3.9207106781186547
v3_sc2_staging_00,L2,1,13,oracle,False,0,True,False,False,True,3.9207106781186547,True,3.9207106781186547
v3_sc2_staging_00,L2,1,14,uncalibrated,False,0,True,False,False,True,7.140559159102158,True,7.169848480983504
v3_sc2_staging_00,L2,1,14,label_cell,False,0,False,False,False,False,nan,False,7.169848480983504
v3_sc2_staging_00,L2,1,14,label_only,False,0,False,False,False,False,nan,False,7.169848480983504
v3_sc2_staging_00,L2,1,14,pose_only,False,0,True,False,False,True,7.240559159102159,True,7.169848480983504
v3_sc2_staging_00,L2,1,14,separate,False,0,False,False,False,False,nan,False,7.169848480983504
v3_sc2_staging_00,L2,1,14,joint,False,0,False,False,False,False,nan,False,7.169848480983504
v3_sc2_staging_00,L2,1,14,oracle,False,0,True,False,False,True,7.169848480983504,True,7.169848480983504
v3_sc2_staging_00,L2,1,15,uncalibrated,False,0,True,False,False,True,9.500609665440988,True,9.529898987322332
v3_sc2_staging_00,L2,1,15,label_cell,False,0,True,False,False,True,9.529898987322332,True,9.529898987322332
v3_sc2_staging_00,L2,1,15,label_only,False,0,False,False,False,False,nan,False,9.529898987322332
v3_sc2_staging_00,L2,1,15,pose_only,False,0,True,False,False,True,9.600609665440988,True,9.529898987322332
v3_sc2_staging_00,L2,1,15,separate,False,0,False,False,False,False,nan,False,9.529898987322332
v3_sc2_staging_00,L2,1,15,joint,False,0,False,False,False,False,nan,False,9.529898987322332
v3_sc2_staging_00,L2,1,15,oracle,False,0,True,False,False,True,9.529898987322332,True,9.529898987322332
v3_sc2_staging_00,L2,1,16,uncalibrated,False,0,True,False,False,True,7.279898987322333,True,7.279898987322333
v3_sc2_staging_00,L2,1,16,label_cell,False,0,True,False,False,True,7.279898987322333,True,7.279898987322333
v3_sc2_staging_00,L2,1,16,label_only,False,0,False,False,False,False,nan,False,7.279898987322333
v3_sc2_staging_00,L2,1,16,pose_only,False,0,True,False,False,True,7.300609665440987,True,7.279898987322333
v3_sc2_staging_00,L2,1,16,separate,False,0,False,False,False,False,nan,False,7.279898987322333
v3_sc2_staging_00,L2,1,16,joint,False,0,False,False,False,False,nan,False,7.279898987322333
v3_sc2_staging_00,L2,1,16,oracle,False,0,True,False,False,True,7.279898987322333,True,7.279898987322333
v3_sc2_staging_00,L2,1,17,uncalibrated,False,0,True,False,False,True,8.006244584051393,True,8.0476659402887
v3_sc2_staging_00,L2,1,17,label_cell,False,0,False,False,False,False,nan,False,8.0476659402887
v3_sc2_staging_00,L2,1,17,label_only,False,0,False,False,False,False,nan,False,8.0476659402887
v3_sc2_staging_00,L2,1,17,pose_only,False,0,True,False,False,True,8.006244584051393,True,8.0476659402887
v3_sc2_staging_00,L2,1,17,separate,False,0,False,False,False,False,nan,False,8.0476659402887
v3_sc2_staging_00,L2,1,17,joint,False,0,False,False,False,False,nan,False,8.0476659402887
v3_sc2_staging_00,L2,1,17,oracle,False,0,True,False,False,True,8.0476659402887,True,8.0476659402887
v3_sc2_staging_00,L2,1,18,uncalibrated,False,0,True,False,False,True,4.272792206135786,True,4.314213562373095
v3_sc2_staging_00,L2,1,18,label_cell,False,0,False,False,False,False,nan,False,4.314213562373095
v3_sc2_staging_00,L2,1,18,label_only,False,0,False,False,False,False,nan,False,4.314213562373095
v3_sc2_staging_00,L2,1,18,pose_only,False,0,True,False,False,True,4.272792206135786,True,4.314213562373095
v3_sc2_staging_00,L2,1,18,separate,False,0,False,False,False,False,nan,False,4.314213562373095
v3_sc2_staging_00,L2,1,18,joint,False,0,False,False,False,False,nan,False,4.314213562373095
v3_sc2_staging_00,L2,1,18,oracle,False,0,True,False,False,True,4.314213562373095,True,4.314213562373095
v3_sc2_staging_00,L2,1,19,uncalibrated,False,0,True,False,False,True,5.350609665440988,True,5.392031021678297
v3_sc2_staging_00,L2,1,19,label_cell,False,0,False,False,False,False,nan,False,5.392031021678297
v3_sc2_staging_00,L2,1,19,label_only,False,0,False,False,False,False,nan,False,5.392031021678297
v3_sc2_staging_00,L2,1,19,pose_only,False,0,True,False,False,True,5.350609665440988,True,5.392031021678297
v3_sc2_staging_00,L2,1,19,separate,False,0,False,False,False,False,nan,False,5.392031021678297
v3_sc2_staging_00,L2,1,19,joint,False,0,False,False,False,False,nan,False,5.392031021678297
v3_sc2_staging_00,L2,1,19,oracle,False,0,True,False,False,True,5.392031021678297,True,5.392031021678297
v3_sc2_staging_00,L2,2,0,uncalibrated,False,0,True,False,False,True,7.267766952966369,True,7.267766952966369
v3_sc2_staging_00,L2,2,0,label_cell,False,0,False,False,False,False,nan,False,7.267766952966369
v3_sc2_staging_00,L2,2,0,label_only,False,0,False,False,False,False,nan,False,7.267766952966369
v3_sc2_staging_00,L2,2,0,pose_only,False,0,True,False,False,True,7.367766952966369,True,7.267766952966369
v3_sc2_staging_00,L2,2,0,separate,False,0,False,False,False,False,nan,False,7.267766952966369
v3_sc2_staging_00,L2,2,0,joint,False,0,False,False,False,False,nan,False,7.267766952966369
v3_sc2_staging_00,L2,2,0,oracle,False,0,True,False,False,True,7.267766952966369,True,7.267766952966369
v3_sc2_staging_00,L2,2,1,uncalibrated,False,0,True,False,False,True,8.195584412271572,True,8.195584412271572
v3_sc2_staging_00,L2,2,1,label_cell,False,0,True,False,False,True,8.283452377915607,True,8.195584412271572
v3_sc2_staging_00,L2,2,1,label_only,False,0,False,False,False,False,nan,False,8.195584412271572
v3_sc2_staging_00,L2,2,1,pose_only,False,0,True,False,False,True,8.295584412271571,True,8.195584412271572
v3_sc2_staging_00,L2,2,1,separate,False,0,False,False,False,False,nan,False,8.195584412271572
v3_sc2_staging_00,L2,2,1,joint,False,0,False,False,False,False,nan,False,8.195584412271572
v3_sc2_staging_00,L2,2,1,oracle,False,0,True,False,False,True,8.195584412271572,True,8.195584412271572
v3_sc2_staging_00,L2,2,2,uncalibrated,False,0,True,False,False,True,3.985533905932738,True,3.985533905932738
v3_sc2_staging_00,L2,2,2,label_cell,False,0,True,False,False,True,3.985533905932738,True,3.985533905932738
v3_sc2_staging_00,L2,2,2,label_only,False,0,True,False,False,True,3.985533905932738,True,3.985533905932738
v3_sc2_staging_00,L2,2,2,pose_only,False,0,True,False,False,True,3.985533905932738,True,3.985533905932738
v3_sc2_staging_00,L2,2,2,separate,False,0,True,False,False,True,3.985533905932738,True,3.985533905932738
v3_sc2_staging_00,L2,2,2,joint,False,0,True,False,False,True,3.985533905932738,True,3.985533905932738
v3_sc2_staging_00,L2,2,2,oracle,False,0,True,False,False,True,3.985533905932738,True,3.985533905932738
v3_sc2_staging_00,L2,2,3,uncalibrated,False,0,True,False,False,True,3.3242640687119294,True,3.3242640687119294
v3_sc2_staging_00,L2,2,3,label_cell,False,0,True,False,False,True,3.3242640687119294,True,3.3242640687119294
v3_sc2_staging_00,L2,2,3,label_only,False,0,True,False,False,True,3.3242640687119294,True,3.3242640687119294
v3_sc2_staging_00,L2,2,3,pose_only,False,0,True,False,False,True,3.3242640687119294,True,3.3242640687119294
v3_sc2_staging_00,L2,2,3,separate,False,0,True,False,False,True,3.3242640687119294,True,3.3242640687119294
v3_sc2_staging_00,L2,2,3,joint,False,0,True,False,False,True,3.3242640687119294,True,3.3242640687119294
v3_sc2_staging_00,L2,2,3,oracle,False,0,True,False,False,True,3.3242640687119294,True,3.3242640687119294
v3_sc2_staging_00,L2,2,4,uncalibrated,False,0,True,False,False,True,5.842031021678299,True,5.871320343559643
v3_sc2_staging_00,L2,2,4,label_cell,False,0,False,False,False,False,nan,False,5.871320343559643
v3_sc2_staging_00,L2,2,4,label_only,False,0,False,False,False,False,nan,False,5.871320343559643
v3_sc2_staging_00,L2,2,4,pose_only,False,0,True,False,False,True,5.842031021678299,True,5.871320343559643
v3_sc2_staging_00,L2,2,4,separate,False,0,False,False,False,False,nan,False,5.871320343559643
v3_sc2_staging_00,L2,2,4,joint,False,0,False,False,False,False,nan,False,5.871320343559643
v3_sc2_staging_00,L2,2,4,oracle,False,0,True,False,False,True,5.871320343559643,True,5.871320343559643
v3_sc2_staging_00,L2,2,5,uncalibrated,False,0,True,False,False,True,4.174264068711929,True,4.174264068711929
v3_sc2_staging_00,L2,2,5,label_cell,False,0,True,False,False,True,4.174264068711929,True,4.174264068711929
v3_sc2_staging_00,L2,2,5,label_only,False,0,True,False,False,True,4.174264068711929,True,4.174264068711929
v3_sc2_staging_00,L2,2,5,pose_only,False,0,True,False,False,True,4.174264068711929,True,4.174264068711929
v3_sc2_staging_00,L2,2,5,separate,False,0,True,False,False,True,4.174264068711929,True,4.174264068711929
v3_sc2_staging_00,L2,2,5,joint,False,0,True,False,False,True,4.174264068711929,True,4.174264068711929
v3_sc2_staging_00,L2,2,5,oracle,False,0,True,False,False,True,4.174264068711929,True,4.174264068711929
v3_sc2_staging_00,L2,2,6,uncalibrated,False,0,True,False,False,True,7.276955262170052,True,7.247665940288704
v3_sc2_staging_00,L2,2,6,label_cell,False,0,False,False,False,False,nan,False,7.247665940288704
v3_sc2_staging_00,L2,2,6,label_only,False,0,False,False,False,False,nan,False,7.247665940288704
v3_sc2_staging_00,L2,2,6,pose_only,False,0,True,False,False,True,7.276955262170052,True,7.247665940288704
v3_sc2_staging_00,L2,2,6,separate,False,0,False,False,False,False,nan,False,7.247665940288704
v3_sc2_staging_00,L2,2,6,joint,False,0,False,False,False,False,nan,False,7.247665940288704
v3_sc2_staging_00,L2,2,6,oracle,False,0,True,False,False,True,7.247665940288704,True,7.247665940288704
v3_sc2_staging_00,L2,2,7,uncalibrated,False,0,True,False,False,True,7.566295090390227,True,7.566295090390227
v3_sc2_staging_00,L2,2,7,label_cell,False,0,False,False,False,False,nan,False,7.566295090390227
v3_sc2_staging_00,L2,2,7,label_only,False,0,False,False,False,False,nan,False,7.566295090390227
v3_sc2_staging_00,L2,2,7,pose_only,False,0,True,False,False,True,7.566295090390227,True,7.566295090390227
v3_sc2_staging_00,L2,2,7,separate,False,0,False,False,False,False,nan,False,7.566295090390227
v3_sc2_staging_00,L2,2,7,joint,False,0,False,False,False,False,nan,False,7.566295090390227
v3_sc2_staging_00,L2,2,7,oracle,False,0,True,False,False,True,7.566295090390227,True,7.566295090390227
v3_sc2_staging_00,L2,2,8,uncalibrated,False,0,True,False,False,True,3.0077164466275352,True,3.0077164466275352
v3_sc2_staging_00,L2,2,8,label_cell,False,0,False,False,False,False,nan,False,3.0077164466275352
v3_sc2_staging_00,L2,2,8,label_only,False,0,True,False,False,True,3.0077164466275352,True,3.0077164466275352
v3_sc2_staging_00,L2,2,8,pose_only,False,0,True,False,False,True,3.0077164466275352,True,3.0077164466275352
v3_sc2_staging_00,L2,2,8,separate,False,0,True,False,False,True,3.0077164466275352,True,3.0077164466275352
v3_sc2_staging_00,L2,2,8,joint,False,0,True,False,False,True,3.0077164466275352,True,3.0077164466275352
v3_sc2_staging_00,L2,2,8,oracle,False,0,True,False,False,True,3.0077164466275352,True,3.0077164466275352
v3_sc2_staging_00,L2,2,9,uncalibrated,False,0,True,False,False,True,8.664823227814084,True,8.664823227814084
v3_sc2_staging_00,L2,2,9,label_cell,False,0,False,False,False,False,nan,False,8.664823227814084
v3_sc2_staging_00,L2,2,9,label_only,False,0,False,False,False,False,nan,False,8.664823227814084
v3_sc2_staging_00,L2,2,9,pose_only,False,0,True,False,False,True,8.764823227814084,True,8.664823227814084
v3_sc2_staging_00,L2,2,9,separate,False,0,False,False,False,False,nan,False,8.664823227814084
v3_sc2_staging_00,L2,2,9,joint,False,0,False,False,False,False,nan,False,8.664823227814084
v3_sc2_staging_00,L2,2,9,oracle,False,0,True,False,False,True,8.664823227814084,True,8.664823227814084
v3_sc2_staging_00,L2,2,10,uncalibrated,False,0,True,False,False,True,3.0500000000000003,True,3.0500000000000003
v3_sc2_staging_00,L2,2,10,label_cell,False,0,True,False,False,True,3.0500000000000003,True,3.0500000000000003
v3_sc2_staging_00,L2,2,10,label_only,False,0,True,False,False,True,3.0500000000000003,True,3.0500000000000003
v3_sc2_staging_00,L2,2,10,pose_only,False,0,True,False,False,True,3.0500000000000003,True,3.0500000000000003
v3_sc2_staging_00,L2,2,10,separate,False,0,True,False,False,True,3.0500000000000003,True,3.0500000000000003
v3_sc2_staging_00,L2,2,10,joint,False,0,True,False,False,True,3.0500000000000003,True,3.0500000000000003
v3_sc2_staging_00,L2,2,10,oracle,False,0,True,False,False,True,3.0500000000000003,True,3.0500000000000003
v3_sc2_staging_00,L2,2,11,uncalibrated,False,0,True,False,False,True,4.861269837220809,True,4.861269837220809
v3_sc2_staging_00,L2,2,11,label_cell,False,0,False,False,False,False,nan,False,4.861269837220809
v3_sc2_staging_00,L2,2,11,label_only,False,0,True,False,False,True,4.861269837220809,True,4.861269837220809
v3_sc2_staging_00,L2,2,11,pose_only,False,0,True,False,False,True,4.861269837220809,True,4.861269837220809
v3_sc2_staging_00,L2,2,11,separate,False,0,True,False,False,True,4.861269837220809,True,4.861269837220809
v3_sc2_staging_00,L2,2,11,joint,False,0,True,False,False,True,4.861269837220809,True,4.861269837220809
v3_sc2_staging_00,L2,2,11,oracle,False,0,True,False,False,True,4.861269837220809,True,4.861269837220809
v3_sc2_staging_00,L2,2,12,uncalibrated,False,0,True,False,False,True,8.51126983722081,True,8.511269837220809
v3_sc2_staging_00,L2,2,12,label_cell,False,0,True,False,False,True,8.51126983722081,True,8.511269837220809
v3_sc2_staging_00,L2,2,12,label_only,False,0,False,False,False,False,nan,False,8.511269837220809
v3_sc2_staging_00,L2,2,12,pose_only,False,0,True,False,False,True,8.611269837220808,True,8.511269837220809
v3_sc2_staging_00,L2,2,12,separate,False,0,False,False,False,False,nan,False,8.511269837220809
v3_sc2_staging_00,L2,2,12,joint,False,0,False,False,False,False,nan,False,8.511269837220809
v3_sc2_staging_00,L2,2,12,oracle,False,0,True,False,False,True,8.511269837220809,True,8.511269837220809
v3_sc2_staging_00,L2,2,13,uncalibrated,False,0,True,False,False,True,3.9000000000000004,True,3.9000000000000004
v3_sc2_staging_00,L2,2,13,label_cell,False,0,True,False,False,True,3.9000000000000004,True,3.9000000000000004
v3_sc2_staging_00,L2,2,13,label_only,False,0,True,False,False,True,3.9000000000000004,True,3.9000000000000004
v3_sc2_staging_00,L2,2,13,pose_only,False,0,True,False,False,True,3.9000000000000004,True,3.9000000000000004
v3_sc2_staging_00,L2,2,13,separate,False,0,True,False,False,True,3.9000000000000004,True,3.9000000000000004
v3_sc2_staging_00,L2,2,13,joint,False,0,True,False,False,True,3.9000000000000004,True,3.9000000000000004
v3_sc2_staging_00,L2,2,13,oracle,False,0,True,False,False,True,3.9000000000000004,True,3.9000000000000004
v3_sc2_staging_00,L2,2,14,uncalibrated,False,0,True,False,False,True,7.149137802864849,True,7.149137802864849
v3_sc2_staging_00,L2,2,14,label_cell,False,0,False,False,False,False,nan,False,7.149137802864849
v3_sc2_staging_00,L2,2,14,label_only,False,0,False,False,False,False,nan,False,7.149137802864849
v3_sc2_staging_00,L2,2,14,pose_only,False,0,True,False,False,True,7.249137802864846,True,7.149137802864849
v3_sc2_staging_00,L2,2,14,separate,False,0,False,False,False,False,nan,False,7.149137802864849
v3_sc2_staging_00,L2,2,14,joint,False,0,False,False,False,False,nan,False,7.149137802864849
v3_sc2_staging_00,L2,2,14,oracle,False,0,True,False,False,True,7.149137802864849,True,7.149137802864849
v3_sc2_staging_00,L2,2,15,uncalibrated,False,0,True,False,False,True,9.571320343559643,True,9.571320343559643
v3_sc2_staging_00,L2,2,15,label_cell,False,0,True,False,False,True,9.571320343559643,True,9.571320343559643
v3_sc2_staging_00,L2,2,15,label_only,False,0,False,False,False,False,nan,False,9.571320343559643
v3_sc2_staging_00,L2,2,15,pose_only,False,0,True,False,False,True,9.671320343559643,True,9.571320343559643
v3_sc2_staging_00,L2,2,15,separate,False,0,False,False,False,False,nan,False,9.571320343559643
v3_sc2_staging_00,L2,2,15,joint,False,0,False,False,False,False,nan,False,9.571320343559643
v3_sc2_staging_00,L2,2,15,oracle,False,0,True,False,False,True,9.571320343559643,True,9.571320343559643
v3_sc2_staging_00,L2,2,16,uncalibrated,False,0,True,False,False,True,7.300609665440987,True,7.300609665440987
v3_sc2_staging_00,L2,2,16,label_cell,False,0,True,False,False,True,7.300609665440987,True,7.300609665440987
v3_sc2_staging_00,L2,2,16,label_only,False,0,False,False,False,False,nan,False,7.300609665440987
v3_sc2_staging_00,L2,2,16,pose_only,False,0,True,False,False,True,7.321320343559643,True,7.300609665440987
v3_sc2_staging_00,L2,2,16,separate,False,0,False,False,False,False,nan,False,7.300609665440987
v3_sc2_staging_00,L2,2,16,joint,False,0,False,False,False,False,nan,False,7.300609665440987
v3_sc2_staging_00,L2,2,16,oracle,False,0,True,False,False,True,7.300609665440987,True,7.300609665440987
v3_sc2_staging_00,L2,2,17,uncalibrated,False,0,True,False,False,True,8.026955262170047,True,8.097665940288701
v3_sc2_staging_00,L2,2,17,label_cell,False,0,False,False,False,False,nan,False,8.097665940288701
v3_sc2_staging_00,L2,2,17,label_only,False,0,False,False,False,False,nan,False,8.097665940288701
v3_sc2_staging_00,L2,2,17,pose_only,False,0,True,False,False,True,8.026955262170047,True,8.097665940288701
v3_sc2_staging_00,L2,2,17,separate,False,0,False,False,False,False,nan,False,8.097665940288701
v3_sc2_staging_00,L2,2,17,joint,False,0,False,False,False,False,nan,False,8.097665940288701
v3_sc2_staging_00,L2,2,17,oracle,False,0,True,False,False,True,8.097665940288701,True,8.097665940288701
v3_sc2_staging_00,L2,2,18,uncalibrated,False,0,True,False,False,True,4.305634918610405,True,4.334924240491751
v3_sc2_staging_00,L2,2,18,label_cell,False,0,False,False,False,False,nan,False,4.334924240491751
v3_sc2_staging_00,L2,2,18,label_only,False,0,False,False,False,False,nan,False,4.334924240491751
v3_sc2_staging_00,L2,2,18,pose_only,False,0,True,False,False,True,4.305634918610405,True,4.334924240491751
v3_sc2_staging_00,L2,2,18,separate,False,0,False,False,False,False,nan,False,4.334924240491751
v3_sc2_staging_00,L2,2,18,joint,False,0,False,False,False,False,nan,False,4.334924240491751
v3_sc2_staging_00,L2,2,18,oracle,False,0,True,False,False,True,4.334924240491751,True,4.334924240491751
v3_sc2_staging_00,L2,2,19,uncalibrated,False,0,True,False,False,True,5.424873734152917,True,5.454163056034261
v3_sc2_staging_00,L2,2,19,label_cell,False,0,False,False,False,False,nan,False,5.454163056034261
v3_sc2_staging_00,L2,2,19,label_only,False,0,False,False,False,False,nan,False,5.454163056034261
v3_sc2_staging_00,L2,2,19,pose_only,False,0,True,False,False,True,5.424873734152917,True,5.454163056034261
v3_sc2_staging_00,L2,2,19,separate,False,0,False,False,False,False,nan,False,5.454163056034261
v3_sc2_staging_00,L2,2,19,joint,False,0,False,False,False,False,nan,False,5.454163056034261
v3_sc2_staging_00,L2,2,19,oracle,False,0,True,False,False,True,5.454163056034261,True,5.454163056034261
v3_sc2_staging_00,L2,3,0,uncalibrated,False,0,True,False,False,True,7.329898987322332,True,7.2884776310850246
v3_sc2_staging_00,L2,3,0,label_cell,False,0,False,False,False,False,nan,False,7.2884776310850246
v3_sc2_staging_00,L2,3,0,label_only,False,0,False,False,False,False,nan,False,7.2884776310850246
v3_sc2_staging_00,L2,3,0,pose_only,False,0,True,False,False,True,7.429898987322334,True,7.2884776310850246
v3_sc2_staging_00,L2,3,0,separate,False,0,False,False,False,False,nan,False,7.2884776310850246
v3_sc2_staging_00,L2,3,0,joint,False,0,False,False,False,False,nan,False,7.2884776310850246
v3_sc2_staging_00,L2,3,0,oracle,False,0,True,False,False,True,7.2884776310850246,True,7.2884776310850246
v3_sc2_staging_00,L2,3,1,uncalibrated,False,0,True,False,False,True,8.174873734152916,True,8.174873734152916
v3_sc2_staging_00,L2,3,1,label_cell,False,0,True,False,False,True,8.233452377915606,True,8.174873734152916
v3_sc2_staging_00,L2,3,1,label_only,False,0,False,False,False,False,nan,False,8.174873734152916
v3_sc2_staging_00,L2,3,1,pose_only,False,0,True,False,False,True,8.274873734152917,True,8.174873734152916
v3_sc2_staging_00,L2,3,1,separate,False,0,False,False,False,False,nan,False,8.174873734152916
v3_sc2_staging_00,L2,3,1,joint,False,0,False,False,False,False,nan,False,8.174873734152916
v3_sc2_staging_00,L2,3,1,oracle,False,0,True,False,False,True,8.174873734152916,True,8.174873734152916
v3_sc2_staging_00,L2,3,2,uncalibrated,False,0,True,False,False,True,3.9562445840513925,True,3.9562445840513925
v3_sc2_staging_00,L2,3,2,label_cell,False,0,True,False,False,True,3.9562445840513925,True,3.9562445840513925
v3_sc2_staging_00,L2,3,2,label_only,False,0,True,False,False,True,3.9562445840513925,True,3.9562445840513925
v3_sc2_staging_00,L2,3,2,pose_only,False,0,True,False,False,True,3.9562445840513925,True,3.9562445840513925
v3_sc2_staging_00,L2,3,2,separate,False,0,True,False,False,True,3.9562445840513925,True,3.9562445840513925
v3_sc2_staging_00,L2,3,2,joint,False,0,True,False,False,True,3.9562445840513925,True,3.9562445840513925
v3_sc2_staging_00,L2,3,2,oracle,False,0,True,False,False,True,3.9562445840513925,True,3.9562445840513925
v3_sc2_staging_00,L2,3,3,uncalibrated,False,0,True,False,False,True,3.3242640687119294,True,3.3242640687119294
v3_sc2_staging_00,L2,3,3,label_cell,False,0,True,False,False,True,3.3242640687119294,True,3.3242640687119294
v3_sc2_staging_00,L2,3,3,label_only,False,0,True,False,False,True,3.3242640687119294,True,3.3242640687119294
v3_sc2_staging_00,L2,3,3,pose_only,False,0,True,False,False,True,3.3242640687119294,True,3.3242640687119294
v3_sc2_staging_00,L2,3,3,separate,False,0,True,False,False,True,3.3242640687119294,True,3.3242640687119294
v3_sc2_staging_00,L2,3,3,joint,False,0,True,False,False,True,3.3242640687119294,True,3.3242640687119294
v3_sc2_staging_00,L2,3,3,oracle,False,0,True,False,False,True,3.3242640687119294,True,3.3242640687119294
v3_sc2_staging_00,L2,3,4,uncalibrated,False,0,True,False,False,True,5.638477631085024,True,5.900609665440989
v3_sc2_staging_00,L2,3,4,label_cell,False,0,False,False,False,False,nan,False,5.900609665440989
v3_sc2_staging_00,L2,3,4,label_only,False,0,False,False,False,False,nan,False,5.900609665440989
v3_sc2_staging_00,L2,3,4,pose_only,False,0,True,False,False,True,5.638477631085024,True,5.900609665440989
v3_sc2_staging_00,L2,3,4,separate,False,0,False,False,False,False,nan,False,5.900609665440989
v3_sc2_staging_00,L2,3,4,joint,False,0,False,False,False,False,nan,False,5.900609665440989
v3_sc2_staging_00,L2,3,4,oracle,False,0,True,False,False,True,5.900609665440989,True,5.900609665440989
v3_sc2_staging_00,L2,3,5,uncalibrated,False,0,True,False,False,True,4.153553390593274,True,4.153553390593274
v3_sc2_staging_00,L2,3,5,label_cell,False,0,True,False,False,True,4.153553390593274,True,4.153553390593274
v3_sc2_staging_00,L2,3,5,label_only,False,0,True,False,False,True,4.153553390593274,True,4.153553390593274
v3_sc2_staging_00,L2,3,5,pose_only,False,0,True,False,False,True,4.153553390593274,True,4.153553390593274
v3_sc2_staging_00,L2,3,5,separate,False,0,True,False,False,True,4.153553390593274,True,4.153553390593274
v3_sc2_staging_00,L2,3,5,joint,False,0,True,False,False,True,4.153553390593274,True,4.153553390593274
v3_sc2_staging_00,L2,3,5,oracle,False,0,True,False,False,True,4.153553390593274,True,4.153553390593274
v3_sc2_staging_00,L2,3,6,uncalibrated,False,0,True,False,False,True,6.902691193458122,True,7.185533905932741
v3_sc2_staging_00,L2,3,6,label_cell,False,0,False,False,False,False,nan,False,7.185533905932741
v3_sc2_staging_00,L2,3,6,label_only,False,0,False,False,False,False,nan,False,7.185533905932741
v3_sc2_staging_00,L2,3,6,pose_only,False,0,True,False,False,True,6.902691193458122,True,7.185533905932741
v3_sc2_staging_00,L2,3,6,separate,False,0,False,False,False,False,nan,False,7.185533905932741
v3_sc2_staging_00,L2,3,6,joint,False,0,False,False,False,False,nan,False,7.185533905932741
v3_sc2_staging_00,L2,3,6,oracle,False,0,True,False,False,True,7.185533905932741,True,7.185533905932741
v3_sc2_staging_00,L2,3,7,uncalibrated,False,0,True,False,False,True,7.524873734152917,True,7.524873734152917
v3_sc2_staging_00,L2,3,7,label_cell,False,0,False,False,False,False,nan,False,7.524873734152917
v3_sc2_staging_00,L2,3,7,label_only,False,0,False,False,False,False,nan,False,7.524873734152917
v3_sc2_staging_00,L2,3,7,pose_only,False,0,True,False,False,True,7.524873734152917,True,7.524873734152917
v3_sc2_staging_00,L2,3,7,separate,False,0,False,False,False,False,nan,False,7.524873734152917
v3_sc2_staging_00,L2,3,7,joint,False,0,False,False,False,False,nan,False,7.524873734152917
v3_sc2_staging_00,L2,3,7,oracle,False,0,True,False,False,True,7.524873734152917,True,7.524873734152917
v3_sc2_staging_00,L2,3,8,uncalibrated,False,0,True,False,False,True,3.0370057685088803,True,3.0370057685088803
v3_sc2_staging_00,L2,3,8,label_cell,False,0,False,False,False,False,nan,False,3.0370057685088803
v3_sc2_staging_00,L2,3,8,label_only,False,0,True,False,False,True,3.0370057685088803,True,3.0370057685088803
v3_sc2_staging_00,L2,3,8,pose_only,False,0,True,False,False,True,3.0370057685088803,True,3.0370057685088803
v3_sc2_staging_00,L2,3,8,separate,False,0,True,False,False,True,3.0370057685088803,True,3.0370057685088803
v3_sc2_staging_00,L2,3,8,joint,False,0,True,False,False,True,3.0370057685088803,True,3.0370057685088803
v3_sc2_staging_00,L2,3,8,oracle,False,0,True,False,False,True,3.0370057685088803,True,3.0370057685088803
v3_sc2_staging_00,L2,3,9,uncalibrated,False,0,True,False,False,True,8.72695526217005,True,8.685533905932738
v3_sc2_staging_00,L2,3,9,label_cell,False,0,False,False,False,False,nan,False,8.685533905932738
v3_sc2_staging_00,L2,3,9,label_only,False,0,False,False,False,False,nan,False,8.685533905932738
v3_sc2_staging_00,L2,3,9,pose_only,False,0,True,False,False,True,8.826955262170049,True,8.685533905932738
v3_sc2_staging_00,L2,3,9,separate,False,0,False,False,False,False,nan,False,8.685533905932738
v3_sc2_staging_00,L2,3,9,joint,False,0,False,False,False,False,nan,False,8.685533905932738
v3_sc2_staging_00,L2,3,9,oracle,False,0,True,False,False,True,8.685533905932738,True,8.685533905932738
v3_sc2_staging_00,L2,3,10,uncalibrated,False,0,True,False,False,True,3.0500000000000003,True,3.0500000000000003
v3_sc2_staging_00,L2,3,10,label_cell,False,0,True,False,False,True,3.0500000000000003,True,3.0500000000000003
v3_sc2_staging_00,L2,3,10,label_only,False,0,True,False,False,True,3.0500000000000003,True,3.0500000000000003
v3_sc2_staging_00,L2,3,10,pose_only,False,0,True,False,False,True,3.0500000000000003,True,3.0500000000000003
v3_sc2_staging_00,L2,3,10,separate,False,0,True,False,False,True,3.0500000000000003,True,3.0500000000000003
v3_sc2_staging_00,L2,3,10,joint,False,0,True,False,False,True,3.0500000000000003,True,3.0500000000000003
v3_sc2_staging_00,L2,3,10,oracle,False,0,True,False,False,True,3.0500000000000003,True,3.0500000000000003
v3_sc2_staging_00,L2,3,11,uncalibrated,False,0,True,False,False,True,4.881980515339464,True,4.881980515339464
v3_sc2_staging_00,L2,3,11,label_cell,False,0,False,False,False,False,nan,False,4.881980515339464
v3_sc2_staging_00,L2,3,11,label_only,False,0,True,False,False,True,4.881980515339464,True,4.881980515339464
v3_sc2_staging_00,L2,3,11,pose_only,False,0,True,False,False,True,4.881980515339464,True,4.881980515339464
v3_sc2_staging_00,L2,3,11,separate,False,0,True,False,False,True,4.881980515339464,True,4.881980515339464
v3_sc2_staging_00,L2,3,11,joint,False,0,True,False,False,True,4.881980515339464,True,4.881980515339464
v3_sc2_staging_00,L2,3,11,oracle,False,0,True,False,False,True,4.881980515339464,True,4.881980515339464
v3_sc2_staging_00,L2,3,12,uncalibrated,False,0,True,False,False,True,8.573401871576776,True,8.531980515339464
v3_sc2_staging_00,L2,3,12,label_cell,False,0,True,False,False,True,8.573401871576776,True,8.531980515339464
v3_sc2_staging_00,L2,3,12,label_only,False,0,False,False,False,False,nan,False,8.531980515339464
v3_sc2_staging_00,L2,3,12,pose_only,False,0,True,False,False,True,8.673401871576774,True,8.531980515339464
v3_sc2_staging_00,L2,3,12,separate,False,0,False,False,False,False,nan,False,8.531980515339464
v3_sc2_staging_00,L2,3,12,joint,False,0,False,False,False,False,nan,False,8.531980515339464
v3_sc2_staging_00,L2,3,12,oracle,False,0,True,False,False,True,8.531980515339464,True,8.531980515339464
v3_sc2_staging_00,L2,3,13,uncalibrated,False,0,True,False,False,True,3.9207106781186547,True,3.9207106781186547
v3_sc2_staging_00,L2,3,13,label_cell,False,0,True,False,False,True,3.9207106781186547,True,3.9207106781186547
v3_sc2_staging_00,L2,3,13,label_only,False,0,True,False,False,True,3.9207106781186547,True,3.9207106781186547
v3_sc2_staging_00,L2,3,13,pose_only,False,0,True,False,False,True,3.9207106781186547,True,3.9207106781186547
v3_sc2_staging_00,L2,3,13,separate,False,0,True,False,False,True,3.9207106781186547,True,3.9207106781186547
v3_sc2_staging_00,L2,3,13,joint,False,0,True,False,False,True,3.9207106781186547,True,3.9207106781186547
v3_sc2_staging_00,L2,3,13,oracle,False,0,True,False,False,True,3.9207106781186547,True,3.9207106781186547
v3_sc2_staging_00,L2,3,14,uncalibrated,False,0,True,False,False,True,7.211269837220813,True,7.169848480983504
v3_sc2_staging_00,L2,3,14,label_cell,False,0,False,False,False,False,nan,False,7.169848480983504
v3_sc2_staging_00,L2,3,14,label_only,False,0,False,False,False,False,nan,False,7.169848480983504
v3_sc2_staging_00,L2,3,14,pose_only,False,0,True,False,False,True,7.311269837220809,True,7.169848480983504
v3_sc2_staging_00,L2,3,14,separate,False,0,False,False,False,False,nan,False,7.169848480983504
v3_sc2_staging_00,L2,3,14,joint,False,0,False,False,False,False,nan,False,7.169848480983504
v3_sc2_staging_00,L2,3,14,oracle,False,0,True,False,False,True,7.169848480983504,True,7.169848480983504
v3_sc2_staging_00,L2,3,15,uncalibrated,False,0,True,False,False,True,9.529898987322332,True,9.529898987322332
v3_sc2_staging_00,L2,3,15,label_cell,False,0,True,False,False,True,9.529898987322332,True,9.529898987322332
v3_sc2_staging_00,L2,3,15,label_only,False,0,False,False,False,False,nan,False,9.529898987322332
v3_sc2_staging_00,L2,3,15,pose_only,False,0,True,False,False,True,9.629898987322333,True,9.529898987322332
v3_sc2_staging_00,L2,3,15,separate,False,0,False,False,False,False,nan,False,9.529898987322332
v3_sc2_staging_00,L2,3,15,joint,False,0,False,False,False,False,nan,False,9.529898987322332
v3_sc2_staging_00,L2,3,15,oracle,False,0,True,False,False,True,9.529898987322332,True,9.529898987322332
v3_sc2_staging_00,L2,3,16,uncalibrated,False,0,True,False,False,True,7.300609665440987,True,7.279898987322333
v3_sc2_staging_00,L2,3,16,label_cell,False,0,True,False,False,True,7.300609665440987,True,7.279898987322333
v3_sc2_staging_00,L2,3,16,label_only,False,0,False,False,False,False,nan,False,7.279898987322333
v3_sc2_staging_00,L2,3,16,pose_only,False,0,True,False,False,True,7.321320343559643,True,7.279898987322333
v3_sc2_staging_00,L2,3,16,separate,False,0,False,False,False,False,nan,False,7.279898987322333
v3_sc2_staging_00,L2,3,16,joint,False,0,False,False,False,False,nan,False,7.279898987322333
v3_sc2_staging_00,L2,3,16,oracle,False,0,True,False,False,True,7.279898987322333,True,7.279898987322333
v3_sc2_staging_00,L2,3,17,uncalibrated,False,0,True,False,False,True,7.876955262170049,True,8.076955262170047
v3_sc2_staging_00,L2,3,17,label_cell,False,0,False,False,False,False,nan,False,8.076955262170047
v3_sc2_staging_00,L2,3,17,label_only,False,0,False,False,False,False,nan,False,8.076955262170047
v3_sc2_staging_00,L2,3,17,pose_only,False,0,True,False,False,True,7.876955262170049,True,8.076955262170047
v3_sc2_staging_00,L2,3,17,separate,False,0,False,False,False,False,nan,False,8.076955262170047
v3_sc2_staging_00,L2,3,17,joint,False,0,False,False,False,False,nan,False,8.076955262170047
v3_sc2_staging_00,L2,3,17,oracle,False,0,True,False,False,True,8.076955262170047,True,8.076955262170047
v3_sc2_staging_00,L2,3,18,uncalibrated,False,0,True,False,False,True,4.122792206135786,True,4.364213562373095
v3_sc2_staging_00,L2,3,18,label_cell,False,0,False,False,False,False,nan,False,4.364213562373095
v3_sc2_staging_00,L2,3,18,label_only,False,0,False,False,False,False,nan,False,4.364213562373095
v3_sc2_staging_00,L2,3,18,pose_only,False,0,True,False,False,True,4.122792206135786,True,4.364213562373095
v3_sc2_staging_00,L2,3,18,separate,False,0,False,False,False,False,nan,False,4.364213562373095
v3_sc2_staging_00,L2,3,18,joint,False,0,False,False,False,False,nan,False,4.364213562373095
v3_sc2_staging_00,L2,3,18,oracle,False,0,True,False,False,True,4.364213562373095,True,4.364213562373095
v3_sc2_staging_00,L2,3,19,uncalibrated,False,0,True,False,False,True,5.109188309203678,True,5.392031021678298
v3_sc2_staging_00,L2,3,19,label_cell,False,0,False,False,False,False,nan,False,5.392031021678298
v3_sc2_staging_00,L2,3,19,label_only,False,0,False,False,False,False,nan,False,5.392031021678298
v3_sc2_staging_00,L2,3,19,pose_only,False,0,True,False,False,True,5.109188309203678,True,5.392031021678298
v3_sc2_staging_00,L2,3,19,separate,False,0,False,False,False,False,nan,False,5.392031021678298
v3_sc2_staging_00,L2,3,19,joint,False,0,False,False,False,False,nan,False,5.392031021678298
v3_sc2_staging_00,L2,3,19,oracle,False,0,True,False,False,True,5.392031021678298,True,5.392031021678298
v3_sc2_staging_00,L2,4,0,uncalibrated,False,0,True,False,False,True,7.2884776310850246,True,7.2884776310850246
v3_sc2_staging_00,L2,4,0,label_cell,False,0,False,False,False,False,nan,False,7.2884776310850246
v3_sc2_staging_00,L2,4,0,label_only,False,0,False,False,False,False,nan,False,7.2884776310850246
v3_sc2_staging_00,L2,4,0,pose_only,False,0,True,False,False,True,7.388477631085024,True,7.2884776310850246
v3_sc2_staging_00,L2,4,0,separate,False,0,False,False,False,False,nan,False,7.2884776310850246
v3_sc2_staging_00,L2,4,0,joint,False,0,False,False,False,False,nan,False,7.2884776310850246
v3_sc2_staging_00,L2,4,0,oracle,False,0,True,False,False,True,7.2884776310850246,True,7.2884776310850246
v3_sc2_staging_00,L2,4,1,uncalibrated,False,0,True,False,False,True,8.166295090390227,True,8.124873734152917
v3_sc2_staging_00,L2,4,1,label_cell,False,0,True,False,False,True,8.324873734152918,True,8.124873734152917
v3_sc2_staging_00,L2,4,1,label_only,False,0,False,False,False,False,nan,False,8.124873734152917
v3_sc2_staging_00,L2,4,1,pose_only,False,0,True,False,False,True,8.266295090390226,True,8.124873734152917
v3_sc2_staging_00,L2,4,1,separate,False,0,False,False,False,False,nan,False,8.124873734152917
v3_sc2_staging_00,L2,4,1,joint,False,0,False,False,False,False,nan,False,8.124873734152917
v3_sc2_staging_00,L2,4,1,oracle,False,0,True,False,False,True,8.124873734152917,True,8.124873734152917
v3_sc2_staging_00,L2,4,2,uncalibrated,False,0,True,False,False,True,3.9562445840513925,True,3.9562445840513925
v3_sc2_staging_00,L2,4,2,label_cell,False,0,True,False,False,True,3.9562445840513925,True,3.9562445840513925
v3_sc2_staging_00,L2,4,2,label_only,False,0,True,False,False,True,3.9562445840513925,True,3.9562445840513925
v3_sc2_staging_00,L2,4,2,pose_only,False,0,True,False,False,True,3.9562445840513925,True,3.9562445840513925
v3_sc2_staging_00,L2,4,2,separate,False,0,True,False,False,True,3.9562445840513925,True,3.9562445840513925
v3_sc2_staging_00,L2,4,2,joint,False,0,True,False,False,True,3.9562445840513925,True,3.9562445840513925
v3_sc2_staging_00,L2,4,2,oracle,False,0,True,False,False,True,3.9562445840513925,True,3.9562445840513925
v3_sc2_staging_00,L2,4,3,uncalibrated,False,0,True,False,False,True,3.3449747468305833,True,3.3449747468305833
v3_sc2_staging_00,L2,4,3,label_cell,False,0,True,False,False,True,3.3449747468305833,True,3.3449747468305833
v3_sc2_staging_00,L2,4,3,label_only,False,0,True,False,False,True,3.3449747468305833,True,3.3449747468305833
v3_sc2_staging_00,L2,4,3,pose_only,False,0,True,False,False,True,3.3449747468305833,True,3.3449747468305833
v3_sc2_staging_00,L2,4,3,separate,False,0,True,False,False,True,3.3449747468305833,True,3.3449747468305833
v3_sc2_staging_00,L2,4,3,joint,False,0,True,False,False,True,3.3449747468305833,True,3.3449747468305833
v3_sc2_staging_00,L2,4,3,oracle,False,0,True,False,False,True,3.3449747468305833,True,3.3449747468305833
v3_sc2_staging_00,L2,4,4,uncalibrated,False,0,True,False,False,True,5.850609665440989,True,5.850609665440989
v3_sc2_staging_00,L2,4,4,label_cell,False,0,False,False,False,False,nan,False,5.850609665440989
v3_sc2_staging_00,L2,4,4,label_only,False,0,False,False,False,False,nan,False,5.850609665440989
v3_sc2_staging_00,L2,4,4,pose_only,False,0,True,False,False,True,5.850609665440989,True,5.850609665440989
v3_sc2_staging_00,L2,4,4,separate,False,0,False,False,False,False,nan,False,5.850609665440989
v3_sc2_staging_00,L2,4,4,joint,False,0,False,False,False,False,nan,False,5.850609665440989
v3_sc2_staging_00,L2,4,4,oracle,False,0,True,False,False,True,5.850609665440989,True,5.850609665440989
v3_sc2_staging_00,L2,4,5,uncalibrated,False,0,True,False,False,True,4.153553390593274,True,4.153553390593274
v3_sc2_staging_00,L2,4,5,label_cell,False,0,True,False,False,True,4.153553390593274,True,4.153553390593274
v3_sc2_staging_00,L2,4,5,label_only,False,0,True,False,False,True,4.153553390593274,True,4.153553390593274
v3_sc2_staging_00,L2,4,5,pose_only,False,0,True,False,False,True,4.153553390593274,True,4.153553390593274
v3_sc2_staging_00,L2,4,5,separate,False,0,True,False,False,True,4.153553390593274,True,4.153553390593274
v3_sc2_staging_00,L2,4,5,joint,False,0,True,False,False,True,4.153553390593274,True,4.153553390593274
v3_sc2_staging_00,L2,4,5,oracle,False,0,True,False,False,True,4.153553390593274,True,4.153553390593274
v3_sc2_staging_00,L2,4,6,uncalibrated,False,0,True,False,False,True,7.114823227814085,True,7.114823227814085
v3_sc2_staging_00,L2,4,6,label_cell,False,0,False,False,False,False,nan,False,7.114823227814085
v3_sc2_staging_00,L2,4,6,label_only,False,0,False,False,False,False,nan,False,7.114823227814085
v3_sc2_staging_00,L2,4,6,pose_only,False,0,True,False,False,True,7.114823227814085,True,7.114823227814085
v3_sc2_staging_00,L2,4,6,separate,False,0,False,False,False,False,nan,False,7.114823227814085
v3_sc2_staging_00,L2,4,6,joint,False,0,False,False,False,False,nan,False,7.114823227814085
v3_sc2_staging_00,L2,4,6,oracle,False,0,True,False,False,True,7.114823227814085,True,7.114823227814085
v3_sc2_staging_00,L2,4,7,uncalibrated,False,0,True,False,False,True,7.495584412271571,True,7.495584412271571
v3_sc2_staging_00,L2,4,7,label_cell,False,0,False,False,False,False,nan,False,7.495584412271571
v3_sc2_staging_00,L2,4,7,label_only,False,0,False,False,False,False,nan,False,7.495584412271571
v3_sc2_staging_00,L2,4,7,pose_only,False,0,True,False,False,True,7.495584412271571,True,7.495584412271571
v3_sc2_staging_00,L2,4,7,separate,False,0,False,False,False,False,nan,False,7.495584412271571
v3_sc2_staging_00,L2,4,7,joint,False,0,False,False,False,False,nan,False,7.495584412271571
v3_sc2_staging_00,L2,4,7,oracle,False,0,True,False,False,True,7.495584412271571,True,7.495584412271571
v3_sc2_staging_00,L2,4,8,uncalibrated,False,0,True,False,False,True,3.0370057685088803,True,3.0370057685088803
v3_sc2_staging_00,L2,4,8,label_cell,False,0,False,False,False,False,nan,False,3.0370057685088803
v3_sc2_staging_00,L2,4,8,label_only,False,0,True,False,False,True,3.0370057685088803,True,3.0370057685088803
v3_sc2_staging_00,L2,4,8,pose_only,False,0,True,False,False,True,3.0370057685088803,True,3.0370057685088803
v3_sc2_staging_00,L2,4,8,separate,False,0,True,False,False,True,3.0370057685088803,True,3.0370057685088803
v3_sc2_staging_00,L2,4,8,joint,False,0,True,False,False,True,3.0370057685088803,True,3.0370057685088803
v3_sc2_staging_00,L2,4,8,oracle,False,0,True,False,False,True,3.0370057685088803,True,3.0370057685088803
v3_sc2_staging_00,L2,4,9,uncalibrated,False,0,True,False,False,True,8.735533905932739,True,8.735533905932739
v3_sc2_staging_00,L2,4,9,label_cell,False,0,False,False,False,False,nan,False,8.735533905932739
v3_sc2_staging_00,L2,4,9,label_only,False,0,False,False,False,False,nan,False,8.735533905932739
v3_sc2_staging_00,L2,4,9,pose_only,False,0,True,False,False,True,8.835533905932738,True,8.735533905932739
v3_sc2_staging_00,L2,4,9,separate,False,0,False,False,False,False,nan,False,8.735533905932739
v3_sc2_staging_00,L2,4,9,joint,False,0,False,False,False,False,nan,False,8.735533905932739
v3_sc2_staging_00,L2,4,9,oracle,False,0,True,False,False,True,8.735533905932739,True,8.735533905932739
v3_sc2_staging_00,L2,4,10,uncalibrated,False,0,True,False,False,True,3.0500000000000003,True,3.0500000000000003
v3_sc2_staging_00,L2,4,10,label_cell,False,0,True,False,False,True,3.0500000000000003,True,3.0500000000000003
v3_sc2_staging_00,L2,4,10,label_only,False,0,True,False,False,True,3.0500000000000003,True,3.0500000000000003
v3_sc2_staging_00,L2,4,10,pose_only,False,0,True,False,False,True,3.0500000000000003,True,3.0500000000000003
v3_sc2_staging_00,L2,4,10,separate,False,0,True,False,False,True,3.0500000000000003,True,3.0500000000000003
v3_sc2_staging_00,L2,4,10,joint,False,0,True,False,False,True,3.0500000000000003,True,3.0500000000000003
v3_sc2_staging_00,L2,4,10,oracle,False,0,True,False,False,True,3.0500000000000003,True,3.0500000000000003
v3_sc2_staging_00,L2,4,11,uncalibrated,False,0,True,False,False,True,4.861269837220809,True,4.861269837220809
v3_sc2_staging_00,L2,4,11,label_cell,False,0,False,False,False,False,nan,False,4.861269837220809
v3_sc2_staging_00,L2,4,11,label_only,False,0,True,False,False,True,4.861269837220809,True,4.861269837220809
v3_sc2_staging_00,L2,4,11,pose_only,False,0,True,False,False,True,4.861269837220809,True,4.861269837220809
v3_sc2_staging_00,L2,4,11,separate,False,0,True,False,False,True,4.861269837220809,True,4.861269837220809
v3_sc2_staging_00,L2,4,11,joint,False,0,True,False,False,True,4.861269837220809,True,4.861269837220809
v3_sc2_staging_00,L2,4,11,oracle,False,0,True,False,False,True,4.861269837220809,True,4.861269837220809
v3_sc2_staging_00,L2,4,12,uncalibrated,False,0,True,False,False,True,8.531980515339464,True,8.531980515339464
v3_sc2_staging_00,L2,4,12,label_cell,False,0,True,False,False,True,8.573401871576776,True,8.531980515339464
v3_sc2_staging_00,L2,4,12,label_only,False,0,False,False,False,False,nan,False,8.531980515339464
v3_sc2_staging_00,L2,4,12,pose_only,False,0,True,False,False,True,8.631980515339464,True,8.531980515339464
v3_sc2_staging_00,L2,4,12,separate,False,0,False,False,False,False,nan,False,8.531980515339464
v3_sc2_staging_00,L2,4,12,joint,False,0,False,False,False,False,nan,False,8.531980515339464
v3_sc2_staging_00,L2,4,12,oracle,False,0,True,False,False,True,8.531980515339464,True,8.531980515339464
v3_sc2_staging_00,L2,4,13,uncalibrated,False,0,True,False,False,True,3.9000000000000004,True,3.9000000000000004
v3_sc2_staging_00,L2,4,13,label_cell,False,0,True,False,False,True,3.9000000000000004,True,3.9000000000000004
v3_sc2_staging_00,L2,4,13,label_only,False,0,True,False,False,True,3.9000000000000004,True,3.9000000000000004
v3_sc2_staging_00,L2,4,13,pose_only,False,0,True,False,False,True,3.9000000000000004,True,3.9000000000000004
v3_sc2_staging_00,L2,4,13,separate,False,0,True,False,False,True,3.9000000000000004,True,3.9000000000000004
v3_sc2_staging_00,L2,4,13,joint,False,0,True,False,False,True,3.9000000000000004,True,3.9000000000000004
v3_sc2_staging_00,L2,4,13,oracle,False,0,True,False,False,True,3.9000000000000004,True,3.9000000000000004
v3_sc2_staging_00,L2,4,14,uncalibrated,False,0,True,False,False,True,7.219848480983504,True,7.219848480983504
v3_sc2_staging_00,L2,4,14,label_cell,False,0,False,False,False,False,nan,False,7.219848480983504
v3_sc2_staging_00,L2,4,14,label_only,False,0,False,False,False,False,nan,False,7.219848480983504
v3_sc2_staging_00,L2,4,14,pose_only,False,0,True,False,False,True,7.3198484809835,True,7.219848480983504
v3_sc2_staging_00,L2,4,14,separate,False,0,False,False,False,False,nan,False,7.219848480983504
v3_sc2_staging_00,L2,4,14,joint,False,0,False,False,False,False,nan,False,7.219848480983504
v3_sc2_staging_00,L2,4,14,oracle,False,0,True,False,False,True,7.219848480983504,True,7.219848480983504
v3_sc2_staging_00,L2,4,15,uncalibrated,False,0,True,False,False,True,9.521320343559642,True,9.479898987322334
v3_sc2_staging_00,L2,4,15,label_cell,False,0,True,False,False,True,9.562741699796954,True,9.479898987322334
v3_sc2_staging_00,L2,4,15,label_only,False,0,False,False,False,False,nan,False,9.479898987322334
v3_sc2_staging_00,L2,4,15,pose_only,False,0,True,False,False,True,9.621320343559644,True,9.479898987322334
v3_sc2_staging_00,L2,4,15,separate,False,0,False,False,False,False,nan,False,9.479898987322334
v3_sc2_staging_00,L2,4,15,joint,False,0,False,False,False,False,nan,False,9.479898987322334
v3_sc2_staging_00,L2,4,15,oracle,False,0,True,False,False,True,9.479898987322334,True,9.479898987322334
v3_sc2_staging_00,L2,4,16,uncalibrated,False,0,True,False,False,True,7.2506096654409875,True,7.2506096654409875
v3_sc2_staging_00,L2,4,16,label_cell,False,0,True,False,False,True,7.292031021678298,True,7.2506096654409875
v3_sc2_staging_00,L2,4,16,label_only,False,0,False,False,False,False,nan,False,7.2506096654409875
v3_sc2_staging_00,L2,4,16,pose_only,False,0,True,False,False,True,7.271320343559643,True,7.2506096654409875
v3_sc2_staging_00,L2,4,16,separate,False,0,False,False,False,False,nan,False,7.2506096654409875
v3_sc2_staging_00,L2,4,16,joint,False,0,False,False,False,False,nan,False,7.2506096654409875
v3_sc2_staging_00,L2,4,16,oracle,False,0,True,False,False,True,7.2506096654409875,True,7.2506096654409875
v3_sc2_staging_00,L2,4,17,uncalibrated,False,0,True,False,False,True,8.0476659402887,True,8.0476659402887
v3_sc2_staging_00,L2,4,17,label_cell,False,0,False,False,False,False,nan,False,8.0476659402887
v3_sc2_staging_00,L2,4,17,label_only,False,0,False,False,False,False,nan,False,8.0476659402887
v3_sc2_staging_00,L2,4,17,pose_only,False,0,True,False,False,True,8.0476659402887,True,8.0476659402887
v3_sc2_staging_00,L2,4,17,separate,False,0,False,False,False,False,nan,False,8.0476659402887
v3_sc2_staging_00,L2,4,17,joint,False,0,False,False,False,False,nan,False,8.0476659402887
v3_sc2_staging_00,L2,4,17,oracle,False,0,True,False,False,True,8.0476659402887,True,8.0476659402887
v3_sc2_staging_00,L2,4,18,uncalibrated,False,0,True,False,False,True,4.314213562373095,True,4.314213562373095
v3_sc2_staging_00,L2,4,18,label_cell,False,0,False,False,False,False,nan,False,4.314213562373095
v3_sc2_staging_00,L2,4,18,label_only,False,0,False,False,False,False,nan,False,4.314213562373095
v3_sc2_staging_00,L2,4,18,pose_only,False,0,True,False,False,True,4.314213562373095,True,4.314213562373095
v3_sc2_staging_00,L2,4,18,separate,False,0,False,False,False,False,nan,False,4.314213562373095
v3_sc2_staging_00,L2,4,18,joint,False,0,False,False,False,False,nan,False,4.314213562373095
v3_sc2_staging_00,L2,4,18,oracle,False,0,True,False,False,True,4.314213562373095,True,4.314213562373095
v3_sc2_staging_00,L2,4,19,uncalibrated,False,0,True,False,False,True,5.350609665440988,True,5.371320343559642
v3_sc2_staging_00,L2,4,19,label_cell,False,0,False,False,False,False,nan,False,5.371320343559642
v3_sc2_staging_00,L2,4,19,label_only,False,0,False,False,False,False,nan,False,5.371320343559642
v3_sc2_staging_00,L2,4,19,pose_only,False,0,True,False,False,True,5.350609665440988,True,5.371320343559642
v3_sc2_staging_00,L2,4,19,separate,False,0,False,False,False,False,nan,False,5.371320343559642
v3_sc2_staging_00,L2,4,19,joint,False,0,False,False,False,False,nan,False,5.371320343559642
v3_sc2_staging_00,L2,4,19,oracle,False,0,True,False,False,True,5.371320343559642,True,5.371320343559642
v3_sc2_staging_00,L3,0,0,uncalibrated,False,0,True,False,False,True,7.371320343559642,True,7.342031021678297
v3_sc2_staging_00,L3,0,0,label_cell,False,0,False,False,False,False,nan,False,7.342031021678297
v3_sc2_staging_00,L3,0,0,label_only,False,0,False,False,False,False,nan,False,7.342031021678297
v3_sc2_staging_00,L3,0,0,pose_only,False,0,True,False,False,True,7.812741699796951,True,7.342031021678297
v3_sc2_staging_00,L3,0,0,separate,False,0,False,False,False,False,nan,False,7.342031021678297
v3_sc2_staging_00,L3,0,0,joint,False,0,False,False,False,False,nan,False,7.342031021678297
v3_sc2_staging_00,L3,0,0,oracle,False,0,True,False,False,True,7.342031021678297,True,7.342031021678297
v3_sc2_staging_00,L3,0,1,uncalibrated,False,0,True,False,False,True,8.162741699796952,True,8.050609665440987
v3_sc2_staging_00,L3,0,1,label_cell,False,0,False,False,False,False,nan,False,8.050609665440987
v3_sc2_staging_00,L3,0,1,label_only,False,0,False,False,False,False,nan,False,8.050609665440987
v3_sc2_staging_00,L3,0,1,pose_only,False,0,True,False,False,True,8.7698484809835,True,8.050609665440987
v3_sc2_staging_00,L3,0,1,separate,False,0,False,False,False,False,nan,False,8.050609665440987
v3_sc2_staging_00,L3,0,1,joint,False,0,False,False,False,False,nan,False,8.050609665440987
v3_sc2_staging_00,L3,0,1,oracle,False,0,True,False,False,True,8.050609665440987,True,8.050609665440987
v3_sc2_staging_00,L3,0,2,uncalibrated,False,0,True,False,False,True,3.8683766184073565,True,3.8683766184073565
v3_sc2_staging_00,L3,0,2,label_cell,False,0,True,False,False,True,3.8683766184073565,True,3.8683766184073565
v3_sc2_staging_00,L3,0,2,label_only,False,0,True,False,False,True,3.8683766184073565,True,3.8683766184073565
v3_sc2_staging_00,L3,0,2,pose_only,False,0,True,False,False,True,3.8683766184073565,True,3.8683766184073565
v3_sc2_staging_00,L3,0,2,separate,False,0,True,False,False,True,3.8683766184073565,True,3.8683766184073565
v3_sc2_staging_00,L3,0,2,joint,False,0,True,False,False,True,3.8683766184073565,True,3.8683766184073565
v3_sc2_staging_00,L3,0,2,oracle,False,0,True,False,False,True,3.8683766184073565,True,3.8683766184073565
v3_sc2_staging_00,L3,0,3,uncalibrated,False,0,True,False,False,True,3.2621320343559645,True,3.2621320343559645
v3_sc2_staging_00,L3,0,3,label_cell,False,0,True,False,False,True,3.2621320343559645,True,3.2621320343559645
v3_sc2_staging_00,L3,0,3,label_only,False,0,True,False,False,True,3.2621320343559645,True,3.2621320343559645
v3_sc2_staging_00,L3,0,3,pose_only,False,0,True,False,False,True,3.2621320343559645,True,3.2621320343559645
v3_sc2_staging_00,L3,0,3,separate,False,0,True,False,False,True,3.2621320343559645,True,3.2621320343559645
v3_sc2_staging_00,L3,0,3,joint,False,0,True,False,False,True,3.2621320343559645,True,3.2621320343559645
v3_sc2_staging_00,L3,0,3,oracle,False,0,True,False,False,True,3.2621320343559645,True,3.2621320343559645
v3_sc2_staging_00,L3,0,4,uncalibrated,False,0,True,False,False,True,6.07634559672906,True,5.800609665440988
v3_sc2_staging_00,L3,0,4,label_cell,False,0,False,False,False,False,nan,False,5.800609665440988
v3_sc2_staging_00,L3,0,4,label_only,False,0,False,False,False,False,nan,False,5.800609665440988
v3_sc2_staging_00,L3,0,4,pose_only,False,0,True,False,False,True,6.07634559672906,True,5.800609665440988
v3_sc2_staging_00,L3,0,4,separate,False,0,False,False,False,False,nan,False,5.800609665440988
v3_sc2_staging_00,L3,0,4,joint,False,0,False,False,False,False,nan,False,5.800609665440988
v3_sc2_staging_00,L3,0,4,oracle,False,0,True,False,False,True,5.800609665440988,True,5.800609665440988
v3_sc2_staging_00,L3,0,5,uncalibrated,False,0,True,False,False,True,4.070710678118655,True,4.070710678118655
v3_sc2_staging_00,L3,0,5,label_cell,False,0,True,False,False,True,4.070710678118655,True,4.070710678118655
v3_sc2_staging_00,L3,0,5,label_only,False,0,True,False,False,True,4.070710678118655,True,4.070710678118655
v3_sc2_staging_00,L3,0,5,pose_only,False,0,True,False,False,True,4.070710678118655,True,4.070710678118655
v3_sc2_staging_00,L3,0,5,separate,False,0,True,False,False,True,4.070710678118655,True,4.070710678118655
v3_sc2_staging_00,L3,0,5,joint,False,0,True,False,False,True,4.070710678118655,True,4.070710678118655
v3_sc2_staging_00,L3,0,5,oracle,False,0,True,False,False,True,4.070710678118655,True,4.070710678118655
v3_sc2_staging_00,L3,0,6,uncalibrated,False,0,True,False,False,True,7.373401871576775,True,7.097665940288703
v3_sc2_staging_00,L3,0,6,label_cell,False,0,False,False,False,False,nan,False,7.097665940288703
v3_sc2_staging_00,L3,0,6,label_only,False,0,False,False,False,False,nan,False,7.097665940288703
v3_sc2_staging_00,L3,0,6,pose_only,False,0,True,False,False,True,7.373401871576775,True,7.097665940288703
v3_sc2_staging_00,L3,0,6,separate,False,0,False,False,False,False,nan,False,7.097665940288703
v3_sc2_staging_00,L3,0,6,joint,False,0,False,False,False,False,nan,False,7.097665940288703
v3_sc2_staging_00,L3,0,6,oracle,False,0,True,False,False,True,7.097665940288703,True,7.097665940288703
v3_sc2_staging_00,L3,0,7,uncalibrated,False,0,True,False,False,True,7.521320343559643,True,7.521320343559643
v3_sc2_staging_00,L3,0,7,label_cell,False,0,False,False,False,False,nan,False,7.521320343559643
v3_sc2_staging_00,L3,0,7,label_only,False,0,False,False,False,False,nan,False,7.521320343559643
v3_sc2_staging_00,L3,0,7,pose_only,False,0,True,False,False,True,7.521320343559643,True,7.521320343559643
v3_sc2_staging_00,L3,0,7,separate,False,0,False,False,False,False,nan,False,7.521320343559643
v3_sc2_staging_00,L3,0,7,joint,False,0,False,False,False,False,nan,False,7.521320343559643
v3_sc2_staging_00,L3,0,7,oracle,False,0,True,False,False,True,7.521320343559643,True,7.521320343559643
v3_sc2_staging_00,L3,0,8,uncalibrated,False,0,True,False,False,True,3.0455844122715705,True,3.0455844122715705
v3_sc2_staging_00,L3,0,8,label_cell,False,0,True,False,False,True,3.0455844122715705,True,3.0455844122715705
v3_sc2_staging_00,L3,0,8,label_only,False,0,True,False,False,True,3.0455844122715705,True,3.0455844122715705
v3_sc2_staging_00,L3,0,8,pose_only,False,0,True,False,False,True,3.0455844122715705,True,3.0455844122715705
v3_sc2_staging_00,L3,0,8,separate,False,0,True,False,False,True,3.0455844122715705,True,3.0455844122715705
v3_sc2_staging_00,L3,0,8,joint,False,0,True,False,False,True,3.0455844122715705,True,3.0455844122715705
v3_sc2_staging_00,L3,0,8,oracle,False,0,True,False,False,True,3.0455844122715705,True,3.0455844122715705
v3_sc2_staging_00,L3,0,9,uncalibrated,False,0,True,False,False,True,8.739087296526012,True,8.709797974644667
v3_sc2_staging_00,L3,0,9,label_cell,False,0,False,False,False,False,nan,False,8.709797974644667
v3_sc2_staging_00,L3,0,9,label_only,False,0,False,False,False,False,nan,False,8.709797974644667
v3_sc2_staging_00,L3,0,9,pose_only,False,0,True,False,False,True,9.180508652763322,True,8.709797974644667
v3_sc2_staging_00,L3,0,9,separate,False,0,False,False,False,False,nan,False,8.709797974644667
v3_sc2_staging_00,L3,0,9,joint,False,0,False,False,False,False,nan,False,8.709797974644667
v3_sc2_staging_00,L3,0,9,oracle,False,0,True,False,False,True,8.709797974644667,True,8.709797974644667
v3_sc2_staging_00,L3,0,10,uncalibrated,False,0,True,False,False,True,3.0500000000000003,True,3.0500000000000003
v3_sc2_staging_00,L3,0,10,label_cell,False,0,True,False,False,True,3.09142135623731,True,3.0500000000000003
v3_sc2_staging_00,L3,0,10,label_only,False,0,True,False,False,True,3.0500000000000003,True,3.0500000000000003
v3_sc2_staging_00,L3,0,10,pose_only,False,0,True,False,False,True,3.0500000000000003,True,3.0500000000000003
v3_sc2_staging_00,L3,0,10,separate,False,0,True,False,False,True,3.0500000000000003,True,3.0500000000000003
v3_sc2_staging_00,L3,0,10,joint,False,0,True,False,False,True,3.0500000000000003,True,3.0500000000000003
v3_sc2_staging_00,L3,0,10,oracle,False,0,True,False,False,True,3.0500000000000003,True,3.0500000000000003
v3_sc2_staging_00,L3,0,11,uncalibrated,False,0,True,False,False,True,4.794112549695429,True,4.794112549695429
v3_sc2_staging_00,L3,0,11,label_cell,False,0,False,False,False,False,nan,False,4.794112549695429
v3_sc2_staging_00,L3,0,11,label_only,False,0,True,False,False,True,4.794112549695429,True,4.794112549695429
v3_sc2_staging_00,L3,0,11,pose_only,False,0,True,False,False,True,4.794112549695429,True,4.794112549695429
v3_sc2_staging_00,L3,0,11,separate,False,0,True,False,False,True,4.794112549695429,True,4.794112549695429
v3_sc2_staging_00,L3,0,11,joint,False,0,True,False,False,True,4.794112549695429,True,4.794112549695429
v3_sc2_staging_00,L3,0,11,oracle,False,0,True,False,False,True,4.794112549695429,True,4.794112549695429
v3_sc2_staging_00,L3,0,12,uncalibrated,False,0,True,False,False,True,8.585533905932738,True,8.556244584051393
v3_sc2_staging_00,L3,0,12,label_cell,False,0,False,False,False,False,nan,False,8.556244584051393
v3_sc2_staging_00,L3,0,12,label_only,False,0,False,False,False,False,nan,False,8.556244584051393
v3_sc2_staging_00,L3,0,12,pose_only,False,0,True,False,False,True,9.026955262170047,True,8.556244584051393
v3_sc2_staging_00,L3,0,12,separate,False,0,False,False,False,False,nan,False,8.556244584051393
v3_sc2_staging_00,L3,0,12,joint,False,0,False,False,False,False,nan,False,8.556244584051393
v3_sc2_staging_00,L3,0,12,oracle,False,0,True,False,False,True,8.556244584051393,True,8.556244584051393
v3_sc2_staging_00,L3,0,13,uncalibrated,False,0,True,False,False,True,3.9828427124746195,True,3.9828427124746195
v3_sc2_staging_00,L3,0,13,label_cell,False,0,True,False,False,True,3.9828427124746195,True,3.9828427124746195
v3_sc2_staging_00,L3,0,13,label_only,False,0,True,False,False,True,3.9828427124746195,True,3.9828427124746195
v3_sc2_staging_00,L3,0,13,pose_only,False,0,True,False,False,True,3.9828427124746195,True,3.9828427124746195
v3_sc2_staging_00,L3,0,13,separate,False,0,True,False,False,True,3.9828427124746195,True,3.9828427124746195
v3_sc2_staging_00,L3,0,13,joint,False,0,True,False,False,True,3.9828427124746195,True,3.9828427124746195
v3_sc2_staging_00,L3,0,13,oracle,False,0,True,False,False,True,3.9828427124746195,True,3.9828427124746195
v3_sc2_staging_00,L3,0,14,uncalibrated,False,0,True,False,False,True,7.202691193458122,True,7.173401871576776
v3_sc2_staging_00,L3,0,14,label_cell,False,0,False,False,False,False,nan,False,7.173401871576776
v3_sc2_staging_00,L3,0,14,label_only,False,0,False,False,False,False,nan,False,7.173401871576776
v3_sc2_staging_00,L3,0,14,pose_only,False,0,True,False,False,True,7.644112549695428,True,7.173401871576776
v3_sc2_staging_00,L3,0,14,separate,False,0,False,False,False,False,nan,False,7.173401871576776
v3_sc2_staging_00,L3,0,14,joint,False,0,False,False,False,False,nan,False,7.173401871576776
v3_sc2_staging_00,L3,0,14,oracle,False,0,True,False,False,True,7.173401871576776,True,7.173401871576776
v3_sc2_staging_00,L3,0,15,uncalibrated,False,0,True,False,False,True,9.547056274847714,True,9.434924240491751
v3_sc2_staging_00,L3,0,15,label_cell,False,0,False,False,False,False,nan,False,9.434924240491751
v3_sc2_staging_00,L3,0,15,label_only,False,0,False,False,False,False,nan,False,9.434924240491751
v3_sc2_staging_00,L3,0,15,pose_only,False,0,True,False,False,True,10.092031021678299,True,9.434924240491751
v3_sc2_staging_00,L3,0,15,separate,False,0,False,False,False,False,nan,False,9.434924240491751
v3_sc2_staging_00,L3,0,15,joint,False,0,False,False,False,False,nan,False,9.434924240491751
v3_sc2_staging_00,L3,0,15,oracle,False,0,True,False,False,True,9.434924240491751,True,9.434924240491751
v3_sc2_staging_00,L3,0,16,uncalibrated,False,0,True,False,False,True,7.2884776310850246,True,7.288477631085023
v3_sc2_staging_00,L3,0,16,label_cell,False,0,False,False,False,False,nan,False,7.288477631085023
v3_sc2_staging_00,L3,0,16,label_only,False,0,False,False,False,False,nan,False,7.288477631085023
v3_sc2_staging_00,L3,0,16,pose_only,False,0,True,False,False,True,7.495584412271571,True,7.288477631085023
v3_sc2_staging_00,L3,0,16,separate,False,0,False,False,False,False,nan,False,7.288477631085023
v3_sc2_staging_00,L3,0,16,joint,False,0,False,False,False,False,nan,False,7.288477631085023
v3_sc2_staging_00,L3,0,16,oracle,False,0,True,False,False,True,7.288477631085023,True,7.288477631085023
v3_sc2_staging_00,L3,0,17,uncalibrated,False,0,True,False,False,True,8.25269119345812,True,8.006244584051393
v3_sc2_staging_00,L3,0,17,label_cell,False,0,False,False,False,False,nan,False,8.006244584051393
v3_sc2_staging_00,L3,0,17,label_only,False,0,False,False,False,False,nan,False,8.006244584051393
v3_sc2_staging_00,L3,0,17,pose_only,False,0,True,False,False,True,8.25269119345812,True,8.006244584051393
v3_sc2_staging_00,L3,0,17,separate,False,0,False,False,False,False,nan,False,8.006244584051393
v3_sc2_staging_00,L3,0,17,joint,False,0,False,False,False,False,nan,False,8.006244584051393
v3_sc2_staging_00,L3,0,17,oracle,False,0,True,False,False,True,8.006244584051393,True,8.006244584051393
v3_sc2_staging_00,L3,0,18,uncalibrated,False,0,True,False,False,True,4.589949493661167,True,4.272792206135786
v3_sc2_staging_00,L3,0,18,label_cell,False,0,False,False,False,False,nan,False,4.272792206135786
v3_sc2_staging_00,L3,0,18,label_only,False,0,False,False,False,False,nan,False,4.272792206135786
v3_sc2_staging_00,L3,0,18,pose_only,False,0,True,False,False,True,4.589949493661167,True,4.272792206135786
v3_sc2_staging_00,L3,0,18,separate,False,0,False,False,False,False,nan,False,4.272792206135786
v3_sc2_staging_00,L3,0,18,joint,False,0,False,False,False,False,nan,False,4.272792206135786
v3_sc2_staging_00,L3,0,18,oracle,False,0,True,False,False,True,4.272792206135786,True,4.272792206135786
v3_sc2_staging_00,L3,0,19,uncalibrated,False,0,True,False,False,True,5.471320343559643,True,5.371320343559642
v3_sc2_staging_00,L3,0,19,label_cell,False,0,False,False,False,False,nan,False,5.371320343559642
v3_sc2_staging_00,L3,0,19,label_only,False,0,False,False,False,False,nan,False,5.371320343559642
v3_sc2_staging_00,L3,0,19,pose_only,False,0,True,False,False,True,5.471320343559643,True,5.371320343559642
v3_sc2_staging_00,L3,0,19,separate,False,0,False,False,False,False,nan,False,5.371320343559642
v3_sc2_staging_00,L3,0,19,joint,False,0,False,False,False,False,nan,False,5.371320343559642
v3_sc2_staging_00,L3,0,19,oracle,False,0,True,False,False,True,5.371320343559642,True,5.371320343559642
v3_sc2_staging_00,L3,1,0,uncalibrated,False,0,True,False,False,True,7.2884776310850246,True,7.2884776310850246
v3_sc2_staging_00,L3,1,0,label_cell,False,0,False,False,False,False,nan,False,7.2884776310850246
v3_sc2_staging_00,L3,1,0,label_only,False,0,False,False,False,False,nan,False,7.2884776310850246
v3_sc2_staging_00,L3,1,0,pose_only,False,0,True,False,False,True,7.729898987322333,True,7.2884776310850246
v3_sc2_staging_00,L3,1,0,separate,False,0,False,False,False,False,nan,False,7.2884776310850246
v3_sc2_staging_00,L3,1,0,joint,False,0,False,False,False,False,nan,False,7.2884776310850246
v3_sc2_staging_00,L3,1,0,oracle,False,0,True,False,False,True,7.2884776310850246,True,7.2884776310850246
v3_sc2_staging_00,L3,1,1,uncalibrated,False,0,True,False,False,True,8.174873734152916,True,8.174873734152916
v3_sc2_staging_00,L3,1,1,label_cell,False,0,True,False,False,True,8.33345237791561,True,8.174873734152916
v3_sc2_staging_00,L3,1,1,label_only,False,0,False,False,False,False,nan,False,8.174873734152916
v3_sc2_staging_00,L3,1,1,pose_only,False,0,True,False,False,True,8.657716446627536,True,8.174873734152916
v3_sc2_staging_00,L3,1,1,separate,False,0,False,False,False,False,nan,False,8.174873734152916
v3_sc2_staging_00,L3,1,1,joint,False,0,False,False,False,False,nan,False,8.174873734152916
v3_sc2_staging_00,L3,1,1,oracle,False,0,True,False,False,True,8.174873734152916,True,8.174873734152916
v3_sc2_staging_00,L3,1,2,uncalibrated,False,0,True,False,False,True,3.9769552621700472,True,3.9769552621700472
v3_sc2_staging_00,L3,1,2,label_cell,False,0,True,False,False,True,3.9769552621700472,True,3.9769552621700472
v3_sc2_staging_00,L3,1,2,label_only,False,0,True,False,False,True,3.9769552621700472,True,3.9769552621700472
v3_sc2_staging_00,L3,1,2,pose_only,False,0,True,False,False,True,3.9769552621700472,True,3.9769552621700472
v3_sc2_staging_00,L3,1,2,separate,False,0,True,False,False,True,3.9769552621700472,True,3.9769552621700472
v3_sc2_staging_00,L3,1,2,joint,False,0,True,False,False,True,3.9769552621700472,True,3.9769552621700472
v3_sc2_staging_00,L3,1,2,oracle,False,0,True,False,False,True,3.9769552621700472,True,3.9769552621700472
v3_sc2_staging_00,L3,1,3,uncalibrated,False,0,True,False,False,True,3.3242640687119294,True,3.3242640687119294
v3_sc2_staging_00,L3,1,3,label_cell,False,0,True,False,False,True,3.3242640687119294,True,3.3242640687119294
v3_sc2_staging_00,L3,1,3,label_only,False,0,True,False,False,True,3.3242640687119294,True,3.3242640687119294
v3_sc2_staging_00,L3,1,3,pose_only,False,0,True,False,False,True,3.3242640687119294,True,3.3242640687119294
v3_sc2_staging_00,L3,1,3,separate,False,0,True,False,False,True,3.3242640687119294,True,3.3242640687119294
v3_sc2_staging_00,L3,1,3,joint,False,0,True,False,False,True,3.3242640687119294,True,3.3242640687119294
v3_sc2_staging_00,L3,1,3,oracle,False,0,True,False,False,True,3.3242640687119294,True,3.3242640687119294
v3_sc2_staging_00,L3,1,4,uncalibrated,False,0,True,False,False,True,5.900609665440989,True,5.629898987322333
v3_sc2_staging_00,L3,1,4,label_cell,False,0,False,False,False,False,nan,False,5.629898987322333
v3_sc2_staging_00,L3,1,4,label_only,False,0,False,False,False,False,nan,False,5.629898987322333
v3_sc2_staging_00,L3,1,4,pose_only,False,0,True,False,False,True,5.900609665440989,True,5.629898987322333
v3_sc2_staging_00,L3,1,4,separate,False,0,False,False,False,False,nan,False,5.629898987322333
v3_sc2_staging_00,L3,1,4,joint,False,0,False,False,False,False,nan,False,5.629898987322333
v3_sc2_staging_00,L3,1,4,oracle,False,0,True,False,False,True,5.629898987322333,True,5.629898987322333
v3_sc2_staging_00,L3,1,5,uncalibrated,False,0,True,False,False,True,4.153553390593274,True,4.153553390593274
v3_sc2_staging_00,L3,1,5,label_cell,False,0,True,False,False,True,4.153553390593274,True,4.153553390593274
v3_sc2_staging_00,L3,1,5,label_only,False,0,True,False,False,True,4.153553390593274,True,4.153553390593274
v3_sc2_staging_00,L3,1,5,pose_only,False,0,True,False,False,True,4.153553390593274,True,4.153553390593274
v3_sc2_staging_00,L3,1,5,separate,False,0,True,False,False,True,4.153553390593274,True,4.153553390593274
v3_sc2_staging_00,L3,1,5,joint,False,0,True,False,False,True,4.153553390593274,True,4.153553390593274
v3_sc2_staging_00,L3,1,5,oracle,False,0,True,False,False,True,4.153553390593274,True,4.153553390593274
v3_sc2_staging_00,L3,1,6,uncalibrated,False,0,True,False,False,True,7.185533905932741,True,6.914823227814087
v3_sc2_staging_00,L3,1,6,label_cell,False,0,False,False,False,False,nan,False,6.914823227814087
v3_sc2_staging_00,L3,1,6,label_only,False,0,False,False,False,False,nan,False,6.914823227814087
v3_sc2_staging_00,L3,1,6,pose_only,False,0,True,False,False,True,7.185533905932741,True,6.914823227814087
v3_sc2_staging_00,L3,1,6,separate,False,0,False,False,False,False,nan,False,6.914823227814087
v3_sc2_staging_00,L3,1,6,joint,False,0,False,False,False,False,nan,False,6.914823227814087
v3_sc2_staging_00,L3,1,6,oracle,False,0,True,False,False,True,6.914823227814087,True,6.914823227814087
v3_sc2_staging_00,L3,1,7,uncalibrated,False,0,True,False,False,True,7.504163056034263,True,7.504163056034263
v3_sc2_staging_00,L3,1,7,label_cell,False,0,False,False,False,False,nan,False,7.504163056034263
v3_sc2_staging_00,L3,1,7,label_only,False,0,False,False,False,False,nan,False,7.504163056034263
v3_sc2_staging_00,L3,1,7,pose_only,False,0,True,False,False,True,7.504163056034263,True,7.504163056034263
v3_sc2_staging_00,L3,1,7,separate,False,0,False,False,False,False,nan,False,7.504163056034263
v3_sc2_staging_00,L3,1,7,joint,False,0,False,False,False,False,nan,False,7.504163056034263
v3_sc2_staging_00,L3,1,7,oracle,False,0,True,False,False,True,7.504163056034263,True,7.504163056034263
v3_sc2_staging_00,L3,1,8,uncalibrated,False,0,True,False,False,True,3.0370057685088803,True,3.0370057685088803
v3_sc2_staging_00,L3,1,8,label_cell,False,0,False,False,False,False,nan,False,3.0370057685088803
v3_sc2_staging_00,L3,1,8,label_only,False,0,True,False,False,True,3.0370057685088803,True,3.0370057685088803
v3_sc2_staging_00,L3,1,8,pose_only,False,0,True,False,False,True,3.0370057685088803,True,3.0370057685088803
v3_sc2_staging_00,L3,1,8,separate,False,0,True,False,False,True,3.0370057685088803,True,3.0370057685088803
v3_sc2_staging_00,L3,1,8,joint,False,0,True,False,False,True,3.0370057685088803,True,3.0370057685088803
v3_sc2_staging_00,L3,1,8,oracle,False,0,True,False,False,True,3.0370057685088803,True,3.0370057685088803
v3_sc2_staging_00,L3,1,9,uncalibrated,False,0,True,False,False,True,8.635533905932737,True,8.635533905932737
v3_sc2_staging_00,L3,1,9,label_cell,False,0,False,False,False,False,nan,False,8.635533905932737
v3_sc2_staging_00,L3,1,9,label_only,False,0,False,False,False,False,nan,False,8.635533905932737
v3_sc2_staging_00,L3,1,9,pose_only,False,0,True,False,False,True,9.076955262170049,True,8.635533905932737
v3_sc2_staging_00,L3,1,9,separate,False,0,False,False,False,False,nan,False,8.635533905932737
v3_sc2_staging_00,L3,1,9,joint,False,0,False,False,False,False,nan,False,8.635533905932737
v3_sc2_staging_00,L3,1,9,oracle,False,0,True,False,False,True,8.635533905932737,True,8.635533905932737
v3_sc2_staging_00,L3,1,10,uncalibrated,False,0,True,False,False,True,3.0500000000000003,True,3.0500000000000003
v3_sc2_staging_00,L3,1,10,label_cell,False,0,True,False,False,True,3.0500000000000003,True,3.0500000000000003
v3_sc2_staging_00,L3,1,10,label_only,False,0,True,False,False,True,3.0500000000000003,True,3.0500000000000003
v3_sc2_staging_00,L3,1,10,pose_only,False,0,True,False,False,True,3.0500000000000003,True,3.0500000000000003
v3_sc2_staging_00,L3,1,10,separate,False,0,True,False,False,True,3.0500000000000003,True,3.0500000000000003
v3_sc2_staging_00,L3,1,10,joint,False,0,True,False,False,True,3.0500000000000003,True,3.0500000000000003
v3_sc2_staging_00,L3,1,10,oracle,False,0,True,False,False,True,3.0500000000000003,True,3.0500000000000003
v3_sc2_staging_00,L3,1,11,uncalibrated,False,0,True,False,False,True,4.902691193458118,True,4.902691193458118
v3_sc2_staging_00,L3,1,11,label_cell,False,0,False,False,False,False,nan,False,4.902691193458118
v3_sc2_staging_00,L3,1,11,label_only,False,0,True,False,False,True,4.902691193458118,True,4.902691193458118
v3_sc2_staging_00,L3,1,11,pose_only,False,0,True,False,False,True,4.902691193458118,True,4.902691193458118
v3_sc2_staging_00,L3,1,11,separate,False,0,True,False,False,True,4.902691193458118,True,4.902691193458118
v3_sc2_staging_00,L3,1,11,joint,False,0,True,False,False,True,4.902691193458118,True,4.902691193458118
v3_sc2_staging_00,L3,1,11,oracle,False,0,True,False,False,True,4.902691193458118,True,4.902691193458118
v3_sc2_staging_00,L3,1,12,uncalibrated,False,0,True,False,False,True,8.481980515339464,True,8.481980515339464
v3_sc2_staging_00,L3,1,12,label_cell,False,0,True,False,False,True,8.59411254969543,True,8.481980515339464
v3_sc2_staging_00,L3,1,12,label_only,False,0,False,False,False,False,nan,False,8.481980515339464
v3_sc2_staging_00,L3,1,12,pose_only,False,0,True,False,False,True,8.923401871576772,True,8.481980515339464
v3_sc2_staging_00,L3,1,12,separate,False,0,False,False,False,False,nan,False,8.481980515339464
v3_sc2_staging_00,L3,1,12,joint,False,0,False,False,False,False,nan,False,8.481980515339464
v3_sc2_staging_00,L3,1,12,oracle,False,0,True,False,False,True,8.481980515339464,True,8.481980515339464
v3_sc2_staging_00,L3,1,13,uncalibrated,False,0,True,False,False,True,3.9207106781186547,True,3.9207106781186547
v3_sc2_staging_00,L3,1,13,label_cell,False,0,True,False,False,True,3.9207106781186547,True,3.9207106781186547
v3_sc2_staging_00,L3,1,13,label_only,False,0,True,False,False,True,3.9207106781186547,True,3.9207106781186547
v3_sc2_staging_00,L3,1,13,pose_only,False,0,True,False,False,True,3.9207106781186547,True,3.9207106781186547
v3_sc2_staging_00,L3,1,13,separate,False,0,True,False,False,True,3.9207106781186547,True,3.9207106781186547
v3_sc2_staging_00,L3,1,13,joint,False,0,True,False,False,True,3.9207106781186547,True,3.9207106781186547
v3_sc2_staging_00,L3,1,13,oracle,False,0,True,False,False,True,3.9207106781186547,True,3.9207106781186547
v3_sc2_staging_00,L3,1,14,uncalibrated,False,0,True,False,False,True,7.119848480983504,True,7.119848480983504
v3_sc2_staging_00,L3,1,14,label_cell,False,0,False,False,False,False,nan,False,7.119848480983504
v3_sc2_staging_00,L3,1,14,label_only,False,0,False,False,False,False,nan,False,7.119848480983504
v3_sc2_staging_00,L3,1,14,pose_only,False,0,True,False,False,True,7.561269837220809,True,7.119848480983504
v3_sc2_staging_00,L3,1,14,separate,False,0,False,False,False,False,nan,False,7.119848480983504
v3_sc2_staging_00,L3,1,14,joint,False,0,False,False,False,False,nan,False,7.119848480983504
v3_sc2_staging_00,L3,1,14,oracle,False,0,True,False,False,True,7.119848480983504,True,7.119848480983504
v3_sc2_staging_00,L3,1,15,uncalibrated,False,0,True,False,False,True,9.529898987322332,True,9.529898987322332
v3_sc2_staging_00,L3,1,15,label_cell,False,0,True,False,False,True,9.600609665440988,True,9.529898987322332
v3_sc2_staging_00,L3,1,15,label_only,False,0,False,False,False,False,nan,False,9.529898987322332
v3_sc2_staging_00,L3,1,15,pose_only,False,0,True,False,False,True,10.012741699796953,True,9.529898987322332
v3_sc2_staging_00,L3,1,15,separate,False,0,False,False,False,False,nan,False,9.529898987322332
v3_sc2_staging_00,L3,1,15,joint,False,0,False,False,False,False,nan,False,9.529898987322332
v3_sc2_staging_00,L3,1,15,oracle,False,0,True,False,False,True,9.529898987322332,True,9.529898987322332
v3_sc2_staging_00,L3,1,16,uncalibrated,False,0,True,False,False,True,7.259188309203679,True,7.259188309203679
v3_sc2_staging_00,L3,1,16,label_cell,False,0,True,False,False,True,7.321320343559643,True,7.259188309203679
v3_sc2_staging_00,L3,1,16,label_only,False,0,False,False,False,False,nan,False,7.259188309203679
v3_sc2_staging_00,L3,1,16,pose_only,False,0,True,False,False,True,7.404163056034261,True,7.259188309203679
v3_sc2_staging_00,L3,1,16,separate,False,0,False,False,False,False,nan,False,7.259188309203679
v3_sc2_staging_00,L3,1,16,joint,False,0,False,False,False,False,nan,False,7.259188309203679
v3_sc2_staging_00,L3,1,16,oracle,False,0,True,False,False,True,7.259188309203679,True,7.259188309203679
v3_sc2_staging_00,L3,1,17,uncalibrated,False,0,True,False,False,True,8.076955262170047,True,7.889087296526012
v3_sc2_staging_00,L3,1,17,label_cell,False,0,False,False,False,False,nan,False,7.889087296526012
v3_sc2_staging_00,L3,1,17,label_only,False,0,False,False,False,False,nan,False,7.889087296526012
v3_sc2_staging_00,L3,1,17,pose_only,False,0,True,False,False,True,8.076955262170047,True,7.889087296526012
v3_sc2_staging_00,L3,1,17,separate,False,0,False,False,False,False,nan,False,7.889087296526012
v3_sc2_staging_00,L3,1,17,joint,False,0,False,False,False,False,nan,False,7.889087296526012
v3_sc2_staging_00,L3,1,17,oracle,False,0,True,False,False,True,7.889087296526012,True,7.889087296526012
v3_sc2_staging_00,L3,1,18,uncalibrated,False,0,True,False,False,True,4.364213562373095,True,4.114213562373095
v3_sc2_staging_00,L3,1,18,label_cell,False,0,False,False,False,False,nan,False,4.114213562373095
v3_sc2_staging_00,L3,1,18,label_only,False,0,False,False,False,False,nan,False,4.114213562373095
v3_sc2_staging_00,L3,1,18,pose_only,False,0,True,False,False,True,4.364213562373095,True,4.114213562373095
v3_sc2_staging_00,L3,1,18,separate,False,0,False,False,False,False,nan,False,4.114213562373095
v3_sc2_staging_00,L3,1,18,joint,False,0,False,False,False,False,nan,False,4.114213562373095
v3_sc2_staging_00,L3,1,18,oracle,False,0,True,False,False,True,4.114213562373095,True,4.114213562373095
v3_sc2_staging_00,L3,1,19,uncalibrated,False,0,True,False,False,True,5.392031021678298,True,5.150609665440989
v3_sc2_staging_00,L3,1,19,label_cell,False,0,False,False,False,False,nan,False,5.150609665440989
v3_sc2_staging_00,L3,1,19,label_only,False,0,False,False,False,False,nan,False,5.150609665440989
v3_sc2_staging_00,L3,1,19,pose_only,False,0,True,False,False,True,5.392031021678298,True,5.150609665440989
v3_sc2_staging_00,L3,1,19,separate,False,0,False,False,False,False,nan,False,5.150609665440989
v3_sc2_staging_00,L3,1,19,joint,False,0,False,False,False,False,nan,False,5.150609665440989
v3_sc2_staging_00,L3,1,19,oracle,False,0,True,False,False,True,5.150609665440989,True,5.150609665440989
v3_sc2_staging_00,L3,2,0,uncalibrated,False,0,True,False,False,True,7.197056274847714,True,7.226345596729058
v3_sc2_staging_00,L3,2,0,label_cell,False,0,True,False,False,True,7.267766952966369,True,7.226345596729058
v3_sc2_staging_00,L3,2,0,label_only,False,0,False,False,False,False,nan,False,7.226345596729058
v3_sc2_staging_00,L3,2,0,pose_only,False,0,True,False,False,True,7.638477631085023,True,7.226345596729058
v3_sc2_staging_00,L3,2,0,separate,False,0,False,False,False,False,nan,False,7.226345596729058
v3_sc2_staging_00,L3,2,0,joint,False,0,False,False,False,False,nan,False,7.226345596729058
v3_sc2_staging_00,L3,2,0,oracle,False,0,True,False,False,True,7.226345596729058,True,7.226345596729058
v3_sc2_staging_00,L3,2,1,uncalibrated,False,0,True,False,False,True,8.157716446627536,True,8.18700576850888
v3_sc2_staging_00,L3,2,1,label_cell,False,0,True,False,False,True,8.345584412271572,True,8.18700576850888
v3_sc2_staging_00,L3,2,1,label_only,False,0,False,False,False,False,nan,False,8.18700576850888
v3_sc2_staging_00,L3,2,1,pose_only,False,0,True,False,False,True,8.599137802864846,True,8.18700576850888
v3_sc2_staging_00,L3,2,1,separate,False,0,False,False,False,False,nan,False,8.18700576850888
v3_sc2_staging_00,L3,2,1,joint,False,0,False,False,False,False,nan,False,8.18700576850888
v3_sc2_staging_00,L3,2,1,oracle,False,0,True,False,False,True,8.18700576850888,True,8.18700576850888
v3_sc2_staging_00,L3,2,2,uncalibrated,False,0,True,False,False,True,3.964823227814083,True,3.964823227814083
v3_sc2_staging_00,L3,2,2,label_cell,False,0,True,False,False,True,3.964823227814083,True,3.964823227814083
v3_sc2_staging_00,L3,2,2,label_only,False,0,True,False,False,True,3.964823227814083,True,3.964823227814083
v3_sc2_staging_00,L3,2,2,pose_only,False,0,True,False,False,True,3.964823227814083,True,3.964823227814083
v3_sc2_staging_00,L3,2,2,separate,False,0,True,False,False,True,3.964823227814083,True,3.964823227814083
v3_sc2_staging_00,L3,2,2,joint,False,0,True,False,False,True,3.964823227814083,True,3.964823227814083
v3_sc2_staging_00,L3,2,2,oracle,False,0,True,False,False,True,3.964823227814083,True,3.964823227814083
v3_sc2_staging_00,L3,2,3,uncalibrated,False,0,True,False,False,True,3.3656854249492385,True,3.3656854249492385
v3_sc2_staging_00,L3,2,3,label_cell,False,0,True,False,False,True,3.3656854249492385,True,3.3656854249492385
v3_sc2_staging_00,L3,2,3,label_only,False,0,True,False,False,True,3.3656854249492385,True,3.3656854249492385
v3_sc2_staging_00,L3,2,3,pose_only,False,0,True,False,False,True,3.3656854249492385,True,3.3656854249492385
v3_sc2_staging_00,L3,2,3,separate,False,0,True,False,False,True,3.3656854249492385,True,3.3656854249492385
v3_sc2_staging_00,L3,2,3,joint,False,0,True,False,False,True,3.3656854249492385,True,3.3656854249492385
v3_sc2_staging_00,L3,2,3,oracle,False,0,True,False,False,True,3.3656854249492385,True,3.3656854249492385
v3_sc2_staging_00,L3,2,4,uncalibrated,False,0,True,False,False,True,5.688477631085024,True,5.679898987322334
v3_sc2_staging_00,L3,2,4,label_cell,False,0,False,False,False,False,nan,False,5.679898987322334
v3_sc2_staging_00,L3,2,4,label_only,False,0,False,False,False,False,nan,False,5.679898987322334
v3_sc2_staging_00,L3,2,4,pose_only,False,0,True,False,False,True,5.688477631085024,True,5.679898987322334
v3_sc2_staging_00,L3,2,4,separate,False,0,False,False,False,False,nan,False,5.679898987322334
v3_sc2_staging_00,L3,2,4,joint,False,0,False,False,False,False,nan,False,5.679898987322334
v3_sc2_staging_00,L3,2,4,oracle,False,0,True,False,False,True,5.679898987322334,True,5.679898987322334
v3_sc2_staging_00,L3,2,5,uncalibrated,False,0,True,False,False,True,4.1449747468305835,True,4.1449747468305835
v3_sc2_staging_00,L3,2,5,label_cell,False,0,True,False,False,True,4.1449747468305835,True,4.1449747468305835
v3_sc2_staging_00,L3,2,5,label_only,False,0,True,False,False,True,4.1449747468305835,True,4.1449747468305835
v3_sc2_staging_00,L3,2,5,pose_only,False,0,True,False,False,True,4.1449747468305835,True,4.1449747468305835
v3_sc2_staging_00,L3,2,5,separate,False,0,True,False,False,True,4.1449747468305835,True,4.1449747468305835
v3_sc2_staging_00,L3,2,5,joint,False,0,True,False,False,True,4.1449747468305835,True,4.1449747468305835
v3_sc2_staging_00,L3,2,5,oracle,False,0,True,False,False,True,4.1449747468305835,True,4.1449747468305835
v3_sc2_staging_00,L3,2,6,uncalibrated,False,0,True,False,False,True,7.023401871576775,True,nan
v3_sc2_staging_00,L3,2,6,label_cell,False,0,False,False,False,False,nan,False,nan
v3_sc2_staging_00,L3,2,6,label_only,False,0,False,False,False,False,nan,False,nan
v3_sc2_staging_00,L3,2,6,pose_only,False,0,True,False,False,True,7.023401871576775,True,nan
v3_sc2_staging_00,L3,2,6,separate,False,0,False,False,False,False,nan,False,nan
v3_sc2_staging_00,L3,2,6,joint,False,0,False,False,False,False,nan,False,nan
v3_sc2_staging_00,L3,2,6,oracle,False,0,False,False,False,False,nan,False,nan
v3_sc2_staging_00,L3,2,7,uncalibrated,False,0,True,False,False,True,7.557716446627535,True,7.557716446627535
v3_sc2_staging_00,L3,2,7,label_cell,False,0,False,False,False,False,nan,False,7.557716446627535
v3_sc2_staging_00,L3,2,7,label_only,False,0,False,False,False,False,nan,False,7.557716446627535
v3_sc2_staging_00,L3,2,7,pose_only,False,0,True,False,False,True,7.557716446627535,True,7.557716446627535
v3_sc2_staging_00,L3,2,7,separate,False,0,False,False,False,False,nan,False,7.557716446627535
v3_sc2_staging_00,L3,2,7,joint,False,0,False,False,False,False,nan,False,7.557716446627535
v3_sc2_staging_00,L3,2,7,oracle,False,0,True,False,False,True,7.557716446627535,True,7.557716446627535
v3_sc2_staging_00,L3,2,8,uncalibrated,False,0,True,False,False,True,3.0284271247461896,True,3.0284271247461896
v3_sc2_staging_00,L3,2,8,label_cell,False,0,False,False,False,False,nan,False,3.0284271247461896
v3_sc2_staging_00,L3,2,8,label_only,False,0,True,False,False,True,3.0284271247461896,True,3.0284271247461896
v3_sc2_staging_00,L3,2,8,pose_only,False,0,True,False,False,True,3.0284271247461896,True,3.0284271247461896
v3_sc2_staging_00,L3,2,8,separate,False,0,True,False,False,True,3.0284271247461896,True,3.0284271247461896
v3_sc2_staging_00,L3,2,8,joint,False,0,True,False,False,True,3.0284271247461896,True,3.0284271247461896
v3_sc2_staging_00,L3,2,8,oracle,False,0,True,False,False,True,3.0284271247461896,True,3.0284271247461896
v3_sc2_staging_00,L3,2,9,uncalibrated,False,0,True,False,False,True,8.623401871576775,True,8.65269119345812
v3_sc2_staging_00,L3,2,9,label_cell,False,0,False,False,False,False,nan,False,8.65269119345812
v3_sc2_staging_00,L3,2,9,label_only,False,0,False,False,False,False,nan,False,8.65269119345812
v3_sc2_staging_00,L3,2,9,pose_only,False,0,True,False,False,True,9.064823227814083,True,8.65269119345812
v3_sc2_staging_00,L3,2,9,separate,False,0,False,False,False,False,nan,False,8.65269119345812
v3_sc2_staging_00,L3,2,9,joint,False,0,False,False,False,False,nan,False,8.65269119345812
v3_sc2_staging_00,L3,2,9,oracle,False,0,True,False,False,True,8.65269119345812,True,8.65269119345812
v3_sc2_staging_00,L3,2,10,uncalibrated,False,0,True,False,False,True,3.0500000000000003,True,3.0500000000000003
v3_sc2_staging_00,L3,2,10,label_cell,False,0,True,False,False,True,3.0500000000000003,True,3.0500000000000003
v3_sc2_staging_00,L3,2,10,label_only,False,0,True,False,False,True,3.0500000000000003,True,3.0500000000000003
v3_sc2_staging_00,L3,2,10,pose_only,False,0,True,False,False,True,3.0500000000000003,True,3.0500000000000003
v3_sc2_staging_00,L3,2,10,separate,False,0,True,False,False,True,3.0500000000000003,True,3.0500000000000003
v3_sc2_staging_00,L3,2,10,joint,False,0,True,False,False,True,3.0500000000000003,True,3.0500000000000003
v3_sc2_staging_00,L3,2,10,oracle,False,0,True,False,False,True,3.0500000000000003,True,3.0500000000000003
v3_sc2_staging_00,L3,2,11,uncalibrated,False,0,True,False,False,True,4.890559159102155,True,4.890559159102155
v3_sc2_staging_00,L3,2,11,label_cell,False,0,False,False,False,False,nan,False,4.890559159102155
v3_sc2_staging_00,L3,2,11,label_only,False,0,True,False,False,True,4.890559159102155,True,4.890559159102155
v3_sc2_staging_00,L3,2,11,pose_only,False,0,True,False,False,True,4.890559159102155,True,4.890559159102155
v3_sc2_staging_00,L3,2,11,separate,False,0,True,False,False,True,4.890559159102155,True,4.890559159102155
v3_sc2_staging_00,L3,2,11,joint,False,0,True,False,False,True,4.890559159102155,True,4.890559159102155
v3_sc2_staging_00,L3,2,11,oracle,False,0,True,False,False,True,4.890559159102155,True,4.890559159102155
v3_sc2_staging_00,L3,2,12,uncalibrated,False,0,True,False,False,True,8.440559159102156,True,8.469848480983499
v3_sc2_staging_00,L3,2,12,label_cell,False,0,True,False,False,True,8.511269837220809,True,8.469848480983499
v3_sc2_staging_00,L3,2,12,label_only,False,0,False,False,False,False,nan,False,8.469848480983499
v3_sc2_staging_00,L3,2,12,pose_only,False,0,True,False,False,True,8.881980515339464,True,8.469848480983499
v3_sc2_staging_00,L3,2,12,separate,False,0,False,False,False,False,nan,False,8.469848480983499
v3_sc2_staging_00,L3,2,12,joint,False,0,False,False,False,False,nan,False,8.469848480983499
v3_sc2_staging_00,L3,2,12,oracle,False,0,True,False,False,True,8.469848480983499,True,8.469848480983499
v3_sc2_staging_00,L3,2,13,uncalibrated,False,0,True,False,False,True,3.9000000000000004,True,3.9000000000000004
v3_sc2_staging_00,L3,2,13,label_cell,False,0,True,False,False,True,3.9000000000000004,True,3.9000000000000004
v3_sc2_staging_00,L3,2,13,label_only,False,0,True,False,False,True,3.9000000000000004,True,3.9000000000000004
v3_sc2_staging_00,L3,2,13,pose_only,False,0,True,False,False,True,3.9000000000000004,True,3.9000000000000004
v3_sc2_staging_00,L3,2,13,separate,False,0,True,False,False,True,3.9000000000000004,True,3.9000000000000004
v3_sc2_staging_00,L3,2,13,joint,False,0,True,False,False,True,3.9000000000000004,True,3.9000000000000004
v3_sc2_staging_00,L3,2,13,oracle,False,0,True,False,False,True,3.9000000000000004,True,3.9000000000000004
v3_sc2_staging_00,L3,2,14,uncalibrated,False,0,True,True,False,True,7.128427124746193,False,7.157716446627541
v3_sc2_staging_00,L3,2,14,label_cell,False,0,False,False,False,False,nan,False,7.157716446627541
v3_sc2_staging_00,L3,2,14,label_only,False,0,False,False,False,False,nan,False,7.157716446627541
v3_sc2_staging_00,L3,2,14,pose_only,False,0,True,False,False,True,7.569848480983499,True,7.157716446627541
v3_sc2_staging_00,L3,2,14,separate,False,0,False,False,False,False,nan,False,7.157716446627541
v3_sc2_staging_00,L3,2,14,joint,False,0,False,False,False,False,nan,False,7.157716446627541
v3_sc2_staging_00,L3,2,14,oracle,False,0,True,False,False,True,7.157716446627541,True,7.157716446627541
v3_sc2_staging_00,L3,2,15,uncalibrated,False,0,True,False,False,True,9.533452377915607,True,9.562741699796952
v3_sc2_staging_00,L3,2,15,label_cell,False,0,True,False,False,True,9.604163056034261,True,9.562741699796952
v3_sc2_staging_00,L3,2,15,label_only,False,0,False,False,False,False,nan,False,9.562741699796952
v3_sc2_staging_00,L3,2,15,pose_only,False,0,True,False,False,True,9.974873734152917,True,9.562741699796952
v3_sc2_staging_00,L3,2,15,separate,False,0,False,False,False,False,nan,False,9.562741699796952
v3_sc2_staging_00,L3,2,15,joint,False,0,False,False,False,False,nan,False,9.562741699796952
v3_sc2_staging_00,L3,2,15,oracle,False,0,True,False,False,True,9.562741699796952,True,9.562741699796952
v3_sc2_staging_00,L3,2,16,uncalibrated,False,0,True,False,False,True,7.271320343559643,True,7.271320343559643
v3_sc2_staging_00,L3,2,16,label_cell,False,0,True,False,False,True,7.312741699796952,True,7.271320343559643
v3_sc2_staging_00,L3,2,16,label_only,False,0,False,False,False,False,nan,False,7.271320343559643
v3_sc2_staging_00,L3,2,16,pose_only,False,0,True,False,False,True,7.374873734152917,True,7.271320343559643
v3_sc2_staging_00,L3,2,16,separate,False,0,False,False,False,False,nan,False,7.271320343559643
v3_sc2_staging_00,L3,2,16,joint,False,0,False,False,False,False,nan,False,7.271320343559643
v3_sc2_staging_00,L3,2,16,oracle,False,0,True,False,False,True,7.271320343559643,True,7.271320343559643
v3_sc2_staging_00,L3,2,17,uncalibrated,False,0,True,False,False,True,7.906244584051393,True,7.918376618407357
v3_sc2_staging_00,L3,2,17,label_cell,False,0,False,False,False,False,nan,False,7.918376618407357
v3_sc2_staging_00,L3,2,17,label_only,False,0,False,False,False,False,nan,False,7.918376618407357
v3_sc2_staging_00,L3,2,17,pose_only,False,0,True,False,False,True,7.906244584051393,True,7.918376618407357
v3_sc2_staging_00,L3,2,17,separate,False,0,False,False,False,False,nan,False,7.918376618407357
v3_sc2_staging_00,L3,2,17,joint,False,0,False,False,False,False,nan,False,7.918376618407357
v3_sc2_staging_00,L3,2,17,oracle,False,0,True,False,False,True,7.918376618407357,True,7.918376618407357
v3_sc2_staging_00,L3,2,18,uncalibrated,False,0,True,False,False,True,4.143502884254441,True,4.13492424049175
v3_sc2_staging_00,L3,2,18,label_cell,False,0,False,False,False,False,nan,False,4.13492424049175
v3_sc2_staging_00,L3,2,18,label_only,False,0,False,False,False,False,nan,False,4.13492424049175
v3_sc2_staging_00,L3,2,18,pose_only,False,0,True,False,False,True,4.143502884254441,True,4.13492424049175
v3_sc2_staging_00,L3,2,18,separate,False,0,False,False,False,False,nan,False,4.13492424049175
v3_sc2_staging_00,L3,2,18,joint,False,0,False,False,False,False,nan,False,4.13492424049175
v3_sc2_staging_00,L3,2,18,oracle,False,0,True,False,False,True,4.13492424049175,True,4.13492424049175
v3_sc2_staging_00,L3,2,19,uncalibrated,False,0,True,False,False,True,5.229898987322333,True,5.171320343559643
v3_sc2_staging_00,L3,2,19,label_cell,False,0,False,False,False,False,nan,False,5.171320343559643
v3_sc2_staging_00,L3,2,19,label_only,False,0,False,False,False,False,nan,False,5.171320343559643
v3_sc2_staging_00,L3,2,19,pose_only,False,0,True,False,False,True,5.229898987322333,True,5.171320343559643
v3_sc2_staging_00,L3,2,19,separate,False,0,False,False,False,False,nan,False,5.171320343559643
v3_sc2_staging_00,L3,2,19,joint,False,0,False,False,False,False,nan,False,5.171320343559643
v3_sc2_staging_00,L3,2,19,oracle,False,0,True,False,False,True,5.171320343559643,True,5.171320343559643
v3_sc2_staging_00,L3,3,0,uncalibrated,False,0,True,False,False,True,7.5006096654409875,True,7.2884776310850246
v3_sc2_staging_00,L3,3,0,label_cell,False,0,False,False,False,False,nan,False,7.2884776310850246
v3_sc2_staging_00,L3,3,0,label_only,False,0,False,False,False,False,nan,False,7.2884776310850246
v3_sc2_staging_00,L3,3,0,pose_only,False,0,False,False,False,False,nan,False,7.2884776310850246
v3_sc2_staging_00,L3,3,0,separate,False,0,False,False,False,False,nan,False,7.2884776310850246
v3_sc2_staging_00,L3,3,0,joint,False,0,False,False,False,False,nan,False,7.2884776310850246
v3_sc2_staging_00,L3,3,0,oracle,False,0,True,False,False,True,7.2884776310850246,True,7.2884776310850246
v3_sc2_staging_00,L3,3,1,uncalibrated,False,0,True,False,False,True,8.304163056034263,True,8.174873734152916
v3_sc2_staging_00,L3,3,1,label_cell,False,0,False,False,False,False,nan,False,8.174873734152916
v3_sc2_staging_00,L3,3,1,label_only,False,0,False,False,False,False,nan,False,8.174873734152916
v3_sc2_staging_00,L3,3,1,pose_only,False,0,False,False,False,False,nan,False,8.174873734152916
v3_sc2_staging_00,L3,3,1,separate,False,0,False,False,False,False,nan,False,8.174873734152916
v3_sc2_staging_00,L3,3,1,joint,False,0,False,False,False,False,nan,False,8.174873734152916
v3_sc2_staging_00,L3,3,1,oracle,False,0,True,False,False,True,8.174873734152916,True,8.174873734152916
v3_sc2_staging_00,L3,3,2,uncalibrated,False,0,True,False,False,True,3.9562445840513925,True,3.9562445840513925
v3_sc2_staging_00,L3,3,2,label_cell,False,0,True,False,False,True,3.9562445840513925,True,3.9562445840513925
v3_sc2_staging_00,L3,3,2,label_only,False,0,True,False,False,True,3.9562445840513925,True,3.9562445840513925
v3_sc2_staging_00,L3,3,2,pose_only,False,0,True,False,False,True,3.9562445840513925,True,3.9562445840513925
v3_sc2_staging_00,L3,3,2,separate,False,0,True,False,False,True,3.9562445840513925,True,3.9562445840513925
v3_sc2_staging_00,L3,3,2,joint,False,0,True,False,False,True,3.9562445840513925,True,3.9562445840513925
v3_sc2_staging_00,L3,3,2,oracle,False,0,True,False,False,True,3.9562445840513925,True,3.9562445840513925
v3_sc2_staging_00,L3,3,3,uncalibrated,False,0,True,False,False,True,3.3242640687119294,True,3.3242640687119294
v3_sc2_staging_00,L3,3,3,label_cell,False,0,True,False,False,True,3.3242640687119294,True,3.3242640687119294
v3_sc2_staging_00,L3,3,3,label_only,False,0,True,False,False,True,3.3242640687119294,True,3.3242640687119294
v3_sc2_staging_00,L3,3,3,pose_only,False,0,True,False,False,True,3.3242640687119294,True,3.3242640687119294
v3_sc2_staging_00,L3,3,3,separate,False,0,True,False,False,True,3.3242640687119294,True,3.3242640687119294
v3_sc2_staging_00,L3,3,3,joint,False,0,True,False,False,True,3.3242640687119294,True,3.3242640687119294
v3_sc2_staging_00,L3,3,3,oracle,False,0,True,False,False,True,3.3242640687119294,True,3.3242640687119294
v3_sc2_staging_00,L3,3,4,uncalibrated,False,0,True,False,False,True,5.2056349186104045,True,5.7591883092036795
v3_sc2_staging_00,L3,3,4,label_cell,False,0,False,False,False,False,nan,False,5.7591883092036795
v3_sc2_staging_00,L3,3,4,label_only,False,0,False,False,False,False,nan,False,5.7591883092036795
v3_sc2_staging_00,L3,3,4,pose_only,False,0,True,False,False,True,5.2056349186104045,True,5.7591883092036795
v3_sc2_staging_00,L3,3,4,separate,False,0,False,False,False,False,nan,False,5.7591883092036795
v3_sc2_staging_00,L3,3,4,joint,False,0,False,False,False,False,nan,False,5.7591883092036795
v3_sc2_staging_00,L3,3,4,oracle,False,0,True,False,False,True,5.7591883092036795,True,5.7591883092036795
v3_sc2_staging_00,L3,3,5,uncalibrated,False,0,True,False,False,True,4.153553390593274,True,4.153553390593274
v3_sc2_staging_00,L3,3,5,label_cell,False,0,True,False,False,True,4.153553390593274,True,4.153553390593274
v3_sc2_staging_00,L3,3,5,label_only,False,0,True,False,False,True,4.153553390593274,True,4.153553390593274
v3_sc2_staging_00,L3,3,5,pose_only,False,0,True,False,False,True,4.153553390593274,True,4.153553390593274
v3_sc2_staging_00,L3,3,5,separate,False,0,True,False,False,True,4.153553390593274,True,4.153553390593274
v3_sc2_staging_00,L3,3,5,joint,False,0,True,False,False,True,4.153553390593274,True,4.153553390593274
v3_sc2_staging_00,L3,3,5,oracle,False,0,True,False,False,True,4.153553390593274,True,4.153553390593274
v3_sc2_staging_00,L3,3,6,uncalibrated,False,0,True,False,False,True,6.366295090390227,True,7.044112549695431
v3_sc2_staging_00,L3,3,6,label_cell,False,0,False,False,False,False,nan,False,7.044112549695431
v3_sc2_staging_00,L3,3,6,label_only,False,0,False,False,False,False,nan,False,7.044112549695431
v3_sc2_staging_00,L3,3,6,pose_only,False,0,True,False,False,True,6.366295090390227,True,7.044112549695431
v3_sc2_staging_00,L3,3,6,separate,False,0,False,False,False,False,nan,False,7.044112549695431
v3_sc2_staging_00,L3,3,6,joint,False,0,False,False,False,False,nan,False,7.044112549695431
v3_sc2_staging_00,L3,3,6,oracle,False,0,True,False,False,True,7.044112549695431,True,7.044112549695431
v3_sc2_staging_00,L3,3,7,uncalibrated,False,0,True,False,False,True,7.524873734152917,True,7.524873734152917
v3_sc2_staging_00,L3,3,7,label_cell,False,0,False,False,False,False,nan,False,7.524873734152917
v3_sc2_staging_00,L3,3,7,label_only,False,0,False,False,False,False,nan,False,7.524873734152917
v3_sc2_staging_00,L3,3,7,pose_only,False,0,False,False,False,False,nan,False,7.524873734152917
v3_sc2_staging_00,L3,3,7,separate,False,0,False,False,False,False,nan,False,7.524873734152917
v3_sc2_staging_00,L3,3,7,joint,False,0,False,False,False,False,nan,False,7.524873734152917
v3_sc2_staging_00,L3,3,7,oracle,False,0,True,False,False,True,7.524873734152917,True,7.524873734152917
v3_sc2_staging_00,L3,3,8,uncalibrated,False,0,True,False,False,True,3.0370057685088803,True,3.0370057685088803
v3_sc2_staging_00,L3,3,8,label_cell,False,0,True,False,False,True,3.0370057685088803,True,3.0370057685088803
v3_sc2_staging_00,L3,3,8,label_only,False,0,True,False,False,True,3.0370057685088803,True,3.0370057685088803
v3_sc2_staging_00,L3,3,8,pose_only,False,0,True,False,False,True,3.0370057685088803,True,3.0370057685088803
v3_sc2_staging_00,L3,3,8,separate,False,0,True,False,False,True,3.0370057685088803,True,3.0370057685088803
v3_sc2_staging_00,L3,3,8,joint,False,0,True,False,False,True,3.0370057685088803,True,3.0370057685088803
v3_sc2_staging_00,L3,3,8,oracle,False,0,True,False,False,True,3.0370057685088803,True,3.0370057685088803
v3_sc2_staging_00,L3,3,9,uncalibrated,False,0,True,False,False,True,8.897665940288702,True,8.685533905932738
v3_sc2_staging_00,L3,3,9,label_cell,False,0,False,False,False,False,nan,False,8.685533905932738
v3_sc2_staging_00,L3,3,9,label_only,False,0,False,False,False,False,nan,False,8.685533905932738
v3_sc2_staging_00,L3,3,9,pose_only,False,0,False,False,False,False,nan,False,8.685533905932738
v3_sc2_staging_00,L3,3,9,separate,False,0,False,False,False,False,nan,False,8.685533905932738
v3_sc2_staging_00,L3,3,9,joint,False,0,False,False,False,False,nan,False,8.685533905932738
v3_sc2_staging_00,L3,3,9,oracle,False,0,True,False,False,True,8.685533905932738,True,8.685533905932738
v3_sc2_staging_00,L3,3,10,uncalibrated,False,0,True,False,False,True,3.0500000000000003,True,3.0500000000000003
v3_sc2_staging_00,L3,3,10,label_cell,False,0,True,False,False,True,3.0707106781186546,True,3.0500000000000003
v3_sc2_staging_00,L3,3,10,label_only,False,0,True,False,False,True,3.0500000000000003,True,3.0500000000000003
v3_sc2_staging_00,L3,3,10,pose_only,False,0,True,False,False,True,3.0500000000000003,True,3.0500000000000003
v3_sc2_staging_00,L3,3,10,separate,False,0,True,False,False,True,3.0500000000000003,True,3.0500000000000003
v3_sc2_staging_00,L3,3,10,joint,False,0,True,False,False,True,3.0500000000000003,True,3.0500000000000003
v3_sc2_staging_00,L3,3,10,oracle,False,0,True,False,False,True,3.0500000000000003,True,3.0500000000000003
v3_sc2_staging_00,L3,3,11,uncalibrated,False,0,True,False,False,True,4.881980515339464,True,4.881980515339464
v3_sc2_staging_00,L3,3,11,label_cell,False,0,False,False,False,False,nan,False,4.881980515339464
v3_sc2_staging_00,L3,3,11,label_only,False,0,True,False,False,True,4.881980515339464,True,4.881980515339464
v3_sc2_staging_00,L3,3,11,pose_only,False,0,True,False,False,True,4.881980515339464,True,4.881980515339464
v3_sc2_staging_00,L3,3,11,separate,False,0,True,False,False,True,4.881980515339464,True,4.881980515339464
v3_sc2_staging_00,L3,3,11,joint,False,0,True,False,False,True,4.881980515339464,True,4.881980515339464
v3_sc2_staging_00,L3,3,11,oracle,False,0,True,False,False,True,4.881980515339464,True,4.881980515339464
v3_sc2_staging_00,L3,3,12,uncalibrated,False,0,True,False,False,True,8.744112549695428,True,8.531980515339464
v3_sc2_staging_00,L3,3,12,label_cell,False,0,False,False,False,False,nan,False,8.531980515339464
v3_sc2_staging_00,L3,3,12,label_only,False,0,False,False,False,False,nan,False,8.531980515339464
v3_sc2_staging_00,L3,3,12,pose_only,False,0,False,False,False,False,nan,False,8.531980515339464
v3_sc2_staging_00,L3,3,12,separate,False,0,False,False,False,False,nan,False,8.531980515339464
v3_sc2_staging_00,L3,3,12,joint,False,0,False,False,False,False,nan,False,8.531980515339464
v3_sc2_staging_00,L3,3,12,oracle,False,0,True,False,False,True,8.531980515339464,True,8.531980515339464
v3_sc2_staging_00,L3,3,13,uncalibrated,False,0,True,False,False,True,3.9207106781186547,True,3.9207106781186547
v3_sc2_staging_00,L3,3,13,label_cell,False,0,True,False,False,True,3.9207106781186547,True,3.9207106781186547
v3_sc2_staging_00,L3,3,13,label_only,False,0,True,False,False,True,3.9207106781186547,True,3.9207106781186547
v3_sc2_staging_00,L3,3,13,pose_only,False,0,True,False,False,True,3.9207106781186547,True,3.9207106781186547
v3_sc2_staging_00,L3,3,13,separate,False,0,True,False,False,True,3.9207106781186547,True,3.9207106781186547
v3_sc2_staging_00,L3,3,13,joint,False,0,True,False,False,True,3.9207106781186547,True,3.9207106781186547
v3_sc2_staging_00,L3,3,13,oracle,False,0,True,False,False,True,3.9207106781186547,True,3.9207106781186547
v3_sc2_staging_00,L3,3,14,uncalibrated,False,0,True,False,False,True,7.381980515339464,True,7.169848480983504
v3_sc2_staging_00,L3,3,14,label_cell,False,0,False,False,False,False,nan,False,7.169848480983504
v3_sc2_staging_00,L3,3,14,label_only,False,0,False,False,False,False,nan,False,7.169848480983504
v3_sc2_staging_00,L3,3,14,pose_only,False,0,False,False,False,False,nan,False,7.169848480983504
v3_sc2_staging_00,L3,3,14,separate,False,0,False,False,False,False,nan,False,7.169848480983504
v3_sc2_staging_00,L3,3,14,joint,False,0,False,False,False,False,nan,False,7.169848480983504
v3_sc2_staging_00,L3,3,14,oracle,False,0,True,False,False,True,7.169848480983504,True,7.169848480983504
v3_sc2_staging_00,L3,3,15,uncalibrated,False,0,True,False,False,True,9.65918830920368,True,9.529898987322332
v3_sc2_staging_00,L3,3,15,label_cell,False,0,False,False,False,False,nan,False,9.529898987322332
v3_sc2_staging_00,L3,3,15,label_only,False,0,False,False,False,False,nan,False,9.529898987322332
v3_sc2_staging_00,L3,3,15,pose_only,False,0,False,False,False,False,nan,False,9.529898987322332
v3_sc2_staging_00,L3,3,15,separate,False,0,False,False,False,False,nan,False,9.529898987322332
v3_sc2_staging_00,L3,3,15,joint,False,0,False,False,False,False,nan,False,9.529898987322332
v3_sc2_staging_00,L3,3,15,oracle,False,0,True,False,False,True,9.529898987322332,True,9.529898987322332
v3_sc2_staging_00,L3,3,16,uncalibrated,False,0,True,False,False,True,7.342031021678299,True,7.279898987322333
v3_sc2_staging_00,L3,3,16,label_cell,False,0,False,False,False,False,nan,False,7.279898987322333
v3_sc2_staging_00,L3,3,16,label_only,False,0,False,False,False,False,nan,False,7.279898987322333
v3_sc2_staging_00,L3,3,16,pose_only,False,0,False,False,False,False,nan,False,7.279898987322333
v3_sc2_staging_00,L3,3,16,separate,False,0,False,False,False,False,nan,False,7.279898987322333
v3_sc2_staging_00,L3,3,16,joint,False,0,False,False,False,False,nan,False,7.279898987322333
v3_sc2_staging_00,L3,3,16,oracle,False,0,True,False,False,True,7.279898987322333,True,7.279898987322333
v3_sc2_staging_00,L3,3,17,uncalibrated,False,0,True,False,False,True,7.597665940288701,True,8.026955262170048
v3_sc2_staging_00,L3,3,17,label_cell,False,0,False,False,False,False,nan,False,8.026955262170048
v3_sc2_staging_00,L3,3,17,label_only,False,0,False,False,False,False,nan,False,8.026955262170048
v3_sc2_staging_00,L3,3,17,pose_only,False,0,True,False,False,True,7.597665940288701,True,8.026955262170048
v3_sc2_staging_00,L3,3,17,separate,False,0,False,False,False,False,nan,False,8.026955262170048
v3_sc2_staging_00,L3,3,17,joint,False,0,False,False,False,False,nan,False,8.026955262170048
v3_sc2_staging_00,L3,3,17,oracle,False,0,True,False,False,True,8.026955262170048,True,8.026955262170048
v3_sc2_staging_00,L3,3,18,uncalibrated,False,0,True,False,False,True,3.79350288425444,True,4.243502884254441
v3_sc2_staging_00,L3,3,18,label_cell,False,0,False,False,False,False,nan,False,4.243502884254441
v3_sc2_staging_00,L3,3,18,label_only,False,0,False,False,False,False,nan,False,4.243502884254441
v3_sc2_staging_00,L3,3,18,pose_only,False,0,True,False,False,True,3.79350288425444,True,4.243502884254441
v3_sc2_staging_00,L3,3,18,separate,False,0,False,False,False,False,nan,False,4.243502884254441
v3_sc2_staging_00,L3,3,18,joint,False,0,False,False,False,False,nan,False,4.243502884254441
v3_sc2_staging_00,L3,3,18,oracle,False,0,True,False,False,True,4.243502884254441,True,4.243502884254441
v3_sc2_staging_00,L3,3,19,uncalibrated,False,0,True,False,False,True,4.614213562373095,True,5.279898987322333
v3_sc2_staging_00,L3,3,19,label_cell,False,0,False,False,False,False,nan,False,5.279898987322333
v3_sc2_staging_00,L3,3,19,label_only,False,0,False,False,False,False,nan,False,5.279898987322333
v3_sc2_staging_00,L3,3,19,pose_only,False,0,True,False,False,True,4.614213562373095,True,5.279898987322333
v3_sc2_staging_00,L3,3,19,separate,False,0,False,False,False,False,nan,False,5.279898987322333
v3_sc2_staging_00,L3,3,19,joint,False,0,False,False,False,False,nan,False,5.279898987322333
v3_sc2_staging_00,L3,3,19,oracle,False,0,True,False,False,True,5.279898987322333,True,5.279898987322333
v3_sc2_staging_00,L3,4,0,uncalibrated,False,0,True,False,False,True,7.205634918610404,True,7.247056274847714
v3_sc2_staging_00,L3,4,0,label_cell,False,0,True,False,False,True,7.247056274847714,True,7.247056274847714
v3_sc2_staging_00,L3,4,0,label_only,False,0,False,False,False,False,nan,False,7.247056274847714
v3_sc2_staging_00,L3,4,0,pose_only,False,0,True,False,False,True,7.6470562748477136,True,7.247056274847714
v3_sc2_staging_00,L3,4,0,separate,False,0,False,False,False,False,nan,False,7.247056274847714
v3_sc2_staging_00,L3,4,0,joint,False,0,False,False,False,False,nan,False,7.247056274847714
v3_sc2_staging_00,L3,4,0,oracle,False,0,True,False,False,True,7.247056274847714,True,7.247056274847714
v3_sc2_staging_00,L3,4,1,uncalibrated,False,0,True,False,False,True,8.22842712474619,True,8.18700576850888
v3_sc2_staging_00,L3,4,1,label_cell,False,0,False,False,False,False,nan,False,8.18700576850888
v3_sc2_staging_00,L3,4,1,label_only,False,0,False,False,False,False,nan,False,8.18700576850888
v3_sc2_staging_00,L3,4,1,pose_only,False,0,True,False,False,True,8.6698484809835,True,8.18700576850888
v3_sc2_staging_00,L3,4,1,separate,False,0,False,False,False,False,nan,False,8.18700576850888
v3_sc2_staging_00,L3,4,1,joint,False,0,False,False,False,False,nan,False,8.18700576850888
v3_sc2_staging_00,L3,4,1,oracle,False,0,True,False,False,True,8.18700576850888,True,8.18700576850888
v3_sc2_staging_00,L3,4,2,uncalibrated,False,0,True,False,False,True,4.014823227814083,True,4.014823227814083
v3_sc2_staging_00,L3,4,2,label_cell,False,0,True,False,False,True,4.014823227814083,True,4.014823227814083
v3_sc2_staging_00,L3,4,2,label_only,False,0,True,False,False,True,4.014823227814083,True,4.014823227814083
v3_sc2_staging_00,L3,4,2,pose_only,False,0,True,False,False,True,4.014823227814083,True,4.014823227814083
v3_sc2_staging_00,L3,4,2,separate,False,0,True,False,False,True,4.014823227814083,True,4.014823227814083
v3_sc2_staging_00,L3,4,2,joint,False,0,True,False,False,True,4.014823227814083,True,4.014823227814083
v3_sc2_staging_00,L3,4,2,oracle,False,0,True,False,False,True,4.014823227814083,True,4.014823227814083
v3_sc2_staging_00,L3,4,3,uncalibrated,False,0,True,False,False,True,3.3156854249492387,True,3.3156854249492387
v3_sc2_staging_00,L3,4,3,label_cell,False,0,True,False,False,True,3.3156854249492387,True,3.3156854249492387
v3_sc2_staging_00,L3,4,3,label_only,False,0,True,False,False,True,3.3156854249492387,True,3.3156854249492387
v3_sc2_staging_00,L3,4,3,pose_only,False,0,True,False,False,True,3.3156854249492387,True,3.3156854249492387
v3_sc2_staging_00,L3,4,3,separate,False,0,True,False,False,True,3.3156854249492387,True,3.3156854249492387
v3_sc2_staging_00,L3,4,3,joint,False,0,True,False,False,True,3.3156854249492387,True,3.3156854249492387
v3_sc2_staging_00,L3,4,3,oracle,False,0,True,False,False,True,3.3156854249492387,True,3.3156854249492387
v3_sc2_staging_00,L3,4,4,uncalibrated,False,0,True,False,False,True,5.829898987322334,True,5.912741699796953
v3_sc2_staging_00,L3,4,4,label_cell,False,0,False,False,False,False,nan,False,5.912741699796953
v3_sc2_staging_00,L3,4,4,label_only,False,0,False,False,False,False,nan,False,5.912741699796953
v3_sc2_staging_00,L3,4,4,pose_only,False,0,True,False,False,True,5.829898987322334,True,5.912741699796953
v3_sc2_staging_00,L3,4,4,separate,False,0,False,False,False,False,nan,False,5.912741699796953
v3_sc2_staging_00,L3,4,4,joint,False,0,False,False,False,False,nan,False,5.912741699796953
v3_sc2_staging_00,L3,4,4,oracle,False,0,True,False,False,True,5.912741699796953,True,5.912741699796953
v3_sc2_staging_00,L3,4,5,uncalibrated,False,0,True,False,False,True,4.1449747468305835,True,4.1449747468305835
v3_sc2_staging_00,L3,4,5,label_cell,False,0,True,False,False,True,4.1449747468305835,True,4.1449747468305835
v3_sc2_staging_00,L3,4,5,label_only,False,0,True,False,False,True,4.1449747468305835,True,4.1449747468305835
v3_sc2_staging_00,L3,4,5,pose_only,False,0,True,False,False,True,4.1449747468305835,True,4.1449747468305835
v3_sc2_staging_00,L3,4,5,separate,False,0,True,False,False,True,4.1449747468305835,True,4.1449747468305835
v3_sc2_staging_00,L3,4,5,joint,False,0,True,False,False,True,4.1449747468305835,True,4.1449747468305835
v3_sc2_staging_00,L3,4,5,oracle,False,0,True,False,False,True,4.1449747468305835,True,4.1449747468305835
v3_sc2_staging_00,L3,4,6,uncalibrated,False,0,True,False,False,True,7.235533905932741,True,7.31837661840736
v3_sc2_staging_00,L3,4,6,label_cell,False,0,False,False,False,False,nan,False,7.31837661840736
v3_sc2_staging_00,L3,4,6,label_only,False,0,False,False,False,False,nan,False,7.31837661840736
v3_sc2_staging_00,L3,4,6,pose_only,False,0,True,False,False,True,7.235533905932741,True,7.31837661840736
v3_sc2_staging_00,L3,4,6,separate,False,0,False,False,False,False,nan,False,7.31837661840736
v3_sc2_staging_00,L3,4,6,joint,False,0,False,False,False,False,nan,False,7.31837661840736
v3_sc2_staging_00,L3,4,6,oracle,False,0,True,False,False,True,7.31837661840736,True,7.31837661840736
v3_sc2_staging_00,L3,4,7,uncalibrated,False,0,True,False,False,True,7.557716446627535,True,7.557716446627535
v3_sc2_staging_00,L3,4,7,label_cell,False,0,False,False,False,False,nan,False,7.557716446627535
v3_sc2_staging_00,L3,4,7,label_only,False,0,False,False,False,False,nan,False,7.557716446627535
v3_sc2_staging_00,L3,4,7,pose_only,False,0,True,False,False,True,7.557716446627535,True,7.557716446627535
v3_sc2_staging_00,L3,4,7,separate,False,0,False,False,False,False,nan,False,7.557716446627535
v3_sc2_staging_00,L3,4,7,joint,False,0,False,False,False,False,nan,False,7.557716446627535
v3_sc2_staging_00,L3,4,7,oracle,False,0,True,False,False,True,7.557716446627535,True,7.557716446627535
v3_sc2_staging_00,L3,4,8,uncalibrated,False,0,True,False,False,True,3.0077164466275352,True,3.0077164466275352
v3_sc2_staging_00,L3,4,8,label_cell,False,0,False,False,False,False,nan,False,3.0077164466275352
v3_sc2_staging_00,L3,4,8,label_only,False,0,True,False,False,True,3.0077164466275352,True,3.0077164466275352
v3_sc2_staging_00,L3,4,8,pose_only,False,0,True,False,False,True,3.0077164466275352,True,3.0077164466275352
v3_sc2_staging_00,L3,4,8,separate,False,0,True,False,False,True,3.0077164466275352,True,3.0077164466275352
v3_sc2_staging_00,L3,4,8,joint,False,0,True,False,False,True,3.0077164466275352,True,3.0077164466275352
v3_sc2_staging_00,L3,4,8,oracle,False,0,True,False,False,True,3.0077164466275352,True,3.0077164466275352
v3_sc2_staging_00,L3,4,9,uncalibrated,False,0,True,True,False,True,8.602691193458119,False,8.64411254969543
v3_sc2_staging_00,L3,4,9,label_cell,False,0,False,False,False,False,nan,False,8.64411254969543
v3_sc2_staging_00,L3,4,9,label_only,False,0,False,False,False,False,nan,False,8.64411254969543
v3_sc2_staging_00,L3,4,9,pose_only,False,0,True,False,False,True,9.044112549695429,True,8.64411254969543
v3_sc2_staging_00,L3,4,9,separate,False,0,False,False,False,False,nan,False,8.64411254969543
v3_sc2_staging_00,L3,4,9,joint,False,0,False,False,False,False,nan,False,8.64411254969543
v3_sc2_staging_00,L3,4,9,oracle,False,0,True,False,False,True,8.64411254969543,True,8.64411254969543
v3_sc2_staging_00,L3,4,10,uncalibrated,False,0,True,False,False,True,3.0500000000000003,True,3.0500000000000003
v3_sc2_staging_00,L3,4,10,label_cell,False,0,True,False,False,True,3.0500000000000003,True,3.0500000000000003
v3_sc2_staging_00,L3,4,10,label_only,False,0,True,False,False,True,3.0500000000000003,True,3.0500000000000003
v3_sc2_staging_00,L3,4,10,pose_only,False,0,True,False,False,True,3.0500000000000003,True,3.0500000000000003
v3_sc2_staging_00,L3,4,10,separate,False,0,True,False,False,True,3.0500000000000003,True,3.0500000000000003
v3_sc2_staging_00,L3,4,10,joint,False,0,True,False,False,True,3.0500000000000003,True,3.0500000000000003
v3_sc2_staging_00,L3,4,10,oracle,False,0,True,False,False,True,3.0500000000000003,True,3.0500000000000003
v3_sc2_staging_00,L3,4,11,uncalibrated,False,0,True,False,False,True,4.890559159102155,True,4.890559159102155
v3_sc2_staging_00,L3,4,11,label_cell,False,0,False,False,False,False,nan,False,4.890559159102155
v3_sc2_staging_00,L3,4,11,label_only,False,0,True,False,False,True,4.890559159102155,True,4.890559159102155
v3_sc2_staging_00,L3,4,11,pose_only,False,0,True,False,False,True,4.890559159102155,True,4.890559159102155
v3_sc2_staging_00,L3,4,11,separate,False,0,True,False,False,True,4.890559159102155,True,4.890559159102155
v3_sc2_staging_00,L3,4,11,joint,False,0,True,False,False,True,4.890559159102155,True,4.890559159102155
v3_sc2_staging_00,L3,4,11,oracle,False,0,True,False,False,True,4.890559159102155,True,4.890559159102155
v3_sc2_staging_00,L3,4,12,uncalibrated,False,0,True,True,False,True,8.449137802864845,False,8.490559159102155
v3_sc2_staging_00,L3,4,12,label_cell,False,0,True,True,False,True,8.490559159102155,False,8.490559159102155
v3_sc2_staging_00,L3,4,12,label_only,False,0,False,False,False,False,nan,False,8.490559159102155
v3_sc2_staging_00,L3,4,12,pose_only,False,0,True,False,False,True,8.890559159102153,True,8.490559159102155
v3_sc2_staging_00,L3,4,12,separate,False,0,False,False,False,False,nan,False,8.490559159102155
v3_sc2_staging_00,L3,4,12,joint,False,0,False,False,False,False,nan,False,8.490559159102155
v3_sc2_staging_00,L3,4,12,oracle,False,0,True,False,False,True,8.490559159102155,True,8.490559159102155
v3_sc2_staging_00,L3,4,13,uncalibrated,False,0,True,False,False,True,3.9000000000000004,True,3.9000000000000004
v3_sc2_staging_00,L3,4,13,label_cell,False,0,True,False,False,True,3.9000000000000004,True,3.9000000000000004
v3_sc2_staging_00,L3,4,13,label_only,False,0,True,False,False,True,3.9000000000000004,True,3.9000000000000004
v3_sc2_staging_00,L3,4,13,pose_only,False,0,True,False,False,True,3.9000000000000004,True,3.9000000000000004
v3_sc2_staging_00,L3,4,13,separate,False,0,True,False,False,True,3.9000000000000004,True,3.9000000000000004
v3_sc2_staging_00,L3,4,13,joint,False,0,True,False,False,True,3.9000000000000004,True,3.9000000000000004
v3_sc2_staging_00,L3,4,13,oracle,False,0,True,False,False,True,3.9000000000000004,True,3.9000000000000004
v3_sc2_staging_00,L3,4,14,uncalibrated,False,0,True,True,True,True,7.137005768508885,False,7.178427124746197
v3_sc2_staging_00,L3,4,14,label_cell,False,0,False,False,False,False,nan,False,7.178427124746197
v3_sc2_staging_00,L3,4,14,label_only,False,0,False,False,False,False,nan,False,7.178427124746197
v3_sc2_staging_00,L3,4,14,pose_only,False,0,True,False,True,True,7.578427124746191,False,7.178427124746197
v3_sc2_staging_00,L3,4,14,separate,False,0,False,False,False,False,nan,False,7.178427124746197
v3_sc2_staging_00,L3,4,14,joint,False,0,False,False,False,False,nan,False,7.178427124746197
v3_sc2_staging_00,L3,4,14,oracle,False,0,True,False,False,True,7.178427124746197,True,7.178427124746197
v3_sc2_staging_00,L3,4,15,uncalibrated,False,0,True,True,False,True,9.604163056034261,False,9.562741699796952
v3_sc2_staging_00,L3,4,15,label_cell,False,0,True,True,False,True,9.645584412271573,False,9.562741699796952
v3_sc2_staging_00,L3,4,15,label_only,False,0,False,False,False,False,nan,False,9.562741699796952
v3_sc2_staging_00,L3,4,15,pose_only,False,0,True,False,False,True,10.045584412271571,True,9.562741699796952
v3_sc2_staging_00,L3,4,15,separate,False,0,False,False,False,False,nan,False,9.562741699796952
v3_sc2_staging_00,L3,4,15,joint,False,0,False,False,False,False,nan,False,9.562741699796952
v3_sc2_staging_00,L3,4,15,oracle,False,0,True,False,False,True,9.562741699796952,True,9.562741699796952
v3_sc2_staging_00,L3,4,16,uncalibrated,False,0,True,True,False,True,7.2506096654409875,False,7.271320343559643
v3_sc2_staging_00,L3,4,16,label_cell,False,0,True,True,False,True,7.292031021678297,False,7.271320343559643
v3_sc2_staging_00,L3,4,16,label_only,False,0,False,False,False,False,nan,False,7.271320343559643
v3_sc2_staging_00,L3,4,16,pose_only,False,0,True,False,False,True,7.3541630560342615,True,7.271320343559643
v3_sc2_staging_00,L3,4,16,separate,False,0,False,False,False,False,nan,False,7.271320343559643
v3_sc2_staging_00,L3,4,16,joint,False,0,False,False,False,False,nan,False,7.271320343559643
v3_sc2_staging_00,L3,4,16,oracle,False,0,True,False,False,True,7.271320343559643,True,7.271320343559643
v3_sc2_staging_00,L3,4,17,uncalibrated,False,0,True,False,False,True,8.006244584051393,True,8.0476659402887
v3_sc2_staging_00,L3,4,17,label_cell,False,0,False,False,False,False,nan,False,8.0476659402887
v3_sc2_staging_00,L3,4,17,label_only,False,0,False,False,False,False,nan,False,8.0476659402887
v3_sc2_staging_00,L3,4,17,pose_only,False,0,True,False,False,True,8.006244584051393,True,8.0476659402887
v3_sc2_staging_00,L3,4,17,separate,False,0,False,False,False,False,nan,False,8.0476659402887
v3_sc2_staging_00,L3,4,17,joint,False,0,False,False,False,False,nan,False,8.0476659402887
v3_sc2_staging_00,L3,4,17,oracle,False,0,True,False,False,True,8.0476659402887,True,8.0476659402887
v3_sc2_staging_00,L3,4,18,uncalibrated,False,0,True,False,False,True,4.314213562373095,True,4.37634559672906
v3_sc2_staging_00,L3,4,18,label_cell,False,0,False,False,False,False,nan,False,4.37634559672906
v3_sc2_staging_00,L3,4,18,label_only,False,0,False,False,False,False,nan,False,4.37634559672906
v3_sc2_staging_00,L3,4,18,pose_only,False,0,True,False,False,True,4.314213562373095,True,4.37634559672906
v3_sc2_staging_00,L3,4,18,separate,False,0,False,False,False,False,nan,False,4.37634559672906
v3_sc2_staging_00,L3,4,18,joint,False,0,False,False,False,False,nan,False,4.37634559672906
v3_sc2_staging_00,L3,4,18,oracle,False,0,True,False,False,True,4.37634559672906,True,4.37634559672906
v3_sc2_staging_00,L3,4,19,uncalibrated,False,0,True,False,False,True,5.3834523779156065,True,5.495584412271571
v3_sc2_staging_00,L3,4,19,label_cell,False,0,False,False,False,False,nan,False,5.495584412271571
v3_sc2_staging_00,L3,4,19,label_only,False,0,False,False,False,False,nan,False,5.495584412271571
v3_sc2_staging_00,L3,4,19,pose_only,False,0,True,False,False,True,5.3834523779156065,True,5.495584412271571
v3_sc2_staging_00,L3,4,19,separate,False,0,False,False,False,False,nan,False,5.495584412271571
v3_sc2_staging_00,L3,4,19,joint,False,0,False,False,False,False,nan,False,5.495584412271571
v3_sc2_staging_00,L3,4,19,oracle,False,0,True,False,False,True,5.495584412271571,True,5.495584412271571
v3_sc2_staging_00,L4,0,0,uncalibrated,False,0,False,False,False,False,nan,False,7.40979797464467
v3_sc2_staging_00,L4,0,0,label_cell,False,0,False,False,False,False,nan,False,7.40979797464467
v3_sc2_staging_00,L4,0,0,label_only,False,0,False,False,False,False,nan,False,7.40979797464467
v3_sc2_staging_00,L4,0,0,pose_only,False,0,False,False,False,False,nan,False,7.40979797464467
v3_sc2_staging_00,L4,0,0,separate,False,0,False,False,False,False,nan,False,7.40979797464467
v3_sc2_staging_00,L4,0,0,joint,False,0,False,False,False,False,nan,False,7.40979797464467
v3_sc2_staging_00,L4,0,0,oracle,False,0,True,False,False,True,7.40979797464467,True,7.40979797464467
v3_sc2_staging_00,L4,0,1,uncalibrated,False,0,False,False,False,False,nan,False,8.30416305603426
v3_sc2_staging_00,L4,0,1,label_cell,False,0,False,False,False,False,nan,False,8.30416305603426
v3_sc2_staging_00,L4,0,1,label_only,False,0,False,False,False,False,nan,False,8.30416305603426
v3_sc2_staging_00,L4,0,1,pose_only,False,0,False,False,False,False,nan,False,8.30416305603426
v3_sc2_staging_00,L4,0,1,separate,False,0,False,False,False,False,nan,False,8.30416305603426
v3_sc2_staging_00,L4,0,1,joint,False,0,False,False,False,False,nan,False,8.30416305603426
v3_sc2_staging_00,L4,0,1,oracle,False,0,True,False,False,True,8.30416305603426,True,8.30416305603426
v3_sc2_staging_00,L4,0,2,uncalibrated,False,0,True,False,False,True,4.090559159102155,True,4.090559159102155
v3_sc2_staging_00,L4,0,2,label_cell,False,0,True,False,False,True,4.090559159102155,True,4.090559159102155
v3_sc2_staging_00,L4,0,2,label_only,False,0,True,False,False,True,4.090559159102155,True,4.090559159102155
v3_sc2_staging_00,L4,0,2,pose_only,False,0,True,False,False,True,4.090559159102155,True,4.090559159102155
v3_sc2_staging_00,L4,0,2,separate,False,0,True,False,False,True,4.090559159102155,True,4.090559159102155
v3_sc2_staging_00,L4,0,2,joint,False,0,True,False,False,True,4.090559159102155,True,4.090559159102155
v3_sc2_staging_00,L4,0,2,oracle,False,0,True,False,False,True,4.090559159102155,True,4.090559159102155
v3_sc2_staging_00,L4,0,3,uncalibrated,False,0,False,False,False,False,nan,False,3.3449747468305833
v3_sc2_staging_00,L4,0,3,label_cell,False,0,False,False,False,False,nan,False,3.3449747468305833
v3_sc2_staging_00,L4,0,3,label_only,False,0,False,False,False,False,nan,False,3.3449747468305833
v3_sc2_staging_00,L4,0,3,pose_only,False,0,False,False,False,False,nan,False,3.3449747468305833
v3_sc2_staging_00,L4,0,3,separate,False,0,False,False,False,False,nan,False,3.3449747468305833
v3_sc2_staging_00,L4,0,3,joint,False,0,False,False,False,False,nan,False,3.3449747468305833
v3_sc2_staging_00,L4,0,3,oracle,False,0,True,False,False,True,3.3449747468305833,True,3.3449747468305833
v3_sc2_staging_00,L4,0,4,uncalibrated,False,0,False,False,False,False,nan,False,5.742031021678297
v3_sc2_staging_00,L4,0,4,label_cell,False,0,False,False,False,False,nan,False,5.742031021678297
v3_sc2_staging_00,L4,0,4,label_only,False,0,False,False,False,False,nan,False,5.742031021678297
v3_sc2_staging_00,L4,0,4,pose_only,False,0,False,False,False,False,nan,False,5.742031021678297
v3_sc2_staging_00,L4,0,4,separate,False,0,False,False,False,False,nan,False,5.742031021678297
v3_sc2_staging_00,L4,0,4,joint,False,0,False,False,False,False,nan,False,5.742031021678297
v3_sc2_staging_00,L4,0,4,oracle,False,0,True,False,False,True,5.742031021678297,True,5.742031021678297
v3_sc2_staging_00,L4,0,5,uncalibrated,False,0,True,False,False,True,4.269238815542512,True,4.269238815542512
v3_sc2_staging_00,L4,0,5,label_cell,False,0,False,False,False,False,nan,False,4.269238815542512
v3_sc2_staging_00,L4,0,5,label_only,False,0,True,False,False,True,4.269238815542512,True,4.269238815542512
v3_sc2_staging_00,L4,0,5,pose_only,False,0,True,False,False,True,4.269238815542512,True,4.269238815542512
v3_sc2_staging_00,L4,0,5,separate,False,0,True,False,False,True,4.269238815542512,True,4.269238815542512
v3_sc2_staging_00,L4,0,5,joint,False,0,True,False,False,True,4.269238815542512,True,4.269238815542512
v3_sc2_staging_00,L4,0,5,oracle,False,0,True,False,False,True,4.269238815542512,True,4.269238815542512
v3_sc2_staging_00,L4,0,6,uncalibrated,False,0,False,False,False,False,nan,False,6.8976659402887055
v3_sc2_staging_00,L4,0,6,label_cell,False,0,False,False,False,False,nan,False,6.8976659402887055
v3_sc2_staging_00,L4,0,6,label_only,False,0,False,False,False,False,nan,False,6.8976659402887055
v3_sc2_staging_00,L4,0,6,pose_only,False,0,False,False,False,False,nan,False,6.8976659402887055
v3_sc2_staging_00,L4,0,6,separate,False,0,False,False,False,False,nan,False,6.8976659402887055
v3_sc2_staging_00,L4,0,6,joint,False,0,False,False,False,False,nan,False,6.8976659402887055
v3_sc2_staging_00,L4,0,6,oracle,False,0,True,False,False,True,6.8976659402887055,True,6.8976659402887055
v3_sc2_staging_00,L4,0,7,uncalibrated,False,0,False,False,False,False,nan,False,7.526345596729058
v3_sc2_staging_00,L4,0,7,label_cell,False,0,False,False,False,False,nan,False,7.526345596729058
v3_sc2_staging_00,L4,0,7,label_only,False,0,False,False,False,False,nan,False,7.526345596729058
v3_sc2_staging_00,L4,0,7,pose_only,False,0,False,False,False,False,nan,False,7.526345596729058
v3_sc2_staging_00,L4,0,7,separate,False,0,False,False,False,False,nan,False,7.526345596729058
v3_sc2_staging_00,L4,0,7,joint,False,0,False,False,False,False,nan,False,7.526345596729058
v3_sc2_staging_00,L4,0,7,oracle,False,0,True,False,False,True,7.526345596729058,True,7.526345596729058
v3_sc2_staging_00,L4,0,8,uncalibrated,False,0,True,False,False,True,3.176345596729059,True,3.176345596729059
v3_sc2_staging_00,L4,0,8,label_cell,False,0,False,False,False,False,nan,False,3.176345596729059
v3_sc2_staging_00,L4,0,8,label_only,False,0,True,False,False,True,3.176345596729059,True,3.176345596729059
v3_sc2_staging_00,L4,0,8,pose_only,False,0,True,False,False,True,3.176345596729059,True,3.176345596729059
v3_sc2_staging_00,L4,0,8,separate,False,0,True,False,False,True,3.176345596729059,True,3.176345596729059
v3_sc2_staging_00,L4,0,8,joint,False,0,True,False,False,True,3.176345596729059,True,3.176345596729059
v3_sc2_staging_00,L4,0,8,oracle,False,0,True,False,False,True,3.176345596729059,True,3.176345596729059
v3_sc2_staging_00,L4,0,9,uncalibrated,False,0,False,False,False,False,nan,False,8.468986283848343
v3_sc2_staging_00,L4,0,9,label_cell,False,0,False,False,False,False,nan,False,8.468986283848343
v3_sc2_staging_00,L4,0,9,label_only,False,0,False,False,False,False,nan,False,8.468986283848343
v3_sc2_staging_00,L4,0,9,pose_only,False,0,False,False,False,False,nan,False,8.468986283848343
v3_sc2_staging_00,L4,0,9,separate,False,0,False,False,False,False,nan,False,8.468986283848343
v3_sc2_staging_00,L4,0,9,joint,False,0,False,False,False,False,nan,False,8.468986283848343
v3_sc2_staging_00,L4,0,9,oracle,False,0,True,False,False,True,8.468986283848343,True,8.468986283848343
v3_sc2_staging_00,L4,0,10,uncalibrated,False,0,False,False,False,False,nan,False,3.1899494936611665
v3_sc2_staging_00,L4,0,10,label_cell,False,0,False,False,False,False,nan,False,3.1899494936611665
v3_sc2_staging_00,L4,0,10,label_only,False,0,False,False,False,False,nan,False,3.1899494936611665
v3_sc2_staging_00,L4,0,10,pose_only,False,0,False,False,False,False,nan,False,3.1899494936611665
v3_sc2_staging_00,L4,0,10,separate,False,0,False,False,False,False,nan,False,3.1899494936611665
v3_sc2_staging_00,L4,0,10,joint,False,0,False,False,False,False,nan,False,3.1899494936611665
v3_sc2_staging_00,L4,0,10,oracle,False,0,True,False,False,True,3.1899494936611665,True,3.1899494936611665
v3_sc2_staging_00,L4,0,11,uncalibrated,False,0,False,False,False,False,nan,False,4.525483399593905
v3_sc2_staging_00,L4,0,11,label_cell,False,0,False,False,False,False,nan,False,4.525483399593905
v3_sc2_staging_00,L4,0,11,label_only,False,0,False,False,False,False,nan,False,4.525483399593905
v3_sc2_staging_00,L4,0,11,pose_only,False,0,False,False,False,False,nan,False,4.525483399593905
v3_sc2_staging_00,L4,0,11,separate,False,0,False,False,False,False,nan,False,4.525483399593905
v3_sc2_staging_00,L4,0,11,joint,False,0,False,False,False,False,nan,False,4.525483399593905
v3_sc2_staging_00,L4,0,11,oracle,False,0,True,False,False,True,4.525483399593905,True,4.525483399593905
v3_sc2_staging_00,L4,0,12,uncalibrated,False,0,False,False,False,False,nan,False,8.436143571373727
v3_sc2_staging_00,L4,0,12,label_cell,False,0,False,False,False,False,nan,False,8.436143571373727
v3_sc2_staging_00,L4,0,12,label_only,False,0,False,False,False,False,nan,False,8.436143571373727
v3_sc2_staging_00,L4,0,12,pose_only,False,0,False,False,False,False,nan,False,8.436143571373727
v3_sc2_staging_00,L4,0,12,separate,False,0,False,False,False,False,nan,False,8.436143571373727
v3_sc2_staging_00,L4,0,12,joint,False,0,False,False,False,False,nan,False,8.436143571373727
v3_sc2_staging_00,L4,0,12,oracle,False,0,True,False,False,True,8.436143571373727,True,8.436143571373727
v3_sc2_staging_00,L4,0,13,uncalibrated,False,0,True,False,False,True,4.1763455967290595,True,4.1763455967290595
v3_sc2_staging_00,L4,0,13,label_cell,False,0,False,False,False,False,nan,False,4.1763455967290595
v3_sc2_staging_00,L4,0,13,label_only,False,0,True,False,False,True,4.1763455967290595,True,4.1763455967290595
v3_sc2_staging_00,L4,0,13,pose_only,False,0,True,False,False,True,4.1763455967290595,True,4.1763455967290595
v3_sc2_staging_00,L4,0,13,separate,False,0,False,False,False,False,nan,False,4.1763455967290595
v3_sc2_staging_00,L4,0,13,joint,False,0,False,False,False,False,nan,False,4.1763455967290595
v3_sc2_staging_00,L4,0,13,oracle,False,0,True,False,False,True,4.1763455967290595,True,4.1763455967290595
v3_sc2_staging_00,L4,0,14,uncalibrated,False,0,False,False,False,False,nan,False,7.058326112068525
v3_sc2_staging_00,L4,0,14,label_cell,False,0,False,False,False,False,nan,False,7.058326112068525
v3_sc2_staging_00,L4,0,14,label_only,False,0,False,False,False,False,nan,False,7.058326112068525
v3_sc2_staging_00,L4,0,14,pose_only,False,0,False,False,False,False,nan,False,7.058326112068525
v3_sc2_staging_00,L4,0,14,separate,False,0,False,False,False,False,nan,False,7.058326112068525
v3_sc2_staging_00,L4,0,14,joint,False,0,False,False,False,False,nan,False,7.058326112068525
v3_sc2_staging_00,L4,0,14,oracle,False,0,True,False,False,True,7.058326112068525,True,7.058326112068525
v3_sc2_staging_00,L4,0,15,uncalibrated,False,0,False,False,False,False,nan,False,9.521320343559642
v3_sc2_staging_00,L4,0,15,label_cell,False,0,False,False,False,False,nan,False,9.521320343559642
v3_sc2_staging_00,L4,0,15,label_only,False,0,False,False,False,False,nan,False,9.521320343559642
v3_sc2_staging_00,L4,0,15,pose_only,False,0,False,False,False,False,nan,False,9.521320343559642
v3_sc2_staging_00,L4,0,15,separate,False,0,False,False,False,False,nan,False,9.521320343559642
v3_sc2_staging_00,L4,0,15,joint,False,0,False,False,False,False,nan,False,9.521320343559642
v3_sc2_staging_00,L4,0,15,oracle,False,0,True,False,False,True,9.521320343559642,True,9.521320343559642
v3_sc2_staging_00,L4,0,16,uncalibrated,False,0,False,False,False,False,nan,False,7.379898987322334
v3_sc2_staging_00,L4,0,16,label_cell,False,0,False,False,False,False,nan,False,7.379898987322334
v3_sc2_staging_00,L4,0,16,label_only,False,0,False,False,False,False,nan,False,7.379898987322334
v3_sc2_staging_00,L4,0,16,pose_only,False,0,False,False,False,False,nan,False,7.379898987322334
v3_sc2_staging_00,L4,0,16,separate,False,0,False,False,False,False,nan,False,7.379898987322334
v3_sc2_staging_00,L4,0,16,joint,False,0,False,False,False,False,nan,False,7.379898987322334
v3_sc2_staging_00,L4,0,16,oracle,False,0,True,False,False,True,7.379898987322334,True,7.379898987322334
v3_sc2_staging_00,L4,0,17,uncalibrated,False,0,False,False,False,False,nan,False,7.676955262170047
v3_sc2_staging_00,L4,0,17,label_cell,False,0,False,False,False,False,nan,False,7.676955262170047
v3_sc2_staging_00,L4,0,17,label_only,False,0,False,False,False,False,nan,False,7.676955262170047
v3_sc2_staging_00,L4,0,17,pose_only,False,0,False,False,False,False,nan,False,7.676955262170047
v3_sc2_staging_00,L4,0,17,separate,False,0,False,False,False,False,nan,False,7.676955262170047
v3_sc2_staging_00,L4,0,17,joint,False,0,False,False,False,False,nan,False,7.676955262170047
v3_sc2_staging_00,L4,0,17,oracle,False,0,True,False,False,True,7.676955262170047,True,7.676955262170047
v3_sc2_staging_00,L4,0,18,uncalibrated,False,0,False,False,False,False,nan,False,4.1899494936611665
v3_sc2_staging_00,L4,0,18,label_cell,False,0,False,False,False,False,nan,False,4.1899494936611665
v3_sc2_staging_00,L4,0,18,label_only,False,0,False,False,False,False,nan,False,4.1899494936611665
v3_sc2_staging_00,L4,0,18,pose_only,False,0,False,False,False,False,nan,False,4.1899494936611665
v3_sc2_staging_00,L4,0,18,separate,False,0,False,False,False,False,nan,False,4.1899494936611665
v3_sc2_staging_00,L4,0,18,joint,False,0,False,False,False,False,nan,False,4.1899494936611665
v3_sc2_staging_00,L4,0,18,oracle,False,0,True,False,False,True,4.1899494936611665,True,4.1899494936611665
v3_sc2_staging_00,L4,0,19,uncalibrated,False,0,False,False,False,False,nan,False,5.18492424049175
v3_sc2_staging_00,L4,0,19,label_cell,False,0,False,False,False,False,nan,False,5.18492424049175
v3_sc2_staging_00,L4,0,19,label_only,False,0,False,False,False,False,nan,False,5.18492424049175
v3_sc2_staging_00,L4,0,19,pose_only,False,0,False,False,False,False,nan,False,5.18492424049175
v3_sc2_staging_00,L4,0,19,separate,False,0,False,False,False,False,nan,False,5.18492424049175
v3_sc2_staging_00,L4,0,19,joint,False,0,False,False,False,False,nan,False,5.18492424049175
v3_sc2_staging_00,L4,0,19,oracle,False,0,True,False,False,True,5.18492424049175,True,5.18492424049175
v3_sc2_staging_00,L4,1,0,uncalibrated,False,0,True,False,False,True,7.2798989873223325,True,7.321320343559643
v3_sc2_staging_00,L4,1,0,label_cell,False,0,False,False,False,False,nan,False,7.321320343559643
v3_sc2_staging_00,L4,1,0,label_only,False,0,False,False,False,False,nan,False,7.321320343559643
v3_sc2_staging_00,L4,1,0,pose_only,False,0,False,False,False,False,nan,False,7.321320343559643
v3_sc2_staging_00,L4,1,0,separate,False,0,False,False,False,False,nan,False,7.321320343559643
v3_sc2_staging_00,L4,1,0,joint,False,0,False,False,False,False,nan,False,7.321320343559643
v3_sc2_staging_00,L4,1,0,oracle,False,0,True,False,False,True,7.321320343559643,True,7.321320343559643
v3_sc2_staging_00,L4,1,1,uncalibrated,False,0,True,False,False,True,8.133452377915606,True,8.092031021678299
v3_sc2_staging_00,L4,1,1,label_cell,False,0,False,False,False,False,nan,False,8.092031021678299
v3_sc2_staging_00,L4,1,1,label_only,False,0,False,False,False,False,nan,False,8.092031021678299
v3_sc2_staging_00,L4,1,1,pose_only,False,0,False,False,False,False,nan,False,8.092031021678299
v3_sc2_staging_00,L4,1,1,separate,False,0,False,False,False,False,nan,False,8.092031021678299
v3_sc2_staging_00,L4,1,1,joint,False,0,False,False,False,False,nan,False,8.092031021678299
v3_sc2_staging_00,L4,1,1,oracle,False,0,True,False,False,True,8.092031021678299,True,8.092031021678299
v3_sc2_staging_00,L4,1,2,uncalibrated,False,0,True,False,False,True,3.9476659402887027,True,3.9476659402887027
v3_sc2_staging_00,L4,1,2,label_cell,False,0,False,False,False,False,nan,False,3.9476659402887027
v3_sc2_staging_00,L4,1,2,label_only,False,0,True,False,False,True,3.9476659402887027,True,3.9476659402887027
v3_sc2_staging_00,L4,1,2,pose_only,False,0,True,False,False,True,3.9476659402887027,True,3.9476659402887027
v3_sc2_staging_00,L4,1,2,separate,False,0,True,False,False,True,3.9476659402887027,True,3.9476659402887027
v3_sc2_staging_00,L4,1,2,joint,False,0,True,False,False,True,3.9476659402887027,True,3.9476659402887027
v3_sc2_staging_00,L4,1,2,oracle,False,0,True,False,False,True,3.9476659402887027,True,3.9476659402887027
v3_sc2_staging_00,L4,1,3,uncalibrated,False,0,True,False,False,True,3.2828427124746193,True,3.2828427124746193
v3_sc2_staging_00,L4,1,3,label_cell,False,0,False,False,False,False,nan,False,3.2828427124746193
v3_sc2_staging_00,L4,1,3,label_only,False,0,True,False,False,True,3.2828427124746193,True,3.2828427124746193
v3_sc2_staging_00,L4,1,3,pose_only,False,0,True,False,False,True,3.2828427124746193,True,3.2828427124746193
v3_sc2_staging_00,L4,1,3,separate,False,0,True,False,False,True,3.2828427124746193,True,3.2828427124746193
v3_sc2_staging_00,L4,1,3,joint,False,0,True,False,False,True,3.2828427124746193,True,3.2828427124746193
v3_sc2_staging_00,L4,1,3,oracle,False,0,True,False,False,True,3.2828427124746193,True,3.2828427124746193
v3_sc2_staging_00,L4,1,4,uncalibrated,False,0,False,False,False,False,nan,False,5.800609665440988
v3_sc2_staging_00,L4,1,4,label_cell,False,0,False,False,False,False,nan,False,5.800609665440988
v3_sc2_staging_00,L4,1,4,label_only,False,0,False,False,False,False,nan,False,5.800609665440988
v3_sc2_staging_00,L4,1,4,pose_only,False,0,False,False,False,False,nan,False,5.800609665440988
v3_sc2_staging_00,L4,1,4,separate,False,0,False,False,False,False,nan,False,5.800609665440988
v3_sc2_staging_00,L4,1,4,joint,False,0,False,False,False,False,nan,False,5.800609665440988
v3_sc2_staging_00,L4,1,4,oracle,False,0,True,False,False,True,5.800609665440988,True,5.800609665440988
v3_sc2_staging_00,L4,1,5,uncalibrated,False,0,True,False,False,True,4.112132034355964,True,4.112132034355964
v3_sc2_staging_00,L4,1,5,label_cell,False,0,True,False,False,True,4.112132034355964,True,4.112132034355964
v3_sc2_staging_00,L4,1,5,label_only,False,0,True,False,False,True,4.112132034355964,True,4.112132034355964
v3_sc2_staging_00,L4,1,5,pose_only,False,0,True,False,False,True,4.112132034355964,True,4.112132034355964
v3_sc2_staging_00,L4,1,5,separate,False,0,True,False,False,True,4.112132034355964,True,4.112132034355964
v3_sc2_staging_00,L4,1,5,joint,False,0,True,False,False,True,4.112132034355964,True,4.112132034355964
v3_sc2_staging_00,L4,1,5,oracle,False,0,True,False,False,True,4.112132034355964,True,4.112132034355964
v3_sc2_staging_00,L4,1,6,uncalibrated,False,0,False,False,False,False,nan,False,7.106244584051393
v3_sc2_staging_00,L4,1,6,label_cell,False,0,False,False,False,False,nan,False,7.106244584051393
v3_sc2_staging_00,L4,1,6,label_only,False,0,False,False,False,False,nan,False,7.106244584051393
v3_sc2_staging_00,L4,1,6,pose_only,False,0,False,False,False,False,nan,False,7.106244584051393
v3_sc2_staging_00,L4,1,6,separate,False,0,False,False,False,False,nan,False,7.106244584051393
v3_sc2_staging_00,L4,1,6,joint,False,0,False,False,False,False,nan,False,7.106244584051393
v3_sc2_staging_00,L4,1,6,oracle,False,0,True,False,False,True,7.106244584051393,True,7.106244584051393
v3_sc2_staging_00,L4,1,7,uncalibrated,False,0,False,False,False,False,nan,False,7.512741699796954
v3_sc2_staging_00,L4,1,7,label_cell,False,0,False,False,False,False,nan,False,7.512741699796954
v3_sc2_staging_00,L4,1,7,label_only,False,0,False,False,False,False,nan,False,7.512741699796954
v3_sc2_staging_00,L4,1,7,pose_only,False,0,False,False,False,False,nan,False,7.512741699796954
v3_sc2_staging_00,L4,1,7,separate,False,0,False,False,False,False,nan,False,7.512741699796954
v3_sc2_staging_00,L4,1,7,joint,False,0,False,False,False,False,nan,False,7.512741699796954
v3_sc2_staging_00,L4,1,7,oracle,False,0,True,False,False,True,7.512741699796954,True,7.512741699796954
v3_sc2_staging_00,L4,1,8,uncalibrated,False,0,True,False,False,True,3.0662950903902253,True,3.0662950903902253
v3_sc2_staging_00,L4,1,8,label_cell,False,0,False,False,False,False,nan,False,3.0662950903902253
v3_sc2_staging_00,L4,1,8,label_only,False,0,True,False,False,True,3.0662950903902253,True,3.0662950903902253
v3_sc2_staging_00,L4,1,8,pose_only,False,0,True,False,False,True,3.0662950903902253,True,3.0662950903902253
v3_sc2_staging_00,L4,1,8,separate,False,0,True,False,False,True,3.0662950903902253,True,3.0662950903902253
v3_sc2_staging_00,L4,1,8,joint,False,0,True,False,False,True,3.0662950903902253,True,3.0662950903902253
v3_sc2_staging_00,L4,1,8,oracle,False,0,True,False,False,True,3.0662950903902253,True,3.0662950903902253
v3_sc2_staging_00,L4,1,9,uncalibrated,False,0,True,False,False,True,8.676955262170049,True,8.718376618407358
v3_sc2_staging_00,L4,1,9,label_cell,False,0,False,False,False,False,nan,False,8.718376618407358
v3_sc2_staging_00,L4,1,9,label_only,False,0,False,False,False,False,nan,False,8.718376618407358
v3_sc2_staging_00,L4,1,9,pose_only,False,0,False,False,False,False,nan,False,8.718376618407358
v3_sc2_staging_00,L4,1,9,separate,False,0,False,False,False,False,nan,False,8.718376618407358
v3_sc2_staging_00,L4,1,9,joint,False,0,False,False,False,False,nan,False,8.718376618407358
v3_sc2_staging_00,L4,1,9,oracle,False,0,True,False,False,True,8.718376618407358,True,8.718376618407358
v3_sc2_staging_00,L4,1,10,uncalibrated,False,0,True,False,False,True,3.0500000000000003,True,3.0500000000000003
v3_sc2_staging_00,L4,1,10,label_cell,False,0,False,False,False,False,nan,False,3.0500000000000003
v3_sc2_staging_00,L4,1,10,label_only,False,0,True,False,False,True,3.0500000000000003,True,3.0500000000000003
v3_sc2_staging_00,L4,1,10,pose_only,False,0,True,False,False,True,3.0500000000000003,True,3.0500000000000003
v3_sc2_staging_00,L4,1,10,separate,False,0,True,False,False,True,3.0500000000000003,True,3.0500000000000003
v3_sc2_staging_00,L4,1,10,joint,False,0,True,False,False,True,3.0500000000000003,True,3.0500000000000003
v3_sc2_staging_00,L4,1,10,oracle,False,0,True,False,False,True,3.0500000000000003,True,3.0500000000000003
v3_sc2_staging_00,L4,1,11,uncalibrated,False,0,False,False,False,False,nan,False,4.873401871576773
v3_sc2_staging_00,L4,1,11,label_cell,False,0,False,False,False,False,nan,False,4.873401871576773
v3_sc2_staging_00,L4,1,11,label_only,False,0,False,False,False,False,nan,False,4.873401871576773
v3_sc2_staging_00,L4,1,11,pose_only,False,0,False,False,False,False,nan,False,4.873401871576773
v3_sc2_staging_00,L4,1,11,separate,False,0,False,False,False,False,nan,False,4.873401871576773
v3_sc2_staging_00,L4,1,11,joint,False,0,False,False,False,False,nan,False,4.873401871576773
v3_sc2_staging_00,L4,1,11,oracle,False,0,True,False,False,True,4.873401871576773,True,4.873401871576773
v3_sc2_staging_00,L4,1,12,uncalibrated,False,0,True,False,False,True,8.523401871576773,True,8.564823227814083
v3_sc2_staging_00,L4,1,12,label_cell,False,0,False,False,False,False,nan,False,8.564823227814083
v3_sc2_staging_00,L4,1,12,label_only,False,0,False,False,False,False,nan,False,8.564823227814083
v3_sc2_staging_00,L4,1,12,pose_only,False,0,False,False,False,False,nan,False,8.564823227814083
v3_sc2_staging_00,L4,1,12,separate,False,0,False,False,False,False,nan,False,8.564823227814083
v3_sc2_staging_00,L4,1,12,joint,False,0,False,False,False,False,nan,False,8.564823227814083
v3_sc2_staging_00,L4,1,12,oracle,False,0,True,False,False,True,8.564823227814083,True,8.564823227814083
v3_sc2_staging_00,L4,1,13,uncalibrated,False,0,True,False,False,True,3.9621320343559647,True,3.9621320343559647
v3_sc2_staging_00,L4,1,13,label_cell,False,0,True,False,False,True,3.9621320343559647,True,3.9621320343559647
v3_sc2_staging_00,L4,1,13,label_only,False,0,True,False,False,True,3.9621320343559647,True,3.9621320343559647
v3_sc2_staging_00,L4,1,13,pose_only,False,0,True,False,False,True,3.9621320343559647,True,3.9621320343559647
v3_sc2_staging_00,L4,1,13,separate,False,0,False,False,False,False,nan,False,3.9621320343559647
v3_sc2_staging_00,L4,1,13,joint,False,0,True,False,False,True,3.9621320343559647,True,3.9621320343559647
v3_sc2_staging_00,L4,1,13,oracle,False,0,True,False,False,True,3.9621320343559647,True,3.9621320343559647
v3_sc2_staging_00,L4,1,14,uncalibrated,False,0,True,False,False,True,7.140559159102157,True,7.181980515339467
v3_sc2_staging_00,L4,1,14,label_cell,False,0,False,False,False,False,nan,False,7.181980515339467
v3_sc2_staging_00,L4,1,14,label_only,False,0,False,False,False,False,nan,False,7.181980515339467
v3_sc2_staging_00,L4,1,14,pose_only,False,0,False,False,False,False,nan,False,7.181980515339467
v3_sc2_staging_00,L4,1,14,separate,False,0,False,False,False,False,nan,False,7.181980515339467
v3_sc2_staging_00,L4,1,14,joint,False,0,False,False,False,False,nan,False,7.181980515339467
v3_sc2_staging_00,L4,1,14,oracle,False,0,True,False,False,True,7.181980515339467,True,7.181980515339467
v3_sc2_staging_00,L4,1,15,uncalibrated,False,0,True,False,False,True,9.488477631085024,True,9.447056274847714
v3_sc2_staging_00,L4,1,15,label_cell,False,0,False,False,False,False,nan,False,9.447056274847714
v3_sc2_staging_00,L4,1,15,label_only,False,0,False,False,False,False,nan,False,9.447056274847714
v3_sc2_staging_00,L4,1,15,pose_only,False,0,False,False,False,False,nan,False,9.447056274847714
v3_sc2_staging_00,L4,1,15,separate,False,0,False,False,False,False,nan,False,9.447056274847714
v3_sc2_staging_00,L4,1,15,joint,False,0,False,False,False,False,nan,False,9.447056274847714
v3_sc2_staging_00,L4,1,15,oracle,False,0,True,False,False,True,9.447056274847714,True,9.447056274847714
v3_sc2_staging_00,L4,1,16,uncalibrated,False,0,True,False,False,True,7.2884776310850246,True,7.3091883092036785
v3_sc2_staging_00,L4,1,16,label_cell,False,0,False,False,False,False,nan,False,7.3091883092036785
v3_sc2_staging_00,L4,1,16,label_only,False,0,False,False,False,False,nan,False,7.3091883092036785
v3_sc2_staging_00,L4,1,16,pose_only,False,0,False,False,False,False,nan,False,7.3091883092036785
v3_sc2_staging_00,L4,1,16,separate,False,0,False,False,False,False,nan,False,7.3091883092036785
v3_sc2_staging_00,L4,1,16,joint,False,0,False,False,False,False,nan,False,7.3091883092036785
v3_sc2_staging_00,L4,1,16,oracle,False,0,True,False,False,True,7.3091883092036785,True,7.3091883092036785
v3_sc2_staging_00,L4,1,17,uncalibrated,False,0,False,False,False,False,nan,False,7.9976659402887025
v3_sc2_staging_00,L4,1,17,label_cell,False,0,False,False,False,False,nan,False,7.9976659402887025
v3_sc2_staging_00,L4,1,17,label_only,False,0,False,False,False,False,nan,False,7.9976659402887025
v3_sc2_staging_00,L4,1,17,pose_only,False,0,False,False,False,False,nan,False,7.9976659402887025
v3_sc2_staging_00,L4,1,17,separate,False,0,False,False,False,False,nan,False,7.9976659402887025
v3_sc2_staging_00,L4,1,17,joint,False,0,False,False,False,False,nan,False,7.9976659402887025
v3_sc2_staging_00,L4,1,17,oracle,False,0,True,False,False,True,7.9976659402887025,True,7.9976659402887025
v3_sc2_staging_00,L4,1,18,uncalibrated,False,0,False,False,False,False,nan,False,4.2935028842544405
v3_sc2_staging_00,L4,1,18,label_cell,False,0,False,False,False,False,nan,False,4.2935028842544405
v3_sc2_staging_00,L4,1,18,label_only,False,0,False,False,False,False,nan,False,4.2935028842544405
v3_sc2_staging_00,L4,1,18,pose_only,False,0,False,False,False,False,nan,False,4.2935028842544405
v3_sc2_staging_00,L4,1,18,separate,False,0,False,False,False,False,nan,False,4.2935028842544405
v3_sc2_staging_00,L4,1,18,joint,False,0,False,False,False,False,nan,False,4.2935028842544405
v3_sc2_staging_00,L4,1,18,oracle,False,0,True,False,False,True,4.2935028842544405,True,4.2935028842544405
v3_sc2_staging_00,L4,1,19,uncalibrated,False,0,False,False,False,False,nan,False,5.350609665440988
v3_sc2_staging_00,L4,1,19,label_cell,False,0,False,False,False,False,nan,False,5.350609665440988
v3_sc2_staging_00,L4,1,19,label_only,False,0,False,False,False,False,nan,False,5.350609665440988
v3_sc2_staging_00,L4,1,19,pose_only,False,0,False,False,False,False,nan,False,5.350609665440988
v3_sc2_staging_00,L4,1,19,separate,False,0,False,False,False,False,nan,False,5.350609665440988
v3_sc2_staging_00,L4,1,19,joint,False,0,False,False,False,False,nan,False,5.350609665440988
v3_sc2_staging_00,L4,1,19,oracle,False,0,True,False,False,True,5.350609665440988,True,5.350609665440988
v3_sc2_staging_00,L4,2,0,uncalibrated,False,0,True,True,False,True,7.252081528017133,False,7.181370849898477
v3_sc2_staging_00,L4,2,0,label_cell,False,0,False,False,False,False,nan,False,7.181370849898477
v3_sc2_staging_00,L4,2,0,label_only,False,0,False,False,False,False,nan,False,7.181370849898477
v3_sc2_staging_00,L4,2,0,pose_only,False,0,False,False,False,False,nan,False,7.181370849898477
v3_sc2_staging_00,L4,2,0,separate,False,0,False,False,False,False,nan,False,7.181370849898477
v3_sc2_staging_00,L4,2,0,joint,False,0,False,False,False,False,nan,False,7.181370849898477
v3_sc2_staging_00,L4,2,0,oracle,False,0,True,False,False,True,7.181370849898477,True,7.181370849898477
v3_sc2_staging_00,L4,2,1,uncalibrated,False,0,False,False,False,False,nan,False,8.401219330881977
v3_sc2_staging_00,L4,2,1,label_cell,False,0,False,False,False,False,nan,False,8.401219330881977
v3_sc2_staging_00,L4,2,1,label_only,False,0,False,False,False,False,nan,False,8.401219330881977
v3_sc2_staging_00,L4,2,1,pose_only,False,0,False,False,False,False,nan,False,8.401219330881977
v3_sc2_staging_00,L4,2,1,separate,False,0,False,False,False,False,nan,False,8.401219330881977
v3_sc2_staging_00,L4,2,1,joint,False,0,False,False,False,False,nan,False,8.401219330881977
v3_sc2_staging_00,L4,2,1,oracle,False,0,True,False,False,True,8.401219330881977,True,8.401219330881977
v3_sc2_staging_00,L4,2,2,uncalibrated,False,0,True,False,False,True,4.107716446627536,True,4.107716446627536
v3_sc2_staging_00,L4,2,2,label_cell,False,0,True,False,False,True,4.107716446627536,True,4.107716446627536
v3_sc2_staging_00,L4,2,2,label_only,False,0,True,False,False,True,4.107716446627536,True,4.107716446627536
v3_sc2_staging_00,L4,2,2,pose_only,False,0,True,False,False,True,4.107716446627536,True,4.107716446627536
v3_sc2_staging_00,L4,2,2,separate,False,0,True,False,False,True,4.107716446627536,True,4.107716446627536
v3_sc2_staging_00,L4,2,2,joint,False,0,True,False,False,True,4.107716446627536,True,4.107716446627536
v3_sc2_staging_00,L4,2,2,oracle,False,0,True,False,False,True,4.107716446627536,True,4.107716446627536
v3_sc2_staging_00,L4,2,3,uncalibrated,False,0,True,False,False,True,3.4727922061357854,True,3.4727922061357854
v3_sc2_staging_00,L4,2,3,label_cell,False,0,False,False,False,False,nan,False,3.4727922061357854
v3_sc2_staging_00,L4,2,3,label_only,False,0,True,False,False,True,3.4727922061357854,True,3.4727922061357854
v3_sc2_staging_00,L4,2,3,pose_only,False,0,True,False,False,True,3.4727922061357854,True,3.4727922061357854
v3_sc2_staging_00,L4,2,3,separate,False,0,True,False,False,True,3.4727922061357854,True,3.4727922061357854
v3_sc2_staging_00,L4,2,3,joint,False,0,True,False,False,True,3.4727922061357854,True,3.4727922061357854
v3_sc2_staging_00,L4,2,3,oracle,False,0,True,False,False,True,3.4727922061357854,True,3.4727922061357854
v3_sc2_staging_00,L4,2,4,uncalibrated,False,0,True,False,True,True,4.902081528017131,False,5.821320343559645
v3_sc2_staging_00,L4,2,4,label_cell,False,0,False,False,False,False,nan,False,5.821320343559645
v3_sc2_staging_00,L4,2,4,label_only,False,0,True,False,True,True,4.902081528017131,False,5.821320343559645
v3_sc2_staging_00,L4,2,4,pose_only,False,0,True,False,True,True,4.902081528017131,False,5.821320343559645
v3_sc2_staging_00,L4,2,4,separate,False,0,False,False,False,False,nan,False,5.821320343559645
v3_sc2_staging_00,L4,2,4,joint,False,0,False,False,False,False,nan,False,5.821320343559645
v3_sc2_staging_00,L4,2,4,oracle,False,0,True,False,False,True,5.821320343559645,True,5.821320343559645
v3_sc2_staging_00,L4,2,5,uncalibrated,False,0,True,False,False,True,4.364213562373094,True,4.364213562373094
v3_sc2_staging_00,L4,2,5,label_cell,False,0,True,False,False,True,4.364213562373094,True,4.364213562373094
v3_sc2_staging_00,L4,2,5,label_only,False,0,True,False,False,True,4.364213562373094,True,4.364213562373094
v3_sc2_staging_00,L4,2,5,pose_only,False,0,True,False,False,True,4.364213562373094,True,4.364213562373094
v3_sc2_staging_00,L4,2,5,separate,False,0,True,False,False,True,4.364213562373094,True,4.364213562373094
v3_sc2_staging_00,L4,2,5,joint,False,0,True,False,False,True,4.364213562373094,True,4.364213562373094
v3_sc2_staging_00,L4,2,5,oracle,False,0,True,False,False,True,4.364213562373094,True,4.364213562373094
v3_sc2_staging_00,L4,2,6,uncalibrated,False,0,True,False,True,True,5.459188309203679,False,7.1319805153394675
v3_sc2_staging_00,L4,2,6,label_cell,False,0,False,False,False,False,nan,False,7.1319805153394675
v3_sc2_staging_00,L4,2,6,label_only,False,0,True,False,True,True,5.459188309203679,False,7.1319805153394675
v3_sc2_staging_00,L4,2,6,pose_only,False,0,True,False,True,True,5.459188309203679,False,7.1319805153394675
v3_sc2_staging_00,L4,2,6,separate,False,0,False,False,False,False,nan,False,7.1319805153394675
v3_sc2_staging_00,L4,2,6,joint,False,0,False,False,False,False,nan,False,7.1319805153394675
v3_sc2_staging_00,L4,2,6,oracle,False,0,True,False,False,True,7.1319805153394675,True,7.1319805153394675
v3_sc2_staging_00,L4,2,7,uncalibrated,False,0,False,False,False,False,nan,False,7.5926406871192915
v3_sc2_staging_00,L4,2,7,label_cell,False,0,False,False,False,False,nan,False,7.5926406871192915
v3_sc2_staging_00,L4,2,7,label_only,False,0,False,False,False,False,nan,False,7.5926406871192915
v3_sc2_staging_00,L4,2,7,pose_only,False,0,False,False,False,False,nan,False,7.5926406871192915
v3_sc2_staging_00,L4,2,7,separate,False,0,False,False,False,False,nan,False,7.5926406871192915
v3_sc2_staging_00,L4,2,7,joint,False,0,False,False,False,False,nan,False,7.5926406871192915
v3_sc2_staging_00,L4,2,7,oracle,False,0,True,False,False,True,7.5926406871192915,True,7.5926406871192915
v3_sc2_staging_00,L4,2,8,uncalibrated,False,0,True,False,False,True,3.0077164466275352,True,3.0077164466275352
v3_sc2_staging_00,L4,2,8,label_cell,False,0,False,False,False,False,nan,False,3.0077164466275352
v3_sc2_staging_00,L4,2,8,label_only,False,0,True,False,False,True,3.0077164466275352,True,3.0077164466275352
v3_sc2_staging_00,L4,2,8,pose_only,False,0,True,False,False,True,3.0077164466275352,True,3.0077164466275352
v3_sc2_staging_00,L4,2,8,separate,False,0,True,False,False,True,3.0077164466275352,True,3.0077164466275352
v3_sc2_staging_00,L4,2,8,joint,False,0,True,False,False,True,3.0077164466275352,True,3.0077164466275352
v3_sc2_staging_00,L4,2,8,oracle,False,0,True,False,False,True,3.0077164466275352,True,3.0077164466275352
v3_sc2_staging_00,L4,2,9,uncalibrated,False,0,True,True,False,True,8.633452377915608,False,8.562741699796952
v3_sc2_staging_00,L4,2,9,label_cell,False,0,False,False,False,False,nan,False,8.562741699796952
v3_sc2_staging_00,L4,2,9,label_only,False,0,False,False,False,False,nan,False,8.562741699796952
v3_sc2_staging_00,L4,2,9,pose_only,False,0,False,False,False,False,nan,False,8.562741699796952
v3_sc2_staging_00,L4,2,9,separate,False,0,False,False,False,False,nan,False,8.562741699796952
v3_sc2_staging_00,L4,2,9,joint,False,0,False,False,False,False,nan,False,8.562741699796952
v3_sc2_staging_00,L4,2,9,oracle,False,0,True,False,False,True,8.562741699796952,True,8.562741699796952
v3_sc2_staging_00,L4,2,10,uncalibrated,False,0,True,False,False,True,3.1863961030678927,True,3.1863961030678927
v3_sc2_staging_00,L4,2,10,label_cell,False,0,False,False,False,False,nan,False,3.1863961030678927
v3_sc2_staging_00,L4,2,10,label_only,False,0,True,False,False,True,3.1863961030678927,True,3.1863961030678927
v3_sc2_staging_00,L4,2,10,pose_only,False,0,True,False,False,True,3.1863961030678927,True,3.1863961030678927
v3_sc2_staging_00,L4,2,10,separate,False,0,True,False,False,True,3.1863961030678927,True,3.1863961030678927
v3_sc2_staging_00,L4,2,10,joint,False,0,True,False,False,True,3.1863961030678927,True,3.1863961030678927
v3_sc2_staging_00,L4,2,10,oracle,False,0,True,False,False,True,3.1863961030678927,True,3.1863961030678927
v3_sc2_staging_00,L4,2,11,uncalibrated,False,0,True,False,False,True,4.900609665440987,True,4.900609665440987
v3_sc2_staging_00,L4,2,11,label_cell,False,0,False,False,False,False,nan,False,4.900609665440987
v3_sc2_staging_00,L4,2,11,label_only,False,0,True,False,False,True,4.900609665440987,True,4.900609665440987
v3_sc2_staging_00,L4,2,11,pose_only,False,0,True,False,False,True,4.900609665440987,True,4.900609665440987
v3_sc2_staging_00,L4,2,11,separate,False,0,True,False,False,True,4.900609665440987,True,4.900609665440987
v3_sc2_staging_00,L4,2,11,joint,False,0,True,False,False,True,4.900609665440987,True,4.900609665440987
v3_sc2_staging_00,L4,2,11,oracle,False,0,True,False,False,True,4.900609665440987,True,4.900609665440987
v3_sc2_staging_00,L4,2,12,uncalibrated,False,0,True,True,False,True,8.63700576850888,False,8.566295090390225
v3_sc2_staging_00,L4,2,12,label_cell,False,0,False,False,False,False,nan,False,8.566295090390225
v3_sc2_staging_00,L4,2,12,label_only,False,0,False,False,False,False,nan,False,8.566295090390225
v3_sc2_staging_00,L4,2,12,pose_only,False,0,False,False,False,False,nan,False,8.566295090390225
v3_sc2_staging_00,L4,2,12,separate,False,0,False,False,False,False,nan,False,8.566295090390225
v3_sc2_staging_00,L4,2,12,joint,False,0,False,False,False,False,nan,False,8.566295090390225
v3_sc2_staging_00,L4,2,12,oracle,False,0,True,False,False,True,8.566295090390225,True,8.566295090390225
v3_sc2_staging_00,L4,2,13,uncalibrated,False,0,True,False,False,True,4.065685424949238,True,4.065685424949238
v3_sc2_staging_00,L4,2,13,label_cell,False,0,True,False,False,True,4.065685424949238,True,4.065685424949238
v3_sc2_staging_00,L4,2,13,label_only,False,0,True,False,False,True,4.065685424949238,True,4.065685424949238
v3_sc2_staging_00,L4,2,13,pose_only,False,0,True,False,False,True,4.065685424949238,True,4.065685424949238
v3_sc2_staging_00,L4,2,13,separate,False,0,True,False,False,True,4.065685424949239,True,4.065685424949238
v3_sc2_staging_00,L4,2,13,joint,False,0,True,False,False,True,4.065685424949238,True,4.065685424949238
v3_sc2_staging_00,L4,2,13,oracle,False,0,True,False,False,True,4.065685424949238,True,4.065685424949238
v3_sc2_staging_00,L4,2,14,uncalibrated,False,0,True,True,False,True,7.005634918610404,False,7.100609665440988
v3_sc2_staging_00,L4,2,14,label_cell,False,0,False,False,False,False,nan,False,7.100609665440988
v3_sc2_staging_00,L4,2,14,label_only,False,0,False,False,False,False,nan,False,7.100609665440988
v3_sc2_staging_00,L4,2,14,pose_only,False,0,False,False,False,False,nan,False,7.100609665440988
v3_sc2_staging_00,L4,2,14,separate,False,0,False,False,False,False,nan,False,7.100609665440988
v3_sc2_staging_00,L4,2,14,joint,False,0,False,False,False,False,nan,False,7.100609665440988
v3_sc2_staging_00,L4,2,14,oracle,False,0,True,False,False,True,7.100609665440988,True,7.100609665440988
v3_sc2_staging_00,L4,2,15,uncalibrated,False,0,False,False,False,False,nan,False,9.801219330881976
v3_sc2_staging_00,L4,2,15,label_cell,False,0,False,False,False,False,nan,False,9.801219330881976
v3_sc2_staging_00,L4,2,15,label_only,False,0,False,False,False,False,nan,False,9.801219330881976
v3_sc2_staging_00,L4,2,15,pose_only,False,0,False,False,False,False,nan,False,9.801219330881976
v3_sc2_staging_00,L4,2,15,separate,False,0,False,False,False,False,nan,False,9.801219330881976
v3_sc2_staging_00,L4,2,15,joint,False,0,False,False,False,False,nan,False,9.801219330881976
v3_sc2_staging_00,L4,2,15,oracle,False,0,True,False,False,True,9.801219330881976,True,9.801219330881976
v3_sc2_staging_00,L4,2,16,uncalibrated,False,0,True,True,False,True,7.376955262170052,False,7.335533905932741
v3_sc2_staging_00,L4,2,16,label_cell,False,0,False,False,False,False,nan,False,7.335533905932741
v3_sc2_staging_00,L4,2,16,label_only,False,0,False,False,False,False,nan,False,7.335533905932741
v3_sc2_staging_00,L4,2,16,pose_only,False,0,False,False,False,False,nan,False,7.335533905932741
v3_sc2_staging_00,L4,2,16,separate,False,0,False,False,False,False,nan,False,7.335533905932741
v3_sc2_staging_00,L4,2,16,joint,False,0,False,False,False,False,nan,False,7.335533905932741
v3_sc2_staging_00,L4,2,16,oracle,False,0,True,False,False,True,7.335533905932741,True,7.335533905932741
v3_sc2_staging_00,L4,2,17,uncalibrated,False,0,True,False,True,True,7.061269837220812,False,8.139087296526013
v3_sc2_staging_00,L4,2,17,label_cell,False,0,False,False,False,False,nan,False,8.139087296526013
v3_sc2_staging_00,L4,2,17,label_only,False,0,True,False,True,True,7.061269837220812,False,8.139087296526013
v3_sc2_staging_00,L4,2,17,pose_only,False,0,False,False,False,False,nan,False,8.139087296526013
v3_sc2_staging_00,L4,2,17,separate,False,0,False,False,False,False,nan,False,8.139087296526013
v3_sc2_staging_00,L4,2,17,joint,False,0,False,False,False,False,nan,False,8.139087296526013
v3_sc2_staging_00,L4,2,17,oracle,False,0,True,False,False,True,8.139087296526013,True,8.139087296526013
v3_sc2_staging_00,L4,2,18,uncalibrated,False,0,True,False,True,True,3.5606601717798214,False,4.379898987322334
v3_sc2_staging_00,L4,2,18,label_cell,False,0,False,False,False,False,nan,False,4.379898987322334
v3_sc2_staging_00,L4,2,18,label_only,False,0,False,False,False,False,nan,False,4.379898987322334
v3_sc2_staging_00,L4,2,18,pose_only,False,0,False,False,False,False,nan,False,4.379898987322334
v3_sc2_staging_00,L4,2,18,separate,False,0,False,False,False,False,nan,False,4.379898987322334
v3_sc2_staging_00,L4,2,18,joint,False,0,False,False,False,False,nan,False,4.379898987322334
v3_sc2_staging_00,L4,2,18,oracle,False,0,True,False,False,True,4.379898987322334,True,4.379898987322334
v3_sc2_staging_00,L4,2,19,uncalibrated,False,0,True,False,True,True,3.879898987322332,False,5.337005768508881
v3_sc2_staging_00,L4,2,19,label_cell,False,0,False,False,False,False,nan,False,5.337005768508881
v3_sc2_staging_00,L4,2,19,label_only,False,0,True,False,True,True,3.879898987322332,False,5.337005768508881
v3_sc2_staging_00,L4,2,19,pose_only,False,0,True,False,True,True,3.879898987322332,False,5.337005768508881
v3_sc2_staging_00,L4,2,19,separate,False,0,False,False,False,False,nan,False,5.337005768508881
v3_sc2_staging_00,L4,2,19,joint,False,0,False,False,False,False,nan,False,5.337005768508881
v3_sc2_staging_00,L4,2,19,oracle,False,0,True,False,False,True,5.337005768508881,True,5.337005768508881
v3_sc2_staging_00,L4,3,0,uncalibrated,False,0,False,False,False,False,nan,False,7.259188309203679
v3_sc2_staging_00,L4,3,0,label_cell,False,0,False,False,False,False,nan,False,7.259188309203679
v3_sc2_staging_00,L4,3,0,label_only,False,0,False,False,False,False,nan,False,7.259188309203679
v3_sc2_staging_00,L4,3,0,pose_only,False,0,False,False,False,False,nan,False,7.259188309203679
v3_sc2_staging_00,L4,3,0,separate,False,0,False,False,False,False,nan,False,7.259188309203679
v3_sc2_staging_00,L4,3,0,joint,False,0,False,False,False,False,nan,False,7.259188309203679
v3_sc2_staging_00,L4,3,0,oracle,False,0,True,False,False,True,7.259188309203679,True,7.259188309203679
v3_sc2_staging_00,L4,3,1,uncalibrated,False,0,False,False,False,False,nan,False,8.133452377915606
v3_sc2_staging_00,L4,3,1,label_cell,False,0,False,False,False,False,nan,False,8.133452377915606
v3_sc2_staging_00,L4,3,1,label_only,False,0,False,False,False,False,nan,False,8.133452377915606
v3_sc2_staging_00,L4,3,1,pose_only,False,0,False,False,False,False,nan,False,8.133452377915606
v3_sc2_staging_00,L4,3,1,separate,False,0,False,False,False,False,nan,False,8.133452377915606
v3_sc2_staging_00,L4,3,1,joint,False,0,False,False,False,False,nan,False,8.133452377915606
v3_sc2_staging_00,L4,3,1,oracle,False,0,True,False,False,True,8.133452377915606,True,8.133452377915606
v3_sc2_staging_00,L4,3,2,uncalibrated,False,0,True,False,False,True,3.9062445840513926,True,3.9062445840513926
v3_sc2_staging_00,L4,3,2,label_cell,False,0,False,False,False,False,nan,False,3.9062445840513926
v3_sc2_staging_00,L4,3,2,label_only,False,0,True,False,False,True,3.9062445840513926,True,3.9062445840513926
v3_sc2_staging_00,L4,3,2,pose_only,False,0,True,False,False,True,3.9062445840513926,True,3.9062445840513926
v3_sc2_staging_00,L4,3,2,separate,False,0,True,False,False,True,3.9062445840513926,True,3.9062445840513926
v3_sc2_staging_00,L4,3,2,joint,False,0,True,False,False,True,3.9062445840513926,True,3.9062445840513926
v3_sc2_staging_00,L4,3,2,oracle,False,0,True,False,False,True,3.9062445840513926,True,3.9062445840513926
v3_sc2_staging_00,L4,3,3,uncalibrated,False,0,True,False,False,True,3.303553390593274,True,3.303553390593274
v3_sc2_staging_00,L4,3,3,label_cell,False,0,True,False,False,True,3.303553390593274,True,3.303553390593274
v3_sc2_staging_00,L4,3,3,label_only,False,0,True,False,False,True,3.303553390593274,True,3.303553390593274
v3_sc2_staging_00,L4,3,3,pose_only,False,0,True,False,False,True,3.303553390593274,True,3.303553390593274
v3_sc2_staging_00,L4,3,3,separate,False,0,True,False,False,True,3.303553390593274,True,3.303553390593274
v3_sc2_staging_00,L4,3,3,joint,False,0,True,False,False,True,3.303553390593274,True,3.303553390593274
v3_sc2_staging_00,L4,3,3,oracle,False,0,True,False,False,True,3.303553390593274,True,3.303553390593274
v3_sc2_staging_00,L4,3,4,uncalibrated,False,0,False,False,False,False,nan,False,5.912741699796953
v3_sc2_staging_00,L4,3,4,label_cell,False,0,False,False,False,False,nan,False,5.912741699796953
v3_sc2_staging_00,L4,3,4,label_only,False,0,False,False,False,False,nan,False,5.912741699796953
v3_sc2_staging_00,L4,3,4,pose_only,False,0,False,False,False,False,nan,False,5.912741699796953
v3_sc2_staging_00,L4,3,4,separate,False,0,False,False,False,False,nan,False,5.912741699796953
v3_sc2_staging_00,L4,3,4,joint,False,0,False,False,False,False,nan,False,5.912741699796953
v3_sc2_staging_00,L4,3,4,oracle,False,0,True,False,False,True,5.912741699796953,True,5.912741699796953
v3_sc2_staging_00,L4,3,5,uncalibrated,False,0,False,False,False,False,nan,False,4.132842712474619
v3_sc2_staging_00,L4,3,5,label_cell,False,0,False,False,False,False,nan,False,4.132842712474619
v3_sc2_staging_00,L4,3,5,label_only,False,0,False,False,False,False,nan,False,4.132842712474619
v3_sc2_staging_00,L4,3,5,pose_only,False,0,False,False,False,False,nan,False,4.132842712474619
v3_sc2_staging_00,L4,3,5,separate,False,0,False,False,False,False,nan,False,4.132842712474619
v3_sc2_staging_00,L4,3,5,joint,False,0,False,False,False,False,nan,False,4.132842712474619
v3_sc2_staging_00,L4,3,5,oracle,False,0,True,False,False,True,4.132842712474619,True,4.132842712474619
v3_sc2_staging_00,L4,3,6,uncalibrated,False,0,False,False,False,False,nan,False,7.268376618407359
v3_sc2_staging_00,L4,3,6,label_cell,False,0,False,False,False,False,nan,False,7.268376618407359
v3_sc2_staging_00,L4,3,6,label_only,False,0,False,False,False,False,nan,False,7.268376618407359
v3_sc2_staging_00,L4,3,6,pose_only,False,0,False,False,False,False,nan,False,7.268376618407359
v3_sc2_staging_00,L4,3,6,separate,False,0,False,False,False,False,nan,False,7.268376618407359
v3_sc2_staging_00,L4,3,6,joint,False,0,False,False,False,False,nan,False,7.268376618407359
v3_sc2_staging_00,L4,3,6,oracle,False,0,True,False,False,True,7.268376618407359,True,7.268376618407359
v3_sc2_staging_00,L4,3,7,uncalibrated,False,0,False,False,False,False,nan,False,7.483452377915608
v3_sc2_staging_00,L4,3,7,label_cell,False,0,False,False,False,False,nan,False,7.483452377915608
v3_sc2_staging_00,L4,3,7,label_only,False,0,False,False,False,False,nan,False,7.483452377915608
v3_sc2_staging_00,L4,3,7,pose_only,False,0,False,False,False,False,nan,False,7.483452377915608
v3_sc2_staging_00,L4,3,7,separate,False,0,False,False,False,False,nan,False,7.483452377915608
v3_sc2_staging_00,L4,3,7,joint,False,0,False,False,False,False,nan,False,7.483452377915608
v3_sc2_staging_00,L4,3,7,oracle,False,0,True,False,False,True,7.483452377915608,True,7.483452377915608
v3_sc2_staging_00,L4,3,8,uncalibrated,False,0,True,False,False,True,3.016295090390225,True,3.016295090390225
v3_sc2_staging_00,L4,3,8,label_cell,False,0,True,False,False,True,3.016295090390225,True,3.016295090390225
v3_sc2_staging_00,L4,3,8,label_only,False,0,True,False,False,True,3.016295090390225,True,3.016295090390225
v3_sc2_staging_00,L4,3,8,pose_only,False,0,True,False,False,True,3.016295090390225,True,3.016295090390225
v3_sc2_staging_00,L4,3,8,separate,False,0,True,False,False,True,3.016295090390225,True,3.016295090390225
v3_sc2_staging_00,L4,3,8,joint,False,0,True,False,False,True,3.016295090390225,True,3.016295090390225
v3_sc2_staging_00,L4,3,8,oracle,False,0,True,False,False,True,3.016295090390225,True,3.016295090390225
v3_sc2_staging_00,L4,3,9,uncalibrated,False,0,False,False,False,False,nan,False,8.656244584051393
v3_sc2_staging_00,L4,3,9,label_cell,False,0,False,False,False,False,nan,False,8.656244584051393
v3_sc2_staging_00,L4,3,9,label_only,False,0,False,False,False,False,nan,False,8.656244584051393
v3_sc2_staging_00,L4,3,9,pose_only,False,0,False,False,False,False,nan,False,8.656244584051393
v3_sc2_staging_00,L4,3,9,separate,False,0,False,False,False,False,nan,False,8.656244584051393
v3_sc2_staging_00,L4,3,9,joint,False,0,False,False,False,False,nan,False,8.656244584051393
v3_sc2_staging_00,L4,3,9,oracle,False,0,True,False,False,True,8.656244584051393,True,8.656244584051393
v3_sc2_staging_00,L4,3,10,uncalibrated,False,0,False,False,False,False,nan,False,3.0500000000000003
v3_sc2_staging_00,L4,3,10,label_cell,False,0,False,False,False,False,nan,False,3.0500000000000003
v3_sc2_staging_00,L4,3,10,label_only,False,0,False,False,False,False,nan,False,3.0500000000000003
v3_sc2_staging_00,L4,3,10,pose_only,False,0,False,False,False,False,nan,False,3.0500000000000003
v3_sc2_staging_00,L4,3,10,separate,False,0,False,False,False,False,nan,False,3.0500000000000003
v3_sc2_staging_00,L4,3,10,joint,False,0,False,False,False,False,nan,False,3.0500000000000003
v3_sc2_staging_00,L4,3,10,oracle,False,0,True,False,False,True,3.0500000000000003,True,3.0500000000000003
v3_sc2_staging_00,L4,3,11,uncalibrated,False,0,True,False,False,True,4.852691193458118,True,4.852691193458118
v3_sc2_staging_00,L4,3,11,label_cell,False,0,True,False,False,True,4.852691193458118,True,4.852691193458118
v3_sc2_staging_00,L4,3,11,label_only,False,0,True,False,False,True,4.852691193458118,True,4.852691193458118
v3_sc2_staging_00,L4,3,11,pose_only,False,0,True,False,False,True,4.852691193458118,True,4.852691193458118
v3_sc2_staging_00,L4,3,11,separate,False,0,True,False,False,True,4.852691193458118,True,4.852691193458118
v3_sc2_staging_00,L4,3,11,joint,False,0,True,False,False,True,4.852691193458118,True,4.852691193458118
v3_sc2_staging_00,L4,3,11,oracle,False,0,True,False,False,True,4.852691193458118,True,4.852691193458118
v3_sc2_staging_00,L4,3,12,uncalibrated,False,0,False,False,False,False,nan,False,8.523401871576773
v3_sc2_staging_00,L4,3,12,label_cell,False,0,False,False,False,False,nan,False,8.523401871576773
v3_sc2_staging_00,L4,3,12,label_only,False,0,False,False,False,False,nan,False,8.523401871576773
v3_sc2_staging_00,L4,3,12,pose_only,False,0,False,False,False,False,nan,False,8.523401871576773
v3_sc2_staging_00,L4,3,12,separate,False,0,False,False,False,False,nan,False,8.523401871576773
v3_sc2_staging_00,L4,3,12,joint,False,0,False,False,False,False,nan,False,8.523401871576773
v3_sc2_staging_00,L4,3,12,oracle,False,0,True,False,False,True,8.523401871576773,True,8.523401871576773
v3_sc2_staging_00,L4,3,13,uncalibrated,False,0,True,False,False,True,3.9414213562373095,True,3.9414213562373095
v3_sc2_staging_00,L4,3,13,label_cell,False,0,True,False,False,True,3.9414213562373095,True,3.9414213562373095
v3_sc2_staging_00,L4,3,13,label_only,False,0,False,False,False,False,nan,False,3.9414213562373095
v3_sc2_staging_00,L4,3,13,pose_only,False,0,True,False,False,True,3.9414213562373095,True,3.9414213562373095
v3_sc2_staging_00,L4,3,13,separate,False,0,False,False,False,False,nan,False,3.9414213562373095
v3_sc2_staging_00,L4,3,13,joint,False,0,False,False,False,False,nan,False,3.9414213562373095
v3_sc2_staging_00,L4,3,13,oracle,False,0,True,False,False,True,3.9414213562373095,True,3.9414213562373095
v3_sc2_staging_00,L4,3,14,uncalibrated,False,0,False,False,False,False,nan,False,7.140559159102158
v3_sc2_staging_00,L4,3,14,label_cell,False,0,False,False,False,False,nan,False,7.140559159102158
v3_sc2_staging_00,L4,3,14,label_only,False,0,False,False,False,False,nan,False,7.140559159102158
v3_sc2_staging_00,L4,3,14,pose_only,False,0,False,False,False,False,nan,False,7.140559159102158
v3_sc2_staging_00,L4,3,14,separate,False,0,False,False,False,False,nan,False,7.140559159102158
v3_sc2_staging_00,L4,3,14,joint,False,0,False,False,False,False,nan,False,7.140559159102158
v3_sc2_staging_00,L4,3,14,oracle,False,0,True,False,False,True,7.140559159102158,True,7.140559159102158
v3_sc2_staging_00,L4,3,15,uncalibrated,False,0,False,False,False,False,nan,False,9.488477631085024
v3_sc2_staging_00,L4,3,15,label_cell,False,0,False,False,False,False,nan,False,9.488477631085024
v3_sc2_staging_00,L4,3,15,label_only,False,0,False,False,False,False,nan,False,9.488477631085024
v3_sc2_staging_00,L4,3,15,pose_only,False,0,False,False,False,False,nan,False,9.488477631085024
v3_sc2_staging_00,L4,3,15,separate,False,0,False,False,False,False,nan,False,9.488477631085024
v3_sc2_staging_00,L4,3,15,joint,False,0,False,False,False,False,nan,False,9.488477631085024
v3_sc2_staging_00,L4,3,15,oracle,False,0,True,False,False,True,9.488477631085024,True,9.488477631085024
v3_sc2_staging_00,L4,3,16,uncalibrated,False,0,False,False,False,False,nan,False,7.259188309203679
v3_sc2_staging_00,L4,3,16,label_cell,False,0,False,False,False,False,nan,False,7.259188309203679
v3_sc2_staging_00,L4,3,16,label_only,False,0,False,False,False,False,nan,False,7.259188309203679
v3_sc2_staging_00,L4,3,16,pose_only,False,0,False,False,False,False,nan,False,7.259188309203679
v3_sc2_staging_00,L4,3,16,separate,False,0,False,False,False,False,nan,False,7.259188309203679
v3_sc2_staging_00,L4,3,16,joint,False,0,False,False,False,False,nan,False,7.259188309203679
v3_sc2_staging_00,L4,3,16,oracle,False,0,True,False,False,True,7.259188309203679,True,7.259188309203679
v3_sc2_staging_00,L4,3,17,uncalibrated,False,0,False,False,False,False,nan,False,8.026955262170048
v3_sc2_staging_00,L4,3,17,label_cell,False,0,False,False,False,False,nan,False,8.026955262170048
v3_sc2_staging_00,L4,3,17,label_only,False,0,False,False,False,False,nan,False,8.026955262170048
v3_sc2_staging_00,L4,3,17,pose_only,False,0,False,False,False,False,nan,False,8.026955262170048
v3_sc2_staging_00,L4,3,17,separate,False,0,False,False,False,False,nan,False,8.026955262170048
v3_sc2_staging_00,L4,3,17,joint,False,0,False,False,False,False,nan,False,8.026955262170048
v3_sc2_staging_00,L4,3,17,oracle,False,0,True,False,False,True,8.026955262170048,True,8.026955262170048
v3_sc2_staging_00,L4,3,18,uncalibrated,False,0,False,False,False,False,nan,False,4.355634918610405
v3_sc2_staging_00,L4,3,18,label_cell,False,0,False,False,False,False,nan,False,4.355634918610405
v3_sc2_staging_00,L4,3,18,label_only,False,0,False,False,False,False,nan,False,4.355634918610405
v3_sc2_staging_00,L4,3,18,pose_only,False,0,False,False,False,False,nan,False,4.355634918610405
v3_sc2_staging_00,L4,3,18,separate,False,0,False,False,False,False,nan,False,4.355634918610405
v3_sc2_staging_00,L4,3,18,joint,False,0,False,False,False,False,nan,False,4.355634918610405
v3_sc2_staging_00,L4,3,18,oracle,False,0,True,False,False,True,4.355634918610405,True,4.355634918610405
v3_sc2_staging_00,L4,3,19,uncalibrated,False,0,False,False,False,False,nan,False,5.454163056034261
v3_sc2_staging_00,L4,3,19,label_cell,False,0,False,False,False,False,nan,False,5.454163056034261
v3_sc2_staging_00,L4,3,19,label_only,False,0,False,False,False,False,nan,False,5.454163056034261
v3_sc2_staging_00,L4,3,19,pose_only,False,0,False,False,False,False,nan,False,5.454163056034261
v3_sc2_staging_00,L4,3,19,separate,False,0,False,False,False,False,nan,False,5.454163056034261
v3_sc2_staging_00,L4,3,19,joint,False,0,False,False,False,False,nan,False,5.454163056034261
v3_sc2_staging_00,L4,3,19,oracle,False,0,True,False,False,True,5.454163056034261,True,5.454163056034261
v3_sc2_staging_00,L4,4,0,uncalibrated,False,0,False,False,False,False,nan,False,7.131370849898477
v3_sc2_staging_00,L4,4,0,label_cell,False,0,False,False,False,False,nan,False,7.131370849898477
v3_sc2_staging_00,L4,4,0,label_only,False,0,False,False,False,False,nan,False,7.131370849898477
v3_sc2_staging_00,L4,4,0,pose_only,False,0,False,False,False,False,nan,False,7.131370849898477
v3_sc2_staging_00,L4,4,0,separate,False,0,False,False,False,False,nan,False,7.131370849898477
v3_sc2_staging_00,L4,4,0,joint,False,0,False,False,False,False,nan,False,7.131370849898477
v3_sc2_staging_00,L4,4,0,oracle,False,0,True,False,False,True,7.131370849898477,True,7.131370849898477
v3_sc2_staging_00,L4,4,1,uncalibrated,False,0,False,False,False,False,nan,False,8.409797974644666
v3_sc2_staging_00,L4,4,1,label_cell,False,0,False,False,False,False,nan,False,8.409797974644666
v3_sc2_staging_00,L4,4,1,label_only,False,0,False,False,False,False,nan,False,8.409797974644666
v3_sc2_staging_00,L4,4,1,pose_only,False,0,False,False,False,False,nan,False,8.409797974644666
v3_sc2_staging_00,L4,4,1,separate,False,0,False,False,False,False,nan,False,8.409797974644666
v3_sc2_staging_00,L4,4,1,joint,False,0,False,False,False,False,nan,False,8.409797974644666
v3_sc2_staging_00,L4,4,1,oracle,False,0,True,False,False,True,8.409797974644666,True,8.409797974644666
v3_sc2_staging_00,L4,4,2,uncalibrated,False,0,True,False,False,True,4.149137802864845,True,4.149137802864845
v3_sc2_staging_00,L4,4,2,label_cell,False,0,False,False,False,False,nan,False,4.149137802864845
v3_sc2_staging_00,L4,4,2,label_only,False,0,True,False,False,True,4.149137802864845,True,4.149137802864845
v3_sc2_staging_00,L4,4,2,pose_only,False,0,True,False,False,True,4.149137802864845,True,4.149137802864845
v3_sc2_staging_00,L4,4,2,separate,False,0,True,False,False,True,4.149137802864845,True,4.149137802864845
v3_sc2_staging_00,L4,4,2,joint,False,0,True,False,False,True,4.149137802864845,True,4.149137802864845
v3_sc2_staging_00,L4,4,2,oracle,False,0,True,False,False,True,4.149137802864845,True,4.149137802864845
v3_sc2_staging_00,L4,4,3,uncalibrated,False,0,False,False,False,False,nan,False,3.4520815280171306
v3_sc2_staging_00,L4,4,3,label_cell,False,0,False,False,False,False,nan,False,3.4520815280171306
v3_sc2_staging_00,L4,4,3,label_only,False,0,False,False,False,False,nan,False,3.4520815280171306
v3_sc2_staging_00,L4,4,3,pose_only,False,0,False,False,False,False,nan,False,3.4520815280171306
v3_sc2_staging_00,L4,4,3,separate,False,0,False,False,False,False,nan,False,3.4520815280171306
v3_sc2_staging_00,L4,4,3,joint,False,0,False,False,False,False,nan,False,3.4520815280171306
v3_sc2_staging_00,L4,4,3,oracle,False,0,True,False,False,True,3.4520815280171306,True,3.4520815280171306
v3_sc2_staging_00,L4,4,4,uncalibrated,False,0,False,False,False,False,nan,False,5.800609665440989
v3_sc2_staging_00,L4,4,4,label_cell,False,0,False,False,False,False,nan,False,5.800609665440989
v3_sc2_staging_00,L4,4,4,label_only,False,0,False,False,False,False,nan,False,5.800609665440989
v3_sc2_staging_00,L4,4,4,pose_only,False,0,False,False,False,False,nan,False,5.800609665440989
v3_sc2_staging_00,L4,4,4,separate,False,0,False,False,False,False,nan,False,5.800609665440989
v3_sc2_staging_00,L4,4,4,joint,False,0,False,False,False,False,nan,False,5.800609665440989
v3_sc2_staging_00,L4,4,4,oracle,False,0,True,False,False,True,5.800609665440989,True,5.800609665440989
v3_sc2_staging_00,L4,4,5,uncalibrated,False,0,True,False,False,True,4.3227922061357855,True,4.3227922061357855
v3_sc2_staging_00,L4,4,5,label_cell,False,0,True,False,False,True,4.3520815280171306,True,4.3227922061357855
v3_sc2_staging_00,L4,4,5,label_only,False,0,True,False,False,True,4.3227922061357855,True,4.3227922061357855
v3_sc2_staging_00,L4,4,5,pose_only,False,0,True,False,False,True,4.3227922061357855,True,4.3227922061357855
v3_sc2_staging_00,L4,4,5,separate,False,0,True,False,False,True,4.3227922061357855,True,4.3227922061357855
v3_sc2_staging_00,L4,4,5,joint,False,0,True,False,False,True,4.3227922061357855,True,4.3227922061357855
v3_sc2_staging_00,L4,4,5,oracle,False,0,True,False,False,True,4.3227922061357855,True,4.3227922061357855
v3_sc2_staging_00,L4,4,6,uncalibrated,False,0,False,False,False,False,nan,False,7.223401871576776
v3_sc2_staging_00,L4,4,6,label_cell,False,0,False,False,False,False,nan,False,7.223401871576776
v3_sc2_staging_00,L4,4,6,label_only,False,0,False,False,False,False,nan,False,7.223401871576776
v3_sc2_staging_00,L4,4,6,pose_only,False,0,False,False,False,False,nan,False,7.223401871576776
v3_sc2_staging_00,L4,4,6,separate,False,0,False,False,False,False,nan,False,7.223401871576776
v3_sc2_staging_00,L4,4,6,joint,False,0,False,False,False,False,nan,False,7.223401871576776
v3_sc2_staging_00,L4,4,6,oracle,False,0,True,False,False,True,7.223401871576776,True,7.223401871576776
v3_sc2_staging_00,L4,4,7,uncalibrated,False,0,False,False,False,False,nan,False,7.559797974644667
v3_sc2_staging_00,L4,4,7,label_cell,False,0,False,False,False,False,nan,False,7.559797974644667
v3_sc2_staging_00,L4,4,7,label_only,False,0,False,False,False,False,nan,False,7.559797974644667
v3_sc2_staging_00,L4,4,7,pose_only,False,0,False,False,False,False,nan,False,7.559797974644667
v3_sc2_staging_00,L4,4,7,separate,False,0,False,False,False,False,nan,False,7.559797974644667
v3_sc2_staging_00,L4,4,7,joint,False,0,False,False,False,False,nan,False,7.559797974644667
v3_sc2_staging_00,L4,4,7,oracle,False,0,True,False,False,True,7.559797974644667,True,7.559797974644667
v3_sc2_staging_00,L4,4,8,uncalibrated,False,0,False,False,False,False,nan,False,3.0284271247461896
v3_sc2_staging_00,L4,4,8,label_cell,False,0,False,False,False,False,nan,False,3.0284271247461896
v3_sc2_staging_00,L4,4,8,label_only,False,0,False,False,False,False,nan,False,3.0284271247461896
v3_sc2_staging_00,L4,4,8,pose_only,False,0,False,False,False,False,nan,False,3.0284271247461896
v3_sc2_staging_00,L4,4,8,separate,False,0,False,False,False,False,nan,False,3.0284271247461896
v3_sc2_staging_00,L4,4,8,joint,False,0,False,False,False,False,nan,False,3.0284271247461896
v3_sc2_staging_00,L4,4,8,oracle,False,0,True,False,False,True,3.0284271247461896,True,3.0284271247461896
v3_sc2_staging_00,L4,4,9,uncalibrated,False,0,False,False,False,False,nan,False,8.562741699796952
v3_sc2_staging_00,L4,4,9,label_cell,False,0,False,False,False,False,nan,False,8.562741699796952
v3_sc2_staging_00,L4,4,9,label_only,False,0,False,False,False,False,nan,False,8.562741699796952
v3_sc2_staging_00,L4,4,9,pose_only,False,0,False,False,False,False,nan,False,8.562741699796952
v3_sc2_staging_00,L4,4,9,separate,False,0,False,False,False,False,nan,False,8.562741699796952
v3_sc2_staging_00,L4,4,9,joint,False,0,False,False,False,False,nan,False,8.562741699796952
v3_sc2_staging_00,L4,4,9,oracle,False,0,True,False,False,True,8.562741699796952,True,8.562741699796952
v3_sc2_staging_00,L4,4,10,uncalibrated,False,0,True,False,False,True,3.1656854249492383,True,3.1656854249492383
v3_sc2_staging_00,L4,4,10,label_cell,False,0,True,False,False,True,3.1656854249492383,True,3.1656854249492383
v3_sc2_staging_00,L4,4,10,label_only,False,0,True,False,False,True,3.1656854249492383,True,3.1656854249492383
v3_sc2_staging_00,L4,4,10,pose_only,False,0,True,False,False,True,3.1656854249492383,True,3.1656854249492383
v3_sc2_staging_00,L4,4,10,separate,False,0,True,False,False,True,3.1656854249492383,True,3.1656854249492383
v3_sc2_staging_00,L4,4,10,joint,False,0,True,False,False,True,3.1656854249492383,True,3.1656854249492383
v3_sc2_staging_00,L4,4,10,oracle,False,0,True,False,False,True,3.1656854249492383,True,3.1656854249492383
v3_sc2_staging_00,L4,4,11,uncalibrated,False,0,False,False,False,False,nan,False,4.962741699796951
v3_sc2_staging_00,L4,4,11,label_cell,False,0,False,False,False,False,nan,False,4.962741699796951
v3_sc2_staging_00,L4,4,11,label_only,False,0,False,False,False,False,nan,False,4.962741699796951
v3_sc2_staging_00,L4,4,11,pose_only,False,0,False,False,False,False,nan,False,4.962741699796951
v3_sc2_staging_00,L4,4,11,separate,False,0,False,False,False,False,nan,False,4.962741699796951
v3_sc2_staging_00,L4,4,11,joint,False,0,False,False,False,False,nan,False,4.962741699796951
v3_sc2_staging_00,L4,4,11,oracle,False,0,True,False,False,True,4.962741699796951,True,4.962741699796951
v3_sc2_staging_00,L4,4,12,uncalibrated,False,0,False,False,False,False,nan,False,8.545584412271571
v3_sc2_staging_00,L4,4,12,label_cell,False,0,False,False,False,False,nan,False,8.545584412271571
v3_sc2_staging_00,L4,4,12,label_only,False,0,False,False,False,False,nan,False,8.545584412271571
v3_sc2_staging_00,L4,4,12,pose_only,False,0,False,False,False,False,nan,False,8.545584412271571
v3_sc2_staging_00,L4,4,12,separate,False,0,False,False,False,False,nan,False,8.545584412271571
v3_sc2_staging_00,L4,4,12,joint,False,0,False,False,False,False,nan,False,8.545584412271571
v3_sc2_staging_00,L4,4,12,oracle,False,0,True,False,False,True,8.545584412271571,True,8.545584412271571
v3_sc2_staging_00,L4,4,13,uncalibrated,False,0,True,False,False,True,4.024264068711928,True,4.024264068711928
v3_sc2_staging_00,L4,4,13,label_cell,False,0,True,False,False,True,4.024264068711928,True,4.024264068711928
v3_sc2_staging_00,L4,4,13,label_only,False,0,True,False,False,True,4.024264068711928,True,4.024264068711928
v3_sc2_staging_00,L4,4,13,pose_only,False,0,True,False,False,True,4.024264068711928,True,4.024264068711928
v3_sc2_staging_00,L4,4,13,separate,False,0,False,False,False,False,nan,False,4.024264068711928
v3_sc2_staging_00,L4,4,13,joint,False,0,True,False,False,True,4.024264068711928,True,4.024264068711928
v3_sc2_staging_00,L4,4,13,oracle,False,0,True,False,False,True,4.024264068711928,True,4.024264068711928
v3_sc2_staging_00,L4,4,14,uncalibrated,False,0,False,False,False,False,nan,False,7.100609665440988
v3_sc2_staging_00,L4,4,14,label_cell,False,0,False,False,False,False,nan,False,7.100609665440988
v3_sc2_staging_00,L4,4,14,label_only,False,0,False,False,False,False,nan,False,7.100609665440988
v3_sc2_staging_00,L4,4,14,pose_only,False,0,False,False,False,False,nan,False,7.100609665440988
v3_sc2_staging_00,L4,4,14,separate,False,0,False,False,False,False,nan,False,7.100609665440988
v3_sc2_staging_00,L4,4,14,joint,False,0,False,False,False,False,nan,False,7.100609665440988
v3_sc2_staging_00,L4,4,14,oracle,False,0,True,False,False,True,7.100609665440988,True,7.100609665440988
v3_sc2_staging_00,L4,4,15,uncalibrated,False,0,False,False,False,False,nan,False,9.789087296526011
v3_sc2_staging_00,L4,4,15,label_cell,False,0,False,False,False,False,nan,False,9.789087296526011
v3_sc2_staging_00,L4,4,15,label_only,False,0,False,False,False,False,nan,False,9.789087296526011
v3_sc2_staging_00,L4,4,15,pose_only,False,0,False,False,False,False,nan,False,9.789087296526011
v3_sc2_staging_00,L4,4,15,separate,False,0,False,False,False,False,nan,False,9.789087296526011
v3_sc2_staging_00,L4,4,15,joint,False,0,False,False,False,False,nan,False,9.789087296526011
v3_sc2_staging_00,L4,4,15,oracle,False,0,True,False,False,True,9.789087296526011,True,9.789087296526011
v3_sc2_staging_00,L4,4,16,uncalibrated,False,0,False,False,False,False,nan,False,7.35269119345812
v3_sc2_staging_00,L4,4,16,label_cell,False,0,False,False,False,False,nan,False,7.35269119345812
v3_sc2_staging_00,L4,4,16,label_only,False,0,False,False,False,False,nan,False,7.35269119345812
v3_sc2_staging_00,L4,4,16,pose_only,False,0,False,False,False,False,nan,False,7.35269119345812
v3_sc2_staging_00,L4,4,16,separate,False,0,False,False,False,False,nan,False,7.35269119345812
v3_sc2_staging_00,L4,4,16,joint,False,0,False,False,False,False,nan,False,7.35269119345812
v3_sc2_staging_00,L4,4,16,oracle,False,0,True,False,False,True,7.35269119345812,True,7.35269119345812
v3_sc2_staging_00,L4,4,17,uncalibrated,False,0,False,False,False,False,nan,False,8.097665940288701
v3_sc2_staging_00,L4,4,17,label_cell,False,0,False,False,False,False,nan,False,8.097665940288701
v3_sc2_staging_00,L4,4,17,label_only,False,0,False,False,False,False,nan,False,8.097665940288701
v3_sc2_staging_00,L4,4,17,pose_only,False,0,False,False,False,False,nan,False,8.097665940288701
v3_sc2_staging_00,L4,4,17,separate,False,0,False,False,False,False,nan,False,8.097665940288701
v3_sc2_staging_00,L4,4,17,joint,False,0,False,False,False,False,nan,False,8.097665940288701
v3_sc2_staging_00,L4,4,17,oracle,False,0,True,False,False,True,8.097665940288701,True,8.097665940288701
v3_sc2_staging_00,L4,4,18,uncalibrated,False,0,False,False,False,False,nan,False,4.379898987322334
v3_sc2_staging_00,L4,4,18,label_cell,False,0,False,False,False,False,nan,False,4.379898987322334
v3_sc2_staging_00,L4,4,18,label_only,False,0,False,False,False,False,nan,False,4.379898987322334
v3_sc2_staging_00,L4,4,18,pose_only,False,0,False,False,False,False,nan,False,4.379898987322334
v3_sc2_staging_00,L4,4,18,separate,False,0,False,False,False,False,nan,False,4.379898987322334
v3_sc2_staging_00,L4,4,18,joint,False,0,False,False,False,False,nan,False,4.379898987322334
v3_sc2_staging_00,L4,4,18,oracle,False,0,True,False,False,True,4.379898987322334,True,4.379898987322334
v3_sc2_staging_00,L4,4,19,uncalibrated,False,0,False,False,False,False,nan,False,5.337005768508881
v3_sc2_staging_00,L4,4,19,label_cell,False,0,False,False,False,False,nan,False,5.337005768508881
v3_sc2_staging_00,L4,4,19,label_only,False,0,False,False,False,False,nan,False,5.337005768508881
v3_sc2_staging_00,L4,4,19,pose_only,False,0,False,False,False,False,nan,False,5.337005768508881
v3_sc2_staging_00,L4,4,19,separate,False,0,False,False,False,False,nan,False,5.337005768508881
v3_sc2_staging_00,L4,4,19,joint,False,0,False,False,False,False,nan,False,5.337005768508881
v3_sc2_staging_00,L4,4,19,oracle,False,0,True,False,False,True,5.337005768508881,True,5.337005768508881
v3_sc2_staging_00,L5,0,0,uncalibrated,False,0,False,False,False,False,nan,False,7.390559159102153
v3_sc2_staging_00,L5,0,0,label_cell,False,0,False,False,False,False,nan,False,7.390559159102153
v3_sc2_staging_00,L5,0,0,label_only,False,0,False,False,False,False,nan,False,7.390559159102153
v3_sc2_staging_00,L5,0,0,pose_only,True,1,False,False,False,False,nan,False,7.390559159102153
v3_sc2_staging_00,L5,0,0,separate,True,1,False,False,False,False,nan,False,7.390559159102153
v3_sc2_staging_00,L5,0,0,joint,True,2,False,False,False,False,nan,False,7.390559159102153
v3_sc2_staging_00,L5,0,0,oracle,False,0,True,False,False,True,7.390559159102153,True,7.390559159102153
v3_sc2_staging_00,L5,0,1,uncalibrated,False,0,False,False,False,False,nan,False,8.179898987322336
v3_sc2_staging_00,L5,0,1,label_cell,False,0,False,False,False,False,nan,False,8.179898987322336
v3_sc2_staging_00,L5,0,1,label_only,False,0,False,False,False,False,nan,False,8.179898987322336
v3_sc2_staging_00,L5,0,1,pose_only,True,1,False,False,False,False,nan,False,8.179898987322336
v3_sc2_staging_00,L5,0,1,separate,True,1,False,False,False,False,nan,False,8.179898987322336
v3_sc2_staging_00,L5,0,1,joint,True,2,False,False,False,False,nan,False,8.179898987322336
v3_sc2_staging_00,L5,0,1,oracle,False,0,True,False,False,True,8.179898987322336,True,8.179898987322336
v3_sc2_staging_00,L5,0,2,uncalibrated,False,0,False,False,False,False,nan,False,4.006244584051393
v3_sc2_staging_00,L5,0,2,label_cell,False,0,False,False,False,False,nan,False,4.006244584051393
v3_sc2_staging_00,L5,0,2,label_only,False,0,False,False,False,False,nan,False,4.006244584051393
v3_sc2_staging_00,L5,0,2,pose_only,True,1,False,False,False,False,nan,False,4.006244584051393
v3_sc2_staging_00,L5,0,2,separate,True,1,False,False,False,False,nan,False,4.006244584051393
v3_sc2_staging_00,L5,0,2,joint,True,2,False,False,False,False,nan,False,4.006244584051393
v3_sc2_staging_00,L5,0,2,oracle,False,0,True,False,False,True,4.006244584051393,True,4.006244584051393
v3_sc2_staging_00,L5,0,3,uncalibrated,False,0,False,False,False,False,nan,False,3.2
v3_sc2_staging_00,L5,0,3,label_cell,False,0,False,False,False,False,nan,False,3.2
v3_sc2_staging_00,L5,0,3,label_only,False,0,False,False,False,False,nan,False,3.2
v3_sc2_staging_00,L5,0,3,pose_only,True,1,False,False,False,False,nan,False,3.2
v3_sc2_staging_00,L5,0,3,separate,True,1,False,False,False,False,nan,False,3.2
v3_sc2_staging_00,L5,0,3,joint,True,2,False,False,False,False,nan,False,3.2
v3_sc2_staging_00,L5,0,3,oracle,False,0,True,False,False,True,3.2,True,3.2
v3_sc2_staging_00,L5,0,5,uncalibrated,False,0,False,False,False,False,nan,False,4.162132034355964
v3_sc2_staging_00,L5,0,5,label_cell,False,0,False,False,False,False,nan,False,4.162132034355964
v3_sc2_staging_00,L5,0,5,label_only,False,0,False,False,False,False,nan,False,4.162132034355964
v3_sc2_staging_00,L5,0,5,pose_only,True,1,False,False,False,False,nan,False,4.162132034355964
v3_sc2_staging_00,L5,0,5,separate,True,1,False,False,False,False,nan,False,4.162132034355964
v3_sc2_staging_00,L5,0,5,joint,True,2,False,False,False,False,nan,False,4.162132034355964
v3_sc2_staging_00,L5,0,5,oracle,False,0,True,False,False,True,4.162132034355964,True,4.162132034355964
v3_sc2_staging_00,L5,0,7,uncalibrated,False,0,False,False,False,False,nan,False,7.4556349186104045
v3_sc2_staging_00,L5,0,7,label_cell,False,0,False,False,False,False,nan,False,7.4556349186104045
v3_sc2_staging_00,L5,0,7,label_only,False,0,False,False,False,False,nan,False,7.4556349186104045
v3_sc2_staging_00,L5,0,7,pose_only,True,1,False,False,False,False,nan,False,7.4556349186104045
v3_sc2_staging_00,L5,0,7,separate,True,1,False,False,False,False,nan,False,7.4556349186104045
v3_sc2_staging_00,L5,0,7,joint,True,2,False,False,False,False,nan,False,7.4556349186104045
v3_sc2_staging_00,L5,0,7,oracle,False,0,True,False,False,True,7.4556349186104045,True,7.4556349186104045
v3_sc2_staging_00,L5,0,8,uncalibrated,False,0,False,False,False,False,nan,False,3.150609665440988
v3_sc2_staging_00,L5,0,8,label_cell,False,0,False,False,False,False,nan,False,3.150609665440988
v3_sc2_staging_00,L5,0,8,label_only,False,0,False,False,False,False,nan,False,3.150609665440988
v3_sc2_staging_00,L5,0,8,pose_only,True,1,False,False,False,False,nan,False,3.150609665440988
v3_sc2_staging_00,L5,0,8,separate,True,1,False,False,False,False,nan,False,3.150609665440988
v3_sc2_staging_00,L5,0,8,joint,True,2,False,False,False,False,nan,False,3.150609665440988
v3_sc2_staging_00,L5,0,8,oracle,False,0,True,False,False,True,3.150609665440988,True,3.150609665440988
v3_sc2_staging_00,L5,0,9,uncalibrated,False,0,False,False,False,False,nan,False,8.699747468305834
v3_sc2_staging_00,L5,0,9,label_cell,False,0,False,False,False,False,nan,False,8.699747468305834
v3_sc2_staging_00,L5,0,9,label_only,False,0,False,False,False,False,nan,False,8.699747468305834
v3_sc2_staging_00,L5,0,9,pose_only,True,1,False,False,False,False,nan,False,8.699747468305834
v3_sc2_staging_00,L5,0,9,separate,True,1,False,False,False,False,nan,False,8.699747468305834
v3_sc2_staging_00,L5,0,9,joint,True,2,False,False,False,False,nan,False,8.699747468305834
v3_sc2_staging_00,L5,0,9,oracle,False,0,True,False,False,True,8.699747468305834,True,8.699747468305834
v3_sc2_staging_00,L5,0,10,uncalibrated,False,0,False,False,False,False,nan,False,3.144974746830583
v3_sc2_staging_00,L5,0,10,label_cell,False,0,False,False,False,False,nan,False,3.144974746830583
v3_sc2_staging_00,L5,0,10,label_only,False,0,False,False,False,False,nan,False,3.144974746830583
v3_sc2_staging_00,L5,0,10,pose_only,True,1,False,False,False,False,nan,False,3.144974746830583
v3_sc2_staging_00,L5,0,10,separate,True,1,False,False,False,False,nan,False,3.144974746830583
v3_sc2_staging_00,L5,0,10,joint,True,2,False,False,False,False,nan,False,3.144974746830583
v3_sc2_staging_00,L5,0,10,oracle,False,0,True,False,False,True,3.144974746830583,True,3.144974746830583
v3_sc2_staging_00,L5,0,11,uncalibrated,False,0,False,False,False,False,nan,False,4.701219330881975
v3_sc2_staging_00,L5,0,11,label_cell,False,0,False,False,False,False,nan,False,4.701219330881975
v3_sc2_staging_00,L5,0,11,label_only,False,0,False,False,False,False,nan,False,4.701219330881975
v3_sc2_staging_00,L5,0,11,pose_only,True,1,False,False,False,False,nan,False,4.701219330881975
v3_sc2_staging_00,L5,0,11,separate,True,1,False,False,False,False,nan,False,4.701219330881975
v3_sc2_staging_00,L5,0,11,joint,True,2,False,False,False,False,nan,False,4.701219330881975
v3_sc2_staging_00,L5,0,11,oracle,False,0,True,False,False,True,4.701219330881975,True,4.701219330881975
v3_sc2_staging_00,L5,0,12,uncalibrated,False,0,False,False,False,False,nan,False,8.54619407771256
v3_sc2_staging_00,L5,0,12,label_cell,False,0,False,False,False,False,nan,False,8.54619407771256
v3_sc2_staging_00,L5,0,12,label_only,False,0,False,False,False,False,nan,False,8.54619407771256
v3_sc2_staging_00,L5,0,12,pose_only,True,1,False,False,False,False,nan,False,8.54619407771256
v3_sc2_staging_00,L5,0,12,separate,True,1,False,False,False,False,nan,False,8.54619407771256
v3_sc2_staging_00,L5,0,12,joint,True,2,False,False,False,False,nan,False,8.54619407771256
v3_sc2_staging_00,L5,0,12,oracle,False,0,True,False,False,True,8.54619407771256,True,8.54619407771256
v3_sc2_staging_00,L5,0,13,uncalibrated,False,0,False,False,False,False,nan,False,4.110660171779822
v3_sc2_staging_00,L5,0,13,label_cell,False,0,False,False,False,False,nan,False,4.110660171779822
v3_sc2_staging_00,L5,0,13,label_only,False,0,False,False,False,False,nan,False,4.110660171779822
v3_sc2_staging_00,L5,0,13,pose_only,True,1,False,False,False,False,nan,False,4.110660171779822
v3_sc2_staging_00,L5,0,13,separate,True,1,False,False,False,False,nan,False,4.110660171779822
v3_sc2_staging_00,L5,0,13,joint,True,2,False,False,False,False,nan,False,4.110660171779822
v3_sc2_staging_00,L5,0,13,oracle,False,0,True,False,False,True,4.110660171779822,True,4.110660171779822
v3_sc2_staging_00,L5,0,14,uncalibrated,False,0,False,False,False,False,nan,False,7.151219330881981
v3_sc2_staging_00,L5,0,14,label_cell,False,0,False,False,False,False,nan,False,7.151219330881981
v3_sc2_staging_00,L5,0,14,label_only,False,0,False,False,False,False,nan,False,7.151219330881981
v3_sc2_staging_00,L5,0,14,pose_only,True,1,False,False,False,False,nan,False,7.151219330881981
v3_sc2_staging_00,L5,0,14,separate,True,1,False,False,False,False,nan,False,7.151219330881981
v3_sc2_staging_00,L5,0,14,joint,True,2,False,False,False,False,nan,False,7.151219330881981
v3_sc2_staging_00,L5,0,14,oracle,False,0,True,False,False,True,7.151219330881981,True,7.151219330881981
v3_sc2_staging_00,L5,0,15,uncalibrated,False,0,False,False,False,False,nan,False,9.289949493661167
v3_sc2_staging_00,L5,0,15,label_cell,False,0,False,False,False,False,nan,False,9.289949493661167
v3_sc2_staging_00,L5,0,15,label_only,False,0,False,False,False,False,nan,False,9.289949493661167
v3_sc2_staging_00,L5,0,15,pose_only,True,1,False,False,False,False,nan,False,9.289949493661167
v3_sc2_staging_00,L5,0,15,separate,True,1,False,False,False,False,nan,False,9.289949493661167
v3_sc2_staging_00,L5,0,15,joint,True,2,False,False,False,False,nan,False,9.289949493661167
v3_sc2_staging_00,L5,0,15,oracle,False,0,True,False,False,True,9.289949493661167,True,9.289949493661167
v3_sc2_staging_00,L5,0,16,uncalibrated,False,0,False,False,False,False,nan,False,7.409188309203678
v3_sc2_staging_00,L5,0,16,label_cell,False,0,False,False,False,False,nan,False,7.409188309203678
v3_sc2_staging_00,L5,0,16,label_only,False,0,False,False,False,False,nan,False,7.409188309203678
v3_sc2_staging_00,L5,0,16,pose_only,True,1,False,False,False,False,nan,False,7.409188309203678
v3_sc2_staging_00,L5,0,16,separate,True,1,False,False,False,False,nan,False,7.409188309203678
v3_sc2_staging_00,L5,0,16,joint,True,2,False,False,False,False,nan,False,7.409188309203678
v3_sc2_staging_00,L5,0,16,oracle,False,0,True,False,False,True,7.409188309203678,True,7.409188309203678
v3_sc2_staging_00,L5,1,0,uncalibrated,False,0,False,False,False,False,nan,False,7.4198484809835
v3_sc2_staging_00,L5,1,0,label_cell,False,0,False,False,False,False,nan,False,7.4198484809835
v3_sc2_staging_00,L5,1,0,label_only,False,0,False,False,False,False,nan,False,7.4198484809835
v3_sc2_staging_00,L5,1,0,pose_only,True,1,False,False,False,False,nan,False,7.4198484809835
v3_sc2_staging_00,L5,1,0,separate,True,1,False,False,False,False,nan,False,7.4198484809835
v3_sc2_staging_00,L5,1,0,joint,True,2,False,False,False,False,nan,False,7.4198484809835
v3_sc2_staging_00,L5,1,0,oracle,False,0,True,False,False,True,7.4198484809835,True,7.4198484809835
v3_sc2_staging_00,L5,1,1,uncalibrated,False,0,False,False,False,False,nan,False,8.129898987322333
v3_sc2_staging_00,L5,1,1,label_cell,False,0,False,False,False,False,nan,False,8.129898987322333
v3_sc2_staging_00,L5,1,1,label_only,False,0,False,False,False,False,nan,False,8.129898987322333
v3_sc2_staging_00,L5,1,1,pose_only,True,1,False,False,False,False,nan,False,8.129898987322333
v3_sc2_staging_00,L5,1,1,separate,True,1,False,False,False,False,nan,False,8.129898987322333
v3_sc2_staging_00,L5,1,1,joint,True,2,False,False,False,False,nan,False,8.129898987322333
v3_sc2_staging_00,L5,1,1,oracle,False,0,True,False,False,True,8.129898987322333,True,8.129898987322333
v3_sc2_staging_00,L5,1,2,uncalibrated,False,0,False,False,False,False,nan,False,3.926955262170048
v3_sc2_staging_00,L5,1,2,label_cell,False,0,False,False,False,False,nan,False,3.926955262170048
v3_sc2_staging_00,L5,1,2,label_only,False,0,False,False,False,False,nan,False,3.926955262170048
v3_sc2_staging_00,L5,1,2,pose_only,True,1,False,False,False,False,nan,False,3.926955262170048
v3_sc2_staging_00,L5,1,2,separate,True,1,False,False,False,False,nan,False,3.926955262170048
v3_sc2_staging_00,L5,1,2,joint,True,2,False,False,False,False,nan,False,3.926955262170048
v3_sc2_staging_00,L5,1,2,oracle,False,0,True,False,False,True,3.926955262170048,True,3.926955262170048
v3_sc2_staging_00,L5,1,3,uncalibrated,False,0,False,False,False,False,nan,False,3.2
v3_sc2_staging_00,L5,1,3,label_cell,False,0,False,False,False,False,nan,False,3.2
v3_sc2_staging_00,L5,1,3,label_only,False,0,False,False,False,False,nan,False,3.2
v3_sc2_staging_00,L5,1,3,pose_only,True,1,False,False,False,False,nan,False,3.2
v3_sc2_staging_00,L5,1,3,separate,True,1,False,False,False,False,nan,False,3.2
v3_sc2_staging_00,L5,1,3,joint,True,2,False,False,False,False,nan,False,3.2
v3_sc2_staging_00,L5,1,3,oracle,False,0,True,False,False,True,3.2,True,3.2
v3_sc2_staging_00,L5,1,4,uncalibrated,False,0,False,False,False,False,nan,False,5.7506096654409875
v3_sc2_staging_00,L5,1,4,label_cell,False,0,False,False,False,False,nan,False,5.7506096654409875
v3_sc2_staging_00,L5,1,4,label_only,False,0,False,False,False,False,nan,False,5.7506096654409875
v3_sc2_staging_00,L5,1,4,pose_only,True,1,False,False,False,False,nan,False,5.7506096654409875
v3_sc2_staging_00,L5,1,4,separate,True,1,False,False,False,False,nan,False,5.7506096654409875
v3_sc2_staging_00,L5,1,4,joint,True,2,False,False,False,False,nan,False,5.7506096654409875
v3_sc2_staging_00,L5,1,4,oracle,False,0,True,False,False,True,5.7506096654409875,True,5.7506096654409875
v3_sc2_staging_00,L5,1,5,uncalibrated,False,0,False,False,False,False,nan,False,4.091421356237309
v3_sc2_staging_00,L5,1,5,label_cell,False,0,False,False,False,False,nan,False,4.091421356237309
v3_sc2_staging_00,L5,1,5,label_only,False,0,False,False,False,False,nan,False,4.091421356237309
v3_sc2_staging_00,L5,1,5,pose_only,True,1,False,False,False,False,nan,False,4.091421356237309
v3_sc2_staging_00,L5,1,5,separate,True,1,False,False,False,False,nan,False,4.091421356237309
v3_sc2_staging_00,L5,1,5,joint,True,2,False,False,False,False,nan,False,4.091421356237309
v3_sc2_staging_00,L5,1,5,oracle,False,0,True,False,False,True,4.091421356237309,True,4.091421356237309
v3_sc2_staging_00,L5,1,6,uncalibrated,False,0,False,False,False,False,nan,False,7.026955262170052
v3_sc2_staging_00,L5,1,6,label_cell,False,0,False,False,False,False,nan,False,7.026955262170052
v3_sc2_staging_00,L5,1,6,label_only,False,0,False,False,False,False,nan,False,7.026955262170052
v3_sc2_staging_00,L5,1,6,pose_only,True,1,False,False,False,False,nan,False,7.026955262170052
v3_sc2_staging_00,L5,1,6,separate,True,1,False,False,False,False,nan,False,7.026955262170052
v3_sc2_staging_00,L5,1,6,joint,True,2,False,False,False,False,nan,False,7.026955262170052
v3_sc2_staging_00,L5,1,6,oracle,False,0,True,False,False,True,7.026955262170052,True,7.026955262170052
v3_sc2_staging_00,L5,1,7,uncalibrated,False,0,False,False,False,False,nan,False,7.4556349186104045
v3_sc2_staging_00,L5,1,7,label_cell,False,0,False,False,False,False,nan,False,7.4556349186104045
v3_sc2_staging_00,L5,1,7,label_only,False,0,False,False,False,False,nan,False,7.4556349186104045
v3_sc2_staging_00,L5,1,7,pose_only,True,1,False,False,False,False,nan,False,7.4556349186104045
v3_sc2_staging_00,L5,1,7,separate,True,1,False,False,False,False,nan,False,7.4556349186104045
v3_sc2_staging_00,L5,1,7,joint,True,2,False,False,False,False,nan,False,7.4556349186104045
v3_sc2_staging_00,L5,1,7,oracle,False,0,True,False,False,True,7.4556349186104045,True,7.4556349186104045
v3_sc2_staging_00,L5,1,8,uncalibrated,False,0,False,False,False,False,nan,False,3.121320343559643
v3_sc2_staging_00,L5,1,8,label_cell,False,0,False,False,False,False,nan,False,3.121320343559643
v3_sc2_staging_00,L5,1,8,label_only,False,0,False,False,False,False,nan,False,3.121320343559643
v3_sc2_staging_00,L5,1,8,pose_only,True,1,False,False,False,False,nan,False,3.121320343559643
v3_sc2_staging_00,L5,1,8,separate,True,1,False,False,False,False,nan,False,3.121320343559643
v3_sc2_staging_00,L5,1,8,joint,True,2,False,False,False,False,nan,False,3.121320343559643
v3_sc2_staging_00,L5,1,8,oracle,False,0,True,False,False,True,3.121320343559643,True,3.121320343559643
v3_sc2_staging_00,L5,1,9,uncalibrated,False,0,False,False,False,False,nan,False,8.679036790187178
v3_sc2_staging_00,L5,1,9,label_cell,False,0,False,False,False,False,nan,False,8.679036790187178
v3_sc2_staging_00,L5,1,9,label_only,False,0,False,False,False,False,nan,False,8.679036790187178
v3_sc2_staging_00,L5,1,9,pose_only,True,1,False,False,False,False,nan,False,8.679036790187178
v3_sc2_staging_00,L5,1,9,separate,True,1,False,False,False,False,nan,False,8.679036790187178
v3_sc2_staging_00,L5,1,9,joint,True,2,False,False,False,False,nan,False,8.679036790187178
v3_sc2_staging_00,L5,1,9,oracle,False,0,True,False,False,True,8.679036790187178,True,8.679036790187178
v3_sc2_staging_00,L5,1,10,uncalibrated,False,0,False,False,False,False,nan,False,3.1242640687119287
v3_sc2_staging_00,L5,1,10,label_cell,False,0,False,False,False,False,nan,False,3.1242640687119287
v3_sc2_staging_00,L5,1,10,label_only,False,0,False,False,False,False,nan,False,3.1242640687119287
v3_sc2_staging_00,L5,1,10,pose_only,True,1,False,False,False,False,nan,False,3.1242640687119287
v3_sc2_staging_00,L5,1,10,separate,True,1,False,False,False,False,nan,False,3.1242640687119287
v3_sc2_staging_00,L5,1,10,joint,True,2,False,False,False,False,nan,False,3.1242640687119287
v3_sc2_staging_00,L5,1,10,oracle,False,0,True,False,False,True,3.1242640687119287,True,3.1242640687119287
v3_sc2_staging_00,L5,1,11,uncalibrated,False,0,False,False,False,False,nan,False,4.780508652763322
v3_sc2_staging_00,L5,1,11,label_cell,False,0,False,False,False,False,nan,False,4.780508652763322
v3_sc2_staging_00,L5,1,11,label_only,False,0,False,False,False,False,nan,False,4.780508652763322
v3_sc2_staging_00,L5,1,11,pose_only,True,1,False,False,False,False,nan,False,4.780508652763322
v3_sc2_staging_00,L5,1,11,separate,True,1,False,False,False,False,nan,False,4.780508652763322
v3_sc2_staging_00,L5,1,11,joint,True,2,False,False,False,False,nan,False,4.780508652763322
v3_sc2_staging_00,L5,1,11,oracle,False,0,True,False,False,True,4.780508652763322,True,4.780508652763322
v3_sc2_staging_00,L5,1,12,uncalibrated,False,0,False,False,False,False,nan,False,8.554772721475251
v3_sc2_staging_00,L5,1,12,label_cell,False,0,False,False,False,False,nan,False,8.554772721475251
v3_sc2_staging_00,L5,1,12,label_only,False,0,False,False,False,False,nan,False,8.554772721475251
v3_sc2_staging_00,L5,1,12,pose_only,True,1,False,False,False,False,nan,False,8.554772721475251
v3_sc2_staging_00,L5,1,12,separate,True,1,False,False,False,False,nan,False,8.554772721475251
v3_sc2_staging_00,L5,1,12,joint,True,2,False,False,False,False,nan,False,8.554772721475251
v3_sc2_staging_00,L5,1,12,oracle,False,0,True,False,False,True,8.554772721475251,True,8.554772721475251
v3_sc2_staging_00,L5,1,13,uncalibrated,False,0,False,False,False,False,nan,False,4.069238815542512
v3_sc2_staging_00,L5,1,13,label_cell,False,0,False,False,False,False,nan,False,4.069238815542512
v3_sc2_staging_00,L5,1,13,label_only,False,0,False,False,False,False,nan,False,4.069238815542512
v3_sc2_staging_00,L5,1,13,pose_only,True,1,False,False,False,False,nan,False,4.069238815542512
v3_sc2_staging_00,L5,1,13,separate,True,1,False,False,False,False,nan,False,4.069238815542512
v3_sc2_staging_00,L5,1,13,joint,True,2,False,False,False,False,nan,False,4.069238815542512
v3_sc2_staging_00,L5,1,13,oracle,False,0,True,False,False,True,4.069238815542512,True,4.069238815542512
v3_sc2_staging_00,L5,1,14,uncalibrated,False,0,False,False,False,False,nan,False,7.180508652763322
v3_sc2_staging_00,L5,1,14,label_cell,False,0,False,False,False,False,nan,False,7.180508652763322
v3_sc2_staging_00,L5,1,14,label_only,False,0,False,False,False,False,nan,False,7.180508652763322
v3_sc2_staging_00,L5,1,14,pose_only,True,1,False,False,False,False,nan,False,7.180508652763322
v3_sc2_staging_00,L5,1,14,separate,True,1,False,False,False,False,nan,False,7.180508652763322
v3_sc2_staging_00,L5,1,14,joint,True,2,False,False,False,False,nan,False,7.180508652763322
v3_sc2_staging_00,L5,1,14,oracle,False,0,True,False,False,True,7.180508652763322,True,7.180508652763322
v3_sc2_staging_00,L5,1,15,uncalibrated,False,0,False,False,False,False,nan,False,9.269238815542513
v3_sc2_staging_00,L5,1,15,label_cell,False,0,False,False,False,False,nan,False,9.269238815542513
v3_sc2_staging_00,L5,1,15,label_only,False,0,False,False,False,False,nan,False,9.269238815542513
v3_sc2_staging_00,L5,1,15,pose_only,True,1,False,False,False,False,nan,False,9.269238815542513
v3_sc2_staging_00,L5,1,15,separate,True,1,False,False,False,False,nan,False,9.269238815542513
v3_sc2_staging_00,L5,1,15,joint,True,2,False,False,False,False,nan,False,9.269238815542513
v3_sc2_staging_00,L5,1,15,oracle,False,0,True,False,False,True,9.269238815542513,True,9.269238815542513
v3_sc2_staging_00,L5,1,16,uncalibrated,False,0,False,False,False,False,nan,False,7.409188309203678
v3_sc2_staging_00,L5,1,16,label_cell,False,0,False,False,False,False,nan,False,7.409188309203678
v3_sc2_staging_00,L5,1,16,label_only,False,0,False,False,False,False,nan,False,7.409188309203678
v3_sc2_staging_00,L5,1,16,pose_only,True,1,False,False,False,False,nan,False,7.409188309203678
v3_sc2_staging_00,L5,1,16,separate,True,1,False,False,False,False,nan,False,7.409188309203678
v3_sc2_staging_00,L5,1,16,joint,True,2,False,False,False,False,nan,False,7.409188309203678
v3_sc2_staging_00,L5,1,16,oracle,False,0,True,False,False,True,7.409188309203678,True,7.409188309203678
v3_sc2_staging_00,L5,1,17,uncalibrated,False,0,False,False,False,False,nan,False,7.826955262170047
v3_sc2_staging_00,L5,1,17,label_cell,False,0,False,False,False,False,nan,False,7.826955262170047
v3_sc2_staging_00,L5,1,17,label_only,False,0,False,False,False,False,nan,False,7.826955262170047
v3_sc2_staging_00,L5,1,17,pose_only,True,1,False,False,False,False,nan,False,7.826955262170047
v3_sc2_staging_00,L5,1,17,separate,True,1,False,False,False,False,nan,False,7.826955262170047
v3_sc2_staging_00,L5,1,17,joint,True,2,False,False,False,False,nan,False,7.826955262170047
v3_sc2_staging_00,L5,1,17,oracle,False,0,True,False,False,True,7.826955262170047,True,7.826955262170047
v3_sc2_staging_00,L5,1,18,uncalibrated,False,0,False,False,False,False,nan,False,4.260660171779821
v3_sc2_staging_00,L5,1,18,label_cell,False,0,False,False,False,False,nan,False,4.260660171779821
v3_sc2_staging_00,L5,1,18,label_only,False,0,False,False,False,False,nan,False,4.260660171779821
v3_sc2_staging_00,L5,1,18,pose_only,True,1,False,False,False,False,nan,False,4.260660171779821
v3_sc2_staging_00,L5,1,18,separate,True,1,False,False,False,False,nan,False,4.260660171779821
v3_sc2_staging_00,L5,1,18,joint,True,2,False,False,False,False,nan,False,4.260660171779821
v3_sc2_staging_00,L5,1,18,oracle,False,0,True,False,False,True,4.260660171779821,True,4.260660171779821
v3_sc2_staging_00,L5,1,19,uncalibrated,False,0,False,False,False,False,nan,False,5.338477631085024
v3_sc2_staging_00,L5,1,19,label_cell,False,0,False,False,False,False,nan,False,5.338477631085024
v3_sc2_staging_00,L5,1,19,label_only,False,0,False,False,False,False,nan,False,5.338477631085024
v3_sc2_staging_00,L5,1,19,pose_only,True,1,False,False,False,False,nan,False,5.338477631085024
v3_sc2_staging_00,L5,1,19,separate,True,1,False,False,False,False,nan,False,5.338477631085024
v3_sc2_staging_00,L5,1,19,joint,True,2,False,False,False,False,nan,False,5.338477631085024
v3_sc2_staging_00,L5,1,19,oracle,False,0,True,False,False,True,5.338477631085024,True,5.338477631085024
v3_sc2_staging_00,L5,2,0,uncalibrated,False,0,False,False,False,False,nan,False,7.232590180780455
v3_sc2_staging_00,L5,2,0,label_cell,False,0,False,False,False,False,nan,False,7.232590180780455
v3_sc2_staging_00,L5,2,0,label_only,False,0,False,False,False,False,nan,False,7.232590180780455
v3_sc2_staging_00,L5,2,0,pose_only,True,1,False,False,False,False,nan,False,7.232590180780455
v3_sc2_staging_00,L5,2,0,separate,True,1,False,False,False,False,nan,False,7.232590180780455
v3_sc2_staging_00,L5,2,0,joint,True,2,False,False,False,False,nan,False,7.232590180780455
v3_sc2_staging_00,L5,2,0,oracle,False,0,True,False,False,True,7.232590180780455,True,7.232590180780455
v3_sc2_staging_00,L5,2,1,uncalibrated,False,0,False,False,False,False,nan,False,8.414823227814082
v3_sc2_staging_00,L5,2,1,label_cell,False,0,False,False,False,False,nan,False,8.414823227814082
v3_sc2_staging_00,L5,2,1,label_only,False,0,False,False,False,False,nan,False,8.414823227814082
v3_sc2_staging_00,L5,2,1,pose_only,True,1,False,False,False,False,nan,False,8.414823227814082
v3_sc2_staging_00,L5,2,1,separate,True,1,False,False,False,False,nan,False,8.414823227814082
v3_sc2_staging_00,L5,2,1,joint,True,2,False,False,False,False,nan,False,8.414823227814082
v3_sc2_staging_00,L5,2,1,oracle,False,0,True,False,False,True,8.414823227814082,True,8.414823227814082
v3_sc2_staging_00,L5,2,2,uncalibrated,False,0,False,False,False,False,nan,False,4.200609665440988
v3_sc2_staging_00,L5,2,2,label_cell,False,0,False,False,False,False,nan,False,4.200609665440988
v3_sc2_staging_00,L5,2,2,label_only,False,0,False,False,False,False,nan,False,4.200609665440988
v3_sc2_staging_00,L5,2,2,pose_only,True,1,False,False,False,False,nan,False,4.200609665440988
v3_sc2_staging_00,L5,2,2,separate,True,1,False,False,False,False,nan,False,4.200609665440988
v3_sc2_staging_00,L5,2,2,joint,True,2,False,False,False,False,nan,False,4.200609665440988
v3_sc2_staging_00,L5,2,2,oracle,False,0,True,False,False,True,4.200609665440988,True,4.200609665440988
v3_sc2_staging_00,L5,2,3,uncalibrated,False,0,False,False,False,False,nan,False,3.4142135623730945
v3_sc2_staging_00,L5,2,3,label_cell,False,0,False,False,False,False,nan,False,3.4142135623730945
v3_sc2_staging_00,L5,2,3,label_only,False,0,False,False,False,False,nan,False,3.4142135623730945
v3_sc2_staging_00,L5,2,3,pose_only,True,1,False,False,False,False,nan,False,3.4142135623730945
v3_sc2_staging_00,L5,2,3,separate,True,1,False,False,False,False,nan,False,3.4142135623730945
v3_sc2_staging_00,L5,2,3,joint,True,2,False,False,False,False,nan,False,3.4142135623730945
v3_sc2_staging_00,L5,2,3,oracle,False,0,True,False,False,True,3.4142135623730945,True,3.4142135623730945
v3_sc2_staging_00,L5,2,5,uncalibrated,False,0,False,False,False,False,nan,False,4.329898987322333
v3_sc2_staging_00,L5,2,5,label_cell,False,0,False,False,False,False,nan,False,4.329898987322333
v3_sc2_staging_00,L5,2,5,label_only,False,0,False,False,False,False,nan,False,4.329898987322333
v3_sc2_staging_00,L5,2,5,pose_only,True,1,False,False,False,False,nan,False,4.329898987322333
v3_sc2_staging_00,L5,2,5,separate,True,1,False,False,False,False,nan,False,4.329898987322333
v3_sc2_staging_00,L5,2,5,joint,True,2,False,False,False,False,nan,False,4.329898987322333
v3_sc2_staging_00,L5,2,5,oracle,False,0,True,False,False,True,4.329898987322333,True,4.329898987322333
v3_sc2_staging_00,L5,2,6,uncalibrated,False,0,False,False,False,False,nan,False,nan
v3_sc2_staging_00,L5,2,6,label_cell,False,0,False,False,False,False,nan,False,nan
v3_sc2_staging_00,L5,2,6,label_only,False,0,False,False,False,False,nan,False,nan
v3_sc2_staging_00,L5,2,6,pose_only,True,1,False,False,False,False,nan,False,nan
v3_sc2_staging_00,L5,2,6,separate,True,1,False,False,False,False,nan,False,nan
v3_sc2_staging_00,L5,2,6,joint,True,2,False,False,False,False,nan,False,nan
v3_sc2_staging_00,L5,2,6,oracle,False,0,False,False,False,False,nan,False,nan
v3_sc2_staging_00,L5,2,7,uncalibrated,False,0,False,False,False,False,nan,False,7.521320343559643
v3_sc2_staging_00,L5,2,7,label_cell,False,0,False,False,False,False,nan,False,7.521320343559643
v3_sc2_staging_00,L5,2,7,label_only,False,0,False,False,False,False,nan,False,7.521320343559643
v3_sc2_staging_00,L5,2,7,pose_only,True,1,False,False,False,False,nan,False,7.521320343559643
v3_sc2_staging_00,L5,2,7,separate,True,1,False,False,False,False,nan,False,7.521320343559643
v3_sc2_staging_00,L5,2,7,joint,True,2,False,False,False,False,nan,False,7.521320343559643
v3_sc2_staging_00,L5,2,7,oracle,False,0,True,False,False,True,7.521320343559643,True,7.521320343559643
v3_sc2_staging_00,L5,2,8,uncalibrated,False,0,False,False,False,False,nan,False,3.127817459305202
v3_sc2_staging_00,L5,2,8,label_cell,False,0,False,False,False,False,nan,False,3.127817459305202
v3_sc2_staging_00,L5,2,8,label_only,False,0,False,False,False,False,nan,False,3.127817459305202
v3_sc2_staging_00,L5,2,8,pose_only,True,1,False,False,False,False,nan,False,3.127817459305202
v3_sc2_staging_00,L5,2,8,separate,True,1,False,False,False,False,nan,False,3.127817459305202
v3_sc2_staging_00,L5,2,8,joint,True,2,False,False,False,False,nan,False,3.127817459305202
v3_sc2_staging_00,L5,2,8,oracle,False,0,True,False,False,True,3.127817459305202,True,3.127817459305202
v3_sc2_staging_00,L5,2,9,uncalibrated,False,0,False,False,False,False,nan,False,8.522539674441617
v3_sc2_staging_00,L5,2,9,label_cell,False,0,False,False,False,False,nan,False,8.522539674441617
v3_sc2_staging_00,L5,2,9,label_only,False,0,False,False,False,False,nan,False,8.522539674441617
v3_sc2_staging_00,L5,2,9,pose_only,True,1,False,False,False,False,nan,False,8.522539674441617
v3_sc2_staging_00,L5,2,9,separate,True,1,False,False,False,False,nan,False,8.522539674441617
v3_sc2_staging_00,L5,2,9,joint,True,2,False,False,False,False,nan,False,8.522539674441617
v3_sc2_staging_00,L5,2,9,oracle,False,0,True,False,False,True,8.522539674441617,True,8.522539674441617
v3_sc2_staging_00,L5,2,10,uncalibrated,False,0,False,False,False,False,nan,False,3.217766952966368
v3_sc2_staging_00,L5,2,10,label_cell,False,0,False,False,False,False,nan,False,3.217766952966368
v3_sc2_staging_00,L5,2,10,label_only,False,0,False,False,False,False,nan,False,3.217766952966368
v3_sc2_staging_00,L5,2,10,pose_only,True,1,False,False,False,False,nan,False,3.217766952966368
v3_sc2_staging_00,L5,2,10,separate,True,1,False,False,False,False,nan,False,3.217766952966368
v3_sc2_staging_00,L5,2,10,joint,True,2,False,False,False,False,nan,False,3.217766952966368
v3_sc2_staging_00,L5,2,10,oracle,False,0,True,False,False,True,3.217766952966368,True,3.217766952966368
v3_sc2_staging_00,L5,2,11,uncalibrated,False,0,False,False,False,False,nan,False,4.785533905932738
v3_sc2_staging_00,L5,2,11,label_cell,False,0,False,False,False,False,nan,False,4.785533905932738
v3_sc2_staging_00,L5,2,11,label_only,False,0,False,False,False,False,nan,False,4.785533905932738
v3_sc2_staging_00,L5,2,11,pose_only,True,1,False,False,False,False,nan,False,4.785533905932738
v3_sc2_staging_00,L5,2,11,separate,True,1,False,False,False,False,nan,False,4.785533905932738
v3_sc2_staging_00,L5,2,11,joint,True,2,False,False,False,False,nan,False,4.785533905932738
v3_sc2_staging_00,L5,2,11,oracle,False,0,True,False,False,True,4.785533905932738,True,4.785533905932738
v3_sc2_staging_00,L5,2,12,uncalibrated,False,0,False,False,False,False,nan,False,8.568986283848346
v3_sc2_staging_00,L5,2,12,label_cell,False,0,False,False,False,False,nan,False,8.568986283848346
v3_sc2_staging_00,L5,2,12,label_only,False,0,False,False,False,False,nan,False,8.568986283848346
v3_sc2_staging_00,L5,2,12,pose_only,True,1,False,False,False,False,nan,False,8.568986283848346
v3_sc2_staging_00,L5,2,12,separate,True,1,False,False,False,False,nan,False,8.568986283848346
v3_sc2_staging_00,L5,2,12,joint,True,2,False,False,False,False,nan,False,8.568986283848346
v3_sc2_staging_00,L5,2,12,oracle,False,0,True,False,False,True,8.568986283848346,True,8.568986283848346
v3_sc2_staging_00,L5,2,13,uncalibrated,False,0,False,False,False,False,nan,False,4.116295090390225
v3_sc2_staging_00,L5,2,13,label_cell,False,0,False,False,False,False,nan,False,4.116295090390225
v3_sc2_staging_00,L5,2,13,label_only,False,0,False,False,False,False,nan,False,4.116295090390225
v3_sc2_staging_00,L5,2,13,pose_only,True,1,False,False,False,False,nan,False,4.116295090390225
v3_sc2_staging_00,L5,2,13,separate,True,1,False,False,False,False,nan,False,4.116295090390225
v3_sc2_staging_00,L5,2,13,joint,True,2,False,False,False,False,nan,False,4.116295090390225
v3_sc2_staging_00,L5,2,13,oracle,False,0,True,False,False,True,4.116295090390225,True,4.116295090390225
v3_sc2_staging_00,L5,2,14,uncalibrated,False,0,False,False,False,False,nan,False,7.0411688245431465
v3_sc2_staging_00,L5,2,14,label_cell,False,0,False,False,False,False,nan,False,7.0411688245431465
v3_sc2_staging_00,L5,2,14,label_only,False,0,False,False,False,False,nan,False,7.0411688245431465
v3_sc2_staging_00,L5,2,14,pose_only,True,1,False,False,False,False,nan,False,7.0411688245431465
v3_sc2_staging_00,L5,2,14,separate,True,1,False,False,False,False,nan,False,7.0411688245431465
v3_sc2_staging_00,L5,2,14,joint,True,2,False,False,False,False,nan,False,7.0411688245431465
v3_sc2_staging_00,L5,2,14,oracle,False,0,True,False,False,True,7.0411688245431465,True,7.0411688245431465
v3_sc2_staging_00,L5,2,15,uncalibrated,False,0,False,False,False,False,nan,False,9.801219330881977
v3_sc2_staging_00,L5,2,15,label_cell,False,0,False,False,False,False,nan,False,9.801219330881977
v3_sc2_staging_00,L5,2,15,label_only,False,0,False,False,False,False,nan,False,9.801219330881977
v3_sc2_staging_00,L5,2,15,pose_only,True,1,False,False,False,False,nan,False,9.801219330881977
v3_sc2_staging_00,L5,2,15,separate,True,1,False,False,False,False,nan,False,9.801219330881977
v3_sc2_staging_00,L5,2,15,joint,True,2,False,False,False,False,nan,False,9.801219330881977
v3_sc2_staging_00,L5,2,15,oracle,False,0,True,False,False,True,9.801219330881977,True,9.801219330881977
v3_sc2_staging_00,L5,2,16,uncalibrated,False,0,False,False,False,False,nan,False,7.254163056034262
v3_sc2_staging_00,L5,2,16,label_cell,False,0,False,False,False,False,nan,False,7.254163056034262
v3_sc2_staging_00,L5,2,16,label_only,False,0,False,False,False,False,nan,False,7.254163056034262
v3_sc2_staging_00,L5,2,16,pose_only,True,1,False,False,False,False,nan,False,7.254163056034262
v3_sc2_staging_00,L5,2,16,separate,True,1,False,False,False,False,nan,False,7.254163056034262
v3_sc2_staging_00,L5,2,16,joint,True,2,False,False,False,False,nan,False,7.254163056034262
v3_sc2_staging_00,L5,2,16,oracle,False,0,True,False,False,True,7.254163056034262,True,7.254163056034262
v3_sc2_staging_00,L5,2,19,uncalibrated,False,0,False,False,False,False,nan,False,nan
v3_sc2_staging_00,L5,2,19,label_cell,False,0,False,False,False,False,nan,False,nan
v3_sc2_staging_00,L5,2,19,label_only,False,0,False,False,False,False,nan,False,nan
v3_sc2_staging_00,L5,2,19,pose_only,True,1,False,False,False,False,nan,False,nan
v3_sc2_staging_00,L5,2,19,separate,True,1,False,False,False,False,nan,False,nan
v3_sc2_staging_00,L5,2,19,joint,True,2,False,False,False,False,nan,False,nan
v3_sc2_staging_00,L5,2,19,oracle,False,0,False,False,False,False,nan,False,nan
v3_sc2_staging_00,L5,3,3,uncalibrated,False,0,False,False,False,False,nan,False,3.220710678118655
v3_sc2_staging_00,L5,3,3,label_cell,False,0,False,False,False,False,nan,False,3.220710678118655
v3_sc2_staging_00,L5,3,3,label_only,False,0,False,False,False,False,nan,False,3.220710678118655
v3_sc2_staging_00,L5,3,3,pose_only,True,1,False,False,False,False,nan,False,3.220710678118655
v3_sc2_staging_00,L5,3,3,separate,True,1,False,False,False,False,nan,False,3.220710678118655
v3_sc2_staging_00,L5,3,3,joint,True,2,False,False,False,False,nan,False,3.220710678118655
v3_sc2_staging_00,L5,3,3,oracle,False,0,True,False,False,True,3.220710678118655,True,3.220710678118655
v3_sc2_staging_00,L5,3,4,uncalibrated,False,0,False,False,False,False,nan,False,5.871320343559643
v3_sc2_staging_00,L5,3,4,label_cell,False,0,False,False,False,False,nan,False,5.871320343559643
v3_sc2_staging_00,L5,3,4,label_only,False,0,False,False,False,False,nan,False,5.871320343559643
v3_sc2_staging_00,L5,3,4,pose_only,True,1,False,False,False,False,nan,False,5.871320343559643
v3_sc2_staging_00,L5,3,4,separate,True,1,False,False,False,False,nan,False,5.871320343559643
v3_sc2_staging_00,L5,3,4,joint,True,2,False,False,False,False,nan,False,5.871320343559643
v3_sc2_staging_00,L5,3,4,oracle,False,0,True,False,False,True,5.871320343559643,True,5.871320343559643
v3_sc2_staging_00,L5,3,6,uncalibrated,False,0,False,False,False,False,nan,False,7.176955262170049
v3_sc2_staging_00,L5,3,6,label_cell,False,0,False,False,False,False,nan,False,7.176955262170049
v3_sc2_staging_00,L5,3,6,label_only,False,0,False,False,False,False,nan,False,7.176955262170049
v3_sc2_staging_00,L5,3,6,pose_only,True,1,False,False,False,False,nan,False,7.176955262170049
v3_sc2_staging_00,L5,3,6,separate,True,1,False,False,False,False,nan,False,7.176955262170049
v3_sc2_staging_00,L5,3,6,joint,True,2,False,False,False,False,nan,False,7.176955262170049
v3_sc2_staging_00,L5,3,6,oracle,False,0,True,False,False,True,7.176955262170049,True,7.176955262170049
v3_sc2_staging_00,L5,3,8,uncalibrated,False,0,True,False,False,True,3.1041630560342615,True,3.1041630560342615
v3_sc2_staging_00,L5,3,8,label_cell,False,0,True,False,False,True,3.22842712474619,True,3.1041630560342615
v3_sc2_staging_00,L5,3,8,label_only,False,0,True,False,False,True,3.1041630560342615,True,3.1041630560342615
v3_sc2_staging_00,L5,3,8,pose_only,True,1,False,False,False,False,nan,False,3.1041630560342615
v3_sc2_staging_00,L5,3,8,separate,True,1,False,False,False,False,nan,False,3.1041630560342615
v3_sc2_staging_00,L5,3,8,joint,True,2,False,False,False,False,nan,False,3.1041630560342615
v3_sc2_staging_00,L5,3,8,oracle,False,0,True,False,False,True,3.1041630560342615,True,3.1041630560342615
v3_sc2_staging_00,L5,3,11,uncalibrated,False,0,True,False,False,True,4.8062445840513925,True,4.8062445840513925
v3_sc2_staging_00,L5,3,11,label_cell,False,0,False,False,False,False,nan,False,4.8062445840513925
v3_sc2_staging_00,L5,3,11,label_only,False,0,True,False,False,True,4.8062445840513925,True,4.8062445840513925
v3_sc2_staging_00,L5,3,11,pose_only,True,1,False,False,False,False,nan,False,4.8062445840513925
v3_sc2_staging_00,L5,3,11,separate,True,1,False,False,False,False,nan,False,4.8062445840513925
v3_sc2_staging_00,L5,3,11,joint,True,2,False,False,False,False,nan,False,4.8062445840513925
v3_sc2_staging_00,L5,3,11,oracle,False,0,True,False,False,True,4.8062445840513925,True,4.8062445840513925
v3_sc2_staging_00,L5,3,17,uncalibrated,False,0,False,False,False,False,nan,False,7.956244584051394
v3_sc2_staging_00,L5,3,17,label_cell,False,0,False,False,False,False,nan,False,7.956244584051394
v3_sc2_staging_00,L5,3,17,label_only,False,0,False,False,False,False,nan,False,7.956244584051394
v3_sc2_staging_00,L5,3,17,pose_only,True,1,False,False,False,False,nan,False,7.956244584051394
v3_sc2_staging_00,L5,3,17,separate,True,1,False,False,False,False,nan,False,7.956244584051394
v3_sc2_staging_00,L5,3,17,joint,True,2,False,False,False,False,nan,False,7.956244584051394
v3_sc2_staging_00,L5,3,17,oracle,False,0,True,False,False,True,7.956244584051394,True,7.956244584051394
v3_sc2_staging_00,L5,3,18,uncalibrated,False,0,False,False,False,False,nan,False,4.3227922061357855
v3_sc2_staging_00,L5,3,18,label_cell,False,0,False,False,False,False,nan,False,4.3227922061357855
v3_sc2_staging_00,L5,3,18,label_only,False,0,False,False,False,False,nan,False,4.3227922061357855
v3_sc2_staging_00,L5,3,18,pose_only,True,1,False,False,False,False,nan,False,4.3227922061357855
v3_sc2_staging_00,L5,3,18,separate,True,1,False,False,False,False,nan,False,4.3227922061357855
v3_sc2_staging_00,L5,3,18,joint,True,2,False,False,False,False,nan,False,4.3227922061357855
v3_sc2_staging_00,L5,3,18,oracle,False,0,True,False,False,True,4.3227922061357855,True,4.3227922061357855
v3_sc2_staging_00,L5,3,19,uncalibrated,False,0,False,False,False,False,nan,False,5.4213203435596435
v3_sc2_staging_00,L5,3,19,label_cell,False,0,False,False,False,False,nan,False,5.4213203435596435
v3_sc2_staging_00,L5,3,19,label_only,False,0,False,False,False,False,nan,False,5.4213203435596435
v3_sc2_staging_00,L5,3,19,pose_only,True,1,False,False,False,False,nan,False,5.4213203435596435
v3_sc2_staging_00,L5,3,19,separate,True,1,False,False,False,False,nan,False,5.4213203435596435
v3_sc2_staging_00,L5,3,19,joint,True,2,False,False,False,False,nan,False,5.4213203435596435
v3_sc2_staging_00,L5,3,19,oracle,False,0,True,False,False,True,5.4213203435596435,True,5.4213203435596435
v3_sc2_staging_00,L5,4,2,uncalibrated,False,0,False,False,False,False,nan,False,4.14350288425444
v3_sc2_staging_00,L5,4,2,label_cell,False,0,False,False,False,False,nan,False,4.14350288425444
v3_sc2_staging_00,L5,4,2,label_only,False,0,False,False,False,False,nan,False,4.14350288425444
v3_sc2_staging_00,L5,4,2,pose_only,True,1,False,False,False,False,nan,False,4.14350288425444
v3_sc2_staging_00,L5,4,2,separate,True,1,False,False,False,False,nan,False,4.14350288425444
v3_sc2_staging_00,L5,4,2,joint,True,2,False,False,False,False,nan,False,4.14350288425444
v3_sc2_staging_00,L5,4,2,oracle,False,0,True,False,False,True,4.14350288425444,True,4.14350288425444
v3_sc2_staging_00,L5,4,3,uncalibrated,False,0,False,False,False,False,nan,False,3.429898987322333
v3_sc2_staging_00,L5,4,3,label_cell,False,0,False,False,False,False,nan,False,3.429898987322333
v3_sc2_staging_00,L5,4,3,label_only,False,0,False,False,False,False,nan,False,3.429898987322333
v3_sc2_staging_00,L5,4,3,pose_only,True,1,False,False,False,False,nan,False,3.429898987322333
v3_sc2_staging_00,L5,4,3,separate,True,1,False,False,False,False,nan,False,3.429898987322333
v3_sc2_staging_00,L5,4,3,joint,True,2,False,False,False,False,nan,False,3.429898987322333
v3_sc2_staging_00,L5,4,3,oracle,False,0,True,False,False,True,3.429898987322333,True,3.429898987322333
v3_sc2_staging_00,L5,4,4,uncalibrated,False,0,False,False,False,False,nan,False,5.547665940288702
v3_sc2_staging_00,L5,4,4,label_cell,False,0,False,False,False,False,nan,False,5.547665940288702
v3_sc2_staging_00,L5,4,4,label_only,False,0,False,False,False,False,nan,False,5.547665940288702
v3_sc2_staging_00,L5,4,4,pose_only,True,1,False,False,False,False,nan,False,5.547665940288702
v3_sc2_staging_00,L5,4,4,separate,True,1,False,False,False,False,nan,False,5.547665940288702
v3_sc2_staging_00,L5,4,4,joint,True,2,False,False,False,False,nan,False,5.547665940288702
v3_sc2_staging_00,L5,4,4,oracle,False,0,True,False,False,True,5.547665940288702,True,5.547665940288702
v3_sc2_staging_00,L5,4,5,uncalibrated,False,0,False,False,False,False,nan,False,4.33700576850888
v3_sc2_staging_00,L5,4,5,label_cell,False,0,False,False,False,False,nan,False,4.33700576850888
v3_sc2_staging_00,L5,4,5,label_only,False,0,False,False,False,False,nan,False,4.33700576850888
v3_sc2_staging_00,L5,4,5,pose_only,True,1,False,False,False,False,nan,False,4.33700576850888
v3_sc2_staging_00,L5,4,5,separate,True,1,False,False,False,False,nan,False,4.33700576850888
v3_sc2_staging_00,L5,4,5,joint,True,2,False,False,False,False,nan,False,4.33700576850888
v3_sc2_staging_00,L5,4,5,oracle,False,0,True,False,False,True,4.33700576850888,True,4.33700576850888
v3_sc2_staging_00,L5,4,6,uncalibrated,False,0,False,False,False,False,nan,False,6.9805086527633255
v3_sc2_staging_00,L5,4,6,label_cell,False,0,False,False,False,False,nan,False,6.9805086527633255
v3_sc2_staging_00,L5,4,6,label_only,False,0,False,False,False,False,nan,False,6.9805086527633255
v3_sc2_staging_00,L5,4,6,pose_only,True,1,False,False,False,False,nan,False,6.9805086527633255
v3_sc2_staging_00,L5,4,6,separate,True,1,False,False,False,False,nan,False,6.9805086527633255
v3_sc2_staging_00,L5,4,6,joint,True,2,False,False,False,False,nan,False,6.9805086527633255
v3_sc2_staging_00,L5,4,6,oracle,False,0,True,False,False,True,6.9805086527633255,True,6.9805086527633255
v3_sc2_staging_00,L5,4,8,uncalibrated,False,0,False,False,False,False,nan,False,3.0121320343559645
v3_sc2_staging_00,L5,4,8,label_cell,False,0,False,False,False,False,nan,False,3.0121320343559645
v3_sc2_staging_00,L5,4,8,label_only,False,0,False,False,False,False,nan,False,3.0121320343559645
v3_sc2_staging_00,L5,4,8,pose_only,True,1,False,False,False,False,nan,False,3.0121320343559645
v3_sc2_staging_00,L5,4,8,separate,True,1,False,False,False,False,nan,False,3.0121320343559645
v3_sc2_staging_00,L5,4,8,joint,True,2,False,False,False,False,nan,False,3.0121320343559645
v3_sc2_staging_00,L5,4,8,oracle,False,0,True,False,False,True,3.0121320343559645,True,3.0121320343559645
v3_sc2_staging_00,L5,4,10,uncalibrated,False,0,True,False,True,True,3.6813708498984763,False,3.1834523779156068
v3_sc2_staging_00,L5,4,10,label_cell,False,0,False,False,False,False,nan,False,3.1834523779156068
v3_sc2_staging_00,L5,4,10,label_only,False,0,True,False,True,True,3.6813708498984763,False,3.1834523779156068
v3_sc2_staging_00,L5,4,10,pose_only,True,1,False,False,False,False,nan,False,3.1834523779156068
v3_sc2_staging_00,L5,4,10,separate,True,1,False,False,False,False,nan,False,3.1834523779156068
v3_sc2_staging_00,L5,4,10,joint,True,2,False,False,False,False,nan,False,3.1834523779156068
v3_sc2_staging_00,L5,4,10,oracle,False,0,True,False,False,True,3.1834523779156068,True,3.1834523779156068
v3_sc2_staging_00,L5,4,11,uncalibrated,False,0,False,False,False,False,nan,False,4.92842712474619
v3_sc2_staging_00,L5,4,11,label_cell,False,0,False,False,False,False,nan,False,4.92842712474619
v3_sc2_staging_00,L5,4,11,label_only,False,0,False,False,False,False,nan,False,4.92842712474619
v3_sc2_staging_00,L5,4,11,pose_only,True,1,False,False,False,False,nan,False,4.92842712474619
v3_sc2_staging_00,L5,4,11,separate,True,1,False,False,False,False,nan,False,4.92842712474619
v3_sc2_staging_00,L5,4,11,joint,True,2,False,False,False,False,nan,False,4.92842712474619
v3_sc2_staging_00,L5,4,11,oracle,False,0,True,False,False,True,4.92842712474619,True,4.92842712474619
v3_sc2_staging_00,L5,4,13,uncalibrated,False,0,False,False,False,False,nan,False,4.073401871576773
v3_sc2_staging_00,L5,4,13,label_cell,False,0,False,False,False,False,nan,False,4.073401871576773
v3_sc2_staging_00,L5,4,13,label_only,False,0,False,False,False,False,nan,False,4.073401871576773
v3_sc2_staging_00,L5,4,13,pose_only,True,1,False,False,False,False,nan,False,4.073401871576773
v3_sc2_staging_00,L5,4,13,separate,True,1,False,False,False,False,nan,False,4.073401871576773
v3_sc2_staging_00,L5,4,13,joint,True,2,False,False,False,False,nan,False,4.073401871576773
v3_sc2_staging_00,L5,4,13,oracle,False,0,True,False,False,True,4.073401871576773,True,4.073401871576773
v3_sc2_staging_00,L5,4,17,uncalibrated,False,0,False,False,False,False,nan,False,8.030508652763322
v3_sc2_staging_00,L5,4,17,label_cell,False,0,False,False,False,False,nan,False,8.030508652763322
v3_sc2_staging_00,L5,4,17,label_only,False,0,False,False,False,False,nan,False,8.030508652763322
v3_sc2_staging_00,L5,4,17,pose_only,True,1,False,False,False,False,nan,False,8.030508652763322
v3_sc2_staging_00,L5,4,17,separate,True,1,False,False,False,False,nan,False,8.030508652763322
v3_sc2_staging_00,L5,4,17,joint,True,2,False,False,False,False,nan,False,8.030508652763322
v3_sc2_staging_00,L5,4,17,oracle,False,0,True,False,False,True,8.030508652763322,True,8.030508652763322
v3_sc2_staging_00,L5,4,18,uncalibrated,False,0,False,False,False,False,nan,False,4.242031021678298
v3_sc2_staging_00,L5,4,18,label_cell,False,0,False,False,False,False,nan,False,4.242031021678298
v3_sc2_staging_00,L5,4,18,label_only,False,0,False,False,False,False,nan,False,4.242031021678298
v3_sc2_staging_00,L5,4,18,pose_only,True,1,False,False,False,False,nan,False,4.242031021678298
v3_sc2_staging_00,L5,4,18,separate,True,1,False,False,False,False,nan,False,4.242031021678298
v3_sc2_staging_00,L5,4,18,joint,True,2,False,False,False,False,nan,False,4.242031021678298
v3_sc2_staging_00,L5,4,18,oracle,False,0,True,False,False,True,4.242031021678298,True,4.242031021678298
v3_sc2_staging_00,L5,4,19,uncalibrated,False,0,False,False,False,False,nan,False,5.104163056034263
v3_sc2_staging_00,L5,4,19,label_cell,False,0,False,False,False,False,nan,False,5.104163056034263
v3_sc2_staging_00,L5,4,19,label_only,False,0,False,False,False,False,nan,False,5.104163056034263
v3_sc2_staging_00,L5,4,19,pose_only,True,1,False,False,False,False,nan,False,5.104163056034263
v3_sc2_staging_00,L5,4,19,separate,True,1,False,False,False,False,nan,False,5.104163056034263
v3_sc2_staging_00,L5,4,19,joint,True,2,False,False,False,False,nan,False,5.104163056034263
v3_sc2_staging_00,L5,4,19,oracle,False,0,True,False,False,True,5.104163056034263,True,5.104163056034263
