scene,level,seed,task,arm,abstained,classes_fell_back,planned,violation,collision,reached,length,success,oracle_length
v3_sc3_staging_03,L0,0,0,uncalibrated,False,0,True,False,False,True,5.144974746830584,True,5.144974746830584
v3_sc3_staging_03,L0,0,0,label_cell,False,0,False,False,False,False,nan,False,5.144974746830584
v3_sc3_staging_03,L0,0,0,label_only,False,0,True,False,False,True,5.23492424049175,True,5.144974746830584
v3_sc3_staging_03,L0,0,0,pose_only,False,0,True,False,False,True,5.144974746830584,True,5.144974746830584
v3_sc3_staging_03,L0,0,0,separate,False,0,True,False,False,True,5.23492424049175,True,5.144974746830584
v3_sc3_staging_03,L0,0,0,joint,False,0,True,False,False,True,5.23492424049175,True,5.144974746830584
v3_sc3_staging_03,L0,0,0,oracle,False,0,True,False,False,True,5.144974746830584,True,5.144974746830584
v3_sc3_staging_03,L0,0,1,uncalibrated,False,0,True,False,False,True,4.203553390593274,True,4.203553390593274
v3_sc3_staging_03,L0,0,1,label_cell,False,0,True,False,False,True,4.327817459305202,True,4.203553390593274
v3_sc3_staging_03,L0,0,1,label_only,False,0,True,False,False,True,4.203553390593274,True,4.203553390593274
v3_sc3_staging_03,L0,0,1,pose_only,False,0,True,False,False,True,4.203553390593274,True,4.203553390593274
v3_sc3_staging_03,L0,0,1,separate,False,0,True,False,False,True,4.203553390593274,True,4.203553390593274
v3_sc3_staging_03,L0,0,1,joint,False,0,True,False,False,True,4.203553390593274,True,4.203553390593274
v3_sc3_staging_03,L0,0,1,oracle,False,0,True,False,False,True,4.203553390593274,True,4.203553390593274
v3_sc3_staging_03,L0,0,2,uncalibrated,False,0,True,False,False,True,4.019848480983499,True,4.019848480983499
v3_sc3_staging_03,L0,0,2,label_cell,False,0,True,False,False,True,4.019848480983499,True,4.019848480983499
v3_sc3_staging_03,L0,0,2,label_only,False,0,True,False,False,True,4.019848480983499,True,4.019848480983499
v3_sc3_staging_03,L0,0,2,pose_only,False,0,True,False,False,True,4.019848480983499,True,4.019848480983499
v3_sc3_staging_03,L0,0,2,separate,False,0,True,False,False,True,4.019848480983499,True,4.019848480983499
v3_sc3_staging_03,L0,0,2,joint,False,0,True,False,False,True,4.019848480983499,True,4.019848480983499
v3_sc3_staging_03,L0,0,2,oracle,False,0,True,False,False,True,4.019848480983499,True,4.019848480983499
v3_sc3_staging_03,L0,0,3,uncalibrated,False,0,True,False,False,True,6.217766952966369,True,6.217766952966369
v3_sc3_staging_03,L0,0,3,label_cell,False,0,False,False,False,False,nan,False,6.217766952966369
v3_sc3_staging_03,L0,0,3,label_only,False,0,True,False,False,True,6.217766952966369,True,6.217766952966369
v3_sc3_staging_03,L0,0,3,pose_only,False,0,True,False,False,True,6.217766952966369,True,6.217766952966369
v3_sc3_staging_03,L0,0,3,separate,False,0,True,False,False,True,6.217766952966369,True,6.217766952966369
v3_sc3_staging_03,L0,0,3,joint,False,0,True,False,False,True,6.217766952966369,True,6.217766952966369
v3_sc3_staging_03,L0,0,3,oracle,False,0,True,False,False,True,6.217766952966369,True,6.217766952966369
v3_sc3_staging_03,L0,0,4,uncalibrated,False,0,True,False,False,True,3.310660171779821,True,3.310660171779821
v3_sc3_staging_03,L0,0,4,label_cell,False,0,False,False,False,False,nan,False,3.310660171779821
v3_sc3_staging_03,L0,0,4,label_only,False,0,True,False,False,True,3.310660171779821,True,3.310660171779821
v3_sc3_staging_03,L0,0,4,pose_only,False,0,True,False,False,True,3.310660171779821,True,3.310660171779821
v3_sc3_staging_03,L0,0,4,separate,False,0,True,False,False,True,3.310660171779821,True,3.310660171779821
v3_sc3_staging_03,L0,0,4,joint,False,0,True,False,False,True,3.310660171779821,True,3.310660171779821
v3_sc3_staging_03,L0,0,4,oracle,False,0,True,False,False,True,3.310660171779821,True,3.310660171779821
v3_sc3_staging_03,L0,0,5,uncalibrated,False,0,True,False,False,True,5.700609665440989,True,5.700609665440989
v3_sc3_staging_03,L0,0,5,label_cell,False,0,False,False,False,False,nan,False,5.700609665440989
v3_sc3_staging_03,L0,0,5,label_only,False,0,True,False,False,True,5.700609665440989,True,5.700609665440989
v3_sc3_staging_03,L0,0,5,pose_only,False,0,True,False,False,True,5.700609665440989,True,5.700609665440989
v3_sc3_staging_03,L0,0,5,separate,False,0,True,False,False,True,5.700609665440989,True,5.700609665440989
v3_sc3_staging_03,L0,0,5,joint,False,0,True,False,False,True,5.700609665440989,True,5.700609665440989
v3_sc3_staging_03,L0,0,5,oracle,False,0,True,False,False,True,5.700609665440989,True,5.700609665440989
v3_sc3_staging_03,L0,0,6,uncalibrated,False,0,True,False,False,True,6.965432893255074,True,6.965432893255074
v3_sc3_staging_03,L0,0,6,label_cell,False,0,False,False,False,False,nan,False,6.965432893255074
v3_sc3_staging_03,L0,0,6,label_only,False,0,True,False,False,True,6.965432893255074,True,6.965432893255074
v3_sc3_staging_03,L0,0,6,pose_only,False,0,True,False,False,True,6.965432893255074,True,6.965432893255074
v3_sc3_staging_03,L0,0,6,separate,False,0,True,False,False,True,6.965432893255074,True,6.965432893255074
v3_sc3_staging_03,L0,0,6,joint,False,0,True,False,False,True,6.965432893255074,True,6.965432893255074
v3_sc3_staging_03,L0,0,6,oracle,False,0,True,False,False,True,6.965432893255074,True,6.965432893255074
v3_sc3_staging_03,L0,0,7,uncalibrated,False,0,True,False,False,True,6.238477631085023,True,6.238477631085023
v3_sc3_staging_03,L0,0,7,label_cell,False,0,True,False,False,True,6.362741699796953,True,6.238477631085023
v3_sc3_staging_03,L0,0,7,label_only,False,0,True,False,False,True,6.238477631085023,True,6.238477631085023
v3_sc3_staging_03,L0,0,7,pose_only,False,0,True,False,False,True,6.238477631085023,True,6.238477631085023
v3_sc3_staging_03,L0,0,7,separate,False,0,True,False,False,True,6.238477631085023,True,6.238477631085023
v3_sc3_staging_03,L0,0,7,joint,False,0,True,False,False,True,6.238477631085023,True,6.238477631085023
v3_sc3_staging_03,L0,0,7,oracle,False,0,True,False,False,True,6.238477631085023,True,6.238477631085023
v3_sc3_staging_03,L0,0,8,uncalibrated,False,0,True,False,False,True,6.881370849898477,True,6.881370849898477
v3_sc3_staging_03,L0,0,8,label_cell,False,0,False,False,False,False,nan,False,6.881370849898477
v3_sc3_staging_03,L0,0,8,label_only,False,0,True,False,False,True,6.881370849898477,True,6.881370849898477
v3_sc3_staging_03,L0,0,8,pose_only,False,0,True,False,False,True,6.881370849898477,True,6.881370849898477
v3_sc3_staging_03,L0,0,8,separate,False,0,True,False,False,True,6.881370849898477,True,6.881370849898477
v3_sc3_staging_03,L0,0,8,joint,False,0,True,False,False,True,6.881370849898477,True,6.881370849898477
v3_sc3_staging_03,L0,0,8,oracle,False,0,True,False,False,True,6.881370849898477,True,6.881370849898477
v3_sc3_staging_03,L0,0,9,uncalibrated,False,0,True,False,False,True,4.8677669529663685,True,4.8677669529663685
v3_sc3_staging_03,L0,0,9,label_cell,False,0,False,False,False,False,nan,False,4.8677669529663685
v3_sc3_staging_03,L0,0,9,label_only,False,0,True,False,False,True,4.8677669529663685,True,4.8677669529663685
v3_sc3_staging_03,L0,0,9,pose_only,False,0,True,False,False,True,4.8677669529663685,True,4.8677669529663685
v3_sc3_staging_03,L0,0,9,separate,False,0,True,False,False,True,4.8677669529663685,True,4.8677669529663685
v3_sc3_staging_03,L0,0,9,joint,False,0,True,False,False,True,4.8677669529663685,True,4.8677669529663685
v3_sc3_staging_03,L0,0,9,oracle,False,0,True,False,False,True,4.8677669529663685,True,4.8677669529663685
v3_sc3_staging_03,L0,0,10,uncalibrated,False,0,True,False,False,True,5.0884776310850235,True,5.0884776310850235
v3_sc3_staging_03,L0,0,10,label_cell,False,0,True,False,False,True,5.92634559672906,True,5.0884776310850235
v3_sc3_staging_03,L0,0,10,label_only,False,0,True,False,False,True,5.0884776310850235,True,5.0884776310850235
v3_sc3_staging_03,L0,0,10,pose_only,False,0,True,False,False,True,5.0884776310850235,True,5.0884776310850235
v3_sc3_staging_03,L0,0,10,separate,False,0,True,False,False,True,5.0884776310850235,True,5.0884776310850235
v3_sc3_staging_03,L0,0,10,joint,False,0,True,False,False,True,5.0884776310850235,True,5.0884776310850235
v3_sc3_staging_03,L0,0,10,oracle,False,0,True,False,False,True,5.0884776310850235,True,5.0884776310850235
v3_sc3_staging_03,L0,0,11,uncalibrated,False,0,True,False,False,True,4.110660171779823,True,4.110660171779823
v3_sc3_staging_03,L0,0,11,label_cell,False,0,False,False,False,False,nan,False,4.110660171779823
v3_sc3_staging_03,L0,0,11,label_only,False,0,True,False,False,True,4.110660171779823,True,4.110660171779823
v3_sc3_staging_03,L0,0,11,pose_only,False,0,True,False,False,True,4.110660171779823,True,4.110660171779823
v3_sc3_staging_03,L0,0,11,separate,False,0,True,False,False,True,4.110660171779823,True,4.110660171779823
v3_sc3_staging_03,L0,0,11,joint,False,0,True,False,False,True,4.110660171779823,True,4.110660171779823
v3_sc3_staging_03,L0,0,11,oracle,False,0,True,False,False,True,4.110660171779823,True,4.110660171779823
v3_sc3_staging_03,L0,0,12,uncalibrated,False,0,True,False,False,True,5.819238815542512,True,5.819238815542512
v3_sc3_staging_03,L0,0,12,label_cell,False,0,False,False,False,False,nan,False,5.819238815542512
v3_sc3_staging_03,L0,0,12,label_only,False,0,True,False,False,True,5.819238815542512,True,5.819238815542512
v3_sc3_staging_03,L0,0,12,pose_only,False,0,True,False,False,True,5.819238815542512,True,5.819238815542512
v3_sc3_staging_03,L0,0,12,separate,False,0,True,False,False,True,5.819238815542512,True,5.819238815542512
v3_sc3_staging_03,L0,0,12,joint,False,0,True,False,False,True,5.819238815542512,True,5.819238815542512
v3_sc3_staging_03,L0,0,12,oracle,False,0,True,False,False,True,5.819238815542512,True,5.819238815542512
v3_sc3_staging_03,L0,0,13,uncalibrated,False,0,True,False,False,True,4.116295090390227,True,4.116295090390227
v3_sc3_staging_03,L0,0,13,label_cell,False,0,False,False,False,False,nan,False,4.116295090390227
v3_sc3_staging_03,L0,0,13,label_only,False,0,True,False,False,True,4.116295090390227,True,4.116295090390227
v3_sc3_staging_03,L0,0,13,pose_only,False,0,True,False,False,True,4.116295090390227,True,4.116295090390227
v3_sc3_staging_03,L0,0,13,separate,False,0,True,False,False,True,4.116295090390227,True,4.116295090390227
v3_sc3_staging_03,L0,0,13,joint,False,0,True,False,False,True,4.116295090390227,True,4.116295090390227
v3_sc3_staging_03,L0,0,13,oracle,False,0,True,False,False,True,4.116295090390227,True,4.116295090390227
v3_sc3_staging_03,L0,0,14,uncalibrated,False,0,True,False,False,True,3.3384776310850235,True,3.3384776310850235
v3_sc3_staging_03,L0,0,14,label_cell,False,0,True,False,False,True,3.6642135623730954,True,3.3384776310850235
v3_sc3_staging_03,L0,0,14,label_only,False,0,True,False,False,True,3.3384776310850235,True,3.3384776310850235
v3_sc3_staging_03,L0,0,14,pose_only,False,0,True,False,False,True,3.3384776310850235,True,3.3384776310850235
v3_sc3_staging_03,L0,0,14,separate,False,0,True,False,False,True,3.3384776310850235,True,3.3384776310850235
v3_sc3_staging_03,L0,0,14,joint,False,0,True,False,False,True,3.3384776310850235,True,3.3384776310850235
v3_sc3_staging_03,L0,0,14,oracle,False,0,True,False,False,True,3.3384776310850235,True,3.3384776310850235
v3_sc3_staging_03,L0,0,15,uncalibrated,False,0,True,False,False,True,7.7689862838483466,True,7.7689862838483466
v3_sc3_staging_03,L0,0,15,label_cell,False,0,False,False,False,False,nan,False,7.7689862838483466
v3_sc3_staging_03,L0,0,15,label_only,False,0,True,False,False,True,7.7689862838483466,True,7.7689862838483466
v3_sc3_staging_03,L0,0,15,pose_only,False,0,True,False,False,True,7.7689862838483466,True,7.7689862838483466
v3_sc3_staging_03,L0,0,15,separate,False,0,True,False,False,True,7.7689862838483466,True,7.7689862838483466
v3_sc3_staging_03,L0,0,15,joint,False,0,True,False,False,True,7.7689862838483466,True,7.7689862838483466
v3_sc3_staging_03,L0,0,15,oracle,False,0,True,False,False,True,7.7689862838483466,True,7.7689862838483466
v3_sc3_staging_03,L0,0,16,uncalibrated,False,0,True,False,False,True,6.805634918610408,True,6.805634918610408
v3_sc3_staging_03,L0,0,16,label_cell,False,0,True,False,False,True,7.1227922061357845,True,6.805634918610408
v3_sc3_staging_03,L0,0,16,label_only,False,0,True,False,False,True,6.805634918610408,True,6.805634918610408
v3_sc3_staging_03,L0,0,16,pose_only,False,0,True,False,False,True,6.805634918610408,True,6.805634918610408
v3_sc3_staging_03,L0,0,16,separate,False,0,True,False,False,True,6.805634918610408,True,6.805634918610408
v3_sc3_staging_03,L0,0,16,joint,False,0,True,False,False,True,6.805634918610408,True,6.805634918610408
v3_sc3_staging_03,L0,0,16,oracle,False,0,True,False,False,True,6.805634918610408,True,6.805634918610408
v3_sc3_staging_03,L0,0,17,uncalibrated,False,0,True,False,False,True,4.867766952966369,True,4.867766952966369
v3_sc3_staging_03,L0,0,17,label_cell,False,0,True,False,False,True,5.617766952966369,True,4.867766952966369
v3_sc3_staging_03,L0,0,17,label_only,False,0,True,False,False,True,4.867766952966369,True,4.867766952966369
v3_sc3_staging_03,L0,0,17,pose_only,False,0,True,False,False,True,4.867766952966369,True,4.867766952966369
v3_sc3_staging_03,L0,0,17,separate,False,0,True,False,False,True,4.867766952966369,True,4.867766952966369
v3_sc3_staging_03,L0,0,17,joint,False,0,True,False,False,True,4.867766952966369,True,4.867766952966369
v3_sc3_staging_03,L0,0,17,oracle,False,0,True,False,False,True,4.867766952966369,True,4.867766952966369
v3_sc3_staging_03,L0,0,18,uncalibrated,False,0,True,False,False,True,4.531980515339465,True,4.531980515339465
v3_sc3_staging_03,L0,0,18,label_cell,False,0,True,False,False,True,4.866295090390227,True,4.531980515339465
v3_sc3_staging_03,L0,0,18,label_only,False,0,True,False,False,True,4.531980515339465,True,4.531980515339465
v3_sc3_staging_03,L0,0,18,pose_only,False,0,True,False,False,True,4.531980515339465,True,4.531980515339465
v3_sc3_staging_03,L0,0,18,separate,False,0,True,False,False,True,4.531980515339465,True,4.531980515339465
v3_sc3_staging_03,L0,0,18,joint,False,0,True,False,False,True,4.531980515339465,True,4.531980515339465
v3_sc3_staging_03,L0,0,18,oracle,False,0,True,False,False,True,4.531980515339465,True,4.531980515339465
v3_sc3_staging_03,L0,0,19,uncalibrated,False,0,True,False,False,True,3.7677669529663684,True,3.7677669529663684
v3_sc3_staging_03,L0,0,19,label_cell,False,0,True,False,False,True,3.7677669529663684,True,3.7677669529663684
v3_sc3_staging_03,L0,0,19,label_only,False,0,True,False,False,True,3.7677669529663684,True,3.7677669529663684
v3_sc3_staging_03,L0,0,19,pose_only,False,0,True,False,False,True,3.7677669529663684,True,3.7677669529663684
v3_sc3_staging_03,L0,0,19,separate,False,0,True,False,False,True,3.7677669529663684,True,3.7677669529663684
v3_sc3_staging_03,L0,0,19,joint,False,0,True,False,False,True,3.7677669529663684,True,3.7677669529663684
v3_sc3_staging_03,L0,0,19,oracle,False,0,True,False,False,True,3.7677669529663684,True,3.7677669529663684
v3_sc3_staging_03,L1,0,0,uncalibrated,False,0,True,False,False,True,5.144974746830584,True,5.144974746830584
v3_sc3_staging_03,L1,0,0,label_cell,False,0,False,False,False,False,nan,False,5.144974746830584
v3_sc3_staging_03,L1,0,0,label_only,False,0,True,False,False,True,5.23492424049175,True,5.144974746830584
v3_sc3_staging_03,L1,0,0,pose_only,False,0,True,False,False,True,5.144974746830584,True,5.144974746830584
v3_sc3_staging_03,L1,0,0,separate,False,0,True,False,False,True,5.23492424049175,True,5.144974746830584
v3_sc3_staging_03,L1,0,0,joint,False,0,True,False,False,True,5.23492424049175,True,5.144974746830584
v3_sc3_staging_03,L1,0,0,oracle,False,0,True,False,False,True,5.144974746830584,True,5.144974746830584
v3_sc3_staging_03,L1,0,1,uncalibrated,False,0,True,False,False,True,4.203553390593274,True,4.203553390593274
v3_sc3_staging_03,L1,0,1,label_cell,False,0,True,False,False,True,4.327817459305202,True,4.203553390593274
v3_sc3_staging_03,L1,0,1,label_only,False,0,True,False,False,True,4.203553390593274,True,4.203553390593274
v3_sc3_staging_03,L1,0,1,pose_only,False,0,True,False,False,True,4.203553390593274,True,4.203553390593274
v3_sc3_staging_03,L1,0,1,separate,False,0,True,False,False,True,4.203553390593274,True,4.203553390593274
v3_sc3_staging_03,L1,0,1,joint,False,0,True,False,False,True,4.203553390593274,True,4.203553390593274
v3_sc3_staging_03,L1,0,1,oracle,False,0,True,False,False,True,4.203553390593274,True,4.203553390593274
v3_sc3_staging_03,L1,0,2,uncalibrated,False,0,True,False,False,True,4.019848480983499,True,4.019848480983499
v3_sc3_staging_03,L1,0,2,label_cell,False,0,True,False,False,True,4.019848480983499,True,4.019848480983499
v3_sc3_staging_03,L1,0,2,label_only,False,0,True,False,False,True,4.019848480983499,True,4.019848480983499
v3_sc3_staging_03,L1,0,2,pose_only,False,0,True,False,False,True,4.019848480983499,True,4.019848480983499
v3_sc3_staging_03,L1,0,2,separate,False,0,True,False,False,True,4.019848480983499,True,4.019848480983499
v3_sc3_staging_03,L1,0,2,joint,False,0,True,False,False,True,4.019848480983499,True,4.019848480983499
v3_sc3_staging_03,L1,0,2,oracle,False,0,True,False,False,True,4.019848480983499,True,4.019848480983499
v3_sc3_staging_03,L1,0,3,uncalibrated,False,0,True,False,False,True,6.247056274847714,True,6.217766952966369
v3_sc3_staging_03,L1,0,3,label_cell,False,0,False,False,False,False,nan,False,6.217766952966369
v3_sc3_staging_03,L1,0,3,label_only,False,0,True,False,False,True,6.247056274847714,True,6.217766952966369
v3_sc3_staging_03,L1,0,3,pose_only,False,0,True,False,False,True,6.247056274847714,True,6.217766952966369
v3_sc3_staging_03,L1,0,3,separate,False,0,True,False,False,True,6.247056274847714,True,6.217766952966369
v3_sc3_staging_03,L1,0,3,joint,False,0,True,False,False,True,6.247056274847714,True,6.217766952966369
v3_sc3_staging_03,L1,0,3,oracle,False,0,True,False,False,True,6.217766952966369,True,6.217766952966369
v3_sc3_staging_03,L1,0,4,uncalibrated,False,0,True,False,False,True,3.310660171779821,True,3.310660171779821
v3_sc3_staging_03,L1,0,4,label_cell,False,0,False,False,False,False,nan,False,3.310660171779821
v3_sc3_staging_03,L1,0,4,label_only,False,0,True,False,False,True,3.310660171779821,True,3.310660171779821
v3_sc3_staging_03,L1,0,4,pose_only,False,0,True,False,False,True,3.310660171779821,True,3.310660171779821
v3_sc3_staging_03,L1,0,4,separate,False,0,True,False,False,True,3.310660171779821,True,3.310660171779821
v3_sc3_staging_03,L1,0,4,joint,False,0,True,False,False,True,3.310660171779821,True,3.310660171779821
v3_sc3_staging_03,L1,0,4,oracle,False,0,True,False,False,True,3.310660171779821,True,3.310660171779821
v3_sc3_staging_03,L1,0,5,uncalibrated,False,0,True,False,False,True,5.700609665440989,True,5.700609665440989
v3_sc3_staging_03,L1,0,5,label_cell,False,0,False,False,False,False,nan,False,5.700609665440989
v3_sc3_staging_03,L1,0,5,label_only,False,0,True,False,False,True,5.700609665440989,True,5.700609665440989
v3_sc3_staging_03,L1,0,5,pose_only,False,0,True,False,False,True,5.700609665440989,True,5.700609665440989
v3_sc3_staging_03,L1,0,5,separate,False,0,True,False,False,True,5.700609665440989,True,5.700609665440989
v3_sc3_staging_03,L1,0,5,joint,False,0,True,False,False,True,5.700609665440989,True,5.700609665440989
v3_sc3_staging_03,L1,0,5,oracle,False,0,True,False,False,True,5.700609665440989,True,5.700609665440989
v3_sc3_staging_03,L1,0,6,uncalibrated,False,0,True,False,False,True,6.965432893255074,True,6.965432893255074
v3_sc3_staging_03,L1,0,6,label_cell,False,0,False,False,False,False,nan,False,6.965432893255074
v3_sc3_staging_03,L1,0,6,label_only,False,0,True,False,False,True,6.965432893255074,True,6.965432893255074
v3_sc3_staging_03,L1,0,6,pose_only,False,0,True,False,False,True,6.965432893255074,True,6.965432893255074
v3_sc3_staging_03,L1,0,6,separate,False,0,True,False,False,True,6.965432893255074,True,6.965432893255074
v3_sc3_staging_03,L1,0,6,joint,False,0,True,False,False,True,6.965432893255074,True,6.965432893255074
v3_sc3_staging_03,L1,0,6,oracle,False,0,True,False,False,True,6.965432893255074,True,6.965432893255074
v3_sc3_staging_03,L1,0,7,uncalibrated,False,0,True,False,False,True,6.238477631085023,True,6.238477631085023
v3_sc3_staging_03,L1,0,7,label_cell,False,0,True,False,False,True,6.362741699796953,True,6.238477631085023
v3_sc3_staging_03,L1,0,7,label_only,False,0,True,False,False,True,6.238477631085023,True,6.238477631085023
v3_sc3_staging_03,L1,0,7,pose_only,False,0,True,False,False,True,6.238477631085023,True,6.238477631085023
v3_sc3_staging_03,L1,0,7,separate,False,0,True,False,False,True,6.238477631085023,True,6.238477631085023
v3_sc3_staging_03,L1,0,7,joint,False,0,True,False,False,True,6.238477631085023,True,6.238477631085023
v3_sc3_staging_03,L1,0,7,oracle,False,0,True,False,False,True,6.238477631085023,True,6.238477631085023
v3_sc3_staging_03,L1,0,8,uncalibrated,False,0,True,False,False,True,6.881370849898477,True,6.881370849898477
v3_sc3_staging_03,L1,0,8,label_cell,False,0,False,False,False,False,nan,False,6.881370849898477
v3_sc3_staging_03,L1,0,8,label_only,False,0,True,False,False,True,6.881370849898477,True,6.881370849898477
v3_sc3_staging_03,L1,0,8,pose_only,False,0,True,False,False,True,6.881370849898477,True,6.881370849898477
v3_sc3_staging_03,L1,0,8,separate,False,0,True,False,False,True,6.881370849898477,True,6.881370849898477
v3_sc3_staging_03,L1,0,8,joint,False,0,True,False,False,True,6.881370849898477,True,6.881370849898477
v3_sc3_staging_03,L1,0,8,oracle,False,0,True,False,False,True,6.881370849898477,True,6.881370849898477
v3_sc3_staging_03,L1,0,9,uncalibrated,False,0,True,False,False,True,4.8677669529663685,True,4.8677669529663685
v3_sc3_staging_03,L1,0,9,label_cell,False,0,False,False,False,False,nan,False,4.8677669529663685
v3_sc3_staging_03,L1,0,9,label_only,False,0,True,False,False,True,4.8677669529663685,True,4.8677669529663685
v3_sc3_staging_03,L1,0,9,pose_only,False,0,True,False,False,True,4.8677669529663685,True,4.8677669529663685
v3_sc3_staging_03,L1,0,9,separate,False,0,True,False,False,True,4.8677669529663685,True,4.8677669529663685
v3_sc3_staging_03,L1,0,9,joint,False,0,True,False,False,True,4.8677669529663685,True,4.8677669529663685
v3_sc3_staging_03,L1,0,9,oracle,False,0,True,False,False,True,4.8677669529663685,True,4.8677669529663685
v3_sc3_staging_03,L1,0,10,uncalibrated,False,0,True,False,False,True,5.0884776310850235,True,5.0884776310850235
v3_sc3_staging_03,L1,0,10,label_cell,False,0,True,False,False,True,5.92634559672906,True,5.0884776310850235
v3_sc3_staging_03,L1,0,10,label_only,False,0,True,False,False,True,5.0884776310850235,True,5.0884776310850235
v3_sc3_staging_03,L1,0,10,pose_only,False,0,True,False,False,True,5.0884776310850235,True,5.0884776310850235
v3_sc3_staging_03,L1,0,10,separate,False,0,True,False,False,True,5.0884776310850235,True,5.0884776310850235
v3_sc3_staging_03,L1,0,10,joint,False,0,True,False,False,True,5.0884776310850235,True,5.0884776310850235
v3_sc3_staging_03,L1,0,10,oracle,False,0,True,False,False,True,5.0884776310850235,True,5.0884776310850235
v3_sc3_staging_03,L1,0,11,uncalibrated,False,0,True,False,False,True,4.110660171779823,True,4.110660171779823
v3_sc3_staging_03,L1,0,11,label_cell,False,0,False,False,False,False,nan,False,4.110660171779823
v3_sc3_staging_03,L1,0,11,label_only,False,0,True,False,False,True,4.110660171779823,True,4.110660171779823
v3_sc3_staging_03,L1,0,11,pose_only,False,0,True,False,False,True,4.110660171779823,True,4.110660171779823
v3_sc3_staging_03,L1,0,11,separate,False,0,True,False,False,True,4.110660171779823,True,4.110660171779823
v3_sc3_staging_03,L1,0,11,joint,False,0,True,False,False,True,4.110660171779823,True,4.110660171779823
v3_sc3_staging_03,L1,0,11,oracle,False,0,True,False,False,True,4.110660171779823,True,4.110660171779823
v3_sc3_staging_03,L1,0,12,uncalibrated,False,0,True,False,False,True,5.819238815542512,True,5.819238815542512
v3_sc3_staging_03,L1,0,12,label_cell,False,0,False,False,False,False,nan,False,5.819238815542512
v3_sc3_staging_03,L1,0,12,label_only,False,0,True,False,False,True,5.819238815542512,True,5.819238815542512
v3_sc3_staging_03,L1,0,12,pose_only,False,0,True,False,False,True,5.819238815542512,True,5.819238815542512
v3_sc3_staging_03,L1,0,12,separate,False,0,True,False,False,True,5.819238815542512,True,5.819238815542512
v3_sc3_staging_03,L1,0,12,joint,False,0,True,False,False,True,5.819238815542512,True,5.819238815542512
v3_sc3_staging_03,L1,0,12,oracle,False,0,True,False,False,True,5.819238815542512,True,5.819238815542512
v3_sc3_staging_03,L1,0,13,uncalibrated,False,0,True,False,False,True,4.116295090390227,True,4.116295090390227
v3_sc3_staging_03,L1,0,13,label_cell,False,0,False,False,False,False,nan,False,4.116295090390227
v3_sc3_staging_03,L1,0,13,label_only,False,0,True,False,False,True,4.116295090390227,True,4.116295090390227
v3_sc3_staging_03,L1,0,13,pose_only,False,0,True,False,False,True,4.116295090390227,True,4.116295090390227
v3_sc3_staging_03,L1,0,13,separate,False,0,True,False,False,True,4.116295090390227,True,4.116295090390227
v3_sc3_staging_03,L1,0,13,joint,False,0,True,False,False,True,4.116295090390227,True,4.116295090390227
v3_sc3_staging_03,L1,0,13,oracle,False,0,True,False,False,True,4.116295090390227,True,4.116295090390227
v3_sc3_staging_03,L1,0,14,uncalibrated,False,0,True,False,False,True,3.3384776310850235,True,3.3384776310850235
v3_sc3_staging_03,L1,0,14,label_cell,False,0,True,False,False,True,3.6642135623730954,True,3.3384776310850235
v3_sc3_staging_03,L1,0,14,label_only,False,0,True,False,False,True,3.3384776310850235,True,3.3384776310850235
v3_sc3_staging_03,L1,0,14,pose_only,False,0,True,False,False,True,3.3384776310850235,True,3.3384776310850235
v3_sc3_staging_03,L1,0,14,separate,False,0,True,False,False,True,3.3384776310850235,True,3.3384776310850235
v3_sc3_staging_03,L1,0,14,joint,False,0,True,False,False,True,3.3384776310850235,True,3.3384776310850235
v3_sc3_staging_03,L1,0,14,oracle,False,0,True,False,False,True,3.3384776310850235,True,3.3384776310850235
v3_sc3_staging_03,L1,0,15,uncalibrated,False,0,True,False,False,True,7.7689862838483466,True,7.7689862838483466
v3_sc3_staging_03,L1,0,15,label_cell,False,0,False,False,False,False,nan,False,7.7689862838483466
v3_sc3_staging_03,L1,0,15,label_only,False,0,True,False,False,True,7.7689862838483466,True,7.7689862838483466
v3_sc3_staging_03,L1,0,15,pose_only,False,0,True,False,False,True,7.7689862838483466,True,7.7689862838483466
v3_sc3_staging_03,L1,0,15,separate,False,0,True,False,False,True,7.7689862838483466,True,7.7689862838483466
v3_sc3_staging_03,L1,0,15,joint,False,0,True,False,False,True,7.7689862838483466,True,7.7689862838483466
v3_sc3_staging_03,L1,0,15,oracle,False,0,True,False,False,True,7.7689862838483466,True,7.7689862838483466
v3_sc3_staging_03,L1,0,16,uncalibrated,False,0,True,False,False,True,6.805634918610408,True,6.805634918610408
v3_sc3_staging_03,L1,0,16,label_cell,False,0,True,False,False,True,7.1227922061357845,True,6.805634918610408
v3_sc3_staging_03,L1,0,16,label_only,False,0,True,False,False,True,6.805634918610408,True,6.805634918610408
v3_sc3_staging_03,L1,0,16,pose_only,False,0,True,False,False,True,6.805634918610408,True,6.805634918610408
v3_sc3_staging_03,L1,0,16,separate,False,0,True,False,False,True,6.805634918610408,True,6.805634918610408
v3_sc3_staging_03,L1,0,16,joint,False,0,True,False,False,True,6.805634918610408,True,6.805634918610408
v3_sc3_staging_03,L1,0,16,oracle,False,0,True,False,False,True,6.805634918610408,True,6.805634918610408
v3_sc3_staging_03,L1,0,17,uncalibrated,False,0,True,False,False,True,4.867766952966369,True,4.867766952966369
v3_sc3_staging_03,L1,0,17,label_cell,False,0,True,False,False,True,5.617766952966369,True,4.867766952966369
v3_sc3_staging_03,L1,0,17,label_only,False,0,True,False,False,True,4.867766952966369,True,4.867766952966369
v3_sc3_staging_03,L1,0,17,pose_only,False,0,True,False,False,True,4.867766952966369,True,4.867766952966369
v3_sc3_staging_03,L1,0,17,separate,False,0,True,False,False,True,4.867766952966369,True,4.867766952966369
v3_sc3_staging_03,L1,0,17,joint,False,0,True,False,False,True,4.867766952966369,True,4.867766952966369
v3_sc3_staging_03,L1,0,17,oracle,False,0,True,False,False,True,4.867766952966369,True,4.867766952966369
v3_sc3_staging_03,L1,0,18,uncalibrated,False,0,True,False,False,True,4.531980515339465,True,4.531980515339465
v3_sc3_staging_03,L1,0,18,label_cell,False,0,True,False,False,True,4.866295090390227,True,4.531980515339465
v3_sc3_staging_03,L1,0,18,label_only,False,0,True,False,False,True,4.531980515339465,True,4.531980515339465
v3_sc3_staging_03,L1,0,18,pose_only,False,0,True,False,False,True,4.531980515339465,True,4.531980515339465
v3_sc3_staging_03,L1,0,18,separate,False,0,True,False,False,True,4.531980515339465,True,4.531980515339465
v3_sc3_staging_03,L1,0,18,joint,False,0,True,False,False,True,4.531980515339465,True,4.531980515339465
v3_sc3_staging_03,L1,0,18,oracle,False,0,True,False,False,True,4.531980515339465,True,4.531980515339465
v3_sc3_staging_03,L1,0,19,uncalibrated,False,0,True,False,False,True,3.7677669529663684,True,3.7677669529663684
v3_sc3_staging_03,L1,0,19,label_cell,False,0,True,False,False,True,3.7677669529663684,True,3.7677669529663684
v3_sc3_staging_03,L1,0,19,label_only,False,0,True,False,False,True,3.7677669529663684,True,3.7677669529663684
v3_sc3_staging_03,L1,0,19,pose_only,False,0,True,False,False,True,3.7677669529663684,True,3.7677669529663684
v3_sc3_staging_03,L1,0,19,separate,False,0,True,False,False,True,3.7677669529663684,True,3.7677669529663684
v3_sc3_staging_03,L1,0,19,joint,False,0,True,False,False,True,3.7677669529663684,True,3.7677669529663684
v3_sc3_staging_03,L1,0,19,oracle,False,0,True,False,False,True,3.7677669529663684,True,3.7677669529663684
v3_sc3_staging_03,L1,1,0,uncalibrated,False,0,True,False,False,True,5.144974746830584,True,5.144974746830584
v3_sc3_staging_03,L1,1,0,label_cell,False,0,False,False,False,False,nan,False,5.144974746830584
v3_sc3_staging_03,L1,1,0,label_only,False,0,True,False,False,True,5.23492424049175,True,5.144974746830584
v3_sc3_staging_03,L1,1,0,pose_only,False,0,True,False,False,True,5.144974746830584,True,5.144974746830584
v3_sc3_staging_03,L1,1,0,separate,False,0,True,False,False,True,5.23492424049175,True,5.144974746830584
v3_sc3_staging_03,L1,1,0,joint,False,0,True,False,False,True,5.23492424049175,True,5.144974746830584
v3_sc3_staging_03,L1,1,0,oracle,False,0,True,False,False,True,5.144974746830584,True,5.144974746830584
v3_sc3_staging_03,L1,1,1,uncalibrated,False,0,True,False,False,True,4.203553390593274,True,4.203553390593274
v3_sc3_staging_03,L1,1,1,label_cell,False,0,True,False,False,True,4.327817459305202,True,4.203553390593274
v3_sc3_staging_03,L1,1,1,label_only,False,0,True,False,False,True,4.203553390593274,True,4.203553390593274
v3_sc3_staging_03,L1,1,1,pose_only,False,0,True,False,False,True,4.203553390593274,True,4.203553390593274
v3_sc3_staging_03,L1,1,1,separate,False,0,True,False,False,True,4.203553390593274,True,4.203553390593274
v3_sc3_staging_03,L1,1,1,joint,False,0,True,False,False,True,4.203553390593274,True,4.203553390593274
v3_sc3_staging_03,L1,1,1,oracle,False,0,True,False,False,True,4.203553390593274,True,4.203553390593274
v3_sc3_staging_03,L1,1,2,uncalibrated,False,0,True,False,False,True,4.019848480983499,True,4.019848480983499
v3_sc3_staging_03,L1,1,2,label_cell,False,0,True,False,False,True,4.019848480983499,True,4.019848480983499
v3_sc3_staging_03,L1,1,2,label_only,False,0,True,False,False,True,4.019848480983499,True,4.019848480983499
v3_sc3_staging_03,L1,1,2,pose_only,False,0,True,False,False,True,4.019848480983499,True,4.019848480983499
v3_sc3_staging_03,L1,1,2,separate,False,0,True,False,False,True,4.019848480983499,True,4.019848480983499
v3_sc3_staging_03,L1,1,2,joint,False,0,True,False,False,True,4.019848480983499,True,4.019848480983499
v3_sc3_staging_03,L1,1,2,oracle,False,0,True,False,False,True,4.019848480983499,True,4.019848480983499
v3_sc3_staging_03,L1,1,3,uncalibrated,False,0,False,False,False,False,nan,False,nan
v3_sc3_staging_03,L1,1,3,label_cell,False,0,False,False,False,False,nan,False,nan
v3_sc3_staging_03,L1,1,3,label_only,False,0,False,False,False,False,nan,False,nan
v3_sc3_staging_03,L1,1,3,pose_only,False,0,False,False,False,False,nan,False,nan
v3_sc3_staging_03,L1,1,3,separate,False,0,False,False,False,False,nan,False,nan
v3_sc3_staging_03,L1,1,3,joint,False,0,False,False,False,False,nan,False,nan
v3_sc3_staging_03,L1,1,3,oracle,False,0,False,False,False,False,nan,False,nan
v3_sc3_staging_03,L1,1,4,uncalibrated,False,0,True,False,False,True,3.310660171779821,True,3.310660171779821
v3_sc3_staging_03,L1,1,4,label_cell,False,0,False,False,False,False,nan,False,3.310660171779821
v3_sc3_staging_03,L1,1,4,label_only,False,0,True,False,False,True,3.310660171779821,True,3.310660171779821
v3_sc3_staging_03,L1,1,4,pose_only,False,0,True,False,False,True,3.310660171779821,True,3.310660171779821
v3_sc3_staging_03,L1,1,4,separate,False,0,True,False,False,True,3.310660171779821,True,3.310660171779821
v3_sc3_staging_03,L1,1,4,joint,False,0,True,False,False,True,3.310660171779821,True,3.310660171779821
v3_sc3_staging_03,L1,1,4,oracle,False,0,True,False,False,True,3.310660171779821,True,3.310660171779821
v3_sc3_staging_03,L1,1,5,uncalibrated,False,0,True,False,False,True,5.700609665440989,True,5.700609665440989
v3_sc3_staging_03,L1,1,5,label_cell,False,0,False,False,False,False,nan,False,5.700609665440989
v3_sc3_staging_03,L1,1,5,label_only,False,0,True,False,False,True,5.700609665440989,True,5.700609665440989
v3_sc3_staging_03,L1,1,5,pose_only,False,0,True,False,False,True,5.700609665440989,True,5.700609665440989
v3_sc3_staging_03,L1,1,5,separate,False,0,True,False,False,True,5.700609665440989,True,5.700609665440989
v3_sc3_staging_03,L1,1,5,joint,False,0,True,False,False,True,5.700609665440989,True,5.700609665440989
v3_sc3_staging_03,L1,1,5,oracle,False,0,True,False,False,True,5.700609665440989,True,5.700609665440989
v3_sc3_staging_03,L1,1,6,uncalibrated,False,0,True,False,False,True,6.965432893255074,True,6.965432893255074
v3_sc3_staging_03,L1,1,6,label_cell,False,0,False,False,False,False,nan,False,6.965432893255074
v3_sc3_staging_03,L1,1,6,label_only,False,0,True,False,False,True,6.965432893255074,True,6.965432893255074
v3_sc3_staging_03,L1,1,6,pose_only,False,0,True,False,False,True,6.965432893255074,True,6.965432893255074
v3_sc3_staging_03,L1,1,6,separate,False,0,True,False,False,True,6.965432893255074,True,6.965432893255074
v3_sc3_staging_03,L1,1,6,joint,False,0,True,False,False,True,6.965432893255074,True,6.965432893255074
v3_sc3_staging_03,L1,1,6,oracle,False,0,True,False,False,True,6.965432893255074,True,6.965432893255074
v3_sc3_staging_03,L1,1,7,uncalibrated,False,0,True,False,False,True,6.238477631085023,True,6.238477631085023
v3_sc3_staging_03,L1,1,7,label_cell,False,0,True,False,False,True,6.362741699796953,True,6.238477631085023
v3_sc3_staging_03,L1,1,7,label_only,False,0,True,False,False,True,6.238477631085023,True,6.238477631085023
v3_sc3_staging_03,L1,1,7,pose_only,False,0,True,False,False,True,6.238477631085023,True,6.238477631085023
v3_sc3_staging_03,L1,1,7,separate,False,0,True,False,False,True,6.238477631085023,True,6.238477631085023
v3_sc3_staging_03,L1,1,7,joint,False,0,True,False,False,True,6.238477631085023,True,6.238477631085023
v3_sc3_staging_03,L1,1,7,oracle,False,0,True,False,False,True,6.238477631085023,True,6.238477631085023
v3_sc3_staging_03,L1,1,8,uncalibrated,False,0,True,False,False,True,6.881370849898477,True,6.881370849898477
v3_sc3_staging_03,L1,1,8,label_cell,False,0,False,False,False,False,nan,False,6.881370849898477
v3_sc3_staging_03,L1,1,8,label_only,False,0,True,False,False,True,6.881370849898477,True,6.881370849898477
v3_sc3_staging_03,L1,1,8,pose_only,False,0,True,False,False,True,6.881370849898477,True,6.881370849898477
v3_sc3_staging_03,L1,1,8,separate,False,0,True,False,False,True,6.881370849898477,True,6.881370849898477
v3_sc3_staging_03,L1,1,8,joint,False,0,True,False,False,True,6.881370849898477,True,6.881370849898477
v3_sc3_staging_03,L1,1,8,oracle,False,0,True,False,False,True,6.881370849898477,True,6.881370849898477
v3_sc3_staging_03,L1,1,9,uncalibrated,False,0,True,False,False,True,4.8677669529663685,True,4.8677669529663685
v3_sc3_staging_03,L1,1,9,label_cell,False,0,False,False,False,False,nan,False,4.8677669529663685
v3_sc3_staging_03,L1,1,9,label_only,False,0,True,False,False,True,4.8677669529663685,True,4.8677669529663685
v3_sc3_staging_03,L1,1,9,pose_only,False,0,True,False,False,True,4.8677669529663685,True,4.8677669529663685
v3_sc3_staging_03,L1,1,9,separate,False,0,True,False,False,True,4.8677669529663685,True,4.8677669529663685
v3_sc3_staging_03,L1,1,9,joint,False,0,True,False,False,True,4.8677669529663685,True,4.8677669529663685
v3_sc3_staging_03,L1,1,9,oracle,False,0,True,False,False,True,4.8677669529663685,True,4.8677669529663685
v3_sc3_staging_03,L1,1,10,uncalibrated,False,0,True,False,False,True,5.0884776310850235,True,5.0884776310850235
v3_sc3_staging_03,L1,1,10,label_cell,False,0,True,False,False,True,5.92634559672906,True,5.0884776310850235
v3_sc3_staging_03,L1,1,10,label_only,False,0,True,False,False,True,5.0884776310850235,True,5.0884776310850235
v3_sc3_staging_03,L1,1,10,pose_only,False,0,True,False,False,True,5.0884776310850235,True,5.0884776310850235
v3_sc3_staging_03,L1,1,10,separate,False,0,True,False,False,True,5.0884776310850235,True,5.0884776310850235
v3_sc3_staging_03,L1,1,10,joint,False,0,True,False,False,True,5.0884776310850235,True,5.0884776310850235
v3_sc3_staging_03,L1,1,10,oracle,False,0,True,False,False,True,5.0884776310850235,True,5.0884776310850235
v3_sc3_staging_03,L1,1,11,uncalibrated,False,0,True,False,False,True,4.110660171779823,True,4.110660171779823
v3_sc3_staging_03,L1,1,11,label_cell,False,0,False,False,False,False,nan,False,4.110660171779823
v3_sc3_staging_03,L1,1,11,label_only,False,0,True,False,False,True,4.110660171779823,True,4.110660171779823
v3_sc3_staging_03,L1,1,11,pose_only,False,0,True,False,False,True,4.110660171779823,True,4.110660171779823
v3_sc3_staging_03,L1,1,11,separate,False,0,True,False,False,True,4.110660171779823,True,4.110660171779823
v3_sc3_staging_03,L1,1,11,joint,False,0,True,False,False,True,4.110660171779823,True,4.110660171779823
v3_sc3_staging_03,L1,1,11,oracle,False,0,True,False,False,True,4.110660171779823,True,4.110660171779823
v3_sc3_staging_03,L1,1,12,uncalibrated,False,0,True,False,False,True,5.819238815542512,True,5.819238815542512
v3_sc3_staging_03,L1,1,12,label_cell,False,0,False,False,False,False,nan,False,5.819238815542512
v3_sc3_staging_03,L1,1,12,label_only,False,0,True,False,False,True,5.819238815542512,True,5.819238815542512
v3_sc3_staging_03,L1,1,12,pose_only,False,0,True,False,False,True,5.819238815542512,True,5.819238815542512
v3_sc3_staging_03,L1,1,12,separate,False,0,True,False,False,True,5.819238815542512,True,5.819238815542512
v3_sc3_staging_03,L1,1,12,joint,False,0,True,False,False,True,5.819238815542512,True,5.819238815542512
v3_sc3_staging_03,L1,1,12,oracle,False,0,True,False,False,True,5.819238815542512,True,5.819238815542512
v3_sc3_staging_03,L1,1,13,uncalibrated,False,0,True,False,False,True,4.116295090390227,True,4.116295090390227
v3_sc3_staging_03,L1,1,13,label_cell,False,0,False,False,False,False,nan,False,4.116295090390227
v3_sc3_staging_03,L1,1,13,label_only,False,0,True,False,False,True,4.116295090390227,True,4.116295090390227
v3_sc3_staging_03,L1,1,13,pose_only,False,0,True,False,False,True,4.116295090390227,True,4.116295090390227
v3_sc3_staging_03,L1,1,13,separate,False,0,True,False,False,True,4.116295090390227,True,4.116295090390227
v3_sc3_staging_03,L1,1,13,joint,False,0,True,False,False,True,4.116295090390227,True,4.116295090390227
v3_sc3_staging_03,L1,1,13,oracle,False,0,True,False,False,True,4.116295090390227,True,4.116295090390227
v3_sc3_staging_03,L1,1,14,uncalibrated,False,0,True,False,False,True,3.3384776310850235,True,3.3384776310850235
v3_sc3_staging_03,L1,1,14,label_cell,False,0,True,False,False,True,3.6642135623730954,True,3.3384776310850235
v3_sc3_staging_03,L1,1,14,label_only,False,0,True,False,False,True,3.3384776310850235,True,3.3384776310850235
v3_sc3_staging_03,L1,1,14,pose_only,False,0,True,False,False,True,3.3384776310850235,True,3.3384776310850235
v3_sc3_staging_03,L1,1,14,separate,False,0,True,False,False,True,3.3384776310850235,True,3.3384776310850235
v3_sc3_staging_03,L1,1,14,joint,False,0,True,False,False,True,3.3384776310850235,True,3.3384776310850235
v3_sc3_staging_03,L1,1,14,oracle,False,0,True,False,False,True,3.3384776310850235,True,3.3384776310850235
v3_sc3_staging_03,L1,1,15,uncalibrated,False,0,True,False,False,True,7.7689862838483466,True,7.7689862838483466
v3_sc3_staging_03,L1,1,15,label_cell,False,0,False,False,False,False,nan,False,7.7689862838483466
v3_sc3_staging_03,L1,1,15,label_only,False,0,True,False,False,True,7.7689862838483466,True,7.7689862838483466
v3_sc3_staging_03,L1,1,15,pose_only,False,0,True,False,False,True,7.7689862838483466,True,7.7689862838483466
v3_sc3_staging_03,L1,1,15,separate,False,0,True,False,False,True,7.7689862838483466,True,7.7689862838483466
v3_sc3_staging_03,L1,1,15,joint,False,0,True,False,False,True,7.7689862838483466,True,7.7689862838483466
v3_sc3_staging_03,L1,1,15,oracle,False,0,True,False,False,True,7.7689862838483466,True,7.7689862838483466
v3_sc3_staging_03,L1,1,16,uncalibrated,False,0,True,False,False,True,6.805634918610408,True,6.805634918610408
v3_sc3_staging_03,L1,1,16,label_cell,False,0,True,False,False,True,7.1227922061357845,True,6.805634918610408
v3_sc3_staging_03,L1,1,16,label_only,False,0,True,False,False,True,6.805634918610408,True,6.805634918610408
v3_sc3_staging_03,L1,1,16,pose_only,False,0,True,False,False,True,6.805634918610408,True,6.805634918610408
v3_sc3_staging_03,L1,1,16,separate,False,0,True,False,False,True,6.805634918610408,True,6.805634918610408
v3_sc3_staging_03,L1,1,16,joint,False,0,True,False,False,True,6.805634918610408,True,6.805634918610408
v3_sc3_staging_03,L1,1,16,oracle,False,0,True,False,False,True,6.805634918610408,True,6.805634918610408
v3_sc3_staging_03,L1,1,17,uncalibrated,False,0,True,False,False,True,4.867766952966369,True,4.867766952966369
v3_sc3_staging_03,L1,1,17,label_cell,False,0,True,False,False,True,5.617766952966369,True,4.867766952966369
v3_sc3_staging_03,L1,1,17,label_only,False,0,True,False,False,True,4.867766952966369,True,4.867766952966369
v3_sc3_staging_03,L1,1,17,pose_only,False,0,True,False,False,True,4.867766952966369,True,4.867766952966369
v3_sc3_staging_03,L1,1,17,separate,False,0,True,False,False,True,4.867766952966369,True,4.867766952966369
v3_sc3_staging_03,L1,1,17,joint,False,0,True,False,False,True,4.867766952966369,True,4.867766952966369
v3_sc3_staging_03,L1,1,17,oracle,False,0,True,False,False,True,4.867766952966369,True,4.867766952966369
v3_sc3_staging_03,L1,1,18,uncalibrated,False,0,True,False,False,True,4.531980515339465,True,4.531980515339465
v3_sc3_staging_03,L1,1,18,label_cell,False,0,True,False,False,True,4.866295090390227,True,4.531980515339465
v3_sc3_staging_03,L1,1,18,label_only,False,0,True,False,False,True,4.531980515339465,True,4.531980515339465
v3_sc3_staging_03,L1,1,18,pose_only,False,0,True,False,False,True,4.531980515339465,True,4.531980515339465
v3_sc3_staging_03,L1,1,18,separate,False,0,True,False,False,True,4.531980515339465,True,4.531980515339465
v3_sc3_staging_03,L1,1,18,joint,False,0,True,False,False,True,4.531980515339465,True,4.531980515339465
v3_sc3_staging_03,L1,1,18,oracle,False,0,True,False,False,True,4.531980515339465,True,4.531980515339465
v3_sc3_staging_03,L1,1,19,uncalibrated,False,0,True,False,False,True,3.7677669529663684,True,3.7677669529663684
v3_sc3_staging_03,L1,1,19,label_cell,False,0,True,False,False,True,3.7677669529663684,True,3.7677669529663684
v3_sc3_staging_03,L1,1,19,label_only,False,0,True,False,False,True,3.7677669529663684,True,3.7677669529663684
v3_sc3_staging_03,L1,1,19,pose_only,False,0,True,False,False,True,3.7677669529663684,True,3.7677669529663684
v3_sc3_staging_03,L1,1,19,separate,False,0,True,False,False,True,3.7677669529663684,True,3.7677669529663684
v3_sc3_staging_03,L1,1,19,joint,False,0,True,False,False,True,3.7677669529663684,True,3.7677669529663684
v3_sc3_staging_03,L1,1,19,oracle,False,0,True,False,False,True,3.7677669529663684,True,3.7677669529663684
v3_sc3_staging_03,L1,2,0,uncalibrated,False,0,True,False,False,True,5.144974746830584,True,5.1449747468305835
v3_sc3_staging_03,L1,2,0,label_cell,False,0,False,False,False,False,nan,False,5.1449747468305835
v3_sc3_staging_03,L1,2,0,label_only,False,0,True,False,False,True,5.23492424049175,True,5.1449747468305835
v3_sc3_staging_03,L1,2,0,pose_only,False,0,True,False,False,True,5.144974746830584,True,5.1449747468305835
v3_sc3_staging_03,L1,2,0,separate,False,0,True,False,False,True,5.23492424049175,True,5.1449747468305835
v3_sc3_staging_03,L1,2,0,joint,False,0,True,False,False,True,5.23492424049175,True,5.1449747468305835
v3_sc3_staging_03,L1,2,0,oracle,False,0,True,False,False,True,5.1449747468305835,True,5.1449747468305835
v3_sc3_staging_03,L1,2,1,uncalibrated,False,0,True,False,False,True,4.203553390593274,True,4.203553390593274
v3_sc3_staging_03,L1,2,1,label_cell,False,0,True,False,False,True,4.327817459305202,True,4.203553390593274
v3_sc3_staging_03,L1,2,1,label_only,False,0,True,False,False,True,4.203553390593274,True,4.203553390593274
v3_sc3_staging_03,L1,2,1,pose_only,False,0,True,False,False,True,4.203553390593274,True,4.203553390593274
v3_sc3_staging_03,L1,2,1,separate,False,0,True,False,False,True,4.203553390593274,True,4.203553390593274
v3_sc3_staging_03,L1,2,1,joint,False,0,True,False,False,True,4.203553390593274,True,4.203553390593274
v3_sc3_staging_03,L1,2,1,oracle,False,0,True,False,False,True,4.203553390593274,True,4.203553390593274
v3_sc3_staging_03,L1,2,2,uncalibrated,False,0,True,False,False,True,4.019848480983499,True,4.019848480983499
v3_sc3_staging_03,L1,2,2,label_cell,False,0,True,False,False,True,4.019848480983499,True,4.019848480983499
v3_sc3_staging_03,L1,2,2,label_only,False,0,True,False,False,True,4.019848480983499,True,4.019848480983499
v3_sc3_staging_03,L1,2,2,pose_only,False,0,True,False,False,True,4.019848480983499,True,4.019848480983499
v3_sc3_staging_03,L1,2,2,separate,False,0,True,False,False,True,4.019848480983499,True,4.019848480983499
v3_sc3_staging_03,L1,2,2,joint,False,0,True,False,False,True,4.019848480983499,True,4.019848480983499
v3_sc3_staging_03,L1,2,2,oracle,False,0,True,False,False,True,4.019848480983499,True,4.019848480983499
v3_sc3_staging_03,L1,2,3,uncalibrated,False,0,False,False,False,False,nan,False,6.217766952966369
v3_sc3_staging_03,L1,2,3,label_cell,False,0,False,False,False,False,nan,False,6.217766952966369
v3_sc3_staging_03,L1,2,3,label_only,False,0,False,False,False,False,nan,False,6.217766952966369
v3_sc3_staging_03,L1,2,3,pose_only,False,0,False,False,False,False,nan,False,6.217766952966369
v3_sc3_staging_03,L1,2,3,separate,False,0,False,False,False,False,nan,False,6.217766952966369
v3_sc3_staging_03,L1,2,3,joint,False,0,False,False,False,False,nan,False,6.217766952966369
v3_sc3_staging_03,L1,2,3,oracle,False,0,True,False,False,True,6.217766952966369,True,6.217766952966369
v3_sc3_staging_03,L1,2,4,uncalibrated,False,0,True,False,False,True,3.310660171779821,True,3.310660171779821
v3_sc3_staging_03,L1,2,4,label_cell,False,0,False,False,False,False,nan,False,3.310660171779821
v3_sc3_staging_03,L1,2,4,label_only,False,0,True,False,False,True,3.310660171779821,True,3.310660171779821
v3_sc3_staging_03,L1,2,4,pose_only,False,0,True,False,False,True,3.310660171779821,True,3.310660171779821
v3_sc3_staging_03,L1,2,4,separate,False,0,True,False,False,True,3.310660171779821,True,3.310660171779821
v3_sc3_staging_03,L1,2,4,joint,False,0,True,False,False,True,3.310660171779821,True,3.310660171779821
v3_sc3_staging_03,L1,2,4,oracle,False,0,True,False,False,True,3.310660171779821,True,3.310660171779821
v3_sc3_staging_03,L1,2,5,uncalibrated,False,0,True,False,False,True,5.700609665440989,True,5.700609665440989
v3_sc3_staging_03,L1,2,5,label_cell,False,0,False,False,False,False,nan,False,5.700609665440989
v3_sc3_staging_03,L1,2,5,label_only,False,0,True,False,False,True,5.700609665440989,True,5.700609665440989
v3_sc3_staging_03,L1,2,5,pose_only,False,0,True,False,False,True,5.700609665440989,True,5.700609665440989
v3_sc3_staging_03,L1,2,5,separate,False,0,True,False,False,True,5.700609665440989,True,5.700609665440989
v3_sc3_staging_03,L1,2,5,joint,False,0,True,False,False,True,5.700609665440989,True,5.700609665440989
v3_sc3_staging_03,L1,2,5,oracle,False,0,True,False,False,True,5.700609665440989,True,5.700609665440989
v3_sc3_staging_03,L1,2,6,uncalibrated,False,0,True,False,False,True,6.965432893255074,True,6.965432893255074
v3_sc3_staging_03,L1,2,6,label_cell,False,0,False,False,False,False,nan,False,6.965432893255074
v3_sc3_staging_03,L1,2,6,label_only,False,0,True,False,False,True,6.965432893255074,True,6.965432893255074
v3_sc3_staging_03,L1,2,6,pose_only,False,0,True,False,False,True,6.965432893255074,True,6.965432893255074
v3_sc3_staging_03,L1,2,6,separate,False,0,True,False,False,True,6.965432893255074,True,6.965432893255074
v3_sc3_staging_03,L1,2,6,joint,False,0,True,False,False,True,6.965432893255074,True,6.965432893255074
v3_sc3_staging_03,L1,2,6,oracle,False,0,True,False,False,True,6.965432893255074,True,6.965432893255074
v3_sc3_staging_03,L1,2,7,uncalibrated,False,0,True,False,False,True,6.238477631085023,True,6.238477631085023
v3_sc3_staging_03,L1,2,7,label_cell,False,0,True,False,False,True,6.362741699796953,True,6.238477631085023
v3_sc3_staging_03,L1,2,7,label_only,False,0,True,False,False,True,6.238477631085023,True,6.238477631085023
v3_sc3_staging_03,L1,2,7,pose_only,False,0,True,False,False,True,6.238477631085023,True,6.238477631085023
v3_sc3_staging_03,L1,2,7,separate,False,0,True,False,False,True,6.238477631085023,True,6.238477631085023
v3_sc3_staging_03,L1,2,7,joint,False,0,True,False,False,True,6.238477631085023,True,6.238477631085023
v3_sc3_staging_03,L1,2,7,oracle,False,0,True,False,False,True,6.238477631085023,True,6.238477631085023
v3_sc3_staging_03,L1,2,8,uncalibrated,False,0,True,False,False,True,6.881370849898477,True,6.881370849898477
v3_sc3_staging_03,L1,2,8,label_cell,False,0,False,False,False,False,nan,False,6.881370849898477
v3_sc3_staging_03,L1,2,8,label_only,False,0,True,False,False,True,6.881370849898477,True,6.881370849898477
v3_sc3_staging_03,L1,2,8,pose_only,False,0,True,False,False,True,6.881370849898477,True,6.881370849898477
v3_sc3_staging_03,L1,2,8,separate,False,0,True,False,False,True,6.881370849898477,True,6.881370849898477
v3_sc3_staging_03,L1,2,8,joint,False,0,True,False,False,True,6.881370849898477,True,6.881370849898477
v3_sc3_staging_03,L1,2,8,oracle,False,0,True,False,False,True,6.881370849898477,True,6.881370849898477
v3_sc3_staging_03,L1,2,9,uncalibrated,False,0,True,False,False,True,4.8677669529663685,True,4.8677669529663685
v3_sc3_staging_03,L1,2,9,label_cell,False,0,False,False,False,False,nan,False,4.8677669529663685
v3_sc3_staging_03,L1,2,9,label_only,False,0,True,False,False,True,4.8677669529663685,True,4.8677669529663685
v3_sc3_staging_03,L1,2,9,pose_only,False,0,True,False,False,True,4.8677669529663685,True,4.8677669529663685
v3_sc3_staging_03,L1,2,9,separate,False,0,True,False,False,True,4.8677669529663685,True,4.8677669529663685
v3_sc3_staging_03,L1,2,9,joint,False,0,True,False,False,True,4.8677669529663685,True,4.8677669529663685
v3_sc3_staging_03,L1,2,9,oracle,False,0,True,False,False,True,4.8677669529663685,True,4.8677669529663685
v3_sc3_staging_03,L1,2,10,uncalibrated,False,0,True,False,False,True,5.0884776310850235,True,5.0884776310850235
v3_sc3_staging_03,L1,2,10,label_cell,False,0,True,False,False,True,5.92634559672906,True,5.0884776310850235
v3_sc3_staging_03,L1,2,10,label_only,False,0,True,False,False,True,5.0884776310850235,True,5.0884776310850235
v3_sc3_staging_03,L1,2,10,pose_only,False,0,True,False,False,True,5.0884776310850235,True,5.0884776310850235
v3_sc3_staging_03,L1,2,10,separate,False,0,True,False,False,True,5.0884776310850235,True,5.0884776310850235
v3_sc3_staging_03,L1,2,10,joint,False,0,True,False,False,True,5.0884776310850235,True,5.0884776310850235
v3_sc3_staging_03,L1,2,10,oracle,False,0,True,False,False,True,5.0884776310850235,True,5.0884776310850235
v3_sc3_staging_03,L1,2,11,uncalibrated,False,0,True,False,False,True,4.110660171779823,True,4.110660171779823
v3_sc3_staging_03,L1,2,11,label_cell,False,0,False,False,False,False,nan,False,4.110660171779823
v3_sc3_staging_03,L1,2,11,label_only,False,0,True,False,False,True,4.110660171779823,True,4.110660171779823
v3_sc3_staging_03,L1,2,11,pose_only,False,0,True,False,False,True,4.110660171779823,True,4.110660171779823
v3_sc3_staging_03,L1,2,11,separate,False,0,True,False,False,True,4.110660171779823,True,4.110660171779823
v3_sc3_staging_03,L1,2,11,joint,False,0,True,False,False,True,4.110660171779823,True,4.110660171779823
v3_sc3_staging_03,L1,2,11,oracle,False,0,True,False,False,True,4.110660171779823,True,4.110660171779823
v3_sc3_staging_03,L1,2,12,uncalibrated,False,0,True,False,False,True,5.819238815542512,True,5.819238815542512
v3_sc3_staging_03,L1,2,12,label_cell,False,0,False,False,False,False,nan,False,5.819238815542512
v3_sc3_staging_03,L1,2,12,label_only,False,0,True,False,False,True,5.819238815542512,True,5.819238815542512
v3_sc3_staging_03,L1,2,12,pose_only,False,0,True,False,False,True,5.819238815542512,True,5.819238815542512
v3_sc3_staging_03,L1,2,12,separate,False,0,True,False,False,True,5.819238815542512,True,5.819238815542512
v3_sc3_staging_03,L1,2,12,joint,False,0,True,False,False,True,5.819238815542512,True,5.819238815542512
v3_sc3_staging_03,L1,2,12,oracle,False,0,True,False,False,True,5.819238815542512,True,5.819238815542512
v3_sc3_staging_03,L1,2,13,uncalibrated,False,0,True,False,False,True,4.116295090390227,True,4.116295090390227
v3_sc3_staging_03,L1,2,13,label_cell,False,0,False,False,False,False,nan,False,4.116295090390227
v3_sc3_staging_03,L1,2,13,label_only,False,0,True,False,False,True,4.116295090390227,True,4.116295090390227
v3_sc3_staging_03,L1,2,13,pose_only,False,0,True,False,False,True,4.116295090390227,True,4.116295090390227
v3_sc3_staging_03,L1,2,13,separate,False,0,True,False,False,True,4.116295090390227,True,4.116295090390227
v3_sc3_staging_03,L1,2,13,joint,False,0,True,False,False,True,4.116295090390227,True,4.116295090390227
v3_sc3_staging_03,L1,2,13,oracle,False,0,True,False,False,True,4.116295090390227,True,4.116295090390227
v3_sc3_staging_03,L1,2,14,uncalibrated,False,0,True,False,False,True,3.3384776310850235,True,3.3384776310850235
v3_sc3_staging_03,L1,2,14,label_cell,False,0,True,False,False,True,3.6642135623730954,True,3.3384776310850235
v3_sc3_staging_03,L1,2,14,label_only,False,0,True,False,False,True,3.3384776310850235,True,3.3384776310850235
v3_sc3_staging_03,L1,2,14,pose_only,False,0,True,False,False,True,3.3384776310850235,True,3.3384776310850235
v3_sc3_staging_03,L1,2,14,separate,False,0,True,False,False,True,3.3384776310850235,True,3.3384776310850235
v3_sc3_staging_03,L1,2,14,joint,False,0,True,False,False,True,3.3384776310850235,True,3.3384776310850235
v3_sc3_staging_03,L1,2,14,oracle,False,0,True,False,False,True,3.3384776310850235,True,3.3384776310850235
v3_sc3_staging_03,L1,2,15,uncalibrated,False,0,True,False,False,True,7.7689862838483466,True,7.7689862838483466
v3_sc3_staging_03,L1,2,15,label_cell,False,0,False,False,False,False,nan,False,7.7689862838483466
v3_sc3_staging_03,L1,2,15,label_only,False,0,True,False,False,True,7.7689862838483466,True,7.7689862838483466
v3_sc3_staging_03,L1,2,15,pose_only,False,0,True,False,False,True,7.7689862838483466,True,7.7689862838483466
v3_sc3_staging_03,L1,2,15,separate,False,0,True,False,False,True,7.7689862838483466,True,7.7689862838483466
v3_sc3_staging_03,L1,2,15,joint,False,0,True,False,False,True,7.7689862838483466,True,7.7689862838483466
v3_sc3_staging_03,L1,2,15,oracle,False,0,True,False,False,True,7.7689862838483466,True,7.7689862838483466
v3_sc3_staging_03,L1,2,16,uncalibrated,False,0,True,False,False,True,6.805634918610408,True,6.805634918610408
v3_sc3_staging_03,L1,2,16,label_cell,False,0,True,False,False,True,7.1227922061357845,True,6.805634918610408
v3_sc3_staging_03,L1,2,16,label_only,False,0,True,False,False,True,6.805634918610408,True,6.805634918610408
v3_sc3_staging_03,L1,2,16,pose_only,False,0,True,False,False,True,6.805634918610408,True,6.805634918610408
v3_sc3_staging_03,L1,2,16,separate,False,0,True,False,False,True,6.805634918610408,True,6.805634918610408
v3_sc3_staging_03,L1,2,16,joint,False,0,True,False,False,True,6.805634918610408,True,6.805634918610408
v3_sc3_staging_03,L1,2,16,oracle,False,0,True,False,False,True,6.805634918610408,True,6.805634918610408
v3_sc3_staging_03,L1,2,17,uncalibrated,False,0,True,False,False,True,4.867766952966369,True,4.867766952966369
v3_sc3_staging_03,L1,2,17,label_cell,False,0,True,False,False,True,5.617766952966369,True,4.867766952966369
v3_sc3_staging_03,L1,2,17,label_only,False,0,True,False,False,True,4.867766952966369,True,4.867766952966369
v3_sc3_staging_03,L1,2,17,pose_only,False,0,True,False,False,True,4.867766952966369,True,4.867766952966369
v3_sc3_staging_03,L1,2,17,separate,False,0,True,False,False,True,4.867766952966369,True,4.867766952966369
v3_sc3_staging_03,L1,2,17,joint,False,0,True,False,False,True,4.867766952966369,True,4.867766952966369
v3_sc3_staging_03,L1,2,17,oracle,False,0,True,False,False,True,4.867766952966369,True,4.867766952966369
v3_sc3_staging_03,L1,2,18,uncalibrated,False,0,True,False,False,True,4.531980515339465,True,4.531980515339465
v3_sc3_staging_03,L1,2,18,label_cell,False,0,True,False,False,True,4.866295090390227,True,4.531980515339465
v3_sc3_staging_03,L1,2,18,label_only,False,0,True,False,False,True,4.531980515339465,True,4.531980515339465
v3_sc3_staging_03,L1,2,18,pose_only,False,0,True,False,False,True,4.531980515339465,True,4.531980515339465
v3_sc3_staging_03,L1,2,18,separate,False,0,True,False,False,True,4.531980515339465,True,4.531980515339465
v3_sc3_staging_03,L1,2,18,joint,False,0,True,False,False,True,4.531980515339465,True,4.531980515339465
v3_sc3_staging_03,L1,2,18,oracle,False,0,True,False,False,True,4.531980515339465,True,4.531980515339465
v3_sc3_staging_03,L1,2,19,uncalibrated,False,0,True,False,False,True,3.7677669529663684,True,3.7677669529663684
v3_sc3_staging_03,L1,2,19,label_cell,False,0,True,False,False,True,3.7677669529663684,True,3.7677669529663684
v3_sc3_staging_03,L1,2,19,label_only,False,0,True,False,False,True,3.7677669529663684,True,3.7677669529663684
v3_sc3_staging_03,L1,2,19,pose_only,False,0,True,False,False,True,3.7677669529663684,True,3.7677669529663684
v3_sc3_staging_03,L1,2,19,separate,False,0,True,False,False,True,3.7677669529663684,True,3.7677669529663684
v3_sc3_staging_03,L1,2,19,joint,False,0,True,False,False,True,3.7677669529663684,True,3.7677669529663684
v3_sc3_staging_03,L1,2,19,oracle,False,0,True,False,False,True,3.7677669529663684,True,3.7677669529663684
v3_sc3_staging_03,L1,3,0,uncalibrated,False,0,True,False,False,True,5.1742640687119295,True,5.1742640687119295
v3_sc3_staging_03,L1,3,0,label_cell,False,0,False,False,False,False,nan,False,5.1742640687119295
v3_sc3_staging_03,L1,3,0,label_only,False,0,True,False,False,True,5.23492424049175,True,5.1742640687119295
v3_sc3_staging_03,L1,3,0,pose_only,False,0,True,False,False,True,5.1742640687119295,True,5.1742640687119295
v3_sc3_staging_03,L1,3,0,separate,False,0,True,False,False,True,5.23492424049175,True,5.1742640687119295
v3_sc3_staging_03,L1,3,0,joint,False,0,True,False,False,True,5.23492424049175,True,5.1742640687119295
v3_sc3_staging_03,L1,3,0,oracle,False,0,True,False,False,True,5.1742640687119295,True,5.1742640687119295
v3_sc3_staging_03,L1,3,1,uncalibrated,False,0,True,False,False,True,4.203553390593274,True,4.203553390593274
v3_sc3_staging_03,L1,3,1,label_cell,False,0,True,False,False,True,4.327817459305202,True,4.203553390593274
v3_sc3_staging_03,L1,3,1,label_only,False,0,True,False,False,True,4.203553390593274,True,4.203553390593274
v3_sc3_staging_03,L1,3,1,pose_only,False,0,True,False,False,True,4.203553390593274,True,4.203553390593274
v3_sc3_staging_03,L1,3,1,separate,False,0,True,False,False,True,4.203553390593274,True,4.203553390593274
v3_sc3_staging_03,L1,3,1,joint,False,0,True,False,False,True,4.203553390593274,True,4.203553390593274
v3_sc3_staging_03,L1,3,1,oracle,False,0,True,False,False,True,4.203553390593274,True,4.203553390593274
v3_sc3_staging_03,L1,3,2,uncalibrated,False,0,True,False,False,True,4.019848480983499,True,4.019848480983499
v3_sc3_staging_03,L1,3,2,label_cell,False,0,True,False,False,True,4.019848480983499,True,4.019848480983499
v3_sc3_staging_03,L1,3,2,label_only,False,0,True,False,False,True,4.019848480983499,True,4.019848480983499
v3_sc3_staging_03,L1,3,2,pose_only,False,0,True,False,False,True,4.019848480983499,True,4.019848480983499
v3_sc3_staging_03,L1,3,2,separate,False,0,True,False,False,True,4.019848480983499,True,4.019848480983499
v3_sc3_staging_03,L1,3,2,joint,False,0,True,False,False,True,4.019848480983499,True,4.019848480983499
v3_sc3_staging_03,L1,3,2,oracle,False,0,True,False,False,True,4.019848480983499,True,4.019848480983499
v3_sc3_staging_03,L1,3,3,uncalibrated,False,0,False,False,False,False,nan,False,nan
v3_sc3_staging_03,L1,3,3,label_cell,False,0,False,False,False,False,nan,False,nan
v3_sc3_staging_03,L1,3,3,label_only,False,0,False,False,False,False,nan,False,nan
v3_sc3_staging_03,L1,3,3,pose_only,False,0,False,False,False,False,nan,False,nan
v3_sc3_staging_03,L1,3,3,separate,False,0,False,False,False,False,nan,False,nan
v3_sc3_staging_03,L1,3,3,joint,False,0,False,False,False,False,nan,False,nan
v3_sc3_staging_03,L1,3,3,oracle,False,0,False,False,False,False,nan,False,nan
v3_sc3_staging_03,L1,3,4,uncalibrated,False,0,True,False,False,True,3.310660171779821,True,3.310660171779821
v3_sc3_staging_03,L1,3,4,label_cell,False,0,False,False,False,False,nan,False,3.310660171779821
v3_sc3_staging_03,L1,3,4,label_only,False,0,True,False,False,True,3.310660171779821,True,3.310660171779821
v3_sc3_staging_03,L1,3,4,pose_only,False,0,True,False,False,True,3.310660171779821,True,3.310660171779821
v3_sc3_staging_03,L1,3,4,separate,False,0,True,False,False,True,3.310660171779821,True,3.310660171779821
v3_sc3_staging_03,L1,3,4,joint,False,0,True,False,False,True,3.310660171779821,True,3.310660171779821
v3_sc3_staging_03,L1,3,4,oracle,False,0,True,False,False,True,3.310660171779821,True,3.310660171779821
v3_sc3_staging_03,L1,3,5,uncalibrated,False,0,True,False,False,True,5.700609665440989,True,5.700609665440989
v3_sc3_staging_03,L1,3,5,label_cell,False,0,False,False,False,False,nan,False,5.700609665440989
v3_sc3_staging_03,L1,3,5,label_only,False,0,True,False,False,True,5.700609665440989,True,5.700609665440989
v3_sc3_staging_03,L1,3,5,pose_only,False,0,True,False,False,True,5.700609665440989,True,5.700609665440989
v3_sc3_staging_03,L1,3,5,separate,False,0,True,False,False,True,5.700609665440989,True,5.700609665440989
v3_sc3_staging_03,L1,3,5,joint,False,0,True,False,False,True,5.700609665440989,True,5.700609665440989
v3_sc3_staging_03,L1,3,5,oracle,False,0,True,False,False,True,5.700609665440989,True,5.700609665440989
v3_sc3_staging_03,L1,3,6,uncalibrated,False,0,True,False,False,True,6.965432893255074,True,6.965432893255074
v3_sc3_staging_03,L1,3,6,label_cell,False,0,False,False,False,False,nan,False,6.965432893255074
v3_sc3_staging_03,L1,3,6,label_only,False,0,True,False,False,True,6.965432893255074,True,6.965432893255074
v3_sc3_staging_03,L1,3,6,pose_only,False,0,True,False,False,True,6.965432893255074,True,6.965432893255074
v3_sc3_staging_03,L1,3,6,separate,False,0,True,False,False,True,6.965432893255074,True,6.965432893255074
v3_sc3_staging_03,L1,3,6,joint,False,0,True,False,False,True,6.965432893255074,True,6.965432893255074
v3_sc3_staging_03,L1,3,6,oracle,False,0,True,False,False,True,6.965432893255074,True,6.965432893255074
v3_sc3_staging_03,L1,3,7,uncalibrated,False,0,True,False,False,True,6.238477631085023,True,6.238477631085023
v3_sc3_staging_03,L1,3,7,label_cell,False,0,True,False,False,True,6.362741699796953,True,6.238477631085023
v3_sc3_staging_03,L1,3,7,label_only,False,0,True,False,False,True,6.238477631085023,True,6.238477631085023
v3_sc3_staging_03,L1,3,7,pose_only,False,0,True,False,False,True,6.238477631085023,True,6.238477631085023
v3_sc3_staging_03,L1,3,7,separate,False,0,True,False,False,True,6.238477631085023,True,6.238477631085023
v3_sc3_staging_03,L1,3,7,joint,False,0,True,False,False,True,6.238477631085023,True,6.238477631085023
v3_sc3_staging_03,L1,3,7,oracle,False,0,True,False,False,True,6.238477631085023,True,6.238477631085023
v3_sc3_staging_03,L1,3,8,uncalibrated,False,0,True,False,False,True,6.881370849898477,True,6.881370849898477
v3_sc3_staging_03,L1,3,8,label_cell,False,0,False,False,False,False,nan,False,6.881370849898477
v3_sc3_staging_03,L1,3,8,label_only,False,0,True,False,False,True,6.881370849898477,True,6.881370849898477
v3_sc3_staging_03,L1,3,8,pose_only,False,0,True,False,False,True,6.881370849898477,True,6.881370849898477
v3_sc3_staging_03,L1,3,8,separate,False,0,True,False,False,True,6.881370849898477,True,6.881370849898477
v3_sc3_staging_03,L1,3,8,joint,False,0,True,False,False,True,6.881370849898477,True,6.881370849898477
v3_sc3_staging_03,L1,3,8,oracle,False,0,True,False,False,True,6.881370849898477,True,6.881370849898477
v3_sc3_staging_03,L1,3,9,uncalibrated,False,0,True,False,False,True,4.8677669529663685,True,4.8677669529663685
v3_sc3_staging_03,L1,3,9,label_cell,False,0,False,False,False,False,nan,False,4.8677669529663685
v3_sc3_staging_03,L1,3,9,label_only,False,0,True,False,False,True,4.8677669529663685,True,4.8677669529663685
v3_sc3_staging_03,L1,3,9,pose_only,False,0,True,False,False,True,4.8677669529663685,True,4.8677669529663685
v3_sc3_staging_03,L1,3,9,separate,False,0,True,False,False,True,4.8677669529663685,True,4.8677669529663685
v3_sc3_staging_03,L1,3,9,joint,False,0,True,False,False,True,4.8677669529663685,True,4.8677669529663685
v3_sc3_staging_03,L1,3,9,oracle,False,0,True,False,False,True,4.8677669529663685,True,4.8677669529663685
v3_sc3_staging_03,L1,3,10,uncalibrated,False,0,True,False,False,True,5.0884776310850235,True,5.0884776310850235
v3_sc3_staging_03,L1,3,10,label_cell,False,0,True,False,False,True,5.92634559672906,True,5.0884776310850235
v3_sc3_staging_03,L1,3,10,label_only,False,0,True,False,False,True,5.0884776310850235,True,5.0884776310850235
v3_sc3_staging_03,L1,3,10,pose_only,False,0,True,False,False,True,5.0884776310850235,True,5.0884776310850235
v3_sc3_staging_03,L1,3,10,separate,False,0,True,False,False,True,5.0884776310850235,True,5.0884776310850235
v3_sc3_staging_03,L1,3,10,joint,False,0,True,False,False,True,5.0884776310850235,True,5.0884776310850235
v3_sc3_staging_03,L1,3,10,oracle,False,0,True,False,False,True,5.0884776310850235,True,5.0884776310850235
v3_sc3_staging_03,L1,3,11,uncalibrated,False,0,True,False,False,True,4.110660171779823,True,4.110660171779823
v3_sc3_staging_03,L1,3,11,label_cell,False,0,False,False,False,False,nan,False,4.110660171779823
v3_sc3_staging_03,L1,3,11,label_only,False,0,True,False,False,True,4.110660171779823,True,4.110660171779823
v3_sc3_staging_03,L1,3,11,pose_only,False,0,True,False,False,True,4.110660171779823,True,4.110660171779823
v3_sc3_staging_03,L1,3,11,separate,False,0,True,False,False,True,4.110660171779823,True,4.110660171779823
v3_sc3_staging_03,L1,3,11,joint,False,0,True,False,False,True,4.110660171779823,True,4.110660171779823
v3_sc3_staging_03,L1,3,11,oracle,False,0,True,False,False,True,4.110660171779823,True,4.110660171779823
v3_sc3_staging_03,L1,3,12,uncalibrated,False,0,True,False,False,True,5.819238815542512,True,5.819238815542512
v3_sc3_staging_03,L1,3,12,label_cell,False,0,False,False,False,False,nan,False,5.819238815542512
v3_sc3_staging_03,L1,3,12,label_only,False,0,True,False,False,True,5.819238815542512,True,5.819238815542512
v3_sc3_staging_03,L1,3,12,pose_only,False,0,True,False,False,True,5.819238815542512,True,5.819238815542512
v3_sc3_staging_03,L1,3,12,separate,False,0,True,False,False,True,5.819238815542512,True,5.819238815542512
v3_sc3_staging_03,L1,3,12,joint,False,0,True,False,False,True,5.819238815542512,True,5.819238815542512
v3_sc3_staging_03,L1,3,12,oracle,False,0,True,False,False,True,5.819238815542512,True,5.819238815542512
v3_sc3_staging_03,L1,3,13,uncalibrated,False,0,True,False,False,True,4.116295090390227,True,4.116295090390227
v3_sc3_staging_03,L1,3,13,label_cell,False,0,False,False,False,False,nan,False,4.116295090390227
v3_sc3_staging_03,L1,3,13,label_only,False,0,True,False,False,True,4.116295090390227,True,4.116295090390227
v3_sc3_staging_03,L1,3,13,pose_only,False,0,True,False,False,True,4.116295090390227,True,4.116295090390227
v3_sc3_staging_03,L1,3,13,separate,False,0,True,False,False,True,4.116295090390227,True,4.116295090390227
v3_sc3_staging_03,L1,3,13,joint,False,0,True,False,False,True,4.116295090390227,True,4.116295090390227
v3_sc3_staging_03,L1,3,13,oracle,False,0,True,False,False,True,4.116295090390227,True,4.116295090390227
v3_sc3_staging_03,L1,3,14,uncalibrated,False,0,True,False,False,True,3.3384776310850235,True,3.3384776310850235
v3_sc3_staging_03,L1,3,14,label_cell,False,0,True,False,False,True,3.6642135623730954,True,3.3384776310850235
v3_sc3_staging_03,L1,3,14,label_only,False,0,True,False,False,True,3.3384776310850235,True,3.3384776310850235
v3_sc3_staging_03,L1,3,14,pose_only,False,0,True,False,False,True,3.3384776310850235,True,3.3384776310850235
v3_sc3_staging_03,L1,3,14,separate,False,0,True,False,False,True,3.3384776310850235,True,3.3384776310850235
v3_sc3_staging_03,L1,3,14,joint,False,0,True,False,False,True,3.3384776310850235,True,3.3384776310850235
v3_sc3_staging_03,L1,3,14,oracle,False,0,True,False,False,True,3.3384776310850235,True,3.3384776310850235
v3_sc3_staging_03,L1,3,15,uncalibrated,False,0,False,False,False,False,nan,False,nan
v3_sc3_staging_03,L1,3,15,label_cell,False,0,False,False,False,False,nan,False,nan
v3_sc3_staging_03,L1,3,15,label_only,False,0,False,False,False,False,nan,False,nan
v3_sc3_staging_03,L1,3,15,pose_only,False,0,False,False,False,False,nan,False,nan
v3_sc3_staging_03,L1,3,15,separate,False,0,False,False,False,False,nan,False,nan
v3_sc3_staging_03,L1,3,15,joint,False,0,False,False,False,False,nan,False,nan
v3_sc3_staging_03,L1,3,15,oracle,False,0,False,False,False,False,nan,False,nan
v3_sc3_staging_03,L1,3,16,uncalibrated,False,0,True,False,False,True,6.805634918610408,True,6.805634918610408
v3_sc3_staging_03,L1,3,16,label_cell,False,0,True,False,False,True,7.1227922061357845,True,6.805634918610408
v3_sc3_staging_03,L1,3,16,label_only,False,0,True,False,False,True,6.805634918610408,True,6.805634918610408
v3_sc3_staging_03,L1,3,16,pose_only,False,0,True,False,False,True,6.805634918610408,True,6.805634918610408
v3_sc3_staging_03,L1,3,16,separate,False,0,True,False,False,True,6.805634918610408,True,6.805634918610408
v3_sc3_staging_03,L1,3,16,joint,False,0,True,False,False,True,6.805634918610408,True,6.805634918610408
v3_sc3_staging_03,L1,3,16,oracle,False,0,True,False,False,True,6.805634918610408,True,6.805634918610408
v3_sc3_staging_03,L1,3,17,uncalibrated,False,0,True,False,False,True,4.867766952966369,True,4.867766952966369
v3_sc3_staging_03,L1,3,17,label_cell,False,0,True,False,False,True,5.617766952966369,True,4.867766952966369
v3_sc3_staging_03,L1,3,17,label_only,False,0,True,False,False,True,4.867766952966369,True,4.867766952966369
v3_sc3_staging_03,L1,3,17,pose_only,False,0,True,False,False,True,4.867766952966369,True,4.867766952966369
v3_sc3_staging_03,L1,3,17,separate,False,0,True,False,False,True,4.867766952966369,True,4.867766952966369
v3_sc3_staging_03,L1,3,17,joint,False,0,True,False,False,True,4.867766952966369,True,4.867766952966369
v3_sc3_staging_03,L1,3,17,oracle,False,0,True,False,False,True,4.867766952966369,True,4.867766952966369
v3_sc3_staging_03,L1,3,18,uncalibrated,False,0,True,False,False,True,4.531980515339465,True,4.531980515339465
v3_sc3_staging_03,L1,3,18,label_cell,False,0,True,False,False,True,4.866295090390227,True,4.531980515339465
v3_sc3_staging_03,L1,3,18,label_only,False,0,True,False,False,True,4.531980515339465,True,4.531980515339465
v3_sc3_staging_03,L1,3,18,pose_only,False,0,True,False,False,True,4.531980515339465,True,4.531980515339465
v3_sc3_staging_03,L1,3,18,separate,False,0,True,False,False,True,4.531980515339465,True,4.531980515339465
v3_sc3_staging_03,L1,3,18,joint,False,0,True,False,False,True,4.531980515339465,True,4.531980515339465
v3_sc3_staging_03,L1,3,18,oracle,False,0,True,False,False,True,4.531980515339465,True,4.531980515339465
v3_sc3_staging_03,L1,3,19,uncalibrated,False,0,True,False,False,True,3.7677669529663684,True,3.7677669529663684
v3_sc3_staging_03,L1,3,19,label_cell,False,0,True,False,False,True,3.7677669529663684,True,3.7677669529663684
v3_sc3_staging_03,L1,3,19,label_only,False,0,True,False,False,True,3.7677669529663684,True,3.7677669529663684
v3_sc3_staging_03,L1,3,19,pose_only,False,0,True,False,False,True,3.7677669529663684,True,3.7677669529663684
v3_sc3_staging_03,L1,3,19,separate,False,0,True,False,False,True,3.7677669529663684,True,3.7677669529663684
v3_sc3_staging_03,L1,3,19,joint,False,0,True,False,False,True,3.7677669529663684,True,3.7677669529663684
v3_sc3_staging_03,L1,3,19,oracle,False,0,True,False,False,True,3.7677669529663684,True,3.7677669529663684
v3_sc3_staging_03,L1,4,0,uncalibrated,False,0,True,False,False,True,5.144974746830584,True,5.144974746830584
v3_sc3_staging_03,L1,4,0,label_cell,False,0,False,False,False,False,nan,False,5.144974746830584
v3_sc3_staging_03,L1,4,0,label_only,False,0,True,False,False,True,5.23492424049175,True,5.144974746830584
v3_sc3_staging_03,L1,4,0,pose_only,False,0,True,False,False,True,5.144974746830584,True,5.144974746830584
v3_sc3_staging_03,L1,4,0,separate,False,0,True,False,False,True,5.23492424049175,True,5.144974746830584
v3_sc3_staging_03,L1,4,0,joint,False,0,True,False,False,True,5.23492424049175,True,5.144974746830584
v3_sc3_staging_03,L1,4,0,oracle,False,0,True,False,False,True,5.144974746830584,True,5.144974746830584
v3_sc3_staging_03,L1,4,1,uncalibrated,False,0,True,False,False,True,4.203553390593274,True,4.203553390593274
v3_sc3_staging_03,L1,4,1,label_cell,False,0,True,False,False,True,4.327817459305202,True,4.203553390593274
v3_sc3_staging_03,L1,4,1,label_only,False,0,True,False,False,True,4.203553390593274,True,4.203553390593274
v3_sc3_staging_03,L1,4,1,pose_only,False,0,True,False,False,True,4.203553390593274,True,4.203553390593274
v3_sc3_staging_03,L1,4,1,separate,False,0,True,False,False,True,4.203553390593274,True,4.203553390593274
v3_sc3_staging_03,L1,4,1,joint,False,0,True,False,False,True,4.203553390593274,True,4.203553390593274
v3_sc3_staging_03,L1,4,1,oracle,False,0,True,False,False,True,4.203553390593274,True,4.203553390593274
v3_sc3_staging_03,L1,4,2,uncalibrated,False,0,True,False,False,True,4.019848480983499,True,4.019848480983499
v3_sc3_staging_03,L1,4,2,label_cell,False,0,True,False,False,True,4.019848480983499,True,4.019848480983499
v3_sc3_staging_03,L1,4,2,label_only,False,0,True,False,False,True,4.019848480983499,True,4.019848480983499
v3_sc3_staging_03,L1,4,2,pose_only,False,0,True,False,False,True,4.019848480983499,True,4.019848480983499
v3_sc3_staging_03,L1,4,2,separate,False,0,True,False,False,True,4.019848480983499,True,4.019848480983499
v3_sc3_staging_03,L1,4,2,joint,False,0,True,False,False,True,4.019848480983499,True,4.019848480983499
v3_sc3_staging_03,L1,4,2,oracle,False,0,True,False,False,True,4.019848480983499,True,4.019848480983499
v3_sc3_staging_03,L1,4,3,uncalibrated,False,0,False,False,False,False,nan,False,nan
v3_sc3_staging_03,L1,4,3,label_cell,False,0,False,False,False,False,nan,False,nan
v3_sc3_staging_03,L1,4,3,label_only,False,0,False,False,False,False,nan,False,nan
v3_sc3_staging_03,L1,4,3,pose_only,False,0,False,False,False,False,nan,False,nan
v3_sc3_staging_03,L1,4,3,separate,False,0,False,False,False,False,nan,False,nan
v3_sc3_staging_03,L1,4,3,joint,False,0,False,False,False,False,nan,False,nan
v3_sc3_staging_03,L1,4,3,oracle,False,0,False,False,False,False,nan,False,nan
v3_sc3_staging_03,L1,4,4,uncalibrated,False,0,True,False,False,True,3.310660171779821,True,3.281370849898476
v3_sc3_staging_03,L1,4,4,label_cell,False,0,False,False,False,False,nan,False,3.281370849898476
v3_sc3_staging_03,L1,4,4,label_only,False,0,True,False,False,True,3.310660171779821,True,3.281370849898476
v3_sc3_staging_03,L1,4,4,pose_only,False,0,True,False,False,True,3.310660171779821,True,3.281370849898476
v3_sc3_staging_03,L1,4,4,separate,False,0,True,False,False,True,3.310660171779821,True,3.281370849898476
v3_sc3_staging_03,L1,4,4,joint,False,0,True,False,False,True,3.310660171779821,True,3.281370849898476
v3_sc3_staging_03,L1,4,4,oracle,False,0,True,False,False,True,3.281370849898476,True,3.281370849898476
v3_sc3_staging_03,L1,4,5,uncalibrated,False,0,True,False,False,True,5.700609665440989,True,5.700609665440989
v3_sc3_staging_03,L1,4,5,label_cell,False,0,False,False,False,False,nan,False,5.700609665440989
v3_sc3_staging_03,L1,4,5,label_only,False,0,True,False,False,True,5.700609665440989,True,5.700609665440989
v3_sc3_staging_03,L1,4,5,pose_only,False,0,True,False,False,True,5.700609665440989,True,5.700609665440989
v3_sc3_staging_03,L1,4,5,separate,False,0,True,False,False,True,5.700609665440989,True,5.700609665440989
v3_sc3_staging_03,L1,4,5,joint,False,0,True,False,False,True,5.700609665440989,True,5.700609665440989
v3_sc3_staging_03,L1,4,5,oracle,False,0,True,False,False,True,5.700609665440989,True,5.700609665440989
v3_sc3_staging_03,L1,4,6,uncalibrated,False,0,True,False,False,True,6.965432893255074,True,6.965432893255074
v3_sc3_staging_03,L1,4,6,label_cell,False,0,False,False,False,False,nan,False,6.965432893255074
v3_sc3_staging_03,L1,4,6,label_only,False,0,True,False,False,True,6.965432893255074,True,6.965432893255074
v3_sc3_staging_03,L1,4,6,pose_only,False,0,True,False,False,True,6.965432893255074,True,6.965432893255074
v3_sc3_staging_03,L1,4,6,separate,False,0,True,False,False,True,6.965432893255074,True,6.965432893255074
v3_sc3_staging_03,L1,4,6,joint,False,0,True,False,False,True,6.965432893255074,True,6.965432893255074
v3_sc3_staging_03,L1,4,6,oracle,False,0,True,False,False,True,6.965432893255074,True,6.965432893255074
v3_sc3_staging_03,L1,4,7,uncalibrated,False,0,True,False,False,True,6.238477631085023,True,6.238477631085023
v3_sc3_staging_03,L1,4,7,label_cell,False,0,True,False,False,True,6.362741699796953,True,6.238477631085023
v3_sc3_staging_03,L1,4,7,label_only,False,0,True,False,False,True,6.238477631085023,True,6.238477631085023
v3_sc3_staging_03,L1,4,7,pose_only,False,0,True,False,False,True,6.238477631085023,True,6.238477631085023
v3_sc3_staging_03,L1,4,7,separate,False,0,True,False,False,True,6.238477631085023,True,6.238477631085023
v3_sc3_staging_03,L1,4,7,joint,False,0,True,False,False,True,6.238477631085023,True,6.238477631085023
v3_sc3_staging_03,L1,4,7,oracle,False,0,True,False,False,True,6.238477631085023,True,6.238477631085023
v3_sc3_staging_03,L1,4,8,uncalibrated,False,0,True,False,False,True,6.881370849898477,True,6.881370849898477
v3_sc3_staging_03,L1,4,8,label_cell,False,0,False,False,False,False,nan,False,6.881370849898477
v3_sc3_staging_03,L1,4,8,label_only,False,0,True,False,False,True,6.881370849898477,True,6.881370849898477
v3_sc3_staging_03,L1,4,8,pose_only,False,0,True,False,False,True,6.881370849898477,True,6.881370849898477
v3_sc3_staging_03,L1,4,8,separate,False,0,True,False,False,True,6.881370849898477,True,6.881370849898477
v3_sc3_staging_03,L1,4,8,joint,False,0,True,False,False,True,6.881370849898477,True,6.881370849898477
v3_sc3_staging_03,L1,4,8,oracle,False,0,True,False,False,True,6.881370849898477,True,6.881370849898477
v3_sc3_staging_03,L1,4,9,uncalibrated,False,0,True,False,False,True,4.8677669529663685,True,4.8677669529663685
v3_sc3_staging_03,L1,4,9,label_cell,False,0,False,False,False,False,nan,False,4.8677669529663685
v3_sc3_staging_03,L1,4,9,label_only,False,0,True,False,False,True,4.8677669529663685,True,4.8677669529663685
v3_sc3_staging_03,L1,4,9,pose_only,False,0,True,False,False,True,4.8677669529663685,True,4.8677669529663685
v3_sc3_staging_03,L1,4,9,separate,False,0,True,False,False,True,4.8677669529663685,True,4.8677669529663685
v3_sc3_staging_03,L1,4,9,joint,False,0,True,False,False,True,4.8677669529663685,True,4.8677669529663685
v3_sc3_staging_03,L1,4,9,oracle,False,0,True,False,False,True,4.8677669529663685,True,4.8677669529663685
v3_sc3_staging_03,L1,4,10,uncalibrated,False,0,True,False,False,True,5.0884776310850235,True,5.0884776310850235
v3_sc3_staging_03,L1,4,10,label_cell,False,0,True,False,False,True,5.92634559672906,True,5.0884776310850235
v3_sc3_staging_03,L1,4,10,label_only,False,0,True,False,False,True,5.0884776310850235,True,5.0884776310850235
v3_sc3_staging_03,L1,4,10,pose_only,False,0,True,False,False,True,5.0884776310850235,True,5.0884776310850235
v3_sc3_staging_03,L1,4,10,separate,False,0,True,False,False,True,5.0884776310850235,True,5.0884776310850235
v3_sc3_staging_03,L1,4,10,joint,False,0,True,False,False,True,5.0884776310850235,True,5.0884776310850235
v3_sc3_staging_03,L1,4,10,oracle,False,0,True,False,False,True,5.0884776310850235,True,5.0884776310850235
v3_sc3_staging_03,L1,4,11,uncalibrated,False,0,True,False,False,True,4.110660171779823,True,4.110660171779823
v3_sc3_staging_03,L1,4,11,label_cell,False,0,False,False,False,False,nan,False,4.110660171779823
v3_sc3_staging_03,L1,4,11,label_only,False,0,True,False,False,True,4.110660171779823,True,4.110660171779823
v3_sc3_staging_03,L1,4,11,pose_only,False,0,True,False,False,True,4.110660171779823,True,4.110660171779823
v3_sc3_staging_03,L1,4,11,separate,False,0,True,False,False,True,4.110660171779823,True,4.110660171779823
v3_sc3_staging_03,L1,4,11,joint,False,0,True,False,False,True,4.110660171779823,True,4.110660171779823
v3_sc3_staging_03,L1,4,11,oracle,False,0,True,False,False,True,4.110660171779823,True,4.110660171779823
v3_sc3_staging_03,L1,4,12,uncalibrated,False,0,True,False,False,True,5.819238815542512,True,5.819238815542512
v3_sc3_staging_03,L1,4,12,label_cell,False,0,False,False,False,False,nan,False,5.819238815542512
v3_sc3_staging_03,L1,4,12,label_only,False,0,True,False,False,True,5.819238815542512,True,5.819238815542512
v3_sc3_staging_03,L1,4,12,pose_only,False,0,True,False,False,True,5.819238815542512,True,5.819238815542512
v3_sc3_staging_03,L1,4,12,separate,False,0,True,False,False,True,5.819238815542512,True,5.819238815542512
v3_sc3_staging_03,L1,4,12,joint,False,0,True,False,False,True,5.819238815542512,True,5.819238815542512
v3_sc3_staging_03,L1,4,12,oracle,False,0,True,False,False,True,5.819238815542512,True,5.819238815542512
v3_sc3_staging_03,L1,4,13,uncalibrated,False,0,True,False,False,True,4.116295090390227,True,4.116295090390227
v3_sc3_staging_03,L1,4,13,label_cell,False,0,False,False,False,False,nan,False,4.116295090390227
v3_sc3_staging_03,L1,4,13,label_only,False,0,True,False,False,True,4.116295090390227,True,4.116295090390227
v3_sc3_staging_03,L1,4,13,pose_only,False,0,True,False,False,True,4.116295090390227,True,4.116295090390227
v3_sc3_staging_03,L1,4,13,separate,False,0,True,False,False,True,4.116295090390227,True,4.116295090390227
v3_sc3_staging_03,L1,4,13,joint,False,0,True,False,False,True,4.116295090390227,True,4.116295090390227
v3_sc3_staging_03,L1,4,13,oracle,False,0,True,False,False,True,4.116295090390227,True,4.116295090390227
v3_sc3_staging_03,L1,4,14,uncalibrated,False,0,True,False,False,True,3.3384776310850235,True,3.3384776310850235
v3_sc3_staging_03,L1,4,14,label_cell,False,0,True,False,False,True,3.6642135623730954,True,3.3384776310850235
v3_sc3_staging_03,L1,4,14,label_only,False,0,True,False,False,True,3.3384776310850235,True,3.3384776310850235
v3_sc3_staging_03,L1,4,14,pose_only,False,0,True,False,False,True,3.3384776310850235,True,3.3384776310850235
v3_sc3_staging_03,L1,4,14,separate,False,0,True,False,False,True,3.3384776310850235,True,3.3384776310850235
v3_sc3_staging_03,L1,4,14,joint,False,0,True,False,False,True,3.3384776310850235,True,3.3384776310850235
v3_sc3_staging_03,L1,4,14,oracle,False,0,True,False,False,True,3.3384776310850235,True,3.3384776310850235
v3_sc3_staging_03,L1,4,15,uncalibrated,False,0,True,False,False,True,7.7689862838483466,True,7.7689862838483466
v3_sc3_staging_03,L1,4,15,label_cell,False,0,False,False,False,False,nan,False,7.7689862838483466
v3_sc3_staging_03,L1,4,15,label_only,False,0,True,False,False,True,7.7689862838483466,True,7.7689862838483466
v3_sc3_staging_03,L1,4,15,pose_only,False,0,True,False,False,True,7.7689862838483466,True,7.7689862838483466
v3_sc3_staging_03,L1,4,15,separate,False,0,True,False,False,True,7.7689862838483466,True,7.7689862838483466
v3_sc3_staging_03,L1,4,15,joint,False,0,True,False,False,True,7.7689862838483466,True,7.7689862838483466
v3_sc3_staging_03,L1,4,15,oracle,False,0,True,False,False,True,7.7689862838483466,True,7.7689862838483466
v3_sc3_staging_03,L1,4,16,uncalibrated,False,0,True,False,False,True,6.805634918610408,True,6.805634918610408
v3_sc3_staging_03,L1,4,16,label_cell,False,0,True,False,False,True,7.1227922061357845,True,6.805634918610408
v3_sc3_staging_03,L1,4,16,label_only,False,0,True,False,False,True,6.805634918610408,True,6.805634918610408
v3_sc3_staging_03,L1,4,16,pose_only,False,0,True,False,False,True,6.805634918610408,True,6.805634918610408
v3_sc3_staging_03,L1,4,16,separate,False,0,True,False,False,True,6.805634918610408,True,6.805634918610408
v3_sc3_staging_03,L1,4,16,joint,False,0,True,False,False,True,6.805634918610408,True,6.805634918610408
v3_sc3_staging_03,L1,4,16,oracle,False,0,True,False,False,True,6.805634918610408,True,6.805634918610408
v3_sc3_staging_03,L1,4,17,uncalibrated,False,0,True,False,False,True,4.867766952966369,True,4.867766952966369
v3_sc3_staging_03,L1,4,17,label_cell,False,0,True,False,False,True,5.617766952966369,True,4.867766952966369
v3_sc3_staging_03,L1,4,17,label_only,False,0,True,False,False,True,4.867766952966369,True,4.867766952966369
v3_sc3_staging_03,L1,4,17,pose_only,False,0,True,False,False,True,4.867766952966369,True,4.867766952966369
v3_sc3_staging_03,L1,4,17,separate,False,0,True,False,False,True,4.867766952966369,True,4.867766952966369
v3_sc3_staging_03,L1,4,17,joint,False,0,True,False,False,True,4.867766952966369,True,4.867766952966369
v3_sc3_staging_03,L1,4,17,oracle,False,0,True,False,False,True,4.867766952966369,True,4.867766952966369
v3_sc3_staging_03,L1,4,18,uncalibrated,False,0,True,False,False,True,4.531980515339465,True,4.531980515339465
v3_sc3_staging_03,L1,4,18,label_cell,False,0,True,False,False,True,4.866295090390227,True,4.531980515339465
v3_sc3_staging_03,L1,4,18,label_only,False,0,True,False,False,True,4.531980515339465,True,4.531980515339465
v3_sc3_staging_03,L1,4,18,pose_only,False,0,True,False,False,True,4.531980515339465,True,4.531980515339465
v3_sc3_staging_03,L1,4,18,separate,False,0,True,False,False,True,4.531980515339465,True,4.531980515339465
v3_sc3_staging_03,L1,4,18,joint,False,0,True,False,False,True,4.531980515339465,True,4.531980515339465
v3_sc3_staging_03,L1,4,18,oracle,False,0,True,False,False,True,4.531980515339465,True,4.531980515339465
v3_sc3_staging_03,L1,4,19,uncalibrated,False,0,True,False,False,True,3.7677669529663684,True,3.7677669529663684
v3_sc3_staging_03,L1,4,19,label_cell,False,0,True,False,False,True,3.7677669529663684,True,3.7677669529663684
v3_sc3_staging_03,L1,4,19,label_only,False,0,True,False,False,True,3.7677669529663684,True,3.7677669529663684
v3_sc3_staging_03,L1,4,19,pose_only,False,0,True,False,False,True,3.7677669529663684,True,3.7677669529663684
v3_sc3_staging_03,L1,4,19,separate,False,0,True,False,False,True,3.7677669529663684,True,3.7677669529663684
v3_sc3_staging_03,L1,4,19,joint,False,0,True,False,False,True,3.7677669529663684,True,3.7677669529663684
v3_sc3_staging_03,L1,4,19,oracle,False,0,True,False,False,True,3.7677669529663684,True,3.7677669529663684
v3_sc3_staging_03,L2,0,0,uncalibrated,False,0,True,False,False,True,5.164213562373096,True,5.164213562373096
v3_sc3_staging_03,L2,0,0,label_cell,False,0,False,False,False,False,nan,False,5.164213562373096
v3_sc3_staging_03,L2,0,0,label_only,False,0,True,False,False,True,5.164213562373096,True,5.164213562373096
v3_sc3_staging_03,L2,0,0,pose_only,False,0,True,False,False,True,5.164213562373096,True,5.164213562373096
v3_sc3_staging_03,L2,0,0,separate,False,0,True,False,False,True,5.164213562373096,True,5.164213562373096
v3_sc3_staging_03,L2,0,0,joint,False,0,True,False,False,True,5.164213562373096,True,5.164213562373096
v3_sc3_staging_03,L2,0,0,oracle,False,0,True,False,False,True,5.164213562373096,True,5.164213562373096
v3_sc3_staging_03,L2,0,1,uncalibrated,False,0,True,False,False,True,4.203553390593274,True,4.203553390593274
v3_sc3_staging_03,L2,0,1,label_cell,False,0,False,False,False,False,nan,False,4.203553390593274
v3_sc3_staging_03,L2,0,1,label_only,False,0,True,False,False,True,4.203553390593274,True,4.203553390593274
v3_sc3_staging_03,L2,0,1,pose_only,False,0,True,False,False,True,4.203553390593274,True,4.203553390593274
v3_sc3_staging_03,L2,0,1,separate,False,0,True,False,False,True,4.203553390593274,True,4.203553390593274
v3_sc3_staging_03,L2,0,1,joint,False,0,True,False,False,True,4.203553390593274,True,4.203553390593274
v3_sc3_staging_03,L2,0,1,oracle,False,0,True,False,False,True,4.203553390593274,True,4.203553390593274
v3_sc3_staging_03,L2,0,2,uncalibrated,False,0,True,False,False,True,4.019848480983499,True,4.019848480983499
v3_sc3_staging_03,L2,0,2,label_cell,False,0,False,False,False,False,nan,False,4.019848480983499
v3_sc3_staging_03,L2,0,2,label_only,False,0,True,False,False,True,4.019848480983499,True,4.019848480983499
v3_sc3_staging_03,L2,0,2,pose_only,False,0,True,False,False,True,4.019848480983499,True,4.019848480983499
v3_sc3_staging_03,L2,0,2,separate,False,0,True,False,False,True,4.019848480983499,True,4.019848480983499
v3_sc3_staging_03,L2,0,2,joint,False,0,True,False,False,True,4.019848480983499,True,4.019848480983499
v3_sc3_staging_03,L2,0,2,oracle,False,0,True,False,False,True,4.019848480983499,True,4.019848480983499
v3_sc3_staging_03,L2,0,3,uncalibrated,False,0,False,False,False,False,nan,False,6.247056274847715
v3_sc3_staging_03,L2,0,3,label_cell,False,0,False,False,False,False,nan,False,6.247056274847715
v3_sc3_staging_03,L2,0,3,label_only,False,0,False,False,False,False,nan,False,6.247056274847715
v3_sc3_staging_03,L2,0,3,pose_only,False,0,False,False,False,False,nan,False,6.247056274847715
v3_sc3_staging_03,L2,0,3,separate,False,0,False,False,False,False,nan,False,6.247056274847715
v3_sc3_staging_03,L2,0,3,joint,False,0,False,False,False,False,nan,False,6.247056274847715
v3_sc3_staging_03,L2,0,3,oracle,False,0,True,False,False,True,6.247056274847715,True,6.247056274847715
v3_sc3_staging_03,L2,0,4,uncalibrated,False,0,True,False,False,True,3.3813708498984756,True,3.3813708498984756
v3_sc3_staging_03,L2,0,4,label_cell,False,0,False,False,False,False,nan,False,3.3813708498984756
v3_sc3_staging_03,L2,0,4,label_only,False,0,True,False,False,True,3.3813708498984756,True,3.3813708498984756
v3_sc3_staging_03,L2,0,4,pose_only,False,0,True,False,False,True,3.3813708498984756,True,3.3813708498984756
v3_sc3_staging_03,L2,0,4,separate,False,0,True,False,False,True,3.3813708498984756,True,3.3813708498984756
v3_sc3_staging_03,L2,0,4,joint,False,0,True,False,False,True,3.3813708498984756,True,3.3813708498984756
v3_sc3_staging_03,L2,0,4,oracle,False,0,True,False,False,True,3.3813708498984756,True,3.3813708498984756
v3_sc3_staging_03,L2,0,5,uncalibrated,False,0,True,False,False,True,5.700609665440989,True,5.671320343559643
v3_sc3_staging_03,L2,0,5,label_cell,False,0,False,False,False,False,nan,False,5.671320343559643
v3_sc3_staging_03,L2,0,5,label_only,False,0,True,False,False,True,5.700609665440989,True,5.671320343559643
v3_sc3_staging_03,L2,0,5,pose_only,False,0,True,False,False,True,5.700609665440989,True,5.671320343559643
v3_sc3_staging_03,L2,0,5,separate,False,0,True,False,False,True,5.700609665440989,True,5.671320343559643
v3_sc3_staging_03,L2,0,5,joint,False,0,True,False,False,True,5.700609665440989,True,5.671320343559643
v3_sc3_staging_03,L2,0,5,oracle,False,0,True,False,False,True,5.671320343559643,True,5.671320343559643
v3_sc3_staging_03,L2,0,6,uncalibrated,False,0,True,False,False,True,6.936143571373728,True,6.936143571373728
v3_sc3_staging_03,L2,0,6,label_cell,False,0,False,False,False,False,nan,False,6.936143571373728
v3_sc3_staging_03,L2,0,6,label_only,False,0,True,False,False,True,6.936143571373728,True,6.936143571373728
v3_sc3_staging_03,L2,0,6,pose_only,False,0,True,False,False,True,6.936143571373728,True,6.936143571373728
v3_sc3_staging_03,L2,0,6,separate,False,0,True,False,False,True,6.936143571373728,True,6.936143571373728
v3_sc3_staging_03,L2,0,6,joint,False,0,True,False,False,True,6.936143571373728,True,6.936143571373728
v3_sc3_staging_03,L2,0,6,oracle,False,0,True,False,False,True,6.936143571373728,True,6.936143571373728
v3_sc3_staging_03,L2,0,7,uncalibrated,False,0,True,False,False,True,6.238477631085023,True,6.238477631085023
v3_sc3_staging_03,L2,0,7,label_cell,False,0,False,False,False,False,nan,False,6.238477631085023
v3_sc3_staging_03,L2,0,7,label_only,False,0,True,False,False,True,6.238477631085023,True,6.238477631085023
v3_sc3_staging_03,L2,0,7,pose_only,False,0,True,False,False,True,6.238477631085023,True,6.238477631085023
v3_sc3_staging_03,L2,0,7,separate,False,0,True,False,False,True,6.238477631085023,True,6.238477631085023
v3_sc3_staging_03,L2,0,7,joint,False,0,True,False,False,True,6.238477631085023,True,6.238477631085023
v3_sc3_staging_03,L2,0,7,oracle,False,0,True,False,False,True,6.238477631085023,True,6.238477631085023
v3_sc3_staging_03,L2,0,8,uncalibrated,False,0,True,False,False,True,6.881370849898477,True,6.852081528017132
v3_sc3_staging_03,L2,0,8,label_cell,False,0,False,False,False,False,nan,False,6.852081528017132
v3_sc3_staging_03,L2,0,8,label_only,False,0,True,False,False,True,6.881370849898477,True,6.852081528017132
v3_sc3_staging_03,L2,0,8,pose_only,False,0,True,False,False,True,6.881370849898477,True,6.852081528017132
v3_sc3_staging_03,L2,0,8,separate,False,0,True,False,False,True,6.881370849898477,True,6.852081528017132
v3_sc3_staging_03,L2,0,8,joint,False,0,True,False,False,True,6.881370849898477,True,6.852081528017132
v3_sc3_staging_03,L2,0,8,oracle,False,0,True,False,False,True,6.852081528017132,True,6.852081528017132
v3_sc3_staging_03,L2,0,9,uncalibrated,False,0,True,False,False,True,4.797056274847714,True,4.797056274847714
v3_sc3_staging_03,L2,0,9,label_cell,False,0,False,False,False,False,nan,False,4.797056274847714
v3_sc3_staging_03,L2,0,9,label_only,False,0,True,False,False,True,4.797056274847714,True,4.797056274847714
v3_sc3_staging_03,L2,0,9,pose_only,False,0,True,False,False,True,4.797056274847714,True,4.797056274847714
v3_sc3_staging_03,L2,0,9,separate,False,0,True,False,False,True,4.797056274847714,True,4.797056274847714
v3_sc3_staging_03,L2,0,9,joint,False,0,True,False,False,True,4.797056274847714,True,4.797056274847714
v3_sc3_staging_03,L2,0,9,oracle,False,0,True,False,False,True,4.797056274847714,True,4.797056274847714
v3_sc3_staging_03,L2,0,10,uncalibrated,False,0,True,False,False,True,5.0884776310850235,True,5.0884776310850235
v3_sc3_staging_03,L2,0,10,label_cell,False,0,False,False,False,False,nan,False,5.0884776310850235
v3_sc3_staging_03,L2,0,10,label_only,False,0,True,False,False,True,5.0884776310850235,True,5.0884776310850235
v3_sc3_staging_03,L2,0,10,pose_only,False,0,True,False,False,True,5.0884776310850235,True,5.0884776310850235
v3_sc3_staging_03,L2,0,10,separate,False,0,True,False,False,True,5.0884776310850235,True,5.0884776310850235
v3_sc3_staging_03,L2,0,10,joint,False,0,True,False,False,True,5.0884776310850235,True,5.0884776310850235
v3_sc3_staging_03,L2,0,10,oracle,False,0,True,False,False,True,5.0884776310850235,True,5.0884776310850235
v3_sc3_staging_03,L2,0,11,uncalibrated,False,0,True,False,False,True,4.081370849898477,True,4.081370849898477
v3_sc3_staging_03,L2,0,11,label_cell,False,0,False,False,False,False,nan,False,4.081370849898477
v3_sc3_staging_03,L2,0,11,label_only,False,0,True,False,False,True,4.081370849898477,True,4.081370849898477
v3_sc3_staging_03,L2,0,11,pose_only,False,0,True,False,False,True,4.081370849898477,True,4.081370849898477
v3_sc3_staging_03,L2,0,11,separate,False,0,True,False,False,True,4.081370849898477,True,4.081370849898477
v3_sc3_staging_03,L2,0,11,joint,False,0,True,False,False,True,4.081370849898477,True,4.081370849898477
v3_sc3_staging_03,L2,0,11,oracle,False,0,True,False,False,True,4.081370849898477,True,4.081370849898477
v3_sc3_staging_03,L2,0,12,uncalibrated,False,0,True,False,False,True,5.819238815542512,True,5.819238815542512
v3_sc3_staging_03,L2,0,12,label_cell,False,0,False,False,False,False,nan,False,5.819238815542512
v3_sc3_staging_03,L2,0,12,label_only,False,0,True,False,False,True,5.819238815542512,True,5.819238815542512
v3_sc3_staging_03,L2,0,12,pose_only,False,0,True,False,False,True,5.819238815542512,True,5.819238815542512
v3_sc3_staging_03,L2,0,12,separate,False,0,True,False,False,True,5.819238815542512,True,5.819238815542512
v3_sc3_staging_03,L2,0,12,joint,False,0,True,False,False,True,5.819238815542512,True,5.819238815542512
v3_sc3_staging_03,L2,0,12,oracle,False,0,True,False,False,True,5.819238815542512,True,5.819238815542512
v3_sc3_staging_03,L2,0,13,uncalibrated,False,0,True,False,False,True,4.137005768508881,True,4.137005768508881
v3_sc3_staging_03,L2,0,13,label_cell,False,0,False,False,False,False,nan,False,4.137005768508881
v3_sc3_staging_03,L2,0,13,label_only,False,0,True,False,False,True,4.137005768508881,True,4.137005768508881
v3_sc3_staging_03,L2,0,13,pose_only,False,0,True,False,False,True,4.137005768508881,True,4.137005768508881
v3_sc3_staging_03,L2,0,13,separate,False,0,True,False,False,True,4.137005768508881,True,4.137005768508881
v3_sc3_staging_03,L2,0,13,joint,False,0,True,False,False,True,4.137005768508881,True,4.137005768508881
v3_sc3_staging_03,L2,0,13,oracle,False,0,True,False,False,True,4.137005768508881,True,4.137005768508881
v3_sc3_staging_03,L2,0,14,uncalibrated,False,0,True,False,False,True,3.3384776310850235,True,3.367766952966369
v3_sc3_staging_03,L2,0,14,label_cell,False,0,True,False,False,True,3.6849242404917497,True,3.367766952966369
v3_sc3_staging_03,L2,0,14,label_only,False,0,True,False,False,True,3.3384776310850235,True,3.367766952966369
v3_sc3_staging_03,L2,0,14,pose_only,False,0,True,False,False,True,3.3384776310850235,True,3.367766952966369
v3_sc3_staging_03,L2,0,14,separate,False,0,True,False,False,True,3.3384776310850235,True,3.367766952966369
v3_sc3_staging_03,L2,0,14,joint,False,0,True,False,False,True,3.3384776310850235,True,3.367766952966369
v3_sc3_staging_03,L2,0,14,oracle,False,0,True,False,False,True,3.367766952966369,True,3.367766952966369
v3_sc3_staging_03,L2,0,15,uncalibrated,False,0,True,False,False,True,7.739696961967002,True,7.739696961967002
v3_sc3_staging_03,L2,0,15,label_cell,False,0,False,False,False,False,nan,False,7.739696961967002
v3_sc3_staging_03,L2,0,15,label_only,False,0,True,False,False,True,7.739696961967002,True,7.739696961967002
v3_sc3_staging_03,L2,0,15,pose_only,False,0,True,False,False,True,7.739696961967002,True,7.739696961967002
v3_sc3_staging_03,L2,0,15,separate,False,0,True,False,False,True,7.739696961967002,True,7.739696961967002
v3_sc3_staging_03,L2,0,15,joint,False,0,True,False,False,True,7.739696961967002,True,7.739696961967002
v3_sc3_staging_03,L2,0,15,oracle,False,0,True,False,False,True,7.739696961967002,True,7.739696961967002
v3_sc3_staging_03,L2,0,16,uncalibrated,False,0,True,False,False,True,6.805634918610408,True,6.805634918610408
v3_sc3_staging_03,L2,0,16,label_cell,False,0,False,False,False,False,nan,False,6.805634918610408
v3_sc3_staging_03,L2,0,16,label_only,False,0,True,False,False,True,6.805634918610408,True,6.805634918610408
v3_sc3_staging_03,L2,0,16,pose_only,False,0,True,False,False,True,6.805634918610408,True,6.805634918610408
v3_sc3_staging_03,L2,0,16,separate,False,0,True,False,False,True,6.805634918610408,True,6.805634918610408
v3_sc3_staging_03,L2,0,16,joint,False,0,True,False,False,True,6.805634918610408,True,6.805634918610408
v3_sc3_staging_03,L2,0,16,oracle,False,0,True,False,False,True,6.805634918610408,True,6.805634918610408
v3_sc3_staging_03,L2,0,17,uncalibrated,False,0,True,False,False,True,4.867766952966369,True,4.867766952966369
v3_sc3_staging_03,L2,0,17,label_cell,False,0,False,False,False,False,nan,False,4.867766952966369
v3_sc3_staging_03,L2,0,17,label_only,False,0,True,False,False,True,4.867766952966369,True,4.867766952966369
v3_sc3_staging_03,L2,0,17,pose_only,False,0,True,False,False,True,4.867766952966369,True,4.867766952966369
v3_sc3_staging_03,L2,0,17,separate,False,0,True,False,False,True,4.867766952966369,True,4.867766952966369
v3_sc3_staging_03,L2,0,17,joint,False,0,True,False,False,True,4.867766952966369,True,4.867766952966369
v3_sc3_staging_03,L2,0,17,oracle,False,0,True,False,False,True,4.867766952966369,True,4.867766952966369
v3_sc3_staging_03,L2,0,18,uncalibrated,False,0,True,False,False,True,4.531980515339465,True,4.531980515339465
v3_sc3_staging_03,L2,0,18,label_cell,False,0,False,False,False,False,nan,False,4.531980515339465
v3_sc3_staging_03,L2,0,18,label_only,False,0,True,False,False,True,4.531980515339465,True,4.531980515339465
v3_sc3_staging_03,L2,0,18,pose_only,False,0,True,False,False,True,4.531980515339465,True,4.531980515339465
v3_sc3_staging_03,L2,0,18,separate,False,0,True,False,False,True,4.531980515339465,True,4.531980515339465
v3_sc3_staging_03,L2,0,18,joint,False,0,True,False,False,True,4.531980515339465,True,4.531980515339465
v3_sc3_staging_03,L2,0,18,oracle,False,0,True,False,False,True,4.531980515339465,True,4.531980515339465
v3_sc3_staging_03,L2,0,19,uncalibrated,False,0,True,False,False,True,3.7677669529663684,True,3.7677669529663684
v3_sc3_staging_03,L2,0,19,label_cell,False,0,False,False,False,False,nan,False,3.7677669529663684
v3_sc3_staging_03,L2,0,19,label_only,False,0,True,False,False,True,3.7677669529663684,True,3.7677669529663684
v3_sc3_staging_03,L2,0,19,pose_only,False,0,True,False,False,True,3.7677669529663684,True,3.7677669529663684
v3_sc3_staging_03,L2,0,19,separate,False,0,True,False,False,True,3.7677669529663684,True,3.7677669529663684
v3_sc3_staging_03,L2,0,19,joint,False,0,True,False,False,True,3.7677669529663684,True,3.7677669529663684
v3_sc3_staging_03,L2,0,19,oracle,False,0,True,False,False,True,3.7677669529663684,True,3.7677669529663684
v3_sc3_staging_03,L2,1,0,uncalibrated,False,0,True,False,False,True,5.094974746830584,True,5.094974746830584
v3_sc3_staging_03,L2,1,0,label_cell,False,0,False,False,False,False,nan,False,5.094974746830584
v3_sc3_staging_03,L2,1,0,label_only,False,0,True,False,False,True,5.2142135623730965,True,5.094974746830584
v3_sc3_staging_03,L2,1,0,pose_only,False,0,True,False,False,True,5.094974746830584,True,5.094974746830584
v3_sc3_staging_03,L2,1,0,separate,False,0,True,False,False,True,5.2142135623730965,True,5.094974746830584
v3_sc3_staging_03,L2,1,0,joint,False,0,True,False,False,True,5.2142135623730965,True,5.094974746830584
v3_sc3_staging_03,L2,1,0,oracle,False,0,True,False,False,True,5.094974746830584,True,5.094974746830584
v3_sc3_staging_03,L2,1,1,uncalibrated,False,0,True,False,False,True,4.203553390593274,True,4.203553390593274
v3_sc3_staging_03,L2,1,1,label_cell,False,0,False,False,False,False,nan,False,4.203553390593274
v3_sc3_staging_03,L2,1,1,label_only,False,0,True,False,False,True,4.203553390593274,True,4.203553390593274
v3_sc3_staging_03,L2,1,1,pose_only,False,0,True,False,False,True,4.203553390593274,True,4.203553390593274
v3_sc3_staging_03,L2,1,1,separate,False,0,True,False,False,True,4.203553390593274,True,4.203553390593274
v3_sc3_staging_03,L2,1,1,joint,False,0,True,False,False,True,4.203553390593274,True,4.203553390593274
v3_sc3_staging_03,L2,1,1,oracle,False,0,True,False,False,True,4.203553390593274,True,4.203553390593274
v3_sc3_staging_03,L2,1,2,uncalibrated,False,0,True,False,False,True,4.019848480983499,True,4.019848480983499
v3_sc3_staging_03,L2,1,2,label_cell,False,0,False,False,False,False,nan,False,4.019848480983499
v3_sc3_staging_03,L2,1,2,label_only,False,0,True,False,False,True,4.019848480983499,True,4.019848480983499
v3_sc3_staging_03,L2,1,2,pose_only,False,0,True,False,False,True,4.019848480983499,True,4.019848480983499
v3_sc3_staging_03,L2,1,2,separate,False,0,True,False,False,True,4.019848480983499,True,4.019848480983499
v3_sc3_staging_03,L2,1,2,joint,False,0,True,False,False,True,4.019848480983499,True,4.019848480983499
v3_sc3_staging_03,L2,1,2,oracle,False,0,True,False,False,True,4.019848480983499,True,4.019848480983499
v3_sc3_staging_03,L2,1,3,uncalibrated,False,0,True,False,False,True,6.238477631085025,True,6.238477631085024
v3_sc3_staging_03,L2,1,3,label_cell,False,0,False,False,False,False,nan,False,6.238477631085024
v3_sc3_staging_03,L2,1,3,label_only,False,0,True,False,False,True,6.238477631085025,True,6.238477631085024
v3_sc3_staging_03,L2,1,3,pose_only,False,0,True,False,False,True,6.238477631085025,True,6.238477631085024
v3_sc3_staging_03,L2,1,3,separate,False,0,True,False,False,True,6.238477631085025,True,6.238477631085024
v3_sc3_staging_03,L2,1,3,joint,False,0,True,False,False,True,6.238477631085025,True,6.238477631085024
v3_sc3_staging_03,L2,1,3,oracle,False,0,True,False,False,True,6.238477631085024,True,6.238477631085024
v3_sc3_staging_03,L2,1,4,uncalibrated,False,0,True,False,False,True,3.310660171779821,True,3.281370849898476
v3_sc3_staging_03,L2,1,4,label_cell,False,0,False,False,False,False,nan,False,3.281370849898476
v3_sc3_staging_03,L2,1,4,label_only,False,0,True,False,False,True,3.310660171779821,True,3.281370849898476
v3_sc3_staging_03,L2,1,4,pose_only,False,0,True,False,False,True,3.310660171779821,True,3.281370849898476
v3_sc3_staging_03,L2,1,4,separate,False,0,True,False,False,True,3.310660171779821,True,3.281370849898476
v3_sc3_staging_03,L2,1,4,joint,False,0,True,False,False,True,3.310660171779821,True,3.281370849898476
v3_sc3_staging_03,L2,1,4,oracle,False,0,True,False,False,True,3.281370849898476,True,3.281370849898476
v3_sc3_staging_03,L2,1,5,uncalibrated,False,0,True,False,False,True,5.721320343559643,True,5.721320343559643
v3_sc3_staging_03,L2,1,5,label_cell,False,0,False,False,False,False,nan,False,5.721320343559643
v3_sc3_staging_03,L2,1,5,label_only,False,0,True,False,False,True,5.721320343559643,True,5.721320343559643
v3_sc3_staging_03,L2,1,5,pose_only,False,0,True,False,False,True,5.721320343559643,True,5.721320343559643
v3_sc3_staging_03,L2,1,5,separate,False,0,True,False,False,True,5.721320343559643,True,5.721320343559643
v3_sc3_staging_03,L2,1,5,joint,False,0,True,False,False,True,5.721320343559643,True,5.721320343559643
v3_sc3_staging_03,L2,1,5,oracle,False,0,True,False,False,True,5.721320343559643,True,5.721320343559643
v3_sc3_staging_03,L2,1,6,uncalibrated,False,0,True,False,False,True,6.965432893255074,True,6.965432893255074
v3_sc3_staging_03,L2,1,6,label_cell,False,0,False,False,False,False,nan,False,6.965432893255074
v3_sc3_staging_03,L2,1,6,label_only,False,0,True,False,False,True,6.965432893255074,True,6.965432893255074
v3_sc3_staging_03,L2,1,6,pose_only,False,0,True,False,False,True,6.965432893255074,True,6.965432893255074
v3_sc3_staging_03,L2,1,6,separate,False,0,True,False,False,True,6.965432893255074,True,6.965432893255074
v3_sc3_staging_03,L2,1,6,joint,False,0,True,False,False,True,6.965432893255074,True,6.965432893255074
v3_sc3_staging_03,L2,1,6,oracle,False,0,True,False,False,True,6.965432893255074,True,6.965432893255074
v3_sc3_staging_03,L2,1,7,uncalibrated,False,0,True,False,False,True,6.259188309203679,True,6.259188309203679
v3_sc3_staging_03,L2,1,7,label_cell,False,0,False,False,False,False,nan,False,6.259188309203679
v3_sc3_staging_03,L2,1,7,label_only,False,0,True,False,False,True,6.259188309203679,True,6.259188309203679
v3_sc3_staging_03,L2,1,7,pose_only,False,0,True,False,False,True,6.259188309203679,True,6.259188309203679
v3_sc3_staging_03,L2,1,7,separate,False,0,True,False,False,True,6.259188309203679,True,6.259188309203679
v3_sc3_staging_03,L2,1,7,joint,False,0,True,False,False,True,6.259188309203679,True,6.259188309203679
v3_sc3_staging_03,L2,1,7,oracle,False,0,True,False,False,True,6.259188309203679,True,6.259188309203679
v3_sc3_staging_03,L2,1,8,uncalibrated,False,0,True,False,False,True,6.902081528017132,True,6.902081528017132
v3_sc3_staging_03,L2,1,8,label_cell,False,0,False,False,False,False,nan,False,6.902081528017132
v3_sc3_staging_03,L2,1,8,label_only,False,0,True,False,False,True,6.902081528017132,True,6.902081528017132
v3_sc3_staging_03,L2,1,8,pose_only,False,0,True,False,False,True,6.902081528017132,True,6.902081528017132
v3_sc3_staging_03,L2,1,8,separate,False,0,True,False,False,True,6.902081528017132,True,6.902081528017132
v3_sc3_staging_03,L2,1,8,joint,False,0,True,False,False,True,6.902081528017132,True,6.902081528017132
v3_sc3_staging_03,L2,1,8,oracle,False,0,True,False,False,True,6.902081528017132,True,6.902081528017132
v3_sc3_staging_03,L2,1,9,uncalibrated,False,0,True,False,False,True,4.847056274847713,True,4.817766952966368
v3_sc3_staging_03,L2,1,9,label_cell,False,0,False,False,False,False,nan,False,4.817766952966368
v3_sc3_staging_03,L2,1,9,label_only,False,0,True,False,False,True,4.847056274847713,True,4.817766952966368
v3_sc3_staging_03,L2,1,9,pose_only,False,0,True,False,False,True,4.847056274847713,True,4.817766952966368
v3_sc3_staging_03,L2,1,9,separate,False,0,True,False,False,True,4.847056274847713,True,4.817766952966368
v3_sc3_staging_03,L2,1,9,joint,False,0,True,False,False,True,4.847056274847713,True,4.817766952966368
v3_sc3_staging_03,L2,1,9,oracle,False,0,True,False,False,True,4.817766952966368,True,4.817766952966368
v3_sc3_staging_03,L2,1,10,uncalibrated,False,0,True,False,False,True,5.0884776310850235,True,5.0884776310850235
v3_sc3_staging_03,L2,1,10,label_cell,False,0,False,False,False,False,nan,False,5.0884776310850235
v3_sc3_staging_03,L2,1,10,label_only,False,0,True,False,False,True,5.0884776310850235,True,5.0884776310850235
v3_sc3_staging_03,L2,1,10,pose_only,False,0,True,False,False,True,5.0884776310850235,True,5.0884776310850235
v3_sc3_staging_03,L2,1,10,separate,False,0,True,False,False,True,5.0884776310850235,True,5.0884776310850235
v3_sc3_staging_03,L2,1,10,joint,False,0,True,False,False,True,5.0884776310850235,True,5.0884776310850235
v3_sc3_staging_03,L2,1,10,oracle,False,0,True,False,False,True,5.0884776310850235,True,5.0884776310850235
v3_sc3_staging_03,L2,1,11,uncalibrated,False,0,True,False,False,True,4.089949493661168,True,4.060660171779822
v3_sc3_staging_03,L2,1,11,label_cell,False,0,False,False,False,False,nan,False,4.060660171779822
v3_sc3_staging_03,L2,1,11,label_only,False,0,True,False,False,True,4.089949493661168,True,4.060660171779822
v3_sc3_staging_03,L2,1,11,pose_only,False,0,True,False,False,True,4.089949493661168,True,4.060660171779822
v3_sc3_staging_03,L2,1,11,separate,False,0,True,False,False,True,4.089949493661168,True,4.060660171779822
v3_sc3_staging_03,L2,1,11,joint,False,0,True,False,False,True,4.089949493661168,True,4.060660171779822
v3_sc3_staging_03,L2,1,11,oracle,False,0,True,False,False,True,4.060660171779822,True,4.060660171779822
v3_sc3_staging_03,L2,1,12,uncalibrated,False,0,True,False,False,True,5.839949493661166,True,5.839949493661166
v3_sc3_staging_03,L2,1,12,label_cell,False,0,False,False,False,False,nan,False,5.839949493661166
v3_sc3_staging_03,L2,1,12,label_only,False,0,True,False,False,True,5.839949493661166,True,5.839949493661166
v3_sc3_staging_03,L2,1,12,pose_only,False,0,True,False,False,True,5.839949493661166,True,5.839949493661166
v3_sc3_staging_03,L2,1,12,separate,False,0,True,False,False,True,5.839949493661166,True,5.839949493661166
v3_sc3_staging_03,L2,1,12,joint,False,0,True,False,False,True,5.839949493661166,True,5.839949493661166
v3_sc3_staging_03,L2,1,12,oracle,False,0,True,False,False,True,5.839949493661166,True,5.839949493661166
v3_sc3_staging_03,L2,1,13,uncalibrated,False,0,True,False,False,True,4.137005768508881,True,4.116295090390227
v3_sc3_staging_03,L2,1,13,label_cell,False,0,False,False,False,False,nan,False,4.116295090390227
v3_sc3_staging_03,L2,1,13,label_only,False,0,True,False,False,True,4.137005768508881,True,4.116295090390227
v3_sc3_staging_03,L2,1,13,pose_only,False,0,True,False,False,True,4.137005768508881,True,4.116295090390227
v3_sc3_staging_03,L2,1,13,separate,False,0,True,False,False,True,4.137005768508881,True,4.116295090390227
v3_sc3_staging_03,L2,1,13,joint,False,0,True,False,False,True,4.137005768508881,True,4.116295090390227
v3_sc3_staging_03,L2,1,13,oracle,False,0,True,False,False,True,4.116295090390227,True,4.116295090390227
v3_sc3_staging_03,L2,1,14,uncalibrated,False,0,True,False,False,True,3.3384776310850235,True,3.3384776310850235
v3_sc3_staging_03,L2,1,14,label_cell,False,0,True,False,False,True,3.6849242404917497,True,3.3384776310850235
v3_sc3_staging_03,L2,1,14,label_only,False,0,True,False,False,True,3.3384776310850235,True,3.3384776310850235
v3_sc3_staging_03,L2,1,14,pose_only,False,0,True,False,False,True,3.3384776310850235,True,3.3384776310850235
v3_sc3_staging_03,L2,1,14,separate,False,0,True,False,False,True,3.3384776310850235,True,3.3384776310850235
v3_sc3_staging_03,L2,1,14,joint,False,0,True,False,False,True,3.3384776310850235,True,3.3384776310850235
v3_sc3_staging_03,L2,1,14,oracle,False,0,True,False,False,True,3.3384776310850235,True,3.3384776310850235
v3_sc3_staging_03,L2,1,15,uncalibrated,False,0,False,False,False,False,nan,False,nan
v3_sc3_staging_03,L2,1,15,label_cell,False,0,False,False,False,False,nan,False,nan
v3_sc3_staging_03,L2,1,15,label_only,False,0,False,False,False,False,nan,False,nan
v3_sc3_staging_03,L2,1,15,pose_only,False,0,False,False,False,False,nan,False,nan
v3_sc3_staging_03,L2,1,15,separate,False,0,False,False,False,False,nan,False,nan
v3_sc3_staging_03,L2,1,15,joint,False,0,False,False,False,False,nan,False,nan
v3_sc3_staging_03,L2,1,15,oracle,False,0,False,False,False,False,nan,False,nan
v3_sc3_staging_03,L2,1,16,uncalibrated,False,0,True,False,False,True,6.826345596729064,True,6.826345596729064
v3_sc3_staging_03,L2,1,16,label_cell,False,0,False,False,False,False,nan,False,6.826345596729064
v3_sc3_staging_03,L2,1,16,label_only,False,0,True,False,False,True,6.826345596729064,True,6.826345596729064
v3_sc3_staging_03,L2,1,16,pose_only,False,0,True,False,False,True,6.826345596729064,True,6.826345596729064
v3_sc3_staging_03,L2,1,16,separate,False,0,True,False,False,True,6.826345596729064,True,6.826345596729064
v3_sc3_staging_03,L2,1,16,joint,False,0,True,False,False,True,6.826345596729064,True,6.826345596729064
v3_sc3_staging_03,L2,1,16,oracle,False,0,True,False,False,True,6.826345596729064,True,6.826345596729064
v3_sc3_staging_03,L2,1,17,uncalibrated,False,0,True,False,False,True,4.867766952966369,True,4.867766952966369
v3_sc3_staging_03,L2,1,17,label_cell,False,0,False,False,False,False,nan,False,4.867766952966369
v3_sc3_staging_03,L2,1,17,label_only,False,0,True,False,False,True,4.867766952966369,True,4.867766952966369
v3_sc3_staging_03,L2,1,17,pose_only,False,0,True,False,False,True,4.867766952966369,True,4.867766952966369
v3_sc3_staging_03,L2,1,17,separate,False,0,True,False,False,True,4.867766952966369,True,4.867766952966369
v3_sc3_staging_03,L2,1,17,joint,False,0,True,False,False,True,4.867766952966369,True,4.867766952966369
v3_sc3_staging_03,L2,1,17,oracle,False,0,True,False,False,True,4.867766952966369,True,4.867766952966369
v3_sc3_staging_03,L2,1,18,uncalibrated,False,0,True,False,False,True,4.531980515339465,True,4.531980515339465
v3_sc3_staging_03,L2,1,18,label_cell,False,0,False,False,False,False,nan,False,4.531980515339465
v3_sc3_staging_03,L2,1,18,label_only,False,0,True,False,False,True,4.531980515339465,True,4.531980515339465
v3_sc3_staging_03,L2,1,18,pose_only,False,0,True,False,False,True,4.531980515339465,True,4.531980515339465
v3_sc3_staging_03,L2,1,18,separate,False,0,True,False,False,True,4.531980515339465,True,4.531980515339465
v3_sc3_staging_03,L2,1,18,joint,False,0,True,False,False,True,4.531980515339465,True,4.531980515339465
v3_sc3_staging_03,L2,1,18,oracle,False,0,True,False,False,True,4.531980515339465,True,4.531980515339465
v3_sc3_staging_03,L2,1,19,uncalibrated,False,0,True,False,False,True,3.7677669529663684,True,3.7677669529663684
v3_sc3_staging_03,L2,1,19,label_cell,False,0,False,False,False,False,nan,False,3.7677669529663684
v3_sc3_staging_03,L2,1,19,label_only,False,0,True,False,False,True,3.7677669529663684,True,3.7677669529663684
v3_sc3_staging_03,L2,1,19,pose_only,False,0,True,False,False,True,3.7677669529663684,True,3.7677669529663684
v3_sc3_staging_03,L2,1,19,separate,False,0,True,False,False,True,3.7677669529663684,True,3.7677669529663684
v3_sc3_staging_03,L2,1,19,joint,False,0,True,False,False,True,3.7677669529663684,True,3.7677669529663684
v3_sc3_staging_03,L2,1,19,oracle,False,0,True,False,False,True,3.7677669529663684,True,3.7677669529663684
v3_sc3_staging_03,L2,2,0,uncalibrated,False,0,True,False,False,True,5.144974746830584,True,5.144974746830584
v3_sc3_staging_03,L2,2,0,label_cell,False,0,False,False,False,False,nan,False,5.144974746830584
v3_sc3_staging_03,L2,2,0,label_only,False,0,True,False,False,True,5.23492424049175,True,5.144974746830584
v3_sc3_staging_03,L2,2,0,pose_only,False,0,True,False,False,True,5.144974746830584,True,5.144974746830584
v3_sc3_staging_03,L2,2,0,separate,False,0,True,False,False,True,5.23492424049175,True,5.144974746830584
v3_sc3_staging_03,L2,2,0,joint,False,0,True,False,False,True,5.23492424049175,True,5.144974746830584
v3_sc3_staging_03,L2,2,0,oracle,False,0,True,False,False,True,5.144974746830584,True,5.144974746830584
v3_sc3_staging_03,L2,2,1,uncalibrated,False,0,True,False,False,True,4.203553390593274,True,4.203553390593274
v3_sc3_staging_03,L2,2,1,label_cell,False,0,True,False,False,True,4.327817459305202,True,4.203553390593274
v3_sc3_staging_03,L2,2,1,label_only,False,0,True,False,False,True,4.203553390593274,True,4.203553390593274
v3_sc3_staging_03,L2,2,1,pose_only,False,0,True,False,False,True,4.203553390593274,True,4.203553390593274
v3_sc3_staging_03,L2,2,1,separate,False,0,True,False,False,True,4.203553390593274,True,4.203553390593274
v3_sc3_staging_03,L2,2,1,joint,False,0,True,False,False,True,4.203553390593274,True,4.203553390593274
v3_sc3_staging_03,L2,2,1,oracle,False,0,True,False,False,True,4.203553390593274,True,4.203553390593274
v3_sc3_staging_03,L2,2,2,uncalibrated,False,0,True,False,False,True,4.019848480983499,True,4.019848480983499
v3_sc3_staging_03,L2,2,2,label_cell,False,0,True,False,False,True,4.019848480983499,True,4.019848480983499
v3_sc3_staging_03,L2,2,2,label_only,False,0,True,False,False,True,4.019848480983499,True,4.019848480983499
v3_sc3_staging_03,L2,2,2,pose_only,False,0,True,False,False,True,4.019848480983499,True,4.019848480983499
v3_sc3_staging_03,L2,2,2,separate,False,0,True,False,False,True,4.019848480983499,True,4.019848480983499
v3_sc3_staging_03,L2,2,2,joint,False,0,True,False,False,True,4.019848480983499,True,4.019848480983499
v3_sc3_staging_03,L2,2,2,oracle,False,0,True,False,False,True,4.019848480983499,True,4.019848480983499
v3_sc3_staging_03,L2,2,3,uncalibrated,False,0,False,False,False,False,nan,False,6.247056274847714
v3_sc3_staging_03,L2,2,3,label_cell,False,0,False,False,False,False,nan,False,6.247056274847714
v3_sc3_staging_03,L2,2,3,label_only,False,0,False,False,False,False,nan,False,6.247056274847714
v3_sc3_staging_03,L2,2,3,pose_only,False,0,False,False,False,False,nan,False,6.247056274847714
v3_sc3_staging_03,L2,2,3,separate,False,0,False,False,False,False,nan,False,6.247056274847714
v3_sc3_staging_03,L2,2,3,joint,False,0,False,False,False,False,nan,False,6.247056274847714
v3_sc3_staging_03,L2,2,3,oracle,False,0,True,False,False,True,6.247056274847714,True,6.247056274847714
v3_sc3_staging_03,L2,2,4,uncalibrated,False,0,True,False,False,True,3.310660171779821,True,3.3813708498984756
v3_sc3_staging_03,L2,2,4,label_cell,False,0,False,False,False,False,nan,False,3.3813708498984756
v3_sc3_staging_03,L2,2,4,label_only,False,0,True,False,False,True,3.310660171779821,True,3.3813708498984756
v3_sc3_staging_03,L2,2,4,pose_only,False,0,True,False,False,True,3.310660171779821,True,3.3813708498984756
v3_sc3_staging_03,L2,2,4,separate,False,0,True,False,False,True,3.310660171779821,True,3.3813708498984756
v3_sc3_staging_03,L2,2,4,joint,False,0,True,False,False,True,3.310660171779821,True,3.3813708498984756
v3_sc3_staging_03,L2,2,4,oracle,False,0,True,False,False,True,3.3813708498984756,True,3.3813708498984756
v3_sc3_staging_03,L2,2,5,uncalibrated,False,0,True,False,False,True,5.700609665440989,True,5.700609665440989
v3_sc3_staging_03,L2,2,5,label_cell,False,0,False,False,False,False,nan,False,5.700609665440989
v3_sc3_staging_03,L2,2,5,label_only,False,0,True,False,False,True,5.700609665440989,True,5.700609665440989
v3_sc3_staging_03,L2,2,5,pose_only,False,0,True,False,False,True,5.700609665440989,True,5.700609665440989
v3_sc3_staging_03,L2,2,5,separate,False,0,True,False,False,True,5.700609665440989,True,5.700609665440989
v3_sc3_staging_03,L2,2,5,joint,False,0,True,False,False,True,5.700609665440989,True,5.700609665440989
v3_sc3_staging_03,L2,2,5,oracle,False,0,True,False,False,True,5.700609665440989,True,5.700609665440989
v3_sc3_staging_03,L2,2,6,uncalibrated,False,0,True,False,False,True,6.965432893255074,True,6.965432893255074
v3_sc3_staging_03,L2,2,6,label_cell,False,0,False,False,False,False,nan,False,6.965432893255074
v3_sc3_staging_03,L2,2,6,label_only,False,0,True,False,False,True,6.965432893255074,True,6.965432893255074
v3_sc3_staging_03,L2,2,6,pose_only,False,0,True,False,False,True,6.965432893255074,True,6.965432893255074
v3_sc3_staging_03,L2,2,6,separate,False,0,True,False,False,True,6.965432893255074,True,6.965432893255074
v3_sc3_staging_03,L2,2,6,joint,False,0,True,False,False,True,6.965432893255074,True,6.965432893255074
v3_sc3_staging_03,L2,2,6,oracle,False,0,True,False,False,True,6.965432893255074,True,6.965432893255074
v3_sc3_staging_03,L2,2,7,uncalibrated,False,0,True,False,False,True,6.238477631085023,True,6.238477631085023
v3_sc3_staging_03,L2,2,7,label_cell,False,0,True,False,False,True,6.362741699796953,True,6.238477631085023
v3_sc3_staging_03,L2,2,7,label_only,False,0,True,False,False,True,6.238477631085023,True,6.238477631085023
v3_sc3_staging_03,L2,2,7,pose_only,False,0,True,False,False,True,6.238477631085023,True,6.238477631085023
v3_sc3_staging_03,L2,2,7,separate,False,0,True,False,False,True,6.238477631085023,True,6.238477631085023
v3_sc3_staging_03,L2,2,7,joint,False,0,True,False,False,True,6.238477631085023,True,6.238477631085023
v3_sc3_staging_03,L2,2,7,oracle,False,0,True,False,False,True,6.238477631085023,True,6.238477631085023
v3_sc3_staging_03,L2,2,8,uncalibrated,False,0,True,False,False,True,6.881370849898477,True,6.881370849898477
v3_sc3_staging_03,L2,2,8,label_cell,False,0,False,False,False,False,nan,False,6.881370849898477
v3_sc3_staging_03,L2,2,8,label_only,False,0,True,False,False,True,6.881370849898477,True,6.881370849898477
v3_sc3_staging_03,L2,2,8,pose_only,False,0,True,False,False,True,6.881370849898477,True,6.881370849898477
v3_sc3_staging_03,L2,2,8,separate,False,0,True,False,False,True,6.881370849898477,True,6.881370849898477
v3_sc3_staging_03,L2,2,8,joint,False,0,True,False,False,True,6.881370849898477,True,6.881370849898477
v3_sc3_staging_03,L2,2,8,oracle,False,0,True,False,False,True,6.881370849898477,True,6.881370849898477
v3_sc3_staging_03,L2,2,9,uncalibrated,False,0,True,False,False,True,4.8677669529663685,True,4.8677669529663685
v3_sc3_staging_03,L2,2,9,label_cell,False,0,False,False,False,False,nan,False,4.8677669529663685
v3_sc3_staging_03,L2,2,9,label_only,False,0,True,False,False,True,4.8677669529663685,True,4.8677669529663685
v3_sc3_staging_03,L2,2,9,pose_only,False,0,True,False,False,True,4.8677669529663685,True,4.8677669529663685
v3_sc3_staging_03,L2,2,9,separate,False,0,True,False,False,True,4.8677669529663685,True,4.8677669529663685
v3_sc3_staging_03,L2,2,9,joint,False,0,True,False,False,True,4.8677669529663685,True,4.8677669529663685
v3_sc3_staging_03,L2,2,9,oracle,False,0,True,False,False,True,4.8677669529663685,True,4.8677669529663685
v3_sc3_staging_03,L2,2,10,uncalibrated,False,0,True,False,False,True,5.0884776310850235,True,5.0884776310850235
v3_sc3_staging_03,L2,2,10,label_cell,False,0,True,False,False,True,5.92634559672906,True,5.0884776310850235
v3_sc3_staging_03,L2,2,10,label_only,False,0,True,False,False,True,5.0884776310850235,True,5.0884776310850235
v3_sc3_staging_03,L2,2,10,pose_only,False,0,True,False,False,True,5.0884776310850235,True,5.0884776310850235
v3_sc3_staging_03,L2,2,10,separate,False,0,True,False,False,True,5.0884776310850235,True,5.0884776310850235
v3_sc3_staging_03,L2,2,10,joint,False,0,True,False,False,True,5.0884776310850235,True,5.0884776310850235
v3_sc3_staging_03,L2,2,10,oracle,False,0,True,False,False,True,5.0884776310850235,True,5.0884776310850235
v3_sc3_staging_03,L2,2,11,uncalibrated,False,0,True,False,False,True,4.110660171779823,True,4.110660171779823
v3_sc3_staging_03,L2,2,11,label_cell,False,0,False,False,False,False,nan,False,4.110660171779823
v3_sc3_staging_03,L2,2,11,label_only,False,0,True,False,False,True,4.110660171779823,True,4.110660171779823
v3_sc3_staging_03,L2,2,11,pose_only,False,0,True,False,False,True,4.110660171779823,True,4.110660171779823
v3_sc3_staging_03,L2,2,11,separate,False,0,True,False,False,True,4.110660171779823,True,4.110660171779823
v3_sc3_staging_03,L2,2,11,joint,False,0,True,False,False,True,4.110660171779823,True,4.110660171779823
v3_sc3_staging_03,L2,2,11,oracle,False,0,True,False,False,True,4.110660171779823,True,4.110660171779823
v3_sc3_staging_03,L2,2,12,uncalibrated,False,0,True,False,False,True,5.819238815542512,True,5.819238815542512
v3_sc3_staging_03,L2,2,12,label_cell,False,0,False,False,False,False,nan,False,5.819238815542512
v3_sc3_staging_03,L2,2,12,label_only,False,0,True,False,False,True,5.819238815542512,True,5.819238815542512
v3_sc3_staging_03,L2,2,12,pose_only,False,0,True,False,False,True,5.819238815542512,True,5.819238815542512
v3_sc3_staging_03,L2,2,12,separate,False,0,True,False,False,True,5.819238815542512,True,5.819238815542512
v3_sc3_staging_03,L2,2,12,joint,False,0,True,False,False,True,5.819238815542512,True,5.819238815542512
v3_sc3_staging_03,L2,2,12,oracle,False,0,True,False,False,True,5.819238815542512,True,5.819238815542512
v3_sc3_staging_03,L2,2,13,uncalibrated,False,0,True,False,False,True,4.095584412271572,True,4.116295090390227
v3_sc3_staging_03,L2,2,13,label_cell,False,0,False,False,False,False,nan,False,4.116295090390227
v3_sc3_staging_03,L2,2,13,label_only,False,0,True,False,False,True,4.095584412271572,True,4.116295090390227
v3_sc3_staging_03,L2,2,13,pose_only,False,0,True,False,False,True,4.095584412271572,True,4.116295090390227
v3_sc3_staging_03,L2,2,13,separate,False,0,True,False,False,True,4.095584412271572,True,4.116295090390227
v3_sc3_staging_03,L2,2,13,joint,False,0,True,False,False,True,4.095584412271572,True,4.116295090390227
v3_sc3_staging_03,L2,2,13,oracle,False,0,True,False,False,True,4.116295090390227,True,4.116295090390227
v3_sc3_staging_03,L2,2,14,uncalibrated,False,0,True,False,False,True,3.3384776310850235,True,3.367766952966369
v3_sc3_staging_03,L2,2,14,label_cell,False,0,True,False,False,True,3.6642135623730954,True,3.367766952966369
v3_sc3_staging_03,L2,2,14,label_only,False,0,True,False,False,True,3.3384776310850235,True,3.367766952966369
v3_sc3_staging_03,L2,2,14,pose_only,False,0,True,False,False,True,3.3384776310850235,True,3.367766952966369
v3_sc3_staging_03,L2,2,14,separate,False,0,True,False,False,True,3.3384776310850235,True,3.367766952966369
v3_sc3_staging_03,L2,2,14,joint,False,0,True,False,False,True,3.3384776310850235,True,3.367766952966369
v3_sc3_staging_03,L2,2,14,oracle,False,0,True,False,False,True,3.367766952966369,True,3.367766952966369
v3_sc3_staging_03,L2,2,15,uncalibrated,False,0,False,False,False,False,nan,False,7.7689862838483466
v3_sc3_staging_03,L2,2,15,label_cell,False,0,False,False,False,False,nan,False,7.7689862838483466
v3_sc3_staging_03,L2,2,15,label_only,False,0,False,False,False,False,nan,False,7.7689862838483466
v3_sc3_staging_03,L2,2,15,pose_only,False,0,False,False,False,False,nan,False,7.7689862838483466
v3_sc3_staging_03,L2,2,15,separate,False,0,False,False,False,False,nan,False,7.7689862838483466
v3_sc3_staging_03,L2,2,15,joint,False,0,False,False,False,False,nan,False,7.7689862838483466
v3_sc3_staging_03,L2,2,15,oracle,False,0,True,False,False,True,7.7689862838483466,True,7.7689862838483466
v3_sc3_staging_03,L2,2,16,uncalibrated,False,0,True,False,False,True,6.805634918610408,True,6.805634918610408
v3_sc3_staging_03,L2,2,16,label_cell,False,0,True,False,False,True,7.1227922061357845,True,6.805634918610408
v3_sc3_staging_03,L2,2,16,label_only,False,0,True,False,False,True,6.805634918610408,True,6.805634918610408
v3_sc3_staging_03,L2,2,16,pose_only,False,0,True,False,False,True,6.805634918610408,True,6.805634918610408
v3_sc3_staging_03,L2,2,16,separate,False,0,True,False,False,True,6.805634918610408,True,6.805634918610408
v3_sc3_staging_03,L2,2,16,joint,False,0,True,False,False,True,6.805634918610408,True,6.805634918610408
v3_sc3_staging_03,L2,2,16,oracle,False,0,True,False,False,True,6.805634918610408,True,6.805634918610408
v3_sc3_staging_03,L2,2,17,uncalibrated,False,0,True,False,False,True,4.867766952966369,True,4.867766952966369
v3_sc3_staging_03,L2,2,17,label_cell,False,0,True,False,False,True,5.617766952966369,True,4.867766952966369
v3_sc3_staging_03,L2,2,17,label_only,False,0,True,False,False,True,4.867766952966369,True,4.867766952966369
v3_sc3_staging_03,L2,2,17,pose_only,False,0,True,False,False,True,4.867766952966369,True,4.867766952966369
v3_sc3_staging_03,L2,2,17,separate,False,0,True,False,False,True,4.867766952966369,True,4.867766952966369
v3_sc3_staging_03,L2,2,17,joint,False,0,True,False,False,True,4.867766952966369,True,4.867766952966369
v3_sc3_staging_03,L2,2,17,oracle,False,0,True,False,False,True,4.867766952966369,True,4.867766952966369
v3_sc3_staging_03,L2,2,18,uncalibrated,False,0,True,False,False,True,4.531980515339465,True,4.531980515339465
v3_sc3_staging_03,L2,2,18,label_cell,False,0,True,False,False,True,4.866295090390227,True,4.531980515339465
v3_sc3_staging_03,L2,2,18,label_only,False,0,True,False,False,True,4.531980515339465,True,4.531980515339465
v3_sc3_staging_03,L2,2,18,pose_only,False,0,True,False,False,True,4.531980515339465,True,4.531980515339465
v3_sc3_staging_03,L2,2,18,separate,False,0,True,False,False,True,4.531980515339465,True,4.531980515339465
v3_sc3_staging_03,L2,2,18,joint,False,0,True,False,False,True,4.531980515339465,True,4.531980515339465
v3_sc3_staging_03,L2,2,18,oracle,False,0,True,False,False,True,4.531980515339465,True,4.531980515339465
v3_sc3_staging_03,L2,2,19,uncalibrated,False,0,True,False,False,True,3.7677669529663684,True,3.7677669529663684
v3_sc3_staging_03,L2,2,19,label_cell,False,0,True,False,False,True,3.7677669529663684,True,3.7677669529663684
v3_sc3_staging_03,L2,2,19,label_only,False,0,True,False,False,True,3.7677669529663684,True,3.7677669529663684
v3_sc3_staging_03,L2,2,19,pose_only,False,0,True,False,False,True,3.7677669529663684,True,3.7677669529663684
v3_sc3_staging_03,L2,2,19,separate,False,0,True,False,False,True,3.7677669529663684,True,3.7677669529663684
v3_sc3_staging_03,L2,2,19,joint,False,0,True,False,False,True,3.7677669529663684,True,3.7677669529663684
v3_sc3_staging_03,L2,2,19,oracle,False,0,True,False,False,True,3.7677669529663684,True,3.7677669529663684
v3_sc3_staging_03,L2,3,0,uncalibrated,False,0,True,False,False,True,5.12426406871193,True,5.18492424049175
v3_sc3_staging_03,L2,3,0,label_cell,False,0,False,False,False,False,nan,False,5.18492424049175
v3_sc3_staging_03,L2,3,0,label_only,False,0,True,False,False,True,5.18492424049175,True,5.18492424049175
v3_sc3_staging_03,L2,3,0,pose_only,False,0,True,False,False,True,5.12426406871193,True,5.18492424049175
v3_sc3_staging_03,L2,3,0,separate,False,0,True,False,False,True,5.18492424049175,True,5.18492424049175
v3_sc3_staging_03,L2,3,0,joint,False,0,True,False,False,True,5.18492424049175,True,5.18492424049175
v3_sc3_staging_03,L2,3,0,oracle,False,0,True,False,False,True,5.18492424049175,True,5.18492424049175
v3_sc3_staging_03,L2,3,1,uncalibrated,False,0,True,False,False,True,4.203553390593274,True,4.203553390593274
v3_sc3_staging_03,L2,3,1,label_cell,False,0,False,False,False,False,nan,False,4.203553390593274
v3_sc3_staging_03,L2,3,1,label_only,False,0,True,False,False,True,4.203553390593274,True,4.203553390593274
v3_sc3_staging_03,L2,3,1,pose_only,False,0,True,False,False,True,4.203553390593274,True,4.203553390593274
v3_sc3_staging_03,L2,3,1,separate,False,0,True,False,False,True,4.203553390593274,True,4.203553390593274
v3_sc3_staging_03,L2,3,1,joint,False,0,True,False,False,True,4.203553390593274,True,4.203553390593274
v3_sc3_staging_03,L2,3,1,oracle,False,0,True,False,False,True,4.203553390593274,True,4.203553390593274
v3_sc3_staging_03,L2,3,2,uncalibrated,False,0,True,False,False,True,4.0698484809835,True,4.0698484809835
v3_sc3_staging_03,L2,3,2,label_cell,False,0,False,False,False,False,nan,False,4.0698484809835
v3_sc3_staging_03,L2,3,2,label_only,False,0,True,False,False,True,4.0698484809835,True,4.0698484809835
v3_sc3_staging_03,L2,3,2,pose_only,False,0,True,False,False,True,4.0698484809835,True,4.0698484809835
v3_sc3_staging_03,L2,3,2,separate,False,0,True,False,False,True,4.0698484809835,True,4.0698484809835
v3_sc3_staging_03,L2,3,2,joint,False,0,True,False,False,True,4.0698484809835,True,4.0698484809835
v3_sc3_staging_03,L2,3,2,oracle,False,0,True,False,False,True,4.0698484809835,True,4.0698484809835
v3_sc3_staging_03,L2,3,3,uncalibrated,False,0,True,False,False,True,6.217766952966369,True,nan
v3_sc3_staging_03,L2,3,3,label_cell,False,0,False,False,False,False,nan,False,nan
v3_sc3_staging_03,L2,3,3,label_only,False,0,True,False,False,True,6.217766952966369,True,nan
v3_sc3_staging_03,L2,3,3,pose_only,False,0,True,False,False,True,6.217766952966369,True,nan
v3_sc3_staging_03,L2,3,3,separate,False,0,True,False,False,True,6.217766952966369,True,nan
v3_sc3_staging_03,L2,3,3,joint,False,0,True,False,False,True,6.217766952966369,True,nan
v3_sc3_staging_03,L2,3,3,oracle,False,0,False,False,False,False,nan,False,nan
v3_sc3_staging_03,L2,3,4,uncalibrated,False,0,True,False,False,True,3.3727922061357853,True,3.3313708498984753
v3_sc3_staging_03,L2,3,4,label_cell,False,0,False,False,False,False,nan,False,3.3313708498984753
v3_sc3_staging_03,L2,3,4,label_only,False,0,True,False,False,True,3.3727922061357853,True,3.3313708498984753
v3_sc3_staging_03,L2,3,4,pose_only,False,0,True,False,False,True,3.3727922061357853,True,3.3313708498984753
v3_sc3_staging_03,L2,3,4,separate,False,0,True,False,False,True,3.3727922061357853,True,3.3313708498984753
v3_sc3_staging_03,L2,3,4,joint,False,0,True,False,False,True,3.3727922061357853,True,3.3313708498984753
v3_sc3_staging_03,L2,3,4,oracle,False,0,True,False,False,True,3.3313708498984753,True,3.3313708498984753
v3_sc3_staging_03,L2,3,5,uncalibrated,False,0,True,False,False,True,5.750609665440988,True,5.721320343559643
v3_sc3_staging_03,L2,3,5,label_cell,False,0,False,False,False,False,nan,False,5.721320343559643
v3_sc3_staging_03,L2,3,5,label_only,False,0,True,False,False,True,5.750609665440988,True,5.721320343559643
v3_sc3_staging_03,L2,3,5,pose_only,False,0,True,False,False,True,5.750609665440988,True,5.721320343559643
v3_sc3_staging_03,L2,3,5,separate,False,0,True,False,False,True,5.750609665440988,True,5.721320343559643
v3_sc3_staging_03,L2,3,5,joint,False,0,True,False,False,True,5.750609665440988,True,5.721320343559643
v3_sc3_staging_03,L2,3,5,oracle,False,0,True,False,False,True,5.721320343559643,True,5.721320343559643
v3_sc3_staging_03,L2,3,6,uncalibrated,False,0,True,False,False,True,6.986143571373728,True,6.986143571373728
v3_sc3_staging_03,L2,3,6,label_cell,False,0,False,False,False,False,nan,False,6.986143571373728
v3_sc3_staging_03,L2,3,6,label_only,False,0,True,False,False,True,6.986143571373728,True,6.986143571373728
v3_sc3_staging_03,L2,3,6,pose_only,False,0,True,False,False,True,6.986143571373728,True,6.986143571373728
v3_sc3_staging_03,L2,3,6,separate,False,0,True,False,False,True,6.986143571373728,True,6.986143571373728
v3_sc3_staging_03,L2,3,6,joint,False,0,True,False,False,True,6.986143571373728,True,6.986143571373728
v3_sc3_staging_03,L2,3,6,oracle,False,0,True,False,False,True,6.986143571373728,True,6.986143571373728
v3_sc3_staging_03,L2,3,7,uncalibrated,False,0,True,False,False,True,6.238477631085023,True,6.238477631085024
v3_sc3_staging_03,L2,3,7,label_cell,False,0,False,False,False,False,nan,False,6.238477631085024
v3_sc3_staging_03,L2,3,7,label_only,False,0,True,False,False,True,6.238477631085023,True,6.238477631085024
v3_sc3_staging_03,L2,3,7,pose_only,False,0,True,False,False,True,6.238477631085023,True,6.238477631085024
v3_sc3_staging_03,L2,3,7,separate,False,0,True,False,False,True,6.238477631085023,True,6.238477631085024
v3_sc3_staging_03,L2,3,7,joint,False,0,True,False,False,True,6.238477631085023,True,6.238477631085024
v3_sc3_staging_03,L2,3,7,oracle,False,0,True,False,False,True,6.238477631085024,True,6.238477631085024
v3_sc3_staging_03,L2,3,8,uncalibrated,False,0,True,False,False,True,6.881370849898477,True,6.852081528017132
v3_sc3_staging_03,L2,3,8,label_cell,False,0,False,False,False,False,nan,False,6.852081528017132
v3_sc3_staging_03,L2,3,8,label_only,False,0,True,False,False,True,6.881370849898477,True,6.852081528017132
v3_sc3_staging_03,L2,3,8,pose_only,False,0,True,False,False,True,6.881370849898477,True,6.852081528017132
v3_sc3_staging_03,L2,3,8,separate,False,0,True,False,False,True,6.881370849898477,True,6.852081528017132
v3_sc3_staging_03,L2,3,8,joint,False,0,True,False,False,True,6.881370849898477,True,6.852081528017132
v3_sc3_staging_03,L2,3,8,oracle,False,0,True,False,False,True,6.852081528017132,True,6.852081528017132
v3_sc3_staging_03,L2,3,9,uncalibrated,False,0,True,False,False,True,4.817766952966369,True,4.81776695296637
v3_sc3_staging_03,L2,3,9,label_cell,False,0,False,False,False,False,nan,False,4.81776695296637
v3_sc3_staging_03,L2,3,9,label_only,False,0,True,False,False,True,4.817766952966369,True,4.81776695296637
v3_sc3_staging_03,L2,3,9,pose_only,False,0,True,False,False,True,4.817766952966369,True,4.81776695296637
v3_sc3_staging_03,L2,3,9,separate,False,0,True,False,False,True,4.817766952966369,True,4.81776695296637
v3_sc3_staging_03,L2,3,9,joint,False,0,True,False,False,True,4.817766952966369,True,4.81776695296637
v3_sc3_staging_03,L2,3,9,oracle,False,0,True,False,False,True,4.81776695296637,True,4.81776695296637
v3_sc3_staging_03,L2,3,10,uncalibrated,False,0,True,False,False,True,5.109188309203678,True,5.109188309203678
v3_sc3_staging_03,L2,3,10,label_cell,False,0,False,False,False,False,nan,False,5.109188309203678
v3_sc3_staging_03,L2,3,10,label_only,False,0,True,False,False,True,5.109188309203678,True,5.109188309203678
v3_sc3_staging_03,L2,3,10,pose_only,False,0,True,False,False,True,5.109188309203678,True,5.109188309203678
v3_sc3_staging_03,L2,3,10,separate,False,0,True,False,False,True,5.109188309203678,True,5.109188309203678
v3_sc3_staging_03,L2,3,10,joint,False,0,True,False,False,True,5.109188309203678,True,5.109188309203678
v3_sc3_staging_03,L2,3,10,oracle,False,0,True,False,False,True,5.109188309203678,True,5.109188309203678
v3_sc3_staging_03,L2,3,11,uncalibrated,False,0,True,False,False,True,4.060660171779822,True,4.060660171779822
v3_sc3_staging_03,L2,3,11,label_cell,False,0,False,False,False,False,nan,False,4.060660171779822
v3_sc3_staging_03,L2,3,11,label_only,False,0,True,False,False,True,4.060660171779822,True,4.060660171779822
v3_sc3_staging_03,L2,3,11,pose_only,False,0,True,False,False,True,4.060660171779822,True,4.060660171779822
v3_sc3_staging_03,L2,3,11,separate,False,0,True,False,False,True,4.060660171779822,True,4.060660171779822
v3_sc3_staging_03,L2,3,11,joint,False,0,True,False,False,True,4.060660171779822,True,4.060660171779822
v3_sc3_staging_03,L2,3,11,oracle,False,0,True,False,False,True,4.060660171779822,True,4.060660171779822
v3_sc3_staging_03,L2,3,12,uncalibrated,False,0,True,False,False,True,5.819238815542512,True,5.819238815542512
v3_sc3_staging_03,L2,3,12,label_cell,False,0,False,False,False,False,nan,False,5.819238815542512
v3_sc3_staging_03,L2,3,12,label_only,False,0,True,False,False,True,5.819238815542512,True,5.819238815542512
v3_sc3_staging_03,L2,3,12,pose_only,False,0,True,False,False,True,5.819238815542512,True,5.819238815542512
v3_sc3_staging_03,L2,3,12,separate,False,0,True,False,False,True,5.819238815542512,True,5.819238815542512
v3_sc3_staging_03,L2,3,12,joint,False,0,True,False,False,True,5.819238815542512,True,5.819238815542512
v3_sc3_staging_03,L2,3,12,oracle,False,0,True,False,False,True,5.819238815542512,True,5.819238815542512
v3_sc3_staging_03,L2,3,13,uncalibrated,False,0,True,False,False,True,4.137005768508881,True,4.116295090390227
v3_sc3_staging_03,L2,3,13,label_cell,False,0,False,False,False,False,nan,False,4.116295090390227
v3_sc3_staging_03,L2,3,13,label_only,False,0,True,False,False,True,4.137005768508881,True,4.116295090390227
v3_sc3_staging_03,L2,3,13,pose_only,False,0,True,False,False,True,4.137005768508881,True,4.116295090390227
v3_sc3_staging_03,L2,3,13,separate,False,0,True,False,False,True,4.137005768508881,True,4.116295090390227
v3_sc3_staging_03,L2,3,13,joint,False,0,True,False,False,True,4.137005768508881,True,4.116295090390227
v3_sc3_staging_03,L2,3,13,oracle,False,0,True,False,False,True,4.116295090390227,True,4.116295090390227
v3_sc3_staging_03,L2,3,14,uncalibrated,False,0,True,False,False,True,3.3677669529663685,True,3.3384776310850235
v3_sc3_staging_03,L2,3,14,label_cell,False,0,True,False,False,True,3.714213562373095,True,3.3384776310850235
v3_sc3_staging_03,L2,3,14,label_only,False,0,True,False,False,True,3.3677669529663685,True,3.3384776310850235
v3_sc3_staging_03,L2,3,14,pose_only,False,0,True,False,False,True,3.3677669529663685,True,3.3384776310850235
v3_sc3_staging_03,L2,3,14,separate,False,0,True,False,False,True,3.3677669529663685,True,3.3384776310850235
v3_sc3_staging_03,L2,3,14,joint,False,0,True,False,False,True,3.3677669529663685,True,3.3384776310850235
v3_sc3_staging_03,L2,3,14,oracle,False,0,True,False,False,True,3.3384776310850235,True,3.3384776310850235
v3_sc3_staging_03,L2,3,15,uncalibrated,False,0,True,False,False,True,7.789696961967002,True,7.789696961967002
v3_sc3_staging_03,L2,3,15,label_cell,False,0,False,False,False,False,nan,False,7.789696961967002
v3_sc3_staging_03,L2,3,15,label_only,False,0,True,False,False,True,7.789696961967002,True,7.789696961967002
v3_sc3_staging_03,L2,3,15,pose_only,False,0,True,False,False,True,7.789696961967002,True,7.789696961967002
v3_sc3_staging_03,L2,3,15,separate,False,0,True,False,False,True,7.789696961967002,True,7.789696961967002
v3_sc3_staging_03,L2,3,15,joint,False,0,True,False,False,True,7.789696961967002,True,7.789696961967002
v3_sc3_staging_03,L2,3,15,oracle,False,0,True,False,False,True,7.789696961967002,True,7.789696961967002
v3_sc3_staging_03,L2,3,16,uncalibrated,False,0,True,False,False,True,6.855634918610406,True,6.826345596729064
v3_sc3_staging_03,L2,3,16,label_cell,False,0,False,False,False,False,nan,False,6.826345596729064
v3_sc3_staging_03,L2,3,16,label_only,False,0,True,False,False,True,6.855634918610406,True,6.826345596729064
v3_sc3_staging_03,L2,3,16,pose_only,False,0,True,False,False,True,6.855634918610406,True,6.826345596729064
v3_sc3_staging_03,L2,3,16,separate,False,0,True,False,False,True,6.855634918610406,True,6.826345596729064
v3_sc3_staging_03,L2,3,16,joint,False,0,True,False,False,True,6.855634918610406,True,6.826345596729064
v3_sc3_staging_03,L2,3,16,oracle,False,0,True,False,False,True,6.826345596729064,True,6.826345596729064
v3_sc3_staging_03,L2,3,17,uncalibrated,False,0,True,False,False,True,4.888477631085024,True,4.888477631085024
v3_sc3_staging_03,L2,3,17,label_cell,False,0,False,False,False,False,nan,False,4.888477631085024
v3_sc3_staging_03,L2,3,17,label_only,False,0,True,False,False,True,4.888477631085024,True,4.888477631085024
v3_sc3_staging_03,L2,3,17,pose_only,False,0,True,False,False,True,4.888477631085024,True,4.888477631085024
v3_sc3_staging_03,L2,3,17,separate,False,0,True,False,False,True,4.888477631085024,True,4.888477631085024
v3_sc3_staging_03,L2,3,17,joint,False,0,True,False,False,True,4.888477631085024,True,4.888477631085024
v3_sc3_staging_03,L2,3,17,oracle,False,0,True,False,False,True,4.888477631085024,True,4.888477631085024
v3_sc3_staging_03,L2,3,18,uncalibrated,False,0,True,False,False,True,4.552691193458119,True,4.552691193458119
v3_sc3_staging_03,L2,3,18,label_cell,False,0,False,False,False,False,nan,False,4.552691193458119
v3_sc3_staging_03,L2,3,18,label_only,False,0,True,False,False,True,4.552691193458119,True,4.552691193458119
v3_sc3_staging_03,L2,3,18,pose_only,False,0,True,False,False,True,4.552691193458119,True,4.552691193458119
v3_sc3_staging_03,L2,3,18,separate,False,0,True,False,False,True,4.552691193458119,True,4.552691193458119
v3_sc3_staging_03,L2,3,18,joint,False,0,True,False,False,True,4.552691193458119,True,4.552691193458119
v3_sc3_staging_03,L2,3,18,oracle,False,0,True,False,False,True,4.552691193458119,True,4.552691193458119
v3_sc3_staging_03,L2,3,19,uncalibrated,False,0,True,False,False,True,3.7677669529663684,True,3.7677669529663684
v3_sc3_staging_03,L2,3,19,label_cell,False,0,False,False,False,False,nan,False,3.7677669529663684
v3_sc3_staging_03,L2,3,19,label_only,False,0,True,False,False,True,3.7677669529663684,True,3.7677669529663684
v3_sc3_staging_03,L2,3,19,pose_only,False,0,True,False,False,True,3.7677669529663684,True,3.7677669529663684
v3_sc3_staging_03,L2,3,19,separate,False,0,True,False,False,True,3.7677669529663684,True,3.7677669529663684
v3_sc3_staging_03,L2,3,19,joint,False,0,True,False,False,True,3.7677669529663684,True,3.7677669529663684
v3_sc3_staging_03,L2,3,19,oracle,False,0,True,False,False,True,3.7677669529663684,True,3.7677669529663684
v3_sc3_staging_03,L2,4,0,uncalibrated,False,0,True,False,False,True,5.124264068711929,True,5.264213562373096
v3_sc3_staging_03,L2,4,0,label_cell,False,0,False,False,False,False,nan,False,5.264213562373096
v3_sc3_staging_03,L2,4,0,label_only,False,0,True,False,False,True,5.264213562373096,True,5.264213562373096
v3_sc3_staging_03,L2,4,0,pose_only,False,0,True,False,False,True,5.124264068711929,True,5.264213562373096
v3_sc3_staging_03,L2,4,0,separate,False,0,True,False,False,True,5.264213562373096,True,5.264213562373096
v3_sc3_staging_03,L2,4,0,joint,False,0,True,False,False,True,5.264213562373096,True,5.264213562373096
v3_sc3_staging_03,L2,4,0,oracle,False,0,True,False,False,True,5.264213562373096,True,5.264213562373096
v3_sc3_staging_03,L2,4,1,uncalibrated,False,0,True,False,False,True,4.244974746830584,True,4.244974746830584
v3_sc3_staging_03,L2,4,1,label_cell,False,0,True,False,False,True,4.348528137423857,True,4.244974746830584
v3_sc3_staging_03,L2,4,1,label_only,False,0,True,False,False,True,4.244974746830584,True,4.244974746830584
v3_sc3_staging_03,L2,4,1,pose_only,False,0,True,False,False,True,4.244974746830584,True,4.244974746830584
v3_sc3_staging_03,L2,4,1,separate,False,0,True,False,False,True,4.244974746830584,True,4.244974746830584
v3_sc3_staging_03,L2,4,1,joint,False,0,True,False,False,True,4.244974746830584,True,4.244974746830584
v3_sc3_staging_03,L2,4,1,oracle,False,0,True,False,False,True,4.244974746830584,True,4.244974746830584
v3_sc3_staging_03,L2,4,2,uncalibrated,False,0,True,False,False,True,3.9905591591021534,True,3.9905591591021534
v3_sc3_staging_03,L2,4,2,label_cell,False,0,True,False,False,True,3.9905591591021534,True,3.9905591591021534
v3_sc3_staging_03,L2,4,2,label_only,False,0,True,False,False,True,3.9905591591021534,True,3.9905591591021534
v3_sc3_staging_03,L2,4,2,pose_only,False,0,True,False,False,True,3.9905591591021534,True,3.9905591591021534
v3_sc3_staging_03,L2,4,2,separate,False,0,True,False,False,True,3.9905591591021534,True,3.9905591591021534
v3_sc3_staging_03,L2,4,2,joint,False,0,True,False,False,True,3.9905591591021534,True,3.9905591591021534
v3_sc3_staging_03,L2,4,2,oracle,False,0,True,False,False,True,3.9905591591021534,True,3.9905591591021534
v3_sc3_staging_03,L2,4,3,uncalibrated,False,0,True,False,False,True,6.217766952966369,True,6.217766952966369
v3_sc3_staging_03,L2,4,3,label_cell,False,0,False,False,False,False,nan,False,6.217766952966369
v3_sc3_staging_03,L2,4,3,label_only,False,0,True,False,False,True,6.217766952966369,True,6.217766952966369
v3_sc3_staging_03,L2,4,3,pose_only,False,0,True,False,False,True,6.217766952966369,True,6.217766952966369
v3_sc3_staging_03,L2,4,3,separate,False,0,True,False,False,True,6.217766952966369,True,6.217766952966369
v3_sc3_staging_03,L2,4,3,joint,False,0,True,False,False,True,6.217766952966369,True,6.217766952966369
v3_sc3_staging_03,L2,4,3,oracle,False,0,True,False,False,True,6.217766952966369,True,6.217766952966369
v3_sc3_staging_03,L2,4,4,uncalibrated,False,0,True,False,False,True,3.3192388155425117,True,3.289949493661166
v3_sc3_staging_03,L2,4,4,label_cell,False,0,False,False,False,False,nan,False,3.289949493661166
v3_sc3_staging_03,L2,4,4,label_only,False,0,True,False,False,True,3.3192388155425117,True,3.289949493661166
v3_sc3_staging_03,L2,4,4,pose_only,False,0,True,False,False,True,3.3192388155425117,True,3.289949493661166
v3_sc3_staging_03,L2,4,4,separate,False,0,True,False,False,True,3.3192388155425117,True,3.289949493661166
v3_sc3_staging_03,L2,4,4,joint,False,0,True,False,False,True,3.3192388155425117,True,3.289949493661166
v3_sc3_staging_03,L2,4,4,oracle,False,0,True,False,False,True,3.289949493661166,True,3.289949493661166
v3_sc3_staging_03,L2,4,5,uncalibrated,False,0,True,False,False,True,5.671320343559643,True,5.671320343559643
v3_sc3_staging_03,L2,4,5,label_cell,False,0,False,False,False,False,nan,False,5.671320343559643
v3_sc3_staging_03,L2,4,5,label_only,False,0,True,False,False,True,5.671320343559643,True,5.671320343559643
v3_sc3_staging_03,L2,4,5,pose_only,False,0,True,False,False,True,5.671320343559643,True,5.671320343559643
v3_sc3_staging_03,L2,4,5,separate,False,0,True,False,False,True,5.671320343559643,True,5.671320343559643
v3_sc3_staging_03,L2,4,5,joint,False,0,True,False,False,True,5.671320343559643,True,5.671320343559643
v3_sc3_staging_03,L2,4,5,oracle,False,0,True,False,False,True,5.671320343559643,True,5.671320343559643
v3_sc3_staging_03,L2,4,6,uncalibrated,False,0,True,False,False,True,7.015432893255074,True,7.015432893255074
v3_sc3_staging_03,L2,4,6,label_cell,False,0,False,False,False,False,nan,False,7.015432893255074
v3_sc3_staging_03,L2,4,6,label_only,False,0,True,False,False,True,7.015432893255074,True,7.015432893255074
v3_sc3_staging_03,L2,4,6,pose_only,False,0,True,False,False,True,7.015432893255074,True,7.015432893255074
v3_sc3_staging_03,L2,4,6,separate,False,0,True,False,False,True,7.015432893255074,True,7.015432893255074
v3_sc3_staging_03,L2,4,6,joint,False,0,True,False,False,True,7.015432893255074,True,7.015432893255074
v3_sc3_staging_03,L2,4,6,oracle,False,0,True,False,False,True,7.015432893255074,True,7.015432893255074
v3_sc3_staging_03,L2,4,7,uncalibrated,False,0,True,False,False,True,6.279898987322333,True,6.279898987322333
v3_sc3_staging_03,L2,4,7,label_cell,False,0,True,False,False,True,6.404163056034261,True,6.279898987322333
v3_sc3_staging_03,L2,4,7,label_only,False,0,True,False,False,True,6.279898987322333,True,6.279898987322333
v3_sc3_staging_03,L2,4,7,pose_only,False,0,True,False,False,True,6.279898987322333,True,6.279898987322333
v3_sc3_staging_03,L2,4,7,separate,False,0,True,False,False,True,6.279898987322333,True,6.279898987322333
v3_sc3_staging_03,L2,4,7,joint,False,0,True,False,False,True,6.279898987322333,True,6.279898987322333
v3_sc3_staging_03,L2,4,7,oracle,False,0,True,False,False,True,6.279898987322333,True,6.279898987322333
v3_sc3_staging_03,L2,4,8,uncalibrated,False,0,True,False,False,True,6.881370849898477,True,6.881370849898477
v3_sc3_staging_03,L2,4,8,label_cell,False,0,False,False,False,False,nan,False,6.881370849898477
v3_sc3_staging_03,L2,4,8,label_only,False,0,True,False,False,True,6.881370849898477,True,6.881370849898477
v3_sc3_staging_03,L2,4,8,pose_only,False,0,True,False,False,True,6.881370849898477,True,6.881370849898477
v3_sc3_staging_03,L2,4,8,separate,False,0,True,False,False,True,6.881370849898477,True,6.881370849898477
v3_sc3_staging_03,L2,4,8,joint,False,0,True,False,False,True,6.881370849898477,True,6.881370849898477
v3_sc3_staging_03,L2,4,8,oracle,False,0,True,False,False,True,6.881370849898477,True,6.881370849898477
v3_sc3_staging_03,L2,4,9,uncalibrated,False,0,True,False,False,True,4.897056274847715,True,4.897056274847715
v3_sc3_staging_03,L2,4,9,label_cell,False,0,False,False,False,False,nan,False,4.897056274847715
v3_sc3_staging_03,L2,4,9,label_only,False,0,True,False,False,True,4.897056274847715,True,4.897056274847715
v3_sc3_staging_03,L2,4,9,pose_only,False,0,True,False,False,True,4.897056274847715,True,4.897056274847715
v3_sc3_staging_03,L2,4,9,separate,False,0,True,False,False,True,4.897056274847715,True,4.897056274847715
v3_sc3_staging_03,L2,4,9,joint,False,0,True,False,False,True,4.897056274847715,True,4.897056274847715
v3_sc3_staging_03,L2,4,9,oracle,False,0,True,False,False,True,4.897056274847715,True,4.897056274847715
v3_sc3_staging_03,L2,4,10,uncalibrated,False,0,True,False,False,True,5.06776695296637,True,5.06776695296637
v3_sc3_staging_03,L2,4,10,label_cell,False,0,True,False,False,True,5.997056274847715,True,5.06776695296637
v3_sc3_staging_03,L2,4,10,label_only,False,0,True,False,False,True,5.06776695296637,True,5.06776695296637
v3_sc3_staging_03,L2,4,10,pose_only,False,0,True,False,False,True,5.06776695296637,True,5.06776695296637
v3_sc3_staging_03,L2,4,10,separate,False,0,True,False,False,True,5.06776695296637,True,5.06776695296637
v3_sc3_staging_03,L2,4,10,joint,False,0,True,False,False,True,5.06776695296637,True,5.06776695296637
v3_sc3_staging_03,L2,4,10,oracle,False,0,True,False,False,True,5.06776695296637,True,5.06776695296637
v3_sc3_staging_03,L2,4,11,uncalibrated,False,0,True,False,False,True,4.089949493661168,True,4.089949493661168
v3_sc3_staging_03,L2,4,11,label_cell,False,0,False,False,False,False,nan,False,4.089949493661168
v3_sc3_staging_03,L2,4,11,label_only,False,0,True,False,False,True,4.089949493661168,True,4.089949493661168
v3_sc3_staging_03,L2,4,11,pose_only,False,0,True,False,False,True,4.089949493661168,True,4.089949493661168
v3_sc3_staging_03,L2,4,11,separate,False,0,True,False,False,True,4.089949493661168,True,4.089949493661168
v3_sc3_staging_03,L2,4,11,joint,False,0,True,False,False,True,4.089949493661168,True,4.089949493661168
v3_sc3_staging_03,L2,4,11,oracle,False,0,True,False,False,True,4.089949493661168,True,4.089949493661168
v3_sc3_staging_03,L2,4,12,uncalibrated,False,0,True,False,False,True,5.819238815542512,True,5.819238815542512
v3_sc3_staging_03,L2,4,12,label_cell,False,0,False,False,False,False,nan,False,5.819238815542512
v3_sc3_staging_03,L2,4,12,label_only,False,0,True,False,False,True,5.819238815542512,True,5.819238815542512
v3_sc3_staging_03,L2,4,12,pose_only,False,0,True,False,False,True,5.819238815542512,True,5.819238815542512
v3_sc3_staging_03,L2,4,12,separate,False,0,True,False,False,True,5.819238815542512,True,5.819238815542512
v3_sc3_staging_03,L2,4,12,joint,False,0,True,False,False,True,5.819238815542512,True,5.819238815542512
v3_sc3_staging_03,L2,4,12,oracle,False,0,True,False,False,True,5.819238815542512,True,5.819238815542512
v3_sc3_staging_03,L2,4,13,uncalibrated,False,0,True,False,False,True,4.116295090390227,True,4.095584412271572
v3_sc3_staging_03,L2,4,13,label_cell,False,0,False,False,False,False,nan,False,4.095584412271572
v3_sc3_staging_03,L2,4,13,label_only,False,0,True,False,False,True,4.116295090390227,True,4.095584412271572
v3_sc3_staging_03,L2,4,13,pose_only,False,0,True,False,False,True,4.116295090390227,True,4.095584412271572
v3_sc3_staging_03,L2,4,13,separate,False,0,True,False,False,True,4.116295090390227,True,4.095584412271572
v3_sc3_staging_03,L2,4,13,joint,False,0,True,False,False,True,4.116295090390227,True,4.095584412271572
v3_sc3_staging_03,L2,4,13,oracle,False,0,True,False,False,True,4.095584412271572,True,4.095584412271572
v3_sc3_staging_03,L2,4,14,uncalibrated,False,0,True,False,False,True,3.317766952966369,True,3.288477631085023
v3_sc3_staging_03,L2,4,14,label_cell,False,0,True,False,False,True,3.6642135623730954,True,3.288477631085023
v3_sc3_staging_03,L2,4,14,label_only,False,0,True,False,False,True,3.317766952966369,True,3.288477631085023
v3_sc3_staging_03,L2,4,14,pose_only,False,0,True,False,False,True,3.317766952966369,True,3.288477631085023
v3_sc3_staging_03,L2,4,14,separate,False,0,True,False,False,True,3.317766952966369,True,3.288477631085023
v3_sc3_staging_03,L2,4,14,joint,False,0,True,False,False,True,3.317766952966369,True,3.288477631085023
v3_sc3_staging_03,L2,4,14,oracle,False,0,True,False,False,True,3.288477631085023,True,3.288477631085023
v3_sc3_staging_03,L2,4,15,uncalibrated,False,0,True,False,False,True,7.7982756057296925,True,7.7982756057296925
v3_sc3_staging_03,L2,4,15,label_cell,False,0,False,False,False,False,nan,False,7.7982756057296925
v3_sc3_staging_03,L2,4,15,label_only,False,0,True,False,False,True,7.7982756057296925,True,7.7982756057296925
v3_sc3_staging_03,L2,4,15,pose_only,False,0,True,False,False,True,7.7982756057296925,True,7.7982756057296925
v3_sc3_staging_03,L2,4,15,separate,False,0,True,False,False,True,7.7982756057296925,True,7.7982756057296925
v3_sc3_staging_03,L2,4,15,joint,False,0,True,False,False,True,7.7982756057296925,True,7.7982756057296925
v3_sc3_staging_03,L2,4,15,oracle,False,0,True,False,False,True,7.7982756057296925,True,7.7982756057296925
v3_sc3_staging_03,L2,4,16,uncalibrated,False,0,True,False,False,True,6.826345596729064,True,6.797056274847718
v3_sc3_staging_03,L2,4,16,label_cell,False,0,True,False,False,True,7.19350288425444,True,6.797056274847718
v3_sc3_staging_03,L2,4,16,label_only,False,0,True,False,False,True,6.826345596729064,True,6.797056274847718
v3_sc3_staging_03,L2,4,16,pose_only,False,0,True,False,False,True,6.826345596729064,True,6.797056274847718
v3_sc3_staging_03,L2,4,16,separate,False,0,True,False,False,True,6.826345596729064,True,6.797056274847718
v3_sc3_staging_03,L2,4,16,joint,False,0,True,False,False,True,6.826345596729064,True,6.797056274847718
v3_sc3_staging_03,L2,4,16,oracle,False,0,True,False,False,True,6.797056274847718,True,6.797056274847718
v3_sc3_staging_03,L2,4,17,uncalibrated,False,0,True,False,False,True,4.847056274847715,True,4.847056274847715
v3_sc3_staging_03,L2,4,17,label_cell,False,0,True,False,False,True,5.688477631085024,True,4.847056274847715
v3_sc3_staging_03,L2,4,17,label_only,False,0,True,False,False,True,4.847056274847715,True,4.847056274847715
v3_sc3_staging_03,L2,4,17,pose_only,False,0,True,False,False,True,4.847056274847715,True,4.847056274847715
v3_sc3_staging_03,L2,4,17,separate,False,0,True,False,False,True,4.847056274847715,True,4.847056274847715
v3_sc3_staging_03,L2,4,17,joint,False,0,True,False,False,True,4.847056274847715,True,4.847056274847715
v3_sc3_staging_03,L2,4,17,oracle,False,0,True,False,False,True,4.847056274847715,True,4.847056274847715
v3_sc3_staging_03,L2,4,18,uncalibrated,False,0,True,False,False,True,4.561269837220809,True,4.561269837220809
v3_sc3_staging_03,L2,4,18,label_cell,False,0,True,False,False,True,4.937005768508881,True,4.561269837220809
v3_sc3_staging_03,L2,4,18,label_only,False,0,True,False,False,True,4.561269837220809,True,4.561269837220809
v3_sc3_staging_03,L2,4,18,pose_only,False,0,True,False,False,True,4.561269837220809,True,4.561269837220809
v3_sc3_staging_03,L2,4,18,separate,False,0,True,False,False,True,4.561269837220809,True,4.561269837220809
v3_sc3_staging_03,L2,4,18,joint,False,0,True,False,False,True,4.561269837220809,True,4.561269837220809
v3_sc3_staging_03,L2,4,18,oracle,False,0,True,False,False,True,4.561269837220809,True,4.561269837220809
v3_sc3_staging_03,L2,4,19,uncalibrated,False,0,True,False,False,True,3.7884776310850237,True,3.7884776310850237
v3_sc3_staging_03,L2,4,19,label_cell,False,0,True,False,False,True,3.788477631085023,True,3.7884776310850237
v3_sc3_staging_03,L2,4,19,label_only,False,0,True,False,False,True,3.7884776310850237,True,3.7884776310850237
v3_sc3_staging_03,L2,4,19,pose_only,False,0,True,False,False,True,3.7884776310850237,True,3.7884776310850237
v3_sc3_staging_03,L2,4,19,separate,False,0,True,False,False,True,3.7884776310850237,True,3.7884776310850237
v3_sc3_staging_03,L2,4,19,joint,False,0,True,False,False,True,3.7884776310850237,True,3.7884776310850237
v3_sc3_staging_03,L2,4,19,oracle,False,0,True,False,False,True,3.7884776310850237,True,3.7884776310850237
v3_sc3_staging_03,L3,0,0,uncalibrated,False,0,True,False,False,True,5.164213562373096,True,5.144974746830584
v3_sc3_staging_03,L3,0,0,label_cell,False,0,False,False,False,False,nan,False,5.144974746830584
v3_sc3_staging_03,L3,0,0,label_only,False,0,True,False,False,True,5.164213562373096,True,5.144974746830584
v3_sc3_staging_03,L3,0,0,pose_only,False,0,True,False,False,True,5.164213562373096,True,5.144974746830584
v3_sc3_staging_03,L3,0,0,separate,False,0,True,False,False,True,5.164213562373096,True,5.144974746830584
v3_sc3_staging_03,L3,0,0,joint,False,0,True,False,False,True,5.164213562373096,True,5.144974746830584
v3_sc3_staging_03,L3,0,0,oracle,False,0,True,False,False,True,5.144974746830584,True,5.144974746830584
v3_sc3_staging_03,L3,0,1,uncalibrated,False,0,True,False,False,True,4.224264068711929,True,4.203553390593274
v3_sc3_staging_03,L3,0,1,label_cell,False,0,False,False,False,False,nan,False,4.203553390593274
v3_sc3_staging_03,L3,0,1,label_only,False,0,True,False,False,True,4.224264068711929,True,4.203553390593274
v3_sc3_staging_03,L3,0,1,pose_only,False,0,True,False,False,True,4.224264068711929,True,4.203553390593274
v3_sc3_staging_03,L3,0,1,separate,False,0,True,False,False,True,4.224264068711929,True,4.203553390593274
v3_sc3_staging_03,L3,0,1,joint,False,0,True,False,False,True,4.224264068711929,True,4.203553390593274
v3_sc3_staging_03,L3,0,1,oracle,False,0,True,False,False,True,4.203553390593274,True,4.203553390593274
v3_sc3_staging_03,L3,0,2,uncalibrated,False,0,True,False,False,True,4.019848480983499,True,4.019848480983499
v3_sc3_staging_03,L3,0,2,label_cell,False,0,False,False,False,False,nan,False,4.019848480983499
v3_sc3_staging_03,L3,0,2,label_only,False,0,True,False,False,True,4.019848480983499,True,4.019848480983499
v3_sc3_staging_03,L3,0,2,pose_only,False,0,True,False,False,True,4.019848480983499,True,4.019848480983499
v3_sc3_staging_03,L3,0,2,separate,False,0,True,False,False,True,4.019848480983499,True,4.019848480983499
v3_sc3_staging_03,L3,0,2,joint,False,0,True,False,False,True,4.019848480983499,True,4.019848480983499
v3_sc3_staging_03,L3,0,2,oracle,False,0,True,False,False,True,4.019848480983499,True,4.019848480983499
v3_sc3_staging_03,L3,0,3,uncalibrated,False,0,False,False,False,False,nan,False,nan
v3_sc3_staging_03,L3,0,3,label_cell,False,0,False,False,False,False,nan,False,nan
v3_sc3_staging_03,L3,0,3,label_only,False,0,False,False,False,False,nan,False,nan
v3_sc3_staging_03,L3,0,3,pose_only,False,0,False,False,False,False,nan,False,nan
v3_sc3_staging_03,L3,0,3,separate,False,0,False,False,False,False,nan,False,nan
v3_sc3_staging_03,L3,0,3,joint,False,0,False,False,False,False,nan,False,nan
v3_sc3_staging_03,L3,0,3,oracle,False,0,False,False,False,False,nan,False,nan
v3_sc3_staging_03,L3,0,4,uncalibrated,False,0,True,False,False,True,3.310660171779821,True,3.310660171779821
v3_sc3_staging_03,L3,0,4,label_cell,False,0,False,False,False,False,nan,False,3.310660171779821
v3_sc3_staging_03,L3,0,4,label_only,False,0,True,False,False,True,3.310660171779821,True,3.310660171779821
v3_sc3_staging_03,L3,0,4,pose_only,False,0,True,False,False,True,3.310660171779821,True,3.310660171779821
v3_sc3_staging_03,L3,0,4,separate,False,0,True,False,False,True,3.310660171779821,True,3.310660171779821
v3_sc3_staging_03,L3,0,4,joint,False,0,True,False,False,True,3.310660171779821,True,3.310660171779821
v3_sc3_staging_03,L3,0,4,oracle,False,0,True,False,False,True,3.310660171779821,True,3.310660171779821
v3_sc3_staging_03,L3,0,5,uncalibrated,False,0,True,False,False,True,5.779898987322333,True,5.700609665440989
v3_sc3_staging_03,L3,0,5,label_cell,False,0,False,False,False,False,nan,False,5.700609665440989
v3_sc3_staging_03,L3,0,5,label_only,False,0,True,False,False,True,5.779898987322333,True,5.700609665440989
v3_sc3_staging_03,L3,0,5,pose_only,False,0,True,False,False,True,5.779898987322333,True,5.700609665440989
v3_sc3_staging_03,L3,0,5,separate,False,0,True,False,False,True,5.779898987322333,True,5.700609665440989
v3_sc3_staging_03,L3,0,5,joint,False,0,True,False,False,True,5.779898987322333,True,5.700609665440989
v3_sc3_staging_03,L3,0,5,oracle,False,0,True,False,False,True,5.700609665440989,True,5.700609665440989
v3_sc3_staging_03,L3,0,6,uncalibrated,False,0,True,False,False,True,6.936143571373728,True,6.965432893255074
v3_sc3_staging_03,L3,0,6,label_cell,False,0,False,False,False,False,nan,False,6.965432893255074
v3_sc3_staging_03,L3,0,6,label_only,False,0,True,False,False,True,6.936143571373728,True,6.965432893255074
v3_sc3_staging_03,L3,0,6,pose_only,False,0,True,False,False,True,6.936143571373728,True,6.965432893255074
v3_sc3_staging_03,L3,0,6,separate,False,0,True,False,False,True,6.936143571373728,True,6.965432893255074
v3_sc3_staging_03,L3,0,6,joint,False,0,True,False,False,True,6.936143571373728,True,6.965432893255074
v3_sc3_staging_03,L3,0,6,oracle,False,0,True,False,False,True,6.965432893255074,True,6.965432893255074
v3_sc3_staging_03,L3,0,7,uncalibrated,False,0,True,False,False,True,6.279898987322333,True,6.238477631085023
v3_sc3_staging_03,L3,0,7,label_cell,False,0,False,False,False,False,nan,False,6.238477631085023
v3_sc3_staging_03,L3,0,7,label_only,False,0,True,False,False,True,6.279898987322333,True,6.238477631085023
v3_sc3_staging_03,L3,0,7,pose_only,False,0,True,False,False,True,6.279898987322333,True,6.238477631085023
v3_sc3_staging_03,L3,0,7,separate,False,0,True,False,False,True,6.279898987322333,True,6.238477631085023
v3_sc3_staging_03,L3,0,7,joint,False,0,True,False,False,True,6.279898987322333,True,6.238477631085023
v3_sc3_staging_03,L3,0,7,oracle,False,0,True,False,False,True,6.238477631085023,True,6.238477631085023
v3_sc3_staging_03,L3,0,8,uncalibrated,False,0,True,False,False,True,6.9399494936611665,True,6.881370849898477
v3_sc3_staging_03,L3,0,8,label_cell,False,0,False,False,False,False,nan,False,6.881370849898477
v3_sc3_staging_03,L3,0,8,label_only,False,0,True,False,False,True,6.9399494936611665,True,6.881370849898477
v3_sc3_staging_03,L3,0,8,pose_only,False,0,True,False,False,True,6.9399494936611665,True,6.881370849898477
v3_sc3_staging_03,L3,0,8,separate,False,0,True,False,False,True,6.9399494936611665,True,6.881370849898477
v3_sc3_staging_03,L3,0,8,joint,False,0,True,False,False,True,6.9399494936611665,True,6.881370849898477
v3_sc3_staging_03,L3,0,8,oracle,False,0,True,False,False,True,6.881370849898477,True,6.881370849898477
v3_sc3_staging_03,L3,0,9,uncalibrated,False,0,True,False,False,True,4.797056274847714,True,4.8677669529663685
v3_sc3_staging_03,L3,0,9,label_cell,False,0,False,False,False,False,nan,False,4.8677669529663685
v3_sc3_staging_03,L3,0,9,label_only,False,0,True,False,False,True,4.797056274847714,True,4.8677669529663685
v3_sc3_staging_03,L3,0,9,pose_only,False,0,True,False,False,True,4.797056274847714,True,4.8677669529663685
v3_sc3_staging_03,L3,0,9,separate,False,0,True,False,False,True,4.797056274847714,True,4.8677669529663685
v3_sc3_staging_03,L3,0,9,joint,False,0,True,False,False,True,4.797056274847714,True,4.8677669529663685
v3_sc3_staging_03,L3,0,9,oracle,False,0,True,False,False,True,4.8677669529663685,True,4.8677669529663685
v3_sc3_staging_03,L3,0,10,uncalibrated,False,0,True,False,False,True,5.129898987322333,True,5.0884776310850235
v3_sc3_staging_03,L3,0,10,label_cell,False,0,False,False,False,False,nan,False,5.0884776310850235
v3_sc3_staging_03,L3,0,10,label_only,False,0,True,False,False,True,5.129898987322333,True,5.0884776310850235
v3_sc3_staging_03,L3,0,10,pose_only,False,0,True,False,False,True,5.129898987322333,True,5.0884776310850235
v3_sc3_staging_03,L3,0,10,separate,False,0,True,False,False,True,5.129898987322333,True,5.0884776310850235
v3_sc3_staging_03,L3,0,10,joint,False,0,True,False,False,True,5.129898987322333,True,5.0884776310850235
v3_sc3_staging_03,L3,0,10,oracle,False,0,True,False,False,True,5.0884776310850235,True,5.0884776310850235
v3_sc3_staging_03,L3,0,11,uncalibrated,False,0,True,False,False,True,4.081370849898477,True,4.110660171779823
v3_sc3_staging_03,L3,0,11,label_cell,False,0,False,False,False,False,nan,False,4.110660171779823
v3_sc3_staging_03,L3,0,11,label_only,False,0,True,False,False,True,4.081370849898477,True,4.110660171779823
v3_sc3_staging_03,L3,0,11,pose_only,False,0,True,False,False,True,4.081370849898477,True,4.110660171779823
v3_sc3_staging_03,L3,0,11,separate,False,0,True,False,False,True,4.081370849898477,True,4.110660171779823
v3_sc3_staging_03,L3,0,11,joint,False,0,True,False,False,True,4.081370849898477,True,4.110660171779823
v3_sc3_staging_03,L3,0,11,oracle,False,0,True,False,False,True,4.110660171779823,True,4.110660171779823
v3_sc3_staging_03,L3,0,12,uncalibrated,False,0,True,False,False,True,5.902081528017131,True,5.819238815542512
v3_sc3_staging_03,L3,0,12,label_cell,False,0,False,False,False,False,nan,False,5.819238815542512
v3_sc3_staging_03,L3,0,12,label_only,False,0,True,False,False,True,5.902081528017131,True,5.819238815542512
v3_sc3_staging_03,L3,0,12,pose_only,False,0,True,False,False,True,5.902081528017131,True,5.819238815542512
v3_sc3_staging_03,L3,0,12,separate,False,0,True,False,False,True,5.902081528017131,True,5.819238815542512
v3_sc3_staging_03,L3,0,12,joint,False,0,True,False,False,True,5.902081528017131,True,5.819238815542512
v3_sc3_staging_03,L3,0,12,oracle,False,0,True,False,False,True,5.819238815542512,True,5.819238815542512
v3_sc3_staging_03,L3,0,13,uncalibrated,False,0,True,False,False,True,4.116295090390227,True,4.116295090390227
v3_sc3_staging_03,L3,0,13,label_cell,False,0,False,False,False,False,nan,False,4.116295090390227
v3_sc3_staging_03,L3,0,13,label_only,False,0,True,False,False,True,4.116295090390227,True,4.116295090390227
v3_sc3_staging_03,L3,0,13,pose_only,False,0,True,False,False,True,4.116295090390227,True,4.116295090390227
v3_sc3_staging_03,L3,0,13,separate,False,0,True,False,False,True,4.116295090390227,True,4.116295090390227
v3_sc3_staging_03,L3,0,13,joint,False,0,True,False,False,True,4.116295090390227,True,4.116295090390227
v3_sc3_staging_03,L3,0,13,oracle,False,0,True,False,False,True,4.116295090390227,True,4.116295090390227
v3_sc3_staging_03,L3,0,14,uncalibrated,False,0,True,False,False,True,3.3384776310850235,True,3.3384776310850235
v3_sc3_staging_03,L3,0,14,label_cell,False,0,True,False,False,True,3.6642135623730954,True,3.3384776310850235
v3_sc3_staging_03,L3,0,14,label_only,False,0,True,False,False,True,3.3384776310850235,True,3.3384776310850235
v3_sc3_staging_03,L3,0,14,pose_only,False,0,True,False,False,True,3.3384776310850235,True,3.3384776310850235
v3_sc3_staging_03,L3,0,14,separate,False,0,True,False,False,True,3.3384776310850235,True,3.3384776310850235
v3_sc3_staging_03,L3,0,14,joint,False,0,True,False,False,True,3.3384776310850235,True,3.3384776310850235
v3_sc3_staging_03,L3,0,14,oracle,False,0,True,False,False,True,3.3384776310850235,True,3.3384776310850235
v3_sc3_staging_03,L3,0,15,uncalibrated,False,0,False,False,False,False,nan,False,nan
v3_sc3_staging_03,L3,0,15,label_cell,False,0,False,False,False,False,nan,False,nan
v3_sc3_staging_03,L3,0,15,label_only,False,0,False,False,False,False,nan,False,nan
v3_sc3_staging_03,L3,0,15,pose_only,False,0,False,False,False,False,nan,False,nan
v3_sc3_staging_03,L3,0,15,separate,False,0,False,False,False,False,nan,False,nan
v3_sc3_staging_03,L3,0,15,joint,False,0,False,False,False,False,nan,False,nan
v3_sc3_staging_03,L3,0,15,oracle,False,0,False,False,False,False,nan,False,nan
v3_sc3_staging_03,L3,0,16,uncalibrated,False,0,True,False,False,True,6.805634918610408,True,6.805634918610408
v3_sc3_staging_03,L3,0,16,label_cell,False,0,False,False,False,False,nan,False,6.805634918610408
v3_sc3_staging_03,L3,0,16,label_only,False,0,True,False,False,True,6.805634918610408,True,6.805634918610408
v3_sc3_staging_03,L3,0,16,pose_only,False,0,True,False,False,True,6.805634918610408,True,6.805634918610408
v3_sc3_staging_03,L3,0,16,separate,False,0,True,False,False,True,6.805634918610408,True,6.805634918610408
v3_sc3_staging_03,L3,0,16,joint,False,0,True,False,False,True,6.805634918610408,True,6.805634918610408
v3_sc3_staging_03,L3,0,16,oracle,False,0,True,False,False,True,6.805634918610408,True,6.805634918610408
v3_sc3_staging_03,L3,0,17,uncalibrated,False,0,True,False,False,True,4.888477631085024,True,4.867766952966369
v3_sc3_staging_03,L3,0,17,label_cell,False,0,False,False,False,False,nan,False,4.867766952966369
v3_sc3_staging_03,L3,0,17,label_only,False,0,True,False,False,True,4.888477631085024,True,4.867766952966369
v3_sc3_staging_03,L3,0,17,pose_only,False,0,True,False,False,True,4.888477631085024,True,4.867766952966369
v3_sc3_staging_03,L3,0,17,separate,False,0,True,False,False,True,4.888477631085024,True,4.867766952966369
v3_sc3_staging_03,L3,0,17,joint,False,0,True,False,False,True,4.888477631085024,True,4.867766952966369
v3_sc3_staging_03,L3,0,17,oracle,False,0,True,False,False,True,4.867766952966369,True,4.867766952966369
v3_sc3_staging_03,L3,0,18,uncalibrated,False,0,True,False,False,True,4.531980515339465,True,4.531980515339465
v3_sc3_staging_03,L3,0,18,label_cell,False,0,False,False,False,False,nan,False,4.531980515339465
v3_sc3_staging_03,L3,0,18,label_only,False,0,True,False,False,True,4.531980515339465,True,4.531980515339465
v3_sc3_staging_03,L3,0,18,pose_only,False,0,True,False,False,True,4.531980515339465,True,4.531980515339465
v3_sc3_staging_03,L3,0,18,separate,False,0,True,False,False,True,4.531980515339465,True,4.531980515339465
v3_sc3_staging_03,L3,0,18,joint,False,0,True,False,False,True,4.531980515339465,True,4.531980515339465
v3_sc3_staging_03,L3,0,18,oracle,False,0,True,False,False,True,4.531980515339465,True,4.531980515339465
v3_sc3_staging_03,L3,0,19,uncalibrated,False,0,True,False,False,True,3.7677669529663684,True,3.7677669529663684
v3_sc3_staging_03,L3,0,19,label_cell,False,0,False,False,False,False,nan,False,3.7677669529663684
v3_sc3_staging_03,L3,0,19,label_only,False,0,True,False,False,True,3.7677669529663684,True,3.7677669529663684
v3_sc3_staging_03,L3,0,19,pose_only,False,0,True,False,False,True,3.7677669529663684,True,3.7677669529663684
v3_sc3_staging_03,L3,0,19,separate,False,0,True,False,False,True,3.7677669529663684,True,3.7677669529663684
v3_sc3_staging_03,L3,0,19,joint,False,0,True,False,False,True,3.7677669529663684,True,3.7677669529663684
v3_sc3_staging_03,L3,0,19,oracle,False,0,True,False,False,True,3.7677669529663684,True,3.7677669529663684
v3_sc3_staging_03,L3,1,0,uncalibrated,False,0,True,False,False,True,5.082842712474619,True,5.1449747468305835
v3_sc3_staging_03,L3,1,0,label_cell,False,0,False,False,False,False,nan,False,5.1449747468305835
v3_sc3_staging_03,L3,1,0,label_only,False,0,True,False,False,True,5.284924240491751,True,5.1449747468305835
v3_sc3_staging_03,L3,1,0,pose_only,False,0,True,False,False,True,5.082842712474619,True,5.1449747468305835
v3_sc3_staging_03,L3,1,0,separate,False,0,True,False,False,True,5.284924240491751,True,5.1449747468305835
v3_sc3_staging_03,L3,1,0,joint,False,0,True,False,False,True,5.284924240491751,True,5.1449747468305835
v3_sc3_staging_03,L3,1,0,oracle,False,0,True,False,False,True,5.1449747468305835,True,5.1449747468305835
v3_sc3_staging_03,L3,1,1,uncalibrated,False,0,True,False,False,True,4.203553390593274,True,4.203553390593274
v3_sc3_staging_03,L3,1,1,label_cell,False,0,False,False,False,False,nan,False,4.203553390593274
v3_sc3_staging_03,L3,1,1,label_only,False,0,True,False,False,True,4.203553390593274,True,4.203553390593274
v3_sc3_staging_03,L3,1,1,pose_only,False,0,True,False,False,True,4.203553390593274,True,4.203553390593274
v3_sc3_staging_03,L3,1,1,separate,False,0,True,False,False,True,4.203553390593274,True,4.203553390593274
v3_sc3_staging_03,L3,1,1,joint,False,0,True,False,False,True,4.203553390593274,True,4.203553390593274
v3_sc3_staging_03,L3,1,1,oracle,False,0,True,False,False,True,4.203553390593274,True,4.203553390593274
v3_sc3_staging_03,L3,1,2,uncalibrated,False,0,True,False,False,True,4.019848480983499,True,4.019848480983499
v3_sc3_staging_03,L3,1,2,label_cell,False,0,False,False,False,False,nan,False,4.019848480983499
v3_sc3_staging_03,L3,1,2,label_only,False,0,True,False,False,True,4.019848480983499,True,4.019848480983499
v3_sc3_staging_03,L3,1,2,pose_only,False,0,True,False,False,True,4.019848480983499,True,4.019848480983499
v3_sc3_staging_03,L3,1,2,separate,False,0,True,False,False,True,4.019848480983499,True,4.019848480983499
v3_sc3_staging_03,L3,1,2,joint,False,0,True,False,False,True,4.019848480983499,True,4.019848480983499
v3_sc3_staging_03,L3,1,2,oracle,False,0,True,False,False,True,4.019848480983499,True,4.019848480983499
v3_sc3_staging_03,L3,1,3,uncalibrated,False,0,False,False,False,False,nan,False,6.238477631085025
v3_sc3_staging_03,L3,1,3,label_cell,False,0,False,False,False,False,nan,False,6.238477631085025
v3_sc3_staging_03,L3,1,3,label_only,False,0,False,False,False,False,nan,False,6.238477631085025
v3_sc3_staging_03,L3,1,3,pose_only,False,0,False,False,False,False,nan,False,6.238477631085025
v3_sc3_staging_03,L3,1,3,separate,False,0,False,False,False,False,nan,False,6.238477631085025
v3_sc3_staging_03,L3,1,3,joint,False,0,False,False,False,False,nan,False,6.238477631085025
v3_sc3_staging_03,L3,1,3,oracle,False,0,True,False,False,True,6.238477631085025,True,6.238477631085025
v3_sc3_staging_03,L3,1,4,uncalibrated,False,0,False,False,False,False,nan,False,3.281370849898476
v3_sc3_staging_03,L3,1,4,label_cell,False,0,False,False,False,False,nan,False,3.281370849898476
v3_sc3_staging_03,L3,1,4,label_only,False,0,False,False,False,False,nan,False,3.281370849898476
v3_sc3_staging_03,L3,1,4,pose_only,False,0,False,False,False,False,nan,False,3.281370849898476
v3_sc3_staging_03,L3,1,4,separate,False,0,False,False,False,False,nan,False,3.281370849898476
v3_sc3_staging_03,L3,1,4,joint,False,0,False,False,False,False,nan,False,3.281370849898476
v3_sc3_staging_03,L3,1,4,oracle,False,0,True,False,False,True,3.281370849898476,True,3.281370849898476
v3_sc3_staging_03,L3,1,5,uncalibrated,False,0,True,False,False,True,5.721320343559643,True,5.721320343559643
v3_sc3_staging_03,L3,1,5,label_cell,False,0,False,False,False,False,nan,False,5.721320343559643
v3_sc3_staging_03,L3,1,5,label_only,False,0,True,False,False,True,5.721320343559643,True,5.721320343559643
v3_sc3_staging_03,L3,1,5,pose_only,False,0,True,False,False,True,5.721320343559643,True,5.721320343559643
v3_sc3_staging_03,L3,1,5,separate,False,0,True,False,False,True,5.721320343559643,True,5.721320343559643
v3_sc3_staging_03,L3,1,5,joint,False,0,True,False,False,True,5.721320343559643,True,5.721320343559643
v3_sc3_staging_03,L3,1,5,oracle,False,0,True,False,False,True,5.721320343559643,True,5.721320343559643
v3_sc3_staging_03,L3,1,6,uncalibrated,False,0,True,False,False,True,6.99472221513642,True,6.965432893255074
v3_sc3_staging_03,L3,1,6,label_cell,False,0,False,False,False,False,nan,False,6.965432893255074
v3_sc3_staging_03,L3,1,6,label_only,False,0,True,False,False,True,6.99472221513642,True,6.965432893255074
v3_sc3_staging_03,L3,1,6,pose_only,False,0,True,False,False,True,6.99472221513642,True,6.965432893255074
v3_sc3_staging_03,L3,1,6,separate,False,0,True,False,False,True,6.99472221513642,True,6.965432893255074
v3_sc3_staging_03,L3,1,6,joint,False,0,True,False,False,True,6.99472221513642,True,6.965432893255074
v3_sc3_staging_03,L3,1,6,oracle,False,0,True,False,False,True,6.965432893255074,True,6.965432893255074
v3_sc3_staging_03,L3,1,7,uncalibrated,False,0,True,False,False,True,6.259188309203679,True,6.259188309203679
v3_sc3_staging_03,L3,1,7,label_cell,False,0,False,False,False,False,nan,False,6.259188309203679
v3_sc3_staging_03,L3,1,7,label_only,False,0,True,False,False,True,6.259188309203679,True,6.259188309203679
v3_sc3_staging_03,L3,1,7,pose_only,False,0,True,False,False,True,6.259188309203679,True,6.259188309203679
v3_sc3_staging_03,L3,1,7,separate,False,0,True,False,False,True,6.259188309203679,True,6.259188309203679
v3_sc3_staging_03,L3,1,7,joint,False,0,True,False,False,True,6.259188309203679,True,6.259188309203679
v3_sc3_staging_03,L3,1,7,oracle,False,0,True,False,False,True,6.259188309203679,True,6.259188309203679
v3_sc3_staging_03,L3,1,8,uncalibrated,False,0,True,False,False,True,6.902081528017132,True,6.902081528017131
v3_sc3_staging_03,L3,1,8,label_cell,False,0,False,False,False,False,nan,False,6.902081528017131
v3_sc3_staging_03,L3,1,8,label_only,False,0,True,False,False,True,6.902081528017132,True,6.902081528017131
v3_sc3_staging_03,L3,1,8,pose_only,False,0,True,False,False,True,6.902081528017132,True,6.902081528017131
v3_sc3_staging_03,L3,1,8,separate,False,0,True,False,False,True,6.902081528017132,True,6.902081528017131
v3_sc3_staging_03,L3,1,8,joint,False,0,True,False,False,True,6.902081528017132,True,6.902081528017131
v3_sc3_staging_03,L3,1,8,oracle,False,0,True,False,False,True,6.902081528017131,True,6.902081528017131
v3_sc3_staging_03,L3,1,9,uncalibrated,False,0,True,False,False,True,4.917766952966369,True,4.847056274847713
v3_sc3_staging_03,L3,1,9,label_cell,False,0,False,False,False,False,nan,False,4.847056274847713
v3_sc3_staging_03,L3,1,9,label_only,False,0,True,False,False,True,4.917766952966369,True,4.847056274847713
v3_sc3_staging_03,L3,1,9,pose_only,False,0,True,False,False,True,4.917766952966369,True,4.847056274847713
v3_sc3_staging_03,L3,1,9,separate,False,0,True,False,False,True,4.917766952966369,True,4.847056274847713
v3_sc3_staging_03,L3,1,9,joint,False,0,True,False,False,True,4.917766952966369,True,4.847056274847713
v3_sc3_staging_03,L3,1,9,oracle,False,0,True,False,False,True,4.847056274847713,True,4.847056274847713
v3_sc3_staging_03,L3,1,10,uncalibrated,False,0,True,False,False,True,5.0884776310850235,True,5.0884776310850235
v3_sc3_staging_03,L3,1,10,label_cell,False,0,False,False,False,False,nan,False,5.0884776310850235
v3_sc3_staging_03,L3,1,10,label_only,False,0,True,False,False,True,5.0884776310850235,True,5.0884776310850235
v3_sc3_staging_03,L3,1,10,pose_only,False,0,True,False,False,True,5.0884776310850235,True,5.0884776310850235
v3_sc3_staging_03,L3,1,10,separate,False,0,True,False,False,True,5.0884776310850235,True,5.0884776310850235
v3_sc3_staging_03,L3,1,10,joint,False,0,True,False,False,True,5.0884776310850235,True,5.0884776310850235
v3_sc3_staging_03,L3,1,10,oracle,False,0,True,False,False,True,5.0884776310850235,True,5.0884776310850235
v3_sc3_staging_03,L3,1,11,uncalibrated,False,0,True,False,False,True,4.139949493661167,True,4.089949493661168
v3_sc3_staging_03,L3,1,11,label_cell,False,0,False,False,False,False,nan,False,4.089949493661168
v3_sc3_staging_03,L3,1,11,label_only,False,0,True,False,False,True,4.139949493661167,True,4.089949493661168
v3_sc3_staging_03,L3,1,11,pose_only,False,0,True,False,False,True,4.139949493661167,True,4.089949493661168
v3_sc3_staging_03,L3,1,11,separate,False,0,True,False,False,True,4.139949493661167,True,4.089949493661168
v3_sc3_staging_03,L3,1,11,joint,False,0,True,False,False,True,4.139949493661167,True,4.089949493661168
v3_sc3_staging_03,L3,1,11,oracle,False,0,True,False,False,True,4.089949493661168,True,4.089949493661168
v3_sc3_staging_03,L3,1,12,uncalibrated,False,0,True,False,False,True,5.839949493661166,True,5.839949493661166
v3_sc3_staging_03,L3,1,12,label_cell,False,0,False,False,False,False,nan,False,5.839949493661166
v3_sc3_staging_03,L3,1,12,label_only,False,0,True,False,False,True,5.839949493661166,True,5.839949493661166
v3_sc3_staging_03,L3,1,12,pose_only,False,0,True,False,False,True,5.839949493661166,True,5.839949493661166
v3_sc3_staging_03,L3,1,12,separate,False,0,True,False,False,True,5.839949493661166,True,5.839949493661166
v3_sc3_staging_03,L3,1,12,joint,False,0,True,False,False,True,5.839949493661166,True,5.839949493661166
v3_sc3_staging_03,L3,1,12,oracle,False,0,True,False,False,True,5.839949493661166,True,5.839949493661166
v3_sc3_staging_03,L3,1,13,uncalibrated,False,0,True,False,False,True,4.157716446627536,True,4.116295090390227
v3_sc3_staging_03,L3,1,13,label_cell,False,0,False,False,False,False,nan,False,4.116295090390227
v3_sc3_staging_03,L3,1,13,label_only,False,0,True,False,False,True,4.157716446627536,True,4.116295090390227
v3_sc3_staging_03,L3,1,13,pose_only,False,0,True,False,False,True,4.157716446627536,True,4.116295090390227
v3_sc3_staging_03,L3,1,13,separate,False,0,True,False,False,True,4.157716446627536,True,4.116295090390227
v3_sc3_staging_03,L3,1,13,joint,False,0,True,False,False,True,4.157716446627536,True,4.116295090390227
v3_sc3_staging_03,L3,1,13,oracle,False,0,True,False,False,True,4.116295090390227,True,4.116295090390227
v3_sc3_staging_03,L3,1,14,uncalibrated,False,0,True,False,False,True,3.3677669529663685,True,3.3384776310850235
v3_sc3_staging_03,L3,1,14,label_cell,False,0,False,False,False,False,nan,False,3.3384776310850235
v3_sc3_staging_03,L3,1,14,label_only,False,0,True,False,False,True,3.3677669529663685,True,3.3384776310850235
v3_sc3_staging_03,L3,1,14,pose_only,False,0,True,False,False,True,3.3677669529663685,True,3.3384776310850235
v3_sc3_staging_03,L3,1,14,separate,False,0,True,False,False,True,3.3677669529663685,True,3.3384776310850235
v3_sc3_staging_03,L3,1,14,joint,False,0,True,False,False,True,3.3677669529663685,True,3.3384776310850235
v3_sc3_staging_03,L3,1,14,oracle,False,0,True,False,False,True,3.3384776310850235,True,3.3384776310850235
v3_sc3_staging_03,L3,1,15,uncalibrated,False,0,True,False,False,True,7.777564927611038,True,7.748275605729692
v3_sc3_staging_03,L3,1,15,label_cell,False,0,False,False,False,False,nan,False,7.748275605729692
v3_sc3_staging_03,L3,1,15,label_only,False,0,True,False,False,True,7.777564927611038,True,7.748275605729692
v3_sc3_staging_03,L3,1,15,pose_only,False,0,True,False,False,True,7.777564927611038,True,7.748275605729692
v3_sc3_staging_03,L3,1,15,separate,False,0,True,False,False,True,7.777564927611038,True,7.748275605729692
v3_sc3_staging_03,L3,1,15,joint,False,0,True,False,False,True,7.777564927611038,True,7.748275605729692
v3_sc3_staging_03,L3,1,15,oracle,False,0,True,False,False,True,7.748275605729692,True,7.748275605729692
v3_sc3_staging_03,L3,1,16,uncalibrated,False,0,True,False,False,True,6.826345596729064,True,6.826345596729064
v3_sc3_staging_03,L3,1,16,label_cell,False,0,False,False,False,False,nan,False,6.826345596729064
v3_sc3_staging_03,L3,1,16,label_only,False,0,True,False,False,True,6.826345596729064,True,6.826345596729064
v3_sc3_staging_03,L3,1,16,pose_only,False,0,True,False,False,True,6.826345596729064,True,6.826345596729064
v3_sc3_staging_03,L3,1,16,separate,False,0,True,False,False,True,6.826345596729064,True,6.826345596729064
v3_sc3_staging_03,L3,1,16,joint,False,0,True,False,False,True,6.826345596729064,True,6.826345596729064
v3_sc3_staging_03,L3,1,16,oracle,False,0,True,False,False,True,6.826345596729064,True,6.826345596729064
v3_sc3_staging_03,L3,1,17,uncalibrated,False,0,True,False,False,True,4.867766952966369,True,4.867766952966369
v3_sc3_staging_03,L3,1,17,label_cell,False,0,False,False,False,False,nan,False,4.867766952966369
v3_sc3_staging_03,L3,1,17,label_only,False,0,True,False,False,True,4.867766952966369,True,4.867766952966369
v3_sc3_staging_03,L3,1,17,pose_only,False,0,True,False,False,True,4.867766952966369,True,4.867766952966369
v3_sc3_staging_03,L3,1,17,separate,False,0,True,False,False,True,4.867766952966369,True,4.867766952966369
v3_sc3_staging_03,L3,1,17,joint,False,0,True,False,False,True,4.867766952966369,True,4.867766952966369
v3_sc3_staging_03,L3,1,17,oracle,False,0,True,False,False,True,4.867766952966369,True,4.867766952966369
v3_sc3_staging_03,L3,1,18,uncalibrated,False,0,True,False,False,True,4.531980515339465,True,4.531980515339465
v3_sc3_staging_03,L3,1,18,label_cell,False,0,False,False,False,False,nan,False,4.531980515339465
v3_sc3_staging_03,L3,1,18,label_only,False,0,True,False,False,True,4.531980515339465,True,4.531980515339465
v3_sc3_staging_03,L3,1,18,pose_only,False,0,True,False,False,True,4.531980515339465,True,4.531980515339465
v3_sc3_staging_03,L3,1,18,separate,False,0,True,False,False,True,4.531980515339465,True,4.531980515339465
v3_sc3_staging_03,L3,1,18,joint,False,0,True,False,False,True,4.531980515339465,True,4.531980515339465
v3_sc3_staging_03,L3,1,18,oracle,False,0,True,False,False,True,4.531980515339465,True,4.531980515339465
v3_sc3_staging_03,L3,1,19,uncalibrated,False,0,True,False,False,True,3.7677669529663684,True,3.7677669529663684
v3_sc3_staging_03,L3,1,19,label_cell,False,0,False,False,False,False,nan,False,3.7677669529663684
v3_sc3_staging_03,L3,1,19,label_only,False,0,True,False,False,True,3.7677669529663684,True,3.7677669529663684
v3_sc3_staging_03,L3,1,19,pose_only,False,0,True,False,False,True,3.7677669529663684,True,3.7677669529663684
v3_sc3_staging_03,L3,1,19,separate,False,0,True,False,False,True,3.7677669529663684,True,3.7677669529663684
v3_sc3_staging_03,L3,1,19,joint,False,0,True,False,False,True,3.7677669529663684,True,3.7677669529663684
v3_sc3_staging_03,L3,1,19,oracle,False,0,True,False,False,True,3.7677669529663684,True,3.7677669529663684
v3_sc3_staging_03,L3,2,0,uncalibrated,False,0,True,False,False,True,5.18492424049175,True,5.12426406871193
v3_sc3_staging_03,L3,2,0,label_cell,False,0,False,False,False,False,nan,False,5.12426406871193
v3_sc3_staging_03,L3,2,0,label_only,False,0,True,False,False,True,5.18492424049175,True,5.12426406871193
v3_sc3_staging_03,L3,2,0,pose_only,False,0,True,False,False,True,5.18492424049175,True,5.12426406871193
v3_sc3_staging_03,L3,2,0,separate,False,0,True,False,False,True,5.18492424049175,True,5.12426406871193
v3_sc3_staging_03,L3,2,0,joint,False,0,True,False,False,True,5.18492424049175,True,5.12426406871193
v3_sc3_staging_03,L3,2,0,oracle,False,0,True,False,False,True,5.12426406871193,True,5.12426406871193
v3_sc3_staging_03,L3,2,1,uncalibrated,False,0,True,False,False,True,4.224264068711929,True,4.203553390593274
v3_sc3_staging_03,L3,2,1,label_cell,False,0,False,False,False,False,nan,False,4.203553390593274
v3_sc3_staging_03,L3,2,1,label_only,False,0,True,False,False,True,4.224264068711929,True,4.203553390593274
v3_sc3_staging_03,L3,2,1,pose_only,False,0,True,False,False,True,4.224264068711929,True,4.203553390593274
v3_sc3_staging_03,L3,2,1,separate,False,0,True,False,False,True,4.224264068711929,True,4.203553390593274
v3_sc3_staging_03,L3,2,1,joint,False,0,True,False,False,True,4.224264068711929,True,4.203553390593274
v3_sc3_staging_03,L3,2,1,oracle,False,0,True,False,False,True,4.203553390593274,True,4.203553390593274
v3_sc3_staging_03,L3,2,2,uncalibrated,False,0,True,False,False,True,3.9698484809834995,True,3.9698484809834995
v3_sc3_staging_03,L3,2,2,label_cell,False,0,False,False,False,False,nan,False,3.9698484809834995
v3_sc3_staging_03,L3,2,2,label_only,False,0,True,False,False,True,3.9698484809834995,True,3.9698484809834995
v3_sc3_staging_03,L3,2,2,pose_only,False,0,True,False,False,True,3.9698484809834995,True,3.9698484809834995
v3_sc3_staging_03,L3,2,2,separate,False,0,True,False,False,True,3.9698484809834995,True,3.9698484809834995
v3_sc3_staging_03,L3,2,2,joint,False,0,True,False,False,True,3.9698484809834995,True,3.9698484809834995
v3_sc3_staging_03,L3,2,2,oracle,False,0,True,False,False,True,3.9698484809834995,True,3.9698484809834995
v3_sc3_staging_03,L3,2,3,uncalibrated,False,0,True,False,False,True,6.309188309203679,True,6.238477631085024
v3_sc3_staging_03,L3,2,3,label_cell,False,0,False,False,False,False,nan,False,6.238477631085024
v3_sc3_staging_03,L3,2,3,label_only,False,0,True,False,False,True,6.309188309203679,True,6.238477631085024
v3_sc3_staging_03,L3,2,3,pose_only,False,0,True,False,False,True,6.309188309203679,True,6.238477631085024
v3_sc3_staging_03,L3,2,3,separate,False,0,True,False,False,True,6.309188309203679,True,6.238477631085024
v3_sc3_staging_03,L3,2,3,joint,False,0,True,False,False,True,6.309188309203679,True,6.238477631085024
v3_sc3_staging_03,L3,2,3,oracle,False,0,True,False,False,True,6.238477631085024,True,6.238477631085024
v3_sc3_staging_03,L3,2,4,uncalibrated,False,0,True,False,False,True,3.310660171779821,True,3.310660171779821
v3_sc3_staging_03,L3,2,4,label_cell,False,0,False,False,False,False,nan,False,3.310660171779821
v3_sc3_staging_03,L3,2,4,label_only,False,0,True,False,False,True,3.310660171779821,True,3.310660171779821
v3_sc3_staging_03,L3,2,4,pose_only,False,0,True,False,False,True,3.310660171779821,True,3.310660171779821
v3_sc3_staging_03,L3,2,4,separate,False,0,True,False,False,True,3.310660171779821,True,3.310660171779821
v3_sc3_staging_03,L3,2,4,joint,False,0,True,False,False,True,3.310660171779821,True,3.310660171779821
v3_sc3_staging_03,L3,2,4,oracle,False,0,True,False,False,True,3.310660171779821,True,3.310660171779821
v3_sc3_staging_03,L3,2,5,uncalibrated,False,0,True,False,False,True,5.750609665440988,True,5.671320343559643
v3_sc3_staging_03,L3,2,5,label_cell,False,0,False,False,False,False,nan,False,5.671320343559643
v3_sc3_staging_03,L3,2,5,label_only,False,0,True,False,False,True,5.750609665440988,True,5.671320343559643
v3_sc3_staging_03,L3,2,5,pose_only,False,0,True,False,False,True,5.750609665440988,True,5.671320343559643
v3_sc3_staging_03,L3,2,5,separate,False,0,True,False,False,True,5.750609665440988,True,5.671320343559643
v3_sc3_staging_03,L3,2,5,joint,False,0,True,False,False,True,5.750609665440988,True,5.671320343559643
v3_sc3_staging_03,L3,2,5,oracle,False,0,True,False,False,True,5.671320343559643,True,5.671320343559643
v3_sc3_staging_03,L3,2,6,uncalibrated,False,0,True,False,False,True,6.974011537017765,True,6.915432893255073
v3_sc3_staging_03,L3,2,6,label_cell,False,0,False,False,False,False,nan,False,6.915432893255073
v3_sc3_staging_03,L3,2,6,label_only,False,0,True,False,False,True,6.974011537017765,True,6.915432893255073
v3_sc3_staging_03,L3,2,6,pose_only,False,0,True,False,False,True,6.974011537017765,True,6.915432893255073
v3_sc3_staging_03,L3,2,6,separate,False,0,True,False,False,True,6.974011537017765,True,6.915432893255073
v3_sc3_staging_03,L3,2,6,joint,False,0,True,False,False,True,6.974011537017765,True,6.915432893255073
v3_sc3_staging_03,L3,2,6,oracle,False,0,True,False,False,True,6.915432893255073,True,6.915432893255073
v3_sc3_staging_03,L3,2,7,uncalibrated,False,0,True,False,False,True,6.279898987322333,True,6.259188309203679
v3_sc3_staging_03,L3,2,7,label_cell,False,0,False,False,False,False,nan,False,6.259188309203679
v3_sc3_staging_03,L3,2,7,label_only,False,0,True,False,False,True,6.279898987322333,True,6.259188309203679
v3_sc3_staging_03,L3,2,7,pose_only,False,0,True,False,False,True,6.279898987322333,True,6.259188309203679
v3_sc3_staging_03,L3,2,7,separate,False,0,True,False,False,True,6.279898987322333,True,6.259188309203679
v3_sc3_staging_03,L3,2,7,joint,False,0,True,False,False,True,6.279898987322333,True,6.259188309203679
v3_sc3_staging_03,L3,2,7,oracle,False,0,True,False,False,True,6.259188309203679,True,6.259188309203679
v3_sc3_staging_03,L3,2,8,uncalibrated,False,0,True,False,False,True,6.9106601717798215,True,6.8520815280171306
v3_sc3_staging_03,L3,2,8,label_cell,False,0,False,False,False,False,nan,False,6.8520815280171306
v3_sc3_staging_03,L3,2,8,label_only,False,0,True,False,False,True,6.9106601717798215,True,6.8520815280171306
v3_sc3_staging_03,L3,2,8,pose_only,False,0,True,False,False,True,6.9106601717798215,True,6.8520815280171306
v3_sc3_staging_03,L3,2,8,separate,False,0,True,False,False,True,6.9106601717798215,True,6.8520815280171306
v3_sc3_staging_03,L3,2,8,joint,False,0,True,False,False,True,6.9106601717798215,True,6.8520815280171306
v3_sc3_staging_03,L3,2,8,oracle,False,0,True,False,False,True,6.8520815280171306,True,6.8520815280171306
v3_sc3_staging_03,L3,2,9,uncalibrated,False,0,True,False,False,True,4.81776695296637,True,4.776345596729058
v3_sc3_staging_03,L3,2,9,label_cell,False,0,True,False,False,True,5.329898987322332,True,4.776345596729058
v3_sc3_staging_03,L3,2,9,label_only,False,0,True,False,False,True,4.81776695296637,True,4.776345596729058
v3_sc3_staging_03,L3,2,9,pose_only,False,0,True,False,False,True,4.81776695296637,True,4.776345596729058
v3_sc3_staging_03,L3,2,9,separate,False,0,True,False,False,True,4.81776695296637,True,4.776345596729058
v3_sc3_staging_03,L3,2,9,joint,False,0,True,False,False,True,4.81776695296637,True,4.776345596729058
v3_sc3_staging_03,L3,2,9,oracle,False,0,True,False,False,True,4.776345596729058,True,4.776345596729058
v3_sc3_staging_03,L3,2,10,uncalibrated,False,0,True,False,False,True,5.109188309203679,True,5.06776695296637
v3_sc3_staging_03,L3,2,10,label_cell,False,0,False,False,False,False,nan,False,5.06776695296637
v3_sc3_staging_03,L3,2,10,label_only,False,0,True,False,False,True,5.109188309203679,True,5.06776695296637
v3_sc3_staging_03,L3,2,10,pose_only,False,0,True,False,False,True,5.109188309203679,True,5.06776695296637
v3_sc3_staging_03,L3,2,10,separate,False,0,True,False,False,True,5.109188309203679,True,5.06776695296637
v3_sc3_staging_03,L3,2,10,joint,False,0,True,False,False,True,5.109188309203679,True,5.06776695296637
v3_sc3_staging_03,L3,2,10,oracle,False,0,True,False,False,True,5.06776695296637,True,5.06776695296637
v3_sc3_staging_03,L3,2,11,uncalibrated,False,0,True,False,False,True,4.060660171779822,True,4.060660171779822
v3_sc3_staging_03,L3,2,11,label_cell,False,0,False,False,False,False,nan,False,4.060660171779822
v3_sc3_staging_03,L3,2,11,label_only,False,0,True,False,False,True,4.060660171779822,True,4.060660171779822
v3_sc3_staging_03,L3,2,11,pose_only,False,0,True,False,False,True,4.060660171779822,True,4.060660171779822
v3_sc3_staging_03,L3,2,11,separate,False,0,True,False,False,True,4.060660171779822,True,4.060660171779822
v3_sc3_staging_03,L3,2,11,joint,False,0,True,False,False,True,4.060660171779822,True,4.060660171779822
v3_sc3_staging_03,L3,2,11,oracle,False,0,True,False,False,True,4.060660171779822,True,4.060660171779822
v3_sc3_staging_03,L3,2,12,uncalibrated,False,0,True,False,False,True,5.8813708498984765,True,5.839949493661166
v3_sc3_staging_03,L3,2,12,label_cell,False,0,False,False,False,False,nan,False,5.839949493661166
v3_sc3_staging_03,L3,2,12,label_only,False,0,True,False,False,True,5.8813708498984765,True,5.839949493661166
v3_sc3_staging_03,L3,2,12,pose_only,False,0,True,False,False,True,5.8813708498984765,True,5.839949493661166
v3_sc3_staging_03,L3,2,12,separate,False,0,True,False,False,True,5.8813708498984765,True,5.839949493661166
v3_sc3_staging_03,L3,2,12,joint,False,0,True,False,False,True,5.8813708498984765,True,5.839949493661166
v3_sc3_staging_03,L3,2,12,oracle,False,0,True,False,False,True,5.839949493661166,True,5.839949493661166
v3_sc3_staging_03,L3,2,13,uncalibrated,False,0,True,False,False,True,4.095584412271572,True,4.095584412271572
v3_sc3_staging_03,L3,2,13,label_cell,False,0,False,False,False,False,nan,False,4.095584412271572
v3_sc3_staging_03,L3,2,13,label_only,False,0,True,False,False,True,4.095584412271572,True,4.095584412271572
v3_sc3_staging_03,L3,2,13,pose_only,False,0,True,False,False,True,4.095584412271572,True,4.095584412271572
v3_sc3_staging_03,L3,2,13,separate,False,0,True,False,False,True,4.095584412271572,True,4.095584412271572
v3_sc3_staging_03,L3,2,13,joint,False,0,True,False,False,True,4.095584412271572,True,4.095584412271572
v3_sc3_staging_03,L3,2,13,oracle,False,0,True,False,False,True,4.095584412271572,True,4.095584412271572
v3_sc3_staging_03,L3,2,14,uncalibrated,False,0,True,False,False,True,3.3384776310850235,True,3.3384776310850235
v3_sc3_staging_03,L3,2,14,label_cell,False,0,True,False,False,True,3.6642135623730954,True,3.3384776310850235
v3_sc3_staging_03,L3,2,14,label_only,False,0,True,False,False,True,3.3384776310850235,True,3.3384776310850235
v3_sc3_staging_03,L3,2,14,pose_only,False,0,True,False,False,True,3.3384776310850235,True,3.3384776310850235
v3_sc3_staging_03,L3,2,14,separate,False,0,True,False,False,True,3.3384776310850235,True,3.3384776310850235
v3_sc3_staging_03,L3,2,14,joint,False,0,True,False,False,True,3.3384776310850235,True,3.3384776310850235
v3_sc3_staging_03,L3,2,14,oracle,False,0,True,False,False,True,3.3384776310850235,True,3.3384776310850235
v3_sc3_staging_03,L3,2,15,uncalibrated,False,0,False,False,False,False,nan,False,nan
v3_sc3_staging_03,L3,2,15,label_cell,False,0,False,False,False,False,nan,False,nan
v3_sc3_staging_03,L3,2,15,label_only,False,0,False,False,False,False,nan,False,nan
v3_sc3_staging_03,L3,2,15,pose_only,False,0,False,False,False,False,nan,False,nan
v3_sc3_staging_03,L3,2,15,separate,False,0,False,False,False,False,nan,False,nan
v3_sc3_staging_03,L3,2,15,joint,False,0,False,False,False,False,nan,False,nan
v3_sc3_staging_03,L3,2,15,oracle,False,0,False,False,False,False,nan,False,nan
v3_sc3_staging_03,L3,2,16,uncalibrated,False,0,True,False,False,True,6.7763455967290644,True,6.7763455967290644
v3_sc3_staging_03,L3,2,16,label_cell,False,0,False,False,False,False,nan,False,6.7763455967290644
v3_sc3_staging_03,L3,2,16,label_only,False,0,True,False,False,True,6.7763455967290644,True,6.7763455967290644
v3_sc3_staging_03,L3,2,16,pose_only,False,0,True,False,False,True,6.7763455967290644,True,6.7763455967290644
v3_sc3_staging_03,L3,2,16,separate,False,0,True,False,False,True,6.7763455967290644,True,6.7763455967290644
v3_sc3_staging_03,L3,2,16,joint,False,0,True,False,False,True,6.7763455967290644,True,6.7763455967290644
v3_sc3_staging_03,L3,2,16,oracle,False,0,True,False,False,True,6.7763455967290644,True,6.7763455967290644
v3_sc3_staging_03,L3,2,17,uncalibrated,False,0,True,False,False,True,4.867766952966369,True,4.847056274847715
v3_sc3_staging_03,L3,2,17,label_cell,False,0,False,False,False,False,nan,False,4.847056274847715
v3_sc3_staging_03,L3,2,17,label_only,False,0,True,False,False,True,4.867766952966369,True,4.847056274847715
v3_sc3_staging_03,L3,2,17,pose_only,False,0,True,False,False,True,4.867766952966369,True,4.847056274847715
v3_sc3_staging_03,L3,2,17,separate,False,0,True,False,False,True,4.867766952966369,True,4.847056274847715
v3_sc3_staging_03,L3,2,17,joint,False,0,True,False,False,True,4.867766952966369,True,4.847056274847715
v3_sc3_staging_03,L3,2,17,oracle,False,0,True,False,False,True,4.847056274847715,True,4.847056274847715
v3_sc3_staging_03,L3,2,18,uncalibrated,False,0,True,False,False,True,4.51126983722081,True,4.51126983722081
v3_sc3_staging_03,L3,2,18,label_cell,False,0,False,False,False,False,nan,False,4.51126983722081
v3_sc3_staging_03,L3,2,18,label_only,False,0,True,False,False,True,4.51126983722081,True,4.51126983722081
v3_sc3_staging_03,L3,2,18,pose_only,False,0,True,False,False,True,4.51126983722081,True,4.51126983722081
v3_sc3_staging_03,L3,2,18,separate,False,0,True,False,False,True,4.51126983722081,True,4.51126983722081
v3_sc3_staging_03,L3,2,18,joint,False,0,True,False,False,True,4.51126983722081,True,4.51126983722081
v3_sc3_staging_03,L3,2,18,oracle,False,0,True,False,False,True,4.51126983722081,True,4.51126983722081
v3_sc3_staging_03,L3,2,19,uncalibrated,False,0,True,False,False,True,3.717766952966369,True,3.717766952966369
v3_sc3_staging_03,L3,2,19,label_cell,False,0,False,False,False,False,nan,False,3.717766952966369
v3_sc3_staging_03,L3,2,19,label_only,False,0,True,False,False,True,3.717766952966369,True,3.717766952966369
v3_sc3_staging_03,L3,2,19,pose_only,False,0,True,False,False,True,3.717766952966369,True,3.717766952966369
v3_sc3_staging_03,L3,2,19,separate,False,0,True,False,False,True,3.717766952966369,True,3.717766952966369
v3_sc3_staging_03,L3,2,19,joint,False,0,True,False,False,True,3.717766952966369,True,3.717766952966369
v3_sc3_staging_03,L3,2,19,oracle,False,0,True,False,False,True,3.717766952966369,True,3.717766952966369
v3_sc3_staging_03,L3,3,0,uncalibrated,False,0,True,False,False,True,5.144974746830584,True,5.165685424949238
v3_sc3_staging_03,L3,3,0,label_cell,False,0,False,False,False,False,nan,False,5.165685424949238
v3_sc3_staging_03,L3,3,0,label_only,False,0,True,False,False,True,5.28492424049175,True,5.165685424949238
v3_sc3_staging_03,L3,3,0,pose_only,False,0,True,False,False,True,5.144974746830584,True,5.165685424949238
v3_sc3_staging_03,L3,3,0,separate,False,0,True,False,False,True,5.28492424049175,True,5.165685424949238
v3_sc3_staging_03,L3,3,0,joint,False,0,True,False,False,True,5.28492424049175,True,5.165685424949238
v3_sc3_staging_03,L3,3,0,oracle,False,0,True,False,False,True,5.165685424949238,True,5.165685424949238
v3_sc3_staging_03,L3,3,1,uncalibrated,False,0,True,False,False,True,4.253553390593274,True,4.253553390593274
v3_sc3_staging_03,L3,3,1,label_cell,False,0,False,False,False,False,nan,False,4.253553390593274
v3_sc3_staging_03,L3,3,1,label_only,False,0,True,False,False,True,4.253553390593274,True,4.253553390593274
v3_sc3_staging_03,L3,3,1,pose_only,False,0,True,False,False,True,4.253553390593274,True,4.253553390593274
v3_sc3_staging_03,L3,3,1,separate,False,0,True,False,False,True,4.253553390593274,True,4.253553390593274
v3_sc3_staging_03,L3,3,1,joint,False,0,True,False,False,True,4.253553390593274,True,4.253553390593274
v3_sc3_staging_03,L3,3,1,oracle,False,0,True,False,False,True,4.253553390593274,True,4.253553390593274
v3_sc3_staging_03,L3,3,2,uncalibrated,False,0,True,False,False,True,4.0698484809835,True,4.0698484809835
v3_sc3_staging_03,L3,3,2,label_cell,False,0,False,False,False,False,nan,False,4.0698484809835
v3_sc3_staging_03,L3,3,2,label_only,False,0,True,False,False,True,4.0698484809835,True,4.0698484809835
v3_sc3_staging_03,L3,3,2,pose_only,False,0,True,False,False,True,4.0698484809835,True,4.0698484809835
v3_sc3_staging_03,L3,3,2,separate,False,0,True,False,False,True,4.0698484809835,True,4.0698484809835
v3_sc3_staging_03,L3,3,2,joint,False,0,True,False,False,True,4.0698484809835,True,4.0698484809835
v3_sc3_staging_03,L3,3,2,oracle,False,0,True,False,False,True,4.0698484809835,True,4.0698484809835
v3_sc3_staging_03,L3,3,3,uncalibrated,False,0,True,False,True,True,6.238477631085023,False,nan
v3_sc3_staging_03,L3,3,3,label_cell,False,0,False,False,False,False,nan,False,nan
v3_sc3_staging_03,L3,3,3,label_only,False,0,True,False,True,True,6.238477631085023,False,nan
v3_sc3_staging_03,L3,3,3,pose_only,False,0,True,False,True,True,6.238477631085023,False,nan
v3_sc3_staging_03,L3,3,3,separate,False,0,True,False,True,True,6.238477631085023,False,nan
v3_sc3_staging_03,L3,3,3,joint,False,0,True,False,True,True,6.238477631085023,False,nan
v3_sc3_staging_03,L3,3,3,oracle,False,0,False,False,False,False,nan,False,nan
v3_sc3_staging_03,L3,3,4,uncalibrated,False,0,False,False,False,False,nan,False,3.281370849898476
v3_sc3_staging_03,L3,3,4,label_cell,False,0,False,False,False,False,nan,False,3.281370849898476
v3_sc3_staging_03,L3,3,4,label_only,False,0,False,False,False,False,nan,False,3.281370849898476
v3_sc3_staging_03,L3,3,4,pose_only,False,0,False,False,False,False,nan,False,3.281370849898476
v3_sc3_staging_03,L3,3,4,separate,False,0,False,False,False,False,nan,False,3.281370849898476
v3_sc3_staging_03,L3,3,4,joint,False,0,False,False,False,False,nan,False,3.281370849898476
v3_sc3_staging_03,L3,3,4,oracle,False,0,True,False,False,True,3.281370849898476,True,3.281370849898476
v3_sc3_staging_03,L3,3,5,uncalibrated,False,0,True,False,False,True,5.7506096654409875,True,5.700609665440989
v3_sc3_staging_03,L3,3,5,label_cell,False,0,False,False,False,False,nan,False,5.700609665440989
v3_sc3_staging_03,L3,3,5,label_only,False,0,True,False,False,True,5.7506096654409875,True,5.700609665440989
v3_sc3_staging_03,L3,3,5,pose_only,False,0,True,False,False,True,5.7506096654409875,True,5.700609665440989
v3_sc3_staging_03,L3,3,5,separate,False,0,True,False,False,True,5.7506096654409875,True,5.700609665440989
v3_sc3_staging_03,L3,3,5,joint,False,0,True,False,False,True,5.7506096654409875,True,5.700609665440989
v3_sc3_staging_03,L3,3,5,oracle,False,0,True,False,False,True,5.700609665440989,True,5.700609665440989
v3_sc3_staging_03,L3,3,6,uncalibrated,False,0,True,False,False,True,6.986143571373728,True,6.986143571373728
v3_sc3_staging_03,L3,3,6,label_cell,False,0,False,False,False,False,nan,False,6.986143571373728
v3_sc3_staging_03,L3,3,6,label_only,False,0,True,False,False,True,6.986143571373728,True,6.986143571373728
v3_sc3_staging_03,L3,3,6,pose_only,False,0,True,False,False,True,6.986143571373728,True,6.986143571373728
v3_sc3_staging_03,L3,3,6,separate,False,0,True,False,False,True,6.986143571373728,True,6.986143571373728
v3_sc3_staging_03,L3,3,6,joint,False,0,True,False,False,True,6.986143571373728,True,6.986143571373728
v3_sc3_staging_03,L3,3,6,oracle,False,0,True,False,False,True,6.986143571373728,True,6.986143571373728
v3_sc3_staging_03,L3,3,7,uncalibrated,False,0,True,False,False,True,6.288477631085023,True,6.267766952966369
v3_sc3_staging_03,L3,3,7,label_cell,False,0,False,False,False,False,nan,False,6.267766952966369
v3_sc3_staging_03,L3,3,7,label_only,False,0,True,False,False,True,6.288477631085023,True,6.267766952966369
v3_sc3_staging_03,L3,3,7,pose_only,False,0,True,False,False,True,6.288477631085023,True,6.267766952966369
v3_sc3_staging_03,L3,3,7,separate,False,0,True,False,False,True,6.288477631085023,True,6.267766952966369
v3_sc3_staging_03,L3,3,7,joint,False,0,True,False,False,True,6.288477631085023,True,6.267766952966369
v3_sc3_staging_03,L3,3,7,oracle,False,0,True,False,False,True,6.267766952966369,True,6.267766952966369
v3_sc3_staging_03,L3,3,8,uncalibrated,False,0,True,False,False,True,6.9106601717798215,True,6.881370849898477
v3_sc3_staging_03,L3,3,8,label_cell,False,0,False,False,False,False,nan,False,6.881370849898477
v3_sc3_staging_03,L3,3,8,label_only,False,0,True,False,False,True,6.9106601717798215,True,6.881370849898477
v3_sc3_staging_03,L3,3,8,pose_only,False,0,True,False,False,True,6.9106601717798215,True,6.881370849898477
v3_sc3_staging_03,L3,3,8,separate,False,0,True,False,False,True,6.9106601717798215,True,6.881370849898477
v3_sc3_staging_03,L3,3,8,joint,False,0,True,False,False,True,6.9106601717798215,True,6.881370849898477
v3_sc3_staging_03,L3,3,8,oracle,False,0,True,False,False,True,6.881370849898477,True,6.881370849898477
v3_sc3_staging_03,L3,3,9,uncalibrated,False,0,True,False,False,True,4.917766952966369,True,4.888477631085023
v3_sc3_staging_03,L3,3,9,label_cell,False,0,False,False,False,False,nan,False,4.888477631085023
v3_sc3_staging_03,L3,3,9,label_only,False,0,True,False,False,True,4.917766952966369,True,4.888477631085023
v3_sc3_staging_03,L3,3,9,pose_only,False,0,True,False,False,True,4.917766952966369,True,4.888477631085023
v3_sc3_staging_03,L3,3,9,separate,False,0,True,False,False,True,4.917766952966369,True,4.888477631085023
v3_sc3_staging_03,L3,3,9,joint,False,0,True,False,False,True,4.917766952966369,True,4.888477631085023
v3_sc3_staging_03,L3,3,9,oracle,False,0,True,False,False,True,4.888477631085023,True,4.888477631085023
v3_sc3_staging_03,L3,3,10,uncalibrated,False,0,True,False,False,True,5.267766952966369,True,5.109188309203678
v3_sc3_staging_03,L3,3,10,label_cell,False,0,False,False,False,False,nan,False,5.109188309203678
v3_sc3_staging_03,L3,3,10,label_only,False,0,True,False,False,True,5.267766952966369,True,5.109188309203678
v3_sc3_staging_03,L3,3,10,pose_only,False,0,True,False,False,True,5.267766952966369,True,5.109188309203678
v3_sc3_staging_03,L3,3,10,separate,False,0,True,False,False,True,5.267766952966369,True,5.109188309203678
v3_sc3_staging_03,L3,3,10,joint,False,0,True,False,False,True,5.267766952966369,True,5.109188309203678
v3_sc3_staging_03,L3,3,10,oracle,False,0,True,False,False,True,5.109188309203678,True,5.109188309203678
v3_sc3_staging_03,L3,3,11,uncalibrated,False,0,True,False,False,True,4.1606601717798215,True,4.1313708498984765
v3_sc3_staging_03,L3,3,11,label_cell,False,0,False,False,False,False,nan,False,4.1313708498984765
v3_sc3_staging_03,L3,3,11,label_only,False,0,True,False,False,True,4.1606601717798215,True,4.1313708498984765
v3_sc3_staging_03,L3,3,11,pose_only,False,0,True,False,False,True,4.1606601717798215,True,4.1313708498984765
v3_sc3_staging_03,L3,3,11,separate,False,0,True,False,False,True,4.1606601717798215,True,4.1313708498984765
v3_sc3_staging_03,L3,3,11,joint,False,0,True,False,False,True,4.1606601717798215,True,4.1313708498984765
v3_sc3_staging_03,L3,3,11,oracle,False,0,True,False,False,True,4.1313708498984765,True,4.1313708498984765
v3_sc3_staging_03,L3,3,12,uncalibrated,False,0,True,False,False,True,5.839949493661166,True,5.798528137423857
v3_sc3_staging_03,L3,3,12,label_cell,False,0,False,False,False,False,nan,False,5.798528137423857
v3_sc3_staging_03,L3,3,12,label_only,False,0,True,False,False,True,5.839949493661166,True,5.798528137423857
v3_sc3_staging_03,L3,3,12,pose_only,False,0,True,False,False,True,5.839949493661166,True,5.798528137423857
v3_sc3_staging_03,L3,3,12,separate,False,0,True,False,False,True,5.839949493661166,True,5.798528137423857
v3_sc3_staging_03,L3,3,12,joint,False,0,True,False,False,True,5.839949493661166,True,5.798528137423857
v3_sc3_staging_03,L3,3,12,oracle,False,0,True,False,False,True,5.798528137423857,True,5.798528137423857
v3_sc3_staging_03,L3,3,13,uncalibrated,False,0,True,False,False,True,4.199137802864846,True,4.137005768508881
v3_sc3_staging_03,L3,3,13,label_cell,False,0,False,False,False,False,nan,False,4.137005768508881
v3_sc3_staging_03,L3,3,13,label_only,False,0,True,False,False,True,4.199137802864846,True,4.137005768508881
v3_sc3_staging_03,L3,3,13,pose_only,False,0,True,False,False,True,4.199137802864846,True,4.137005768508881
v3_sc3_staging_03,L3,3,13,separate,False,0,True,False,False,True,4.199137802864846,True,4.137005768508881
v3_sc3_staging_03,L3,3,13,joint,False,0,True,False,False,True,4.199137802864846,True,4.137005768508881
v3_sc3_staging_03,L3,3,13,oracle,False,0,True,False,False,True,4.137005768508881,True,4.137005768508881
v3_sc3_staging_03,L3,3,14,uncalibrated,False,0,True,False,False,True,3.48492424049175,True,3.317766952966369
v3_sc3_staging_03,L3,3,14,label_cell,False,0,False,False,False,False,nan,False,3.317766952966369
v3_sc3_staging_03,L3,3,14,label_only,False,0,True,False,False,True,3.48492424049175,True,3.317766952966369
v3_sc3_staging_03,L3,3,14,pose_only,False,0,True,False,False,True,3.48492424049175,True,3.317766952966369
v3_sc3_staging_03,L3,3,14,separate,False,0,True,False,False,True,3.48492424049175,True,3.317766952966369
v3_sc3_staging_03,L3,3,14,joint,False,0,True,False,False,True,3.48492424049175,True,3.317766952966369
v3_sc3_staging_03,L3,3,14,oracle,False,0,True,False,False,True,3.317766952966369,True,3.317766952966369
v3_sc3_staging_03,L3,3,15,uncalibrated,False,0,True,False,False,True,7.7689862838483466,True,nan
v3_sc3_staging_03,L3,3,15,label_cell,False,0,False,False,False,False,nan,False,nan
v3_sc3_staging_03,L3,3,15,label_only,False,0,True,False,False,True,7.7689862838483466,True,nan
v3_sc3_staging_03,L3,3,15,pose_only,False,0,True,False,False,True,7.7689862838483466,True,nan
v3_sc3_staging_03,L3,3,15,separate,False,0,True,False,False,True,7.7689862838483466,True,nan
v3_sc3_staging_03,L3,3,15,joint,False,0,True,False,False,True,7.7689862838483466,True,nan
v3_sc3_staging_03,L3,3,15,oracle,False,0,False,False,False,False,nan,False,nan
v3_sc3_staging_03,L3,3,16,uncalibrated,False,0,True,False,False,True,6.784924240491754,True,6.755634918610409
v3_sc3_staging_03,L3,3,16,label_cell,False,0,False,False,False,False,nan,False,6.755634918610409
v3_sc3_staging_03,L3,3,16,label_only,False,0,True,False,False,True,6.784924240491754,True,6.755634918610409
v3_sc3_staging_03,L3,3,16,pose_only,False,0,True,False,False,True,6.784924240491754,True,6.755634918610409
v3_sc3_staging_03,L3,3,16,separate,False,0,True,False,False,True,6.784924240491754,True,6.755634918610409
v3_sc3_staging_03,L3,3,16,joint,False,0,True,False,False,True,6.784924240491754,True,6.755634918610409
v3_sc3_staging_03,L3,3,16,oracle,False,0,True,False,False,True,6.755634918610409,True,6.755634918610409
v3_sc3_staging_03,L3,3,17,uncalibrated,False,0,True,False,False,True,4.909188309203679,True,4.888477631085024
v3_sc3_staging_03,L3,3,17,label_cell,False,0,False,False,False,False,nan,False,4.888477631085024
v3_sc3_staging_03,L3,3,17,label_only,False,0,True,False,False,True,4.909188309203679,True,4.888477631085024
v3_sc3_staging_03,L3,3,17,pose_only,False,0,True,False,False,True,4.909188309203679,True,4.888477631085024
v3_sc3_staging_03,L3,3,17,separate,False,0,True,False,False,True,4.909188309203679,True,4.888477631085024
v3_sc3_staging_03,L3,3,17,joint,False,0,True,False,False,True,4.909188309203679,True,4.888477631085024
v3_sc3_staging_03,L3,3,17,oracle,False,0,True,False,False,True,4.888477631085024,True,4.888477631085024
v3_sc3_staging_03,L3,3,18,uncalibrated,False,0,True,False,False,True,4.552691193458119,True,4.552691193458119
v3_sc3_staging_03,L3,3,18,label_cell,False,0,False,False,False,False,nan,False,4.552691193458119
v3_sc3_staging_03,L3,3,18,label_only,False,0,True,False,False,True,4.552691193458119,True,4.552691193458119
v3_sc3_staging_03,L3,3,18,pose_only,False,0,True,False,False,True,4.552691193458119,True,4.552691193458119
v3_sc3_staging_03,L3,3,18,separate,False,0,True,False,False,True,4.552691193458119,True,4.552691193458119
v3_sc3_staging_03,L3,3,18,joint,False,0,True,False,False,True,4.552691193458119,True,4.552691193458119
v3_sc3_staging_03,L3,3,18,oracle,False,0,True,False,False,True,4.552691193458119,True,4.552691193458119
v3_sc3_staging_03,L3,3,19,uncalibrated,False,0,True,False,False,True,3.8177669529663683,True,3.8177669529663683
v3_sc3_staging_03,L3,3,19,label_cell,False,0,False,False,False,False,nan,False,3.8177669529663683
v3_sc3_staging_03,L3,3,19,label_only,False,0,True,False,False,True,3.8177669529663683,True,3.8177669529663683
v3_sc3_staging_03,L3,3,19,pose_only,False,0,True,False,False,True,3.8177669529663683,True,3.8177669529663683
v3_sc3_staging_03,L3,3,19,separate,False,0,True,False,False,True,3.8177669529663683,True,3.8177669529663683
v3_sc3_staging_03,L3,3,19,joint,False,0,True,False,False,True,3.8177669529663683,True,3.8177669529663683
v3_sc3_staging_03,L3,3,19,oracle,False,0,True,False,False,True,3.8177669529663683,True,3.8177669529663683
v3_sc3_staging_03,L3,4,0,uncalibrated,False,0,True,False,False,True,5.103553390593274,True,5.082842712474619
v3_sc3_staging_03,L3,4,0,label_cell,False,0,True,False,False,True,5.714213562373096,True,5.082842712474619
v3_sc3_staging_03,L3,4,0,label_only,False,0,True,False,False,True,5.1606601717798215,True,5.082842712474619
v3_sc3_staging_03,L3,4,0,pose_only,False,0,True,False,False,True,5.103553390593274,True,5.082842712474619
v3_sc3_staging_03,L3,4,0,separate,False,0,True,False,False,True,5.1606601717798215,True,5.082842712474619
v3_sc3_staging_03,L3,4,0,joint,False,0,True,False,False,True,5.1606601717798215,True,5.082842712474619
v3_sc3_staging_03,L3,4,0,oracle,False,0,True,False,False,True,5.082842712474619,True,5.082842712474619
v3_sc3_staging_03,L3,4,1,uncalibrated,False,0,True,False,False,True,4.286396103067893,True,4.286396103067893
v3_sc3_staging_03,L3,4,1,label_cell,False,0,False,False,False,False,nan,False,4.286396103067893
v3_sc3_staging_03,L3,4,1,label_only,False,0,True,False,False,True,4.286396103067893,True,4.286396103067893
v3_sc3_staging_03,L3,4,1,pose_only,False,0,True,False,False,True,4.286396103067893,True,4.286396103067893
v3_sc3_staging_03,L3,4,1,separate,False,0,True,False,False,True,4.286396103067893,True,4.286396103067893
v3_sc3_staging_03,L3,4,1,joint,False,0,True,False,False,True,4.286396103067893,True,4.286396103067893
v3_sc3_staging_03,L3,4,1,oracle,False,0,True,False,False,True,4.286396103067893,True,4.286396103067893
v3_sc3_staging_03,L3,4,2,uncalibrated,False,0,True,False,False,True,3.9819805153394636,True,3.9819805153394636
v3_sc3_staging_03,L3,4,2,label_cell,False,0,False,False,False,False,nan,False,3.9819805153394636
v3_sc3_staging_03,L3,4,2,label_only,False,0,True,False,False,True,3.9819805153394636,True,3.9819805153394636
v3_sc3_staging_03,L3,4,2,pose_only,False,0,True,False,False,True,3.9819805153394636,True,3.9819805153394636
v3_sc3_staging_03,L3,4,2,separate,False,0,True,False,False,True,3.9819805153394636,True,3.9819805153394636
v3_sc3_staging_03,L3,4,2,joint,False,0,True,False,False,True,3.9819805153394636,True,3.9819805153394636
v3_sc3_staging_03,L3,4,2,oracle,False,0,True,False,False,True,3.9819805153394636,True,3.9819805153394636
v3_sc3_staging_03,L3,4,3,uncalibrated,False,0,True,False,False,True,6.259188309203679,True,6.300609665440988
v3_sc3_staging_03,L3,4,3,label_cell,False,0,False,False,False,False,nan,False,6.300609665440988
v3_sc3_staging_03,L3,4,3,label_only,False,0,True,False,False,True,6.259188309203679,True,6.300609665440988
v3_sc3_staging_03,L3,4,3,pose_only,False,0,True,False,False,True,6.259188309203679,True,6.300609665440988
v3_sc3_staging_03,L3,4,3,separate,False,0,True,False,False,True,6.259188309203679,True,6.300609665440988
v3_sc3_staging_03,L3,4,3,joint,False,0,True,False,False,True,6.259188309203679,True,6.300609665440988
v3_sc3_staging_03,L3,4,3,oracle,False,0,True,False,False,True,6.300609665440988,True,6.300609665440988
v3_sc3_staging_03,L3,4,4,uncalibrated,False,0,True,False,False,True,3.398528137423857,True,3.369238815542511
v3_sc3_staging_03,L3,4,4,label_cell,False,0,False,False,False,False,nan,False,3.369238815542511
v3_sc3_staging_03,L3,4,4,label_only,False,0,True,False,False,True,3.398528137423857,True,3.369238815542511
v3_sc3_staging_03,L3,4,4,pose_only,False,0,True,False,False,True,3.398528137423857,True,3.369238815542511
v3_sc3_staging_03,L3,4,4,separate,False,0,True,False,False,True,3.398528137423857,True,3.369238815542511
v3_sc3_staging_03,L3,4,4,joint,False,0,True,False,False,True,3.398528137423857,True,3.369238815542511
v3_sc3_staging_03,L3,4,4,oracle,False,0,True,False,False,True,3.369238815542511,True,3.369238815542511
v3_sc3_staging_03,L3,4,5,uncalibrated,False,0,True,False,False,True,5.754163056034262,True,5.733452377915607
v3_sc3_staging_03,L3,4,5,label_cell,False,0,False,False,False,False,nan,False,5.733452377915607
v3_sc3_staging_03,L3,4,5,label_only,False,0,True,False,False,True,5.754163056034262,True,5.733452377915607
v3_sc3_staging_03,L3,4,5,pose_only,False,0,True,False,False,True,5.754163056034262,True,5.733452377915607
v3_sc3_staging_03,L3,4,5,separate,False,0,True,False,False,True,5.754163056034262,True,5.733452377915607
v3_sc3_staging_03,L3,4,5,joint,False,0,True,False,False,True,5.754163056034262,True,5.733452377915607
v3_sc3_staging_03,L3,4,5,oracle,False,0,True,False,False,True,5.733452377915607,True,5.733452377915607
v3_sc3_staging_03,L3,4,6,uncalibrated,False,0,True,False,False,True,6.974011537017765,True,7.003300858899111
v3_sc3_staging_03,L3,4,6,label_cell,False,0,False,False,False,False,nan,False,7.003300858899111
v3_sc3_staging_03,L3,4,6,label_only,False,0,True,False,False,True,6.974011537017765,True,7.003300858899111
v3_sc3_staging_03,L3,4,6,pose_only,False,0,True,False,False,True,6.974011537017765,True,7.003300858899111
v3_sc3_staging_03,L3,4,6,separate,False,0,True,False,False,True,6.974011537017765,True,7.003300858899111
v3_sc3_staging_03,L3,4,6,joint,False,0,True,False,False,True,6.974011537017765,True,7.003300858899111
v3_sc3_staging_03,L3,4,6,oracle,False,0,True,False,False,True,7.003300858899111,True,7.003300858899111
v3_sc3_staging_03,L3,4,7,uncalibrated,False,0,True,False,False,True,6.283452377915608,True,6.283452377915608
v3_sc3_staging_03,L3,4,7,label_cell,False,0,False,False,False,False,nan,False,6.283452377915608
v3_sc3_staging_03,L3,4,7,label_only,False,0,True,False,False,True,6.283452377915608,True,6.283452377915608
v3_sc3_staging_03,L3,4,7,pose_only,False,0,True,False,False,True,6.283452377915608,True,6.283452377915608
v3_sc3_staging_03,L3,4,7,separate,False,0,True,False,False,True,6.283452377915608,True,6.283452377915608
v3_sc3_staging_03,L3,4,7,joint,False,0,True,False,False,True,6.283452377915608,True,6.283452377915608
v3_sc3_staging_03,L3,4,7,oracle,False,0,True,False,False,True,6.283452377915608,True,6.283452377915608
v3_sc3_staging_03,L3,4,8,uncalibrated,False,0,True,False,False,True,6.955634918610406,True,6.914213562373096
v3_sc3_staging_03,L3,4,8,label_cell,False,0,False,False,False,False,nan,False,6.914213562373096
v3_sc3_staging_03,L3,4,8,label_only,False,0,True,False,False,True,6.955634918610406,True,6.914213562373096
v3_sc3_staging_03,L3,4,8,pose_only,False,0,True,False,False,True,6.955634918610406,True,6.914213562373096
v3_sc3_staging_03,L3,4,8,separate,False,0,True,False,False,True,6.955634918610406,True,6.914213562373096
v3_sc3_staging_03,L3,4,8,joint,False,0,True,False,False,True,6.955634918610406,True,6.914213562373096
v3_sc3_staging_03,L3,4,8,oracle,False,0,True,False,False,True,6.914213562373096,True,6.914213562373096
v3_sc3_staging_03,L3,4,9,uncalibrated,False,0,True,False,False,True,4.843502884254441,True,4.855634918610406
v3_sc3_staging_03,L3,4,9,label_cell,False,0,False,False,False,False,nan,False,4.855634918610406
v3_sc3_staging_03,L3,4,9,label_only,False,0,True,False,False,True,4.843502884254441,True,4.855634918610406
v3_sc3_staging_03,L3,4,9,pose_only,False,0,True,False,False,True,4.843502884254441,True,4.855634918610406
v3_sc3_staging_03,L3,4,9,separate,False,0,True,False,False,True,4.843502884254441,True,4.855634918610406
v3_sc3_staging_03,L3,4,9,joint,False,0,True,False,False,True,4.843502884254441,True,4.855634918610406
v3_sc3_staging_03,L3,4,9,oracle,False,0,True,False,False,True,4.855634918610406,True,4.855634918610406
v3_sc3_staging_03,L3,4,10,uncalibrated,False,0,True,False,False,True,5.138477631085023,True,5.097056274847715
v3_sc3_staging_03,L3,4,10,label_cell,False,0,False,False,False,False,nan,False,5.097056274847715
v3_sc3_staging_03,L3,4,10,label_only,False,0,True,False,False,True,5.138477631085023,True,5.097056274847715
v3_sc3_staging_03,L3,4,10,pose_only,False,0,True,False,False,True,5.138477631085023,True,5.097056274847715
v3_sc3_staging_03,L3,4,10,separate,False,0,True,False,False,True,5.138477631085023,True,5.097056274847715
v3_sc3_staging_03,L3,4,10,joint,False,0,True,False,False,True,5.138477631085023,True,5.097056274847715
v3_sc3_staging_03,L3,4,10,oracle,False,0,True,False,False,True,5.097056274847715,True,5.097056274847715
v3_sc3_staging_03,L3,4,11,uncalibrated,False,0,True,False,False,True,4.048528137423857,True,4.019238815542512
v3_sc3_staging_03,L3,4,11,label_cell,False,0,False,False,False,False,nan,False,4.019238815542512
v3_sc3_staging_03,L3,4,11,label_only,False,0,True,False,False,True,4.048528137423857,True,4.019238815542512
v3_sc3_staging_03,L3,4,11,pose_only,False,0,True,False,False,True,4.048528137423857,True,4.019238815542512
v3_sc3_staging_03,L3,4,11,separate,False,0,True,False,False,True,4.048528137423857,True,4.019238815542512
v3_sc3_staging_03,L3,4,11,joint,False,0,True,False,False,True,4.048528137423857,True,4.019238815542512
v3_sc3_staging_03,L3,4,11,oracle,False,0,True,False,False,True,4.019238815542512,True,4.019238815542512
v3_sc3_staging_03,L3,4,12,uncalibrated,False,0,True,False,False,True,5.810660171779822,True,5.8520815280171306
v3_sc3_staging_03,L3,4,12,label_cell,False,0,False,False,False,False,nan,False,5.8520815280171306
v3_sc3_staging_03,L3,4,12,label_only,False,0,True,False,False,True,5.810660171779822,True,5.8520815280171306
v3_sc3_staging_03,L3,4,12,pose_only,False,0,True,False,False,True,5.810660171779822,True,5.8520815280171306
v3_sc3_staging_03,L3,4,12,separate,False,0,True,False,False,True,5.810660171779822,True,5.8520815280171306
v3_sc3_staging_03,L3,4,12,joint,False,0,True,False,False,True,5.810660171779822,True,5.8520815280171306
v3_sc3_staging_03,L3,4,12,oracle,False,0,True,False,False,True,5.8520815280171306,True,5.8520815280171306
v3_sc3_staging_03,L3,4,13,uncalibrated,False,0,True,False,False,True,4.154163056034262,True,4.154163056034262
v3_sc3_staging_03,L3,4,13,label_cell,False,0,False,False,False,False,nan,False,4.154163056034262
v3_sc3_staging_03,L3,4,13,label_only,False,0,True,False,False,True,4.154163056034262,True,4.154163056034262
v3_sc3_staging_03,L3,4,13,pose_only,False,0,True,False,False,True,4.154163056034262,True,4.154163056034262
v3_sc3_staging_03,L3,4,13,separate,False,0,True,False,False,True,4.154163056034262,True,4.154163056034262
v3_sc3_staging_03,L3,4,13,joint,False,0,True,False,False,True,4.154163056034262,True,4.154163056034262
v3_sc3_staging_03,L3,4,13,oracle,False,0,True,False,False,True,4.154163056034262,True,4.154163056034262
v3_sc3_staging_03,L3,4,14,uncalibrated,False,0,True,False,False,True,3.2884776310850237,True,3.2884776310850237
v3_sc3_staging_03,L3,4,14,label_cell,False,0,True,False,False,True,3.6556349186104047,True,3.2884776310850237
v3_sc3_staging_03,L3,4,14,label_only,False,0,True,False,False,True,3.2884776310850237,True,3.2884776310850237
v3_sc3_staging_03,L3,4,14,pose_only,False,0,True,False,False,True,3.2884776310850237,True,3.2884776310850237
v3_sc3_staging_03,L3,4,14,separate,False,0,True,False,False,True,3.2884776310850237,True,3.2884776310850237
v3_sc3_staging_03,L3,4,14,joint,False,0,True,False,False,True,3.2884776310850237,True,3.2884776310850237
v3_sc3_staging_03,L3,4,14,oracle,False,0,True,False,False,True,3.2884776310850237,True,3.2884776310850237
v3_sc3_staging_03,L3,4,15,uncalibrated,False,0,True,False,False,True,7.786143571373728,True,7.815432893255076
v3_sc3_staging_03,L3,4,15,label_cell,False,0,False,False,False,False,nan,False,7.815432893255076
v3_sc3_staging_03,L3,4,15,label_only,False,0,True,False,False,True,7.786143571373728,True,7.815432893255076
v3_sc3_staging_03,L3,4,15,pose_only,False,0,True,False,False,True,7.786143571373728,True,7.815432893255076
v3_sc3_staging_03,L3,4,15,separate,False,0,True,False,False,True,7.786143571373728,True,7.815432893255076
v3_sc3_staging_03,L3,4,15,joint,False,0,True,False,False,True,7.786143571373728,True,7.815432893255076
v3_sc3_staging_03,L3,4,15,oracle,False,0,True,False,False,True,7.815432893255076,True,7.815432893255076
v3_sc3_staging_03,L3,4,16,uncalibrated,False,0,True,False,False,True,7.06776695296637,True,6.850609665440992
v3_sc3_staging_03,L3,4,16,label_cell,False,0,False,False,False,False,nan,False,6.850609665440992
v3_sc3_staging_03,L3,4,16,label_only,False,0,True,False,False,True,7.06776695296637,True,6.850609665440992
v3_sc3_staging_03,L3,4,16,pose_only,False,0,True,False,False,True,7.06776695296637,True,6.850609665440992
v3_sc3_staging_03,L3,4,16,separate,False,0,True,False,False,True,7.06776695296637,True,6.850609665440992
v3_sc3_staging_03,L3,4,16,joint,False,0,True,False,False,True,7.06776695296637,True,6.850609665440992
v3_sc3_staging_03,L3,4,16,oracle,False,0,True,False,False,True,6.850609665440992,True,6.850609665440992
v3_sc3_staging_03,L3,4,17,uncalibrated,False,0,True,False,False,True,4.855634918610405,True,4.83492424049175
v3_sc3_staging_03,L3,4,17,label_cell,False,0,False,False,False,False,nan,False,4.83492424049175
v3_sc3_staging_03,L3,4,17,label_only,False,0,True,False,False,True,4.855634918610405,True,4.83492424049175
v3_sc3_staging_03,L3,4,17,pose_only,False,0,True,False,False,True,4.855634918610405,True,4.83492424049175
v3_sc3_staging_03,L3,4,17,separate,False,0,True,False,False,True,4.855634918610405,True,4.83492424049175
v3_sc3_staging_03,L3,4,17,joint,False,0,True,False,False,True,4.855634918610405,True,4.83492424049175
v3_sc3_staging_03,L3,4,17,oracle,False,0,True,False,False,True,4.83492424049175,True,4.83492424049175
v3_sc3_staging_03,L3,4,18,uncalibrated,False,0,True,False,False,True,4.549137802864846,True,4.549137802864846
v3_sc3_staging_03,L3,4,18,label_cell,False,0,False,False,False,False,nan,False,4.549137802864846
v3_sc3_staging_03,L3,4,18,label_only,False,0,True,False,False,True,4.549137802864846,True,4.549137802864846
v3_sc3_staging_03,L3,4,18,pose_only,False,0,True,False,False,True,4.549137802864846,True,4.549137802864846
v3_sc3_staging_03,L3,4,18,separate,False,0,True,False,False,True,4.549137802864846,True,4.549137802864846
v3_sc3_staging_03,L3,4,18,joint,False,0,True,False,False,True,4.549137802864846,True,4.549137802864846
v3_sc3_staging_03,L3,4,18,oracle,False,0,True,False,False,True,4.549137802864846,True,4.549137802864846
v3_sc3_staging_03,L3,4,19,uncalibrated,False,0,True,False,False,True,3.800609665440988,True,3.800609665440988
v3_sc3_staging_03,L3,4,19,label_cell,False,0,False,False,False,False,nan,False,3.800609665440988
v3_sc3_staging_03,L3,4,19,label_only,False,0,True,False,False,True,3.800609665440988,True,3.800609665440988
v3_sc3_staging_03,L3,4,19,pose_only,False,0,True,False,False,True,3.800609665440988,True,3.800609665440988
v3_sc3_staging_03,L3,4,19,separate,False,0,True,False,False,True,3.800609665440988,True,3.800609665440988
v3_sc3_staging_03,L3,4,19,joint,False,0,True,False,False,True,3.800609665440988,True,3.800609665440988
v3_sc3_staging_03,L3,4,19,oracle,False,0,True,False,False,True,3.800609665440988,True,3.800609665440988
v3_sc3_staging_03,L4,0,0,uncalibrated,False,0,False,False,False,False,nan,False,5.094974746830584
v3_sc3_staging_03,L4,0,0,label_cell,False,0,False,False,False,False,nan,False,5.094974746830584
v3_sc3_staging_03,L4,0,0,label_only,False,0,False,False,False,False,nan,False,5.094974746830584
v3_sc3_staging_03,L4,0,0,pose_only,False,0,False,False,False,False,nan,False,5.094974746830584
v3_sc3_staging_03,L4,0,0,separate,False,0,False,False,False,False,nan,False,5.094974746830584
v3_sc3_staging_03,L4,0,0,joint,False,0,False,False,False,False,nan,False,5.094974746830584
v3_sc3_staging_03,L4,0,0,oracle,False,0,True,False,False,True,5.094974746830584,True,5.094974746830584
v3_sc3_staging_03,L4,0,1,uncalibrated,False,0,False,False,False,False,nan,False,4.224264068711929
v3_sc3_staging_03,L4,0,1,label_cell,False,0,False,False,False,False,nan,False,4.224264068711929
v3_sc3_staging_03,L4,0,1,label_only,False,0,False,False,False,False,nan,False,4.224264068711929
v3_sc3_staging_03,L4,0,1,pose_only,False,0,False,False,False,False,nan,False,4.224264068711929
v3_sc3_staging_03,L4,0,1,separate,False,0,False,False,False,False,nan,False,4.224264068711929
v3_sc3_staging_03,L4,0,1,joint,False,0,False,False,False,False,nan,False,4.224264068711929
v3_sc3_staging_03,L4,0,1,oracle,False,0,True,False,False,True,4.224264068711929,True,4.224264068711929
v3_sc3_staging_03,L4,0,2,uncalibrated,False,0,True,False,False,True,3.9905591591021543,True,3.9905591591021534
v3_sc3_staging_03,L4,0,2,label_cell,False,0,False,False,False,False,nan,False,3.9905591591021534
v3_sc3_staging_03,L4,0,2,label_only,False,0,True,False,False,True,3.9905591591021543,True,3.9905591591021534
v3_sc3_staging_03,L4,0,2,pose_only,False,0,True,False,False,True,3.9905591591021543,True,3.9905591591021534
v3_sc3_staging_03,L4,0,2,separate,False,0,True,False,False,True,3.9905591591021543,True,3.9905591591021534
v3_sc3_staging_03,L4,0,2,joint,False,0,True,False,False,True,3.9905591591021543,True,3.9905591591021534
v3_sc3_staging_03,L4,0,2,oracle,False,0,True,False,False,True,3.9905591591021534,True,3.9905591591021534
v3_sc3_staging_03,L4,0,3,uncalibrated,False,0,False,False,False,False,nan,False,6.2591883092036795
v3_sc3_staging_03,L4,0,3,label_cell,False,0,False,False,False,False,nan,False,6.2591883092036795
v3_sc3_staging_03,L4,0,3,label_only,False,0,False,False,False,False,nan,False,6.2591883092036795
v3_sc3_staging_03,L4,0,3,pose_only,False,0,False,False,False,False,nan,False,6.2591883092036795
v3_sc3_staging_03,L4,0,3,separate,False,0,False,False,False,False,nan,False,6.2591883092036795
v3_sc3_staging_03,L4,0,3,joint,False,0,False,False,False,False,nan,False,6.2591883092036795
v3_sc3_staging_03,L4,0,3,oracle,False,0,True,False,False,True,6.2591883092036795,True,6.2591883092036795
v3_sc3_staging_03,L4,0,4,uncalibrated,False,0,True,False,False,True,3.5485281374238578,True,3.360660171779821
v3_sc3_staging_03,L4,0,4,label_cell,False,0,False,False,False,False,nan,False,3.360660171779821
v3_sc3_staging_03,L4,0,4,label_only,False,0,True,False,False,True,3.5485281374238578,True,3.360660171779821
v3_sc3_staging_03,L4,0,4,pose_only,False,0,True,False,False,True,3.5485281374238578,True,3.360660171779821
v3_sc3_staging_03,L4,0,4,separate,False,0,True,False,False,True,3.5485281374238578,True,3.360660171779821
v3_sc3_staging_03,L4,0,4,joint,False,0,True,False,False,True,3.5485281374238578,True,3.360660171779821
v3_sc3_staging_03,L4,0,4,oracle,False,0,True,False,False,True,3.360660171779821,True,3.360660171779821
v3_sc3_staging_03,L4,0,5,uncalibrated,False,0,False,False,False,False,nan,False,5.671320343559643
v3_sc3_staging_03,L4,0,5,label_cell,False,0,False,False,False,False,nan,False,5.671320343559643
v3_sc3_staging_03,L4,0,5,label_only,False,0,False,False,False,False,nan,False,5.671320343559643
v3_sc3_staging_03,L4,0,5,pose_only,False,0,False,False,False,False,nan,False,5.671320343559643
v3_sc3_staging_03,L4,0,5,separate,False,0,False,False,False,False,nan,False,5.671320343559643
v3_sc3_staging_03,L4,0,5,joint,False,0,False,False,False,False,nan,False,5.671320343559643
v3_sc3_staging_03,L4,0,5,oracle,False,0,True,False,False,True,5.671320343559643,True,5.671320343559643
v3_sc3_staging_03,L4,0,6,uncalibrated,False,0,True,False,False,True,7.3461940777125605,True,6.99472221513642
v3_sc3_staging_03,L4,0,6,label_cell,False,0,False,False,False,False,nan,False,6.99472221513642
v3_sc3_staging_03,L4,0,6,label_only,False,0,True,False,False,True,7.3461940777125605,True,6.99472221513642
v3_sc3_staging_03,L4,0,6,pose_only,False,0,True,False,False,True,7.3461940777125605,True,6.99472221513642
v3_sc3_staging_03,L4,0,6,separate,False,0,True,False,False,True,7.3461940777125605,True,6.99472221513642
v3_sc3_staging_03,L4,0,6,joint,False,0,True,False,False,True,7.3461940777125605,True,6.99472221513642
v3_sc3_staging_03,L4,0,6,oracle,False,0,True,False,False,True,6.99472221513642,True,6.99472221513642
v3_sc3_staging_03,L4,0,7,uncalibrated,False,0,True,False,False,True,6.940559159102157,True,6.229898987322334
v3_sc3_staging_03,L4,0,7,label_cell,False,0,False,False,False,False,nan,False,6.229898987322334
v3_sc3_staging_03,L4,0,7,label_only,False,0,True,False,False,True,6.940559159102157,True,6.229898987322334
v3_sc3_staging_03,L4,0,7,pose_only,False,0,True,False,False,True,6.940559159102157,True,6.229898987322334
v3_sc3_staging_03,L4,0,7,separate,False,0,False,False,False,False,nan,False,6.229898987322334
v3_sc3_staging_03,L4,0,7,joint,False,0,False,False,False,False,nan,False,6.229898987322334
v3_sc3_staging_03,L4,0,7,oracle,False,0,True,False,False,True,6.229898987322334,True,6.229898987322334
v3_sc3_staging_03,L4,0,8,uncalibrated,False,0,True,False,False,True,7.634924240491751,True,6.8520815280171306
v3_sc3_staging_03,L4,0,8,label_cell,False,0,False,False,False,False,nan,False,6.8520815280171306
v3_sc3_staging_03,L4,0,8,label_only,False,0,True,False,False,True,7.634924240491751,True,6.8520815280171306
v3_sc3_staging_03,L4,0,8,pose_only,False,0,True,False,False,True,7.634924240491751,True,6.8520815280171306
v3_sc3_staging_03,L4,0,8,separate,False,0,True,False,False,True,7.697056274847714,True,6.8520815280171306
v3_sc3_staging_03,L4,0,8,joint,False,0,True,False,False,True,7.6556349186104065,True,6.8520815280171306
v3_sc3_staging_03,L4,0,8,oracle,False,0,True,False,False,True,6.8520815280171306,True,6.8520815280171306
v3_sc3_staging_03,L4,0,9,uncalibrated,False,0,True,False,False,True,4.894974746830584,True,4.8677669529663685
v3_sc3_staging_03,L4,0,9,label_cell,False,0,False,False,False,False,nan,False,4.8677669529663685
v3_sc3_staging_03,L4,0,9,label_only,False,0,True,False,False,True,4.894974746830584,True,4.8677669529663685
v3_sc3_staging_03,L4,0,9,pose_only,False,0,True,False,False,True,4.894974746830584,True,4.8677669529663685
v3_sc3_staging_03,L4,0,9,separate,False,0,True,False,True,True,5.333452377915606,False,4.8677669529663685
v3_sc3_staging_03,L4,0,9,joint,False,0,True,False,True,True,5.004163056034262,False,4.8677669529663685
v3_sc3_staging_03,L4,0,9,oracle,False,0,True,False,False,True,4.8677669529663685,True,4.8677669529663685
v3_sc3_staging_03,L4,0,10,uncalibrated,False,0,True,False,False,True,5.821320343559644,True,5.06776695296637
v3_sc3_staging_03,L4,0,10,label_cell,False,0,False,False,False,False,nan,False,5.06776695296637
v3_sc3_staging_03,L4,0,10,label_only,False,0,True,False,False,True,5.821320343559644,True,5.06776695296637
v3_sc3_staging_03,L4,0,10,pose_only,False,0,True,False,False,True,5.821320343559644,True,5.06776695296637
v3_sc3_staging_03,L4,0,10,separate,False,0,True,False,False,True,5.821320343559644,True,5.06776695296637
v3_sc3_staging_03,L4,0,10,joint,False,0,True,False,False,True,5.821320343559644,True,5.06776695296637
v3_sc3_staging_03,L4,0,10,oracle,False,0,True,False,False,True,5.06776695296637,True,5.06776695296637
v3_sc3_staging_03,L4,0,11,uncalibrated,False,0,False,False,False,False,nan,False,4.089949493661168
v3_sc3_staging_03,L4,0,11,label_cell,False,0,False,False,False,False,nan,False,4.089949493661168
v3_sc3_staging_03,L4,0,11,label_only,False,0,False,False,False,False,nan,False,4.089949493661168
v3_sc3_staging_03,L4,0,11,pose_only,False,0,False,False,False,False,nan,False,4.089949493661168
v3_sc3_staging_03,L4,0,11,separate,False,0,False,False,False,False,nan,False,4.089949493661168
v3_sc3_staging_03,L4,0,11,joint,False,0,False,False,False,False,nan,False,4.089949493661168
v3_sc3_staging_03,L4,0,11,oracle,False,0,True,False,False,True,4.089949493661168,True,4.089949493661168
v3_sc3_staging_03,L4,0,12,uncalibrated,False,0,True,False,False,True,6.354163056034262,True,5.810660171779822
v3_sc3_staging_03,L4,0,12,label_cell,False,0,False,False,False,False,nan,False,5.810660171779822
v3_sc3_staging_03,L4,0,12,label_only,False,0,True,False,False,True,6.354163056034262,True,5.810660171779822
v3_sc3_staging_03,L4,0,12,pose_only,False,0,True,False,False,True,6.354163056034262,True,5.810660171779822
v3_sc3_staging_03,L4,0,12,separate,False,0,False,False,False,False,nan,False,5.810660171779822
v3_sc3_staging_03,L4,0,12,joint,False,0,False,False,False,False,nan,False,5.810660171779822
v3_sc3_staging_03,L4,0,12,oracle,False,0,True,False,False,True,5.810660171779822,True,5.810660171779822
v3_sc3_staging_03,L4,0,13,uncalibrated,False,0,False,False,False,False,nan,False,4.166295090390227
v3_sc3_staging_03,L4,0,13,label_cell,False,0,False,False,False,False,nan,False,4.166295090390227
v3_sc3_staging_03,L4,0,13,label_only,False,0,False,False,False,False,nan,False,4.166295090390227
v3_sc3_staging_03,L4,0,13,pose_only,False,0,False,False,False,False,nan,False,4.166295090390227
v3_sc3_staging_03,L4,0,13,separate,False,0,False,False,False,False,nan,False,4.166295090390227
v3_sc3_staging_03,L4,0,13,joint,False,0,False,False,False,False,nan,False,4.166295090390227
v3_sc3_staging_03,L4,0,13,oracle,False,0,True,False,False,True,4.166295090390227,True,4.166295090390227
v3_sc3_staging_03,L4,0,14,uncalibrated,False,0,True,False,True,True,3.3970562748477136,False,3.3384776310850235
v3_sc3_staging_03,L4,0,14,label_cell,False,0,False,False,False,False,nan,False,3.3384776310850235
v3_sc3_staging_03,L4,0,14,label_only,False,0,True,False,True,True,3.3970562748477136,False,3.3384776310850235
v3_sc3_staging_03,L4,0,14,pose_only,False,0,True,False,True,True,3.3970562748477136,False,3.3384776310850235
v3_sc3_staging_03,L4,0,14,separate,False,0,True,False,True,True,3.3970562748477136,False,3.3384776310850235
v3_sc3_staging_03,L4,0,14,joint,False,0,True,False,True,True,3.3970562748477136,False,3.3384776310850235
v3_sc3_staging_03,L4,0,14,oracle,False,0,True,False,False,True,3.3384776310850235,True,3.3384776310850235
v3_sc3_staging_03,L4,0,15,uncalibrated,False,0,True,False,False,True,8.108326112068523,True,nan
v3_sc3_staging_03,L4,0,15,label_cell,False,0,False,False,False,False,nan,False,nan
v3_sc3_staging_03,L4,0,15,label_only,False,0,True,False,False,True,8.108326112068523,True,nan
v3_sc3_staging_03,L4,0,15,pose_only,False,0,True,False,False,True,8.108326112068523,True,nan
v3_sc3_staging_03,L4,0,15,separate,False,0,True,False,False,True,8.108326112068523,True,nan
v3_sc3_staging_03,L4,0,15,joint,False,0,True,False,False,True,8.108326112068523,True,nan
v3_sc3_staging_03,L4,0,15,oracle,False,0,False,False,False,False,nan,False,nan
v3_sc3_staging_03,L4,0,16,uncalibrated,False,0,True,False,False,True,7.09350288425444,True,6.826345596729064
v3_sc3_staging_03,L4,0,16,label_cell,False,0,False,False,False,False,nan,False,6.826345596729064
v3_sc3_staging_03,L4,0,16,label_only,False,0,True,False,False,True,7.09350288425444,True,6.826345596729064
v3_sc3_staging_03,L4,0,16,pose_only,False,0,True,False,False,True,7.09350288425444,True,6.826345596729064
v3_sc3_staging_03,L4,0,16,separate,False,0,True,False,False,True,7.09350288425444,True,6.826345596729064
v3_sc3_staging_03,L4,0,16,joint,False,0,True,False,False,True,7.09350288425444,True,6.826345596729064
v3_sc3_staging_03,L4,0,16,oracle,False,0,True,False,False,True,6.826345596729064,True,6.826345596729064
v3_sc3_staging_03,L4,0,17,uncalibrated,False,0,True,False,False,True,5.529898987322333,True,4.847056274847715
v3_sc3_staging_03,L4,0,17,label_cell,False,0,False,False,False,False,nan,False,4.847056274847715
v3_sc3_staging_03,L4,0,17,label_only,False,0,True,False,False,True,5.529898987322333,True,4.847056274847715
v3_sc3_staging_03,L4,0,17,pose_only,False,0,True,False,False,True,5.529898987322333,True,4.847056274847715
v3_sc3_staging_03,L4,0,17,separate,False,0,True,False,False,True,5.529898987322333,True,4.847056274847715
v3_sc3_staging_03,L4,0,17,joint,False,0,True,False,False,True,5.529898987322333,True,4.847056274847715
v3_sc3_staging_03,L4,0,17,oracle,False,0,True,False,False,True,4.847056274847715,True,4.847056274847715
v3_sc3_staging_03,L4,0,18,uncalibrated,False,0,True,False,False,True,4.883452377915607,True,4.561269837220809
v3_sc3_staging_03,L4,0,18,label_cell,False,0,False,False,False,False,nan,False,4.561269837220809
v3_sc3_staging_03,L4,0,18,label_only,False,0,True,False,False,True,4.883452377915607,True,4.561269837220809
v3_sc3_staging_03,L4,0,18,pose_only,False,0,True,False,False,True,4.883452377915607,True,4.561269837220809
v3_sc3_staging_03,L4,0,18,separate,False,0,True,False,False,True,4.883452377915607,True,4.561269837220809
v3_sc3_staging_03,L4,0,18,joint,False,0,True,False,False,True,4.883452377915607,True,4.561269837220809
v3_sc3_staging_03,L4,0,18,oracle,False,0,True,False,False,True,4.561269837220809,True,4.561269837220809
v3_sc3_staging_03,L4,0,19,uncalibrated,False,0,True,False,False,True,3.759188309203678,True,3.738477631085024
v3_sc3_staging_03,L4,0,19,label_cell,False,0,False,False,False,False,nan,False,3.738477631085024
v3_sc3_staging_03,L4,0,19,label_only,False,0,True,False,False,True,3.759188309203678,True,3.738477631085024
v3_sc3_staging_03,L4,0,19,pose_only,False,0,True,False,False,True,3.759188309203678,True,3.738477631085024
v3_sc3_staging_03,L4,0,19,separate,False,0,True,False,False,True,3.759188309203678,True,3.738477631085024
v3_sc3_staging_03,L4,0,19,joint,False,0,True,False,False,True,3.759188309203678,True,3.738477631085024
v3_sc3_staging_03,L4,0,19,oracle,False,0,True,False,False,True,3.738477631085024,True,3.738477631085024
v3_sc3_staging_03,L4,1,0,uncalibrated,False,0,True,False,False,True,4.932842712474619,True,5.1742640687119295
v3_sc3_staging_03,L4,1,0,label_cell,False,0,False,False,False,False,nan,False,5.1742640687119295
v3_sc3_staging_03,L4,1,0,label_only,False,0,True,False,False,True,5.652081528017131,True,5.1742640687119295
v3_sc3_staging_03,L4,1,0,pose_only,False,0,True,False,False,True,5.652081528017131,True,5.1742640687119295
v3_sc3_staging_03,L4,1,0,separate,False,0,True,False,False,True,5.652081528017131,True,5.1742640687119295
v3_sc3_staging_03,L4,1,0,joint,False,0,True,False,False,True,5.652081528017131,True,5.1742640687119295
v3_sc3_staging_03,L4,1,0,oracle,False,0,True,False,False,True,5.1742640687119295,True,5.1742640687119295
v3_sc3_staging_03,L4,1,1,uncalibrated,False,0,False,False,False,False,nan,False,4.265685424949238
v3_sc3_staging_03,L4,1,1,label_cell,False,0,False,False,False,False,nan,False,4.265685424949238
v3_sc3_staging_03,L4,1,1,label_only,False,0,False,False,False,False,nan,False,4.265685424949238
v3_sc3_staging_03,L4,1,1,pose_only,False,0,False,False,False,False,nan,False,4.265685424949238
v3_sc3_staging_03,L4,1,1,separate,False,0,False,False,False,False,nan,False,4.265685424949238
v3_sc3_staging_03,L4,1,1,joint,False,0,False,False,False,False,nan,False,4.265685424949238
v3_sc3_staging_03,L4,1,1,oracle,False,0,True,False,False,True,4.265685424949238,True,4.265685424949238
v3_sc3_staging_03,L4,1,2,uncalibrated,False,0,False,False,False,False,nan,False,4.011269837220809
v3_sc3_staging_03,L4,1,2,label_cell,False,0,False,False,False,False,nan,False,4.011269837220809
v3_sc3_staging_03,L4,1,2,label_only,False,0,False,False,False,False,nan,False,4.011269837220809
v3_sc3_staging_03,L4,1,2,pose_only,False,0,False,False,False,False,nan,False,4.011269837220809
v3_sc3_staging_03,L4,1,2,separate,False,0,False,False,False,False,nan,False,4.011269837220809
v3_sc3_staging_03,L4,1,2,joint,False,0,False,False,False,False,nan,False,4.011269837220809
v3_sc3_staging_03,L4,1,2,oracle,False,0,True,False,False,True,4.011269837220809,True,4.011269837220809
v3_sc3_staging_03,L4,1,3,uncalibrated,False,0,False,False,False,False,nan,False,6.238477631085025
v3_sc3_staging_03,L4,1,3,label_cell,False,0,False,False,False,False,nan,False,6.238477631085025
v3_sc3_staging_03,L4,1,3,label_only,False,0,False,False,False,False,nan,False,6.238477631085025
v3_sc3_staging_03,L4,1,3,pose_only,False,0,False,False,False,False,nan,False,6.238477631085025
v3_sc3_staging_03,L4,1,3,separate,False,0,False,False,False,False,nan,False,6.238477631085025
v3_sc3_staging_03,L4,1,3,joint,False,0,False,False,False,False,nan,False,6.238477631085025
v3_sc3_staging_03,L4,1,3,oracle,False,0,True,False,False,True,6.238477631085025,True,6.238477631085025
v3_sc3_staging_03,L4,1,4,uncalibrated,False,0,False,False,False,False,nan,False,3.289949493661166
v3_sc3_staging_03,L4,1,4,label_cell,False,0,False,False,False,False,nan,False,3.289949493661166
v3_sc3_staging_03,L4,1,4,label_only,False,0,False,False,False,False,nan,False,3.289949493661166
v3_sc3_staging_03,L4,1,4,pose_only,False,0,False,False,False,False,nan,False,3.289949493661166
v3_sc3_staging_03,L4,1,4,separate,False,0,False,False,False,False,nan,False,3.289949493661166
v3_sc3_staging_03,L4,1,4,joint,False,0,False,False,False,False,nan,False,3.289949493661166
v3_sc3_staging_03,L4,1,4,oracle,False,0,True,False,False,True,3.289949493661166,True,3.289949493661166
v3_sc3_staging_03,L4,1,5,uncalibrated,False,0,False,False,False,False,nan,False,5.712741699796952
v3_sc3_staging_03,L4,1,5,label_cell,False,0,False,False,False,False,nan,False,5.712741699796952
v3_sc3_staging_03,L4,1,5,label_only,False,0,False,False,False,False,nan,False,5.712741699796952
v3_sc3_staging_03,L4,1,5,pose_only,False,0,False,False,False,False,nan,False,5.712741699796952
v3_sc3_staging_03,L4,1,5,separate,False,0,False,False,False,False,nan,False,5.712741699796952
v3_sc3_staging_03,L4,1,5,joint,False,0,False,False,False,False,nan,False,5.712741699796952
v3_sc3_staging_03,L4,1,5,oracle,False,0,True,False,False,True,5.712741699796952,True,5.712741699796952
v3_sc3_staging_03,L4,1,6,uncalibrated,False,0,False,False,False,False,nan,False,6.99472221513642
v3_sc3_staging_03,L4,1,6,label_cell,False,0,False,False,False,False,nan,False,6.99472221513642
v3_sc3_staging_03,L4,1,6,label_only,False,0,False,False,False,False,nan,False,6.99472221513642
v3_sc3_staging_03,L4,1,6,pose_only,False,0,False,False,False,False,nan,False,6.99472221513642
v3_sc3_staging_03,L4,1,6,separate,False,0,False,False,False,False,nan,False,6.99472221513642
v3_sc3_staging_03,L4,1,6,joint,False,0,False,False,False,False,nan,False,6.99472221513642
v3_sc3_staging_03,L4,1,6,oracle,False,0,True,False,False,True,6.99472221513642,True,6.99472221513642
v3_sc3_staging_03,L4,1,7,uncalibrated,False,0,False,False,False,False,nan,False,6.250609665440988
v3_sc3_staging_03,L4,1,7,label_cell,False,0,False,False,False,False,nan,False,6.250609665440988
v3_sc3_staging_03,L4,1,7,label_only,False,0,False,False,False,False,nan,False,6.250609665440988
v3_sc3_staging_03,L4,1,7,pose_only,False,0,False,False,False,False,nan,False,6.250609665440988
v3_sc3_staging_03,L4,1,7,separate,False,0,False,False,False,False,nan,False,6.250609665440988
v3_sc3_staging_03,L4,1,7,joint,False,0,False,False,False,False,nan,False,6.250609665440988
v3_sc3_staging_03,L4,1,7,oracle,False,0,True,False,False,True,6.250609665440988,True,6.250609665440988
v3_sc3_staging_03,L4,1,8,uncalibrated,False,0,False,False,False,False,nan,False,6.8727922061357845
v3_sc3_staging_03,L4,1,8,label_cell,False,0,False,False,False,False,nan,False,6.8727922061357845
v3_sc3_staging_03,L4,1,8,label_only,False,0,False,False,False,False,nan,False,6.8727922061357845
v3_sc3_staging_03,L4,1,8,pose_only,False,0,False,False,False,False,nan,False,6.8727922061357845
v3_sc3_staging_03,L4,1,8,separate,False,0,False,False,False,False,nan,False,6.8727922061357845
v3_sc3_staging_03,L4,1,8,joint,False,0,False,False,False,False,nan,False,6.8727922061357845
v3_sc3_staging_03,L4,1,8,oracle,False,0,True,False,False,True,6.8727922061357845,True,6.8727922061357845
v3_sc3_staging_03,L4,1,9,uncalibrated,False,0,False,False,False,False,nan,False,4.8677669529663685
v3_sc3_staging_03,L4,1,9,label_cell,False,0,False,False,False,False,nan,False,4.8677669529663685
v3_sc3_staging_03,L4,1,9,label_only,False,0,False,False,False,False,nan,False,4.8677669529663685
v3_sc3_staging_03,L4,1,9,pose_only,False,0,False,False,False,False,nan,False,4.8677669529663685
v3_sc3_staging_03,L4,1,9,separate,False,0,False,False,False,False,nan,False,4.8677669529663685
v3_sc3_staging_03,L4,1,9,joint,False,0,False,False,False,False,nan,False,4.8677669529663685
v3_sc3_staging_03,L4,1,9,oracle,False,0,True,False,False,True,4.8677669529663685,True,4.8677669529663685
v3_sc3_staging_03,L4,1,10,uncalibrated,False,0,False,False,False,False,nan,False,5.117766952966369
v3_sc3_staging_03,L4,1,10,label_cell,False,0,False,False,False,False,nan,False,5.117766952966369
v3_sc3_staging_03,L4,1,10,label_only,False,0,False,False,False,False,nan,False,5.117766952966369
v3_sc3_staging_03,L4,1,10,pose_only,False,0,False,False,False,False,nan,False,5.117766952966369
v3_sc3_staging_03,L4,1,10,separate,False,0,False,False,False,False,nan,False,5.117766952966369
v3_sc3_staging_03,L4,1,10,joint,False,0,False,False,False,False,nan,False,5.117766952966369
v3_sc3_staging_03,L4,1,10,oracle,False,0,True,False,False,True,5.117766952966369,True,5.117766952966369
v3_sc3_staging_03,L4,1,11,uncalibrated,False,0,True,False,False,True,4.465685424949238,True,4.089949493661167
v3_sc3_staging_03,L4,1,11,label_cell,False,0,False,False,False,False,nan,False,4.089949493661167
v3_sc3_staging_03,L4,1,11,label_only,False,0,True,False,False,True,4.465685424949238,True,4.089949493661167
v3_sc3_staging_03,L4,1,11,pose_only,False,0,True,False,False,True,4.465685424949238,True,4.089949493661167
v3_sc3_staging_03,L4,1,11,separate,False,0,True,False,False,True,4.465685424949238,True,4.089949493661167
v3_sc3_staging_03,L4,1,11,joint,False,0,True,False,False,True,4.465685424949238,True,4.089949493661167
v3_sc3_staging_03,L4,1,11,oracle,False,0,True,False,False,True,4.089949493661167,True,4.089949493661167
v3_sc3_staging_03,L4,1,12,uncalibrated,False,0,False,False,False,False,nan,False,5.789949493661166
v3_sc3_staging_03,L4,1,12,label_cell,False,0,False,False,False,False,nan,False,5.789949493661166
v3_sc3_staging_03,L4,1,12,label_only,False,0,False,False,False,False,nan,False,5.789949493661166
v3_sc3_staging_03,L4,1,12,pose_only,False,0,False,False,False,False,nan,False,5.789949493661166
v3_sc3_staging_03,L4,1,12,separate,False,0,False,False,False,False,nan,False,5.789949493661166
v3_sc3_staging_03,L4,1,12,joint,False,0,False,False,False,False,nan,False,5.789949493661166
v3_sc3_staging_03,L4,1,12,oracle,False,0,True,False,False,True,5.789949493661166,True,5.789949493661166
v3_sc3_staging_03,L4,1,13,uncalibrated,False,0,False,False,False,False,nan,False,4.124873734152916
v3_sc3_staging_03,L4,1,13,label_cell,False,0,False,False,False,False,nan,False,4.124873734152916
v3_sc3_staging_03,L4,1,13,label_only,False,0,False,False,False,False,nan,False,4.124873734152916
v3_sc3_staging_03,L4,1,13,pose_only,False,0,False,False,False,False,nan,False,4.124873734152916
v3_sc3_staging_03,L4,1,13,separate,False,0,False,False,False,False,nan,False,4.124873734152916
v3_sc3_staging_03,L4,1,13,joint,False,0,False,False,False,False,nan,False,4.124873734152916
v3_sc3_staging_03,L4,1,13,oracle,False,0,True,False,False,True,4.124873734152916,True,4.124873734152916
v3_sc3_staging_03,L4,1,14,uncalibrated,False,0,False,False,False,False,nan,False,3.3384776310850235
v3_sc3_staging_03,L4,1,14,label_cell,False,0,False,False,False,False,nan,False,3.3384776310850235
v3_sc3_staging_03,L4,1,14,label_only,False,0,False,False,False,False,nan,False,3.3384776310850235
v3_sc3_staging_03,L4,1,14,pose_only,False,0,False,False,False,False,nan,False,3.3384776310850235
v3_sc3_staging_03,L4,1,14,separate,False,0,False,False,False,False,nan,False,3.3384776310850235
v3_sc3_staging_03,L4,1,14,joint,False,0,False,False,False,False,nan,False,3.3384776310850235
v3_sc3_staging_03,L4,1,14,oracle,False,0,True,False,False,True,3.3384776310850235,True,3.3384776310850235
v3_sc3_staging_03,L4,1,15,uncalibrated,False,0,False,False,False,False,nan,False,7.786143571373728
v3_sc3_staging_03,L4,1,15,label_cell,False,0,False,False,False,False,nan,False,7.786143571373728
v3_sc3_staging_03,L4,1,15,label_only,False,0,False,False,False,False,nan,False,7.786143571373728
v3_sc3_staging_03,L4,1,15,pose_only,False,0,False,False,False,False,nan,False,7.786143571373728
v3_sc3_staging_03,L4,1,15,separate,False,0,False,False,False,False,nan,False,7.786143571373728
v3_sc3_staging_03,L4,1,15,joint,False,0,False,False,False,False,nan,False,7.786143571373728
v3_sc3_staging_03,L4,1,15,oracle,False,0,True,False,False,True,7.786143571373728,True,7.786143571373728
v3_sc3_staging_03,L4,1,16,uncalibrated,False,0,False,False,False,False,nan,False,6.817766952966373
v3_sc3_staging_03,L4,1,16,label_cell,False,0,False,False,False,False,nan,False,6.817766952966373
v3_sc3_staging_03,L4,1,16,label_only,False,0,False,False,False,False,nan,False,6.817766952966373
v3_sc3_staging_03,L4,1,16,pose_only,False,0,False,False,False,False,nan,False,6.817766952966373
v3_sc3_staging_03,L4,1,16,separate,False,0,False,False,False,False,nan,False,6.817766952966373
v3_sc3_staging_03,L4,1,16,joint,False,0,False,False,False,False,nan,False,6.817766952966373
v3_sc3_staging_03,L4,1,16,oracle,False,0,True,False,False,True,6.817766952966373,True,6.817766952966373
v3_sc3_staging_03,L4,1,17,uncalibrated,False,0,False,False,False,False,nan,False,4.87634559672906
v3_sc3_staging_03,L4,1,17,label_cell,False,0,False,False,False,False,nan,False,4.87634559672906
v3_sc3_staging_03,L4,1,17,label_only,False,0,False,False,False,False,nan,False,4.87634559672906
v3_sc3_staging_03,L4,1,17,pose_only,False,0,False,False,False,False,nan,False,4.87634559672906
v3_sc3_staging_03,L4,1,17,separate,False,0,False,False,False,False,nan,False,4.87634559672906
v3_sc3_staging_03,L4,1,17,joint,False,0,False,False,False,False,nan,False,4.87634559672906
v3_sc3_staging_03,L4,1,17,oracle,False,0,True,False,False,True,4.87634559672906,True,4.87634559672906
v3_sc3_staging_03,L4,1,18,uncalibrated,False,0,False,False,False,False,nan,False,4.590559159102155
v3_sc3_staging_03,L4,1,18,label_cell,False,0,False,False,False,False,nan,False,4.590559159102155
v3_sc3_staging_03,L4,1,18,label_only,False,0,False,False,False,False,nan,False,4.590559159102155
v3_sc3_staging_03,L4,1,18,pose_only,False,0,False,False,False,False,nan,False,4.590559159102155
v3_sc3_staging_03,L4,1,18,separate,False,0,False,False,False,False,nan,False,4.590559159102155
v3_sc3_staging_03,L4,1,18,joint,False,0,False,False,False,False,nan,False,4.590559159102155
v3_sc3_staging_03,L4,1,18,oracle,False,0,True,False,False,True,4.590559159102155,True,4.590559159102155
v3_sc3_staging_03,L4,1,19,uncalibrated,False,0,False,False,False,False,nan,False,3.759188309203678
v3_sc3_staging_03,L4,1,19,label_cell,False,0,False,False,False,False,nan,False,3.759188309203678
v3_sc3_staging_03,L4,1,19,label_only,False,0,False,False,False,False,nan,False,3.759188309203678
v3_sc3_staging_03,L4,1,19,pose_only,False,0,False,False,False,False,nan,False,3.759188309203678
v3_sc3_staging_03,L4,1,19,separate,False,0,False,False,False,False,nan,False,3.759188309203678
v3_sc3_staging_03,L4,1,19,joint,False,0,False,False,False,False,nan,False,3.759188309203678
v3_sc3_staging_03,L4,1,19,oracle,False,0,True,False,False,True,3.759188309203678,True,3.759188309203678
v3_sc3_staging_03,L4,2,0,uncalibrated,False,0,True,False,True,True,5.1470562748477136,False,5.153553390593274
v3_sc3_staging_03,L4,2,0,label_cell,False,0,False,False,False,False,nan,False,5.153553390593274
v3_sc3_staging_03,L4,2,0,label_only,False,0,True,False,True,True,5.1470562748477136,False,5.153553390593274
v3_sc3_staging_03,L4,2,0,pose_only,False,0,True,False,True,True,5.1470562748477136,False,5.153553390593274
v3_sc3_staging_03,L4,2,0,separate,False,0,True,False,True,True,5.1470562748477136,False,5.153553390593274
v3_sc3_staging_03,L4,2,0,joint,False,0,True,False,True,True,5.1470562748477136,False,5.153553390593274
v3_sc3_staging_03,L4,2,0,oracle,False,0,True,False,False,True,5.153553390593274,True,5.153553390593274
v3_sc3_staging_03,L4,2,1,uncalibrated,False,0,False,False,False,False,nan,False,4.236396103067893
v3_sc3_staging_03,L4,2,1,label_cell,False,0,False,False,False,False,nan,False,4.236396103067893
v3_sc3_staging_03,L4,2,1,label_only,False,0,False,False,False,False,nan,False,4.236396103067893
v3_sc3_staging_03,L4,2,1,pose_only,False,0,False,False,False,False,nan,False,4.236396103067893
v3_sc3_staging_03,L4,2,1,separate,False,0,False,False,False,False,nan,False,4.236396103067893
v3_sc3_staging_03,L4,2,1,joint,False,0,False,False,False,False,nan,False,4.236396103067893
v3_sc3_staging_03,L4,2,1,oracle,False,0,True,False,False,True,4.236396103067893,True,4.236396103067893
v3_sc3_staging_03,L4,2,2,uncalibrated,False,0,True,False,False,True,3.961269837220808,True,3.9319805153394634
v3_sc3_staging_03,L4,2,2,label_cell,False,0,False,False,False,False,nan,False,3.9319805153394634
v3_sc3_staging_03,L4,2,2,label_only,False,0,True,False,False,True,3.961269837220808,True,3.9319805153394634
v3_sc3_staging_03,L4,2,2,pose_only,False,0,True,False,False,True,3.961269837220808,True,3.9319805153394634
v3_sc3_staging_03,L4,2,2,separate,False,0,True,False,False,True,3.961269837220808,True,3.9319805153394634
v3_sc3_staging_03,L4,2,2,joint,False,0,True,False,False,True,3.961269837220808,True,3.9319805153394634
v3_sc3_staging_03,L4,2,2,oracle,False,0,True,False,False,True,3.9319805153394634,True,3.9319805153394634
v3_sc3_staging_03,L4,2,3,uncalibrated,False,0,False,False,False,False,nan,False,6.300609665440988
v3_sc3_staging_03,L4,2,3,label_cell,False,0,False,False,False,False,nan,False,6.300609665440988
v3_sc3_staging_03,L4,2,3,label_only,False,0,False,False,False,False,nan,False,6.300609665440988
v3_sc3_staging_03,L4,2,3,pose_only,False,0,False,False,False,False,nan,False,6.300609665440988
v3_sc3_staging_03,L4,2,3,separate,False,0,False,False,False,False,nan,False,6.300609665440988
v3_sc3_staging_03,L4,2,3,joint,False,0,False,False,False,False,nan,False,6.300609665440988
v3_sc3_staging_03,L4,2,3,oracle,False,0,True,False,False,True,6.300609665440988,True,6.300609665440988
v3_sc3_staging_03,L4,2,4,uncalibrated,False,0,True,False,True,True,3.127817459305202,False,3.2692388155425114
v3_sc3_staging_03,L4,2,4,label_cell,False,0,False,False,False,False,nan,False,3.2692388155425114
v3_sc3_staging_03,L4,2,4,label_only,False,0,True,False,True,True,3.127817459305202,False,3.2692388155425114
v3_sc3_staging_03,L4,2,4,pose_only,False,0,True,False,True,True,3.127817459305202,False,3.2692388155425114
v3_sc3_staging_03,L4,2,4,separate,False,0,True,False,True,True,3.127817459305202,False,3.2692388155425114
v3_sc3_staging_03,L4,2,4,joint,False,0,True,False,True,True,3.127817459305202,False,3.2692388155425114
v3_sc3_staging_03,L4,2,4,oracle,False,0,True,False,False,True,3.2692388155425114,True,3.2692388155425114
v3_sc3_staging_03,L4,2,5,uncalibrated,False,0,False,False,False,False,nan,False,5.683452377915607
v3_sc3_staging_03,L4,2,5,label_cell,False,0,False,False,False,False,nan,False,5.683452377915607
v3_sc3_staging_03,L4,2,5,label_only,False,0,False,False,False,False,nan,False,5.683452377915607
v3_sc3_staging_03,L4,2,5,pose_only,False,0,False,False,False,False,nan,False,5.683452377915607
v3_sc3_staging_03,L4,2,5,separate,False,0,False,False,False,False,nan,False,5.683452377915607
v3_sc3_staging_03,L4,2,5,joint,False,0,False,False,False,False,nan,False,5.683452377915607
v3_sc3_staging_03,L4,2,5,oracle,False,0,True,False,False,True,5.683452377915607,True,5.683452377915607
v3_sc3_staging_03,L4,2,6,uncalibrated,False,0,False,False,False,False,nan,False,6.982590180780456
v3_sc3_staging_03,L4,2,6,label_cell,False,0,False,False,False,False,nan,False,6.982590180780456
v3_sc3_staging_03,L4,2,6,label_only,False,0,False,False,False,False,nan,False,6.982590180780456
v3_sc3_staging_03,L4,2,6,pose_only,False,0,False,False,False,False,nan,False,6.982590180780456
v3_sc3_staging_03,L4,2,6,separate,False,0,False,False,False,False,nan,False,6.982590180780456
v3_sc3_staging_03,L4,2,6,joint,False,0,False,False,False,False,nan,False,6.982590180780456
v3_sc3_staging_03,L4,2,6,oracle,False,0,True,False,False,True,6.982590180780456,True,6.982590180780456
v3_sc3_staging_03,L4,2,7,uncalibrated,False,0,False,False,False,False,nan,False,6.262741699796952
v3_sc3_staging_03,L4,2,7,label_cell,False,0,False,False,False,False,nan,False,6.262741699796952
v3_sc3_staging_03,L4,2,7,label_only,False,0,False,False,False,False,nan,False,6.262741699796952
v3_sc3_staging_03,L4,2,7,pose_only,False,0,False,False,False,False,nan,False,6.262741699796952
v3_sc3_staging_03,L4,2,7,separate,False,0,False,False,False,False,nan,False,6.262741699796952
v3_sc3_staging_03,L4,2,7,joint,False,0,False,False,False,False,nan,False,6.262741699796952
v3_sc3_staging_03,L4,2,7,oracle,False,0,True,False,False,True,6.262741699796952,True,6.262741699796952
v3_sc3_staging_03,L4,2,8,uncalibrated,False,0,False,False,False,False,nan,False,6.934924240491751
v3_sc3_staging_03,L4,2,8,label_cell,False,0,False,False,False,False,nan,False,6.934924240491751
v3_sc3_staging_03,L4,2,8,label_only,False,0,False,False,False,False,nan,False,6.934924240491751
v3_sc3_staging_03,L4,2,8,pose_only,False,0,False,False,False,False,nan,False,6.934924240491751
v3_sc3_staging_03,L4,2,8,separate,False,0,False,False,False,False,nan,False,6.934924240491751
v3_sc3_staging_03,L4,2,8,joint,False,0,False,False,False,False,nan,False,6.934924240491751
v3_sc3_staging_03,L4,2,8,oracle,False,0,True,False,False,True,6.934924240491751,True,6.934924240491751
v3_sc3_staging_03,L4,2,9,uncalibrated,False,0,True,False,True,True,4.779898987322333,False,4.855634918610406
v3_sc3_staging_03,L4,2,9,label_cell,False,0,False,False,False,False,nan,False,4.855634918610406
v3_sc3_staging_03,L4,2,9,label_only,False,0,True,False,True,True,4.779898987322333,False,4.855634918610406
v3_sc3_staging_03,L4,2,9,pose_only,False,0,True,False,True,True,4.779898987322333,False,4.855634918610406
v3_sc3_staging_03,L4,2,9,separate,False,0,True,False,True,True,4.779898987322333,False,4.855634918610406
v3_sc3_staging_03,L4,2,9,joint,False,0,True,False,True,True,4.779898987322333,False,4.855634918610406
v3_sc3_staging_03,L4,2,9,oracle,False,0,True,False,False,True,4.855634918610406,True,4.855634918610406
v3_sc3_staging_03,L4,2,10,uncalibrated,False,0,True,False,True,True,5.354163056034262,False,5.117766952966369
v3_sc3_staging_03,L4,2,10,label_cell,False,0,False,False,False,False,nan,False,5.117766952966369
v3_sc3_staging_03,L4,2,10,label_only,False,0,True,False,True,True,5.354163056034262,False,5.117766952966369
v3_sc3_staging_03,L4,2,10,pose_only,False,0,True,False,True,True,5.354163056034262,False,5.117766952966369
v3_sc3_staging_03,L4,2,10,separate,False,0,True,False,True,True,5.354163056034262,False,5.117766952966369
v3_sc3_staging_03,L4,2,10,joint,False,0,True,False,True,True,5.354163056034262,False,5.117766952966369
v3_sc3_staging_03,L4,2,10,oracle,False,0,True,False,False,True,5.117766952966369,True,5.117766952966369
v3_sc3_staging_03,L4,2,11,uncalibrated,False,0,False,False,False,False,nan,False,4.069238815542512
v3_sc3_staging_03,L4,2,11,label_cell,False,0,False,False,False,False,nan,False,4.069238815542512
v3_sc3_staging_03,L4,2,11,label_only,False,0,False,False,False,False,nan,False,4.069238815542512
v3_sc3_staging_03,L4,2,11,pose_only,False,0,False,False,False,False,nan,False,4.069238815542512
v3_sc3_staging_03,L4,2,11,separate,False,0,False,False,False,False,nan,False,4.069238815542512
v3_sc3_staging_03,L4,2,11,joint,False,0,False,False,False,False,nan,False,4.069238815542512
v3_sc3_staging_03,L4,2,11,oracle,False,0,True,False,False,True,4.069238815542512,True,4.069238815542512
v3_sc3_staging_03,L4,2,12,uncalibrated,False,0,True,False,False,True,6.354163056034262,True,5.852081528017131
v3_sc3_staging_03,L4,2,12,label_cell,False,0,False,False,False,False,nan,False,5.852081528017131
v3_sc3_staging_03,L4,2,12,label_only,False,0,True,False,False,True,6.354163056034262,True,5.852081528017131
v3_sc3_staging_03,L4,2,12,pose_only,False,0,True,False,False,True,6.354163056034262,True,5.852081528017131
v3_sc3_staging_03,L4,2,12,separate,False,0,False,False,False,False,nan,False,5.852081528017131
v3_sc3_staging_03,L4,2,12,joint,False,0,False,False,False,False,nan,False,5.852081528017131
v3_sc3_staging_03,L4,2,12,oracle,False,0,True,False,False,True,5.852081528017131,True,5.852081528017131
v3_sc3_staging_03,L4,2,13,uncalibrated,False,0,True,False,True,True,4.1334523779156065,False,4.154163056034262
v3_sc3_staging_03,L4,2,13,label_cell,False,0,False,False,False,False,nan,False,4.154163056034262
v3_sc3_staging_03,L4,2,13,label_only,False,0,True,False,True,True,4.1334523779156065,False,4.154163056034262
v3_sc3_staging_03,L4,2,13,pose_only,False,0,True,False,True,True,4.1334523779156065,False,4.154163056034262
v3_sc3_staging_03,L4,2,13,separate,False,0,True,False,True,True,4.1334523779156065,False,4.154163056034262
v3_sc3_staging_03,L4,2,13,joint,False,0,True,False,True,True,4.1334523779156065,False,4.154163056034262
v3_sc3_staging_03,L4,2,13,oracle,False,0,True,False,False,True,4.154163056034262,True,4.154163056034262
v3_sc3_staging_03,L4,2,14,uncalibrated,False,0,True,False,True,True,3.279898987322332,False,3.3091883092036785
v3_sc3_staging_03,L4,2,14,label_cell,False,0,False,False,False,False,nan,False,3.3091883092036785
v3_sc3_staging_03,L4,2,14,label_only,False,0,True,False,True,True,3.279898987322332,False,3.3091883092036785
v3_sc3_staging_03,L4,2,14,pose_only,False,0,True,False,True,True,3.279898987322332,False,3.3091883092036785
v3_sc3_staging_03,L4,2,14,separate,False,0,True,False,True,True,3.279898987322332,False,3.3091883092036785
v3_sc3_staging_03,L4,2,14,joint,False,0,True,False,True,True,3.279898987322332,False,3.3091883092036785
v3_sc3_staging_03,L4,2,14,oracle,False,0,True,False,False,True,3.3091883092036785,True,3.3091883092036785
v3_sc3_staging_03,L4,2,15,uncalibrated,False,0,False,False,False,False,nan,False,7.765432893255074
v3_sc3_staging_03,L4,2,15,label_cell,False,0,False,False,False,False,nan,False,7.765432893255074
v3_sc3_staging_03,L4,2,15,label_only,False,0,False,False,False,False,nan,False,7.765432893255074
v3_sc3_staging_03,L4,2,15,pose_only,False,0,False,False,False,False,nan,False,7.765432893255074
v3_sc3_staging_03,L4,2,15,separate,False,0,False,False,False,False,nan,False,7.765432893255074
v3_sc3_staging_03,L4,2,15,joint,False,0,False,False,False,False,nan,False,7.765432893255074
v3_sc3_staging_03,L4,2,15,oracle,False,0,True,False,False,True,7.765432893255074,True,7.765432893255074
v3_sc3_staging_03,L4,2,16,uncalibrated,False,0,True,False,True,True,6.8420310216783,False,6.900609665440992
v3_sc3_staging_03,L4,2,16,label_cell,False,0,False,False,False,False,nan,False,6.900609665440992
v3_sc3_staging_03,L4,2,16,label_only,False,0,True,False,True,True,6.8420310216783,False,6.900609665440992
v3_sc3_staging_03,L4,2,16,pose_only,False,0,True,False,True,True,6.8420310216783,False,6.900609665440992
v3_sc3_staging_03,L4,2,16,separate,False,0,True,False,True,True,6.8420310216783,False,6.900609665440992
v3_sc3_staging_03,L4,2,16,joint,False,0,True,False,True,True,6.8420310216783,False,6.900609665440992
v3_sc3_staging_03,L4,2,16,oracle,False,0,True,False,False,True,6.900609665440992,True,6.900609665440992
v3_sc3_staging_03,L4,2,17,uncalibrated,False,0,True,False,True,True,5.050609665440988,False,4.83492424049175
v3_sc3_staging_03,L4,2,17,label_cell,False,0,False,False,False,False,nan,False,4.83492424049175
v3_sc3_staging_03,L4,2,17,label_only,False,0,True,False,True,True,5.050609665440988,False,4.83492424049175
v3_sc3_staging_03,L4,2,17,pose_only,False,0,True,False,True,True,5.050609665440988,False,4.83492424049175
v3_sc3_staging_03,L4,2,17,separate,False,0,True,False,True,True,5.050609665440988,False,4.83492424049175
v3_sc3_staging_03,L4,2,17,joint,False,0,True,False,True,True,5.050609665440988,False,4.83492424049175
v3_sc3_staging_03,L4,2,17,oracle,False,0,True,False,False,True,4.83492424049175,True,4.83492424049175
v3_sc3_staging_03,L4,2,18,uncalibrated,False,0,True,False,True,True,4.62842712474619,False,4.599137802864845
v3_sc3_staging_03,L4,2,18,label_cell,False,0,False,False,False,False,nan,False,4.599137802864845
v3_sc3_staging_03,L4,2,18,label_only,False,0,True,False,True,True,4.62842712474619,False,4.599137802864845
v3_sc3_staging_03,L4,2,18,pose_only,False,0,True,False,True,True,4.62842712474619,False,4.599137802864845
v3_sc3_staging_03,L4,2,18,separate,False,0,True,False,True,True,4.62842712474619,False,4.599137802864845
v3_sc3_staging_03,L4,2,18,joint,False,0,True,False,True,True,4.62842712474619,False,4.599137802864845
v3_sc3_staging_03,L4,2,18,oracle,False,0,True,False,False,True,4.599137802864845,True,4.599137802864845
v3_sc3_staging_03,L4,2,19,uncalibrated,False,0,True,False,False,True,3.821320343559643,True,3.7798989873223334
v3_sc3_staging_03,L4,2,19,label_cell,False,0,False,False,False,False,nan,False,3.7798989873223334
v3_sc3_staging_03,L4,2,19,label_only,False,0,True,False,False,True,3.821320343559643,True,3.7798989873223334
v3_sc3_staging_03,L4,2,19,pose_only,False,0,True,False,False,True,3.821320343559643,True,3.7798989873223334
v3_sc3_staging_03,L4,2,19,separate,False,0,True,False,False,True,3.821320343559643,True,3.7798989873223334
v3_sc3_staging_03,L4,2,19,joint,False,0,True,False,False,True,3.821320343559643,True,3.7798989873223334
v3_sc3_staging_03,L4,2,19,oracle,False,0,True,False,False,True,3.7798989873223334,True,3.7798989873223334
v3_sc3_staging_03,L4,3,0,uncalibrated,False,0,False,False,False,False,nan,False,5.227817459305203
v3_sc3_staging_03,L4,3,0,label_cell,False,0,False,False,False,False,nan,False,5.227817459305203
v3_sc3_staging_03,L4,3,0,label_only,False,0,False,False,False,False,nan,False,5.227817459305203
v3_sc3_staging_03,L4,3,0,pose_only,False,0,False,False,False,False,nan,False,5.227817459305203
v3_sc3_staging_03,L4,3,0,separate,False,0,False,False,False,False,nan,False,5.227817459305203
v3_sc3_staging_03,L4,3,0,joint,False,0,False,False,False,False,nan,False,5.227817459305203
v3_sc3_staging_03,L4,3,0,oracle,False,0,True,False,False,True,5.227817459305203,True,5.227817459305203
v3_sc3_staging_03,L4,3,1,uncalibrated,False,0,False,False,False,False,nan,False,4.141421356237309
v3_sc3_staging_03,L4,3,1,label_cell,False,0,False,False,False,False,nan,False,4.141421356237309
v3_sc3_staging_03,L4,3,1,label_only,False,0,False,False,False,False,nan,False,4.141421356237309
v3_sc3_staging_03,L4,3,1,pose_only,False,0,False,False,False,False,nan,False,4.141421356237309
v3_sc3_staging_03,L4,3,1,separate,False,0,False,False,False,False,nan,False,4.141421356237309
v3_sc3_staging_03,L4,3,1,joint,False,0,False,False,False,False,nan,False,4.141421356237309
v3_sc3_staging_03,L4,3,1,oracle,False,0,True,False,False,True,4.141421356237309,True,4.141421356237309
v3_sc3_staging_03,L4,3,2,uncalibrated,False,0,False,False,False,False,nan,False,4.037005768508881
v3_sc3_staging_03,L4,3,2,label_cell,False,0,False,False,False,False,nan,False,4.037005768508881
v3_sc3_staging_03,L4,3,2,label_only,False,0,False,False,False,False,nan,False,4.037005768508881
v3_sc3_staging_03,L4,3,2,pose_only,False,0,False,False,False,False,nan,False,4.037005768508881
v3_sc3_staging_03,L4,3,2,separate,False,0,False,False,False,False,nan,False,4.037005768508881
v3_sc3_staging_03,L4,3,2,joint,False,0,False,False,False,False,nan,False,4.037005768508881
v3_sc3_staging_03,L4,3,2,oracle,False,0,True,False,False,True,4.037005768508881,True,4.037005768508881
v3_sc3_staging_03,L4,3,3,uncalibrated,False,0,False,False,False,False,nan,False,6.217766952966369
v3_sc3_staging_03,L4,3,3,label_cell,False,0,False,False,False,False,nan,False,6.217766952966369
v3_sc3_staging_03,L4,3,3,label_only,False,0,False,False,False,False,nan,False,6.217766952966369
v3_sc3_staging_03,L4,3,3,pose_only,False,0,False,False,False,False,nan,False,6.217766952966369
v3_sc3_staging_03,L4,3,3,separate,False,0,False,False,False,False,nan,False,6.217766952966369
v3_sc3_staging_03,L4,3,3,joint,False,0,False,False,False,False,nan,False,6.217766952966369
v3_sc3_staging_03,L4,3,3,oracle,False,0,True,False,False,True,6.217766952966369,True,6.217766952966369
v3_sc3_staging_03,L4,3,4,uncalibrated,False,0,True,False,False,True,3.5177669529663684,True,3.39350288425444
v3_sc3_staging_03,L4,3,4,label_cell,False,0,False,False,False,False,nan,False,3.39350288425444
v3_sc3_staging_03,L4,3,4,label_only,False,0,True,False,False,True,3.5177669529663684,True,3.39350288425444
v3_sc3_staging_03,L4,3,4,pose_only,False,0,True,False,False,True,3.5177669529663684,True,3.39350288425444
v3_sc3_staging_03,L4,3,4,separate,False,0,True,False,False,True,3.5177669529663684,True,3.39350288425444
v3_sc3_staging_03,L4,3,4,joint,False,0,True,False,False,True,3.5177669529663684,True,3.39350288425444
v3_sc3_staging_03,L4,3,4,oracle,False,0,True,False,False,True,3.39350288425444,True,3.39350288425444
v3_sc3_staging_03,L4,3,5,uncalibrated,False,0,False,False,False,False,nan,False,5.66776695296637
v3_sc3_staging_03,L4,3,5,label_cell,False,0,False,False,False,False,nan,False,5.66776695296637
v3_sc3_staging_03,L4,3,5,label_only,False,0,False,False,False,False,nan,False,5.66776695296637
v3_sc3_staging_03,L4,3,5,pose_only,False,0,False,False,False,False,nan,False,5.66776695296637
v3_sc3_staging_03,L4,3,5,separate,False,0,False,False,False,False,nan,False,5.66776695296637
v3_sc3_staging_03,L4,3,5,joint,False,0,False,False,False,False,nan,False,5.66776695296637
v3_sc3_staging_03,L4,3,5,oracle,False,0,True,False,False,True,5.66776695296637,True,5.66776695296637
v3_sc3_staging_03,L4,3,6,uncalibrated,False,0,False,False,False,False,nan,False,6.877564927611036
v3_sc3_staging_03,L4,3,6,label_cell,False,0,False,False,False,False,nan,False,6.877564927611036
v3_sc3_staging_03,L4,3,6,label_only,False,0,False,False,False,False,nan,False,6.877564927611036
v3_sc3_staging_03,L4,3,6,pose_only,False,0,False,False,False,False,nan,False,6.877564927611036
v3_sc3_staging_03,L4,3,6,separate,False,0,False,False,False,False,nan,False,6.877564927611036
v3_sc3_staging_03,L4,3,6,joint,False,0,False,False,False,False,nan,False,6.877564927611036
v3_sc3_staging_03,L4,3,6,oracle,False,0,True,False,False,True,6.877564927611036,True,6.877564927611036
v3_sc3_staging_03,L4,3,7,uncalibrated,False,0,False,False,False,False,nan,False,6.2056349186104045
v3_sc3_staging_03,L4,3,7,label_cell,False,0,False,False,False,False,nan,False,6.2056349186104045
v3_sc3_staging_03,L4,3,7,label_only,False,0,False,False,False,False,nan,False,6.2056349186104045
v3_sc3_staging_03,L4,3,7,pose_only,False,0,False,False,False,False,nan,False,6.2056349186104045
v3_sc3_staging_03,L4,3,7,separate,False,0,False,False,False,False,nan,False,6.2056349186104045
v3_sc3_staging_03,L4,3,7,joint,False,0,False,False,False,False,nan,False,6.2056349186104045
v3_sc3_staging_03,L4,3,7,oracle,False,0,True,False,False,True,6.2056349186104045,True,6.2056349186104045
v3_sc3_staging_03,L4,3,8,uncalibrated,False,0,False,False,False,False,nan,False,6.869238815542511
v3_sc3_staging_03,L4,3,8,label_cell,False,0,False,False,False,False,nan,False,6.869238815542511
v3_sc3_staging_03,L4,3,8,label_only,False,0,False,False,False,False,nan,False,6.869238815542511
v3_sc3_staging_03,L4,3,8,pose_only,False,0,False,False,False,False,nan,False,6.869238815542511
v3_sc3_staging_03,L4,3,8,separate,False,0,False,False,False,False,nan,False,6.869238815542511
v3_sc3_staging_03,L4,3,8,joint,False,0,False,False,False,False,nan,False,6.869238815542511
v3_sc3_staging_03,L4,3,8,oracle,False,0,True,False,False,True,6.869238815542511,True,6.869238815542511
v3_sc3_staging_03,L4,3,9,uncalibrated,False,0,False,False,False,False,nan,False,4.879898987322333
v3_sc3_staging_03,L4,3,9,label_cell,False,0,False,False,False,False,nan,False,4.879898987322333
v3_sc3_staging_03,L4,3,9,label_only,False,0,False,False,False,False,nan,False,4.879898987322333
v3_sc3_staging_03,L4,3,9,pose_only,False,0,False,False,False,False,nan,False,4.879898987322333
v3_sc3_staging_03,L4,3,9,separate,False,0,False,False,False,False,nan,False,4.879898987322333
v3_sc3_staging_03,L4,3,9,joint,False,0,False,False,False,False,nan,False,4.879898987322333
v3_sc3_staging_03,L4,3,9,oracle,False,0,True,False,False,True,4.879898987322333,True,4.879898987322333
v3_sc3_staging_03,L4,3,10,uncalibrated,False,0,False,False,False,False,nan,False,5.121320343559643
v3_sc3_staging_03,L4,3,10,label_cell,False,0,False,False,False,False,nan,False,5.121320343559643
v3_sc3_staging_03,L4,3,10,label_only,False,0,False,False,False,False,nan,False,5.121320343559643
v3_sc3_staging_03,L4,3,10,pose_only,False,0,False,False,False,False,nan,False,5.121320343559643
v3_sc3_staging_03,L4,3,10,separate,False,0,False,False,False,False,nan,False,5.121320343559643
v3_sc3_staging_03,L4,3,10,joint,False,0,False,False,False,False,nan,False,5.121320343559643
v3_sc3_staging_03,L4,3,10,oracle,False,0,True,False,False,True,5.121320343559643,True,5.121320343559643
v3_sc3_staging_03,L4,3,11,uncalibrated,False,0,False,False,False,False,nan,False,4.172792206135786
v3_sc3_staging_03,L4,3,11,label_cell,False,0,False,False,False,False,nan,False,4.172792206135786
v3_sc3_staging_03,L4,3,11,label_only,False,0,False,False,False,False,nan,False,4.172792206135786
v3_sc3_staging_03,L4,3,11,pose_only,False,0,False,False,False,False,nan,False,4.172792206135786
v3_sc3_staging_03,L4,3,11,separate,False,0,False,False,False,False,nan,False,4.172792206135786
v3_sc3_staging_03,L4,3,11,joint,False,0,False,False,False,False,nan,False,4.172792206135786
v3_sc3_staging_03,L4,3,11,oracle,False,0,True,False,False,True,4.172792206135786,True,4.172792206135786
v3_sc3_staging_03,L4,3,12,uncalibrated,False,0,False,False,False,False,nan,False,5.819238815542512
v3_sc3_staging_03,L4,3,12,label_cell,False,0,False,False,False,False,nan,False,5.819238815542512
v3_sc3_staging_03,L4,3,12,label_only,False,0,False,False,False,False,nan,False,5.819238815542512
v3_sc3_staging_03,L4,3,12,pose_only,False,0,False,False,False,False,nan,False,5.819238815542512
v3_sc3_staging_03,L4,3,12,separate,False,0,False,False,False,False,nan,False,5.819238815542512
v3_sc3_staging_03,L4,3,12,joint,False,0,False,False,False,False,nan,False,5.819238815542512
v3_sc3_staging_03,L4,3,12,oracle,False,0,True,False,False,True,5.819238815542512,True,5.819238815542512
v3_sc3_staging_03,L4,3,13,uncalibrated,False,0,False,False,False,False,nan,False,4.0991378028648455
v3_sc3_staging_03,L4,3,13,label_cell,False,0,False,False,False,False,nan,False,4.0991378028648455
v3_sc3_staging_03,L4,3,13,label_only,False,0,False,False,False,False,nan,False,4.0991378028648455
v3_sc3_staging_03,L4,3,13,pose_only,False,0,False,False,False,False,nan,False,4.0991378028648455
v3_sc3_staging_03,L4,3,13,separate,False,0,False,False,False,False,nan,False,4.0991378028648455
v3_sc3_staging_03,L4,3,13,joint,False,0,False,False,False,False,nan,False,4.0991378028648455
v3_sc3_staging_03,L4,3,13,oracle,False,0,True,False,False,True,4.0991378028648455,True,4.0991378028648455
v3_sc3_staging_03,L4,3,14,uncalibrated,False,0,False,False,False,False,nan,False,3.3470562748477146
v3_sc3_staging_03,L4,3,14,label_cell,False,0,False,False,False,False,nan,False,3.3470562748477146
v3_sc3_staging_03,L4,3,14,label_only,False,0,False,False,False,False,nan,False,3.3470562748477146
v3_sc3_staging_03,L4,3,14,pose_only,False,0,False,False,False,False,nan,False,3.3470562748477146
v3_sc3_staging_03,L4,3,14,separate,False,0,False,False,False,False,nan,False,3.3470562748477146
v3_sc3_staging_03,L4,3,14,joint,False,0,False,False,False,False,nan,False,3.3470562748477146
v3_sc3_staging_03,L4,3,14,oracle,False,0,True,False,False,True,3.3470562748477146,True,3.3470562748477146
v3_sc3_staging_03,L4,3,15,uncalibrated,False,0,False,False,False,False,nan,False,7.681118318204314
v3_sc3_staging_03,L4,3,15,label_cell,False,0,False,False,False,False,nan,False,7.681118318204314
v3_sc3_staging_03,L4,3,15,label_only,False,0,False,False,False,False,nan,False,7.681118318204314
v3_sc3_staging_03,L4,3,15,pose_only,False,0,False,False,False,False,nan,False,7.681118318204314
v3_sc3_staging_03,L4,3,15,separate,False,0,False,False,False,False,nan,False,7.681118318204314
v3_sc3_staging_03,L4,3,15,joint,False,0,False,False,False,False,nan,False,7.681118318204314
v3_sc3_staging_03,L4,3,15,oracle,False,0,True,False,False,True,7.681118318204314,True,7.681118318204314
v3_sc3_staging_03,L4,3,16,uncalibrated,False,0,False,False,False,False,nan,False,6.702081528017134
v3_sc3_staging_03,L4,3,16,label_cell,False,0,False,False,False,False,nan,False,6.702081528017134
v3_sc3_staging_03,L4,3,16,label_only,False,0,False,False,False,False,nan,False,6.702081528017134
v3_sc3_staging_03,L4,3,16,pose_only,False,0,False,False,False,False,nan,False,6.702081528017134
v3_sc3_staging_03,L4,3,16,separate,False,0,False,False,False,False,nan,False,6.702081528017134
v3_sc3_staging_03,L4,3,16,joint,False,0,False,False,False,False,nan,False,6.702081528017134
v3_sc3_staging_03,L4,3,16,oracle,False,0,True,False,False,True,6.702081528017134,True,6.702081528017134
v3_sc3_staging_03,L4,3,17,uncalibrated,False,0,False,False,False,False,nan,False,4.900609665440989
v3_sc3_staging_03,L4,3,17,label_cell,False,0,False,False,False,False,nan,False,4.900609665440989
v3_sc3_staging_03,L4,3,17,label_only,False,0,False,False,False,False,nan,False,4.900609665440989
v3_sc3_staging_03,L4,3,17,pose_only,False,0,False,False,False,False,nan,False,4.900609665440989
v3_sc3_staging_03,L4,3,17,separate,False,0,False,False,False,False,nan,False,4.900609665440989
v3_sc3_staging_03,L4,3,17,joint,False,0,False,False,False,False,nan,False,4.900609665440989
v3_sc3_staging_03,L4,3,17,oracle,False,0,True,False,False,True,4.900609665440989,True,4.900609665440989
v3_sc3_staging_03,L4,3,18,uncalibrated,False,0,False,False,False,False,nan,False,4.544112549695428
v3_sc3_staging_03,L4,3,18,label_cell,False,0,False,False,False,False,nan,False,4.544112549695428
v3_sc3_staging_03,L4,3,18,label_only,False,0,False,False,False,False,nan,False,4.544112549695428
v3_sc3_staging_03,L4,3,18,pose_only,False,0,False,False,False,False,nan,False,4.544112549695428
v3_sc3_staging_03,L4,3,18,separate,False,0,False,False,False,False,nan,False,4.544112549695428
v3_sc3_staging_03,L4,3,18,joint,False,0,False,False,False,False,nan,False,4.544112549695428
v3_sc3_staging_03,L4,3,18,oracle,False,0,True,False,False,True,4.544112549695428,True,4.544112549695428
v3_sc3_staging_03,L4,3,19,uncalibrated,False,0,False,False,False,False,nan,False,3.7849242404917494
v3_sc3_staging_03,L4,3,19,label_cell,False,0,False,False,False,False,nan,False,3.7849242404917494
v3_sc3_staging_03,L4,3,19,label_only,False,0,False,False,False,False,nan,False,3.7849242404917494
v3_sc3_staging_03,L4,3,19,pose_only,False,0,False,False,False,False,nan,False,3.7849242404917494
v3_sc3_staging_03,L4,3,19,separate,False,0,False,False,False,False,nan,False,3.7849242404917494
v3_sc3_staging_03,L4,3,19,joint,False,0,False,False,False,False,nan,False,3.7849242404917494
v3_sc3_staging_03,L4,3,19,oracle,False,0,True,False,False,True,3.7849242404917494,True,3.7849242404917494
v3_sc3_staging_03,L4,4,0,uncalibrated,False,0,False,False,False,False,nan,False,5.222792206135786
v3_sc3_staging_03,L4,4,0,label_cell,False,0,False,False,False,False,nan,False,5.222792206135786
v3_sc3_staging_03,L4,4,0,label_only,False,0,False,False,False,False,nan,False,5.222792206135786
v3_sc3_staging_03,L4,4,0,pose_only,False,0,False,False,False,False,nan,False,5.222792206135786
v3_sc3_staging_03,L4,4,0,separate,False,0,False,False,False,False,nan,False,5.222792206135786
v3_sc3_staging_03,L4,4,0,joint,False,0,False,False,False,False,nan,False,5.222792206135786
v3_sc3_staging_03,L4,4,0,oracle,False,0,True,False,False,True,5.222792206135786,True,5.222792206135786
v3_sc3_staging_03,L4,4,1,uncalibrated,False,0,True,False,True,True,4.404163056034261,False,4.404163056034261
v3_sc3_staging_03,L4,4,1,label_cell,False,0,False,False,False,False,nan,False,4.404163056034261
v3_sc3_staging_03,L4,4,1,label_only,False,0,True,False,True,True,4.404163056034261,False,4.404163056034261
v3_sc3_staging_03,L4,4,1,pose_only,False,0,True,False,True,True,4.404163056034261,False,4.404163056034261
v3_sc3_staging_03,L4,4,1,separate,False,0,True,False,True,True,4.404163056034261,False,4.404163056034261
v3_sc3_staging_03,L4,4,1,joint,False,0,True,False,True,True,4.404163056034261,False,4.404163056034261
v3_sc3_staging_03,L4,4,1,oracle,False,0,True,False,False,True,4.404163056034261,True,4.404163056034261
v3_sc3_staging_03,L4,4,2,uncalibrated,False,0,True,False,False,True,3.9819805153394636,True,3.9819805153394636
v3_sc3_staging_03,L4,4,2,label_cell,False,0,False,False,False,False,nan,False,3.9819805153394636
v3_sc3_staging_03,L4,4,2,label_only,False,0,True,False,False,True,3.9819805153394636,True,3.9819805153394636
v3_sc3_staging_03,L4,4,2,pose_only,False,0,True,False,False,True,3.9819805153394636,True,3.9819805153394636
v3_sc3_staging_03,L4,4,2,separate,False,0,True,False,False,True,3.9819805153394636,True,3.9819805153394636
v3_sc3_staging_03,L4,4,2,joint,False,0,True,False,False,True,3.9819805153394636,True,3.9819805153394636
v3_sc3_staging_03,L4,4,2,oracle,False,0,True,False,False,True,3.9819805153394636,True,3.9819805153394636
v3_sc3_staging_03,L4,4,3,uncalibrated,False,0,False,False,False,False,nan,False,nan
v3_sc3_staging_03,L4,4,3,label_cell,False,0,False,False,False,False,nan,False,nan
v3_sc3_staging_03,L4,4,3,label_only,False,0,False,False,False,False,nan,False,nan
v3_sc3_staging_03,L4,4,3,pose_only,False,0,False,False,False,False,nan,False,nan
v3_sc3_staging_03,L4,4,3,separate,False,0,False,False,False,False,nan,False,nan
v3_sc3_staging_03,L4,4,3,joint,False,0,False,False,False,False,nan,False,nan
v3_sc3_staging_03,L4,4,3,oracle,False,0,False,False,False,False,nan,False,nan
v3_sc3_staging_03,L4,4,4,uncalibrated,False,0,True,False,False,True,4.005634918610403,True,3.3106601717798214
v3_sc3_staging_03,L4,4,4,label_cell,False,0,False,False,False,False,nan,False,3.3106601717798214
v3_sc3_staging_03,L4,4,4,label_only,False,0,True,False,False,True,4.005634918610403,True,3.3106601717798214
v3_sc3_staging_03,L4,4,4,pose_only,False,0,True,False,False,True,4.005634918610403,True,3.3106601717798214
v3_sc3_staging_03,L4,4,4,separate,False,0,True,False,False,True,4.005634918610403,True,3.3106601717798214
v3_sc3_staging_03,L4,4,4,joint,False,0,True,False,False,True,4.005634918610403,True,3.3106601717798214
v3_sc3_staging_03,L4,4,4,oracle,False,0,True,False,False,True,3.3106601717798214,True,3.3106601717798214
v3_sc3_staging_03,L4,4,5,uncalibrated,False,0,True,False,True,True,6.8819805153394675,False,5.5805086527633225
v3_sc3_staging_03,L4,4,5,label_cell,False,0,False,False,False,False,nan,False,5.5805086527633225
v3_sc3_staging_03,L4,4,5,label_only,False,0,True,False,True,True,6.8819805153394675,False,5.5805086527633225
v3_sc3_staging_03,L4,4,5,pose_only,False,0,True,False,True,True,6.8819805153394675,False,5.5805086527633225
v3_sc3_staging_03,L4,4,5,separate,False,0,True,False,True,True,6.8819805153394675,False,5.5805086527633225
v3_sc3_staging_03,L4,4,5,joint,False,0,True,False,True,True,6.8819805153394675,False,5.5805086527633225
v3_sc3_staging_03,L4,4,5,oracle,False,0,True,False,False,True,5.5805086527633225,True,5.5805086527633225
v3_sc3_staging_03,L4,4,6,uncalibrated,False,0,False,False,False,False,nan,False,7.061269837220812
v3_sc3_staging_03,L4,4,6,label_cell,False,0,False,False,False,False,nan,False,7.061269837220812
v3_sc3_staging_03,L4,4,6,label_only,False,0,False,False,False,False,nan,False,7.061269837220812
v3_sc3_staging_03,L4,4,6,pose_only,False,0,False,False,False,False,nan,False,7.061269837220812
v3_sc3_staging_03,L4,4,6,separate,False,0,False,False,False,False,nan,False,7.061269837220812
v3_sc3_staging_03,L4,4,6,joint,False,0,False,False,False,False,nan,False,7.061269837220812
v3_sc3_staging_03,L4,4,6,oracle,False,0,True,False,False,True,7.061269837220812,True,7.061269837220812
v3_sc3_staging_03,L4,4,7,uncalibrated,False,0,True,False,True,True,6.401219330881976,False,6.31335136523794
v3_sc3_staging_03,L4,4,7,label_cell,False,0,False,False,False,False,nan,False,6.31335136523794
v3_sc3_staging_03,L4,4,7,label_only,False,0,True,False,True,True,6.401219330881976,False,6.31335136523794
v3_sc3_staging_03,L4,4,7,pose_only,False,0,True,False,True,True,6.401219330881976,False,6.31335136523794
v3_sc3_staging_03,L4,4,7,separate,False,0,True,False,True,True,6.401219330881976,False,6.31335136523794
v3_sc3_staging_03,L4,4,7,joint,False,0,True,False,True,True,6.401219330881976,False,6.31335136523794
v3_sc3_staging_03,L4,4,7,oracle,False,0,True,False,False,True,6.31335136523794,True,6.31335136523794
v3_sc3_staging_03,L4,4,8,uncalibrated,False,0,True,False,True,True,7.826955262170049,False,7.101219330881981
v3_sc3_staging_03,L4,4,8,label_cell,False,0,False,False,False,False,nan,False,7.101219330881981
v3_sc3_staging_03,L4,4,8,label_only,False,0,True,False,True,True,7.826955262170049,False,7.101219330881981
v3_sc3_staging_03,L4,4,8,pose_only,False,0,True,False,True,True,7.826955262170049,False,7.101219330881981
v3_sc3_staging_03,L4,4,8,separate,False,0,True,False,True,True,7.826955262170049,False,7.101219330881981
v3_sc3_staging_03,L4,4,8,joint,False,0,True,False,True,True,7.826955262170049,False,7.101219330881981
v3_sc3_staging_03,L4,4,8,oracle,False,0,True,False,False,True,7.101219330881981,True,7.101219330881981
v3_sc3_staging_03,L4,4,9,uncalibrated,False,0,False,False,False,False,nan,False,4.707106781186548
v3_sc3_staging_03,L4,4,9,label_cell,False,0,False,False,False,False,nan,False,4.707106781186548
v3_sc3_staging_03,L4,4,9,label_only,False,0,False,False,False,False,nan,False,4.707106781186548
v3_sc3_staging_03,L4,4,9,pose_only,False,0,False,False,False,False,nan,False,4.707106781186548
v3_sc3_staging_03,L4,4,9,separate,False,0,False,False,False,False,nan,False,4.707106781186548
v3_sc3_staging_03,L4,4,9,joint,False,0,False,False,False,False,nan,False,4.707106781186548
v3_sc3_staging_03,L4,4,9,oracle,False,0,True,False,False,True,4.707106781186548,True,4.707106781186548
v3_sc3_staging_03,L4,4,10,uncalibrated,False,0,False,False,False,False,nan,False,5.155634918610406
v3_sc3_staging_03,L4,4,10,label_cell,False,0,False,False,False,False,nan,False,5.155634918610406
v3_sc3_staging_03,L4,4,10,label_only,False,0,False,False,False,False,nan,False,5.155634918610406
v3_sc3_staging_03,L4,4,10,pose_only,False,0,False,False,False,False,nan,False,5.155634918610406
v3_sc3_staging_03,L4,4,10,separate,False,0,False,False,False,False,nan,False,5.155634918610406
v3_sc3_staging_03,L4,4,10,joint,False,0,False,False,False,False,nan,False,5.155634918610406
v3_sc3_staging_03,L4,4,10,oracle,False,0,True,False,False,True,5.155634918610406,True,5.155634918610406
v3_sc3_staging_03,L4,4,11,uncalibrated,False,0,False,False,False,False,nan,False,4.122792206135785
v3_sc3_staging_03,L4,4,11,label_cell,False,0,False,False,False,False,nan,False,4.122792206135785
v3_sc3_staging_03,L4,4,11,label_only,False,0,False,False,False,False,nan,False,4.122792206135785
v3_sc3_staging_03,L4,4,11,pose_only,False,0,False,False,False,False,nan,False,4.122792206135785
v3_sc3_staging_03,L4,4,11,separate,False,0,False,False,False,False,nan,False,4.122792206135785
v3_sc3_staging_03,L4,4,11,joint,False,0,False,False,False,False,nan,False,4.122792206135785
v3_sc3_staging_03,L4,4,11,oracle,False,0,True,False,False,True,4.122792206135785,True,4.122792206135785
v3_sc3_staging_03,L4,4,12,uncalibrated,False,0,True,False,True,True,6.0112698372208095,False,6.073401871576774
v3_sc3_staging_03,L4,4,12,label_cell,False,0,False,False,False,False,nan,False,6.073401871576774
v3_sc3_staging_03,L4,4,12,label_only,False,0,True,False,True,True,6.0112698372208095,False,6.073401871576774
v3_sc3_staging_03,L4,4,12,pose_only,False,0,True,False,True,True,6.0112698372208095,False,6.073401871576774
v3_sc3_staging_03,L4,4,12,separate,False,0,True,False,True,True,6.0112698372208095,False,6.073401871576774
v3_sc3_staging_03,L4,4,12,joint,False,0,True,False,True,True,6.0112698372208095,False,6.073401871576774
v3_sc3_staging_03,L4,4,12,oracle,False,0,True,False,False,True,6.073401871576774,True,6.073401871576774
v3_sc3_staging_03,L4,4,13,uncalibrated,False,0,False,False,False,False,nan,False,4.089949493661167
v3_sc3_staging_03,L4,4,13,label_cell,False,0,False,False,False,False,nan,False,4.089949493661167
v3_sc3_staging_03,L4,4,13,label_only,False,0,False,False,False,False,nan,False,4.089949493661167
v3_sc3_staging_03,L4,4,13,pose_only,False,0,False,False,False,False,nan,False,4.089949493661167
v3_sc3_staging_03,L4,4,13,separate,False,0,False,False,False,False,nan,False,4.089949493661167
v3_sc3_staging_03,L4,4,13,joint,False,0,False,False,False,False,nan,False,4.089949493661167
v3_sc3_staging_03,L4,4,13,oracle,False,0,True,False,False,True,4.089949493661167,True,4.089949493661167
v3_sc3_staging_03,L4,4,14,uncalibrated,False,0,True,False,False,True,3.4334523779156068,True,3.2127416997969522
v3_sc3_staging_03,L4,4,14,label_cell,False,0,False,False,False,False,nan,False,3.2127416997969522
v3_sc3_staging_03,L4,4,14,label_only,False,0,True,False,False,True,3.4334523779156068,True,3.2127416997969522
v3_sc3_staging_03,L4,4,14,pose_only,False,0,True,False,False,True,3.4334523779156068,True,3.2127416997969522
v3_sc3_staging_03,L4,4,14,separate,False,0,True,False,False,True,3.4334523779156068,True,3.2127416997969522
v3_sc3_staging_03,L4,4,14,joint,False,0,True,False,False,True,3.4334523779156068,True,3.2127416997969522
v3_sc3_staging_03,L4,4,14,oracle,False,0,True,False,False,True,3.2127416997969522,True,3.2127416997969522
v3_sc3_staging_03,L4,4,15,uncalibrated,False,0,False,False,False,False,nan,False,7.911269837220809
v3_sc3_staging_03,L4,4,15,label_cell,False,0,False,False,False,False,nan,False,7.911269837220809
v3_sc3_staging_03,L4,4,15,label_only,False,0,False,False,False,False,nan,False,7.911269837220809
v3_sc3_staging_03,L4,4,15,pose_only,False,0,False,False,False,False,nan,False,7.911269837220809
v3_sc3_staging_03,L4,4,15,separate,False,0,False,False,False,False,nan,False,7.911269837220809
v3_sc3_staging_03,L4,4,15,joint,False,0,False,False,False,False,nan,False,7.911269837220809
v3_sc3_staging_03,L4,4,15,oracle,False,0,True,False,False,True,7.911269837220809,True,7.911269837220809
v3_sc3_staging_03,L4,4,16,uncalibrated,False,0,True,False,True,True,8.939087296526012,False,6.9340620433565965
v3_sc3_staging_03,L4,4,16,label_cell,False,0,False,False,False,False,nan,False,6.9340620433565965
v3_sc3_staging_03,L4,4,16,label_only,False,0,True,False,True,True,8.939087296526012,False,6.9340620433565965
v3_sc3_staging_03,L4,4,16,pose_only,False,0,True,False,True,True,8.939087296526012,False,6.9340620433565965
v3_sc3_staging_03,L4,4,16,separate,False,0,True,False,True,True,8.939087296526012,False,6.9340620433565965
v3_sc3_staging_03,L4,4,16,joint,False,0,True,False,True,True,8.939087296526012,False,6.9340620433565965
v3_sc3_staging_03,L4,4,16,oracle,False,0,True,False,False,True,6.9340620433565965,True,6.9340620433565965
v3_sc3_staging_03,L4,4,17,uncalibrated,False,0,False,False,False,False,nan,False,4.748528137423857
v3_sc3_staging_03,L4,4,17,label_cell,False,0,False,False,False,False,nan,False,4.748528137423857
v3_sc3_staging_03,L4,4,17,label_only,False,0,False,False,False,False,nan,False,4.748528137423857
v3_sc3_staging_03,L4,4,17,pose_only,False,0,False,False,False,False,nan,False,4.748528137423857
v3_sc3_staging_03,L4,4,17,separate,False,0,False,False,False,False,nan,False,4.748528137423857
v3_sc3_staging_03,L4,4,17,joint,False,0,False,False,False,False,nan,False,4.748528137423857
v3_sc3_staging_03,L4,4,17,oracle,False,0,True,False,False,True,4.748528137423857,True,4.748528137423857
v3_sc3_staging_03,L4,4,18,uncalibrated,False,0,False,False,False,False,nan,False,4.59350288425444
v3_sc3_staging_03,L4,4,18,label_cell,False,0,False,False,False,False,nan,False,4.59350288425444
v3_sc3_staging_03,L4,4,18,label_only,False,0,False,False,False,False,nan,False,4.59350288425444
v3_sc3_staging_03,L4,4,18,pose_only,False,0,False,False,False,False,nan,False,4.59350288425444
v3_sc3_staging_03,L4,4,18,separate,False,0,False,False,False,False,nan,False,4.59350288425444
v3_sc3_staging_03,L4,4,18,joint,False,0,False,False,False,False,nan,False,4.59350288425444
v3_sc3_staging_03,L4,4,18,oracle,False,0,True,False,False,True,4.59350288425444,True,4.59350288425444
v3_sc3_staging_03,L4,4,19,uncalibrated,False,0,True,False,False,True,3.4734018715767734,True,3.4734018715767734
v3_sc3_staging_03,L4,4,19,label_cell,False,0,False,False,False,False,nan,False,3.4734018715767734
v3_sc3_staging_03,L4,4,19,label_only,False,0,True,False,False,True,3.4734018715767734,True,3.4734018715767734
v3_sc3_staging_03,L4,4,19,pose_only,False,0,True,False,False,True,3.4734018715767734,True,3.4734018715767734
v3_sc3_staging_03,L4,4,19,separate,False,0,True,False,False,True,3.4734018715767734,True,3.4734018715767734
v3_sc3_staging_03,L4,4,19,joint,False,0,True,False,False,True,3.4734018715767734,True,3.4734018715767734
v3_sc3_staging_03,L4,4,19,oracle,False,0,True,False,False,True,3.4734018715767734,True,3.4734018715767734
v3_sc3_staging_03,L5,0,0,uncalibrated,False,0,False,False,False,False,nan,False,5.1313708498984765
v3_sc3_staging_03,L5,0,0,label_cell,False,0,False,False,False,False,nan,False,5.1313708498984765
v3_sc3_staging_03,L5,0,0,label_only,False,0,False,False,False,False,nan,False,5.1313708498984765
v3_sc3_staging_03,L5,0,0,pose_only,True,1,False,False,False,False,nan,False,5.1313708498984765
v3_sc3_staging_03,L5,0,0,separate,True,1,False,False,False,False,nan,False,5.1313708498984765
v3_sc3_staging_03,L5,0,0,joint,True,2,False,False,False,False,nan,False,5.1313708498984765
v3_sc3_staging_03,L5,0,0,oracle,False,0,True,False,False,True,5.1313708498984765,True,5.1313708498984765
v3_sc3_staging_03,L5,0,1,uncalibrated,False,0,False,False,False,False,nan,False,4.2778174593052025
v3_sc3_staging_03,L5,0,1,label_cell,False,0,False,False,False,False,nan,False,4.2778174593052025
v3_sc3_staging_03,L5,0,1,label_only,False,0,False,False,False,False,nan,False,4.2778174593052025
v3_sc3_staging_03,L5,0,1,pose_only,True,1,False,False,False,False,nan,False,4.2778174593052025
v3_sc3_staging_03,L5,0,1,separate,True,1,False,False,False,False,nan,False,4.2778174593052025
v3_sc3_staging_03,L5,0,1,joint,True,2,False,False,False,False,nan,False,4.2778174593052025
v3_sc3_staging_03,L5,0,1,oracle,False,0,True,False,False,True,4.2778174593052025,True,4.2778174593052025
v3_sc3_staging_03,L5,0,2,uncalibrated,False,0,False,False,False,False,nan,False,3.9734018715767734
v3_sc3_staging_03,L5,0,2,label_cell,False,0,False,False,False,False,nan,False,3.9734018715767734
v3_sc3_staging_03,L5,0,2,label_only,False,0,False,False,False,False,nan,False,3.9734018715767734
v3_sc3_staging_03,L5,0,2,pose_only,True,1,False,False,False,False,nan,False,3.9734018715767734
v3_sc3_staging_03,L5,0,2,separate,True,1,False,False,False,False,nan,False,3.9734018715767734
v3_sc3_staging_03,L5,0,2,joint,True,2,False,False,False,False,nan,False,3.9734018715767734
v3_sc3_staging_03,L5,0,2,oracle,False,0,True,False,False,True,3.9734018715767734,True,3.9734018715767734
v3_sc3_staging_03,L5,0,3,uncalibrated,False,0,False,False,False,False,nan,False,nan
v3_sc3_staging_03,L5,0,3,label_cell,False,0,False,False,False,False,nan,False,nan
v3_sc3_staging_03,L5,0,3,label_only,False,0,False,False,False,False,nan,False,nan
v3_sc3_staging_03,L5,0,3,pose_only,True,1,False,False,False,False,nan,False,nan
v3_sc3_staging_03,L5,0,3,separate,True,1,False,False,False,False,nan,False,nan
v3_sc3_staging_03,L5,0,3,joint,True,2,False,False,False,False,nan,False,nan
v3_sc3_staging_03,L5,0,3,oracle,False,0,False,False,False,False,nan,False,nan
v3_sc3_staging_03,L5,0,4,uncalibrated,False,0,False,False,False,False,nan,False,3.3485281374238562
v3_sc3_staging_03,L5,0,4,label_cell,False,0,False,False,False,False,nan,False,3.3485281374238562
v3_sc3_staging_03,L5,0,4,label_only,False,0,False,False,False,False,nan,False,3.3485281374238562
v3_sc3_staging_03,L5,0,4,pose_only,True,1,False,False,False,False,nan,False,3.3485281374238562
v3_sc3_staging_03,L5,0,4,separate,True,1,False,False,False,False,nan,False,3.3485281374238562
v3_sc3_staging_03,L5,0,4,joint,True,2,False,False,False,False,nan,False,3.3485281374238562
v3_sc3_staging_03,L5,0,4,oracle,False,0,True,False,False,True,3.3485281374238562,True,3.3485281374238562
v3_sc3_staging_03,L5,0,5,uncalibrated,False,0,False,False,False,False,nan,False,5.754163056034262
v3_sc3_staging_03,L5,0,5,label_cell,False,0,False,False,False,False,nan,False,5.754163056034262
v3_sc3_staging_03,L5,0,5,label_only,False,0,False,False,False,False,nan,False,5.754163056034262
v3_sc3_staging_03,L5,0,5,pose_only,True,1,False,False,False,False,nan,False,5.754163056034262
v3_sc3_staging_03,L5,0,5,separate,True,1,False,False,False,False,nan,False,5.754163056034262
v3_sc3_staging_03,L5,0,5,joint,True,2,False,False,False,False,nan,False,5.754163056034262
v3_sc3_staging_03,L5,0,5,oracle,False,0,True,False,False,True,5.754163056034262,True,5.754163056034262
v3_sc3_staging_03,L5,0,6,uncalibrated,False,0,False,False,False,False,nan,False,7.003300858899111
v3_sc3_staging_03,L5,0,6,label_cell,False,0,False,False,False,False,nan,False,7.003300858899111
v3_sc3_staging_03,L5,0,6,label_only,False,0,False,False,False,False,nan,False,7.003300858899111
v3_sc3_staging_03,L5,0,6,pose_only,True,1,False,False,False,False,nan,False,7.003300858899111
v3_sc3_staging_03,L5,0,6,separate,True,1,False,False,False,False,nan,False,7.003300858899111
v3_sc3_staging_03,L5,0,6,joint,True,2,False,False,False,False,nan,False,7.003300858899111
v3_sc3_staging_03,L5,0,6,oracle,False,0,True,False,False,True,7.003300858899111,True,7.003300858899111
v3_sc3_staging_03,L5,0,7,uncalibrated,False,0,False,False,False,False,nan,False,6.304163056034262
v3_sc3_staging_03,L5,0,7,label_cell,False,0,False,False,False,False,nan,False,6.304163056034262
v3_sc3_staging_03,L5,0,7,label_only,False,0,False,False,False,False,nan,False,6.304163056034262
v3_sc3_staging_03,L5,0,7,pose_only,True,1,False,False,False,False,nan,False,6.304163056034262
v3_sc3_staging_03,L5,0,7,separate,True,1,False,False,False,False,nan,False,6.304163056034262
v3_sc3_staging_03,L5,0,7,joint,True,2,False,False,False,False,nan,False,6.304163056034262
v3_sc3_staging_03,L5,0,7,oracle,False,0,True,False,False,True,6.304163056034262,True,6.304163056034262
v3_sc3_staging_03,L5,0,8,uncalibrated,False,0,False,False,False,False,nan,False,6.976345596729058
v3_sc3_staging_03,L5,0,8,label_cell,False,0,False,False,False,False,nan,False,6.976345596729058
v3_sc3_staging_03,L5,0,8,label_only,False,0,False,False,False,False,nan,False,6.976345596729058
v3_sc3_staging_03,L5,0,8,pose_only,True,1,False,False,False,False,nan,False,6.976345596729058
v3_sc3_staging_03,L5,0,8,separate,True,1,False,False,False,False,nan,False,6.976345596729058
v3_sc3_staging_03,L5,0,8,joint,True,2,False,False,False,False,nan,False,6.976345596729058
v3_sc3_staging_03,L5,0,8,oracle,False,0,True,False,False,True,6.976345596729058,True,6.976345596729058
v3_sc3_staging_03,L5,0,9,uncalibrated,False,0,False,False,False,False,nan,False,4.814213562373095
v3_sc3_staging_03,L5,0,9,label_cell,False,0,False,False,False,False,nan,False,4.814213562373095
v3_sc3_staging_03,L5,0,9,label_only,False,0,False,False,False,False,nan,False,4.814213562373095
v3_sc3_staging_03,L5,0,9,pose_only,True,1,False,False,False,False,nan,False,4.814213562373095
v3_sc3_staging_03,L5,0,9,separate,True,1,False,False,False,False,nan,False,4.814213562373095
v3_sc3_staging_03,L5,0,9,joint,True,2,False,False,False,False,nan,False,4.814213562373095
v3_sc3_staging_03,L5,0,9,oracle,False,0,True,False,False,True,4.814213562373095,True,4.814213562373095
v3_sc3_staging_03,L5,0,10,uncalibrated,False,0,False,False,False,False,nan,False,5.047056274847715
v3_sc3_staging_03,L5,0,10,label_cell,False,0,False,False,False,False,nan,False,5.047056274847715
v3_sc3_staging_03,L5,0,10,label_only,False,0,False,False,False,False,nan,False,5.047056274847715
v3_sc3_staging_03,L5,0,10,pose_only,True,1,False,False,False,False,nan,False,5.047056274847715
v3_sc3_staging_03,L5,0,10,separate,True,1,False,False,False,False,nan,False,5.047056274847715
v3_sc3_staging_03,L5,0,10,joint,True,2,False,False,False,False,nan,False,5.047056274847715
v3_sc3_staging_03,L5,0,10,oracle,False,0,True,False,False,True,5.047056274847715,True,5.047056274847715
v3_sc3_staging_03,L5,0,11,uncalibrated,False,0,False,False,False,False,nan,False,4.048528137423857
v3_sc3_staging_03,L5,0,11,label_cell,False,0,False,False,False,False,nan,False,4.048528137423857
v3_sc3_staging_03,L5,0,11,label_only,False,0,False,False,False,False,nan,False,4.048528137423857
v3_sc3_staging_03,L5,0,11,pose_only,True,1,False,False,False,False,nan,False,4.048528137423857
v3_sc3_staging_03,L5,0,11,separate,True,1,False,False,False,False,nan,False,4.048528137423857
v3_sc3_staging_03,L5,0,11,joint,True,2,False,False,False,False,nan,False,4.048528137423857
v3_sc3_staging_03,L5,0,11,oracle,False,0,True,False,False,True,4.048528137423857,True,4.048528137423857
v3_sc3_staging_03,L5,0,12,uncalibrated,False,0,False,False,False,False,nan,False,5.893502884254441
v3_sc3_staging_03,L5,0,12,label_cell,False,0,False,False,False,False,nan,False,5.893502884254441
v3_sc3_staging_03,L5,0,12,label_only,False,0,False,False,False,False,nan,False,5.893502884254441
v3_sc3_staging_03,L5,0,12,pose_only,True,1,False,False,False,False,nan,False,5.893502884254441
v3_sc3_staging_03,L5,0,12,separate,True,1,False,False,False,False,nan,False,5.893502884254441
v3_sc3_staging_03,L5,0,12,joint,True,2,False,False,False,False,nan,False,5.893502884254441
v3_sc3_staging_03,L5,0,12,oracle,False,0,True,False,False,True,5.893502884254441,True,5.893502884254441
v3_sc3_staging_03,L5,0,13,uncalibrated,False,0,False,False,False,False,nan,False,4.204163056034262
v3_sc3_staging_03,L5,0,13,label_cell,False,0,False,False,False,False,nan,False,4.204163056034262
v3_sc3_staging_03,L5,0,13,label_only,False,0,False,False,False,False,nan,False,4.204163056034262
v3_sc3_staging_03,L5,0,13,pose_only,True,1,False,False,False,False,nan,False,4.204163056034262
v3_sc3_staging_03,L5,0,13,separate,True,1,False,False,False,False,nan,False,4.204163056034262
v3_sc3_staging_03,L5,0,13,joint,True,2,False,False,False,False,nan,False,4.204163056034262
v3_sc3_staging_03,L5,0,13,oracle,False,0,True,False,False,True,4.204163056034262,True,4.204163056034262
v3_sc3_staging_03,L5,0,14,uncalibrated,False,0,False,False,False,False,nan,False,3.3091883092036785
v3_sc3_staging_03,L5,0,14,label_cell,False,0,False,False,False,False,nan,False,3.3091883092036785
v3_sc3_staging_03,L5,0,14,label_only,False,0,False,False,False,False,nan,False,3.3091883092036785
v3_sc3_staging_03,L5,0,14,pose_only,True,1,False,False,False,False,nan,False,3.3091883092036785
v3_sc3_staging_03,L5,0,14,separate,True,1,False,False,False,False,nan,False,3.3091883092036785
v3_sc3_staging_03,L5,0,14,joint,True,2,False,False,False,False,nan,False,3.3091883092036785
v3_sc3_staging_03,L5,0,14,oracle,False,0,True,False,False,True,3.3091883092036785,True,3.3091883092036785
v3_sc3_staging_03,L5,0,15,uncalibrated,False,0,False,False,False,False,nan,False,7.815432893255076
v3_sc3_staging_03,L5,0,15,label_cell,False,0,False,False,False,False,nan,False,7.815432893255076
v3_sc3_staging_03,L5,0,15,label_only,False,0,False,False,False,False,nan,False,7.815432893255076
v3_sc3_staging_03,L5,0,15,pose_only,True,1,False,False,False,False,nan,False,7.815432893255076
v3_sc3_staging_03,L5,0,15,separate,True,1,False,False,False,False,nan,False,7.815432893255076
v3_sc3_staging_03,L5,0,15,joint,True,2,False,False,False,False,nan,False,7.815432893255076
v3_sc3_staging_03,L5,0,15,oracle,False,0,True,False,False,True,7.815432893255076,True,7.815432893255076
v3_sc3_staging_03,L5,0,16,uncalibrated,False,0,False,False,False,False,nan,False,6.892031021678301
v3_sc3_staging_03,L5,0,16,label_cell,False,0,False,False,False,False,nan,False,6.892031021678301
v3_sc3_staging_03,L5,0,16,label_only,False,0,False,False,False,False,nan,False,6.892031021678301
v3_sc3_staging_03,L5,0,16,pose_only,True,1,False,False,False,False,nan,False,6.892031021678301
v3_sc3_staging_03,L5,0,16,separate,True,1,False,False,False,False,nan,False,6.892031021678301
v3_sc3_staging_03,L5,0,16,joint,True,2,False,False,False,False,nan,False,6.892031021678301
v3_sc3_staging_03,L5,0,16,oracle,False,0,True,False,False,True,6.892031021678301,True,6.892031021678301
v3_sc3_staging_03,L5,0,17,uncalibrated,False,0,False,False,False,False,nan,False,4.88492424049175
v3_sc3_staging_03,L5,0,17,label_cell,False,0,False,False,False,False,nan,False,4.88492424049175
v3_sc3_staging_03,L5,0,17,label_only,False,0,False,False,False,False,nan,False,4.88492424049175
v3_sc3_staging_03,L5,0,17,pose_only,True,1,False,False,False,False,nan,False,4.88492424049175
v3_sc3_staging_03,L5,0,17,separate,True,1,False,False,False,False,nan,False,4.88492424049175
v3_sc3_staging_03,L5,0,17,joint,True,2,False,False,False,False,nan,False,4.88492424049175
v3_sc3_staging_03,L5,0,17,oracle,False,0,True,False,False,True,4.88492424049175,True,4.88492424049175
v3_sc3_staging_03,L5,0,18,uncalibrated,False,0,False,False,False,False,nan,False,4.578427124746191
v3_sc3_staging_03,L5,0,18,label_cell,False,0,False,False,False,False,nan,False,4.578427124746191
v3_sc3_staging_03,L5,0,18,label_only,False,0,False,False,False,False,nan,False,4.578427124746191
v3_sc3_staging_03,L5,0,18,pose_only,True,1,False,False,False,False,nan,False,4.578427124746191
v3_sc3_staging_03,L5,0,18,separate,True,1,False,False,False,False,nan,False,4.578427124746191
v3_sc3_staging_03,L5,0,18,joint,True,2,False,False,False,False,nan,False,4.578427124746191
v3_sc3_staging_03,L5,0,18,oracle,False,0,True,False,False,True,4.578427124746191,True,4.578427124746191
v3_sc3_staging_03,L5,0,19,uncalibrated,False,0,False,False,False,False,nan,False,3.7506096654409875
v3_sc3_staging_03,L5,0,19,label_cell,False,0,False,False,False,False,nan,False,3.7506096654409875
v3_sc3_staging_03,L5,0,19,label_only,False,0,False,False,False,False,nan,False,3.7506096654409875
v3_sc3_staging_03,L5,0,19,pose_only,True,1,False,False,False,False,nan,False,3.7506096654409875
v3_sc3_staging_03,L5,0,19,separate,True,1,False,False,False,False,nan,False,3.7506096654409875
v3_sc3_staging_03,L5,0,19,joint,True,2,False,False,False,False,nan,False,3.7506096654409875
v3_sc3_staging_03,L5,0,19,oracle,False,0,True,False,False,True,3.7506096654409875,True,3.7506096654409875
v3_sc3_staging_03,L5,1,0,uncalibrated,False,0,False,False,False,False,nan,False,5.065685424949239
v3_sc3_staging_03,L5,1,0,label_cell,False,0,False,False,False,False,nan,False,5.065685424949239
v3_sc3_staging_03,L5,1,0,label_only,False,0,False,False,False,False,nan,False,5.065685424949239
v3_sc3_staging_03,L5,1,0,pose_only,True,1,False,False,False,False,nan,False,5.065685424949239
v3_sc3_staging_03,L5,1,0,separate,True,1,False,False,False,False,nan,False,5.065685424949239
v3_sc3_staging_03,L5,1,0,joint,True,2,False,False,False,False,nan,False,5.065685424949239
v3_sc3_staging_03,L5,1,0,oracle,False,0,True,False,False,True,5.065685424949239,True,5.065685424949239
v3_sc3_staging_03,L5,1,1,uncalibrated,False,0,False,False,False,False,nan,False,4.364213562373094
v3_sc3_staging_03,L5,1,1,label_cell,False,0,False,False,False,False,nan,False,4.364213562373094
v3_sc3_staging_03,L5,1,1,label_only,False,0,False,False,False,False,nan,False,4.364213562373094
v3_sc3_staging_03,L5,1,1,pose_only,True,1,False,False,False,False,nan,False,4.364213562373094
v3_sc3_staging_03,L5,1,1,separate,True,1,False,False,False,False,nan,False,4.364213562373094
v3_sc3_staging_03,L5,1,1,joint,True,2,False,False,False,False,nan,False,4.364213562373094
v3_sc3_staging_03,L5,1,1,oracle,False,0,True,False,False,True,4.364213562373094,True,4.364213562373094
v3_sc3_staging_03,L5,1,2,uncalibrated,False,0,False,False,False,False,nan,False,3.797665940288702
v3_sc3_staging_03,L5,1,2,label_cell,False,0,False,False,False,False,nan,False,3.797665940288702
v3_sc3_staging_03,L5,1,2,label_only,False,0,False,False,False,False,nan,False,3.797665940288702
v3_sc3_staging_03,L5,1,2,pose_only,True,1,False,False,False,False,nan,False,3.797665940288702
v3_sc3_staging_03,L5,1,2,separate,True,1,False,False,False,False,nan,False,3.797665940288702
v3_sc3_staging_03,L5,1,2,joint,True,2,False,False,False,False,nan,False,3.797665940288702
v3_sc3_staging_03,L5,1,2,oracle,False,0,True,False,False,True,3.797665940288702,True,3.797665940288702
v3_sc3_staging_03,L5,1,3,uncalibrated,False,0,False,False,False,False,nan,False,6.387005768508882
v3_sc3_staging_03,L5,1,3,label_cell,False,0,False,False,False,False,nan,False,6.387005768508882
v3_sc3_staging_03,L5,1,3,label_only,False,0,False,False,False,False,nan,False,6.387005768508882
v3_sc3_staging_03,L5,1,3,pose_only,True,1,False,False,False,False,nan,False,6.387005768508882
v3_sc3_staging_03,L5,1,3,separate,True,1,False,False,False,False,nan,False,6.387005768508882
v3_sc3_staging_03,L5,1,3,joint,True,2,False,False,False,False,nan,False,6.387005768508882
v3_sc3_staging_03,L5,1,3,oracle,False,0,True,False,False,True,6.387005768508882,True,6.387005768508882
v3_sc3_staging_03,L5,1,4,uncalibrated,False,0,False,False,False,False,nan,False,3.3278174593052015
v3_sc3_staging_03,L5,1,4,label_cell,False,0,False,False,False,False,nan,False,3.3278174593052015
v3_sc3_staging_03,L5,1,4,label_only,False,0,False,False,False,False,nan,False,3.3278174593052015
v3_sc3_staging_03,L5,1,4,pose_only,True,1,False,False,False,False,nan,False,3.3278174593052015
v3_sc3_staging_03,L5,1,4,separate,True,1,False,False,False,False,nan,False,3.3278174593052015
v3_sc3_staging_03,L5,1,4,joint,True,2,False,False,False,False,nan,False,3.3278174593052015
v3_sc3_staging_03,L5,1,4,oracle,False,0,True,False,False,True,3.3278174593052015,True,3.3278174593052015
v3_sc3_staging_03,L5,1,5,uncalibrated,False,0,False,False,False,False,nan,False,5.740559159102155
v3_sc3_staging_03,L5,1,5,label_cell,False,0,False,False,False,False,nan,False,5.740559159102155
v3_sc3_staging_03,L5,1,5,label_only,False,0,False,False,False,False,nan,False,5.740559159102155
v3_sc3_staging_03,L5,1,5,pose_only,True,1,False,False,False,False,nan,False,5.740559159102155
v3_sc3_staging_03,L5,1,5,separate,True,1,False,False,False,False,nan,False,5.740559159102155
v3_sc3_staging_03,L5,1,5,joint,True,2,False,False,False,False,nan,False,5.740559159102155
v3_sc3_staging_03,L5,1,5,oracle,False,0,True,False,False,True,5.740559159102155,True,5.740559159102155
v3_sc3_staging_03,L5,1,6,uncalibrated,False,0,False,False,False,False,nan,False,7.096194077712562
v3_sc3_staging_03,L5,1,6,label_cell,False,0,False,False,False,False,nan,False,7.096194077712562
v3_sc3_staging_03,L5,1,6,label_only,False,0,False,False,False,False,nan,False,7.096194077712562
v3_sc3_staging_03,L5,1,6,pose_only,True,1,False,False,False,False,nan,False,7.096194077712562
v3_sc3_staging_03,L5,1,6,separate,True,1,False,False,False,False,nan,False,7.096194077712562
v3_sc3_staging_03,L5,1,6,joint,True,2,False,False,False,False,nan,False,7.096194077712562
v3_sc3_staging_03,L5,1,6,oracle,False,0,True,False,False,True,7.096194077712562,True,7.096194077712562
v3_sc3_staging_03,L5,1,7,uncalibrated,False,0,False,False,False,False,nan,False,6.323401871576774
v3_sc3_staging_03,L5,1,7,label_cell,False,0,False,False,False,False,nan,False,6.323401871576774
v3_sc3_staging_03,L5,1,7,label_only,False,0,False,False,False,False,nan,False,6.323401871576774
v3_sc3_staging_03,L5,1,7,pose_only,True,1,False,False,False,False,nan,False,6.323401871576774
v3_sc3_staging_03,L5,1,7,separate,True,1,False,False,False,False,nan,False,6.323401871576774
v3_sc3_staging_03,L5,1,7,joint,True,2,False,False,False,False,nan,False,6.323401871576774
v3_sc3_staging_03,L5,1,7,oracle,False,0,True,False,False,True,6.323401871576774,True,6.323401871576774
v3_sc3_staging_03,L5,1,8,uncalibrated,False,0,False,False,False,False,nan,False,7.095584412271575
v3_sc3_staging_03,L5,1,8,label_cell,False,0,False,False,False,False,nan,False,7.095584412271575
v3_sc3_staging_03,L5,1,8,label_only,False,0,False,False,False,False,nan,False,7.095584412271575
v3_sc3_staging_03,L5,1,8,pose_only,True,1,False,False,False,False,nan,False,7.095584412271575
v3_sc3_staging_03,L5,1,8,separate,True,1,False,False,False,False,nan,False,7.095584412271575
v3_sc3_staging_03,L5,1,8,joint,True,2,False,False,False,False,nan,False,7.095584412271575
v3_sc3_staging_03,L5,1,8,oracle,False,0,True,False,False,True,7.095584412271575,True,7.095584412271575
v3_sc3_staging_03,L5,1,9,uncalibrated,False,0,False,False,False,False,nan,False,4.769238815542511
v3_sc3_staging_03,L5,1,9,label_cell,False,0,False,False,False,False,nan,False,4.769238815542511
v3_sc3_staging_03,L5,1,9,label_only,False,0,False,False,False,False,nan,False,4.769238815542511
v3_sc3_staging_03,L5,1,9,pose_only,True,1,False,False,False,False,nan,False,4.769238815542511
v3_sc3_staging_03,L5,1,9,separate,True,1,False,False,False,False,nan,False,4.769238815542511
v3_sc3_staging_03,L5,1,9,joint,True,2,False,False,False,False,nan,False,4.769238815542511
v3_sc3_staging_03,L5,1,9,oracle,False,0,True,False,False,True,4.769238815542511,True,4.769238815542511
v3_sc3_staging_03,L5,1,10,uncalibrated,False,0,False,False,False,False,nan,False,5.072792206135786
v3_sc3_staging_03,L5,1,10,label_cell,False,0,False,False,False,False,nan,False,5.072792206135786
v3_sc3_staging_03,L5,1,10,label_only,False,0,False,False,False,False,nan,False,5.072792206135786
v3_sc3_staging_03,L5,1,10,pose_only,True,1,False,False,False,False,nan,False,5.072792206135786
v3_sc3_staging_03,L5,1,10,separate,True,1,False,False,False,False,nan,False,5.072792206135786
v3_sc3_staging_03,L5,1,10,joint,True,2,False,False,False,False,nan,False,5.072792206135786
v3_sc3_staging_03,L5,1,10,oracle,False,0,True,False,False,True,5.072792206135786,True,5.072792206135786
v3_sc3_staging_03,L5,1,11,uncalibrated,False,0,False,False,False,False,nan,False,3.9449747468305834
v3_sc3_staging_03,L5,1,11,label_cell,False,0,False,False,False,False,nan,False,3.9449747468305834
v3_sc3_staging_03,L5,1,11,label_only,False,0,False,False,False,False,nan,False,3.9449747468305834
v3_sc3_staging_03,L5,1,11,pose_only,True,1,False,False,False,False,nan,False,3.9449747468305834
v3_sc3_staging_03,L5,1,11,separate,True,1,False,False,False,False,nan,False,3.9449747468305834
v3_sc3_staging_03,L5,1,11,joint,True,2,False,False,False,False,nan,False,3.9449747468305834
v3_sc3_staging_03,L5,1,11,oracle,False,0,True,False,False,True,3.9449747468305834,True,3.9449747468305834
v3_sc3_staging_03,L5,1,12,uncalibrated,False,0,False,False,False,False,nan,False,5.979898987322333
v3_sc3_staging_03,L5,1,12,label_cell,False,0,False,False,False,False,nan,False,5.979898987322333
v3_sc3_staging_03,L5,1,12,label_only,False,0,False,False,False,False,nan,False,5.979898987322333
v3_sc3_staging_03,L5,1,12,pose_only,True,1,False,False,False,False,nan,False,5.979898987322333
v3_sc3_staging_03,L5,1,12,separate,True,1,False,False,False,False,nan,False,5.979898987322333
v3_sc3_staging_03,L5,1,12,joint,True,2,False,False,False,False,nan,False,5.979898987322333
v3_sc3_staging_03,L5,1,12,oracle,False,0,True,False,False,True,5.979898987322333,True,5.979898987322333
v3_sc3_staging_03,L5,1,13,uncalibrated,False,0,False,False,False,False,nan,False,4.188477631085023
v3_sc3_staging_03,L5,1,13,label_cell,False,0,False,False,False,False,nan,False,4.188477631085023
v3_sc3_staging_03,L5,1,13,label_only,False,0,False,False,False,False,nan,False,4.188477631085023
v3_sc3_staging_03,L5,1,13,pose_only,True,1,False,False,False,False,nan,False,4.188477631085023
v3_sc3_staging_03,L5,1,13,separate,True,1,False,False,False,False,nan,False,4.188477631085023
v3_sc3_staging_03,L5,1,13,joint,True,2,False,False,False,False,nan,False,4.188477631085023
v3_sc3_staging_03,L5,1,13,oracle,False,0,True,False,False,True,4.188477631085023,True,4.188477631085023
v3_sc3_staging_03,L5,1,14,uncalibrated,False,0,False,False,False,False,nan,False,3.3006096654409873
v3_sc3_staging_03,L5,1,14,label_cell,False,0,False,False,False,False,nan,False,3.3006096654409873
v3_sc3_staging_03,L5,1,14,label_only,False,0,False,False,False,False,nan,False,3.3006096654409873
v3_sc3_staging_03,L5,1,14,pose_only,True,1,False,False,False,False,nan,False,3.3006096654409873
v3_sc3_staging_03,L5,1,14,separate,True,1,False,False,False,False,nan,False,3.3006096654409873
v3_sc3_staging_03,L5,1,14,joint,True,2,False,False,False,False,nan,False,3.3006096654409873
v3_sc3_staging_03,L5,1,14,oracle,False,0,True,False,False,True,3.3006096654409873,True,3.3006096654409873
v3_sc3_staging_03,L5,1,15,uncalibrated,False,0,False,False,False,False,nan,False,7.896194077712559
v3_sc3_staging_03,L5,1,15,label_cell,False,0,False,False,False,False,nan,False,7.896194077712559
v3_sc3_staging_03,L5,1,15,label_only,False,0,False,False,False,False,nan,False,7.896194077712559
v3_sc3_staging_03,L5,1,15,pose_only,True,1,False,False,False,False,nan,False,7.896194077712559
v3_sc3_staging_03,L5,1,15,separate,True,1,False,False,False,False,nan,False,7.896194077712559
v3_sc3_staging_03,L5,1,15,joint,True,2,False,False,False,False,nan,False,7.896194077712559
v3_sc3_staging_03,L5,1,15,oracle,False,0,True,False,False,True,7.896194077712559,True,7.896194077712559
v3_sc3_staging_03,L5,1,16,uncalibrated,False,0,False,False,False,False,nan,False,7.040559159102156
v3_sc3_staging_03,L5,1,16,label_cell,False,0,False,False,False,False,nan,False,7.040559159102156
v3_sc3_staging_03,L5,1,16,label_only,False,0,False,False,False,False,nan,False,7.040559159102156
v3_sc3_staging_03,L5,1,16,pose_only,True,1,False,False,False,False,nan,False,7.040559159102156
v3_sc3_staging_03,L5,1,16,separate,True,1,False,False,False,False,nan,False,7.040559159102156
v3_sc3_staging_03,L5,1,16,joint,True,2,False,False,False,False,nan,False,7.040559159102156
v3_sc3_staging_03,L5,1,16,oracle,False,0,True,False,False,True,7.040559159102156,True,7.040559159102156
v3_sc3_staging_03,L5,1,17,uncalibrated,False,0,False,False,False,False,nan,False,4.831370849898476
v3_sc3_staging_03,L5,1,17,label_cell,False,0,False,False,False,False,nan,False,4.831370849898476
v3_sc3_staging_03,L5,1,17,label_only,False,0,False,False,False,False,nan,False,4.831370849898476
v3_sc3_staging_03,L5,1,17,pose_only,True,1,False,False,False,False,nan,False,4.831370849898476
v3_sc3_staging_03,L5,1,17,separate,True,1,False,False,False,False,nan,False,4.831370849898476
v3_sc3_staging_03,L5,1,17,joint,True,2,False,False,False,False,nan,False,4.831370849898476
v3_sc3_staging_03,L5,1,17,oracle,False,0,True,False,False,True,4.831370849898476,True,4.831370849898476
v3_sc3_staging_03,L5,1,18,uncalibrated,False,0,False,False,False,False,nan,False,4.592031021678297
v3_sc3_staging_03,L5,1,18,label_cell,False,0,False,False,False,False,nan,False,4.592031021678297
v3_sc3_staging_03,L5,1,18,label_only,False,0,False,False,False,False,nan,False,4.592031021678297
v3_sc3_staging_03,L5,1,18,pose_only,True,1,False,False,False,False,nan,False,4.592031021678297
v3_sc3_staging_03,L5,1,18,separate,True,1,False,False,False,False,nan,False,4.592031021678297
v3_sc3_staging_03,L5,1,18,joint,True,2,False,False,False,False,nan,False,4.592031021678297
v3_sc3_staging_03,L5,1,18,oracle,False,0,True,False,False,True,4.592031021678297,True,4.592031021678297
v3_sc3_staging_03,L5,1,19,uncalibrated,False,0,False,False,False,False,nan,False,3.716295090390225
v3_sc3_staging_03,L5,1,19,label_cell,False,0,False,False,False,False,nan,False,3.716295090390225
v3_sc3_staging_03,L5,1,19,label_only,False,0,False,False,False,False,nan,False,3.716295090390225
v3_sc3_staging_03,L5,1,19,pose_only,True,1,False,False,False,False,nan,False,3.716295090390225
v3_sc3_staging_03,L5,1,19,separate,True,1,False,False,False,False,nan,False,3.716295090390225
v3_sc3_staging_03,L5,1,19,joint,True,2,False,False,False,False,nan,False,3.716295090390225
v3_sc3_staging_03,L5,1,19,oracle,False,0,True,False,False,True,3.716295090390225,True,3.716295090390225
v3_sc3_staging_03,L5,2,0,uncalibrated,False,0,False,False,False,False,nan,False,5.1606601717798215
v3_sc3_staging_03,L5,2,0,label_cell,False,0,False,False,False,False,nan,False,5.1606601717798215
v3_sc3_staging_03,L5,2,0,label_only,False,0,False,False,False,False,nan,False,5.1606601717798215
v3_sc3_staging_03,L5,2,0,pose_only,True,1,False,False,False,False,nan,False,5.1606601717798215
v3_sc3_staging_03,L5,2,0,separate,True,1,False,False,False,False,nan,False,5.1606601717798215
v3_sc3_staging_03,L5,2,0,joint,True,2,False,False,False,False,nan,False,5.1606601717798215
v3_sc3_staging_03,L5,2,0,oracle,False,0,True,False,False,True,5.1606601717798215,True,5.1606601717798215
v3_sc3_staging_03,L5,2,1,uncalibrated,False,0,False,False,False,False,nan,False,4.412741699796952
v3_sc3_staging_03,L5,2,1,label_cell,False,0,False,False,False,False,nan,False,4.412741699796952
v3_sc3_staging_03,L5,2,1,label_only,False,0,False,False,False,False,nan,False,4.412741699796952
v3_sc3_staging_03,L5,2,1,pose_only,True,1,False,False,False,False,nan,False,4.412741699796952
v3_sc3_staging_03,L5,2,1,separate,True,1,False,False,False,False,nan,False,4.412741699796952
v3_sc3_staging_03,L5,2,1,joint,True,2,False,False,False,False,nan,False,4.412741699796952
v3_sc3_staging_03,L5,2,1,oracle,False,0,True,False,False,True,4.412741699796952,True,4.412741699796952
v3_sc3_staging_03,L5,2,2,uncalibrated,False,0,False,False,False,False,nan,False,3.9234018715767736
v3_sc3_staging_03,L5,2,2,label_cell,False,0,False,False,False,False,nan,False,3.9234018715767736
v3_sc3_staging_03,L5,2,2,label_only,False,0,False,False,False,False,nan,False,3.9234018715767736
v3_sc3_staging_03,L5,2,2,pose_only,True,1,False,False,False,False,nan,False,3.9234018715767736
v3_sc3_staging_03,L5,2,2,separate,True,1,False,False,False,False,nan,False,3.9234018715767736
v3_sc3_staging_03,L5,2,2,joint,True,2,False,False,False,False,nan,False,3.9234018715767736
v3_sc3_staging_03,L5,2,2,oracle,False,0,True,False,False,True,3.9234018715767736,True,3.9234018715767736
v3_sc3_staging_03,L5,2,3,uncalibrated,False,0,False,False,False,False,nan,False,nan
v3_sc3_staging_03,L5,2,3,label_cell,False,0,False,False,False,False,nan,False,nan
v3_sc3_staging_03,L5,2,3,label_only,False,0,False,False,False,False,nan,False,nan
v3_sc3_staging_03,L5,2,3,pose_only,True,1,False,False,False,False,nan,False,nan
v3_sc3_staging_03,L5,2,3,separate,True,1,False,False,False,False,nan,False,nan
v3_sc3_staging_03,L5,2,3,joint,True,2,False,False,False,False,nan,False,nan
v3_sc3_staging_03,L5,2,3,oracle,False,0,False,False,False,False,nan,False,nan
v3_sc3_staging_03,L5,2,4,uncalibrated,False,0,False,False,False,False,nan,False,3.339949493661167
v3_sc3_staging_03,L5,2,4,label_cell,False,0,False,False,False,False,nan,False,3.339949493661167
v3_sc3_staging_03,L5,2,4,label_only,False,0,False,False,False,False,nan,False,3.339949493661167
v3_sc3_staging_03,L5,2,4,pose_only,True,1,False,False,False,False,nan,False,3.339949493661167
v3_sc3_staging_03,L5,2,4,separate,True,1,False,False,False,False,nan,False,3.339949493661167
v3_sc3_staging_03,L5,2,4,joint,True,2,False,False,False,False,nan,False,3.339949493661167
v3_sc3_staging_03,L5,2,4,oracle,False,0,True,False,False,True,3.339949493661167,True,3.339949493661167
v3_sc3_staging_03,L5,2,5,uncalibrated,False,0,False,False,False,False,nan,False,5.618376618407358
v3_sc3_staging_03,L5,2,5,label_cell,False,0,False,False,False,False,nan,False,5.618376618407358
v3_sc3_staging_03,L5,2,5,label_only,False,0,False,False,False,False,nan,False,5.618376618407358
v3_sc3_staging_03,L5,2,5,pose_only,True,1,False,False,False,False,nan,False,5.618376618407358
v3_sc3_staging_03,L5,2,5,separate,True,1,False,False,False,False,nan,False,5.618376618407358
v3_sc3_staging_03,L5,2,5,joint,True,2,False,False,False,False,nan,False,5.618376618407358
v3_sc3_staging_03,L5,2,5,oracle,False,0,True,False,False,True,5.618376618407358,True,5.618376618407358
v3_sc3_staging_03,L5,2,6,uncalibrated,False,0,False,False,False,False,nan,False,7.0941125496954305
v3_sc3_staging_03,L5,2,6,label_cell,False,0,False,False,False,False,nan,False,7.0941125496954305
v3_sc3_staging_03,L5,2,6,label_only,False,0,False,False,False,False,nan,False,7.0941125496954305
v3_sc3_staging_03,L5,2,6,pose_only,True,1,False,False,False,False,nan,False,7.0941125496954305
v3_sc3_staging_03,L5,2,6,separate,True,1,False,False,False,False,nan,False,7.0941125496954305
v3_sc3_staging_03,L5,2,6,joint,True,2,False,False,False,False,nan,False,7.0941125496954305
v3_sc3_staging_03,L5,2,6,oracle,False,0,True,False,False,True,7.0941125496954305,True,7.0941125496954305
v3_sc3_staging_03,L5,2,7,uncalibrated,False,0,False,False,False,False,nan,False,6.3219300090006305
v3_sc3_staging_03,L5,2,7,label_cell,False,0,False,False,False,False,nan,False,6.3219300090006305
v3_sc3_staging_03,L5,2,7,label_only,False,0,False,False,False,False,nan,False,6.3219300090006305
v3_sc3_staging_03,L5,2,7,pose_only,True,1,False,False,False,False,nan,False,6.3219300090006305
v3_sc3_staging_03,L5,2,7,separate,True,1,False,False,False,False,nan,False,6.3219300090006305
v3_sc3_staging_03,L5,2,7,joint,True,2,False,False,False,False,nan,False,6.3219300090006305
v3_sc3_staging_03,L5,2,7,oracle,False,0,True,False,False,True,6.3219300090006305,True,6.3219300090006305
v3_sc3_staging_03,L5,2,8,uncalibrated,False,0,False,False,False,False,nan,False,7.147665940288704
v3_sc3_staging_03,L5,2,8,label_cell,False,0,False,False,False,False,nan,False,7.147665940288704
v3_sc3_staging_03,L5,2,8,label_only,False,0,False,False,False,False,nan,False,7.147665940288704
v3_sc3_staging_03,L5,2,8,pose_only,True,1,False,False,False,False,nan,False,7.147665940288704
v3_sc3_staging_03,L5,2,8,separate,True,1,False,False,False,False,nan,False,7.147665940288704
v3_sc3_staging_03,L5,2,8,joint,True,2,False,False,False,False,nan,False,7.147665940288704
v3_sc3_staging_03,L5,2,8,oracle,False,0,True,False,False,True,7.147665940288704,True,7.147665940288704
v3_sc3_staging_03,L5,2,9,uncalibrated,False,0,False,False,False,False,nan,False,4.636396103067893
v3_sc3_staging_03,L5,2,9,label_cell,False,0,False,False,False,False,nan,False,4.636396103067893
v3_sc3_staging_03,L5,2,9,label_only,False,0,False,False,False,False,nan,False,4.636396103067893
v3_sc3_staging_03,L5,2,9,pose_only,True,1,False,False,False,False,nan,False,4.636396103067893
v3_sc3_staging_03,L5,2,9,separate,True,1,False,False,False,False,nan,False,4.636396103067893
v3_sc3_staging_03,L5,2,9,joint,True,2,False,False,False,False,nan,False,4.636396103067893
v3_sc3_staging_03,L5,2,9,oracle,False,0,True,False,False,True,4.636396103067893,True,4.636396103067893
v3_sc3_staging_03,L5,2,10,uncalibrated,False,0,False,False,False,False,nan,False,5.134924240491751
v3_sc3_staging_03,L5,2,10,label_cell,False,0,False,False,False,False,nan,False,5.134924240491751
v3_sc3_staging_03,L5,2,10,label_only,False,0,False,False,False,False,nan,False,5.134924240491751
v3_sc3_staging_03,L5,2,10,pose_only,True,1,False,False,False,False,nan,False,5.134924240491751
v3_sc3_staging_03,L5,2,10,separate,True,1,False,False,False,False,nan,False,5.134924240491751
v3_sc3_staging_03,L5,2,10,joint,True,2,False,False,False,False,nan,False,5.134924240491751
v3_sc3_staging_03,L5,2,10,oracle,False,0,True,False,False,True,5.134924240491751,True,5.134924240491751
v3_sc3_staging_03,L5,2,11,uncalibrated,False,0,False,False,False,False,nan,False,4.081370849898477
v3_sc3_staging_03,L5,2,11,label_cell,False,0,False,False,False,False,nan,False,4.081370849898477
v3_sc3_staging_03,L5,2,11,label_only,False,0,False,False,False,False,nan,False,4.081370849898477
v3_sc3_staging_03,L5,2,11,pose_only,True,1,False,False,False,False,nan,False,4.081370849898477
v3_sc3_staging_03,L5,2,11,separate,True,1,False,False,False,False,nan,False,4.081370849898477
v3_sc3_staging_03,L5,2,11,joint,True,2,False,False,False,False,nan,False,4.081370849898477
v3_sc3_staging_03,L5,2,11,oracle,False,0,True,False,False,True,4.081370849898477,True,4.081370849898477
v3_sc3_staging_03,L5,2,12,uncalibrated,False,0,False,False,False,False,nan,False,6.0405591591021555
v3_sc3_staging_03,L5,2,12,label_cell,False,0,False,False,False,False,nan,False,6.0405591591021555
v3_sc3_staging_03,L5,2,12,label_only,False,0,False,False,False,False,nan,False,6.0405591591021555
v3_sc3_staging_03,L5,2,12,pose_only,True,1,False,False,False,False,nan,False,6.0405591591021555
v3_sc3_staging_03,L5,2,12,separate,True,1,False,False,False,False,nan,False,6.0405591591021555
v3_sc3_staging_03,L5,2,12,joint,True,2,False,False,False,False,nan,False,6.0405591591021555
v3_sc3_staging_03,L5,2,12,oracle,False,0,True,False,False,True,6.0405591591021555,True,6.0405591591021555
v3_sc3_staging_03,L5,2,13,uncalibrated,False,0,False,False,False,False,nan,False,4.1313708498984765
v3_sc3_staging_03,L5,2,13,label_cell,False,0,False,False,False,False,nan,False,4.1313708498984765
v3_sc3_staging_03,L5,2,13,label_only,False,0,False,False,False,False,nan,False,4.1313708498984765
v3_sc3_staging_03,L5,2,13,pose_only,True,1,False,False,False,False,nan,False,4.1313708498984765
v3_sc3_staging_03,L5,2,13,separate,True,1,False,False,False,False,nan,False,4.1313708498984765
v3_sc3_staging_03,L5,2,13,joint,True,2,False,False,False,False,nan,False,4.1313708498984765
v3_sc3_staging_03,L5,2,13,oracle,False,0,True,False,False,True,4.1313708498984765,True,4.1313708498984765
v3_sc3_staging_03,L5,2,14,uncalibrated,False,0,False,False,False,False,nan,False,3.183452377915607
v3_sc3_staging_03,L5,2,14,label_cell,False,0,False,False,False,False,nan,False,3.183452377915607
v3_sc3_staging_03,L5,2,14,label_only,False,0,False,False,False,False,nan,False,3.183452377915607
v3_sc3_staging_03,L5,2,14,pose_only,True,1,False,False,False,False,nan,False,3.183452377915607
v3_sc3_staging_03,L5,2,14,separate,True,1,False,False,False,False,nan,False,3.183452377915607
v3_sc3_staging_03,L5,2,14,joint,True,2,False,False,False,False,nan,False,3.183452377915607
v3_sc3_staging_03,L5,2,14,oracle,False,0,True,False,False,True,3.183452377915607,True,3.183452377915607
v3_sc3_staging_03,L5,2,15,uncalibrated,False,0,False,False,False,False,nan,False,7.894112549695428
v3_sc3_staging_03,L5,2,15,label_cell,False,0,False,False,False,False,nan,False,7.894112549695428
v3_sc3_staging_03,L5,2,15,label_only,False,0,False,False,False,False,nan,False,7.894112549695428
v3_sc3_staging_03,L5,2,15,pose_only,True,1,False,False,False,False,nan,False,7.894112549695428
v3_sc3_staging_03,L5,2,15,separate,True,1,False,False,False,False,nan,False,7.894112549695428
v3_sc3_staging_03,L5,2,15,joint,True,2,False,False,False,False,nan,False,7.894112549695428
v3_sc3_staging_03,L5,2,15,oracle,False,0,True,False,False,True,7.894112549695428,True,7.894112549695428
v3_sc3_staging_03,L5,2,16,uncalibrated,False,0,False,False,False,False,nan,False,6.951219330881978
v3_sc3_staging_03,L5,2,16,label_cell,False,0,False,False,False,False,nan,False,6.951219330881978
v3_sc3_staging_03,L5,2,16,label_only,False,0,False,False,False,False,nan,False,6.951219330881978
v3_sc3_staging_03,L5,2,16,pose_only,True,1,False,False,False,False,nan,False,6.951219330881978
v3_sc3_staging_03,L5,2,16,separate,True,1,False,False,False,False,nan,False,6.951219330881978
v3_sc3_staging_03,L5,2,16,joint,True,2,False,False,False,False,nan,False,6.951219330881978
v3_sc3_staging_03,L5,2,16,oracle,False,0,True,False,False,True,6.951219330881978,True,6.951219330881978
v3_sc3_staging_03,L5,2,17,uncalibrated,False,0,False,False,False,False,nan,False,4.727817459305203
v3_sc3_staging_03,L5,2,17,label_cell,False,0,False,False,False,False,nan,False,4.727817459305203
v3_sc3_staging_03,L5,2,17,label_only,False,0,False,False,False,False,nan,False,4.727817459305203
v3_sc3_staging_03,L5,2,17,pose_only,True,1,False,False,False,False,nan,False,4.727817459305203
v3_sc3_staging_03,L5,2,17,separate,True,1,False,False,False,False,nan,False,4.727817459305203
v3_sc3_staging_03,L5,2,17,joint,True,2,False,False,False,False,nan,False,4.727817459305203
v3_sc3_staging_03,L5,2,17,oracle,False,0,True,False,False,True,4.727817459305203,True,4.727817459305203
v3_sc3_staging_03,L5,2,18,uncalibrated,False,0,False,False,False,False,nan,False,4.58492424049175
v3_sc3_staging_03,L5,2,18,label_cell,False,0,False,False,False,False,nan,False,4.58492424049175
v3_sc3_staging_03,L5,2,18,label_only,False,0,False,False,False,False,nan,False,4.58492424049175
v3_sc3_staging_03,L5,2,18,pose_only,True,1,False,False,False,False,nan,False,4.58492424049175
v3_sc3_staging_03,L5,2,18,separate,True,1,False,False,False,False,nan,False,4.58492424049175
v3_sc3_staging_03,L5,2,18,joint,True,2,False,False,False,False,nan,False,4.58492424049175
v3_sc3_staging_03,L5,2,18,oracle,False,0,True,False,False,True,4.58492424049175,True,4.58492424049175
v3_sc3_staging_03,L5,2,19,uncalibrated,False,0,False,False,False,False,nan,False,3.5526911934581182
v3_sc3_staging_03,L5,2,19,label_cell,False,0,False,False,False,False,nan,False,3.5526911934581182
v3_sc3_staging_03,L5,2,19,label_only,False,0,False,False,False,False,nan,False,3.5526911934581182
v3_sc3_staging_03,L5,2,19,pose_only,True,1,False,False,False,False,nan,False,3.5526911934581182
v3_sc3_staging_03,L5,2,19,separate,True,1,False,False,False,False,nan,False,3.5526911934581182
v3_sc3_staging_03,L5,2,19,joint,True,2,False,False,False,False,nan,False,3.5526911934581182
v3_sc3_staging_03,L5,2,19,oracle,False,0,True,False,False,True,3.5526911934581182,True,3.5526911934581182
v3_sc3_staging_03,L5,3,1,uncalibrated,False,0,False,False,False,False,nan,False,4.331370849898477
v3_sc3_staging_03,L5,3,1,label_cell,False,0,False,False,False,False,nan,False,4.331370849898477
v3_sc3_staging_03,L5,3,1,label_only,False,0,False,False,False,False,nan,False,4.331370849898477
v3_sc3_staging_03,L5,3,1,pose_only,True,1,False,False,False,False,nan,False,4.331370849898477
v3_sc3_staging_03,L5,3,1,separate,True,1,False,False,False,False,nan,False,4.331370849898477
v3_sc3_staging_03,L5,3,1,joint,True,2,False,False,False,False,nan,False,4.331370849898477
v3_sc3_staging_03,L5,3,1,oracle,False,0,True,False,False,True,4.331370849898477,True,4.331370849898477
v3_sc3_staging_03,L5,3,2,uncalibrated,False,0,False,False,False,False,nan,False,4.09350288425444
v3_sc3_staging_03,L5,3,2,label_cell,False,0,False,False,False,False,nan,False,4.09350288425444
v3_sc3_staging_03,L5,3,2,label_only,False,0,False,False,False,False,nan,False,4.09350288425444
v3_sc3_staging_03,L5,3,2,pose_only,True,1,False,False,False,False,nan,False,4.09350288425444
v3_sc3_staging_03,L5,3,2,separate,True,1,False,False,False,False,nan,False,4.09350288425444
v3_sc3_staging_03,L5,3,2,joint,True,2,False,False,False,False,nan,False,4.09350288425444
v3_sc3_staging_03,L5,3,2,oracle,False,0,True,False,False,True,4.09350288425444,True,4.09350288425444
v3_sc3_staging_03,L5,3,4,uncalibrated,False,0,False,False,False,False,nan,False,3.4006096654409874
v3_sc3_staging_03,L5,3,4,label_cell,False,0,False,False,False,False,nan,False,3.4006096654409874
v3_sc3_staging_03,L5,3,4,label_only,False,0,False,False,False,False,nan,False,3.4006096654409874
v3_sc3_staging_03,L5,3,4,pose_only,True,1,False,False,False,False,nan,False,3.4006096654409874
v3_sc3_staging_03,L5,3,4,separate,True,1,False,False,False,False,nan,False,3.4006096654409874
v3_sc3_staging_03,L5,3,4,joint,True,2,False,False,False,False,nan,False,3.4006096654409874
v3_sc3_staging_03,L5,3,4,oracle,False,0,True,False,False,True,3.4006096654409874,True,3.4006096654409874
v3_sc3_staging_03,L5,3,10,uncalibrated,False,0,False,False,False,False,nan,False,5.1441125496954285
v3_sc3_staging_03,L5,3,10,label_cell,False,0,False,False,False,False,nan,False,5.1441125496954285
v3_sc3_staging_03,L5,3,10,label_only,False,0,False,False,False,False,nan,False,5.1441125496954285
v3_sc3_staging_03,L5,3,10,pose_only,True,1,False,False,False,False,nan,False,5.1441125496954285
v3_sc3_staging_03,L5,3,10,separate,True,1,False,False,False,False,nan,False,5.1441125496954285
v3_sc3_staging_03,L5,3,10,joint,True,2,False,False,False,False,nan,False,5.1441125496954285
v3_sc3_staging_03,L5,3,10,oracle,False,0,True,False,False,True,5.1441125496954285,True,5.1441125496954285
v3_sc3_staging_03,L5,3,13,uncalibrated,False,0,False,False,False,False,nan,False,3.935533905932738
v3_sc3_staging_03,L5,3,13,label_cell,False,0,False,False,False,False,nan,False,3.935533905932738
v3_sc3_staging_03,L5,3,13,label_only,False,0,False,False,False,False,nan,False,3.935533905932738
v3_sc3_staging_03,L5,3,13,pose_only,True,1,False,False,False,False,nan,False,3.935533905932738
v3_sc3_staging_03,L5,3,13,separate,True,1,False,False,False,False,nan,False,3.935533905932738
v3_sc3_staging_03,L5,3,13,joint,True,2,False,False,False,False,nan,False,3.935533905932738
v3_sc3_staging_03,L5,3,13,oracle,False,0,True,False,False,True,3.935533905932738,True,3.935533905932738
v3_sc3_staging_03,L5,3,14,uncalibrated,False,0,False,False,False,False,nan,False,3.2727922061357853
v3_sc3_staging_03,L5,3,14,label_cell,False,0,False,False,False,False,nan,False,3.2727922061357853
v3_sc3_staging_03,L5,3,14,label_only,False,0,False,False,False,False,nan,False,3.2727922061357853
v3_sc3_staging_03,L5,3,14,pose_only,True,1,False,False,False,False,nan,False,3.2727922061357853
v3_sc3_staging_03,L5,3,14,separate,True,1,False,False,False,False,nan,False,3.2727922061357853
v3_sc3_staging_03,L5,3,14,joint,True,2,False,False,False,False,nan,False,3.2727922061357853
v3_sc3_staging_03,L5,3,14,oracle,False,0,True,False,False,True,3.2727922061357853,True,3.2727922061357853
v3_sc3_staging_03,L5,3,17,uncalibrated,False,0,False,False,False,False,nan,False,4.814823227814084
v3_sc3_staging_03,L5,3,17,label_cell,False,0,False,False,False,False,nan,False,4.814823227814084
v3_sc3_staging_03,L5,3,17,label_only,False,0,False,False,False,False,nan,False,4.814823227814084
v3_sc3_staging_03,L5,3,17,pose_only,True,1,False,False,False,False,nan,False,4.814823227814084
v3_sc3_staging_03,L5,3,17,separate,True,1,False,False,False,False,nan,False,4.814823227814084
v3_sc3_staging_03,L5,3,17,joint,True,2,False,False,False,False,nan,False,4.814823227814084
v3_sc3_staging_03,L5,3,17,oracle,False,0,True,False,False,True,4.814823227814084,True,4.814823227814084
v3_sc3_staging_03,L5,3,18,uncalibrated,False,0,False,False,False,False,nan,False,4.623401871576774
v3_sc3_staging_03,L5,3,18,label_cell,False,0,False,False,False,False,nan,False,4.623401871576774
v3_sc3_staging_03,L5,3,18,label_only,False,0,False,False,False,False,nan,False,4.623401871576774
v3_sc3_staging_03,L5,3,18,pose_only,True,1,False,False,False,False,nan,False,4.623401871576774
v3_sc3_staging_03,L5,3,18,separate,True,1,False,False,False,False,nan,False,4.623401871576774
v3_sc3_staging_03,L5,3,18,joint,True,2,False,False,False,False,nan,False,4.623401871576774
v3_sc3_staging_03,L5,3,18,oracle,False,0,True,False,False,True,4.623401871576774,True,4.623401871576774
v3_sc3_staging_03,L5,3,19,uncalibrated,False,0,False,False,False,False,nan,False,3.562132034355965
v3_sc3_staging_03,L5,3,19,label_cell,False,0,False,False,False,False,nan,False,3.562132034355965
v3_sc3_staging_03,L5,3,19,label_only,False,0,False,False,False,False,nan,False,3.562132034355965
v3_sc3_staging_03,L5,3,19,pose_only,True,1,False,False,False,False,nan,False,3.562132034355965
v3_sc3_staging_03,L5,3,19,separate,True,1,False,False,False,False,nan,False,3.562132034355965
v3_sc3_staging_03,L5,3,19,joint,True,2,False,False,False,False,nan,False,3.562132034355965
v3_sc3_staging_03,L5,3,19,oracle,False,0,True,False,False,True,3.562132034355965,True,3.562132034355965
v3_sc3_staging_03,L5,4,0,uncalibrated,False,0,False,False,False,False,nan,False,5.369848480983499
v3_sc3_staging_03,L5,4,0,label_cell,False,0,False,False,False,False,nan,False,5.369848480983499
v3_sc3_staging_03,L5,4,0,label_only,False,0,False,False,False,False,nan,False,5.369848480983499
v3_sc3_staging_03,L5,4,0,pose_only,True,1,False,False,False,False,nan,False,5.369848480983499
v3_sc3_staging_03,L5,4,0,separate,True,1,False,False,False,False,nan,False,5.369848480983499
v3_sc3_staging_03,L5,4,0,joint,True,2,False,False,False,False,nan,False,5.369848480983499
v3_sc3_staging_03,L5,4,0,oracle,False,0,True,False,False,True,5.369848480983499,True,5.369848480983499
v3_sc3_staging_03,L5,4,1,uncalibrated,False,0,False,False,False,False,nan,False,4.139087296526012
v3_sc3_staging_03,L5,4,1,label_cell,False,0,False,False,False,False,nan,False,4.139087296526012
v3_sc3_staging_03,L5,4,1,label_only,False,0,False,False,False,False,nan,False,4.139087296526012
v3_sc3_staging_03,L5,4,1,pose_only,True,1,False,False,False,False,nan,False,4.139087296526012
v3_sc3_staging_03,L5,4,1,separate,True,1,False,False,False,False,nan,False,4.139087296526012
v3_sc3_staging_03,L5,4,1,joint,True,2,False,False,False,False,nan,False,4.139087296526012
v3_sc3_staging_03,L5,4,1,oracle,False,0,True,False,False,True,4.139087296526012,True,4.139087296526012
v3_sc3_staging_03,L5,4,2,uncalibrated,False,0,False,False,False,False,nan,False,4.117766952966369
v3_sc3_staging_03,L5,4,2,label_cell,False,0,False,False,False,False,nan,False,4.117766952966369
v3_sc3_staging_03,L5,4,2,label_only,False,0,False,False,False,False,nan,False,4.117766952966369
v3_sc3_staging_03,L5,4,2,pose_only,True,1,False,False,False,False,nan,False,4.117766952966369
v3_sc3_staging_03,L5,4,2,separate,True,1,False,False,False,False,nan,False,4.117766952966369
v3_sc3_staging_03,L5,4,2,joint,True,2,False,False,False,False,nan,False,4.117766952966369
v3_sc3_staging_03,L5,4,2,oracle,False,0,True,False,False,True,4.117766952966369,True,4.117766952966369
v3_sc3_staging_03,L5,4,3,uncalibrated,False,0,False,False,False,False,nan,False,6.354772721475251
v3_sc3_staging_03,L5,4,3,label_cell,False,0,False,False,False,False,nan,False,6.354772721475251
v3_sc3_staging_03,L5,4,3,label_only,False,0,False,False,False,False,nan,False,6.354772721475251
v3_sc3_staging_03,L5,4,3,pose_only,True,1,False,False,False,False,nan,False,6.354772721475251
v3_sc3_staging_03,L5,4,3,separate,True,1,False,False,False,False,nan,False,6.354772721475251
v3_sc3_staging_03,L5,4,3,joint,True,2,False,False,False,False,nan,False,6.354772721475251
v3_sc3_staging_03,L5,4,3,oracle,False,0,True,False,False,True,6.354772721475251,True,6.354772721475251
v3_sc3_staging_03,L5,4,4,uncalibrated,False,0,False,False,False,False,nan,False,3.367766952966369
v3_sc3_staging_03,L5,4,4,label_cell,False,0,False,False,False,False,nan,False,3.367766952966369
v3_sc3_staging_03,L5,4,4,label_only,False,0,False,False,False,False,nan,False,3.367766952966369
v3_sc3_staging_03,L5,4,4,pose_only,True,1,False,False,False,False,nan,False,3.367766952966369
v3_sc3_staging_03,L5,4,4,separate,True,1,False,False,False,False,nan,False,3.367766952966369
v3_sc3_staging_03,L5,4,4,joint,True,2,False,False,False,False,nan,False,3.367766952966369
v3_sc3_staging_03,L5,4,4,oracle,False,0,True,False,False,True,3.367766952966369,True,3.367766952966369
v3_sc3_staging_03,L5,4,5,uncalibrated,False,0,False,False,False,False,nan,False,5.5426406871192855
v3_sc3_staging_03,L5,4,5,label_cell,False,0,False,False,False,False,nan,False,5.5426406871192855
v3_sc3_staging_03,L5,4,5,label_only,False,0,False,False,False,False,nan,False,5.5426406871192855
v3_sc3_staging_03,L5,4,5,pose_only,True,1,False,False,False,False,nan,False,5.5426406871192855
v3_sc3_staging_03,L5,4,5,separate,True,1,False,False,False,False,nan,False,5.5426406871192855
v3_sc3_staging_03,L5,4,5,joint,True,2,False,False,False,False,nan,False,5.5426406871192855
v3_sc3_staging_03,L5,4,5,oracle,False,0,True,False,False,True,5.5426406871192855,True,5.5426406871192855
v3_sc3_staging_03,L5,4,6,uncalibrated,False,0,False,False,False,False,nan,False,7.034924240491751
v3_sc3_staging_03,L5,4,6,label_cell,False,0,False,False,False,False,nan,False,7.034924240491751
v3_sc3_staging_03,L5,4,6,label_only,False,0,False,False,False,False,nan,False,7.034924240491751
v3_sc3_staging_03,L5,4,6,pose_only,True,1,False,False,False,False,nan,False,7.034924240491751
v3_sc3_staging_03,L5,4,6,separate,True,1,False,False,False,False,nan,False,7.034924240491751
v3_sc3_staging_03,L5,4,6,joint,True,2,False,False,False,False,nan,False,7.034924240491751
v3_sc3_staging_03,L5,4,6,oracle,False,0,True,False,False,True,7.034924240491751,True,7.034924240491751
v3_sc3_staging_03,L5,4,7,uncalibrated,False,0,False,False,False,False,nan,False,6.2583261120685245
v3_sc3_staging_03,L5,4,7,label_cell,False,0,False,False,False,False,nan,False,6.2583261120685245
v3_sc3_staging_03,L5,4,7,label_only,False,0,False,False,False,False,nan,False,6.2583261120685245
v3_sc3_staging_03,L5,4,7,pose_only,True,1,False,False,False,False,nan,False,6.2583261120685245
v3_sc3_staging_03,L5,4,7,separate,True,1,False,False,False,False,nan,False,6.2583261120685245
v3_sc3_staging_03,L5,4,7,joint,True,2,False,False,False,False,nan,False,6.2583261120685245
v3_sc3_staging_03,L5,4,7,oracle,False,0,True,False,False,True,6.2583261120685245,True,6.2583261120685245
v3_sc3_staging_03,L5,4,8,uncalibrated,False,0,False,False,False,False,nan,False,6.781118318204313
v3_sc3_staging_03,L5,4,8,label_cell,False,0,False,False,False,False,nan,False,6.781118318204313
v3_sc3_staging_03,L5,4,8,label_only,False,0,False,False,False,False,nan,False,6.781118318204313
v3_sc3_staging_03,L5,4,8,pose_only,True,1,False,False,False,False,nan,False,6.781118318204313
v3_sc3_staging_03,L5,4,8,separate,True,1,False,False,False,False,nan,False,6.781118318204313
v3_sc3_staging_03,L5,4,8,joint,True,2,False,False,False,False,nan,False,6.781118318204313
v3_sc3_staging_03,L5,4,8,oracle,False,0,True,False,False,True,6.781118318204313,True,6.781118318204313
v3_sc3_staging_03,L5,4,9,uncalibrated,False,0,False,False,False,False,nan,False,4.933452377915607
v3_sc3_staging_03,L5,4,9,label_cell,False,0,False,False,False,False,nan,False,4.933452377915607
v3_sc3_staging_03,L5,4,9,label_only,False,0,False,False,False,False,nan,False,4.933452377915607
v3_sc3_staging_03,L5,4,9,pose_only,True,1,False,False,False,False,nan,False,4.933452377915607
v3_sc3_staging_03,L5,4,9,separate,True,1,False,False,False,False,nan,False,4.933452377915607
v3_sc3_staging_03,L5,4,9,joint,True,2,False,False,False,False,nan,False,4.933452377915607
v3_sc3_staging_03,L5,4,9,oracle,False,0,True,False,False,True,4.933452377915607,True,4.933452377915607
v3_sc3_staging_03,L5,4,10,uncalibrated,False,0,False,False,False,False,nan,False,5.166295090390227
v3_sc3_staging_03,L5,4,10,label_cell,False,0,False,False,False,False,nan,False,5.166295090390227
v3_sc3_staging_03,L5,4,10,label_only,False,0,False,False,False,False,nan,False,5.166295090390227
v3_sc3_staging_03,L5,4,10,pose_only,True,1,False,False,False,False,nan,False,5.166295090390227
v3_sc3_staging_03,L5,4,10,separate,True,1,False,False,False,False,nan,False,5.166295090390227
v3_sc3_staging_03,L5,4,10,joint,True,2,False,False,False,False,nan,False,5.166295090390227
v3_sc3_staging_03,L5,4,10,oracle,False,0,True,False,False,True,5.166295090390227,True,5.166295090390227
v3_sc3_staging_03,L5,4,11,uncalibrated,False,0,False,False,False,False,nan,False,4.245584412271572
v3_sc3_staging_03,L5,4,11,label_cell,False,0,False,False,False,False,nan,False,4.245584412271572
v3_sc3_staging_03,L5,4,11,label_only,False,0,False,False,False,False,nan,False,4.245584412271572
v3_sc3_staging_03,L5,4,11,pose_only,True,1,False,False,False,False,nan,False,4.245584412271572
v3_sc3_staging_03,L5,4,11,separate,True,1,False,False,False,False,nan,False,4.245584412271572
v3_sc3_staging_03,L5,4,11,joint,True,2,False,False,False,False,nan,False,4.245584412271572
v3_sc3_staging_03,L5,4,11,oracle,False,0,True,False,False,True,4.245584412271572,True,4.245584412271572
v3_sc3_staging_03,L5,4,12,uncalibrated,False,0,False,False,False,False,nan,False,5.925483399593905
v3_sc3_staging_03,L5,4,12,label_cell,False,0,False,False,False,False,nan,False,5.925483399593905
v3_sc3_staging_03,L5,4,12,label_only,False,0,False,False,False,False,nan,False,5.925483399593905
v3_sc3_staging_03,L5,4,12,pose_only,True,1,False,False,False,False,nan,False,5.925483399593905
v3_sc3_staging_03,L5,4,12,separate,True,1,False,False,False,False,nan,False,5.925483399593905
v3_sc3_staging_03,L5,4,12,joint,True,2,False,False,False,False,nan,False,5.925483399593905
v3_sc3_staging_03,L5,4,12,oracle,False,0,True,False,False,True,5.925483399593905,True,5.925483399593905
v3_sc3_staging_03,L5,4,13,uncalibrated,False,0,False,False,False,False,nan,False,3.9656854249492377
v3_sc3_staging_03,L5,4,13,label_cell,False,0,False,False,False,False,nan,False,3.9656854249492377
v3_sc3_staging_03,L5,4,13,label_only,False,0,False,False,False,False,nan,False,3.9656854249492377
v3_sc3_staging_03,L5,4,13,pose_only,True,1,False,False,False,False,nan,False,3.9656854249492377
v3_sc3_staging_03,L5,4,13,separate,True,1,False,False,False,False,nan,False,3.9656854249492377
v3_sc3_staging_03,L5,4,13,joint,True,2,False,False,False,False,nan,False,3.9656854249492377
v3_sc3_staging_03,L5,4,13,oracle,False,0,True,False,False,True,3.9656854249492377,True,3.9656854249492377
v3_sc3_staging_03,L5,4,14,uncalibrated,False,0,False,False,False,False,nan,False,3.3677669529663685
v3_sc3_staging_03,L5,4,14,label_cell,False,0,False,False,False,False,nan,False,3.3677669529663685
v3_sc3_staging_03,L5,4,14,label_only,False,0,False,False,False,False,nan,False,3.3677669529663685
v3_sc3_staging_03,L5,4,14,pose_only,True,1,False,False,False,False,nan,False,3.3677669529663685
v3_sc3_staging_03,L5,4,14,separate,True,1,False,False,False,False,nan,False,3.3677669529663685
v3_sc3_staging_03,L5,4,14,joint,True,2,False,False,False,False,nan,False,3.3677669529663685
v3_sc3_staging_03,L5,4,14,oracle,False,0,True,False,False,True,3.3677669529663685,True,3.3677669529663685
v3_sc3_staging_03,L5,4,15,uncalibrated,False,0,False,False,False,False,nan,False,nan
v3_sc3_staging_03,L5,4,15,label_cell,False,0,False,False,False,False,nan,False,nan
v3_sc3_staging_03,L5,4,15,label_only,False,0,False,False,False,False,nan,False,nan
v3_sc3_staging_03,L5,4,15,pose_only,True,1,False,False,False,False,nan,False,nan
v3_sc3_staging_03,L5,4,15,separate,True,1,False,False,False,False,nan,False,nan
v3_sc3_staging_03,L5,4,15,joint,True,2,False,False,False,False,nan,False,nan
v3_sc3_staging_03,L5,4,15,oracle,False,0,False,False,False,False,nan,False,nan
v3_sc3_staging_03,L5,4,16,uncalibrated,False,0,False,False,False,False,nan,False,6.581118318204311
v3_sc3_staging_03,L5,4,16,label_cell,False,0,False,False,False,False,nan,False,6.581118318204311
v3_sc3_staging_03,L5,4,16,label_only,False,0,False,False,False,False,nan,False,6.581118318204311
v3_sc3_staging_03,L5,4,16,pose_only,True,1,False,False,False,False,nan,False,6.581118318204311
v3_sc3_staging_03,L5,4,16,separate,True,1,False,False,False,False,nan,False,6.581118318204311
v3_sc3_staging_03,L5,4,16,joint,True,2,False,False,False,False,nan,False,6.581118318204311
v3_sc3_staging_03,L5,4,16,oracle,False,0,True,False,False,True,6.581118318204311,True,6.581118318204311
v3_sc3_staging_03,L5,4,17,uncalibrated,False,0,False,False,False,False,nan,False,4.842031021678298
v3_sc3_staging_03,L5,4,17,label_cell,False,0,False,False,False,False,nan,False,4.842031021678298
v3_sc3_staging_03,L5,4,17,label_only,False,0,False,False,False,False,nan,False,4.842031021678298
v3_sc3_staging_03,L5,4,17,pose_only,True,1,False,False,False,False,nan,False,4.842031021678298
v3_sc3_staging_03,L5,4,17,separate,True,1,False,False,False,False,nan,False,4.842031021678298
v3_sc3_staging_03,L5,4,17,joint,True,2,False,False,False,False,nan,False,4.842031021678298
v3_sc3_staging_03,L5,4,17,oracle,False,0,True,False,False,True,4.842031021678298,True,4.842031021678298
v3_sc3_staging_03,L5,4,18,uncalibrated,False,0,False,False,False,False,nan,False,4.6313708498984765
v3_sc3_staging_03,L5,4,18,label_cell,False,0,False,False,False,False,nan,False,4.6313708498984765
v3_sc3_staging_03,L5,4,18,label_only,False,0,False,False,False,False,nan,False,4.6313708498984765
v3_sc3_staging_03,L5,4,18,pose_only,True,1,False,False,False,False,nan,False,4.6313708498984765
v3_sc3_staging_03,L5,4,18,separate,True,1,False,False,False,False,nan,False,4.6313708498984765
v3_sc3_staging_03,L5,4,18,joint,True,2,False,False,False,False,nan,False,4.6313708498984765
v3_sc3_staging_03,L5,4,18,oracle,False,0,True,False,False,True,4.6313708498984765,True,4.6313708498984765
v3_sc3_staging_03,L5,4,19,uncalibrated,False,0,False,False,False,False,nan,False,3.6955844122715713
v3_sc3_staging_03,L5,4,19,label_cell,False,0,False,False,False,False,nan,False,3.6955844122715713
v3_sc3_staging_03,L5,4,19,label_only,False,0,False,False,False,False,nan,False,3.6955844122715713
v3_sc3_staging_03,L5,4,19,pose_only,True,1,False,False,False,False,nan,False,3.6955844122715713
v3_sc3_staging_03,L5,4,19,separate,True,1,False,False,False,False,nan,False,3.6955844122715713
v3_sc3_staging_03,L5,4,19,joint,True,2,False,False,False,False,nan,False,3.6955844122715713
v3_sc3_staging_03,L5,4,19,oracle,False,0,True,False,False,True,3.6955844122715713,True,3.6955844122715713
