scene,level,seed,ate,endpoint_drift,n_ent_indoor_plant,off_grid_indoor_plant,label_score_indoor_plant,miss_gtlab_indoor_plant,miss_pred_indoor_plant_0.00,miss_pred_indoor_plant_0.01,miss_pred_indoor_plant_0.02,miss_pred_indoor_plant_0.03,miss_pred_indoor_plant_0.04,miss_pred_indoor_plant_0.05,miss_pred_indoor_plant_0.06,miss_pred_indoor_plant_0.07,miss_pred_indoor_plant_0.08,miss_pred_indoor_plant_0.09,miss_pred_indoor_plant_0.10,miss_pred_indoor_plant_0.11,miss_pred_indoor_plant_0.12,miss_pred_indoor_plant_0.13,miss_pred_indoor_plant_0.14,miss_pred_indoor_plant_0.15,miss_pred_indoor_plant_0.16,miss_pred_indoor_plant_0.17,miss_pred_indoor_plant_0.18,miss_pred_indoor_plant_0.19,miss_pred_indoor_plant_0.20,miss_pred_indoor_plant_0.21,miss_pred_indoor_plant_0.22,miss_pred_indoor_plant_0.23,miss_pred_indoor_plant_0.24,miss_pred_indoor_plant_0.25,miss_pred_indoor_plant_0.26,miss_pred_indoor_plant_0.27,miss_pred_indoor_plant_0.28,miss_pred_indoor_plant_0.29,miss_pred_indoor_plant_0.30,miss_pred_indoor_plant_0.31,miss_pred_indoor_plant_0.32,miss_pred_indoor_plant_0.33,miss_pred_indoor_plant_0.34,miss_pred_indoor_plant_0.35,miss_pred_indoor_plant_0.36,miss_pred_indoor_plant_0.37,miss_pred_indoor_plant_0.38,miss_pred_indoor_plant_0.39,miss_pred_indoor_plant_0.40,miss_pred_indoor_plant_0.41,miss_pred_indoor_plant_0.42,miss_pred_indoor_plant_0.43,miss_pred_indoor_plant_0.44,miss_pred_indoor_plant_0.45,miss_pred_indoor_plant_0.46,miss_pred_indoor_plant_0.47,miss_pred_indoor_plant_0.48,miss_pred_indoor_plant_0.49,miss_pred_indoor_plant_0.50,n_ent_tv_stand,off_grid_tv_stand,label_score_tv_stand,miss_gtlab_tv_stand,miss_pred_tv_stand_0.00,miss_pred_tv_stand_0.01,miss_pred_tv_stand_0.02,miss_pred_tv_stand_0.03,miss_pred_tv_stand_0.04,miss_pred_tv_stand_0.05,miss_pred_tv_stand_0.06,miss_pred_tv_stand_0.07,miss_pred_tv_stand_0.08,miss_pred_tv_stand_0.09,miss_pred_tv_stand_0.10,miss_pred_tv_stand_0.11,miss_pred_tv_stand_0.12,miss_pred_tv_stand_0.13,miss_pred_tv_stand_0.14,miss_pred_tv_stand_0.15,miss_pred_tv_stand_0.16,miss_pred_tv_stand_0.17,miss_pred_tv_stand_0.18,miss_pred_tv_stand_0.19,miss_pred_tv_stand_0.20,miss_pred_tv_stand_0.21,miss_pred_tv_stand_0.22,miss_pred_tv_stand_0.23,miss_pred_tv_stand_0.24,miss_pred_tv_stand_0.25,miss_pred_tv_stand_0.26,miss_pred_tv_stand_0.27,miss_pred_tv_stand_0.28,miss_pred_tv_stand_0.29,miss_pred_tv_stand_0.30,miss_pred_tv_stand_0.31,miss_pred_tv_stand_0.32,miss_pred_tv_stand_0.33,miss_pred_tv_stand_0.34,miss_pred_tv_stand_0.35,miss_pred_tv_stand_0.36,miss_pred_tv_stand_0.37,miss_pred_tv_stand_0.38,miss_pred_tv_stand_0.39,miss_pred_tv_stand_0.40,miss_pred_tv_stand_0.41,miss_pred_tv_stand_0.42,miss_pred_tv_stand_0.43,miss_pred_tv_stand_0.44,miss_pred_tv_stand_0.45,miss_pred_tv_stand_0.46,miss_pred_tv_stand_0.47,miss_pred_tv_stand_0.48,miss_pred_tv_stand_0.49,miss_pred_tv_stand_0.50,n_ent_bike,off_grid_bike,label_score_bike,miss_gtlab_bike,miss_pred_bike_0.00,miss_pred_bike_0.01,miss_pred_bike_0.02,miss_pred_bike_0.03,miss_pred_bike_0.04,miss_pred_bike_0.05,miss_pred_bike_0.06,miss_pred_bike_0.07,miss_pred_bike_0.08,miss_pred_bike_0.09,miss_pred_bike_0.10,miss_pred_bike_0.11,miss_pred_bike_0.12,miss_pred_bike_0.13,miss_pred_bike_0.14,miss_pred_bike_0.15,miss_pred_bike_0.16,miss_pred_bike_0.17,miss_pred_bike_0.18,miss_pred_bike_0.19,miss_pred_bike_0.20,miss_pred_bike_0.21,miss_pred_bike_0.22,miss_pred_bike_0.23,miss_pred_bike_0.24,miss_pred_bike_0.25,miss_pred_bike_0.26,miss_pred_bike_0.27,miss_pred_bike_0.28,miss_pred_bike_0.29,miss_pred_bike_0.30,miss_pred_bike_0.31,miss_pred_bike_0.32,miss_pred_bike_0.33,miss_pred_bike_0.34,miss_pred_bike_0.35,miss_pred_bike_0.36,miss_pred_bike_0.37,miss_pred_bike_0.38,miss_pred_bike_0.39,miss_pred_bike_0.40,miss_pred_bike_0.41,miss_pred_bike_0.42,miss_pred_bike_0.43,miss_pred_bike_0.44,miss_pred_bike_0.45,miss_pred_bike_0.46,miss_pred_bike_0.47,miss_pred_bike_0.48,miss_pred_bike_0.49,miss_pred_bike_0.50
v3_sc2_staging_20,L0,0,1.940610582008997e-14,2.1702737720007056e-15,2,0,1.0,0.0,0.0,0.2,0.20615528128088303,0.20615528128088303,0.20615528128088303,0.20615528128088303,0.20615528128088303,0.20615528128088303,0.20615528128088303,0.20615528128088303,0.20615528128088303,0.20615528128088303,0.20615528128088303,0.20615528128088303,0.20615528128088303,0.20615528128088303,0.20615528128088303,0.20615528128088303,0.25,0.25,0.25,0.25,0.25,0.25,0.25,0.25,0.25,0.25,0.25,0.25,0.25,0.25,0.25,0.25,0.25,0.25,0.2692582403567252,0.2692582403567252,0.2692582403567252,0.28284271247461906,0.28284271247461906,0.28284271247461906,0.28284271247461906,0.28284271247461906,0.28284271247461906,0.28284271247461906,0.28284271247461906,0.28284271247461906,0.28284271247461906,0.28284271247461906,0.28284271247461906,1,0,1.0,0.0,0.0,0.45,0.45,0.45,0.45,0.45,0.45,0.45,0.45,0.4716990566028302,0.5315072906367325,0.5315072906367325,0.5315072906367325,0.5315072906367325,0.5315072906367325,0.5315072906367325,0.5315072906367325,0.5315072906367325,0.5315072906367325,0.9340770846134703,0.9340770846134703,0.9340770846134703,0.97082439194738,0.97082439194738,0.97082439194738,0.97082439194738,0.97082439194738,0.97082439194738,1.2747548783981963,1.2747548783981963,1.2747548783981963,1.2747548783981963,1.3341664064126335,1.3341664064126335,1.3341664064126335,1.3341664064126335,1.3341664064126335,1.3341664064126335,1.3341664064126335,1.3341664064126335,3.0,3.0,3.0,3.0,3.0,3.0,3.0,3.0,3.0,3.0,3.0,1,0,1.0,0.0,0.0,0.6020797289396148,0.6020797289396148,0.6020797289396148,0.651920240520265,0.651920240520265,0.70178344238091,0.70178344238091,0.70178344238091,0.70178344238091,0.7280109889280518,0.7280109889280518,0.7280109889280518,0.7280109889280518,0.7280109889280518,0.7280109889280518,0.7280109889280518,0.7280109889280518,0.7516648189186454,0.7516648189186454,0.7516648189186454,0.7516648189186454,0.7516648189186454,0.7516648189186454,0.7516648189186454,0.8015609770940699,0.8015609770940699,0.8015609770940699,0.8015609770940699,0.8015609770940699,0.8558621384311845,0.8558621384311845,0.8558621384311845,0.8558621384311845,0.8558621384311845,0.8558621384311845,0.8558621384311845,0.912414379544733,0.912414379544733,0.912414379544733,0.912414379544733,0.912414379544733,0.912414379544733,0.912414379544733,0.912414379544733,0.912414379544733,0.912414379544733,3.0,3.0,3.0,3.0
v3_sc2_staging_20,L1,0,0.0021523717936265995,0.00030112463964565166,2,0,2.0,0.05,0.05,0.223606797749979,0.223606797749979,0.223606797749979,0.223606797749979,0.223606797749979,0.223606797749979,0.223606797749979,0.223606797749979,0.223606797749979,0.223606797749979,0.223606797749979,0.223606797749979,0.223606797749979,0.223606797749979,0.223606797749979,0.223606797749979,0.223606797749979,0.223606797749979,0.25,0.25,0.25,0.25,0.25,0.25,0.25,0.25,0.25,0.25,0.25495097567963926,0.25495097567963926,0.25495097567963926,0.25495097567963926,0.25495097567963926,0.25495097567963926,0.25495097567963926,0.25495097567963926,0.29154759474226505,0.29154759474226505,0.29154759474226505,0.29154759474226505,0.29154759474226505,0.29154759474226505,0.29154759474226505,0.29154759474226505,0.29154759474226505,0.29154759474226505,0.29154759474226505,0.29154759474226505,0.3354101966249685,0.3354101966249685,1,0,2.0,0.05,0.05,0.447213595499958,0.447213595499958,0.447213595499958,0.447213595499958,0.447213595499958,0.447213595499958,0.447213595499958,0.447213595499958,0.447213595499958,0.447213595499958,0.5315072906367325,0.5315072906367325,0.5315072906367325,0.9617692030835672,0.9617692030835672,0.97082439194738,0.97082439194738,0.97082439194738,0.97082439194738,0.97082439194738,0.97082439194738,0.97082439194738,0.97082439194738,1.1543396380615196,1.1543396380615196,1.1543396380615196,1.1543396380615196,1.1543396380615196,1.1543396380615196,1.1543396380615196,1.3200378782444087,1.3200378782444087,1.3200378782444087,1.3200378782444087,1.3200378782444087,1.3200378782444087,1.3200378782444087,1.3200378782444087,1.3200378782444087,1.3200378782444087,1.3200378782444087,1.4866068747318506,1.4866068747318506,1.4866068747318506,3.0,3.0,3.0,3.0,3.0,3.0,1,0,2.0,0.05,0.05,0.6020797289396148,0.608276253029822,0.608276253029822,0.608276253029822,0.608276253029822,0.608276253029822,0.70178344238091,0.70178344238091,0.70178344238091,0.7280109889280518,0.7280109889280518,0.7280109889280518,0.7280109889280518,0.7280109889280518,0.7280109889280518,0.7280109889280518,0.7280109889280518,0.7516648189186454,0.7516648189186454,0.7516648189186454,0.7516648189186454,0.7516648189186454,0.7516648189186454,0.7516648189186454,0.7905694150420949,0.7905694150420949,0.9055385138137417,0.9055385138137417,0.912414379544733,3.0,3.0,3.0,3.0,3.0,3.0,3.0,3.0,3.0,3.0,3.0,3.0,3.0,3.0,3.0,3.0,3.0,3.0,3.0,3.0,3.0
v3_sc2_staging_20,L1,1,0.003320905490997089,0.0004181882555223557,2,0,2.0,0.07071067811865477,0.07071067811865477,0.2,0.223606797749979,0.223606797749979,0.223606797749979,0.223606797749979,0.223606797749979,0.223606797749979,0.223606797749979,0.223606797749979,0.223606797749979,0.223606797749979,0.223606797749979,0.223606797749979,0.223606797749979,0.223606797749979,0.223606797749979,0.223606797749979,0.223606797749979,0.223606797749979,0.25,0.25,0.25,0.25,0.25,0.25,0.25,0.25,0.25,0.25495097567963926,0.25495097567963926,0.25495097567963926,0.25495097567963926,0.25495097567963926,0.25495097567963926,0.25495097567963926,0.25495097567963926,0.29154759474226505,0.29154759474226505,0.29154759474226505,0.29154759474226505,0.29154759474226505,0.29154759474226505,0.29154759474226505,0.29154759474226505,0.29154759474226505,0.29154759474226505,0.29154759474226505,0.29154759474226505,0.3354101966249685,0.3354101966249685,1,0,2.0,0.05,0.05,0.42720018726587655,0.42720018726587655,0.42720018726587655,0.42720018726587655,0.42720018726587655,0.42720018726587655,0.4716990566028302,0.4716990566028302,0.4716990566028302,0.5315072906367325,0.5315072906367325,0.5315072906367325,0.5315072906367325,0.5315072906367325,0.5315072906367325,0.5315072906367325,0.5315072906367325,0.5315072906367325,0.97082439194738,0.97082439194738,1.0920164833920778,1.0920164833920778,1.0920164833920778,1.0920164833920778,1.0920164833920778,1.0920164833920778,1.0920164833920778,1.25,1.25,1.2747548783981963,1.2747548783981963,1.2747548783981963,1.2747548783981963,1.2747548783981963,1.2747548783981963,1.2747548783981963,1.2747548783981963,3.0,3.0,3.0,3.0,3.0,3.0,3.0,3.0,3.0,3.0,3.0,3.0,3.0,1,0,2.0,0.05,0.05,0.6020797289396148,0.608276253029822,0.608276253029822,0.608276253029822,0.608276253029822,0.608276253029822,0.608276253029822,0.70178344238091,0.70178344238091,0.7280109889280518,0.7280109889280518,0.7280109889280518,0.7280109889280518,0.7280109889280518,0.7280109889280518,0.7280109889280518,0.7280109889280518,0.7516648189186454,0.7516648189186454,0.7516648189186454,0.7516648189186454,0.7516648189186454,0.7516648189186454,0.7516648189186454,0.8015609770940699,0.8514693182963202,0.8514693182963202,0.8514693182963202,0.8514693182963202,0.8558621384311845,0.912414379544733,0.912414379544733,3.0,3.0,3.0,3.0,3.0,3.0,3.0,3.0,3.0,3.0,3.0,3.0,3.0,3.0,3.0,3.0,3.0,3.0
v3_sc2_staging_20,L1,2,0.0012969582520414903,0.00019331727003645279,2,0,2.0,0.05,0.05,0.2,0.20615528128088303,0.20615528128088303,0.20615528128088303,0.20615528128088303,0.20615528128088303,0.20615528128088303,0.20615528128088303,0.20615528128088303,0.20615528128088303,0.20615528128088303,0.20615528128088303,0.20615528128088303,0.20615528128088303,0.20615528128088303,0.21213203435596426,0.21213203435596426,0.21213203435596426,0.21213203435596426,0.21213203435596426,0.223606797749979,0.223606797749979,0.223606797749979,0.223606797749979,0.223606797749979,0.25,0.25,0.25,0.25,0.25,0.25,0.25,0.25,0.25,0.25,0.25,0.2692582403567252,0.2692582403567252,0.2692582403567252,0.2692582403567252,0.2692582403567252,0.2692582403567252,0.2692582403567252,0.2692582403567252,0.2692582403567252,0.2692582403567252,0.2692582403567252,0.2692582403567252,0.2692582403567252,0.28284271247461906,1,0,2.0,0.05,0.05,0.42720018726587655,0.42720018726587655,0.42720018726587655,0.42720018726587655,0.42720018726587655,0.42720018726587655,0.42720018726587655,0.42720018726587655,0.42720018726587655,0.5315072906367325,0.5315072906367325,0.5315072906367325,0.5315072906367325,0.5315072906367325,0.5315072906367325,0.5315072906367325,0.5315072906367325,0.5315072906367325,0.97082439194738,0.97082439194738,0.97082439194738,0.97082439194738,0.97082439194738,0.97082439194738,0.97082439194738,0.97082439194738,0.97082439194738,1.25,1.25,3.0,3.0,3.0,3.0,3.0,3.0,3.0,3.0,3.0,3.0,3.0,3.0,3.0,3.0,3.0,3.0,3.0,3.0,3.0,3.0,3.0,1,0,2.0,0.05,0.05,0.6020797289396148,0.6020797289396148,0.608276253029822,0.608276253029822,0.608276253029822,0.70178344238091,0.70178344238091,0.70178344238091,0.70178344238091,0.7280109889280518,0.7280109889280518,0.7280109889280518,0.7280109889280518,0.7280109889280518,0.7280109889280518,0.7280109889280518,0.7280109889280518,0.7516648189186454,0.7516648189186454,0.7516648189186454,0.7516648189186454,0.7516648189186454,0.7516648189186454,0.7516648189186454,0.8015609770940699,0.8015609770940699,0.8015609770940699,0.8015609770940699,0.8015609770940699,0.8558621384311845,3.0,3.0,3.0,3.0,3.0,3.0,3.0,3.0,3.0,3.0,3.0,3.0,3.0,3.0,3.0,3.0,3.0,3.0,3.0,3.0
v3_sc2_staging_20,L1,3,0.0025789861526924183,0.00018073603685412628,2,0,2.0,0.05,0.05,0.2,0.223606797749979,0.223606797749979,0.223606797749979,0.223606797749979,0.223606797749979,0.223606797749979,0.223606797749979,0.223606797749979,0.223606797749979,0.223606797749979,0.223606797749979,0.223606797749979,0.223606797749979,0.25,0.25,0.25,0.25,0.25,0.25,0.25,0.25,0.25,0.25,0.25,0.25,0.25,0.25,0.25,0.25495097567963926,0.25495097567963926,0.25495097567963926,0.25495097567963926,0.25495097567963926,0.2692582403567252,0.2692582403567252,0.29154759474226505,0.29154759474226505,0.29154759474226505,0.29154759474226505,0.29154759474226505,0.29154759474226505,0.29154759474226505,0.29154759474226505,0.29154759474226505,0.29154759474226505,0.29154759474226505,0.29154759474226505,0.3354101966249685,0.3354101966249685,1,0,2.0,0.05,0.05,0.447213595499958,0.447213595499958,0.447213595499958,0.447213595499958,0.447213595499958,0.447213595499958,0.447213595499958,0.447213595499958,0.447213595499958,0.447213595499958,0.447213595499958,0.447213595499958,0.447213595499958,0.5315072906367325,0.5315072906367325,0.5315072906367325,0.5315072906367325,0.5315072906367325,0.97082439194738,0.97082439194738,0.97082439194738,0.97082439194738,0.97082439194738,0.97082439194738,0.97082439194738,0.97082439194738,0.97082439194738,0.97082439194738,0.97082439194738,0.97082439194738,0.97082439194738,0.97082439194738,3.0,3.0,3.0,3.0,3.0,3.0,3.0,3.0,3.0,3.0,3.0,3.0,3.0,3.0,3.0,3.0,3.0,3.0,1,0,2.0,0.05,0.05,0.6020797289396148,0.6020797289396148,0.6020797289396148,0.651920240520265,0.651920240520265,0.70178344238091,0.70178344238091,0.70178344238091,0.70178344238091,0.7280109889280518,0.7280109889280518,0.7280109889280518,0.7280109889280518,0.7280109889280518,0.7280109889280518,0.7280109889280518,0.7280109889280518,0.7516648189186454,0.7516648189186454,0.7516648189186454,0.7516648189186454,0.7516648189186454,0.7762087348130012,0.8015609770940699,0.8015609770940699,0.8015609770940699,0.8015609770940699,0.8015609770940699,0.8015609770940699,0.912414379544733,0.912414379544733,0.912414379544733,0.912414379544733,0.912414379544733,0.912414379544733,0.912414379544733,0.912414379544733,0.912414379544733,0.912414379544733,0.912414379544733,0.912414379544733,0.912414379544733,3.0,3.0,3.0,3.0,3.0,3.0,3.0,3.0
v3_sc2_staging_20,L1,4,0.007667575705320956,0.0007127779780499512,2,0,2.0,0.05,0.05,0.2,0.20615528128088303,0.20615528128088303,0.20615528128088303,0.20615528128088303,0.20615528128088303,0.20615528128088303,0.20615528128088303,0.20615528128088303,0.20615528128088303,0.20615528128088303,0.20615528128088303,0.20615528128088303,0.20615528128088303,0.20615528128088303,0.20615528128088303,0.20615528128088303,0.20615528128088303,0.20615528128088303,0.20615528128088303,0.20615528128088303,0.223606797749979,0.223606797749979,0.223606797749979,0.25,0.25,0.25,0.25,0.25,0.25,0.25,0.25,0.25,0.25,0.25,0.2692582403567252,0.2692582403567252,0.2692582403567252,0.2692582403567252,0.2692582403567252,0.2692582403567252,0.28284271247461906,0.28284271247461906,0.28284271247461906,0.28284271247461906,0.36055512754639896,0.36055512754639896,0.36055512754639896,0.36055512754639896,0.36055512754639896,1,0,2.0,0.05,0.05,0.447213595499958,0.447213595499958,0.447213595499958,0.447213595499958,0.447213595499958,0.447213595499958,0.447213595499958,0.447213595499958,0.447213595499958,0.447213595499958,0.447213595499958,0.447213595499958,0.447213595499958,0.5656854249492381,0.5656854249492381,0.5656854249492381,0.5656854249492381,0.5656854249492381,0.9013878188659974,0.9013878188659974,0.9013878188659974,1.0307764064044151,1.0307764064044151,1.0307764064044151,1.0307764064044151,1.0307764064044151,1.0307764064044151,1.0307764064044151,1.0307764064044151,1.0307764064044151,1.0307764064044151,1.4430869689661812,1.4430869689661812,1.4430869689661812,1.4430869689661812,1.4430869689661812,1.4430869689661812,1.4430869689661812,1.4430869689661812,1.4430869689661812,1.4430869689661812,3.0,3.0,3.0,3.0,3.0,3.0,3.0,3.0,3.0,1,0,2.0,0.05,0.05,0.6020797289396148,0.6020797289396148,0.651920240520265,0.651920240520265,0.651920240520265,0.651920240520265,0.70178344238091,0.70178344238091,0.70178344238091,0.70178344238091,0.7516648189186454,0.7516648189186454,0.7516648189186454,0.7516648189186454,0.7516648189186454,0.7516648189186454,0.7516648189186454,0.7516648189186454,0.7516648189186454,0.7516648189186454,0.7516648189186454,0.7516648189186454,0.7516648189186454,0.7516648189186454,0.8015609770940699,0.8015609770940699,0.8015609770940699,0.8015609770940699,0.8015609770940699,0.8558621384311845,0.8558621384311845,0.8558621384311845,0.8558621384311845,0.8558621384311845,0.912414379544733,0.912414379544733,0.912414379544733,0.912414379544733,1.0111874208078342,3.0,3.0,3.0,3.0,3.0,3.0,3.0,3.0,3.0,3.0,3.0
v3_sc2_staging_20,L1,5,0.006677521211894777,0.0010890588956910861,2,0,2.0,0.05,0.05,0.223606797749979,0.223606797749979,0.223606797749979,0.223606797749979,0.223606797749979,0.223606797749979,0.223606797749979,0.223606797749979,0.223606797749979,0.223606797749979,0.223606797749979,0.223606797749979,0.223606797749979,0.223606797749979,0.223606797749979,0.223606797749979,0.223606797749979,0.25,0.25,0.25,0.25,0.25,0.2692582403567252,0.2692582403567252,0.2692582403567252,0.2692582403567252,0.2692582403567252,0.2692582403567252,0.2692582403567252,0.2692582403567252,0.2692582403567252,0.2692582403567252,0.2692582403567252,0.2692582403567252,0.2692582403567252,0.2692582403567252,0.2692582403567252,0.2692582403567252,0.2692582403567252,0.29154759474226505,0.29154759474226505,0.29154759474226505,0.29154759474226505,0.29154759474226505,0.29154759474226505,0.29154759474226505,0.29154759474226505,0.29154759474226505,0.3640054944640259,0.3640054944640259,1,0,2.0,0.05,0.05,0.447213595499958,0.447213595499958,0.447213595499958,0.447213595499958,0.447213595499958,0.447213595499958,0.447213595499958,0.447213595499958,0.447213595499958,0.5315072906367325,0.5315072906367325,0.5315072906367325,0.5315072906367325,0.9656603957913984,0.9656603957913984,0.9656603957913984,0.9656603957913984,0.9656603957913984,0.9656603957913984,0.9656603957913984,1.0307764064044151,1.0307764064044151,1.0307764064044151,1.0307764064044151,1.0307764064044151,1.0307764064044151,1.0307764064044151,1.3,1.3,1.3,1.3,1.4866068747318506,1.4866068747318506,1.4866068747318506,1.4866068747318506,1.4866068747318506,1.4866068747318506,1.4866068747318506,1.4866068747318506,1.4866068747318506,1.4866068747318506,1.4866068747318506,1.4866068747318506,1.4866068747318506,3.0,3.0,3.0,3.0,3.0,3.0,1,0,2.0,0.05,0.05,0.6020797289396148,0.6020797289396148,0.608276253029822,0.608276253029822,0.608276253029822,0.608276253029822,0.608276253029822,0.608276253029822,0.70178344238091,0.7280109889280518,0.7280109889280518,0.7280109889280518,0.7280109889280518,0.7280109889280518,0.7280109889280518,0.7280109889280518,0.7280109889280518,0.7280109889280518,0.7280109889280518,0.7280109889280518,0.7280109889280518,0.7280109889280518,0.7280109889280518,0.7280109889280518,0.7280109889280518,0.7280109889280518,0.7280109889280518,0.7433034373659253,0.7433034373659253,0.7433034373659253,0.7433034373659253,0.7433034373659253,0.7433034373659253,0.7433034373659253,0.7433034373659253,3.0,3.0,3.0,3.0,3.0,3.0,3.0,3.0,3.0,3.0,3.0,3.0,3.0,3.0,3.0
v3_sc2_staging_20,L1,6,0.00539792571943725,0.0007518696408091971,2,0,2.0,0.07071067811865477,0.07071067811865477,0.223606797749979,0.223606797749979,0.223606797749979,0.223606797749979,0.223606797749979,0.223606797749979,0.223606797749979,0.223606797749979,0.223606797749979,0.25,0.25,0.25,0.25,0.25,0.25,0.25,0.25,0.25,0.25,0.25,0.25,0.25,0.25,0.25,0.25,0.25,0.25,0.25,0.25,0.25,0.25,0.25495097567963926,0.25495097567963926,0.25495097567963926,0.25495097567963926,0.25495097567963926,0.25495097567963926,0.25495097567963926,0.25495097567963926,0.28284271247461906,0.28284271247461906,0.28284271247461906,0.28284271247461906,0.28284271247461906,0.28284271247461906,0.3354101966249685,0.3354101966249685,0.3354101966249685,0.3354101966249685,0.3354101966249685,1,0,2.0,0.05,0.05,0.447213595499958,0.447213595499958,0.447213595499958,0.447213595499958,0.447213595499958,0.447213595499958,0.4716990566028302,0.4716990566028302,0.4716990566028302,0.4716990566028302,0.5315072906367325,0.5315072906367325,0.5315072906367325,0.9656603957913984,0.9656603957913984,0.9656603957913984,0.9656603957913984,0.9656603957913984,0.9656603957913984,0.9656603957913984,1.0307764064044151,1.0307764064044151,1.0307764064044151,1.0920164833920778,1.0920164833920778,1.0920164833920778,1.0920164833920778,1.1704699910719627,1.3124404748406688,1.3341664064126335,1.3341664064126335,1.3341664064126335,1.5182226450688976,1.5182226450688976,1.5182226450688976,1.5182226450688976,3.0,3.0,3.0,3.0,3.0,3.0,3.0,3.0,3.0,3.0,3.0,3.0,3.0,3.0,1,0,2.0,0.05,0.05,0.6020797289396148,0.6020797289396148,0.608276253029822,0.608276253029822,0.608276253029822,0.608276253029822,0.608276253029822,0.70178344238091,0.70178344238091,0.7280109889280518,0.7280109889280518,0.7280109889280518,0.7280109889280518,0.7280109889280518,0.7280109889280518,0.7280109889280518,0.7280109889280518,0.7280109889280518,0.7280109889280518,0.7280109889280518,0.7280109889280518,0.7280109889280518,0.7280109889280518,0.7433034373659253,0.7433034373659253,0.7433034373659253,0.7433034373659253,0.7433034373659253,0.7433034373659253,0.7433034373659253,0.7433034373659253,0.7433034373659253,0.7433034373659253,0.7433034373659253,0.7433034373659253,3.0,3.0,3.0,3.0,3.0,3.0,3.0,3.0,3.0,3.0,3.0,3.0,3.0,3.0,3.0
v3_sc2_staging_20,L1,7,0.0035881734771929475,9.775298702821313e-05,2,0,2.0,0.05,0.05,0.2,0.20615528128088303,0.20615528128088303,0.20615528128088303,0.20615528128088303,0.20615528128088303,0.20615528128088303,0.20615528128088303,0.20615528128088303,0.20615528128088303,0.20615528128088303,0.20615528128088303,0.20615528128088303,0.20615528128088303,0.20615528128088303,0.20615528128088303,0.25,0.25,0.25,0.25,0.25,0.25,0.25,0.25,0.25,0.25,0.25,0.25,0.25,0.25495097567963926,0.25495097567963926,0.25495097567963926,0.25495097567963926,0.25495097567963926,0.25495097567963926,0.28284271247461906,0.28284271247461906,0.28284271247461906,0.28284271247461906,0.28284271247461906,0.28284271247461906,0.28284271247461906,0.28284271247461906,0.28284271247461906,0.28284271247461906,0.28284271247461906,0.28284271247461906,0.28284271247461906,0.28284271247461906,0.28284271247461906,1,0,2.0,0.05,0.05,0.45,0.45,0.45276925690687087,0.45276925690687087,0.4716990566028302,0.4716990566028302,0.4716990566028302,0.4716990566028302,0.4716990566028302,0.5315072906367325,0.5315072906367325,0.5315072906367325,0.5315072906367325,0.5315072906367325,0.5315072906367325,0.5315072906367325,0.5315072906367325,0.5315072906367325,0.97082439194738,0.97082439194738,0.97082439194738,0.97082439194738,0.97082439194738,1.0307764064044151,1.0307764064044151,1.0307764064044151,1.0307764064044151,3.0,3.0,3.0,3.0,3.0,3.0,3.0,3.0,3.0,3.0,3.0,3.0,3.0,3.0,3.0,3.0,3.0,3.0,3.0,3.0,3.0,3.0,3.0,1,0,2.0,0.05,0.05,0.6020797289396148,0.6020797289396148,0.6020797289396148,0.651920240520265,0.651920240520265,0.651920240520265,0.70178344238091,0.70178344238091,0.70178344238091,0.7516648189186454,0.7516648189186454,0.7516648189186454,0.7516648189186454,0.7516648189186454,0.7516648189186454,0.7516648189186454,0.7516648189186454,0.7516648189186454,0.7516648189186454,0.7516648189186454,0.7516648189186454,0.7516648189186454,0.7516648189186454,0.7516648189186454,0.7762087348130012,0.8015609770940699,0.8015609770940699,0.8015609770940699,0.8015609770940699,0.8558621384311845,0.8558621384311845,0.912414379544733,0.912414379544733,0.912414379544733,0.912414379544733,0.912414379544733,0.912414379544733,0.912414379544733,0.912414379544733,0.912414379544733,3.0,3.0,3.0,3.0,3.0,3.0,3.0,3.0,3.0,3.0
v3_sc2_staging_20,L1,8,0.00788109214422568,0.0008497736586994996,2,0,2.0,0.07071067811865477,0.07071067811865477,0.20615528128088303,0.20615528128088303,0.20615528128088303,0.20615528128088303,0.20615528128088303,0.20615528128088303,0.20615528128088303,0.25,0.25,0.25,0.25,0.25,0.25,0.25,0.25,0.25,0.25,0.25,0.25,0.25,0.25,0.25,0.25,0.25,0.25,0.25,0.25,0.25,0.25,0.25,0.25,0.25,0.25495097567963926,0.2692582403567252,0.28284271247461906,0.28284271247461906,0.28284271247461906,0.28284271247461906,0.28284271247461906,0.28284271247461906,0.28284271247461906,0.28284271247461906,0.28284271247461906,0.28284271247461906,0.28284271247461906,0.3354101966249685,0.3354101966249685,0.3354101966249685,0.3354101966249685,0.3354101966249685,1,0,2.0,0.07071067811865477,0.07071067811865477,0.42720018726587655,0.42720018726587655,0.42720018726587655,0.42720018726587655,0.42720018726587655,0.42720018726587655,0.42720018726587655,0.42720018726587655,0.42720018726587655,0.42720018726587655,0.4716990566028302,0.4716990566028302,0.4716990566028302,0.9617692030835672,0.9617692030835672,0.9617692030835672,0.9617692030835672,1.0012492197250393,1.0307764064044151,1.0307764064044151,1.0307764064044151,1.0307764064044151,1.0307764064044151,1.0307764064044151,1.0307764064044151,1.0307764064044151,1.0307764064044151,1.3124404748406688,1.3124404748406688,1.3124404748406688,1.3124404748406688,1.3124404748406688,1.3124404748406688,1.3124404748406688,1.3124404748406688,1.3124404748406688,1.3124404748406688,1.3124404748406688,3.0,3.0,3.0,3.0,3.0,3.0,3.0,3.0,3.0,3.0,3.0,3.0,1,0,2.0,0.05,0.05,0.6020797289396148,0.6020797289396148,0.608276253029822,0.608276253029822,0.608276253029822,0.70178344238091,0.70178344238091,0.7280109889280518,0.7280109889280518,0.7280109889280518,0.7280109889280518,0.7280109889280518,0.7280109889280518,0.7280109889280518,0.7280109889280518,0.7280109889280518,0.7280109889280518,0.7280109889280518,0.7280109889280518,0.7280109889280518,0.7280109889280518,0.7433034373659253,0.7433034373659253,0.7433034373659253,0.7433034373659253,0.7433034373659253,0.912414379544733,0.912414379544733,3.0,3.0,3.0,3.0,3.0,3.0,3.0,3.0,3.0,3.0,3.0,3.0,3.0,3.0,3.0,3.0,3.0,3.0,3.0,3.0,3.0,3.0
v3_sc2_staging_20,L1,9,0.0026889165265508576,0.0003428536930504951,2,0,2.0,0.05,0.05,0.2,0.20615528128088303,0.20615528128088303,0.20615528128088303,0.20615528128088303,0.20615528128088303,0.20615528128088303,0.20615528128088303,0.20615528128088303,0.20615528128088303,0.20615528128088303,0.20615528128088303,0.20615528128088303,0.20615528128088303,0.20615528128088303,0.20615528128088303,0.20615528128088303,0.20615528128088303,0.20615528128088303,0.21213203435596426,0.21213203435596426,0.21213203435596426,0.21213203435596426,0.25,0.25,0.25,0.25,0.2692582403567252,0.2692582403567252,0.2692582403567252,0.2692582403567252,0.2692582403567252,0.30000000000000004,0.30000000000000004,0.32015621187164245,0.32015621187164245,0.3354101966249685,0.3354101966249685,0.3354101966249685,0.3354101966249685,0.3354101966249685,0.3354101966249685,0.3354101966249685,0.3354101966249685,0.3354101966249685,0.3354101966249685,0.3354101966249685,0.3354101966249685,0.3354101966249685,0.3354101966249685,1,0,2.0,0.05,0.05,0.447213595499958,0.447213595499958,0.447213595499958,0.447213595499958,0.447213595499958,0.447213595499958,0.447213595499958,0.447213595499958,0.447213595499958,0.447213595499958,0.447213595499958,0.447213595499958,0.447213595499958,0.5315072906367325,0.5315072906367325,0.5315072906367325,0.5315072906367325,0.5315072906367325,0.97082439194738,0.97082439194738,0.97082439194738,1.0920164833920778,1.0920164833920778,1.0920164833920778,1.2349089035228469,1.2349089035228469,1.2349089035228469,1.2349089035228469,1.2349089035228469,1.2349089035228469,1.2349089035228469,1.2349089035228469,1.3,1.3,1.3,1.3,1.3,1.3,3.0,3.0,3.0,3.0,3.0,3.0,3.0,3.0,3.0,3.0,3.0,3.0,1,0,2.0,0.05,0.05,0.6020797289396148,0.6020797289396148,0.6020797289396148,0.651920240520265,0.651920240520265,0.70178344238091,0.70178344238091,0.70178344238091,0.7280109889280518,0.7280109889280518,0.7280109889280518,0.7280109889280518,0.7280109889280518,0.7280109889280518,0.7280109889280518,0.7280109889280518,0.7280109889280518,0.7516648189186454,0.7516648189186454,0.7516648189186454,0.7516648189186454,0.7516648189186454,0.7516648189186454,0.7516648189186454,0.8015609770940699,0.8015609770940699,0.8015609770940699,0.8015609770940699,0.8015609770940699,0.8558621384311845,0.8558621384311845,0.8558621384311845,0.8558621384311845,0.8558621384311845,0.8558621384311845,0.8558621384311845,0.8558621384311845,0.8558621384311845,0.8558621384311845,0.8558621384311845,0.8558621384311845,0.8558621384311845,0.8558621384311845,0.8558621384311845,0.8558621384311845,0.8558621384311845,0.912414379544733,0.912414379544733,0.912414379544733,0.912414379544733
v3_sc2_staging_20,L2,0,0.010560118139909124,0.0014910249876919155,2,0,2.0,0.05,0.05,0.223606797749979,0.223606797749979,0.223606797749979,0.223606797749979,0.223606797749979,0.223606797749979,0.2692582403567252,0.2692582403567252,0.2692582403567252,0.2692582403567252,0.2692582403567252,0.2692582403567252,0.2692582403567252,0.2692582403567252,0.2692582403567252,0.2692582403567252,0.2692582403567252,0.2692582403567252,0.2692582403567252,0.2692582403567252,0.2692582403567252,0.2692582403567252,0.2692582403567252,0.2692582403567252,0.2692582403567252,0.2692582403567252,0.2692582403567252,0.2692582403567252,0.2692582403567252,0.2692582403567252,0.2692582403567252,0.2692582403567252,0.2692582403567252,0.2692582403567252,0.2692582403567252,0.2692582403567252,0.2692582403567252,0.2692582403567252,0.2692582403567252,0.29154759474226505,0.29154759474226505,0.29154759474226505,0.29154759474226505,0.29154759474226505,0.29154759474226505,0.29154759474226505,0.29154759474226505,0.29154759474226505,0.29154759474226505,0.29154759474226505,1,0,2.0,0.05,0.05,0.4609772228646444,0.4609772228646444,0.47434164902525694,0.5,0.5,0.5,0.5656854249492381,0.5656854249492381,0.5656854249492381,0.5656854249492381,0.9340770846134703,0.9500000000000001,0.9500000000000001,0.95524865872714,0.95524865872714,0.9656603957913984,0.9656603957913984,0.9656603957913984,0.9656603957913984,0.9656603957913984,0.9656603957913984,1.0793516572461452,1.0793516572461452,1.0793516572461452,1.2175795661885922,1.2175795661885922,1.2175795661885922,1.2175795661885922,1.2369316876852983,1.2980754985747172,1.2980754985747172,1.2980754985747172,1.2980754985747172,1.2980754985747172,1.2980754985747172,3.0,3.0,3.0,3.0,3.0,3.0,3.0,3.0,3.0,3.0,3.0,3.0,3.0,3.0,3.0,1,0,2.0,0.05,0.05,0.6020797289396148,0.6020797289396148,0.608276253029822,0.608276253029822,0.70178344238091,0.70178344238091,0.70178344238091,0.70178344238091,0.70178344238091,0.7280109889280518,0.7280109889280518,0.7280109889280518,0.7280109889280518,0.7280109889280518,0.7280109889280518,0.7433034373659253,0.7433034373659253,0.7433034373659253,0.7433034373659253,0.7433034373659253,0.7433034373659253,0.7433034373659253,0.7433034373659253,0.7433034373659253,0.7433034373659253,0.7433034373659253,0.7433034373659253,0.7433034373659253,0.7566372975210779,0.7566372975210779,0.7566372975210779,0.7566372975210779,0.7566372975210779,0.7566372975210779,0.7566372975210779,0.7566372975210779,0.7566372975210779,0.7566372975210779,0.7566372975210779,0.7566372975210779,0.7566372975210779,0.7566372975210779,0.7566372975210779,0.7566372975210779,0.7566372975210779,0.7566372975210779,0.7566372975210779,3.0,3.0,3.0
v3_sc2_staging_20,L2,1,0.01638904984451868,0.0020593115327951135,2,0,2.0,0.05,0.05,0.15000000000000002,0.2,0.223606797749979,0.223606797749979,0.223606797749979,0.223606797749979,0.223606797749979,0.223606797749979,0.2692582403567252,0.2692582403567252,0.2692582403567252,0.2692582403567252,0.2692582403567252,0.2692582403567252,0.2692582403567252,0.2692582403567252,0.2692582403567252,0.2692582403567252,0.2692582403567252,0.2692582403567252,0.2692582403567252,0.2692582403567252,0.2692582403567252,0.2692582403567252,0.2692582403567252,0.2692582403567252,0.2692582403567252,0.2692582403567252,0.2692582403567252,0.2692582403567252,0.2692582403567252,0.2692582403567252,0.2692582403567252,0.2692582403567252,0.2692582403567252,0.2692582403567252,0.2692582403567252,0.2692582403567252,0.2692582403567252,0.35000000000000003,0.35000000000000003,0.35000000000000003,0.35000000000000003,0.35000000000000003,0.35000000000000003,0.35000000000000003,0.35000000000000003,0.35000000000000003,0.35000000000000003,0.35000000000000003,1,0,2.0,0.07071067811865477,0.07071067811865477,0.47434164902525694,0.47434164902525694,0.47434164902525694,0.47434164902525694,0.47434164902525694,0.47434164902525694,0.47434164902525694,0.47434164902525694,0.47434164902525694,0.47434164902525694,0.6020797289396148,0.6020797289396148,0.6020797289396148,0.6020797289396148,0.6020797289396148,0.6020797289396148,0.6020797289396148,0.6020797289396148,1.0124228365658294,1.0124228365658294,1.0124228365658294,1.0124228365658294,1.0124228365658294,1.0688779163215976,1.0688779163215976,1.0688779163215976,1.0688779163215976,1.2854960132182442,1.2854960132182442,1.2854960132182442,1.2854960132182442,1.2854960132182442,1.2854960132182442,1.2854960132182442,1.2854960132182442,3.0,3.0,3.0,3.0,3.0,3.0,3.0,3.0,3.0,3.0,3.0,3.0,3.0,3.0,3.0,1,0,2.0,0.05,0.05,0.6000000000000001,0.6020797289396148,0.6020797289396148,0.6020797289396148,0.651920240520265,0.651920240520265,0.7516648189186454,0.7516648189186454,0.7516648189186454,0.7516648189186454,0.7516648189186454,0.7516648189186454,0.7516648189186454,0.7516648189186454,0.7516648189186454,0.7648529270389178,0.7648529270389178,0.7648529270389178,0.7648529270389178,0.7648529270389178,0.7648529270389178,0.7762087348130012,0.7762087348130012,0.8015609770940699,0.8015609770940699,0.8015609770940699,0.8015609770940699,0.8015609770940699,0.8015609770940699,3.0,3.0,3.0,3.0,3.0,3.0,3.0,3.0,3.0,3.0,3.0,3.0,3.0,3.0,3.0,3.0,3.0,3.0,3.0,3.0,3.0
v3_sc2_staging_20,L2,2,0.00641327000217869,0.0009487049549239292,2,0,2.0,0.05,0.05,0.2,0.25,0.25,0.25,0.25,0.25,0.25,0.25,0.25,0.25,0.25,0.25,0.25,0.25,0.25,0.25,0.25,0.25,0.25,0.25,0.25,0.25,0.25,0.25,0.25,0.25,0.25,0.25495097567963926,0.25495097567963926,0.25495097567963926,0.25495097567963926,0.29154759474226505,0.29154759474226505,0.29154759474226505,0.29154759474226505,0.29154759474226505,0.29154759474226505,0.29154759474226505,0.29154759474226505,0.29154759474226505,0.35000000000000003,0.35000000000000003,0.35000000000000003,0.35000000000000003,0.35000000000000003,0.35000000000000003,0.35000000000000003,0.35000000000000003,0.35000000000000003,0.35000000000000003,1,0,2.0,0.05,0.05,0.447213595499958,0.447213595499958,0.447213595499958,0.447213595499958,0.447213595499958,0.447213595499958,0.447213595499958,0.447213595499958,0.447213595499958,0.447213595499958,0.447213595499958,0.447213595499958,0.447213595499958,0.8746427842267951,0.8746427842267951,0.9500000000000001,0.9500000000000001,0.9500000000000001,0.9500000000000001,0.9500000000000001,0.9500000000000001,0.97082439194738,1.0,1.0,1.0,1.0,1.0,1.0735455276791945,1.0735455276791945,1.2083045973594573,1.2083045973594573,1.2083045973594573,1.2083045973594573,1.2083045973594573,1.2083045973594573,1.2083045973594573,1.2083045973594573,1.2083045973594573,1.2083045973594573,1.2083045973594573,1.2083045973594573,1.2083045973594573,1.2083045973594573,3.0,3.0,3.0,3.0,3.0,3.0,3.0,1,0,2.0,0.05,0.05,0.6020797289396148,0.608276253029822,0.608276253029822,0.608276253029822,0.608276253029822,0.608276253029822,0.608276253029822,0.608276253029822,0.70178344238091,0.7516648189186454,0.7516648189186454,0.7516648189186454,0.7516648189186454,0.7516648189186454,0.7516648189186454,0.7516648189186454,0.7516648189186454,0.7516648189186454,0.7516648189186454,0.7516648189186454,0.7516648189186454,0.7516648189186454,0.7762087348130012,0.7762087348130012,0.7905694150420949,0.7905694150420949,0.8631338250816034,0.8631338250816034,0.8631338250816034,3.0,3.0,3.0,3.0,3.0,3.0,3.0,3.0,3.0,3.0,3.0,3.0,3.0,3.0,3.0,3.0,3.0,3.0,3.0,3.0,3.0
v3_sc2_staging_20,L2,3,0.012881559020473408,0.0008770166988224551,2,0,2.0,0.07071067811865477,0.07071067811865477,0.25,0.25,0.25,0.25,0.25,0.25,0.25,0.25,0.25,0.25,0.25,0.25,0.25,0.25,0.25,0.25,0.25,0.25,0.25,0.25,0.25,0.25,0.25,0.25,0.25,0.25,0.25,0.25,0.25,0.25,0.25,0.25495097567963926,0.25495097567963926,0.25495097567963926,0.25495097567963926,0.25495097567963926,0.25495097567963926,0.25495097567963926,0.25495097567963926,0.25495097567963926,0.25495097567963926,0.25495097567963926,0.25495097567963926,0.25495097567963926,0.25495097567963926,0.29154759474226505,0.29154759474226505,0.29154759474226505,0.29154759474226505,0.29154759474226505,1,0,2.0,0.05,0.05,0.41231056256176607,0.41231056256176607,0.41231056256176607,0.41231056256176607,0.41231056256176607,0.41231056256176607,0.447213595499958,0.447213595499958,0.447213595499958,0.447213595499958,0.447213595499958,0.447213595499958,0.4716990566028302,0.4716990566028302,0.4716990566028302,0.49244289008980524,0.49244289008980524,0.49244289008980524,0.9219544457292888,0.9219544457292888,0.9219544457292888,0.9219544457292888,0.9219544457292888,0.9219544457292888,0.9219544457292888,0.9219544457292888,0.9219544457292888,0.9219544457292888,0.9219544457292888,0.9219544457292888,0.9219544457292888,1.2020815280171309,1.2020815280171309,1.2020815280171309,1.2020815280171309,1.2020815280171309,1.2020815280171309,1.2020815280171309,1.2257650672131264,1.2257650672131264,1.2257650672131264,1.2257650672131264,1.2257650672131264,1.2257650672131264,1.2257650672131264,1.2257650672131264,1.2257650672131264,1.2257650672131264,1.2257650672131264,1.2257650672131264,1,0,2.0,0.05,0.05,0.608276253029822,0.608276253029822,0.608276253029822,0.608276253029822,0.70178344238091,0.70178344238091,0.7516648189186454,0.7516648189186454,0.7516648189186454,0.7516648189186454,0.7516648189186454,0.7516648189186454,0.7516648189186454,0.7516648189186454,0.7516648189186454,0.7516648189186454,0.7516648189186454,0.7516648189186454,0.7516648189186454,0.7516648189186454,0.7516648189186454,0.7762087348130012,0.7762087348130012,0.7762087348130012,0.7762087348130012,0.8015609770940699,0.8015609770940699,0.8015609770940699,0.8015609770940699,0.912414379544733,0.912414379544733,0.912414379544733,0.912414379544733,0.912414379544733,0.912414379544733,0.912414379544733,3.0,3.0,3.0,3.0,3.0,3.0,3.0,3.0,3.0,3.0,3.0,3.0,3.0,3.0
v3_sc2_staging_20,L2,4,0.03848787729737147,0.0035965985491527123,2,0,2.0,0.07071067811865477,0.05,0.20615528128088303,0.20615528128088303,0.20615528128088303,0.20615528128088303,0.20615528128088303,0.20615528128088303,0.20615528128088303,0.20615528128088303,0.20615528128088303,0.20615528128088303,0.20615528128088303,0.20615528128088303,0.20615528128088303,0.20615528128088303,0.20615528128088303,0.20615528128088303,0.20615528128088303,0.20615528128088303,0.20615528128088303,0.20615528128088303,0.20615528128088303,0.20615528128088303,0.20615528128088303,0.20615528128088303,0.20615528128088303,0.20615528128088303,0.223606797749979,0.223606797749979,0.223606797749979,0.223606797749979,0.223606797749979,0.25,0.25,0.25,0.25,0.25,0.25,0.25,0.25,0.2692582403567252,0.2692582403567252,0.2692582403567252,0.2692582403567252,0.2692582403567252,0.2692582403567252,0.304138126514911,0.304138126514911,0.304138126514911,0.304138126514911,0.304138126514911,1,0,2.0,0.05,0.05,0.45276925690687087,0.4609772228646444,0.4609772228646444,0.4609772228646444,0.4609772228646444,0.4609772228646444,0.4716990566028302,0.4716990566028302,0.4716990566028302,0.4716990566028302,0.4716990566028302,0.4716990566028302,0.4716990566028302,0.8602325267042628,0.8602325267042628,0.9656603957913984,0.9656603957913984,0.9656603957913984,0.9656603957913984,0.9656603957913984,0.9962429422585638,0.9962429422585638,0.9962429422585638,0.9962429422585638,0.9962429422585638,0.9962429422585638,0.9962429422585638,0.9962429422585638,0.9962429422585638,0.9962429422585638,0.9962429422585638,3.0,3.0,3.0,3.0,3.0,3.0,3.0,3.0,3.0,3.0,3.0,3.0,3.0,3.0,3.0,3.0,3.0,3.0,3.0,1,0,2.0,0.05,0.05,0.6020797289396148,0.6020797289396148,0.651920240520265,0.70178344238091,0.70178344238091,0.70178344238091,0.75,0.75,0.7516648189186454,0.7516648189186454,0.7516648189186454,0.7516648189186454,0.7516648189186454,0.7516648189186454,0.7516648189186454,0.7516648189186454,0.7516648189186454,0.7762087348130012,0.7762087348130012,0.7762087348130012,0.7762087348130012,0.7762087348130012,0.7762087348130012,0.7762087348130012,0.7762087348130012,0.8015609770940699,0.8015609770940699,0.8015609770940699,0.8015609770940699,0.8015609770940699,0.8381527307120106,0.8381527307120106,0.8381527307120106,0.8558621384311845,0.8558621384311845,0.8558621384311845,0.8558621384311845,0.8558621384311845,0.8558621384311845,0.8558621384311845,0.8558621384311845,3.0,3.0,3.0,3.0,3.0,3.0,3.0,3.0,3.0
v3_sc2_staging_20,L2,5,0.033509888042424635,0.005467172502562268,2,0,2.0,0.05,0.05,0.158113883008419,0.158113883008419,0.2,0.20615528128088303,0.20615528128088303,0.20615528128088303,0.20615528128088303,0.20615528128088303,0.20615528128088303,0.20615528128088303,0.20615528128088303,0.20615528128088303,0.223606797749979,0.223606797749979,0.223606797749979,0.223606797749979,0.223606797749979,0.223606797749979,0.223606797749979,0.223606797749979,0.29154759474226505,0.29154759474226505,0.29154759474226505,0.29154759474226505,0.29154759474226505,0.29154759474226505,0.29154759474226505,0.29154759474226505,0.29154759474226505,0.29154759474226505,0.29154759474226505,0.29154759474226505,0.29154759474226505,0.29154759474226505,0.29154759474226505,0.29154759474226505,0.29154759474226505,0.29154759474226505,0.29154759474226505,0.304138126514911,0.304138126514911,0.304138126514911,0.304138126514911,0.304138126514911,0.304138126514911,0.32015621187164245,0.32015621187164245,0.36055512754639896,0.36055512754639896,0.36055512754639896,1,0,2.0,0.05,0.05,0.4609772228646444,0.4609772228646444,0.4609772228646444,0.4609772228646444,0.4609772228646444,0.4609772228646444,0.47434164902525694,0.47434164902525694,0.47434164902525694,0.8602325267042628,0.873212459828649,0.873212459828649,0.873212459828649,0.873212459828649,0.873212459828649,0.873212459828649,0.873212459828649,0.873212459828649,0.873212459828649,0.9617692030835672,0.9617692030835672,0.97082439194738,0.97082439194738,1.0920164833920778,1.0920164833920778,1.0920164833920778,1.0920164833920778,1.0920164833920778,1.2369316876852983,3.0,3.0,3.0,3.0,3.0,3.0,3.0,3.0,3.0,3.0,3.0,3.0,3.0,3.0,3.0,3.0,3.0,3.0,3.0,3.0,3.0,1,0,2.0,0.05,0.05,0.6020797289396148,0.6020797289396148,0.6020797289396148,0.651920240520265,0.651920240520265,0.70178344238091,0.70178344238091,0.70178344238091,0.70178344238091,0.70178344238091,0.70178344238091,0.70178344238091,0.7516648189186454,0.7516648189186454,0.7516648189186454,0.7516648189186454,0.7516648189186454,0.7516648189186454,0.7516648189186454,0.7516648189186454,0.7516648189186454,0.7516648189186454,0.7516648189186454,0.7516648189186454,0.7516648189186454,0.7516648189186454,0.7516648189186454,0.8015609770940699,0.8015609770940699,0.8015609770940699,0.8015609770940699,0.8015609770940699,0.8246211251235321,0.8558621384311845,0.8558621384311845,0.8558621384311845,0.8558621384311845,0.8558621384311845,3.0,3.0,3.0,3.0,3.0,3.0,3.0,3.0,3.0,3.0,3.0,3.0
v3_sc2_staging_20,L2,6,0.02705069864639119,0.0037750144071814814,2,0,2.0,0.07071067811865477,0.07071067811865477,0.1118033988749895,0.158113883008419,0.20615528128088303,0.20615528128088303,0.20615528128088303,0.20615528128088303,0.20615528128088303,0.20615528128088303,0.29154759474226505,0.29154759474226505,0.29154759474226505,0.29154759474226505,0.29154759474226505,0.29154759474226505,0.29154759474226505,0.29154759474226505,0.29154759474226505,0.29154759474226505,0.29154759474226505,0.29154759474226505,0.29154759474226505,0.29154759474226505,0.29154759474226505,0.29154759474226505,0.29154759474226505,0.29154759474226505,0.29154759474226505,0.29154759474226505,0.29154759474226505,0.29154759474226505,0.3354101966249685,0.3354101966249685,0.3354101966249685,0.3354101966249685,0.3354101966249685,0.3354101966249685,0.3354101966249685,0.3354101966249685,0.3354101966249685,0.3535533905932738,0.3535533905932738,0.36055512754639896,0.36055512754639896,0.36055512754639896,0.36055512754639896,0.36055512754639896,0.36055512754639896,0.3640054944640259,0.3640054944640259,0.3640054944640259,1,0,2.0,0.05,0.05,0.47434164902525694,0.47434164902525694,0.47434164902525694,0.47434164902525694,0.47434164902525694,0.47434164902525694,0.47434164902525694,0.49244289008980524,0.49244289008980524,0.49244289008980524,0.8544003745317531,0.8544003745317531,0.9055385138137417,0.9178779875342911,0.9178779875342911,0.9340770846134703,0.9340770846134703,0.9340770846134703,0.9340770846134703,0.9340770846134703,0.9394147114027969,0.9394147114027969,0.9394147114027969,0.9394147114027969,0.9394147114027969,1.0307764064044151,1.0307764064044151,1.0307764064044151,1.0307764064044151,1.2369316876852983,1.2369316876852983,1.2369316876852983,1.2369316876852983,1.2369316876852983,1.2369316876852983,1.2369316876852983,1.2369316876852983,1.2369316876852983,1.2369316876852983,1.2369316876852983,1.2369316876852983,3.0,3.0,3.0,3.0,3.0,3.0,3.0,3.0,3.0,1,0,2.0,0.05,0.05,0.608276253029822,0.608276253029822,0.608276253029822,0.608276253029822,0.70178344238091,0.7516648189186454,0.7566372975210779,0.7566372975210779,0.7566372975210779,0.7566372975210779,0.7566372975210779,0.7566372975210779,0.7566372975210779,0.7566372975210779,0.7566372975210779,0.7566372975210779,0.7566372975210779,0.7566372975210779,0.7566372975210779,0.7566372975210779,0.7566372975210779,0.7566372975210779,0.7566372975210779,0.7566372975210779,0.7566372975210779,0.7566372975210779,0.7566372975210779,0.7566372975210779,0.7566372975210779,0.7566372975210779,0.7566372975210779,0.7566372975210779,0.7566372975210779,0.7566372975210779,0.7566372975210779,0.7566372975210779,0.7566372975210779,0.9219544457292888,0.9219544457292888,0.9219544457292888,0.9219544457292888,0.9219544457292888,0.9219544457292888,0.9219544457292888,0.9219544457292888,0.9219544457292888,0.9219544457292888,0.9219544457292888,0.9219544457292888,0.9219544457292888
v3_sc2_staging_20,L2,7,0.017935798081543736,0.00047100026590543364,2,0,2.0,0.05,0.05,0.2,0.20615528128088303,0.223606797749979,0.223606797749979,0.223606797749979,0.223606797749979,0.223606797749979,0.223606797749979,0.223606797749979,0.223606797749979,0.223606797749979,0.223606797749979,0.223606797749979,0.223606797749979,0.223606797749979,0.223606797749979,0.223606797749979,0.223606797749979,0.223606797749979,0.223606797749979,0.25,0.25,0.25,0.25,0.25,0.25,0.25,0.25,0.25495097567963926,0.25495097567963926,0.25495097567963926,0.25495097567963926,0.25495097567963926,0.25495097567963926,0.25495097567963926,0.25495097567963926,0.25495097567963926,0.25495097567963926,0.25495097567963926,0.28284271247461906,0.28284271247461906,0.28284271247461906,0.28284271247461906,0.28284271247461906,0.28284271247461906,0.28284271247461906,0.28284271247461906,0.28284271247461906,0.28284271247461906,0.28284271247461906,1,0,2.0,0.05,0.05,0.45,0.45,0.45,0.45,0.4716990566028302,0.4716990566028302,0.4716990566028302,0.4716990566028302,0.4716990566028302,0.4716990566028302,0.4716990566028302,0.4716990566028302,0.4716990566028302,0.8746427842267951,0.8746427842267951,0.9055385138137417,0.9055385138137417,0.9394147114027969,0.9394147114027969,0.9394147114027969,0.9394147114027969,1.0307764064044151,1.0307764064044151,1.0307764064044151,1.0307764064044151,1.0307764064044151,1.0307764064044151,1.3829316685939332,1.3829316685939332,3.0,3.0,3.0,3.0,3.0,3.0,3.0,3.0,3.0,3.0,3.0,3.0,3.0,3.0,3.0,3.0,3.0,3.0,3.0,3.0,3.0,1,0,2.0,0.05,0.05,0.6020797289396148,0.6020797289396148,0.6020797289396148,0.651920240520265,0.70178344238091,0.70178344238091,0.70178344238091,0.70178344238091,0.70178344238091,0.70178344238091,0.70178344238091,0.70178344238091,0.7516648189186454,0.7516648189186454,0.7516648189186454,0.7516648189186454,0.7516648189186454,0.7516648189186454,0.7516648189186454,0.7516648189186454,0.7516648189186454,0.7516648189186454,0.7516648189186454,0.7516648189186454,0.7516648189186454,0.7516648189186454,0.7516648189186454,0.8015609770940699,0.8015609770940699,0.8631338250816034,0.8631338250816034,0.8631338250816034,0.8631338250816034,0.8631338250816034,0.8631338250816034,0.912414379544733,0.912414379544733,0.912414379544733,0.912414379544733,0.912414379544733,0.912414379544733,0.912414379544733,0.912414379544733,0.912414379544733,0.912414379544733,0.912414379544733,0.912414379544733,0.912414379544733,0.912414379544733,0.912414379544733
v3_sc2_staging_20,L2,8,0.039174345372453824,0.00422308208621242,2,0,2.0,0.07071067811865477,0.07071067811865477,0.2,0.2,0.2,0.2,0.20615528128088303,0.20615528128088303,0.20615528128088303,0.20615528128088303,0.20615528128088303,0.20615528128088303,0.20615528128088303,0.20615528128088303,0.20615528128088303,0.20615528128088303,0.223606797749979,0.223606797749979,0.223606797749979,0.223606797749979,0.223606797749979,0.25,0.25,0.25,0.25,0.25,0.25495097567963926,0.25495097567963926,0.25495097567963926,0.25495097567963926,0.25495097567963926,0.25495097567963926,0.25495097567963926,0.25495097567963926,0.25495097567963926,0.25495097567963926,0.25495097567963926,0.25495097567963926,0.25495097567963926,0.25495097567963926,0.25495097567963926,0.29154759474226505,0.29154759474226505,0.29154759474226505,0.29154759474226505,0.29154759474226505,0.29154759474226505,0.29154759474226505,0.29154759474226505,0.29154759474226505,0.3354101966249685,0.3354101966249685,1,0,2.0,0.05,0.05,0.45276925690687087,0.45276925690687087,0.45276925690687087,0.45276925690687087,0.45276925690687087,0.45276925690687087,0.45276925690687087,0.4609772228646444,0.4609772228646444,0.4609772228646444,0.4609772228646444,0.4609772228646444,0.47434164902525694,0.47434164902525694,0.47434164902525694,0.47434164902525694,0.47434164902525694,0.47434164902525694,0.5408326913195984,0.5408326913195984,0.5408326913195984,0.5408326913195984,0.5408326913195984,0.5408326913195984,0.5408326913195984,0.5408326913195984,0.5408326913195984,0.6020797289396148,0.6020797289396148,0.632455532033676,1.3729530217745982,1.3729530217745982,1.3729530217745982,1.3729530217745982,1.3729530217745982,1.3729530217745982,3.0,3.0,3.0,3.0,3.0,3.0,3.0,3.0,3.0,3.0,3.0,3.0,3.0,3.0,1,0,2.0,0.05,0.05,0.6020797289396148,0.608276253029822,0.608276253029822,0.608276253029822,0.608276253029822,0.608276253029822,0.70178344238091,0.70178344238091,0.70178344238091,0.70178344238091,0.7516648189186454,0.7516648189186454,0.7516648189186454,0.7516648189186454,0.7516648189186454,0.7516648189186454,0.7516648189186454,0.7762087348130012,0.7762087348130012,0.7762087348130012,0.7762087348130012,0.7762087348130012,0.7762087348130012,0.7762087348130012,0.7762087348130012,0.8631338250816034,0.9055385138137417,0.9055385138137417,0.9055385138137417,0.9055385138137417,0.9055385138137417,0.9055385138137417,3.0,3.0,3.0,3.0,3.0,3.0,3.0,3.0,3.0,3.0,3.0,3.0,3.0,3.0,3.0,3.0,3.0,3.0
v3_sc2_staging_20,L2,9,0.013499658788774448,0.0017292544871951052,2,0,2.0,0.05,0.05,0.2,0.20615528128088303,0.20615528128088303,0.20615528128088303,0.20615528128088303,0.20615528128088303,0.20615528128088303,0.20615528128088303,0.20615528128088303,0.20615528128088303,0.20615528128088303,0.20615528128088303,0.20615528128088303,0.20615528128088303,0.20615528128088303,0.20615528128088303,0.20615528128088303,0.20615528128088303,0.20615528128088303,0.20615528128088303,0.20615528128088303,0.20615528128088303,0.20615528128088303,0.20615528128088303,0.20615528128088303,0.20615528128088303,0.223606797749979,0.223606797749979,0.223606797749979,0.25,0.25,0.25,0.25,0.25,0.25,0.25,0.25,0.25,0.25,0.25,0.25,0.25,0.25,0.25,0.25,0.25,0.25,0.25,0.25,0.25,1,0,2.0,0.07071067811865477,0.07071067811865477,0.42720018726587655,0.42720018726587655,0.45276925690687087,0.45276925690687087,0.45276925690687087,0.4609772228646444,0.4609772228646444,0.4609772228646444,0.4609772228646444,0.4609772228646444,0.9013878188659974,0.9013878188659974,0.9013878188659974,0.9178779875342911,0.9178779875342911,0.9617692030835672,0.9617692030835672,0.982344135219425,0.982344135219425,0.982344135219425,0.982344135219425,0.982344135219425,0.982344135219425,0.982344135219425,0.982344135219425,0.982344135219425,0.982344135219425,0.982344135219425,0.982344135219425,0.982344135219425,0.982344135219425,0.982344135219425,1.2349089035228469,1.2349089035228469,1.2349089035228469,1.2349089035228469,3.0,3.0,3.0,3.0,3.0,3.0,3.0,3.0,3.0,3.0,3.0,3.0,3.0,3.0,1,0,2.0,0.07071067811865477,0.07071067811865477,0.6020797289396148,0.6020797289396148,0.6020797289396148,0.651920240520265,0.70178344238091,0.75,0.75,0.75,0.75,0.75,0.75,0.7516648189186454,0.7516648189186454,0.7516648189186454,0.7516648189186454,0.7516648189186454,0.7516648189186454,0.7516648189186454,0.7516648189186454,0.7516648189186454,0.7516648189186454,0.7516648189186454,0.7516648189186454,0.7516648189186454,0.7516648189186454,0.7516648189186454,0.7516648189186454,0.7516648189186454,0.8015609770940699,0.8015609770940699,0.8015609770940699,0.8015609770940699,0.8015609770940699,0.8246211251235321,0.8246211251235321,0.8246211251235321,0.912414379544733,0.912414379544733,0.912414379544733,0.912414379544733,0.912414379544733,0.912414379544733,0.912414379544733,0.912414379544733,0.912414379544733,0.912414379544733,0.912414379544733,3.0,3.0,3.0
v3_sc2_staging_20,L3,0,0.033059054975121085,0.004677331934451984,2,0,2.0,0.07071067811865477,0.07071067811865477,0.158113883008419,0.158113883008419,0.2,0.20615528128088303,0.20615528128088303,0.20615528128088303,0.20615528128088303,0.20615528128088303,0.223606797749979,0.223606797749979,0.223606797749979,0.223606797749979,0.223606797749979,0.223606797749979,0.223606797749979,0.223606797749979,0.223606797749979,0.223606797749979,0.223606797749979,0.223606797749979,0.25,0.25,0.25,0.25,0.25,0.25,0.2692582403567252,0.2692582403567252,0.2692582403567252,0.2692582403567252,0.2692582403567252,0.2692582403567252,0.2692582403567252,0.2692582403567252,0.32015621187164245,0.32015621187164245,0.32015621187164245,0.32015621187164245,0.32015621187164245,0.3354101966249685,0.3354101966249685,0.3354101966249685,0.3354101966249685,0.3354101966249685,0.3354101966249685,0.3354101966249685,0.3354101966249685,0.3905124837953327,0.4,0.4,1,0,2.0,0.1,0.1,0.447213595499958,0.447213595499958,0.447213595499958,0.447213595499958,0.447213595499958,0.447213595499958,0.447213595499958,0.447213595499958,0.447213595499958,0.8602325267042628,0.8602325267042628,0.8602325267042628,0.8602325267042628,0.8602325267042628,0.8602325267042628,0.9013878188659974,0.9013878188659974,0.9013878188659974,0.9013878188659974,0.9219544457292888,0.9219544457292888,1.0111874208078342,1.019803902718557,1.019803902718557,1.019803902718557,1.019803902718557,1.019803902718557,1.019803902718557,1.019803902718557,1.019803902718557,1.019803902718557,3.0,3.0,3.0,3.0,3.0,3.0,3.0,3.0,3.0,3.0,3.0,3.0,3.0,3.0,3.0,3.0,3.0,3.0,3.0,1,0,2.0,0.05,0.05,0.608276253029822,0.608276253029822,0.608276253029822,0.608276253029822,0.608276253029822,0.608276253029822,0.70178344238091,0.70178344238091,0.7516648189186454,0.7516648189186454,0.7516648189186454,0.7516648189186454,0.7516648189186454,0.7762087348130012,0.7762087348130012,0.7762087348130012,0.7762087348130012,0.7762087348130012,0.7762087348130012,0.7762087348130012,0.7762087348130012,0.7905694150420949,0.7905694150420949,0.7905694150420949,0.7905694150420949,0.7905694150420949,0.7905694150420949,0.7905694150420949,0.7905694150420949,0.8631338250816034,0.8631338250816034,0.8631338250816034,0.8631338250816034,0.8631338250816034,0.8631338250816034,3.0,3.0,3.0,3.0,3.0,3.0,3.0,3.0,3.0,3.0,3.0,3.0,3.0,3.0,3.0
v3_sc2_staging_20,L3,1,0.05131040363274563,0.006458443556506351,2,0,2.0,0.07071067811865477,0.07071067811865477,0.1118033988749895,0.158113883008419,0.158113883008419,0.158113883008419,0.18027756377319948,0.18027756377319948,0.18027756377319948,0.18027756377319948,0.18027756377319948,0.18027756377319948,0.18027756377319948,0.18027756377319948,0.18027756377319948,0.18027756377319948,0.18027756377319948,0.18027756377319948,0.18027756377319948,0.18027756377319948,0.18027756377319948,0.18027756377319948,0.18027756377319948,0.18027756377319948,0.18027756377319948,0.18027756377319948,0.18027756377319948,0.18027756377319948,0.20615528128088303,0.20615528128088303,0.20615528128088303,0.25,0.32015621187164245,0.32015621187164245,0.32015621187164245,0.32015621187164245,0.32015621187164245,0.32015621187164245,0.32015621187164245,0.3535533905932738,0.3535533905932738,0.3535533905932738,0.3535533905932738,0.3535533905932738,0.3535533905932738,0.3535533905932738,0.3535533905932738,0.3535533905932738,0.3535533905932738,0.3535533905932738,0.3905124837953327,0.3905124837953327,1,0,2.0,0.14142135623730953,0.14142135623730953,0.5099019513592785,0.5099019513592785,0.5099019513592785,0.5099019513592785,0.5099019513592785,0.5099019513592785,0.5147815070493501,0.5147815070493501,0.5147815070493501,0.5147815070493501,0.5147815070493501,0.5147815070493501,0.5147815070493501,0.5147815070493501,0.5385164807134504,0.5408326913195984,0.5408326913195984,0.5408326913195984,1.0606601717798214,1.0606601717798214,1.1280514172678477,1.1280514172678477,1.1423659658795864,1.1423659658795864,1.1423659658795864,1.1423659658795864,1.1423659658795864,1.2093386622447824,1.25,1.25,1.25,1.252996408614167,1.252996408614167,1.252996408614167,1.252996408614167,1.252996408614167,1.252996408614167,1.252996408614167,1.252996408614167,1.252996408614167,1.252996408614167,1.252996408614167,1.252996408614167,1.341640786499874,1.341640786499874,1.341640786499874,1.341640786499874,1.341640786499874,1.341640786499874,1.341640786499874,1,0,2.0,0.1118033988749895,0.1118033988749895,0.5024937810560445,0.5024937810560445,0.5024937810560445,0.5024937810560445,0.5024937810560445,0.5024937810560445,0.5024937810560445,0.6020797289396148,0.6020797289396148,0.651920240520265,0.651920240520265,0.651920240520265,0.651920240520265,0.651920240520265,0.6670832032063168,0.6670832032063168,0.6670832032063168,0.6670832032063168,0.6670832032063168,0.6670832032063168,0.6670832032063168,0.6670832032063168,0.6670832032063168,0.6670832032063168,0.6670832032063168,0.6670832032063168,0.6670832032063168,0.6670832032063168,0.7566372975210779,0.7566372975210779,0.7566372975210779,0.7566372975210779,0.7566372975210779,0.7566372975210779,3.0,3.0,3.0,3.0,3.0,3.0,3.0,3.0,3.0,3.0,3.0,3.0,3.0,3.0,3.0,3.0
v3_sc2_staging_20,L3,2,0.020061411511090903,0.0029689873209568208,2,0,2.0,0.07071067811865477,0.07071067811865477,0.15000000000000002,0.18027756377319948,0.18027756377319948,0.18027756377319948,0.20615528128088303,0.21213203435596426,0.21213203435596426,0.21213203435596426,0.21213203435596426,0.21213203435596426,0.21213203435596426,0.21213203435596426,0.21213203435596426,0.21213203435596426,0.21213203435596426,0.21213203435596426,0.21213203435596426,0.21213203435596426,0.21213203435596426,0.21213203435596426,0.21213203435596426,0.21213203435596426,0.21213203435596426,0.21213203435596426,0.21213203435596426,0.21213203435596426,0.21213203435596426,0.32015621187164245,0.32015621187164245,0.32015621187164245,0.32015621187164245,0.32015621187164245,0.32015621187164245,0.32015621187164245,0.32015621187164245,0.32015621187164245,0.3535533905932738,0.3535533905932738,0.3535533905932738,0.3535533905932738,0.3535533905932738,0.3535533905932738,0.3535533905932738,0.3535533905932738,0.3535533905932738,0.3535533905932738,0.3535533905932738,0.36055512754639896,0.36055512754639896,0.36055512754639896,1,0,2.0,0.14142135623730953,0.14142135623730953,0.4609772228646444,0.4609772228646444,0.4609772228646444,0.4609772228646444,0.4609772228646444,0.4609772228646444,0.4609772228646444,0.4609772228646444,0.4609772228646444,0.4609772228646444,0.4609772228646444,0.4609772228646444,0.4609772228646444,0.4609772228646444,0.4609772228646444,0.4609772228646444,0.4609772228646444,0.4609772228646444,0.5385164807134504,0.5385164807134504,0.5385164807134504,0.5408326913195984,0.5408326913195984,0.5408326913195984,0.5408326913195984,0.5408326913195984,0.5408326913195984,1.0547511554864495,1.0547511554864495,1.0547511554864495,1.0547511554864495,1.0547511554864495,1.0547511554864495,1.0547511554864495,1.0547511554864495,1.1661903789690602,1.1661903789690602,1.1661903789690602,1.1661903789690602,1.1661903789690602,1.1661903789690602,1.1661903789690602,1.1661903789690602,1.1661903789690602,1.1661903789690602,1.1661903789690602,1.1661903789690602,3.0,3.0,3.0,1,0,2.0,0.07071067811865477,0.07071067811865477,0.55,0.55,0.55,0.552268050859363,0.6020797289396148,0.651920240520265,0.651920240520265,0.651920240520265,0.651920240520265,0.651920240520265,0.6800735254367722,0.6800735254367722,0.6800735254367722,0.6800735254367722,0.6800735254367722,0.6800735254367722,0.6800735254367722,0.6800735254367722,0.6800735254367722,0.6800735254367722,0.6800735254367722,0.6800735254367722,0.6800735254367722,0.6800735254367722,0.6800735254367722,0.6800735254367722,0.6800735254367722,0.6800735254367722,0.6800735254367722,0.6800735254367722,0.6800735254367722,0.6800735254367722,3.0,3.0,3.0,3.0,3.0,3.0,3.0,3.0,3.0,3.0,3.0,3.0,3.0,3.0,3.0,3.0,3.0,3.0
v3_sc2_staging_20,L3,3,0.04038230305188275,0.0027379161285636944,2,0,2.0,0.158113883008419,0.1118033988749895,0.2,0.2,0.2,0.2,0.2,0.2,0.2,0.2,0.2,0.2,0.2,0.2,0.2,0.2,0.2,0.2,0.2,0.2,0.2,0.316227766016838,0.316227766016838,0.316227766016838,0.316227766016838,0.316227766016838,0.316227766016838,0.316227766016838,0.316227766016838,0.316227766016838,0.316227766016838,0.316227766016838,0.316227766016838,0.316227766016838,0.316227766016838,0.316227766016838,0.316227766016838,0.316227766016838,0.316227766016838,0.316227766016838,0.316227766016838,0.316227766016838,0.316227766016838,0.316227766016838,0.316227766016838,0.316227766016838,0.316227766016838,0.316227766016838,0.316227766016838,0.316227766016838,0.316227766016838,0.316227766016838,1,0,2.0,0.1,0.1,0.4301162633521314,0.4301162633521314,0.4301162633521314,0.4301162633521314,0.447213595499958,0.447213595499958,0.4716990566028302,0.4716990566028302,0.4716990566028302,0.4716990566028302,0.73824115301167,0.7433034373659253,0.7433034373659253,0.7433034373659253,0.7433034373659253,0.7433034373659253,0.7433034373659253,0.7433034373659253,0.7433034373659253,0.7433034373659253,0.7433034373659253,0.7433034373659253,0.7433034373659253,0.7433034373659253,0.7433034373659253,0.7433034373659253,0.7433034373659253,1.0735455276791945,1.0735455276791945,1.0735455276791945,1.0735455276791945,1.0735455276791945,1.0735455276791945,1.0735455276791945,1.0735455276791945,1.0735455276791945,1.0735455276791945,1.0735455276791945,1.0735455276791945,1.0735455276791945,1.0735455276791945,1.0735455276791945,1.0735455276791945,1.0735455276791945,1.0735455276791945,3.0,3.0,3.0,3.0,3.0,1,0,2.0,0.1118033988749895,0.1118033988749895,0.651920240520265,0.70178344238091,0.7071067811865476,0.7071067811865476,0.7071067811865476,0.7071067811865476,0.8015609770940699,0.8015609770940699,0.8015609770940699,0.8015609770940699,0.8246211251235321,0.8246211251235321,0.8246211251235321,0.8246211251235321,0.8246211251235321,0.8246211251235321,0.8246211251235321,0.8246211251235321,0.8381527307120106,0.8381527307120106,0.8381527307120106,0.8381527307120106,0.8381527307120106,0.8381527307120106,0.8381527307120106,0.8381527307120106,0.9617692030835672,0.9617692030835672,0.9617692030835672,0.9617692030835672,0.9617692030835672,0.9617692030835672,0.9617692030835672,0.9617692030835672,0.9617692030835672,3.0,3.0,3.0,3.0,3.0,3.0,3.0,3.0,3.0,3.0,3.0,3.0,3.0,3.0,3.0
v3_sc2_staging_20,L3,4,0.12032818447109753,0.011268297476285612,2,0,2.0,0.07071067811865477,0.07071067811865477,0.20615528128088303,0.20615528128088303,0.20615528128088303,0.20615528128088303,0.20615528128088303,0.20615528128088303,0.20615528128088303,0.20615528128088303,0.20615528128088303,0.20615528128088303,0.20615528128088303,0.20615528128088303,0.20615528128088303,0.20615528128088303,0.20615528128088303,0.20615528128088303,0.20615528128088303,0.20615528128088303,0.20615528128088303,0.223606797749979,0.223606797749979,0.223606797749979,0.223606797749979,0.223606797749979,0.223606797749979,0.223606797749979,0.223606797749979,0.223606797749979,0.223606797749979,0.223606797749979,0.223606797749979,0.223606797749979,0.223606797749979,0.223606797749979,0.223606797749979,0.223606797749979,0.223606797749979,0.223606797749979,0.223606797749979,0.223606797749979,0.25,0.28284271247461906,0.28284271247461906,0.28284271247461906,0.28284271247461906,0.28284271247461906,0.28284271247461906,0.28284271247461906,0.28284271247461906,0.28284271247461906,1,0,2.0,0.05,0.05,0.42720018726587655,0.42720018726587655,0.42720018726587655,0.42720018726587655,0.42720018726587655,0.42720018726587655,0.45276925690687087,0.4609772228646444,0.6264982043070835,0.6264982043070835,0.6264982043070835,0.6264982043070835,0.6264982043070835,0.6264982043070835,0.6264982043070835,0.6264982043070835,0.9013878188659974,0.9617692030835672,0.9617692030835672,0.982344135219425,0.982344135219425,0.982344135219425,0.982344135219425,0.982344135219425,0.982344135219425,0.982344135219425,0.982344135219425,0.982344135219425,0.982344135219425,0.982344135219425,0.982344135219425,0.982344135219425,0.982344135219425,0.982344135219425,0.982344135219425,1.2539936203984454,1.2539936203984454,1.2539936203984454,1.5890248582070705,1.5890248582070705,1.5890248582070705,1.5890248582070705,1.5890248582070705,1.5890248582070705,1.5890248582070705,1.5890248582070705,1.5890248582070705,1.5890248582070705,1.5890248582070705,1.5890248582070705,1,0,2.0,0.05,0.05,0.6000000000000001,0.6020797289396148,0.6020797289396148,0.6020797289396148,0.75,0.75,0.75,0.75,0.75,0.7516648189186454,0.7516648189186454,0.7516648189186454,0.7516648189186454,0.7516648189186454,0.7516648189186454,0.7516648189186454,0.7516648189186454,0.7516648189186454,0.7516648189186454,0.7516648189186454,0.7516648189186454,0.8015609770940699,0.8015609770940699,0.8015609770940699,0.8015609770940699,0.8015609770940699,0.8015609770940699,0.8015609770940699,0.8558621384311845,0.8558621384311845,0.8558621384311845,0.8631338250816034,0.8631338250816034,0.8631338250816034,0.8631338250816034,0.8631338250816034,0.8631338250816034,0.8631338250816034,0.8631338250816034,0.8631338250816034,0.8631338250816034,3.0,3.0,3.0,3.0,3.0,3.0,3.0,3.0,3.0
v3_sc2_staging_20,L3,5,0.10541561585945043,0.01718962327507112,2,0,2.0,0.18027756377319948,0.14142135623730953,0.20615528128088303,0.20615528128088303,0.223606797749979,0.223606797749979,0.223606797749979,0.223606797749979,0.223606797749979,0.223606797749979,0.223606797749979,0.223606797749979,0.223606797749979,0.25,0.25,0.25,0.25,0.25,0.25,0.25,0.25,0.25,0.25,0.25,0.32015621187164245,0.32015621187164245,0.32015621187164245,0.32015621187164245,0.3535533905932738,0.3535533905932738,0.3535533905932738,0.3535533905932738,0.3535533905932738,0.3535533905932738,0.3535533905932738,0.3535533905932738,0.3535533905932738,0.3535533905932738,0.3535533905932738,0.3535533905932738,0.3535533905932738,0.3535533905932738,0.3535533905932738,0.3535533905932738,0.3535533905932738,0.3535533905932738,0.38078865529319544,0.38078865529319544,0.38078865529319544,0.38078865529319544,0.38078865529319544,0.38078865529319544,1,0,2.0,0.1,0.1,0.4242640687119285,0.4242640687119285,0.4242640687119285,0.4242640687119285,0.4242640687119285,0.4242640687119285,0.4242640687119285,0.4242640687119285,0.4242640687119285,0.4242640687119285,0.4242640687119285,0.4242640687119285,0.4242640687119285,0.4242640687119285,0.4609772228646444,0.4609772228646444,0.4609772228646444,0.4609772228646444,0.4609772228646444,0.4609772228646444,0.4609772228646444,0.4609772228646444,0.5408326913195984,0.7810249675906654,0.7810249675906654,0.7810249675906654,0.7810249675906654,0.7810249675906654,0.7810249675906654,0.7810249675906654,0.7810249675906654,0.7810249675906654,0.7810249675906654,0.7810249675906654,0.7810249675906654,0.7810249675906654,0.9219544457292888,0.9219544457292888,0.9219544457292888,0.9219544457292888,0.9219544457292888,0.9219544457292888,0.9219544457292888,0.9219544457292888,0.9219544457292888,0.9219544457292888,0.9219544457292888,0.9219544457292888,0.9219544457292888,0.9219544457292888,1,0,2.0,0.1118033988749895,0.1118033988749895,0.608276253029822,0.608276253029822,0.6576473218982953,0.6576473218982953,0.7071067811865476,0.7566372975210779,0.7566372975210779,0.7566372975210779,0.7566372975210779,0.7566372975210779,0.7566372975210779,0.7566372975210779,0.7566372975210779,0.7566372975210779,0.7566372975210779,0.7566372975210779,0.7566372975210779,0.7566372975210779,0.7905694150420949,0.7905694150420949,0.7905694150420949,0.7905694150420949,0.7905694150420949,0.7905694150420949,0.7905694150420949,0.7905694150420949,0.7905694150420949,0.7905694150420949,0.7905694150420949,0.7905694150420949,0.7905694150420949,0.7905694150420949,0.7905694150420949,0.7905694150420949,3.0,3.0,3.0,3.0,3.0,3.0,3.0,3.0,3.0,3.0,3.0,3.0,3.0,3.0,3.0,3.0
v3_sc2_staging_20,L3,6,0.08465448408560212,0.011868582697603366,2,0,2.0,0.15000000000000002,0.1118033988749895,0.21213203435596426,0.21213203435596426,0.21213203435596426,0.21213203435596426,0.25495097567963926,0.25495097567963926,0.25495097567963926,0.25495097567963926,0.25495097567963926,0.25495097567963926,0.25495097567963926,0.25495097567963926,0.25495097567963926,0.25495097567963926,0.25495097567963926,0.25495097567963926,0.25495097567963926,0.25495097567963926,0.25495097567963926,0.25495097567963926,0.25495097567963926,0.2692582403567252,0.2692582403567252,0.2692582403567252,0.2692582403567252,0.2692582403567252,0.2692582403567252,0.2692582403567252,0.2692582403567252,0.2692582403567252,0.3354101966249685,0.3354101966249685,0.3354101966249685,0.3354101966249685,0.3354101966249685,0.3354101966249685,0.3354101966249685,0.3354101966249685,0.3354101966249685,0.3354101966249685,0.3354101966249685,0.3354101966249685,0.3354101966249685,0.3535533905932738,0.3535533905932738,0.3535533905932738,0.3535533905932738,0.3535533905932738,0.3535533905932738,0.3535533905932738,1,0,2.0,0.1118033988749895,0.1118033988749895,0.5,0.5,0.5,0.5,0.5024937810560445,0.5024937810560445,0.552268050859363,0.552268050859363,0.552268050859363,0.552268050859363,0.7762087348130012,0.8077747210701756,0.8077747210701756,0.8077747210701756,0.8077747210701756,0.8077747210701756,0.8276472678623424,0.8276472678623424,0.8500000000000001,0.8500000000000001,0.9394147114027969,0.9394147114027969,0.9394147114027969,0.9394147114027969,0.9656603957913984,0.9656603957913984,0.9656603957913984,0.9656603957913984,0.9656603957913984,0.9656603957913984,0.9656603957913984,1.1543396380615196,1.1543396380615196,1.1543396380615196,1.1543396380615196,1.1543396380615196,3.0,3.0,3.0,3.0,3.0,3.0,3.0,3.0,3.0,3.0,3.0,3.0,3.0,3.0,1,0,2.0,0.07071067811865477,0.07071067811865477,0.6576473218982953,0.6576473218982953,0.6576473218982953,0.6576473218982953,0.6576473218982953,0.7905694150420949,0.7905694150420949,0.7905694150420949,0.7905694150420949,0.7905694150420949,0.7905694150420949,0.7905694150420949,0.7905694150420949,0.7905694150420949,0.7905694150420949,0.7905694150420949,0.7905694150420949,0.7905694150420949,0.7905694150420949,0.7905694150420949,0.7905694150420949,0.7905694150420949,0.7905694150420949,0.7905694150420949,0.7905694150420949,0.7905694150420949,0.7905694150420949,0.7905694150420949,0.7905694150420949,0.9219544457292888,0.9219544457292888,0.9219544457292888,0.97082439194738,0.97082439194738,0.97082439194738,0.97082439194738,0.97082439194738,0.97082439194738,0.97082439194738,0.97082439194738,0.97082439194738,0.97082439194738,0.97082439194738,0.97082439194738,0.97082439194738,0.97082439194738,3.0,3.0,3.0,3.0
v3_sc2_staging_20,L3,7,0.05622564946723293,0.0014738914231370464,2,0,2.0,0.07071067811865477,0.07071067811865477,0.20615528128088303,0.20615528128088303,0.20615528128088303,0.20615528128088303,0.20615528128088303,0.20615528128088303,0.20615528128088303,0.20615528128088303,0.20615528128088303,0.20615528128088303,0.20615528128088303,0.20615528128088303,0.20615528128088303,0.20615528128088303,0.20615528128088303,0.20615528128088303,0.20615528128088303,0.20615528128088303,0.20615528128088303,0.223606797749979,0.223606797749979,0.25,0.25,0.25,0.32015621187164245,0.32015621187164245,0.32015621187164245,0.32015621187164245,0.3535533905932738,0.3535533905932738,0.3535533905932738,0.3535533905932738,0.3535533905932738,0.3535533905932738,0.3535533905932738,0.3535533905932738,0.3535533905932738,0.3535533905932738,0.3535533905932738,0.3535533905932738,0.3535533905932738,0.3640054944640259,0.3640054944640259,0.3640054944640259,0.3640054944640259,0.3640054944640259,0.3640054944640259,0.3640054944640259,0.3640054944640259,0.3640054944640259,1,0,2.0,0.05,0.05,0.45276925690687087,0.45276925690687087,0.45276925690687087,0.45276925690687087,0.45276925690687087,0.45276925690687087,0.4609772228646444,0.49244289008980524,0.49244289008980524,0.5024937810560445,0.5024937810560445,0.5099019513592785,0.5099019513592785,0.5099019513592785,0.5099019513592785,0.5830951894845301,0.6020797289396148,0.9192388155425117,0.9192388155425117,0.9192388155425117,0.9192388155425117,0.9192388155425117,0.9192388155425117,0.9192388155425117,0.9192388155425117,0.9192388155425117,0.9192388155425117,0.97082439194738,0.97082439194738,0.97082439194738,1.0547511554864495,1.0547511554864495,1.0547511554864495,1.0547511554864495,1.0547511554864495,1.0547511554864495,1.0547511554864495,1.0547511554864495,1.0547511554864495,1.0547511554864495,1.0547511554864495,1.0547511554864495,1.0547511554864495,1.0547511554864495,1.0547511554864495,1.0547511554864495,3.0,3.0,3.0,3.0,1,0,2.0,0.1,0.1,0.6576473218982953,0.6576473218982953,0.6576473218982953,0.6576473218982953,0.6576473218982953,0.7071067811865476,0.7071067811865476,0.7071067811865476,0.8015609770940699,0.8015609770940699,0.8015609770940699,0.8015609770940699,0.8062257748298549,0.8062257748298549,0.8062257748298549,0.8062257748298549,0.8062257748298549,0.8062257748298549,0.8062257748298549,0.8062257748298549,0.8246211251235321,0.8246211251235321,0.8246211251235321,0.8381527307120106,0.8381527307120106,0.8381527307120106,0.8381527307120106,0.8381527307120106,0.8381527307120106,0.912414379544733,0.912414379544733,0.912414379544733,0.912414379544733,0.912414379544733,0.912414379544733,0.912414379544733,0.912414379544733,0.97082439194738,0.97082439194738,0.97082439194738,0.97082439194738,0.97082439194738,0.97082439194738,0.97082439194738,0.97082439194738,0.97082439194738,0.97082439194738,0.97082439194738,0.97082439194738,0.97082439194738
v3_sc2_staging_20,L3,8,0.12270457166500462,0.013229292386580245,2,0,2.0,0.1,0.1,0.2,0.2,0.2,0.20615528128088303,0.223606797749979,0.223606797749979,0.223606797749979,0.223606797749979,0.223606797749979,0.223606797749979,0.223606797749979,0.223606797749979,0.223606797749979,0.223606797749979,0.223606797749979,0.223606797749979,0.223606797749979,0.223606797749979,0.29154759474226505,0.29154759474226505,0.29154759474226505,0.29154759474226505,0.29154759474226505,0.29154759474226505,0.29154759474226505,0.29154759474226505,0.29154759474226505,0.29154759474226505,0.29154759474226505,0.29154759474226505,0.29154759474226505,0.29154759474226505,0.29154759474226505,0.29154759474226505,0.29154759474226505,0.29154759474226505,0.29154759474226505,0.29154759474226505,0.29154759474226505,0.29154759474226505,0.29154759474226505,0.29154759474226505,0.29154759474226505,0.29154759474226505,0.29154759474226505,0.3354101966249685,0.3354101966249685,0.3354101966249685,0.3535533905932738,0.3535533905932738,1,0,2.0,0.07071067811865477,0.07071067811865477,0.41231056256176607,0.41231056256176607,0.41231056256176607,0.41231056256176607,0.41231056256176607,0.41231056256176607,0.41231056256176607,0.41231056256176607,0.41231056256176607,0.42720018726587655,0.42720018726587655,0.42720018726587655,0.42720018726587655,0.42720018726587655,0.5220153254455275,0.5220153254455275,0.5220153254455275,0.5220153254455275,0.5315072906367325,0.5315072906367325,0.5315072906367325,0.5315072906367325,0.5315072906367325,0.5315072906367325,1.0124228365658294,1.0124228365658294,1.0124228365658294,1.6620770138594663,1.6688319268278637,1.6688319268278637,1.6770509831248424,1.6770509831248424,1.6770509831248424,1.6770509831248424,1.6770509831248424,1.6770509831248424,1.6770509831248424,1.6770509831248424,1.6770509831248424,1.6770509831248424,1.6770509831248424,1.6770509831248424,1.6770509831248424,1.6770509831248424,1.6770509831248424,1.6770509831248424,1.6770509831248424,1.6770509831248424,1.6770509831248424,1.6770509831248424,1,0,2.0,0.07071067811865477,0.07071067811865477,0.552268050859363,0.552268050859363,0.552268050859363,0.552268050859363,0.552268050859363,0.70178344238091,0.70178344238091,0.70178344238091,0.70178344238091,0.70178344238091,0.70178344238091,0.7158910531638177,0.7158910531638177,0.7158910531638177,0.7158910531638177,0.7158910531638177,0.7158910531638177,0.7516648189186454,0.7516648189186454,0.7516648189186454,0.7516648189186454,0.7516648189186454,0.7516648189186454,0.7516648189186454,0.7516648189186454,0.7648529270389178,0.7648529270389178,0.8015609770940699,0.8062257748298549,0.8139410298049854,0.8139410298049854,0.8139410298049854,0.8139410298049854,0.8139410298049854,0.8139410298049854,0.8139410298049854,0.8139410298049854,0.8139410298049854,0.8139410298049854,0.8139410298049854,0.8139410298049854,0.8139410298049854,3.0,3.0,3.0,3.0,3.0,3.0,3.0,3.0
v3_sc2_staging_20,L3,9,0.04228855973813436,0.00540521178365557,2,0,2.0,0.1118033988749895,0.1118033988749895,0.20615528128088303,0.20615528128088303,0.20615528128088303,0.20615528128088303,0.20615528128088303,0.20615528128088303,0.25,0.25,0.25,0.25,0.25,0.25,0.25,0.25,0.25,0.25,0.25,0.25,0.25,0.25,0.25,0.2692582403567252,0.2692582403567252,0.2692582403567252,0.2692582403567252,0.2692582403567252,0.2692582403567252,0.2692582403567252,0.2692582403567252,0.2692582403567252,0.2692582403567252,0.2692582403567252,0.2692582403567252,0.2692582403567252,0.2692582403567252,0.2692582403567252,0.2692582403567252,0.2692582403567252,0.2692582403567252,0.29154759474226505,0.3535533905932738,0.3535533905932738,0.3535533905932738,0.3535533905932738,0.3535533905932738,0.3535533905932738,0.3535533905932738,0.3535533905932738,0.3535533905932738,0.3535533905932738,1,0,2.0,0.07071067811865477,0.05,0.40311288741492746,0.40311288741492746,0.40311288741492746,0.40311288741492746,0.40311288741492746,0.40311288741492746,0.40311288741492746,0.40311288741492746,0.40311288741492746,0.40311288741492746,0.42720018726587655,0.42720018726587655,0.42720018726587655,0.42720018726587655,0.42720018726587655,0.42720018726587655,0.42720018726587655,0.42720018726587655,0.42720018726587655,0.42720018726587655,0.42720018726587655,0.42720018726587655,0.42720018726587655,0.42720018726587655,0.45,0.5024937810560445,0.5147815070493501,0.5147815070493501,0.552268050859363,0.5830951894845301,0.5830951894845301,0.5830951894845301,0.5830951894845301,0.608276253029822,0.608276253029822,0.608276253029822,0.608276253029822,0.608276253029822,0.608276253029822,0.608276253029822,0.608276253029822,0.608276253029822,0.608276253029822,1.5890248582070705,3.0,3.0,3.0,3.0,3.0,3.0,1,0,2.0,0.05,0.05,0.570087712549569,0.5852349955359814,0.5852349955359814,0.6020797289396148,0.6020797289396148,0.651920240520265,0.651920240520265,0.651920240520265,0.651920240520265,0.651920240520265,0.651920240520265,0.651920240520265,0.651920240520265,0.651920240520265,0.70178344238091,0.70178344238091,0.70178344238091,0.70178344238091,0.70178344238091,0.70178344238091,0.70178344238091,0.70178344238091,0.70178344238091,0.70178344238091,0.70178344238091,0.70178344238091,0.70178344238091,0.7280109889280518,0.7433034373659253,0.7433034373659253,0.7433034373659253,0.7433034373659253,0.7433034373659253,0.7433034373659253,0.7433034373659253,0.7516648189186454,0.7516648189186454,0.7516648189186454,0.8631338250816034,0.8631338250816034,0.8631338250816034,0.8631338250816034,0.8631338250816034,0.8631338250816034,0.8631338250816034,0.8631338250816034,0.8631338250816034,0.8631338250816034,0.912414379544733,0.912414379544733
v3_sc2_staging_20,L4,0,0.22202228966485704,0.03179323844409854,2,0,2.0,0.14142135623730953,0.07071067811865477,0.2,0.2,0.2,0.2,0.2,0.2,0.2,0.2,0.2,0.2,0.20615528128088303,0.20615528128088303,0.20615528128088303,0.223606797749979,0.223606797749979,0.223606797749979,0.223606797749979,0.223606797749979,0.223606797749979,0.223606797749979,0.223606797749979,0.223606797749979,0.223606797749979,0.223606797749979,0.223606797749979,0.223606797749979,0.29154759474226505,0.29154759474226505,0.29154759474226505,0.29154759474226505,0.32015621187164245,0.32015621187164245,0.32015621187164245,0.32015621187164245,0.32015621187164245,0.32015621187164245,0.32015621187164245,0.3354101966249685,0.3354101966249685,0.3354101966249685,0.3354101966249685,0.3354101966249685,0.3354101966249685,0.3354101966249685,0.3354101966249685,0.3354101966249685,0.3354101966249685,0.3354101966249685,0.3354101966249685,0.3354101966249685,1,0,2.0,0.18027756377319948,0.07071067811865477,0.38078865529319544,0.38078865529319544,0.38078865529319544,0.38078865529319544,0.38078865529319544,0.38078865529319544,0.38078865529319544,0.38078865529319544,0.38078865529319544,0.38078865529319544,0.38078865529319544,0.38078865529319544,0.38078865529319544,0.38078865529319544,0.38078865529319544,0.38078865529319544,0.38078865529319544,0.6020797289396148,0.9013878188659974,0.9013878188659974,0.9013878188659974,0.9013878188659974,0.95524865872714,0.95524865872714,0.95524865872714,0.95524865872714,0.9617692030835672,1.051189802081432,1.051189802081432,1.051189802081432,1.051189802081432,1.051189802081432,1.051189802081432,1.051189802081432,1.051189802081432,1.051189802081432,1.051189802081432,1.051189802081432,1.0735455276791945,1.0735455276791945,1.0735455276791945,1.0735455276791945,1.0735455276791945,1.0735455276791945,1.0735455276791945,1.0735455276791945,1.0735455276791945,1.0735455276791945,1.0735455276791945,1.0735455276791945,1,0,2.0,0.25,0.25,0.5147815070493501,0.5147815070493501,0.5147815070493501,0.5147815070493501,0.5590169943749475,0.5590169943749475,0.5590169943749475,0.5590169943749475,0.5590169943749475,0.632455532033676,0.632455532033676,0.632455532033676,0.632455532033676,0.670820393249937,0.670820393249937,0.670820393249937,0.670820393249937,0.670820393249937,0.670820393249937,0.670820393249937,0.670820393249937,0.670820393249937,0.670820393249937,0.7106335201775948,0.7106335201775948,0.7106335201775948,0.7106335201775948,0.7106335201775948,0.7106335201775948,0.75,0.75,0.75,0.75,0.75,0.75,0.75,0.75,0.75,0.75,0.75,0.75,0.75,0.75,0.75,0.75,0.75,0.75,0.75,0.75,0.75
v3_sc2_staging_20,L4,1,0.34365506670545104,0.04391803126269072,2,0,2.0,0.6041522986797286,0.3905124837953327,0.6041522986797286,0.6041522986797286,0.6041522986797286,0.6041522986797286,0.6041522986797286,0.6041522986797286,0.6041522986797286,0.6041522986797286,0.6041522986797286,0.6041522986797286,0.6041522986797286,0.6041522986797286,0.6041522986797286,0.6041522986797286,0.6041522986797286,0.6041522986797286,0.6041522986797286,0.6041522986797286,0.6041522986797286,0.6041522986797286,0.6041522986797286,0.6041522986797286,0.6041522986797286,0.6041522986797286,0.6041522986797286,0.6041522986797286,0.6041522986797286,0.608276253029822,0.608276253029822,0.608276253029822,0.608276253029822,0.608276253029822,0.608276253029822,0.608276253029822,0.608276253029822,0.608276253029822,0.608276253029822,0.608276253029822,0.608276253029822,0.608276253029822,0.608276253029822,0.608276253029822,0.608276253029822,0.608276253029822,0.608276253029822,0.608276253029822,0.65,0.65,0.65,0.65,1,0,2.0,0.6264982043070835,0.1,0.8139410298049854,0.8139410298049854,0.8139410298049854,0.8139410298049854,0.8139410298049854,0.8139410298049854,0.8139410298049854,0.8139410298049854,0.8139410298049854,0.8139410298049854,0.8139410298049854,0.8139410298049854,0.8139410298049854,0.8139410298049854,0.8139410298049854,0.8139410298049854,0.8514693182963202,0.8514693182963202,0.8514693182963202,0.8514693182963202,0.8514693182963202,0.8514693182963202,0.8514693182963202,0.8514693182963202,0.8514693182963202,0.8514693182963202,0.8514693182963202,0.8514693182963202,0.8514693182963202,0.8514693182963202,0.97082439194738,0.97082439194738,0.97082439194738,0.97082439194738,0.97082439194738,0.97082439194738,0.97082439194738,0.97082439194738,0.97082439194738,0.97082439194738,0.97082439194738,0.97082439194738,0.97082439194738,0.97082439194738,0.97082439194738,0.97082439194738,0.97082439194738,0.97082439194738,1.876832437912346,1.876832437912346,1,0,2.0,0.49244289008980524,0.35000000000000003,0.7433034373659253,0.7433034373659253,0.7433034373659253,0.7433034373659253,0.7433034373659253,0.7433034373659253,0.7433034373659253,0.7433034373659253,0.7433034373659253,0.7433034373659253,0.7433034373659253,0.7433034373659253,0.7433034373659253,0.7433034373659253,0.7433034373659253,0.7433034373659253,0.7433034373659253,0.7433034373659253,0.7433034373659253,0.7433034373659253,0.7433034373659253,0.7433034373659253,0.7433034373659253,0.7433034373659253,0.7433034373659253,0.7433034373659253,0.7433034373659253,0.7433034373659253,0.7433034373659253,0.7433034373659253,0.7433034373659253,0.7433034373659253,0.7433034373659253,0.97082439194738,0.97082439194738,0.97082439194738,0.97082439194738,0.97082439194738,0.97082439194738,0.97082439194738,0.97082439194738,0.97082439194738,0.97082439194738,0.97082439194738,0.97082439194738,0.97082439194738,0.97082439194738,0.97082439194738,0.97082439194738,0.97082439194738
v3_sc2_staging_20,L4,2,0.13338153894074928,0.019900622846407402,2,0,2.0,0.28284271247461906,0.28284271247461906,0.29154759474226505,0.29154759474226505,0.29154759474226505,0.29154759474226505,0.29154759474226505,0.29154759474226505,0.29154759474226505,0.29154759474226505,0.29154759474226505,0.29154759474226505,0.3354101966249685,0.3354101966249685,0.3354101966249685,0.3354101966249685,0.3354101966249685,0.3354101966249685,0.3354101966249685,0.3354101966249685,0.3354101966249685,0.3354101966249685,0.3354101966249685,0.3354101966249685,0.3354101966249685,0.3354101966249685,0.3354101966249685,0.3354101966249685,0.3535533905932738,0.3535533905932738,0.3535533905932738,0.3535533905932738,0.3535533905932738,0.3535533905932738,0.3535533905932738,0.3535533905932738,0.3535533905932738,0.3535533905932738,0.3535533905932738,0.3535533905932738,0.3535533905932738,0.3535533905932738,0.3535533905932738,0.3905124837953327,0.3905124837953327,0.3905124837953327,0.3905124837953327,0.3905124837953327,0.3905124837953327,0.4949747468305833,0.4949747468305833,0.4949747468305833,1,0,2.0,0.4301162633521314,0.1,0.6020797289396148,0.6020797289396148,0.6020797289396148,0.6020797289396148,0.6020797289396148,0.6020797289396148,0.6020797289396148,0.6020797289396148,0.6800735254367722,0.6800735254367722,0.6800735254367722,0.97082439194738,0.97082439194738,0.982344135219425,0.982344135219425,1.0688779163215976,1.0688779163215976,1.0688779163215976,1.2103718436910205,1.2103718436910205,1.2103718436910205,1.2103718436910205,1.3285330255586425,1.3285330255586425,1.3462912017836262,1.3462912017836262,1.3462912017836262,1.3462912017836262,1.3462912017836262,1.3462912017836262,1.3462912017836262,1.3462912017836262,1.5572411502397436,1.5572411502397436,1.5572411502397436,1.5572411502397436,1.5572411502397436,1.5572411502397436,1.5572411502397436,1.5572411502397436,1.5572411502397436,3.0,3.0,3.0,3.0,3.0,3.0,3.0,3.0,3.0,1,0,2.0,0.3640054944640259,0.3640054944640259,0.5220153254455275,0.5220153254455275,0.5220153254455275,0.5220153254455275,0.5220153254455275,0.608276253029822,0.608276253029822,0.608276253029822,0.608276253029822,0.608276253029822,0.608276253029822,0.608276253029822,0.608276253029822,0.608276253029822,0.608276253029822,0.608276253029822,0.608276253029822,0.608276253029822,0.608276253029822,0.608276253029822,0.608276253029822,0.608276253029822,0.608276253029822,0.608276253029822,0.608276253029822,0.608276253029822,0.608276253029822,0.608276253029822,0.608276253029822,0.608276253029822,0.608276253029822,0.608276253029822,0.608276253029822,0.608276253029822,0.608276253029822,0.608276253029822,0.6670832032063168,0.7516648189186454,0.7516648189186454,0.7516648189186454,0.7516648189186454,0.7516648189186454,0.7516648189186454,0.7516648189186454,0.7516648189186454,0.7516648189186454,0.7516648189186454,0.7516648189186454,0.7516648189186454,0.7516648189186454
v3_sc2_staging_20,L4,3,0.27154539381982606,0.018080085409552908,2,0,2.0,0.7615773105863909,0.40311288741492746,0.7615773105863909,0.7615773105863909,0.7615773105863909,0.7615773105863909,0.7615773105863909,0.7615773105863909,0.7615773105863909,0.7615773105863909,0.7615773105863909,0.7615773105863909,0.7615773105863909,0.7826237921249265,0.7826237921249265,0.7826237921249265,0.7826237921249265,0.7826237921249265,0.7826237921249265,0.7826237921249265,0.7826237921249265,0.7826237921249265,0.7826237921249265,0.7826237921249265,0.7826237921249265,0.7826237921249265,0.7826237921249265,0.7826237921249265,0.7826237921249265,0.7826237921249265,0.7826237921249265,0.7826237921249265,0.7826237921249265,0.7826237921249265,0.7826237921249265,0.7826237921249265,0.7826237921249265,0.7826237921249265,0.7826237921249265,0.7826237921249265,0.7826237921249265,0.7826237921249265,0.7826237921249265,0.7826237921249265,0.7826237921249265,0.7826237921249265,0.7826237921249265,0.7826237921249265,0.7826237921249265,0.7826237921249265,0.7826237921249265,0.7826237921249265,1,0,2.0,0.5656854249492381,0.25,0.9513148795220223,0.97082439194738,0.97082439194738,0.97082439194738,0.97082439194738,0.97082439194738,0.97082439194738,1.0012492197250393,1.0012492197250393,1.0012492197250393,1.0012492197250393,1.0012492197250393,1.0012492197250393,1.0012492197250393,1.0012492197250393,1.0012492197250393,1.0012492197250393,1.0012492197250393,1.0012492197250393,1.0012492197250393,1.0012492197250393,1.0012492197250393,1.0012492197250393,1.0012492197250393,1.0012492197250393,1.0012492197250393,1.0012492197250393,1.0012492197250393,1.0012492197250393,1.0012492197250393,1.0012492197250393,1.0012492197250393,1.0012492197250393,1.0012492197250393,1.0012492197250393,1.0012492197250393,1.0012492197250393,1.0012492197250393,1.0012492197250393,1.0012492197250393,1.0012492197250393,1.0012492197250393,1.0012492197250393,1.0012492197250393,1.0012492197250393,1.0012492197250393,1.0012492197250393,1.004987562112089,1.044030650891055,1.044030650891055,1,0,2.0,0.447213595499958,0.447213595499958,1.25,1.2980754985747172,1.2980754985747172,1.2980754985747172,1.3238202294873727,1.3238202294873727,1.4317821063276355,1.4317821063276355,1.4317821063276355,1.4317821063276355,1.4317821063276355,1.4317821063276355,1.4560219778561037,1.4560219778561037,1.4560219778561037,1.4560219778561037,1.4560219778561037,1.4560219778561037,1.4560219778561037,1.4560219778561037,1.4560219778561037,1.4560219778561037,1.4560219778561037,1.4560219778561037,1.4560219778561037,1.4560219778561037,1.4560219778561037,1.4560219778561037,1.4560219778561037,1.4560219778561037,1.4560219778561037,1.5041608956491324,1.5041608956491324,1.6124515496597098,1.6124515496597098,1.6124515496597098,1.6124515496597098,1.6124515496597098,1.6124515496597098,1.6124515496597098,3.0,3.0,3.0,3.0,3.0,3.0,3.0,3.0,3.0,3.0
v3_sc2_staging_20,L4,4,0.7867874660911522,0.07480215672905648,2,0,2.0,0.158113883008419,0.1,0.223606797749979,0.25495097567963926,0.25495097567963926,0.25495097567963926,0.25495097567963926,0.25495097567963926,0.25495097567963926,0.25495097567963926,0.25495097567963926,0.25495097567963926,0.25495097567963926,0.25495097567963926,0.25495097567963926,0.25495097567963926,0.25495097567963926,0.25495097567963926,0.25495097567963926,0.3535533905932738,0.3535533905932738,0.3535533905932738,0.3535533905932738,0.3535533905932738,0.3535533905932738,0.3535533905932738,0.3535533905932738,0.40311288741492746,0.40311288741492746,0.40311288741492746,0.40311288741492746,0.41231056256176607,0.41231056256176607,0.41231056256176607,0.4301162633521314,0.4301162633521314,0.4301162633521314,0.4301162633521314,0.4301162633521314,0.4609772228646444,0.4609772228646444,0.4609772228646444,0.4609772228646444,0.4609772228646444,0.4609772228646444,0.4609772228646444,0.4609772228646444,0.4609772228646444,0.4609772228646444,0.4609772228646444,0.4609772228646444,0.4609772228646444,1,0,2.0,0.05,0.05,0.29154759474226505,0.29154759474226505,0.29154759474226505,0.29154759474226505,0.29154759474226505,0.29154759474226505,0.29154759474226505,0.29154759474226505,0.29154759474226505,0.29154759474226505,0.29154759474226505,0.29154759474226505,0.29154759474226505,0.29154759474226505,0.29154759474226505,0.29154759474226505,0.29154759474226505,0.29154759474226505,0.29154759474226505,0.29154759474226505,0.29154759474226505,0.29154759474226505,0.29154759474226505,0.29154759474226505,0.29154759474226505,0.30000000000000004,0.30000000000000004,0.3905124837953327,0.3905124837953327,0.3905124837953327,0.3905124837953327,0.3905124837953327,0.3905124837953327,0.3905124837953327,0.3905124837953327,0.3905124837953327,0.7826237921249265,0.7826237921249265,0.894427190999916,0.894427190999916,0.894427190999916,0.894427190999916,0.894427190999916,0.894427190999916,1.0124228365658294,1.0124228365658294,1.0124228365658294,1.0124228365658294,1.3601470508735445,1.3601470508735445,1,0,2.0,0.1,0.1,0.608276253029822,0.7280109889280518,0.7516648189186454,0.7516648189186454,0.7516648189186454,0.7516648189186454,0.8015609770940699,0.8015609770940699,0.8015609770940699,0.8015609770940699,0.8015609770940699,0.8015609770940699,0.8062257748298549,0.8062257748298549,0.8062257748298549,0.8062257748298549,0.8062257748298549,0.8062257748298549,0.8062257748298549,0.8062257748298549,0.8062257748298549,0.8062257748298549,0.8062257748298549,0.8062257748298549,0.8062257748298549,0.8062257748298549,0.8062257748298549,0.912414379544733,0.912414379544733,0.912414379544733,0.912414379544733,0.912414379544733,0.912414379544733,0.912414379544733,0.912414379544733,0.912414379544733,0.912414379544733,0.912414379544733,0.912414379544733,0.912414379544733,0.912414379544733,0.912414379544733,0.912414379544733,0.912414379544733,0.912414379544733,0.912414379544733,0.912414379544733,0.912414379544733,0.912414379544733,0.912414379544733
v3_sc2_staging_20,L4,5,0.7223088473459971,0.11703198261501913,2,0,2.0,0.6264982043070835,0.18027756377319948,0.6800735254367722,0.6800735254367722,0.6800735254367722,0.6800735254367722,0.6800735254367722,0.6800735254367722,0.7158910531638177,0.7158910531638177,0.7158910531638177,0.7158910531638177,0.7158910531638177,0.7158910531638177,0.7158910531638177,0.7158910531638177,0.7158910531638177,0.7158910531638177,0.7158910531638177,0.7158910531638177,0.7158910531638177,0.7158910531638177,0.7158910531638177,0.7158910531638177,0.7158910531638177,0.7158910531638177,0.7158910531638177,0.7158910531638177,0.7158910531638177,0.7158910531638177,0.7158910531638177,0.7158910531638177,0.7158910531638177,0.7158910531638177,0.7158910531638177,0.7158910531638177,0.7158910531638177,0.7158910531638177,0.7158910531638177,0.7158910531638177,0.7158910531638177,0.7158910531638177,0.7158910531638177,0.7158910531638177,0.7158910531638177,0.7158910531638177,0.7158910531638177,0.7158910531638177,0.7158910531638177,0.7158910531638177,0.7158910531638177,0.7158910531638177,1,0,2.0,0.55,0.35000000000000003,0.6000000000000001,0.6000000000000001,0.6000000000000001,0.6000000000000001,0.6000000000000001,0.6000000000000001,0.6000000000000001,0.6000000000000001,0.6000000000000001,0.6000000000000001,0.6000000000000001,0.6000000000000001,0.6000000000000001,0.6000000000000001,0.6000000000000001,0.6000000000000001,0.6000000000000001,0.6000000000000001,0.6000000000000001,0.6946221994724903,0.6946221994724903,0.6946221994724903,0.6946221994724903,0.6946221994724903,0.6946221994724903,0.6946221994724903,0.6946221994724903,0.6946221994724903,0.8631338250816034,0.8631338250816034,0.8631338250816034,0.9924716620639604,1.2020815280171309,1.2020815280171309,1.2020815280171309,1.2020815280171309,1.2020815280171309,1.2020815280171309,1.2020815280171309,1.2020815280171309,1.2020815280171309,1.2020815280171309,1.2020815280171309,1.2020815280171309,1.2020815280171309,1.2020815280171309,1.2020815280171309,1.2020815280171309,1.2020815280171309,1.2020815280171309,1,0,2.0,0.25495097567963926,0.25495097567963926,0.873212459828649,0.873212459828649,0.873212459828649,0.873212459828649,0.873212459828649,0.873212459828649,0.9192388155425117,1.0124228365658294,1.0124228365658294,1.0124228365658294,1.0124228365658294,1.0124228365658294,1.0124228365658294,1.0124228365658294,1.0124228365658294,1.0124228365658294,1.0124228365658294,1.0124228365658294,1.0124228365658294,1.0295630140987002,1.0295630140987002,1.0295630140987002,1.0295630140987002,1.0295630140987002,1.0295630140987002,1.0295630140987002,1.0295630140987002,1.0295630140987002,1.0295630140987002,1.0295630140987002,1.0295630140987002,1.0295630140987002,1.0295630140987002,1.0295630140987002,1.0295630140987002,1.0295630140987002,1.0295630140987002,1.0295630140987002,1.0295630140987002,1.0295630140987002,1.0295630140987002,1.0295630140987002,1.0295630140987002,1.0295630140987002,1.0295630140987002,1.264911064067352,1.264911064067352,1.264911064067352,1.264911064067352,1.264911064067352
v3_sc2_staging_20,L4,6,0.5574156646271122,0.08078403605978877,2,0,2.0,0.25495097567963926,0.14142135623730953,0.21213203435596426,0.21213203435596426,0.21213203435596426,0.21213203435596426,0.21213203435596426,0.21213203435596426,0.21213203435596426,0.21213203435596426,0.21213203435596426,0.21213203435596426,0.21213203435596426,0.21213203435596426,0.21213203435596426,0.223606797749979,0.223606797749979,0.223606797749979,0.223606797749979,0.223606797749979,0.25,0.25,0.25,0.25,0.25,0.25,0.25,0.25,0.25,0.25,0.25,0.25,0.25,0.25,0.25,0.25,0.25,0.25,0.25,0.25,0.25,0.25,0.25,0.25,0.25,0.25,0.25,0.316227766016838,0.316227766016838,0.316227766016838,0.316227766016838,0.32015621187164245,1,0,2.0,0.5099019513592785,0.14142135623730953,0.570087712549569,0.570087712549569,0.570087712549569,0.570087712549569,0.570087712549569,0.570087712549569,0.570087712549569,0.570087712549569,0.570087712549569,0.5830951894845301,0.5830951894845301,0.5830951894845301,0.5830951894845301,0.5830951894845301,0.5830951894845301,0.5830951894845301,0.8062257748298549,0.8062257748298549,0.8062257748298549,0.8062257748298549,0.8062257748298549,0.8062257748298549,0.8062257748298549,0.8062257748298549,0.8062257748298549,0.8062257748298549,0.8062257748298549,0.8062257748298549,0.8062257748298549,0.8062257748298549,0.8062257748298549,0.8062257748298549,0.8062257748298549,0.8514693182963202,0.8514693182963202,0.8514693182963202,0.8514693182963202,0.8514693182963202,0.8514693182963202,1.94164878389476,1.94164878389476,1.94164878389476,1.94164878389476,1.94164878389476,1.94164878389476,1.94164878389476,1.94164878389476,1.94164878389476,3.0,3.0,1,0,2.0,0.25495097567963926,0.25495097567963926,0.8544003745317531,0.8544003745317531,0.8544003745317531,0.8544003745317531,0.8544003745317531,0.8544003745317531,0.8544003745317531,0.8544003745317531,0.8544003745317531,0.982344135219425,1.0124228365658294,1.0124228365658294,1.0124228365658294,1.0124228365658294,1.0124228365658294,1.0124228365658294,1.0124228365658294,1.0124228365658294,1.0124228365658294,1.0124228365658294,1.0124228365658294,1.0124228365658294,1.0124228365658294,1.0124228365658294,1.0124228365658294,1.0124228365658294,1.0124228365658294,1.0124228365658294,1.0124228365658294,1.0124228365658294,1.0124228365658294,1.0124228365658294,1.0295630140987002,1.0295630140987002,1.0295630140987002,1.0295630140987002,1.0295630140987002,1.0295630140987002,1.0295630140987002,1.0295630140987002,1.0295630140987002,1.0295630140987002,1.0295630140987002,1.118033988749895,1.2539936203984454,1.2539936203984454,1.2539936203984454,3.0,3.0,3.0
v3_sc2_staging_20,L4,7,0.3784388190067943,0.010215817948798316,2,0,2.0,0.223606797749979,0.05,0.20615528128088303,0.20615528128088303,0.223606797749979,0.223606797749979,0.223606797749979,0.223606797749979,0.223606797749979,0.223606797749979,0.223606797749979,0.223606797749979,0.223606797749979,0.223606797749979,0.223606797749979,0.223606797749979,0.223606797749979,0.25,0.25,0.25,0.25495097567963926,0.25495097567963926,0.25495097567963926,0.29154759474226505,0.29154759474226505,0.29154759474226505,0.29154759474226505,0.29154759474226505,0.304138126514911,0.304138126514911,0.304138126514911,0.304138126514911,0.316227766016838,0.316227766016838,0.316227766016838,0.316227766016838,0.316227766016838,0.316227766016838,0.316227766016838,0.316227766016838,0.316227766016838,0.316227766016838,0.316227766016838,0.316227766016838,0.316227766016838,0.316227766016838,0.316227766016838,0.316227766016838,0.316227766016838,0.316227766016838,0.316227766016838,0.316227766016838,1,0,2.0,0.29154759474226505,0.1118033988749895,0.304138126514911,0.304138126514911,0.304138126514911,0.304138126514911,0.316227766016838,0.3905124837953327,0.3905124837953327,0.3905124837953327,0.3905124837953327,0.41231056256176607,0.41231056256176607,0.41231056256176607,0.41231056256176607,0.41231056256176607,0.41231056256176607,0.41231056256176607,0.41231056256176607,0.41231056256176607,0.41231056256176607,0.41231056256176607,0.41231056256176607,0.41231056256176607,0.45276925690687087,0.47434164902525694,0.47434164902525694,0.5,0.5,0.5385164807134504,0.5385164807134504,0.5385164807134504,0.5385164807134504,0.5385164807134504,0.5385164807134504,0.696419413859206,0.696419413859206,0.696419413859206,0.7211102550927979,0.7211102550927979,0.7211102550927979,0.7211102550927979,0.7211102550927979,0.7211102550927979,0.7211102550927979,0.7211102550927979,0.7211102550927979,0.7211102550927979,0.7211102550927979,0.7211102550927979,0.7211102550927979,0.7211102550927979,1,0,2.0,0.223606797749979,0.223606797749979,0.8860022573334675,0.8860022573334675,0.8860022573334675,0.8860022573334675,0.8860022573334675,0.8860022573334675,0.8860022573334675,0.9340770846134703,0.9340770846134703,0.9340770846134703,0.9962429422585638,1.0307764064044151,1.0307764064044151,1.0307764064044151,1.0307764064044151,1.0307764064044151,1.0307764064044151,1.0307764064044151,1.0307764064044151,1.0307764064044151,1.0307764064044151,1.0307764064044151,1.0307764064044151,1.0307764064044151,1.0307764064044151,1.0307764064044151,1.0307764064044151,1.0307764064044151,1.044030650891055,1.044030650891055,1.044030650891055,1.044030650891055,1.044030650891055,1.044030650891055,1.044030650891055,1.044030650891055,1.044030650891055,1.044030650891055,1.0594810050208545,1.0594810050208545,1.0594810050208545,1.0594810050208545,3.0,3.0,3.0,3.0,3.0,3.0,3.0,3.0
v3_sc2_staging_20,L4,8,0.820295845794575,0.08849468154516155,2,0,2.0,0.7905694150420949,0.5,0.7905694150420949,0.7905694150420949,0.7905694150420949,0.7905694150420949,0.7905694150420949,0.7905694150420949,0.7905694150420949,0.7905694150420949,0.7905694150420949,0.7905694150420949,0.7905694150420949,0.7905694150420949,0.7905694150420949,0.7905694150420949,0.7905694150420949,0.7905694150420949,0.7905694150420949,0.7905694150420949,0.7905694150420949,0.7905694150420949,0.7905694150420949,0.7905694150420949,0.7905694150420949,0.7905694150420949,0.7905694150420949,0.7905694150420949,0.8321658488546619,0.8321658488546619,0.8321658488546619,0.8321658488546619,0.8321658488546619,0.8321658488546619,0.8321658488546619,0.8321658488546619,0.8321658488546619,0.8321658488546619,0.8321658488546619,0.8321658488546619,0.8321658488546619,0.8321658488546619,0.8321658488546619,0.8321658488546619,0.8321658488546619,0.8321658488546619,0.8321658488546619,0.8321658488546619,0.8321658488546619,0.8321658488546619,0.8321658488546619,0.8321658488546619,1,0,2.0,0.4609772228646444,0.1118033988749895,0.9055385138137417,0.9055385138137417,0.9055385138137417,0.9055385138137417,0.9055385138137417,0.9055385138137417,0.9055385138137417,0.9055385138137417,0.9055385138137417,0.9055385138137417,0.9055385138137417,0.9055385138137417,0.9055385138137417,0.9055385138137417,0.9055385138137417,0.9055385138137417,0.9055385138137417,0.9055385138137417,0.9055385138137417,0.9055385138137417,0.9055385138137417,0.9055385138137417,0.9055385138137417,0.9055385138137417,0.9055385138137417,0.9055385138137417,0.9055385138137417,0.9055385138137417,0.9055385138137417,0.9055385138137417,0.9055385138137417,0.9055385138137417,0.9055385138137417,0.9055385138137417,0.9055385138137417,0.9055385138137417,0.9055385138137417,1.4422205101855958,1.4422205101855958,1.4422205101855958,1.4422205101855958,1.4422205101855958,1.6101242188104619,1.6101242188104619,2.3194827009486403,2.3194827009486403,2.3194827009486403,2.3194827009486403,2.3194827009486403,2.3194827009486403,1,0,2.0,0.2692582403567252,0.1,0.49244289008980524,0.49244289008980524,0.49244289008980524,0.49244289008980524,0.5590169943749475,0.5590169943749475,0.5590169943749475,0.5590169943749475,0.6264982043070835,0.6264982043070835,0.6264982043070835,0.6264982043070835,0.6264982043070835,0.651920240520265,0.651920240520265,0.651920240520265,0.651920240520265,0.670820393249937,0.6946221994724903,0.6946221994724903,0.6946221994724903,0.6946221994724903,0.6946221994724903,0.7158910531638177,0.7158910531638177,0.7211102550927979,0.7211102550927979,0.7211102550927979,0.7211102550927979,0.7211102550927979,0.7211102550927979,0.7211102550927979,0.7211102550927979,0.7211102550927979,0.7211102550927979,0.7211102550927979,0.7211102550927979,0.7211102550927979,0.7211102550927979,0.7211102550927979,0.7211102550927979,0.7211102550927979,0.7211102550927979,1.019803902718557,1.019803902718557,1.019803902718557,1.019803902718557,1.019803902718557,1.019803902718557,1.019803902718557
v3_sc2_staging_20,L4,9,0.28140163784308325,0.0351607855133906,2,0,2.0,0.25,0.1118033988749895,0.25,0.25,0.25,0.25,0.25,0.25495097567963926,0.25495097567963926,0.28284271247461906,0.28284271247461906,0.28284271247461906,0.28284271247461906,0.28284271247461906,0.28284271247461906,0.28284271247461906,0.28284271247461906,0.28284271247461906,0.28284271247461906,0.28284271247461906,0.28284271247461906,0.28284271247461906,0.28284271247461906,0.28284271247461906,0.28284271247461906,0.28284271247461906,0.28284271247461906,0.28284271247461906,0.40311288741492746,0.40311288741492746,0.40311288741492746,0.40311288741492746,0.40311288741492746,0.40311288741492746,0.40311288741492746,0.40311288741492746,0.40311288741492746,0.40311288741492746,0.40311288741492746,0.40311288741492746,0.40311288741492746,0.40311288741492746,0.40311288741492746,0.40311288741492746,0.40311288741492746,0.40311288741492746,0.40311288741492746,0.40311288741492746,0.40311288741492746,0.40311288741492746,0.40311288741492746,0.40311288741492746,1,0,2.0,0.158113883008419,0.1118033988749895,0.4716990566028302,0.4716990566028302,0.4716990566028302,0.4716990566028302,0.4716990566028302,0.4716990566028302,0.4716990566028302,0.4716990566028302,0.4716990566028302,0.4716990566028302,0.4716990566028302,0.4716990566028302,0.4716990566028302,0.4716990566028302,0.4716990566028302,0.4716990566028302,0.4716990566028302,0.4716990566028302,0.5,0.5,0.5,0.5,0.5,0.5,0.5,0.5,0.5,0.5,0.5,0.5,0.5315072906367325,0.5315072906367325,0.5315072906367325,0.5315072906367325,0.5315072906367325,0.5315072906367325,0.5315072906367325,0.5315072906367325,0.5315072906367325,0.5315072906367325,0.5656854249492381,0.5656854249492381,1.3756816492197605,1.3756816492197605,1.4577379737113252,1.4577379737113252,1.4577379737113252,1.4577379737113252,1.4577379737113252,1.4577379737113252,1,0,2.0,0.05,0.05,0.5024937810560445,0.552268050859363,0.552268050859363,0.552268050859363,0.552268050859363,0.552268050859363,0.552268050859363,0.552268050859363,0.552268050859363,0.552268050859363,0.6576473218982953,0.6576473218982953,0.6576473218982953,0.6576473218982953,0.6576473218982953,0.6576473218982953,0.6576473218982953,0.6576473218982953,0.6576473218982953,0.6576473218982953,0.6576473218982953,0.6576473218982953,0.6576473218982953,0.6576473218982953,0.6576473218982953,0.6576473218982953,0.6576473218982953,0.6576473218982953,0.6576473218982953,0.6576473218982953,0.6576473218982953,0.6576473218982953,0.6576473218982953,0.6576473218982953,0.6576473218982953,0.6576473218982953,0.6576473218982953,0.6576473218982953,0.6576473218982953,0.6576473218982953,0.6576473218982953,0.6576473218982953,0.6576473218982953,0.6576473218982953,0.7071067811865476,0.7071067811865476,0.7071067811865476,0.7071067811865476,0.7158910531638177,0.7158910531638177
v3_sc2_staging_20,L5,0,1.3516248088272562,0.20826447299639947,2,0,2.0,0.570087712549569,0.1118033988749895,0.5408326913195984,0.5408326913195984,0.5408326913195984,0.5408326913195984,0.5408326913195984,0.5408326913195984,0.5656854249492381,0.5656854249492381,0.5656854249492381,0.5656854249492381,0.5656854249492381,0.5656854249492381,0.5656854249492381,0.5852349955359814,0.5852349955359814,0.5852349955359814,0.5852349955359814,0.5852349955359814,0.5852349955359814,0.5852349955359814,0.5852349955359814,0.5852349955359814,0.5852349955359814,0.5852349955359814,0.5852349955359814,0.5852349955359814,0.6946221994724903,0.6946221994724903,0.6946221994724903,0.6946221994724903,0.6946221994724903,0.6946221994724903,0.6946221994724903,0.6946221994724903,0.6946221994724903,0.6946221994724903,0.6946221994724903,0.6946221994724903,0.6946221994724903,0.6946221994724903,0.6946221994724903,0.6946221994724903,0.6946221994724903,0.6946221994724903,0.6946221994724903,0.6946221994724903,0.6946221994724903,0.6946221994724903,0.6946221994724903,0.6946221994724903,1,1,2.0,0.9617692030835672,0.696419413859206,1.6140012391568974,1.6140012391568974,1.6140012391568974,1.6140012391568974,1.6140012391568974,1.6140012391568974,1.6140012391568974,1.6140012391568974,1.6140012391568974,1.6140012391568974,1.6140012391568974,1.6140012391568974,1.6140012391568974,1.6140012391568974,1.6140012391568974,1.6140012391568974,1.6140012391568974,1.6140012391568974,1.6140012391568974,1.6140012391568974,1.6140012391568974,1.6140012391568974,1.6140012391568974,1.6140012391568974,1.6140012391568974,1.6140012391568974,1.6140012391568974,1.6140012391568974,1.6918924315688633,1.6918924315688633,1.6918924315688633,1.6918924315688633,1.6918924315688633,1.6918924315688633,1.6918924315688633,1.6918924315688633,1.6918924315688633,1.6918924315688633,1.6918924315688633,1.811767093199344,1.811767093199344,1.811767093199344,1.811767093199344,1.811767093199344,1.811767093199344,2.1523243250030886,2.1523243250030886,2.1523243250030886,2.1523243250030886,2.1523243250030886,1,0,2.0,0.9962429422585638,0.05,1.2419742348374223,1.3729530217745982,1.3729530217745982,1.3829316685939332,1.3829316685939332,1.3829316685939332,1.3829316685939332,1.3829316685939332,1.3829316685939332,1.3829316685939332,1.3829316685939332,1.3829316685939332,1.3829316685939332,1.4317821063276355,1.4317821063276355,1.4317821063276355,1.4317821063276355,1.4317821063276355,1.4317821063276355,1.4317821063276355,1.4317821063276355,1.439618004888797,1.439618004888797,1.439618004888797,1.439618004888797,1.439618004888797,1.439618004888797,1.439618004888797,1.439618004888797,1.439618004888797,1.439618004888797,1.439618004888797,1.439618004888797,1.439618004888797,1.439618004888797,1.439618004888797,1.439618004888797,1.439618004888797,1.439618004888797,1.439618004888797,1.439618004888797,1.439618004888797,1.439618004888797,1.439618004888797,1.439618004888797,1.439618004888797,1.439618004888797,3.0,3.0,3.0
v3_sc2_staging_20,L5,1,2.085821877592397,0.2809646592287406,2,1,2.0,3.0,0.55,3.0,3.0,3.0,3.0,3.0,3.0,3.0,3.0,3.0,3.0,3.0,3.0,3.0,3.0,3.0,3.0,3.0,3.0,3.0,3.0,3.0,3.0,3.0,3.0,3.0,3.0,3.0,3.0,3.0,3.0,3.0,3.0,3.0,3.0,3.0,3.0,3.0,3.0,3.0,3.0,3.0,3.0,3.0,3.0,3.0,3.0,3.0,3.0,3.0,3.0,1,1,2.0,3.0,1.89274932307477,3.0,3.0,3.0,3.0,3.0,3.0,3.0,3.0,3.0,3.0,3.0,3.0,3.0,3.0,3.0,3.0,3.0,3.0,3.0,3.0,3.0,3.0,3.0,3.0,3.0,3.0,3.0,3.0,3.0,3.0,3.0,3.0,3.0,3.0,3.0,3.0,3.0,3.0,3.0,3.0,3.0,3.0,3.0,3.0,3.0,3.0,3.0,3.0,3.0,3.0,1,1,2.0,2.9908192857476363,0.40311288741492746,3.0,3.0,3.0,3.0,3.0,3.0,3.0,3.0,3.0,3.0,3.0,3.0,3.0,3.0,3.0,3.0,3.0,3.0,3.0,3.0,3.0,3.0,3.0,3.0,3.0,3.0,3.0,3.0,3.0,3.0,3.0,3.0,3.0,3.0,3.0,3.0,3.0,3.0,3.0,3.0,3.0,3.0,3.0,3.0,3.0,3.0,3.0,3.0,3.0,3.0
v3_sc2_staging_20,L5,2,0.8167522291683644,0.125237390295178,2,0,2.0,1.5811388300841898,0.20615528128088303,1.6007810593582121,1.6007810593582121,1.6007810593582121,1.6007810593582121,1.6007810593582121,1.6007810593582121,1.6007810593582121,1.6007810593582121,1.6007810593582121,1.6007810593582121,1.6007810593582121,1.6007810593582121,1.6007810593582121,1.6007810593582121,1.6007810593582121,1.6007810593582121,1.6007810593582121,1.6007810593582121,1.6007810593582121,1.6007810593582121,1.6007810593582121,1.6007810593582121,1.6007810593582121,1.6007810593582121,1.6007810593582121,1.6007810593582121,1.6007810593582121,1.6007810593582121,1.6007810593582121,1.6007810593582121,1.6007810593582121,1.6007810593582121,1.6007810593582121,1.6007810593582121,1.780449381476486,1.780449381476486,1.780449381476486,1.780449381476486,1.780449381476486,1.780449381476486,1.780449381476486,1.780449381476486,1.780449381476486,1.780449381476486,1.780449381476486,1.780449381476486,1.780449381476486,1.780449381476486,1.780449381476486,1.780449381476486,1,0,2.0,2.438237068047322,0.47434164902525694,2.777138815399763,2.777138815399763,2.777138815399763,2.777138815399763,2.777138815399763,2.777138815399763,2.777138815399763,2.777138815399763,2.777138815399763,2.777138815399763,2.777138815399763,2.777138815399763,2.777138815399763,2.777138815399763,2.777138815399763,2.777138815399763,2.777138815399763,2.777138815399763,2.777138815399763,2.777138815399763,2.777138815399763,2.777138815399763,2.777138815399763,2.777138815399763,2.777138815399763,2.777138815399763,2.777138815399763,2.777138815399763,2.777138815399763,2.777138815399763,2.777138815399763,2.777138815399763,2.777138815399763,2.777138815399763,2.777138815399763,2.777138815399763,2.777138815399763,2.777138815399763,2.777138815399763,2.777138815399763,2.777138815399763,2.777138815399763,2.777138815399763,2.777138815399763,2.777138815399763,2.777138815399763,2.777138815399763,2.777138815399763,2.777138815399763,2.777138815399763,1,0,2.0,2.2638462845343543,0.18027756377319948,2.280898945591409,2.280898945591409,2.280898945591409,2.280898945591409,2.280898945591409,2.280898945591409,2.280898945591409,2.280898945591409,2.280898945591409,2.280898945591409,2.280898945591409,2.280898945591409,2.280898945591409,2.5347583711273156,2.5347583711273156,2.5347583711273156,2.5347583711273156,2.5387004549572207,2.5387004549572207,2.5387004549572207,2.5387004549572207,2.5387004549572207,2.5387004549572207,2.5387004549572207,2.5387004549572207,2.5387004549572207,2.5387004549572207,2.5387004549572207,2.5387004549572207,2.5387004549572207,2.5387004549572207,2.5387004549572207,2.5387004549572207,2.5387004549572207,2.5387004549572207,2.5387004549572207,2.5387004549572207,2.5387004549572207,2.5387004549572207,2.5387004549572207,2.5387004549572207,2.5387004549572207,2.5387004549572207,2.5387004549572207,2.5387004549572207,2.5387004549572207,2.5387004549572207,2.5961509971494343,2.5961509971494343,2.5961509971494343
v3_sc2_staging_20,L5,3,1.7072036134607953,0.09842505149304427,2,1,2.0,3.0,2.3005434140654684,3.0,3.0,3.0,3.0,3.0,3.0,3.0,3.0,3.0,3.0,3.0,3.0,3.0,3.0,3.0,3.0,3.0,3.0,3.0,3.0,3.0,3.0,3.0,3.0,3.0,3.0,3.0,3.0,3.0,3.0,3.0,3.0,3.0,3.0,3.0,3.0,3.0,3.0,3.0,3.0,3.0,3.0,3.0,3.0,3.0,3.0,3.0,3.0,3.0,3.0,1,0,2.0,3.0,0.18027756377319948,2.7577164466275352,2.7577164466275352,2.7577164466275352,3.0,3.0,3.0,3.0,3.0,3.0,3.0,3.0,3.0,3.0,3.0,3.0,3.0,3.0,3.0,3.0,3.0,3.0,3.0,3.0,3.0,3.0,3.0,3.0,3.0,3.0,3.0,3.0,3.0,3.0,3.0,3.0,3.0,3.0,3.0,3.0,3.0,3.0,3.0,3.0,3.0,3.0,3.0,3.0,3.0,3.0,3.0,1,0,1.0,2.4300205760445737,0.0,3.0,3.0,3.0,3.0,3.0,3.0,3.0,3.0,3.0,3.0,3.0,3.0,3.0,3.0,3.0,3.0,3.0,3.0,3.0,3.0,3.0,3.0,3.0,3.0,3.0,3.0,3.0,3.0,3.0,3.0,3.0,3.0,3.0,3.0,3.0,3.0,3.0,3.0,3.0,3.0,3.0,3.0,3.0,3.0,3.0,3.0,3.0,3.0,3.0,3.0
v3_sc2_staging_20,L5,4,3.9120137728736455,0.4106769668205722,2,1,2.0,3.0,3.0,3.0,3.0,3.0,3.0,3.0,3.0,3.0,3.0,3.0,3.0,3.0,3.0,3.0,3.0,3.0,3.0,3.0,3.0,3.0,3.0,3.0,3.0,3.0,3.0,3.0,3.0,3.0,3.0,3.0,3.0,3.0,3.0,3.0,3.0,3.0,3.0,3.0,3.0,3.0,3.0,3.0,3.0,3.0,3.0,3.0,3.0,3.0,3.0,3.0,3.0,1,0,2.0,0.28284271247461906,0.1118033988749895,0.7106335201775948,0.7106335201775948,0.7106335201775948,0.7106335201775948,0.7106335201775948,0.7106335201775948,0.7211102550927979,0.7615773105863909,0.7615773105863909,0.7615773105863909,0.7615773105863909,0.7615773105863909,0.7615773105863909,0.7615773105863909,0.7615773105863909,0.7615773105863909,0.7615773105863909,0.7615773105863909,0.7615773105863909,0.7615773105863909,0.7615773105863909,0.7615773105863909,0.8,0.8,0.8,0.848528137423857,0.848528137423857,0.848528137423857,0.848528137423857,0.848528137423857,0.848528137423857,0.848528137423857,0.848528137423857,0.848528137423857,0.9192388155425117,0.9192388155425117,0.9192388155425117,0.9192388155425117,0.9192388155425117,0.9192388155425117,0.9192388155425117,0.9192388155425117,0.9192388155425117,0.9192388155425117,0.9192388155425117,0.9192388155425117,0.9192388155425117,0.9192388155425117,0.9192388155425117,0.9192388155425117,1,0,2.0,0.25495097567963926,0.1118033988749895,0.7106335201775948,0.7905694150420949,0.7905694150420949,0.7905694150420949,0.7905694150420949,0.7905694150420949,0.7905694150420949,0.7905694150420949,0.8746427842267951,0.8746427842267951,0.8746427842267951,0.8746427842267951,0.8746427842267951,0.8746427842267951,0.8746427842267951,0.8746427842267951,0.8746427842267951,0.8746427842267951,0.8746427842267951,0.8746427842267951,0.8746427842267951,0.8746427842267951,0.8746427842267951,0.8746427842267951,0.8746427842267951,0.95524865872714,0.95524865872714,0.95524865872714,0.95524865872714,0.95524865872714,0.95524865872714,0.95524865872714,0.95524865872714,0.95524865872714,0.95524865872714,0.95524865872714,0.95524865872714,0.95524865872714,0.95524865872714,0.9604686356149273,0.9604686356149273,0.9604686356149273,0.9604686356149273,0.9604686356149273,0.9604686356149273,0.9604686356149273,0.9604686356149273,0.9604686356149273,0.9604686356149273,0.9604686356149273
v3_sc2_staging_20,L5,5,3.7276461849180027,0.5313355422535007,2,0,2.0,3.0,0.3535533905932738,3.0,3.0,3.0,3.0,3.0,3.0,3.0,3.0,3.0,3.0,3.0,3.0,3.0,3.0,3.0,3.0,3.0,3.0,3.0,3.0,3.0,3.0,3.0,3.0,3.0,3.0,3.0,3.0,3.0,3.0,3.0,3.0,3.0,3.0,3.0,3.0,3.0,3.0,3.0,3.0,3.0,3.0,3.0,3.0,3.0,3.0,3.0,3.0,3.0,3.0,1,1,2.0,2.7681221071332818,1.5,2.8622543562723424,2.8622543562723424,2.8622543562723424,2.8622543562723424,2.8622543562723424,2.8622543562723424,2.8622543562723424,2.8622543562723424,2.8622543562723424,2.8622543562723424,2.8622543562723424,2.8622543562723424,2.8622543562723424,2.8622543562723424,2.8622543562723424,2.8622543562723424,2.8622543562723424,2.8622543562723424,2.8622543562723424,2.8622543562723424,2.8622543562723424,2.8622543562723424,2.8622543562723424,2.8622543562723424,2.8622543562723424,2.8622543562723424,2.8622543562723424,2.8622543562723424,2.8622543562723424,2.8622543562723424,2.8622543562723424,2.8622543562723424,2.8622543562723424,2.8622543562723424,2.8622543562723424,2.8622543562723424,2.8622543562723424,2.8622543562723424,2.8622543562723424,2.8622543562723424,2.8622543562723424,2.8622543562723424,2.8622543562723424,2.8622543562723424,2.8622543562723424,2.8622543562723424,2.8622543562723424,2.8622543562723424,2.8622543562723424,2.8622543562723424,1,0,2.0,1.0062305898749055,0.07071067811865477,1.7392527130926088,1.7392527130926088,1.7392527130926088,1.7392527130926088,1.7392527130926088,1.7392527130926088,1.7392527130926088,1.7392527130926088,1.7392527130926088,1.7392527130926088,1.7392527130926088,1.7392527130926088,1.7392527130926088,1.7392527130926088,1.7392527130926088,1.7392527130926088,1.7392527130926088,1.7392527130926088,1.7392527130926088,1.7392527130926088,1.7392527130926088,1.7392527130926088,1.7392527130926088,1.7392527130926088,1.7392527130926088,1.7392527130926088,1.7392527130926088,1.7392527130926088,1.7392527130926088,1.7392527130926088,1.7392527130926088,1.7392527130926088,1.7392527130926088,1.7392527130926088,1.7392527130926088,1.7392527130926088,1.7392527130926088,1.7392527130926088,1.7392527130926088,2.0402205763103165,2.0402205763103165,2.0402205763103165,2.0402205763103165,2.0402205763103165,2.0402205763103165,2.0402205763103165,2.0402205763103165,2.0402205763103165,2.0402205763103165,2.0554804791094465
v3_sc2_staging_20,L5,6,2.6244030856001612,0.3798858666542792,2,0,2.0,0.158113883008419,0.07071067811865477,0.316227766016838,0.316227766016838,0.316227766016838,0.316227766016838,0.3354101966249685,0.3354101966249685,0.3354101966249685,0.3354101966249685,0.3354101966249685,0.3354101966249685,0.3354101966249685,0.3354101966249685,0.3354101966249685,0.3354101966249685,0.3354101966249685,0.3354101966249685,0.3354101966249685,0.3354101966249685,0.3354101966249685,0.3354101966249685,0.3354101966249685,0.3354101966249685,0.3354101966249685,0.3354101966249685,0.3354101966249685,0.3354101966249685,0.3354101966249685,0.3354101966249685,0.3354101966249685,0.3354101966249685,0.3354101966249685,0.3354101966249685,0.3354101966249685,0.3354101966249685,0.3354101966249685,0.3354101966249685,0.3354101966249685,0.3354101966249685,0.40311288741492746,0.40311288741492746,0.4609772228646444,0.5852349955359814,0.5852349955359814,0.5852349955359814,0.6363961030678928,0.65,0.65,0.65,0.670820393249937,0.670820393249937,1,0,2.0,2.7335873865673292,0.1118033988749895,2.5504901489713703,2.6504716561397146,2.874456470360962,2.874456470360962,2.874456470360962,2.874456470360962,2.874456470360962,2.874456470360962,2.874456470360962,2.874456470360962,2.874456470360962,2.874456470360962,2.874456470360962,2.874456470360962,2.874456470360962,2.874456470360962,2.874456470360962,2.874456470360962,2.874456470360962,2.874456470360962,2.874456470360962,2.874456470360962,2.874456470360962,2.874456470360962,2.874456470360962,2.874456470360962,2.906888370749727,2.906888370749727,2.906888370749727,2.9908192857476363,2.9908192857476363,3.0,3.0,3.0,3.0,3.0,3.0,3.0,3.0,3.0,3.0,3.0,3.0,3.0,3.0,3.0,3.0,3.0,3.0,3.0,1,0,2.0,1.3656500283747663,0.6403124237432849,1.9704060495238034,1.9704060495238034,1.9704060495238034,1.9704060495238034,1.9704060495238034,1.9704060495238034,1.9704060495238034,1.9704060495238034,1.9704060495238034,1.9704060495238034,1.9704060495238034,1.9704060495238034,2.109502310972899,2.109502310972899,2.109502310972899,2.109502310972899,2.109502310972899,2.109502310972899,2.109502310972899,2.109502310972899,2.109502310972899,2.109502310972899,2.109502310972899,2.7950849718747373,3.0,3.0,3.0,3.0,3.0,3.0,3.0,3.0,3.0,3.0,3.0,3.0,3.0,3.0,3.0,3.0,3.0,3.0,3.0,3.0,3.0,3.0,3.0,3.0,3.0,3.0
v3_sc2_staging_20,L5,7,2.513999278674517,0.10803459981954734,2,1,2.0,1.8560711193270585,1.85,1.8506755523321747,1.8527007313648907,1.8560711193270585,1.8560711193270585,1.8560711193270585,1.8560711193270585,1.8560711193270585,1.8560711193270585,1.8560711193270585,1.8560711193270585,1.8560711193270585,1.8607794065928396,1.8607794065928396,1.8607794065928396,1.8607794065928396,1.8607794065928396,1.8607794065928396,1.8668154702594473,1.8668154702594473,1.8668154702594473,1.8668154702594473,1.8741664813991314,1.8741664813991314,1.905911855254592,1.905911855254592,1.905911855254592,1.9319679086361656,1.950640920313116,1.950640920313116,1.950640920313116,1.950640920313116,1.950640920313116,1.950640920313116,1.950640920313116,1.950640920313116,1.950640920313116,1.950640920313116,1.950640920313116,1.950640920313116,1.950640920313116,1.9525624189766635,1.9525624189766635,1.9525624189766635,1.9525624189766635,1.9525624189766635,1.9525624189766635,1.9525624189766635,1.9525624189766635,1.9525624189766635,1.9525624189766635,1,0,2.0,1.6918924315688633,0.07071067811865477,1.7334935823359716,1.7334935823359716,1.7334935823359716,1.7334935823359716,1.7334935823359716,1.7334935823359716,1.7334935823359716,1.7334935823359716,1.7334935823359716,1.7334935823359716,1.7334935823359716,1.7334935823359716,1.7334935823359716,1.7334935823359716,1.7334935823359716,1.7334935823359716,1.7334935823359716,1.7334935823359716,1.7334935823359716,1.7334935823359716,1.7334935823359716,1.7334935823359716,1.7334935823359716,1.7334935823359716,1.7334935823359716,1.7334935823359716,1.7334935823359716,1.7334935823359716,1.7334935823359716,1.7334935823359716,1.7334935823359716,1.7334935823359716,1.7334935823359716,1.7334935823359716,1.7334935823359716,1.7334935823359716,1.7334935823359716,1.7334935823359716,1.7334935823359716,1.7334935823359716,1.7334935823359716,1.7334935823359716,1.7334935823359716,1.7334935823359716,1.7334935823359716,1.7334935823359716,1.7334935823359716,1.7334935823359716,1.7492855684535902,1.75,1,0,2.0,1.6224980739587953,0.3535533905932738,2.375394704043941,2.441823089414956,2.441823089414956,2.441823089414956,2.5124689052802225,2.5124689052802225,2.5124689052802225,2.5124689052802225,2.5238858928247927,2.5238858928247927,2.5495097567963927,2.5495097567963927,2.5495097567963927,2.5495097567963927,2.5495097567963927,2.5495097567963927,2.5495097567963927,2.5495097567963927,2.5495097567963927,2.780287754891569,2.780287754891569,2.780287754891569,2.780287754891569,2.780287754891569,2.780287754891569,2.780287754891569,2.780287754891569,2.780287754891569,2.780287754891569,2.780287754891569,2.780287754891569,3.0,3.0,3.0,3.0,3.0,3.0,3.0,3.0,3.0,3.0,3.0,3.0,3.0,3.0,3.0,3.0,3.0,3.0,3.0
v3_sc2_staging_20,L5,8,4.658047924806843,0.4945309118120648,2,1,2.0,3.0,0.6000000000000001,3.0,3.0,3.0,3.0,3.0,3.0,3.0,3.0,3.0,3.0,3.0,3.0,3.0,3.0,3.0,3.0,3.0,3.0,3.0,3.0,3.0,3.0,3.0,3.0,3.0,3.0,3.0,3.0,3.0,3.0,3.0,3.0,3.0,3.0,3.0,3.0,3.0,3.0,3.0,3.0,3.0,3.0,3.0,3.0,3.0,3.0,3.0,3.0,3.0,3.0,1,1,2.0,1.744276354251241,0.7778174593052023,2.420743687382041,2.420743687382041,2.420743687382041,2.420743687382041,2.420743687382041,2.420743687382041,2.420743687382041,2.420743687382041,2.420743687382041,2.420743687382041,2.420743687382041,2.420743687382041,2.420743687382041,2.420743687382041,2.420743687382041,2.460182920028509,2.5,2.5,2.5,2.7244265451650556,2.7244265451650556,2.7244265451650556,2.906888370749727,2.906888370749727,2.906888370749727,2.906888370749727,2.973213749463701,2.973213749463701,2.973213749463701,2.973213749463701,2.973213749463701,2.973213749463701,2.973213749463701,2.973213749463701,2.973213749463701,2.973213749463701,2.973213749463701,2.973213749463701,2.973213749463701,2.973213749463701,2.973213749463701,2.973213749463701,2.973213749463701,2.973213749463701,2.973213749463701,2.973213749463701,2.973213749463701,2.973213749463701,2.973213749463701,2.973213749463701,1,0,2.0,1.6224980739587953,0.21213203435596426,2.170829334609241,2.170829334609241,2.170829334609241,2.170829334609241,2.170829334609241,2.1840329667841556,2.219234102117215,2.219234102117215,2.219234102117215,2.219234102117215,2.219234102117215,2.219234102117215,2.219234102117215,2.219234102117215,2.219234102117215,2.219234102117215,2.219234102117215,2.219234102117215,2.219234102117215,3.0,3.0,3.0,3.0,3.0,3.0,3.0,3.0,3.0,3.0,3.0,3.0,3.0,3.0,3.0,3.0,3.0,3.0,3.0,3.0,3.0,3.0,3.0,3.0,3.0,3.0,3.0,3.0,3.0,3.0,3.0
v3_sc2_staging_20,L5,9,1.6069141080123308,0.16721421555250798,2,1,2.0,1.8821530224718712,1.4000000000000001,1.8439088914585775,1.8439088914585775,1.9474342094150447,1.9798989873223332,1.9798989873223332,1.9798989873223332,1.9798989873223332,1.9798989873223332,2.0518284528683193,2.0518284528683193,2.0518284528683193,2.0518284528683193,2.0518284528683193,2.381701072762911,2.381701072762911,2.381701072762911,2.381701072762911,2.381701072762911,2.381701072762911,2.706011825546962,2.706011825546962,2.706011825546962,2.706011825546962,2.706011825546962,2.706011825546962,2.706011825546962,2.706011825546962,2.706011825546962,2.706011825546962,2.706011825546962,2.706011825546962,2.706011825546962,2.706011825546962,2.706011825546962,2.706011825546962,2.706011825546962,2.706011825546962,2.706011825546962,2.706011825546962,2.706011825546962,2.706011825546962,2.706011825546962,2.706011825546962,2.706011825546962,2.706011825546962,2.706011825546962,2.706011825546962,2.728094573140748,2.728094573140748,2.728094573140748,1,0,2.0,0.7280109889280518,0.1,0.8062257748298549,0.8062257748298549,0.8062257748298549,0.8062257748298549,0.8062257748298549,0.8062257748298549,0.8062257748298549,0.8062257748298549,0.8062257748298549,0.8062257748298549,0.8558621384311845,0.8558621384311845,0.8558621384311845,0.8558621384311845,0.8558621384311845,0.912414379544733,0.912414379544733,0.912414379544733,0.912414379544733,0.912414379544733,0.912414379544733,2.6504716561397146,2.6504716561397146,2.7064737205448717,2.7064737205448717,2.7064737205448717,2.7064737205448717,2.7064737205448717,2.7064737205448717,2.7064737205448717,2.7064737205448717,2.7064737205448717,2.7064737205448717,2.7064737205448717,2.7064737205448717,2.7064737205448717,2.7064737205448717,2.7064737205448717,2.7064737205448717,2.7064737205448717,2.7064737205448717,2.7064737205448717,2.7064737205448717,2.7064737205448717,2.7064737205448717,2.7064737205448717,2.7064737205448717,2.7064737205448717,2.802231253840411,2.802231253840411,1,0,1.0,0.304138126514911,0.0,0.7106335201775948,0.75,0.75,0.75,0.9924716620639604,0.9924716620639604,0.9924716620639604,1.2747548783981963,1.2747548783981963,1.2747548783981963,1.2747548783981963,3.0,3.0,3.0,3.0,3.0,3.0,3.0,3.0,3.0,3.0,3.0,3.0,3.0,3.0,3.0,3.0,3.0,3.0,3.0,3.0,3.0,3.0,3.0,3.0,3.0,3.0,3.0,3.0,3.0,3.0,3.0,3.0,3.0,3.0,3.0,3.0,3.0,3.0,3.0
