scene,level,seed,task,arm,abstained,classes_fell_back,exposed,planned,violation,collision,reached,length,clearance,obst_clearance,success,oracle_length
v3_sc0_staging_12,L0,0,0,uncalibrated,False,0,False,True,False,False,True,7.229036790187182,0.7000000000000001,0.20615528128088303,True,7.229036790187182
v3_sc0_staging_12,L0,0,0,label_cell,False,0,False,True,False,False,True,7.249747468305836,0.5656854249492381,0.5024937810560445,True,7.229036790187182
v3_sc0_staging_12,L0,0,0,geometry,False,0,False,True,False,False,True,7.249747468305836,0.5656854249492381,0.5024937810560445,True,7.229036790187182
v3_sc0_staging_12,L0,0,0,label_only,False,0,False,True,False,False,True,7.521930009000634,1.2083045973594573,0.20615528128088303,True,7.229036790187182
v3_sc0_staging_12,L0,0,0,pose_only,False,0,False,True,False,False,True,7.229036790187182,0.7000000000000001,0.20615528128088303,True,7.229036790187182
v3_sc0_staging_12,L0,0,0,separate,False,0,False,True,False,False,True,7.521930009000634,1.2083045973594573,0.20615528128088303,True,7.229036790187182
v3_sc0_staging_12,L0,0,0,joint,False,0,False,True,False,False,True,7.521930009000634,1.2083045973594573,0.20615528128088303,True,7.229036790187182
v3_sc0_staging_12,L0,0,0,oracle,False,0,False,True,False,False,True,7.229036790187182,0.7000000000000001,0.20615528128088303,True,7.229036790187182
v3_sc0_staging_12,L0,0,1,uncalibrated,False,0,False,True,False,False,True,6.42842712474619,0.5024937810560445,0.5024937810560445,True,6.42842712474619
v3_sc0_staging_12,L0,0,1,label_cell,False,0,False,True,False,False,True,6.42842712474619,0.5024937810560445,0.5024937810560445,True,6.42842712474619
v3_sc0_staging_12,L0,0,1,geometry,False,0,False,True,False,False,True,6.42842712474619,0.5024937810560445,0.5024937810560445,True,6.42842712474619
v3_sc0_staging_12,L0,0,1,label_only,False,0,False,True,False,False,True,7.242031021678297,1.2083045973594573,0.7280109889280518,True,6.42842712474619
v3_sc0_staging_12,L0,0,1,pose_only,False,0,False,True,False,False,True,6.42842712474619,0.5024937810560445,0.5024937810560445,True,6.42842712474619
v3_sc0_staging_12,L0,0,1,separate,False,0,False,True,False,False,True,7.242031021678297,1.2083045973594573,0.7280109889280518,True,6.42842712474619
v3_sc0_staging_12,L0,0,1,joint,False,0,False,True,False,False,True,7.242031021678297,1.2083045973594573,0.7280109889280518,True,6.42842712474619
v3_sc0_staging_12,L0,0,1,oracle,False,0,False,True,False,False,True,6.42842712474619,0.5024937810560445,0.35000000000000003,True,6.42842712474619
v3_sc0_staging_12,L0,0,2,uncalibrated,False,0,False,True,False,False,True,5.654163056034263,0.5024937810560445,0.5,True,5.654163056034262
v3_sc0_staging_12,L0,0,2,label_cell,False,0,False,True,False,False,True,5.654163056034263,0.5024937810560445,0.5024937810560445,True,5.654163056034262
v3_sc0_staging_12,L0,0,2,geometry,False,0,False,True,False,False,True,5.654163056034263,0.5024937810560445,0.5024937810560445,True,5.654163056034262
v3_sc0_staging_12,L0,0,2,label_only,False,0,False,True,False,False,True,6.571320343559645,1.2083045973594573,0.8500000000000001,True,5.654163056034262
v3_sc0_staging_12,L0,0,2,pose_only,False,0,False,True,False,False,True,5.654163056034263,0.5024937810560445,0.5,True,5.654163056034262
v3_sc0_staging_12,L0,0,2,separate,False,0,False,True,False,False,True,6.571320343559645,1.2083045973594573,0.8500000000000001,True,5.654163056034262
v3_sc0_staging_12,L0,0,2,joint,False,0,False,True,False,False,True,6.571320343559645,1.2083045973594573,0.8500000000000001,True,5.654163056034262
v3_sc0_staging_12,L0,0,2,oracle,False,0,False,True,False,False,True,5.654163056034262,0.5024937810560445,0.35000000000000003,True,5.654163056034262
v3_sc0_staging_12,L0,0,3,uncalibrated,False,0,False,True,False,False,True,5.873401871576775,0.65,0.20615528128088303,True,5.873401871576775
v3_sc0_staging_12,L0,0,3,label_cell,False,0,False,True,False,False,True,5.894112549695429,0.55,0.5024937810560445,True,5.873401871576775
v3_sc0_staging_12,L0,0,3,geometry,False,0,False,True,False,False,True,5.894112549695429,0.55,0.5024937810560445,True,5.873401871576775
v3_sc0_staging_12,L0,0,3,label_only,False,0,False,True,False,False,True,6.6633513652379435,1.2083045973594573,0.20615528128088303,True,5.873401871576775
v3_sc0_staging_12,L0,0,3,pose_only,False,0,False,True,False,False,True,5.873401871576775,0.65,0.20615528128088303,True,5.873401871576775
v3_sc0_staging_12,L0,0,3,separate,False,0,False,True,False,False,True,6.6633513652379435,1.2083045973594573,0.20615528128088303,True,5.873401871576775
v3_sc0_staging_12,L0,0,3,joint,False,0,False,True,False,False,True,6.6633513652379435,1.2083045973594573,0.20615528128088303,True,5.873401871576775
v3_sc0_staging_12,L0,0,3,oracle,False,0,False,True,False,False,True,5.873401871576775,0.55,0.20615528128088303,True,5.873401871576775
v3_sc0_staging_12,L0,0,4,uncalibrated,False,0,False,True,False,False,True,6.466904755831215,0.5024937810560445,0.40311288741492746,True,6.466904755831215
v3_sc0_staging_12,L0,0,4,label_cell,False,0,False,True,False,False,True,6.466904755831215,0.5024937810560445,0.5024937810560445,True,6.466904755831215
v3_sc0_staging_12,L0,0,4,geometry,False,0,False,True,False,False,True,6.466904755831215,0.5024937810560445,0.5024937810560445,True,6.466904755831215
v3_sc0_staging_12,L0,0,4,label_only,False,0,False,True,False,False,True,7.05269119345812,1.2083045973594573,0.5099019513592785,True,6.466904755831215
v3_sc0_staging_12,L0,0,4,pose_only,False,0,False,True,False,False,True,6.466904755831215,0.5024937810560445,0.40311288741492746,True,6.466904755831215
v3_sc0_staging_12,L0,0,4,separate,False,0,False,True,False,False,True,7.05269119345812,1.2083045973594573,0.5099019513592785,True,6.466904755831215
v3_sc0_staging_12,L0,0,4,joint,False,0,False,True,False,False,True,7.05269119345812,1.2083045973594573,0.5099019513592785,True,6.466904755831215
v3_sc0_staging_12,L0,0,4,oracle,False,0,False,True,False,False,True,6.466904755831215,0.5024937810560445,0.40311288741492746,True,6.466904755831215
v3_sc0_staging_12,L0,0,5,uncalibrated,False,0,False,True,False,False,True,7.860407640085658,0.5024937810560445,0.21213203435596426,True,7.860407640085658
v3_sc0_staging_12,L0,0,5,label_cell,False,0,False,True,False,False,True,8.198275605729691,0.5024937810560445,0.5024937810560445,True,7.860407640085658
v3_sc0_staging_12,L0,0,5,geometry,False,0,False,True,False,False,True,8.198275605729691,0.5024937810560445,0.5024937810560445,True,7.860407640085658
v3_sc0_staging_12,L0,0,5,label_only,False,0,False,True,False,False,True,8.153300858899106,1.2083045973594573,0.20615528128088303,True,7.860407640085658
v3_sc0_staging_12,L0,0,5,pose_only,False,0,False,True,False,False,True,7.860407640085658,0.5024937810560445,0.21213203435596426,True,7.860407640085658
v3_sc0_staging_12,L0,0,5,separate,False,0,False,True,False,False,True,8.153300858899106,1.2083045973594573,0.20615528128088303,True,7.860407640085658
v3_sc0_staging_12,L0,0,5,joint,False,0,False,True,False,False,True,8.153300858899106,1.2083045973594573,0.20615528128088303,True,7.860407640085658
v3_sc0_staging_12,L0,0,5,oracle,False,0,False,True,False,False,True,7.860407640085658,0.5024937810560445,0.21213203435596426,True,7.860407640085658
v3_sc0_staging_12,L0,0,6,uncalibrated,False,0,False,True,False,False,True,5.11126983722081,0.5024937810560445,0.40311288741492746,True,5.11126983722081
v3_sc0_staging_12,L0,0,6,label_cell,False,0,False,True,False,False,True,5.15269119345812,0.5024937810560445,0.5024937810560445,True,5.11126983722081
v3_sc0_staging_12,L0,0,6,geometry,False,0,False,True,False,False,True,5.15269119345812,0.5024937810560445,0.5024937810560445,True,5.11126983722081
v3_sc0_staging_12,L0,0,6,label_only,False,0,False,False,False,False,False,nan,nan,nan,False,5.11126983722081
v3_sc0_staging_12,L0,0,6,pose_only,False,0,False,True,False,False,True,5.11126983722081,0.5024937810560445,0.40311288741492746,True,5.11126983722081
v3_sc0_staging_12,L0,0,6,separate,False,0,False,False,False,False,False,nan,nan,nan,False,5.11126983722081
v3_sc0_staging_12,L0,0,6,joint,False,0,False,False,False,False,False,nan,nan,nan,False,5.11126983722081
v3_sc0_staging_12,L0,0,6,oracle,False,0,False,True,False,False,True,5.11126983722081,0.5024937810560445,0.30000000000000004,True,5.11126983722081
v3_sc0_staging_12,L0,0,7,uncalibrated,False,0,False,True,False,False,True,7.466295090390226,0.5024937810560445,0.4301162633521314,True,7.466295090390225
v3_sc0_staging_12,L0,0,7,label_cell,False,0,False,False,False,False,False,nan,nan,nan,False,7.466295090390225
v3_sc0_staging_12,L0,0,7,geometry,False,0,False,False,False,False,False,nan,nan,nan,False,7.466295090390225
v3_sc0_staging_12,L0,0,7,label_only,False,0,False,True,False,False,True,8.549137802864847,1.2083045973594573,0.4301162633521314,True,7.466295090390225
v3_sc0_staging_12,L0,0,7,pose_only,False,0,False,True,False,False,True,7.466295090390226,0.5024937810560445,0.4301162633521314,True,7.466295090390225
v3_sc0_staging_12,L0,0,7,separate,False,0,False,True,False,False,True,8.549137802864847,1.2083045973594573,0.4301162633521314,True,7.466295090390225
v3_sc0_staging_12,L0,0,7,joint,False,0,False,True,False,False,True,8.549137802864847,1.2083045973594573,0.4301162633521314,True,7.466295090390225
v3_sc0_staging_12,L0,0,7,oracle,False,0,False,True,False,False,True,7.466295090390225,0.5024937810560445,0.30000000000000004,True,7.466295090390225
v3_sc0_staging_12,L0,0,8,uncalibrated,False,0,False,True,False,False,True,8.955382386916238,0.5024937810560445,0.30000000000000004,True,8.955382386916238
v3_sc0_staging_12,L0,0,8,label_cell,False,0,False,False,False,False,False,nan,nan,nan,False,8.955382386916238
v3_sc0_staging_12,L0,0,8,geometry,False,0,False,False,False,False,False,nan,nan,nan,False,8.955382386916238
v3_sc0_staging_12,L0,0,8,label_only,False,0,False,True,False,False,True,9.248275605729688,1.2083045973594573,0.20615528128088303,True,8.955382386916238
v3_sc0_staging_12,L0,0,8,pose_only,False,0,False,True,False,False,True,8.955382386916238,0.5024937810560445,0.30000000000000004,True,8.955382386916238
v3_sc0_staging_12,L0,0,8,separate,False,0,False,True,False,False,True,9.248275605729688,1.2083045973594573,0.20615528128088303,True,8.955382386916238
v3_sc0_staging_12,L0,0,8,joint,False,0,False,True,False,False,True,9.248275605729688,1.2083045973594573,0.20615528128088303,True,8.955382386916238
v3_sc0_staging_12,L0,0,8,oracle,False,0,False,True,False,False,True,8.955382386916238,0.5024937810560445,0.30000000000000004,True,8.955382386916238
v3_sc0_staging_12,L0,0,9,uncalibrated,False,0,False,True,False,False,True,6.156244584051393,0.5315072906367325,0.49244289008980524,True,6.156244584051393
v3_sc0_staging_12,L0,0,9,label_cell,False,0,False,True,False,False,True,6.156244584051393,0.5315072906367325,0.5315072906367325,True,6.156244584051393
v3_sc0_staging_12,L0,0,9,geometry,False,0,False,True,False,False,True,6.156244584051393,0.5315072906367325,0.5315072906367325,True,6.156244584051393
v3_sc0_staging_12,L0,0,9,label_only,False,0,False,True,False,False,True,7.168376618407358,1.2083045973594573,0.4949747468305833,True,6.156244584051393
v3_sc0_staging_12,L0,0,9,pose_only,False,0,False,True,False,False,True,6.156244584051393,0.5315072906367325,0.49244289008980524,True,6.156244584051393
v3_sc0_staging_12,L0,0,9,separate,False,0,False,True,False,False,True,7.168376618407358,1.2083045973594573,0.4949747468305833,True,6.156244584051393
v3_sc0_staging_12,L0,0,9,joint,False,0,False,True,False,False,True,7.168376618407358,1.2083045973594573,0.4949747468305833,True,6.156244584051393
v3_sc0_staging_12,L0,0,9,oracle,False,0,False,True,False,False,True,6.156244584051393,0.5315072906367325,0.38078865529319544,True,6.156244584051393
v3_sc0_staging_12,L0,0,10,uncalibrated,False,0,False,True,False,False,True,3.9606601717798213,0.7158910531638177,0.552268050859363,True,3.9606601717798213
v3_sc0_staging_12,L0,0,10,label_cell,False,0,False,True,False,False,True,3.9606601717798213,0.7158910531638177,0.552268050859363,True,3.9606601717798213
v3_sc0_staging_12,L0,0,10,geometry,False,0,False,True,False,False,True,3.9606601717798213,0.7158910531638177,0.552268050859363,True,3.9606601717798213
v3_sc0_staging_12,L0,0,10,label_only,False,0,False,True,False,False,True,4.209188309203679,1.4000000000000001,0.7516648189186454,True,3.9606601717798213
v3_sc0_staging_12,L0,0,10,pose_only,False,0,False,True,False,False,True,3.9606601717798213,0.7158910531638177,0.552268050859363,True,3.9606601717798213
v3_sc0_staging_12,L0,0,10,separate,False,0,False,True,False,False,True,4.209188309203679,1.4000000000000001,0.7516648189186454,True,3.9606601717798213
v3_sc0_staging_12,L0,0,10,joint,False,0,False,True,False,False,True,4.209188309203679,1.4000000000000001,0.7516648189186454,True,3.9606601717798213
v3_sc0_staging_12,L0,0,10,oracle,False,0,False,True,False,False,True,3.9606601717798213,0.7158910531638177,0.552268050859363,True,3.9606601717798213
v3_sc0_staging_12,L0,0,11,uncalibrated,False,0,False,True,False,False,True,4.659188309203678,0.7000000000000001,0.45,True,4.6177669529663685
v3_sc0_staging_12,L0,0,11,label_cell,False,0,False,True,False,False,True,4.700609665440989,0.7000000000000001,0.5024937810560445,True,4.6177669529663685
v3_sc0_staging_12,L0,0,11,geometry,False,0,False,True,False,False,True,4.700609665440989,0.7000000000000001,0.5024937810560445,True,4.6177669529663685
v3_sc0_staging_12,L0,0,11,label_only,False,0,False,True,False,False,True,5.390559159102154,1.2083045973594573,0.55,True,4.6177669529663685
v3_sc0_staging_12,L0,0,11,pose_only,False,0,False,True,False,False,True,4.659188309203678,0.7000000000000001,0.45,True,4.6177669529663685
v3_sc0_staging_12,L0,0,11,separate,False,0,False,True,False,False,True,5.390559159102154,1.2083045973594573,0.55,True,4.6177669529663685
v3_sc0_staging_12,L0,0,11,joint,False,0,False,True,False,False,True,5.390559159102154,1.2083045973594573,0.55,True,4.6177669529663685
v3_sc0_staging_12,L0,0,11,oracle,False,0,False,True,False,False,True,4.6177669529663685,0.5024937810560445,0.30000000000000004,True,4.6177669529663685
v3_sc0_staging_12,L0,0,12,uncalibrated,False,0,False,True,False,False,True,8.915432893255073,0.5024937810560445,0.35000000000000003,True,8.915432893255073
v3_sc0_staging_12,L0,0,12,label_cell,False,0,False,False,False,False,False,nan,nan,nan,False,8.915432893255073
v3_sc0_staging_12,L0,0,12,geometry,False,0,False,False,False,False,False,nan,nan,nan,False,8.915432893255073
v3_sc0_staging_12,L0,0,12,label_only,False,0,False,True,False,False,True,9.208326112068525,1.2083045973594573,0.20615528128088303,True,8.915432893255073
v3_sc0_staging_12,L0,0,12,pose_only,False,0,False,True,False,False,True,8.915432893255073,0.5024937810560445,0.35000000000000003,True,8.915432893255073
v3_sc0_staging_12,L0,0,12,separate,False,0,False,True,False,False,True,9.208326112068525,1.2083045973594573,0.20615528128088303,True,8.915432893255073
v3_sc0_staging_12,L0,0,12,joint,False,0,False,True,False,False,True,9.208326112068525,1.2083045973594573,0.20615528128088303,True,8.915432893255073
v3_sc0_staging_12,L0,0,12,oracle,False,0,False,True,False,False,True,8.915432893255073,0.5024937810560445,0.35000000000000003,True,8.915432893255073
v3_sc0_staging_12,L0,0,13,uncalibrated,False,0,False,True,False,False,True,10.00477272147525,0.5024937810560445,0.40311288741492746,True,9.942640687119287
v3_sc0_staging_12,L0,0,13,label_cell,False,0,False,False,False,False,False,nan,nan,nan,False,9.942640687119287
v3_sc0_staging_12,L0,0,13,geometry,False,0,False,False,False,False,False,nan,nan,nan,False,9.942640687119287
v3_sc0_staging_12,L0,0,13,label_only,False,0,False,True,False,False,True,10.856854249492383,1.2083045973594573,0.20615528128088303,True,9.942640687119287
v3_sc0_staging_12,L0,0,13,pose_only,False,0,False,True,False,False,True,10.00477272147525,0.5024937810560445,0.40311288741492746,True,9.942640687119287
v3_sc0_staging_12,L0,0,13,separate,False,0,False,True,False,False,True,10.856854249492383,1.2083045973594573,0.20615528128088303,True,9.942640687119287
v3_sc0_staging_12,L0,0,13,joint,False,0,False,True,False,False,True,10.856854249492383,1.2083045973594573,0.20615528128088303,True,9.942640687119287
v3_sc0_staging_12,L0,0,13,oracle,False,0,False,True,False,False,True,9.942640687119287,0.5024937810560445,0.30000000000000004,True,9.942640687119287
v3_sc0_staging_12,L0,0,14,uncalibrated,False,0,False,True,False,False,True,7.546194077712561,0.5024937810560445,0.25,True,7.5461940777125625
v3_sc0_staging_12,L0,0,14,label_cell,False,0,False,False,False,False,False,nan,nan,nan,False,7.5461940777125625
v3_sc0_staging_12,L0,0,14,geometry,False,0,False,False,False,False,False,nan,nan,nan,False,7.5461940777125625
v3_sc0_staging_12,L0,0,14,label_only,False,0,False,True,False,False,True,8.253300858899108,1.2083045973594573,0.20615528128088303,True,7.5461940777125625
v3_sc0_staging_12,L0,0,14,pose_only,False,0,False,True,False,False,True,7.546194077712561,0.5024937810560445,0.25,True,7.5461940777125625
v3_sc0_staging_12,L0,0,14,separate,False,0,False,True,False,False,True,8.253300858899108,1.2083045973594573,0.20615528128088303,True,7.5461940777125625
v3_sc0_staging_12,L0,0,14,joint,False,0,False,True,False,False,True,8.253300858899108,1.2083045973594573,0.20615528128088303,True,7.5461940777125625
v3_sc0_staging_12,L0,0,14,oracle,False,0,False,True,False,False,True,7.5461940777125625,0.5024937810560445,0.25,True,7.5461940777125625
v3_sc0_staging_12,L0,0,15,uncalibrated,False,0,False,True,False,False,True,7.123401871576775,0.5024937810560445,0.45,True,7.123401871576775
v3_sc0_staging_12,L0,0,15,label_cell,False,0,False,True,False,False,True,7.123401871576778,0.5024937810560445,0.5024937810560445,True,7.123401871576775
v3_sc0_staging_12,L0,0,15,geometry,False,0,False,True,False,False,True,7.123401871576778,0.5024937810560445,0.5024937810560445,True,7.123401871576775
v3_sc0_staging_12,L0,0,15,label_only,False,0,False,True,False,False,True,7.7506096654409875,1.2083045973594573,0.894427190999916,True,7.123401871576775
v3_sc0_staging_12,L0,0,15,pose_only,False,0,False,True,False,False,True,7.123401871576775,0.5024937810560445,0.45,True,7.123401871576775
v3_sc0_staging_12,L0,0,15,separate,False,0,False,True,False,False,True,7.7506096654409875,1.2083045973594573,0.894427190999916,True,7.123401871576775
v3_sc0_staging_12,L0,0,15,joint,False,0,False,True,False,False,True,7.7506096654409875,1.2083045973594573,0.894427190999916,True,7.123401871576775
v3_sc0_staging_12,L0,0,15,oracle,False,0,False,True,False,False,True,7.123401871576775,0.5024937810560445,0.45,True,7.123401871576775
v3_sc0_staging_12,L0,0,16,uncalibrated,False,0,False,True,False,False,True,6.233452377915606,0.5024937810560445,0.40311288741492746,True,6.233452377915606
v3_sc0_staging_12,L0,0,16,label_cell,False,0,False,True,False,False,True,6.233452377915606,0.5024937810560445,0.5024937810560445,True,6.233452377915606
v3_sc0_staging_12,L0,0,16,geometry,False,0,False,True,False,False,True,6.233452377915606,0.5024937810560445,0.5024937810560445,True,6.233452377915606
v3_sc0_staging_12,L0,0,16,label_only,False,0,False,True,False,False,True,7.005634918610406,1.2083045973594573,1.0012492197250393,True,6.233452377915606
v3_sc0_staging_12,L0,0,16,pose_only,False,0,False,True,False,False,True,6.233452377915606,0.5024937810560445,0.40311288741492746,True,6.233452377915606
v3_sc0_staging_12,L0,0,16,separate,False,0,False,True,False,False,True,7.005634918610406,1.2083045973594573,1.0012492197250393,True,6.233452377915606
v3_sc0_staging_12,L0,0,16,joint,False,0,False,True,False,False,True,7.005634918610406,1.2083045973594573,1.0012492197250393,True,6.233452377915606
v3_sc0_staging_12,L0,0,16,oracle,False,0,False,True,False,False,True,6.233452377915606,0.5024937810560445,0.30000000000000004,True,6.233452377915606
v3_sc0_staging_12,L0,0,17,uncalibrated,False,0,False,True,False,False,True,8.131980515339464,0.5024937810560445,0.45,True,8.131980515339464
v3_sc0_staging_12,L0,0,17,label_cell,False,0,False,False,False,False,False,nan,nan,nan,False,8.131980515339464
v3_sc0_staging_12,L0,0,17,geometry,False,0,False,False,False,False,False,nan,nan,nan,False,8.131980515339464
v3_sc0_staging_12,L0,0,17,label_only,False,0,False,True,False,False,True,9.297665940288702,1.2083045973594573,0.5,True,8.131980515339464
v3_sc0_staging_12,L0,0,17,pose_only,False,0,False,True,False,False,True,8.131980515339464,0.5024937810560445,0.45,True,8.131980515339464
v3_sc0_staging_12,L0,0,17,separate,False,0,False,True,False,False,True,9.297665940288702,1.2083045973594573,0.5,True,8.131980515339464
v3_sc0_staging_12,L0,0,17,joint,False,0,False,True,False,False,True,9.297665940288702,1.2083045973594573,0.5,True,8.131980515339464
v3_sc0_staging_12,L0,0,17,oracle,False,0,False,True,False,False,True,8.131980515339464,0.5024937810560445,0.45,True,8.131980515339464
v3_sc0_staging_12,L0,0,18,uncalibrated,False,0,False,True,False,False,True,5.11335136523794,0.5656854249492381,0.28284271247461906,True,5.11335136523794
v3_sc0_staging_12,L0,0,18,label_cell,False,0,False,True,False,False,True,5.11335136523794,0.5656854249492381,0.5024937810560445,True,5.11335136523794
v3_sc0_staging_12,L0,0,18,geometry,False,0,False,True,False,False,True,5.11335136523794,0.5656854249492381,0.5024937810560445,True,5.11335136523794
v3_sc0_staging_12,L0,0,18,label_only,False,0,False,False,False,False,False,nan,nan,nan,False,5.11335136523794
v3_sc0_staging_12,L0,0,18,pose_only,False,0,False,True,False,False,True,5.11335136523794,0.5656854249492381,0.28284271247461906,True,5.11335136523794
v3_sc0_staging_12,L0,0,18,separate,False,0,False,False,False,False,False,nan,nan,nan,False,5.11335136523794
v3_sc0_staging_12,L0,0,18,joint,False,0,False,False,False,False,False,nan,nan,nan,False,5.11335136523794
v3_sc0_staging_12,L0,0,18,oracle,False,0,False,True,False,False,True,5.11335136523794,0.5656854249492381,0.28284271247461906,True,5.11335136523794
v3_sc0_staging_12,L0,0,19,uncalibrated,False,0,False,True,False,False,True,7.061879502661802,0.6726812023536856,0.20615528128088303,True,7.061879502661802
v3_sc0_staging_12,L0,0,19,label_cell,False,0,False,True,False,False,True,7.061879502661802,0.5656854249492381,0.5024937810560445,True,7.061879502661802
v3_sc0_staging_12,L0,0,19,geometry,False,0,False,True,False,False,True,7.061879502661802,0.5656854249492381,0.5024937810560445,True,7.061879502661802
v3_sc0_staging_12,L0,0,19,label_only,False,0,False,True,False,False,True,7.354772721475252,1.2083045973594573,0.20615528128088303,True,7.061879502661802
v3_sc0_staging_12,L0,0,19,pose_only,False,0,False,True,False,False,True,7.061879502661802,0.6726812023536856,0.20615528128088303,True,7.061879502661802
v3_sc0_staging_12,L0,0,19,separate,False,0,False,True,False,False,True,7.354772721475252,1.2083045973594573,0.20615528128088303,True,7.061879502661802
v3_sc0_staging_12,L0,0,19,joint,False,0,False,True,False,False,True,7.354772721475252,1.2083045973594573,0.20615528128088303,True,7.061879502661802
v3_sc0_staging_12,L0,0,19,oracle,False,0,False,True,False,False,True,7.061879502661802,0.6726812023536856,0.20615528128088303,True,7.061879502661802
v3_sc0_staging_12,L1,0,0,uncalibrated,False,0,True,True,False,False,True,7.229036790187182,0.7000000000000001,0.20615528128088303,True,7.229036790187182
v3_sc0_staging_12,L1,0,0,label_cell,False,0,False,True,False,False,True,7.249747468305834,0.5656854249492381,0.5024937810560445,True,7.229036790187182
v3_sc0_staging_12,L1,0,0,geometry,False,0,False,True,False,False,True,7.379036790187181,0.5830951894845301,0.5830951894845301,True,7.229036790187182
v3_sc0_staging_12,L1,0,0,label_only,False,0,False,True,False,False,True,7.521930009000633,1.2083045973594573,0.20615528128088303,True,7.229036790187182
v3_sc0_staging_12,L1,0,0,pose_only,False,0,False,True,False,False,True,7.229036790187182,0.7000000000000001,0.20615528128088303,True,7.229036790187182
v3_sc0_staging_12,L1,0,0,separate,False,0,False,True,False,False,True,7.5805086527633225,1.2806248474865698,0.20615528128088303,True,7.229036790187182
v3_sc0_staging_12,L1,0,0,joint,False,0,False,True,False,False,True,7.521930009000633,1.2083045973594573,0.20615528128088303,True,7.229036790187182
v3_sc0_staging_12,L1,0,0,oracle,False,0,False,True,False,False,True,7.229036790187182,0.7000000000000001,0.20615528128088303,True,7.229036790187182
v3_sc0_staging_12,L1,0,1,uncalibrated,False,0,True,True,False,False,True,6.42842712474619,0.5024937810560445,0.5024937810560445,True,6.42842712474619
v3_sc0_staging_12,L1,0,1,label_cell,False,0,False,True,False,False,True,6.42842712474619,0.5024937810560445,0.5024937810560445,True,6.42842712474619
v3_sc0_staging_12,L1,0,1,geometry,False,0,False,True,False,False,True,6.487005768508883,0.5830951894845301,0.5830951894845301,True,6.42842712474619
v3_sc0_staging_12,L1,0,1,label_only,False,0,False,True,False,False,True,7.242031021678297,1.2083045973594573,0.7280109889280518,True,6.42842712474619
v3_sc0_staging_12,L1,0,1,pose_only,False,0,False,True,False,False,True,6.487005768508883,0.5830951894845301,0.5830951894845301,True,6.42842712474619
v3_sc0_staging_12,L1,0,1,separate,False,0,False,True,False,False,True,7.342031021678297,1.2806248474865698,0.7280109889280518,True,6.42842712474619
v3_sc0_staging_12,L1,0,1,joint,False,0,False,True,False,False,True,7.242031021678297,1.2083045973594573,0.7280109889280518,True,6.42842712474619
v3_sc0_staging_12,L1,0,1,oracle,False,0,False,True,False,False,True,6.42842712474619,0.5024937810560445,0.4,True,6.42842712474619
v3_sc0_staging_12,L1,0,2,uncalibrated,False,0,True,True,False,False,True,5.654163056034263,0.5024937810560445,0.5024937810560445,True,5.654163056034262
v3_sc0_staging_12,L1,0,2,label_cell,False,0,False,True,False,False,True,5.654163056034263,0.5024937810560445,0.5024937810560445,True,5.654163056034262
v3_sc0_staging_12,L1,0,2,geometry,False,0,False,True,False,False,True,5.712741699796953,0.5830951894845301,0.5830951894845301,True,5.654163056034262
v3_sc0_staging_12,L1,0,2,label_only,False,0,False,True,False,False,True,6.571320343559645,1.2083045973594573,0.8500000000000001,True,5.654163056034262
v3_sc0_staging_12,L1,0,2,pose_only,False,0,False,True,False,False,True,5.712741699796953,0.5830951894845301,0.55,True,5.654163056034262
v3_sc0_staging_12,L1,0,2,separate,False,0,False,True,False,False,True,6.671320343559646,1.2806248474865698,0.8500000000000001,True,5.654163056034262
v3_sc0_staging_12,L1,0,2,joint,False,0,False,True,False,False,True,6.571320343559645,1.2083045973594573,0.8500000000000001,True,5.654163056034262
v3_sc0_staging_12,L1,0,2,oracle,False,0,False,True,False,False,True,5.654163056034262,0.5024937810560445,0.4,True,5.654163056034262
v3_sc0_staging_12,L1,0,3,uncalibrated,False,0,True,True,False,False,True,5.873401871576775,0.65,0.20615528128088303,True,5.873401871576775
v3_sc0_staging_12,L1,0,3,label_cell,False,0,False,True,False,False,True,5.894112549695429,0.55,0.5024937810560445,True,5.873401871576775
v3_sc0_staging_12,L1,0,3,geometry,False,0,False,True,False,False,True,6.04411254969543,0.5830951894845301,0.5830951894845301,True,5.873401871576775
v3_sc0_staging_12,L1,0,3,label_only,False,0,False,True,False,False,True,6.6633513652379435,1.2083045973594573,0.20615528128088303,True,5.873401871576775
v3_sc0_staging_12,L1,0,3,pose_only,False,0,False,True,False,False,True,5.873401871576775,0.8,0.20615528128088303,True,5.873401871576775
v3_sc0_staging_12,L1,0,3,separate,False,0,False,False,False,False,False,nan,nan,nan,False,5.873401871576775
v3_sc0_staging_12,L1,0,3,joint,False,0,False,True,False,False,True,6.6633513652379435,1.2083045973594573,0.20615528128088303,True,5.873401871576775
v3_sc0_staging_12,L1,0,3,oracle,False,0,False,True,False,False,True,5.873401871576775,0.55,0.20615528128088303,True,5.873401871576775
v3_sc0_staging_12,L1,0,4,uncalibrated,False,0,True,True,False,False,True,6.466904755831215,0.5024937810560445,0.45,True,6.466904755831215
v3_sc0_staging_12,L1,0,4,label_cell,False,0,False,True,False,False,True,6.466904755831215,0.5024937810560445,0.5024937810560445,True,6.466904755831215
v3_sc0_staging_12,L1,0,4,geometry,False,0,False,True,False,False,True,6.525483399593907,0.5830951894845301,0.5830951894845301,True,6.466904755831215
v3_sc0_staging_12,L1,0,4,label_only,False,0,False,True,False,False,True,7.05269119345812,1.2083045973594573,0.5099019513592785,True,6.466904755831215
v3_sc0_staging_12,L1,0,4,pose_only,False,0,False,True,False,False,True,6.525483399593906,0.5830951894845301,0.5385164807134504,True,6.466904755831215
v3_sc0_staging_12,L1,0,4,separate,False,0,False,True,False,False,True,7.111269837220812,1.2806248474865698,0.5099019513592785,True,6.466904755831215
v3_sc0_staging_12,L1,0,4,joint,False,0,False,True,False,False,True,7.05269119345812,1.2083045973594573,0.5099019513592785,True,6.466904755831215
v3_sc0_staging_12,L1,0,4,oracle,False,0,False,True,False,False,True,6.466904755831215,0.5024937810560445,0.45,True,6.466904755831215
v3_sc0_staging_12,L1,0,5,uncalibrated,False,0,True,True,False,False,True,7.860407640085658,0.5024937810560445,0.21213203435596426,True,7.860407640085658
v3_sc0_staging_12,L1,0,5,label_cell,False,0,False,True,False,False,True,8.198275605729691,0.5024937810560445,0.5024937810560445,True,7.860407640085658
v3_sc0_staging_12,L1,0,5,geometry,False,0,False,False,False,False,False,nan,nan,nan,False,7.860407640085658
v3_sc0_staging_12,L1,0,5,label_only,False,0,False,True,False,False,True,8.153300858899106,1.2083045973594573,0.20615528128088303,True,7.860407640085658
v3_sc0_staging_12,L1,0,5,pose_only,False,0,False,True,False,False,True,7.860407640085658,0.5830951894845301,0.21213203435596426,True,7.860407640085658
v3_sc0_staging_12,L1,0,5,separate,False,0,False,True,False,False,True,8.211879502661796,1.2806248474865698,0.20615528128088303,True,7.860407640085658
v3_sc0_staging_12,L1,0,5,joint,False,0,False,True,False,False,True,8.153300858899106,1.2083045973594573,0.20615528128088303,True,7.860407640085658
v3_sc0_staging_12,L1,0,5,oracle,False,0,False,True,False,False,True,7.860407640085658,0.5024937810560445,0.21213203435596426,True,7.860407640085658
v3_sc0_staging_12,L1,0,6,uncalibrated,False,0,True,True,False,False,True,5.11126983722081,0.5024937810560445,0.447213595499958,True,5.11126983722081
v3_sc0_staging_12,L1,0,6,label_cell,False,0,False,True,False,False,True,5.15269119345812,0.5024937810560445,0.5024937810560445,True,5.11126983722081
v3_sc0_staging_12,L1,0,6,geometry,False,0,False,False,False,False,False,nan,nan,nan,False,5.11126983722081
v3_sc0_staging_12,L1,0,6,label_only,False,0,False,False,False,False,False,nan,nan,nan,False,5.11126983722081
v3_sc0_staging_12,L1,0,6,pose_only,False,0,False,True,False,False,True,5.190559159102155,0.5830951894845301,0.5147815070493501,True,5.11126983722081
v3_sc0_staging_12,L1,0,6,separate,False,0,False,False,False,False,False,nan,nan,nan,False,5.11126983722081
v3_sc0_staging_12,L1,0,6,joint,False,0,False,False,False,False,False,nan,nan,nan,False,5.11126983722081
v3_sc0_staging_12,L1,0,6,oracle,False,0,False,True,False,False,True,5.11126983722081,0.5024937810560445,0.35000000000000003,True,5.11126983722081
v3_sc0_staging_12,L1,0,7,uncalibrated,False,0,True,True,False,False,True,7.466295090390226,0.5024937810560445,0.45,True,7.466295090390225
v3_sc0_staging_12,L1,0,7,label_cell,False,0,False,False,False,False,False,nan,nan,nan,False,7.466295090390225
v3_sc0_staging_12,L1,0,7,geometry,False,0,False,False,False,False,False,nan,nan,nan,False,7.466295090390225
v3_sc0_staging_12,L1,0,7,label_only,False,0,False,True,False,False,True,8.549137802864847,1.2083045973594573,0.45,True,7.466295090390225
v3_sc0_staging_12,L1,0,7,pose_only,False,0,False,True,False,False,True,7.524873734152917,0.5830951894845301,0.45,True,7.466295090390225
v3_sc0_staging_12,L1,0,7,separate,False,0,False,True,False,False,True,8.649137802864846,1.2806248474865698,0.45,True,7.466295090390225
v3_sc0_staging_12,L1,0,7,joint,False,0,False,True,False,False,True,8.549137802864847,1.2083045973594573,0.45,True,7.466295090390225
v3_sc0_staging_12,L1,0,7,oracle,False,0,False,True,False,False,True,7.466295090390225,0.5024937810560445,0.35000000000000003,True,7.466295090390225
v3_sc0_staging_12,L1,0,8,uncalibrated,False,0,True,True,False,False,True,8.955382386916238,0.5024937810560445,0.25495097567963926,True,8.955382386916238
v3_sc0_staging_12,L1,0,8,label_cell,False,0,False,False,False,False,False,nan,nan,nan,False,8.955382386916238
v3_sc0_staging_12,L1,0,8,geometry,False,0,False,False,False,False,False,nan,nan,nan,False,8.955382386916238
v3_sc0_staging_12,L1,0,8,label_only,False,0,False,True,False,False,True,9.248275605729688,1.2083045973594573,0.20615528128088303,True,8.955382386916238
v3_sc0_staging_12,L1,0,8,pose_only,False,0,False,True,False,False,True,8.955382386916238,0.5830951894845301,0.25495097567963926,True,8.955382386916238
v3_sc0_staging_12,L1,0,8,separate,False,0,False,True,False,False,True,9.30685424949238,1.2806248474865698,0.20615528128088303,True,8.955382386916238
v3_sc0_staging_12,L1,0,8,joint,False,0,False,True,False,False,True,9.248275605729688,1.2083045973594573,0.20615528128088303,True,8.955382386916238
v3_sc0_staging_12,L1,0,8,oracle,False,0,False,True,False,False,True,8.955382386916238,0.5024937810560445,0.25495097567963926,True,8.955382386916238
v3_sc0_staging_12,L1,0,9,uncalibrated,False,0,True,True,False,False,True,6.156244584051393,0.5315072906367325,0.5220153254455275,True,6.156244584051393
v3_sc0_staging_12,L1,0,9,label_cell,False,0,False,True,False,False,True,6.156244584051393,0.5315072906367325,0.5315072906367325,True,6.156244584051393
v3_sc0_staging_12,L1,0,9,geometry,False,0,False,True,False,False,True,6.24411254969543,0.5830951894845301,0.5830951894845301,True,6.156244584051393
v3_sc0_staging_12,L1,0,9,label_only,False,0,False,True,False,False,True,7.168376618407358,1.2083045973594573,0.4949747468305833,True,6.156244584051393
v3_sc0_staging_12,L1,0,9,pose_only,False,0,False,True,False,False,True,6.185533905932738,0.6020797289396148,0.4949747468305833,True,6.156244584051393
v3_sc0_staging_12,L1,0,9,separate,False,0,False,True,False,False,True,7.268376618407359,1.2806248474865698,0.4949747468305833,True,6.156244584051393
v3_sc0_staging_12,L1,0,9,joint,False,0,False,True,False,False,True,7.168376618407358,1.2083045973594573,0.4949747468305833,True,6.156244584051393
v3_sc0_staging_12,L1,0,9,oracle,False,0,False,True,False,False,True,6.156244584051393,0.5315072906367325,0.41231056256176607,True,6.156244584051393
v3_sc0_staging_12,L1,0,10,uncalibrated,False,0,True,True,False,False,True,3.9606601717798213,0.7158910531638177,0.6000000000000001,True,3.9606601717798213
v3_sc0_staging_12,L1,0,10,label_cell,False,0,False,True,False,False,True,3.9606601717798213,0.7158910531638177,0.6000000000000001,True,3.9606601717798213
v3_sc0_staging_12,L1,0,10,geometry,False,0,False,True,False,False,True,3.9606601717798213,0.608276253029822,0.608276253029822,True,3.9606601717798213
v3_sc0_staging_12,L1,0,10,label_only,False,0,False,True,False,False,True,4.209188309203679,1.4000000000000001,0.7566372975210779,True,3.9606601717798213
v3_sc0_staging_12,L1,0,10,pose_only,False,0,False,True,False,False,True,3.9606601717798213,0.7158910531638177,0.6000000000000001,True,3.9606601717798213
v3_sc0_staging_12,L1,0,10,separate,False,0,False,False,False,False,False,nan,nan,nan,False,3.9606601717798213
v3_sc0_staging_12,L1,0,10,joint,False,0,False,True,False,False,True,4.209188309203679,1.4000000000000001,0.7566372975210779,True,3.9606601717798213
v3_sc0_staging_12,L1,0,10,oracle,False,0,False,True,False,False,True,3.9606601717798213,0.7158910531638177,0.6000000000000001,True,3.9606601717798213
v3_sc0_staging_12,L1,0,11,uncalibrated,False,0,True,True,False,False,True,4.659188309203678,0.7000000000000001,0.5,True,4.6177669529663685
v3_sc0_staging_12,L1,0,11,label_cell,False,0,False,True,False,False,True,4.700609665440989,0.7000000000000001,0.55,True,4.6177669529663685
v3_sc0_staging_12,L1,0,11,geometry,False,0,False,False,False,False,False,nan,nan,nan,False,4.6177669529663685
v3_sc0_staging_12,L1,0,11,label_only,False,0,False,True,False,False,True,5.390559159102154,1.2083045973594573,0.55,True,4.6177669529663685
v3_sc0_staging_12,L1,0,11,pose_only,False,0,False,True,False,False,True,4.679898987322334,0.7000000000000001,0.5220153254455275,True,4.6177669529663685
v3_sc0_staging_12,L1,0,11,separate,False,0,False,True,False,False,True,5.490559159102155,1.2806248474865698,0.55,True,4.6177669529663685
v3_sc0_staging_12,L1,0,11,joint,False,0,False,True,False,False,True,5.390559159102154,1.2083045973594573,0.55,True,4.6177669529663685
v3_sc0_staging_12,L1,0,11,oracle,False,0,False,True,False,False,True,4.6177669529663685,0.5024937810560445,0.35000000000000003,True,4.6177669529663685
v3_sc0_staging_12,L1,0,12,uncalibrated,False,0,True,True,False,False,True,8.915432893255073,0.5024937810560445,0.35000000000000003,True,8.95685424949238
v3_sc0_staging_12,L1,0,12,label_cell,False,0,False,False,False,False,False,nan,nan,nan,False,8.95685424949238
v3_sc0_staging_12,L1,0,12,geometry,False,0,False,False,False,False,False,nan,nan,nan,False,8.95685424949238
v3_sc0_staging_12,L1,0,12,label_only,False,0,False,True,False,False,True,9.208326112068525,1.2083045973594573,0.20615528128088303,True,8.95685424949238
v3_sc0_staging_12,L1,0,12,pose_only,False,0,False,True,False,False,True,8.91543289325507,0.5830951894845301,0.35000000000000003,True,8.95685424949238
v3_sc0_staging_12,L1,0,12,separate,False,0,False,True,False,False,True,9.266904755831215,1.2806248474865698,0.20615528128088303,True,8.95685424949238
v3_sc0_staging_12,L1,0,12,joint,False,0,False,True,False,False,True,9.208326112068525,1.2083045973594573,0.20615528128088303,True,8.95685424949238
v3_sc0_staging_12,L1,0,12,oracle,False,0,False,True,False,False,True,8.95685424949238,0.5024937810560445,0.35000000000000003,True,8.95685424949238
v3_sc0_staging_12,L1,0,13,uncalibrated,False,0,True,True,False,False,True,10.00477272147525,0.5024937810560445,0.40311288741492746,True,9.942640687119287
v3_sc0_staging_12,L1,0,13,label_cell,False,0,False,False,False,False,False,nan,nan,nan,False,9.942640687119287
v3_sc0_staging_12,L1,0,13,geometry,False,0,False,False,False,False,False,nan,nan,nan,False,9.942640687119287
v3_sc0_staging_12,L1,0,13,label_only,False,0,False,True,False,False,True,10.856854249492383,1.2083045973594573,0.20615528128088303,True,9.942640687119287
v3_sc0_staging_12,L1,0,13,pose_only,False,0,False,True,False,False,True,10.025483399593906,0.5830951894845301,0.40311288741492746,True,9.942640687119287
v3_sc0_staging_12,L1,0,13,separate,False,0,False,True,False,False,True,10.95685424949238,1.2806248474865698,0.20615528128088303,True,9.942640687119287
v3_sc0_staging_12,L1,0,13,joint,False,0,False,True,False,False,True,10.856854249492383,1.2083045973594573,0.20615528128088303,True,9.942640687119287
v3_sc0_staging_12,L1,0,13,oracle,False,0,False,True,False,False,True,9.942640687119287,0.5024937810560445,0.35000000000000003,True,9.942640687119287
v3_sc0_staging_12,L1,0,14,uncalibrated,False,0,True,True,False,False,True,7.546194077712561,0.5024937810560445,0.25,True,7.5461940777125625
v3_sc0_staging_12,L1,0,14,label_cell,False,0,False,False,False,False,False,nan,nan,nan,False,7.5461940777125625
v3_sc0_staging_12,L1,0,14,geometry,False,0,False,False,False,False,False,nan,nan,nan,False,7.5461940777125625
v3_sc0_staging_12,L1,0,14,label_only,False,0,False,True,False,False,True,8.253300858899108,1.2083045973594573,0.20615528128088303,True,7.5461940777125625
v3_sc0_staging_12,L1,0,14,pose_only,False,0,False,True,False,False,True,7.546194077712561,0.5830951894845301,0.25,True,7.5461940777125625
v3_sc0_staging_12,L1,0,14,separate,False,0,False,True,False,False,True,8.353300858899107,1.2806248474865698,0.20615528128088303,True,7.5461940777125625
v3_sc0_staging_12,L1,0,14,joint,False,0,False,True,False,False,True,8.253300858899108,1.2083045973594573,0.20615528128088303,True,7.5461940777125625
v3_sc0_staging_12,L1,0,14,oracle,False,0,False,True,False,False,True,7.5461940777125625,0.5024937810560445,0.25,True,7.5461940777125625
v3_sc0_staging_12,L1,0,15,uncalibrated,False,0,True,True,False,False,True,7.123401871576775,0.5024937810560445,0.5,True,7.123401871576775
v3_sc0_staging_12,L1,0,15,label_cell,False,0,False,True,False,False,True,7.123401871576778,0.5024937810560445,0.5024937810560445,True,7.123401871576775
v3_sc0_staging_12,L1,0,15,geometry,False,0,False,True,False,False,True,7.181980515339467,0.5830951894845301,0.5830951894845301,True,7.123401871576775
v3_sc0_staging_12,L1,0,15,label_only,False,0,False,True,False,False,True,7.7506096654409875,1.2083045973594573,0.894427190999916,True,7.123401871576775
v3_sc0_staging_12,L1,0,15,pose_only,False,0,False,True,False,False,True,7.181980515339467,0.5830951894845301,0.5830951894845301,True,7.123401871576775
v3_sc0_staging_12,L1,0,15,separate,False,0,False,True,False,False,True,7.850609665440988,1.2806248474865698,0.894427190999916,True,7.123401871576775
v3_sc0_staging_12,L1,0,15,joint,False,0,False,True,False,False,True,7.7506096654409875,1.2083045973594573,0.894427190999916,True,7.123401871576775
v3_sc0_staging_12,L1,0,15,oracle,False,0,False,True,False,False,True,7.123401871576775,0.5024937810560445,0.5,True,7.123401871576775
v3_sc0_staging_12,L1,0,16,uncalibrated,False,0,True,True,False,False,True,6.233452377915606,0.5024937810560445,0.447213595499958,True,6.233452377915606
v3_sc0_staging_12,L1,0,16,label_cell,False,0,False,True,False,False,True,6.233452377915605,0.5024937810560445,0.5024937810560445,True,6.233452377915606
v3_sc0_staging_12,L1,0,16,geometry,False,0,False,True,False,False,True,6.292031021678298,0.5830951894845301,0.5830951894845301,True,6.233452377915606
v3_sc0_staging_12,L1,0,16,label_only,False,0,False,True,False,False,True,7.005634918610406,1.2083045973594573,1.0012492197250393,True,6.233452377915606
v3_sc0_staging_12,L1,0,16,pose_only,False,0,False,True,False,False,True,6.292031021678298,0.5830951894845301,0.5147815070493501,True,6.233452377915606
v3_sc0_staging_12,L1,0,16,separate,False,0,False,True,False,False,True,7.12634559672906,1.2806248474865698,1.0,True,6.233452377915606
v3_sc0_staging_12,L1,0,16,joint,False,0,False,True,False,False,True,7.005634918610406,1.2083045973594573,1.0012492197250393,True,6.233452377915606
v3_sc0_staging_12,L1,0,16,oracle,False,0,False,True,False,False,True,6.233452377915606,0.5024937810560445,0.35000000000000003,True,6.233452377915606
v3_sc0_staging_12,L1,0,17,uncalibrated,False,0,True,True,False,False,True,8.131980515339464,0.5024937810560445,0.5,True,8.131980515339464
v3_sc0_staging_12,L1,0,17,label_cell,False,0,False,False,False,False,False,nan,nan,nan,False,8.131980515339464
v3_sc0_staging_12,L1,0,17,geometry,False,0,False,False,False,False,False,nan,nan,nan,False,8.131980515339464
v3_sc0_staging_12,L1,0,17,label_only,False,0,False,True,False,False,True,9.297665940288702,1.2083045973594573,0.5,True,8.131980515339464
v3_sc0_staging_12,L1,0,17,pose_only,False,0,False,True,False,False,True,8.231980515339464,0.5830951894845301,0.5,True,8.131980515339464
v3_sc0_staging_12,L1,0,17,separate,False,0,False,True,False,False,True,9.397665940288702,1.2806248474865698,0.5,True,8.131980515339464
v3_sc0_staging_12,L1,0,17,joint,False,0,False,True,False,False,True,9.297665940288702,1.2083045973594573,0.5,True,8.131980515339464
v3_sc0_staging_12,L1,0,17,oracle,False,0,False,True,False,False,True,8.131980515339464,0.5024937810560445,0.5,True,8.131980515339464
v3_sc0_staging_12,L1,0,18,uncalibrated,False,0,True,True,False,False,True,5.11335136523794,0.5656854249492381,0.28284271247461906,True,5.11335136523794
v3_sc0_staging_12,L1,0,18,label_cell,False,0,False,True,False,False,True,5.11335136523794,0.5656854249492381,0.5024937810560445,True,5.11335136523794
v3_sc0_staging_12,L1,0,18,geometry,False,0,False,True,False,False,True,5.201219330881977,0.5830951894845301,0.5830951894845301,True,5.11335136523794
v3_sc0_staging_12,L1,0,18,label_only,False,0,False,False,False,False,False,nan,nan,nan,False,5.11335136523794
v3_sc0_staging_12,L1,0,18,pose_only,False,0,False,True,False,False,True,5.11335136523794,0.8139410298049854,0.28284271247461906,True,5.11335136523794
v3_sc0_staging_12,L1,0,18,separate,False,0,False,False,False,False,False,nan,nan,nan,False,5.11335136523794
v3_sc0_staging_12,L1,0,18,joint,False,0,False,False,False,False,False,nan,nan,nan,False,5.11335136523794
v3_sc0_staging_12,L1,0,18,oracle,False,0,False,True,False,False,True,5.11335136523794,0.5656854249492381,0.28284271247461906,True,5.11335136523794
v3_sc0_staging_12,L1,0,19,uncalibrated,False,0,True,True,False,False,True,7.061879502661802,0.6726812023536856,0.20615528128088303,True,7.061879502661802
v3_sc0_staging_12,L1,0,19,label_cell,False,0,False,True,False,False,True,7.061879502661802,0.5656854249492381,0.5024937810560445,True,7.061879502661802
v3_sc0_staging_12,L1,0,19,geometry,False,0,False,True,False,False,True,7.149747468305836,0.5830951894845301,0.5830951894845301,True,7.061879502661802
v3_sc0_staging_12,L1,0,19,label_only,False,0,False,True,False,False,True,7.354772721475252,1.2083045973594573,0.20615528128088303,True,7.061879502661802
v3_sc0_staging_12,L1,0,19,pose_only,False,0,False,True,False,False,True,7.061879502661802,0.6726812023536856,0.20615528128088303,True,7.061879502661802
v3_sc0_staging_12,L1,0,19,separate,False,0,False,False,False,False,False,nan,nan,nan,False,7.061879502661802
v3_sc0_staging_12,L1,0,19,joint,False,0,False,True,False,False,True,7.354772721475252,1.2083045973594573,0.20615528128088303,True,7.061879502661802
v3_sc0_staging_12,L1,0,19,oracle,False,0,False,True,False,False,True,7.061879502661802,0.6726812023536856,0.20615528128088303,True,7.061879502661802
v3_sc0_staging_12,L1,1,0,uncalibrated,False,0,True,True,False,False,True,7.229036790187182,0.7000000000000001,0.20615528128088303,True,7.22903679018718
v3_sc0_staging_12,L1,1,0,label_cell,False,0,False,True,False,False,True,7.249747468305836,0.5656854249492381,0.5024937810560445,True,7.22903679018718
v3_sc0_staging_12,L1,1,0,geometry,False,0,False,True,False,False,True,7.379036790187181,0.5830951894845301,0.5830951894845301,True,7.22903679018718
v3_sc0_staging_12,L1,1,0,label_only,False,0,False,True,False,False,True,7.521930009000634,1.2083045973594573,0.20615528128088303,True,7.22903679018718
v3_sc0_staging_12,L1,1,0,pose_only,False,0,False,True,False,False,True,7.229036790187182,0.7000000000000001,0.20615528128088303,True,7.22903679018718
v3_sc0_staging_12,L1,1,0,separate,False,0,False,True,False,False,True,7.5805086527633225,1.2806248474865698,0.20615528128088303,True,7.22903679018718
v3_sc0_staging_12,L1,1,0,joint,False,0,False,True,False,False,True,7.521930009000634,1.2083045973594573,0.20615528128088303,True,7.22903679018718
v3_sc0_staging_12,L1,1,0,oracle,False,0,False,True,False,False,True,7.22903679018718,0.7000000000000001,0.20615528128088303,True,7.22903679018718
v3_sc0_staging_12,L1,1,1,uncalibrated,False,0,True,True,False,False,True,6.42842712474619,0.5024937810560445,0.4,True,6.42842712474619
v3_sc0_staging_12,L1,1,1,label_cell,False,0,False,True,False,False,True,6.42842712474619,0.5024937810560445,0.5024937810560445,True,6.42842712474619
v3_sc0_staging_12,L1,1,1,geometry,False,0,False,True,False,False,True,6.487005768508883,0.5830951894845301,0.5830951894845301,True,6.42842712474619
v3_sc0_staging_12,L1,1,1,label_only,False,0,False,True,False,False,True,7.242031021678297,1.2083045973594573,0.7280109889280518,True,6.42842712474619
v3_sc0_staging_12,L1,1,1,pose_only,False,0,False,True,False,False,True,6.487005768508881,0.5830951894845301,0.4,True,6.42842712474619
v3_sc0_staging_12,L1,1,1,separate,False,0,False,True,False,False,True,7.342031021678297,1.2806248474865698,0.7280109889280518,True,6.42842712474619
v3_sc0_staging_12,L1,1,1,joint,False,0,False,True,False,False,True,7.242031021678297,1.2083045973594573,0.7280109889280518,True,6.42842712474619
v3_sc0_staging_12,L1,1,1,oracle,False,0,False,True,False,False,True,6.42842712474619,0.5024937810560445,0.4,True,6.42842712474619
v3_sc0_staging_12,L1,1,2,uncalibrated,False,0,True,True,False,False,True,5.654163056034262,0.5024937810560445,0.4,True,5.654163056034262
v3_sc0_staging_12,L1,1,2,label_cell,False,0,False,True,False,False,True,5.654163056034263,0.5024937810560445,0.5024937810560445,True,5.654163056034262
v3_sc0_staging_12,L1,1,2,geometry,False,0,False,True,False,False,True,5.712741699796953,0.5830951894845301,0.5830951894845301,True,5.654163056034262
v3_sc0_staging_12,L1,1,2,label_only,False,0,False,True,False,False,True,6.447056274847715,1.2083045973594573,0.8500000000000001,True,5.654163056034262
v3_sc0_staging_12,L1,1,2,pose_only,False,0,False,True,False,False,True,5.712741699796952,0.5830951894845301,0.4,True,5.654163056034262
v3_sc0_staging_12,L1,1,2,separate,False,0,False,True,False,False,True,6.547056274847717,1.2806248474865698,0.8500000000000001,True,5.654163056034262
v3_sc0_staging_12,L1,1,2,joint,False,0,False,True,False,False,True,6.447056274847715,1.2083045973594573,0.8500000000000001,True,5.654163056034262
v3_sc0_staging_12,L1,1,2,oracle,False,0,False,True,False,False,True,5.654163056034262,0.5024937810560445,0.4,True,5.654163056034262
v3_sc0_staging_12,L1,1,3,uncalibrated,False,0,True,True,False,False,True,5.873401871576775,0.55,0.20615528128088303,True,5.873401871576775
v3_sc0_staging_12,L1,1,3,label_cell,False,0,False,True,False,False,True,5.873401871576775,0.55,0.5024937810560445,True,5.873401871576775
v3_sc0_staging_12,L1,1,3,geometry,False,0,False,True,False,False,True,6.04411254969543,0.5830951894845301,0.5830951894845301,True,5.873401871576775
v3_sc0_staging_12,L1,1,3,label_only,False,0,False,True,False,False,True,6.539087296526013,1.2083045973594573,0.20615528128088303,True,5.873401871576775
v3_sc0_staging_12,L1,1,3,pose_only,False,0,False,True,False,False,True,5.873401871576775,0.65,0.20615528128088303,True,5.873401871576775
v3_sc0_staging_12,L1,1,3,separate,False,0,False,True,False,False,True,6.639087296526014,1.2806248474865698,0.20615528128088303,True,5.873401871576775
v3_sc0_staging_12,L1,1,3,joint,False,0,False,True,False,False,True,6.539087296526013,1.2083045973594573,0.20615528128088303,True,5.873401871576775
v3_sc0_staging_12,L1,1,3,oracle,False,0,False,True,False,False,True,5.873401871576775,0.55,0.20615528128088303,True,5.873401871576775
v3_sc0_staging_12,L1,1,4,uncalibrated,False,0,True,True,False,False,True,6.466904755831215,0.5024937810560445,0.45,True,6.466904755831215
v3_sc0_staging_12,L1,1,4,label_cell,False,0,False,True,False,False,True,6.466904755831215,0.5024937810560445,0.5024937810560445,True,6.466904755831215
v3_sc0_staging_12,L1,1,4,geometry,False,0,False,True,False,False,True,6.525483399593907,0.5830951894845301,0.5830951894845301,True,6.466904755831215
v3_sc0_staging_12,L1,1,4,label_only,False,0,False,True,False,False,True,7.05269119345812,1.2083045973594573,0.5099019513592785,True,6.466904755831215
v3_sc0_staging_12,L1,1,4,pose_only,False,0,False,True,False,False,True,6.525483399593906,0.5830951894845301,0.45,True,6.466904755831215
v3_sc0_staging_12,L1,1,4,separate,False,0,False,True,False,False,True,7.111269837220812,1.2806248474865698,0.5099019513592785,True,6.466904755831215
v3_sc0_staging_12,L1,1,4,joint,False,0,False,True,False,False,True,7.05269119345812,1.2083045973594573,0.5099019513592785,True,6.466904755831215
v3_sc0_staging_12,L1,1,4,oracle,False,0,False,True,False,False,True,6.466904755831215,0.5024937810560445,0.45,True,6.466904755831215
v3_sc0_staging_12,L1,1,5,uncalibrated,False,0,True,True,False,False,True,7.860407640085658,0.5024937810560445,0.21213203435596426,True,7.860407640085658
v3_sc0_staging_12,L1,1,5,label_cell,False,0,False,True,False,False,True,8.198275605729691,0.5024937810560445,0.5024937810560445,True,7.860407640085658
v3_sc0_staging_12,L1,1,5,geometry,False,0,False,False,False,False,False,nan,nan,nan,False,7.860407640085658
v3_sc0_staging_12,L1,1,5,label_only,False,0,False,True,False,False,True,8.153300858899106,1.2083045973594573,0.20615528128088303,True,7.860407640085658
v3_sc0_staging_12,L1,1,5,pose_only,False,0,False,True,False,False,True,7.860407640085658,0.5830951894845301,0.21213203435596426,True,7.860407640085658
v3_sc0_staging_12,L1,1,5,separate,False,0,False,True,False,False,True,8.211879502661796,1.2806248474865698,0.20615528128088303,True,7.860407640085658
v3_sc0_staging_12,L1,1,5,joint,False,0,False,True,False,False,True,8.153300858899106,1.2083045973594573,0.20615528128088303,True,7.860407640085658
v3_sc0_staging_12,L1,1,5,oracle,False,0,False,True,False,False,True,7.860407640085658,0.5024937810560445,0.21213203435596426,True,7.860407640085658
v3_sc0_staging_12,L1,1,6,uncalibrated,False,0,True,True,False,False,True,5.11126983722081,0.5024937810560445,0.35000000000000003,True,5.11126983722081
v3_sc0_staging_12,L1,1,6,label_cell,False,0,False,True,False,False,True,5.15269119345812,0.5024937810560445,0.5024937810560445,True,5.11126983722081
v3_sc0_staging_12,L1,1,6,geometry,False,0,False,False,False,False,False,nan,nan,nan,False,5.11126983722081
v3_sc0_staging_12,L1,1,6,label_only,False,0,False,True,False,False,True,6.187005768508881,1.2083045973594573,0.55,True,5.11126983722081
v3_sc0_staging_12,L1,1,6,pose_only,False,0,False,True,False,False,True,5.1698484809835,0.5830951894845301,0.4,True,5.11126983722081
v3_sc0_staging_12,L1,1,6,separate,False,0,False,True,False,False,True,6.487005768508883,1.2806248474865698,0.55,True,5.11126983722081
v3_sc0_staging_12,L1,1,6,joint,False,0,False,True,False,False,True,6.187005768508881,1.2083045973594573,0.55,True,5.11126983722081
v3_sc0_staging_12,L1,1,6,oracle,False,0,False,True,False,False,True,5.11126983722081,0.5024937810560445,0.35000000000000003,True,5.11126983722081
v3_sc0_staging_12,L1,1,7,uncalibrated,False,0,True,True,False,False,True,7.466295090390225,0.5024937810560445,0.35000000000000003,True,7.466295090390225
v3_sc0_staging_12,L1,1,7,label_cell,False,0,False,False,False,False,False,nan,nan,nan,False,7.466295090390225
v3_sc0_staging_12,L1,1,7,geometry,False,0,False,False,False,False,False,nan,nan,nan,False,7.466295090390225
v3_sc0_staging_12,L1,1,7,label_only,False,0,False,True,False,False,True,8.424873734152916,1.2083045973594573,0.4301162633521314,True,7.466295090390225
v3_sc0_staging_12,L1,1,7,pose_only,False,0,False,True,False,False,True,7.524873734152917,0.5830951894845301,0.4301162633521314,True,7.466295090390225
v3_sc0_staging_12,L1,1,7,separate,False,0,False,True,False,False,True,8.524873734152917,1.2806248474865698,0.4301162633521314,True,7.466295090390225
v3_sc0_staging_12,L1,1,7,joint,False,0,False,True,False,False,True,8.424873734152916,1.2083045973594573,0.4301162633521314,True,7.466295090390225
v3_sc0_staging_12,L1,1,7,oracle,False,0,False,True,False,False,True,7.466295090390225,0.5024937810560445,0.35000000000000003,True,7.466295090390225
v3_sc0_staging_12,L1,1,8,uncalibrated,False,0,True,True,False,False,True,8.955382386916238,0.5024937810560445,0.30000000000000004,True,8.955382386916238
v3_sc0_staging_12,L1,1,8,label_cell,False,0,False,False,False,False,False,nan,nan,nan,False,8.955382386916238
v3_sc0_staging_12,L1,1,8,geometry,False,0,False,False,False,False,False,nan,nan,nan,False,8.955382386916238
v3_sc0_staging_12,L1,1,8,label_only,False,0,False,True,False,False,True,9.24827560572969,1.2083045973594573,0.20615528128088303,True,8.955382386916238
v3_sc0_staging_12,L1,1,8,pose_only,False,0,False,True,False,False,True,8.95538238691624,0.5830951894845301,0.30000000000000004,True,8.955382386916238
v3_sc0_staging_12,L1,1,8,separate,False,0,False,True,False,False,True,9.30685424949238,1.2806248474865698,0.20615528128088303,True,8.955382386916238
v3_sc0_staging_12,L1,1,8,joint,False,0,False,True,False,False,True,9.24827560572969,1.2083045973594573,0.20615528128088303,True,8.955382386916238
v3_sc0_staging_12,L1,1,8,oracle,False,0,False,True,False,False,True,8.955382386916238,0.5024937810560445,0.30000000000000004,True,8.955382386916238
v3_sc0_staging_12,L1,1,9,uncalibrated,False,0,True,True,False,False,True,6.156244584051393,0.5315072906367325,0.41231056256176607,True,6.156244584051393
v3_sc0_staging_12,L1,1,9,label_cell,False,0,False,True,False,False,True,6.156244584051393,0.5315072906367325,0.5315072906367325,True,6.156244584051393
v3_sc0_staging_12,L1,1,9,geometry,False,0,False,True,False,False,True,6.24411254969543,0.5830951894845301,0.5830951894845301,True,6.156244584051393
v3_sc0_staging_12,L1,1,9,label_only,False,0,False,True,False,False,True,7.044112549695431,1.2083045973594573,0.4949747468305833,True,6.156244584051393
v3_sc0_staging_12,L1,1,9,pose_only,False,0,False,True,False,False,True,6.185533905932738,0.6000000000000001,0.41231056256176607,True,6.156244584051393
v3_sc0_staging_12,L1,1,9,separate,False,0,False,True,False,False,True,7.144112549695432,1.2806248474865698,0.4949747468305833,True,6.156244584051393
v3_sc0_staging_12,L1,1,9,joint,False,0,False,True,False,False,True,7.044112549695431,1.2083045973594573,0.4949747468305833,True,6.156244584051393
v3_sc0_staging_12,L1,1,9,oracle,False,0,False,True,False,False,True,6.156244584051393,0.5315072906367325,0.41231056256176607,True,6.156244584051393
v3_sc0_staging_12,L1,1,10,uncalibrated,False,0,True,True,False,False,True,3.9606601717798213,0.7158910531638177,0.6000000000000001,True,3.9606601717798213
v3_sc0_staging_12,L1,1,10,label_cell,False,0,False,True,False,False,True,3.9606601717798213,0.7158910531638177,0.6000000000000001,True,3.9606601717798213
v3_sc0_staging_12,L1,1,10,geometry,False,0,False,True,False,False,True,3.9606601717798213,0.608276253029822,0.608276253029822,True,3.9606601717798213
v3_sc0_staging_12,L1,1,10,label_only,False,0,False,True,False,False,True,4.08492424049175,1.25,0.7516648189186454,True,3.9606601717798213
v3_sc0_staging_12,L1,1,10,pose_only,False,0,False,True,False,False,True,3.9606601717798213,0.7158910531638177,0.6000000000000001,True,3.9606601717798213
v3_sc0_staging_12,L1,1,10,separate,False,0,False,True,False,False,True,4.12634559672906,1.3,0.7516648189186454,True,3.9606601717798213
v3_sc0_staging_12,L1,1,10,joint,False,0,False,True,False,False,True,4.08492424049175,1.25,0.7516648189186454,True,3.9606601717798213
v3_sc0_staging_12,L1,1,10,oracle,False,0,False,True,False,False,True,3.9606601717798213,0.7158910531638177,0.6000000000000001,True,3.9606601717798213
v3_sc0_staging_12,L1,1,11,uncalibrated,False,0,True,True,False,False,True,4.6177669529663685,0.5024937810560445,0.35000000000000003,True,4.6177669529663685
v3_sc0_staging_12,L1,1,11,label_cell,False,0,False,True,False,False,True,4.700609665440989,0.7000000000000001,0.5385164807134504,True,4.6177669529663685
v3_sc0_staging_12,L1,1,11,geometry,False,0,False,False,False,False,False,nan,nan,nan,False,4.6177669529663685
v3_sc0_staging_12,L1,1,11,label_only,False,0,False,True,False,False,True,5.266295090390226,1.2083045973594573,0.55,True,4.6177669529663685
v3_sc0_staging_12,L1,1,11,pose_only,False,0,False,True,False,False,True,4.6177669529663685,0.5830951894845301,0.4,True,4.6177669529663685
v3_sc0_staging_12,L1,1,11,separate,False,0,False,True,False,False,True,5.366295090390226,1.2806248474865698,0.55,True,4.6177669529663685
v3_sc0_staging_12,L1,1,11,joint,False,0,False,True,False,False,True,5.266295090390226,1.2083045973594573,0.55,True,4.6177669529663685
v3_sc0_staging_12,L1,1,11,oracle,False,0,False,True,False,False,True,4.6177669529663685,0.5024937810560445,0.35000000000000003,True,4.6177669529663685
v3_sc0_staging_12,L1,1,12,uncalibrated,False,0,True,True,False,False,True,8.915432893255073,0.5024937810560445,0.35000000000000003,True,8.915432893255073
v3_sc0_staging_12,L1,1,12,label_cell,False,0,False,False,False,False,False,nan,nan,nan,False,8.915432893255073
v3_sc0_staging_12,L1,1,12,geometry,False,0,False,False,False,False,False,nan,nan,nan,False,8.915432893255073
v3_sc0_staging_12,L1,1,12,label_only,False,0,False,True,False,False,True,9.208326112068523,1.2083045973594573,0.20615528128088303,True,8.915432893255073
v3_sc0_staging_12,L1,1,12,pose_only,False,0,False,True,False,False,True,8.91543289325507,0.5830951894845301,0.35000000000000003,True,8.915432893255073
v3_sc0_staging_12,L1,1,12,separate,False,0,False,True,False,False,True,9.266904755831213,1.2806248474865698,0.20615528128088303,True,8.915432893255073
v3_sc0_staging_12,L1,1,12,joint,False,0,False,True,False,False,True,9.208326112068523,1.2083045973594573,0.20615528128088303,True,8.915432893255073
v3_sc0_staging_12,L1,1,12,oracle,False,0,False,True,False,False,True,8.915432893255073,0.5024937810560445,0.35000000000000003,True,8.915432893255073
v3_sc0_staging_12,L1,1,13,uncalibrated,False,0,True,True,False,False,True,9.942640687119287,0.5024937810560445,0.35000000000000003,True,9.942640687119287
v3_sc0_staging_12,L1,1,13,label_cell,False,0,False,False,False,False,False,nan,nan,nan,False,9.942640687119287
v3_sc0_staging_12,L1,1,13,geometry,False,0,False,False,False,False,False,nan,nan,nan,False,9.942640687119287
v3_sc0_staging_12,L1,1,13,label_only,False,0,False,True,False,False,True,10.732590180780456,1.2083045973594573,0.20615528128088303,True,9.942640687119287
v3_sc0_staging_12,L1,1,13,pose_only,False,0,False,True,False,False,True,9.96335136523794,0.5830951894845301,0.4,True,9.942640687119287
v3_sc0_staging_12,L1,1,13,separate,False,0,False,True,False,False,True,10.832590180780452,1.2806248474865698,0.20615528128088303,True,9.942640687119287
v3_sc0_staging_12,L1,1,13,joint,False,0,False,True,False,False,True,10.732590180780456,1.2083045973594573,0.20615528128088303,True,9.942640687119287
v3_sc0_staging_12,L1,1,13,oracle,False,0,False,True,False,False,True,9.942640687119287,0.5024937810560445,0.35000000000000003,True,9.942640687119287
v3_sc0_staging_12,L1,1,14,uncalibrated,False,0,True,True,False,False,True,7.5461940777125625,0.5024937810560445,0.25,True,7.5461940777125625
v3_sc0_staging_12,L1,1,14,label_cell,False,0,False,False,False,False,False,nan,nan,nan,False,7.5461940777125625
v3_sc0_staging_12,L1,1,14,geometry,False,0,False,False,False,False,False,nan,nan,nan,False,7.5461940777125625
v3_sc0_staging_12,L1,1,14,label_only,False,0,False,True,False,False,True,8.129036790187177,1.2083045973594573,0.20615528128088303,True,7.5461940777125625
v3_sc0_staging_12,L1,1,14,pose_only,False,0,False,True,False,False,True,7.5461940777125625,0.5830951894845301,0.25,True,7.5461940777125625
v3_sc0_staging_12,L1,1,14,separate,False,0,False,True,False,False,True,8.229036790187179,1.2806248474865698,0.20615528128088303,True,7.5461940777125625
v3_sc0_staging_12,L1,1,14,joint,False,0,False,True,False,False,True,8.129036790187177,1.2083045973594573,0.20615528128088303,True,7.5461940777125625
v3_sc0_staging_12,L1,1,14,oracle,False,0,False,True,False,False,True,7.5461940777125625,0.5024937810560445,0.25,True,7.5461940777125625
v3_sc0_staging_12,L1,1,15,uncalibrated,False,0,True,True,False,False,True,7.123401871576775,0.5024937810560445,0.5,True,7.123401871576775
v3_sc0_staging_12,L1,1,15,label_cell,False,0,False,True,False,False,True,7.123401871576778,0.5024937810560445,0.5024937810560445,True,7.123401871576775
v3_sc0_staging_12,L1,1,15,geometry,False,0,False,True,False,False,True,7.181980515339467,0.5830951894845301,0.5830951894845301,True,7.123401871576775
v3_sc0_staging_12,L1,1,15,label_only,False,0,False,True,False,False,True,7.709188309203677,1.2083045973594573,0.894427190999916,True,7.123401871576775
v3_sc0_staging_12,L1,1,15,pose_only,False,0,False,True,False,False,True,7.181980515339467,0.5830951894845301,0.5,True,7.123401871576775
v3_sc0_staging_12,L1,1,15,separate,False,0,False,True,False,False,True,7.767766952966369,1.2806248474865698,0.894427190999916,True,7.123401871576775
v3_sc0_staging_12,L1,1,15,joint,False,0,False,True,False,False,True,7.709188309203677,1.2083045973594573,0.894427190999916,True,7.123401871576775
v3_sc0_staging_12,L1,1,15,oracle,False,0,False,True,False,False,True,7.123401871576775,0.5024937810560445,0.5,True,7.123401871576775
v3_sc0_staging_12,L1,1,16,uncalibrated,False,0,True,True,False,False,True,6.233452377915606,0.5024937810560445,0.35000000000000003,True,6.233452377915606
v3_sc0_staging_12,L1,1,16,label_cell,False,0,False,True,False,False,True,6.233452377915606,0.5024937810560445,0.5024937810560445,True,6.233452377915606
v3_sc0_staging_12,L1,1,16,geometry,False,0,False,True,False,False,True,6.292031021678298,0.5830951894845301,0.5830951894845301,True,6.233452377915606
v3_sc0_staging_12,L1,1,16,label_only,False,0,False,True,False,False,True,6.94350288425444,1.2083045973594573,1.0012492197250393,True,6.233452377915606
v3_sc0_staging_12,L1,1,16,pose_only,False,0,False,True,False,False,True,6.292031021678298,0.5830951894845301,0.4,True,6.233452377915606
v3_sc0_staging_12,L1,1,16,separate,False,0,False,True,False,False,True,7.064213562373095,1.2806248474865698,1.0012492197250393,True,6.233452377915606
v3_sc0_staging_12,L1,1,16,joint,False,0,False,True,False,False,True,6.94350288425444,1.2083045973594573,1.0012492197250393,True,6.233452377915606
v3_sc0_staging_12,L1,1,16,oracle,False,0,False,True,False,False,True,6.233452377915606,0.5024937810560445,0.35000000000000003,True,6.233452377915606
v3_sc0_staging_12,L1,1,17,uncalibrated,False,0,True,True,False,False,True,8.131980515339464,0.5024937810560445,0.5,True,8.131980515339464
v3_sc0_staging_12,L1,1,17,label_cell,False,0,False,False,False,False,False,nan,nan,nan,False,8.131980515339464
v3_sc0_staging_12,L1,1,17,geometry,False,0,False,False,False,False,False,nan,nan,nan,False,8.131980515339464
v3_sc0_staging_12,L1,1,17,label_only,False,0,False,True,False,False,True,9.173401871576775,1.2083045973594573,0.5,True,8.131980515339464
v3_sc0_staging_12,L1,1,17,pose_only,False,0,False,True,False,False,True,8.190559159102156,0.5830951894845301,0.5,True,8.131980515339464
v3_sc0_staging_12,L1,1,17,separate,False,0,False,True,False,False,True,9.273401871576771,1.2806248474865698,0.5,True,8.131980515339464
v3_sc0_staging_12,L1,1,17,joint,False,0,False,True,False,False,True,9.173401871576775,1.2083045973594573,0.5,True,8.131980515339464
v3_sc0_staging_12,L1,1,17,oracle,False,0,False,True,False,False,True,8.131980515339464,0.5024937810560445,0.5,True,8.131980515339464
v3_sc0_staging_12,L1,1,18,uncalibrated,False,0,True,True,False,False,True,5.11335136523794,0.5656854249492381,0.28284271247461906,True,5.11335136523794
v3_sc0_staging_12,L1,1,18,label_cell,False,0,False,True,False,False,True,5.11335136523794,0.5656854249492381,0.5024937810560445,True,5.11335136523794
v3_sc0_staging_12,L1,1,18,geometry,False,0,False,True,False,False,True,5.201219330881976,0.5830951894845301,0.5830951894845301,True,5.11335136523794
v3_sc0_staging_12,L1,1,18,label_only,False,0,False,True,False,False,True,5.43553390593274,1.2083045973594573,0.21213203435596426,True,5.11335136523794
v3_sc0_staging_12,L1,1,18,pose_only,False,0,False,True,False,False,True,5.11335136523794,0.8139410298049854,0.28284271247461906,True,5.11335136523794
v3_sc0_staging_12,L1,1,18,separate,False,0,False,True,False,False,True,5.494112549695429,1.2806248474865698,0.21213203435596426,True,5.11335136523794
v3_sc0_staging_12,L1,1,18,joint,False,0,False,True,False,False,True,5.43553390593274,1.2083045973594573,0.21213203435596426,True,5.11335136523794
v3_sc0_staging_12,L1,1,18,oracle,False,0,False,True,False,False,True,5.11335136523794,0.5656854249492381,0.28284271247461906,True,5.11335136523794
v3_sc0_staging_12,L1,1,19,uncalibrated,False,0,True,True,False,False,True,7.061879502661802,0.6726812023536856,0.20615528128088303,True,7.061879502661802
v3_sc0_staging_12,L1,1,19,label_cell,False,0,False,True,False,False,True,7.061879502661802,0.5656854249492381,0.5024937810560445,True,7.061879502661802
v3_sc0_staging_12,L1,1,19,geometry,False,0,False,True,False,False,True,7.149747468305836,0.5830951894845301,0.5830951894845301,True,7.061879502661802
v3_sc0_staging_12,L1,1,19,label_only,False,0,False,True,False,False,True,7.354772721475252,1.2083045973594573,0.20615528128088303,True,7.061879502661802
v3_sc0_staging_12,L1,1,19,pose_only,False,0,False,True,False,False,True,7.061879502661802,0.6726812023536856,0.20615528128088303,True,7.061879502661802
v3_sc0_staging_12,L1,1,19,separate,False,0,False,True,False,False,True,7.413351365237943,1.2806248474865698,0.20615528128088303,True,7.061879502661802
v3_sc0_staging_12,L1,1,19,joint,False,0,False,True,False,False,True,7.354772721475252,1.2083045973594573,0.20615528128088303,True,7.061879502661802
v3_sc0_staging_12,L1,1,19,oracle,False,0,False,True,False,False,True,7.061879502661802,0.6726812023536856,0.20615528128088303,True,7.061879502661802
v3_sc0_staging_12,L1,2,0,uncalibrated,False,0,True,True,False,False,True,7.22903679018718,0.7000000000000001,0.20615528128088303,True,7.229036790187182
v3_sc0_staging_12,L1,2,0,label_cell,False,0,False,True,False,False,True,7.249747468305836,0.5656854249492381,0.5024937810560445,True,7.229036790187182
v3_sc0_staging_12,L1,2,0,geometry,False,0,False,True,False,False,True,7.379036790187181,0.5830951894845301,0.5830951894845301,True,7.229036790187182
v3_sc0_staging_12,L1,2,0,label_only,False,0,False,True,False,False,True,7.521930009000633,1.2083045973594573,0.20615528128088303,True,7.229036790187182
v3_sc0_staging_12,L1,2,0,pose_only,False,0,False,True,False,False,True,7.22903679018718,0.7000000000000001,0.20615528128088303,True,7.229036790187182
v3_sc0_staging_12,L1,2,0,separate,False,0,False,True,False,False,True,7.5805086527633225,1.2806248474865698,0.20615528128088303,True,7.229036790187182
v3_sc0_staging_12,L1,2,0,joint,False,0,False,True,False,False,True,7.521930009000633,1.2083045973594573,0.20615528128088303,True,7.229036790187182
v3_sc0_staging_12,L1,2,0,oracle,False,0,False,True,False,False,True,7.229036790187182,0.7000000000000001,0.20615528128088303,True,7.229036790187182
v3_sc0_staging_12,L1,2,1,uncalibrated,False,0,True,True,False,False,True,6.42842712474619,0.5024937810560445,0.4,True,6.42842712474619
v3_sc0_staging_12,L1,2,1,label_cell,False,0,False,True,False,False,True,6.42842712474619,0.5024937810560445,0.5024937810560445,True,6.42842712474619
v3_sc0_staging_12,L1,2,1,geometry,False,0,False,True,False,False,True,6.487005768508883,0.5830951894845301,0.5830951894845301,True,6.42842712474619
v3_sc0_staging_12,L1,2,1,label_only,False,0,False,True,False,False,True,7.242031021678297,1.2083045973594573,0.7280109889280518,True,6.42842712474619
v3_sc0_staging_12,L1,2,1,pose_only,False,0,False,True,False,False,True,6.487005768508881,0.5830951894845301,0.4,True,6.42842712474619
v3_sc0_staging_12,L1,2,1,separate,False,0,False,True,False,False,True,7.342031021678297,1.2806248474865698,0.7280109889280518,True,6.42842712474619
v3_sc0_staging_12,L1,2,1,joint,False,0,False,True,False,False,True,7.242031021678297,1.2083045973594573,0.7280109889280518,True,6.42842712474619
v3_sc0_staging_12,L1,2,1,oracle,False,0,False,True,False,False,True,6.42842712474619,0.5024937810560445,0.4,True,6.42842712474619
v3_sc0_staging_12,L1,2,2,uncalibrated,False,0,True,True,False,False,True,5.654163056034262,0.5024937810560445,0.4,True,5.654163056034262
v3_sc0_staging_12,L1,2,2,label_cell,False,0,False,True,False,False,True,5.654163056034263,0.5024937810560445,0.5024937810560445,True,5.654163056034262
v3_sc0_staging_12,L1,2,2,geometry,False,0,False,True,False,False,True,5.712741699796953,0.5830951894845301,0.5830951894845301,True,5.654163056034262
v3_sc0_staging_12,L1,2,2,label_only,False,0,False,True,False,False,True,6.447056274847715,1.2083045973594573,0.8500000000000001,True,5.654163056034262
v3_sc0_staging_12,L1,2,2,pose_only,False,0,False,True,False,False,True,5.712741699796952,0.5830951894845301,0.4,True,5.654163056034262
v3_sc0_staging_12,L1,2,2,separate,False,0,False,True,False,False,True,6.547056274847717,1.2747548783981963,0.8500000000000001,True,5.654163056034262
v3_sc0_staging_12,L1,2,2,joint,False,0,False,True,False,False,True,6.447056274847715,1.2083045973594573,0.8500000000000001,True,5.654163056034262
v3_sc0_staging_12,L1,2,2,oracle,False,0,False,True,False,False,True,5.654163056034262,0.5024937810560445,0.4,True,5.654163056034262
v3_sc0_staging_12,L1,2,3,uncalibrated,False,0,True,True,False,False,True,5.873401871576775,0.55,0.21213203435596426,True,5.873401871576775
v3_sc0_staging_12,L1,2,3,label_cell,False,0,False,True,False,False,True,5.894112549695429,0.55,0.5024937810560445,True,5.873401871576775
v3_sc0_staging_12,L1,2,3,geometry,False,0,False,True,False,False,True,6.00269119345812,0.5830951894845301,0.5830951894845301,True,5.873401871576775
v3_sc0_staging_12,L1,2,3,label_only,False,0,False,True,False,False,True,6.539087296526013,1.2041594578792296,0.21213203435596426,True,5.873401871576775
v3_sc0_staging_12,L1,2,3,pose_only,False,0,False,True,False,False,True,5.873401871576775,0.65,0.21213203435596426,True,5.873401871576775
v3_sc0_staging_12,L1,2,3,separate,False,0,False,True,False,False,True,6.639087296526014,1.2747548783981963,0.21213203435596426,True,5.873401871576775
v3_sc0_staging_12,L1,2,3,joint,False,0,False,True,False,False,True,6.539087296526013,1.2041594578792296,0.21213203435596426,True,5.873401871576775
v3_sc0_staging_12,L1,2,3,oracle,False,0,False,True,False,False,True,5.873401871576775,0.55,0.20615528128088303,True,5.873401871576775
v3_sc0_staging_12,L1,2,4,uncalibrated,False,0,True,True,False,False,True,6.466904755831215,0.5024937810560445,0.45,True,6.466904755831215
v3_sc0_staging_12,L1,2,4,label_cell,False,0,False,True,False,False,True,6.466904755831215,0.5024937810560445,0.5024937810560445,True,6.466904755831215
v3_sc0_staging_12,L1,2,4,geometry,False,0,False,True,False,False,True,6.525483399593907,0.5830951894845301,0.5830951894845301,True,6.466904755831215
v3_sc0_staging_12,L1,2,4,label_only,False,0,False,True,False,False,True,7.05269119345812,1.2083045973594573,0.5099019513592785,True,6.466904755831215
v3_sc0_staging_12,L1,2,4,pose_only,False,0,False,True,False,False,True,6.525483399593906,0.5830951894845301,0.45,True,6.466904755831215
v3_sc0_staging_12,L1,2,4,separate,False,0,False,True,False,False,True,7.111269837220812,1.2806248474865698,0.5099019513592785,True,6.466904755831215
v3_sc0_staging_12,L1,2,4,joint,False,0,False,True,False,False,True,7.05269119345812,1.2083045973594573,0.5099019513592785,True,6.466904755831215
v3_sc0_staging_12,L1,2,4,oracle,False,0,False,True,False,False,True,6.466904755831215,0.5024937810560445,0.45,True,6.466904755831215
v3_sc0_staging_12,L1,2,5,uncalibrated,False,0,True,True,False,False,True,7.860407640085658,0.5024937810560445,0.21213203435596426,True,7.860407640085658
v3_sc0_staging_12,L1,2,5,label_cell,False,0,False,True,False,False,True,8.198275605729691,0.5024937810560445,0.5024937810560445,True,7.860407640085658
v3_sc0_staging_12,L1,2,5,geometry,False,0,False,False,False,False,False,nan,nan,nan,False,7.860407640085658
v3_sc0_staging_12,L1,2,5,label_only,False,0,False,True,False,False,True,8.153300858899106,1.2083045973594573,0.20615528128088303,True,7.860407640085658
v3_sc0_staging_12,L1,2,5,pose_only,False,0,False,True,False,False,True,7.860407640085658,0.5830951894845301,0.21213203435596426,True,7.860407640085658
v3_sc0_staging_12,L1,2,5,separate,False,0,False,True,False,False,True,8.211879502661796,1.2806248474865698,0.20615528128088303,True,7.860407640085658
v3_sc0_staging_12,L1,2,5,joint,False,0,False,True,False,False,True,8.153300858899106,1.2083045973594573,0.20615528128088303,True,7.860407640085658
v3_sc0_staging_12,L1,2,5,oracle,False,0,False,True,False,False,True,7.860407640085658,0.5024937810560445,0.21213203435596426,True,7.860407640085658
v3_sc0_staging_12,L1,2,6,uncalibrated,False,0,True,True,False,False,True,5.11126983722081,0.5024937810560445,0.35000000000000003,True,5.11126983722081
v3_sc0_staging_12,L1,2,6,label_cell,False,0,False,True,False,False,True,5.131980515339464,0.5024937810560445,0.5024937810560445,True,5.11126983722081
v3_sc0_staging_12,L1,2,6,geometry,False,0,False,False,False,False,False,nan,nan,nan,False,5.11126983722081
v3_sc0_staging_12,L1,2,6,label_only,False,0,False,True,False,False,True,6.087005768508881,1.2083045973594573,0.55,True,5.11126983722081
v3_sc0_staging_12,L1,2,6,pose_only,False,0,False,True,False,False,True,5.1698484809835,0.5830951894845301,0.4,True,5.11126983722081
v3_sc0_staging_12,L1,2,6,separate,False,0,False,True,False,False,True,6.387005768508882,1.2806248474865698,0.55,True,5.11126983722081
v3_sc0_staging_12,L1,2,6,joint,False,0,False,True,False,False,True,6.087005768508881,1.2083045973594573,0.55,True,5.11126983722081
v3_sc0_staging_12,L1,2,6,oracle,False,0,False,True,False,False,True,5.11126983722081,0.5024937810560445,0.35000000000000003,True,5.11126983722081
v3_sc0_staging_12,L1,2,7,uncalibrated,False,0,True,True,False,False,True,7.466295090390225,0.5024937810560445,0.35000000000000003,True,7.466295090390225
v3_sc0_staging_12,L1,2,7,label_cell,False,0,False,False,False,False,False,nan,nan,nan,False,7.466295090390225
v3_sc0_staging_12,L1,2,7,geometry,False,0,False,False,False,False,False,nan,nan,nan,False,7.466295090390225
v3_sc0_staging_12,L1,2,7,label_only,False,0,False,True,False,False,True,8.424873734152916,1.2041594578792296,0.4301162633521314,True,7.466295090390225
v3_sc0_staging_12,L1,2,7,pose_only,False,0,False,True,False,False,True,7.524873734152917,0.5830951894845301,0.4301162633521314,True,7.466295090390225
v3_sc0_staging_12,L1,2,7,separate,False,0,False,True,False,False,True,8.524873734152917,1.2747548783981963,0.4301162633521314,True,7.466295090390225
v3_sc0_staging_12,L1,2,7,joint,False,0,False,True,False,False,True,8.424873734152916,1.2041594578792296,0.4301162633521314,True,7.466295090390225
v3_sc0_staging_12,L1,2,7,oracle,False,0,False,True,False,False,True,7.466295090390225,0.5024937810560445,0.35000000000000003,True,7.466295090390225
v3_sc0_staging_12,L1,2,8,uncalibrated,False,0,True,True,False,False,True,8.955382386916238,0.5024937810560445,0.30000000000000004,True,8.955382386916238
v3_sc0_staging_12,L1,2,8,label_cell,False,0,False,False,False,False,False,nan,nan,nan,False,8.955382386916238
v3_sc0_staging_12,L1,2,8,geometry,False,0,False,False,False,False,False,nan,nan,nan,False,8.955382386916238
v3_sc0_staging_12,L1,2,8,label_only,False,0,False,True,False,False,True,9.24827560572969,1.2083045973594573,0.20615528128088303,True,8.955382386916238
v3_sc0_staging_12,L1,2,8,pose_only,False,0,False,True,False,False,True,8.95538238691624,0.5830951894845301,0.30000000000000004,True,8.955382386916238
v3_sc0_staging_12,L1,2,8,separate,False,0,False,True,False,False,True,9.30685424949238,1.2806248474865698,0.20615528128088303,True,8.955382386916238
v3_sc0_staging_12,L1,2,8,joint,False,0,False,True,False,False,True,9.24827560572969,1.2083045973594573,0.20615528128088303,True,8.955382386916238
v3_sc0_staging_12,L1,2,8,oracle,False,0,False,True,False,False,True,8.955382386916238,0.5024937810560445,0.30000000000000004,True,8.955382386916238
v3_sc0_staging_12,L1,2,9,uncalibrated,False,0,True,True,False,False,True,6.156244584051393,0.5315072906367325,0.41231056256176607,True,6.156244584051393
v3_sc0_staging_12,L1,2,9,label_cell,False,0,False,True,False,False,True,6.156244584051393,0.5315072906367325,0.5220153254455275,True,6.156244584051393
v3_sc0_staging_12,L1,2,9,geometry,False,0,False,True,False,False,True,6.24411254969543,0.5830951894845301,0.5830951894845301,True,6.156244584051393
v3_sc0_staging_12,L1,2,9,label_only,False,0,False,True,False,False,True,7.044112549695431,1.2083045973594573,0.4949747468305833,True,6.156244584051393
v3_sc0_staging_12,L1,2,9,pose_only,False,0,False,True,False,False,True,6.185533905932738,0.6000000000000001,0.41231056256176607,True,6.156244584051393
v3_sc0_staging_12,L1,2,9,separate,False,0,False,True,False,False,True,7.144112549695432,1.2747548783981963,0.4949747468305833,True,6.156244584051393
v3_sc0_staging_12,L1,2,9,joint,False,0,False,True,False,False,True,7.044112549695431,1.2083045973594573,0.4949747468305833,True,6.156244584051393
v3_sc0_staging_12,L1,2,9,oracle,False,0,False,True,False,False,True,6.156244584051393,0.5315072906367325,0.41231056256176607,True,6.156244584051393
v3_sc0_staging_12,L1,2,10,uncalibrated,False,0,True,True,False,False,True,3.9606601717798213,0.7158910531638177,0.6000000000000001,True,3.9606601717798213
v3_sc0_staging_12,L1,2,10,label_cell,False,0,False,True,False,False,True,3.9606601717798213,0.7158910531638177,0.6000000000000001,True,3.9606601717798213
v3_sc0_staging_12,L1,2,10,geometry,False,0,False,True,False,False,True,3.9606601717798213,0.7158910531638177,0.6000000000000001,True,3.9606601717798213
v3_sc0_staging_12,L1,2,10,label_only,False,0,False,True,False,False,True,4.08492424049175,1.25,0.7516648189186454,True,3.9606601717798213
v3_sc0_staging_12,L1,2,10,pose_only,False,0,False,True,False,False,True,3.9606601717798213,0.7158910531638177,0.6000000000000001,True,3.9606601717798213
v3_sc0_staging_12,L1,2,10,separate,False,0,False,True,False,False,True,4.12634559672906,1.3,0.7516648189186454,True,3.9606601717798213
v3_sc0_staging_12,L1,2,10,joint,False,0,False,True,False,False,True,4.08492424049175,1.25,0.7516648189186454,True,3.9606601717798213
v3_sc0_staging_12,L1,2,10,oracle,False,0,False,True,False,False,True,3.9606601717798213,0.7158910531638177,0.6000000000000001,True,3.9606601717798213
v3_sc0_staging_12,L1,2,11,uncalibrated,False,0,True,True,False,False,True,4.6177669529663685,0.5024937810560445,0.35000000000000003,True,4.6177669529663685
v3_sc0_staging_12,L1,2,11,label_cell,False,0,False,True,False,False,True,4.679898987322333,0.7000000000000001,0.5024937810560445,True,4.6177669529663685
v3_sc0_staging_12,L1,2,11,geometry,False,0,False,False,False,False,False,nan,nan,nan,False,4.6177669529663685
v3_sc0_staging_12,L1,2,11,label_only,False,0,False,True,False,False,True,5.266295090390226,1.2083045973594573,0.55,True,4.6177669529663685
v3_sc0_staging_12,L1,2,11,pose_only,False,0,False,True,False,False,True,4.6177669529663685,0.5830951894845301,0.4,True,4.6177669529663685
v3_sc0_staging_12,L1,2,11,separate,False,0,False,True,False,False,True,5.366295090390226,1.2806248474865698,0.55,True,4.6177669529663685
v3_sc0_staging_12,L1,2,11,joint,False,0,False,True,False,False,True,5.266295090390226,1.2083045973594573,0.55,True,4.6177669529663685
v3_sc0_staging_12,L1,2,11,oracle,False,0,False,True,False,False,True,4.6177669529663685,0.5024937810560445,0.35000000000000003,True,4.6177669529663685
v3_sc0_staging_12,L1,2,12,uncalibrated,False,0,True,True,False,False,True,8.915432893255073,0.5024937810560445,0.35000000000000003,True,8.915432893255073
v3_sc0_staging_12,L1,2,12,label_cell,False,0,False,False,False,False,False,nan,nan,nan,False,8.915432893255073
v3_sc0_staging_12,L1,2,12,geometry,False,0,False,False,False,False,False,nan,nan,nan,False,8.915432893255073
v3_sc0_staging_12,L1,2,12,label_only,False,0,False,True,False,False,True,9.208326112068523,1.2083045973594573,0.20615528128088303,True,8.915432893255073
v3_sc0_staging_12,L1,2,12,pose_only,False,0,False,True,False,False,True,8.91543289325507,0.5830951894845301,0.35000000000000003,True,8.915432893255073
v3_sc0_staging_12,L1,2,12,separate,False,0,False,True,False,False,True,9.266904755831213,1.2806248474865698,0.20615528128088303,True,8.915432893255073
v3_sc0_staging_12,L1,2,12,joint,False,0,False,True,False,False,True,9.208326112068523,1.2083045973594573,0.20615528128088303,True,8.915432893255073
v3_sc0_staging_12,L1,2,12,oracle,False,0,False,True,False,False,True,8.915432893255073,0.5024937810560445,0.35000000000000003,True,8.915432893255073
v3_sc0_staging_12,L1,2,13,uncalibrated,False,0,True,True,False,False,True,9.942640687119287,0.5024937810560445,0.35000000000000003,True,9.942640687119287
v3_sc0_staging_12,L1,2,13,label_cell,False,0,False,False,False,False,False,nan,nan,nan,False,9.942640687119287
v3_sc0_staging_12,L1,2,13,geometry,False,0,False,False,False,False,False,nan,nan,nan,False,9.942640687119287
v3_sc0_staging_12,L1,2,13,label_only,False,0,False,True,False,False,True,10.732590180780456,1.2083045973594573,0.20615528128088303,True,9.942640687119287
v3_sc0_staging_12,L1,2,13,pose_only,False,0,False,True,False,False,True,9.96335136523794,0.5830951894845301,0.4,True,9.942640687119287
v3_sc0_staging_12,L1,2,13,separate,False,0,False,True,False,False,True,10.832590180780452,1.2806248474865698,0.20615528128088303,True,9.942640687119287
v3_sc0_staging_12,L1,2,13,joint,False,0,False,True,False,False,True,10.732590180780456,1.2083045973594573,0.20615528128088303,True,9.942640687119287
v3_sc0_staging_12,L1,2,13,oracle,False,0,False,True,False,False,True,9.942640687119287,0.5024937810560445,0.35000000000000003,True,9.942640687119287
v3_sc0_staging_12,L1,2,14,uncalibrated,False,0,True,True,False,False,True,7.5461940777125625,0.5024937810560445,0.25,True,7.5461940777125625
v3_sc0_staging_12,L1,2,14,label_cell,False,0,False,False,False,False,False,nan,nan,nan,False,7.5461940777125625
v3_sc0_staging_12,L1,2,14,geometry,False,0,False,False,False,False,False,nan,nan,nan,False,7.5461940777125625
v3_sc0_staging_12,L1,2,14,label_only,False,0,False,True,False,False,True,8.129036790187177,1.2083045973594573,0.20615528128088303,True,7.5461940777125625
v3_sc0_staging_12,L1,2,14,pose_only,False,0,False,True,False,False,True,7.5461940777125625,0.5830951894845301,0.25,True,7.5461940777125625
v3_sc0_staging_12,L1,2,14,separate,False,0,False,True,False,False,True,8.229036790187179,1.2806248474865698,0.20615528128088303,True,7.5461940777125625
v3_sc0_staging_12,L1,2,14,joint,False,0,False,True,False,False,True,8.129036790187177,1.2083045973594573,0.20615528128088303,True,7.5461940777125625
v3_sc0_staging_12,L1,2,14,oracle,False,0,False,True,False,False,True,7.5461940777125625,0.5024937810560445,0.25,True,7.5461940777125625
v3_sc0_staging_12,L1,2,15,uncalibrated,False,0,True,True,False,False,True,7.123401871576775,0.5024937810560445,0.5,True,7.123401871576775
v3_sc0_staging_12,L1,2,15,label_cell,False,0,False,True,False,False,True,7.123401871576778,0.5024937810560445,0.5024937810560445,True,7.123401871576775
v3_sc0_staging_12,L1,2,15,geometry,False,0,False,True,False,False,True,7.181980515339467,0.5830951894845301,0.5830951894845301,True,7.123401871576775
v3_sc0_staging_12,L1,2,15,label_only,False,0,False,True,False,False,True,7.709188309203677,1.2083045973594573,0.894427190999916,True,7.123401871576775
v3_sc0_staging_12,L1,2,15,pose_only,False,0,False,True,False,False,True,7.181980515339467,0.5830951894845301,0.5,True,7.123401871576775
v3_sc0_staging_12,L1,2,15,separate,False,0,False,True,False,False,True,7.767766952966369,1.2806248474865698,0.894427190999916,True,7.123401871576775
v3_sc0_staging_12,L1,2,15,joint,False,0,False,True,False,False,True,7.709188309203677,1.2083045973594573,0.894427190999916,True,7.123401871576775
v3_sc0_staging_12,L1,2,15,oracle,False,0,False,True,False,False,True,7.123401871576775,0.5024937810560445,0.5,True,7.123401871576775
v3_sc0_staging_12,L1,2,16,uncalibrated,False,0,True,True,False,False,True,6.233452377915606,0.5024937810560445,0.35000000000000003,True,6.233452377915606
v3_sc0_staging_12,L1,2,16,label_cell,False,0,False,True,False,False,True,6.233452377915606,0.5024937810560445,0.5024937810560445,True,6.233452377915606
v3_sc0_staging_12,L1,2,16,geometry,False,0,False,True,False,False,True,6.292031021678298,0.5830951894845301,0.5830951894845301,True,6.233452377915606
v3_sc0_staging_12,L1,2,16,label_only,False,0,False,True,False,False,True,6.94350288425444,1.2083045973594573,1.0012492197250393,True,6.233452377915606
v3_sc0_staging_12,L1,2,16,pose_only,False,0,False,True,False,False,True,6.292031021678298,0.5830951894845301,0.4,True,6.233452377915606
v3_sc0_staging_12,L1,2,16,separate,False,0,False,True,False,False,True,7.064213562373095,1.2806248474865698,1.0012492197250393,True,6.233452377915606
v3_sc0_staging_12,L1,2,16,joint,False,0,False,True,False,False,True,6.94350288425444,1.2083045973594573,1.0012492197250393,True,6.233452377915606
v3_sc0_staging_12,L1,2,16,oracle,False,0,False,True,False,False,True,6.233452377915606,0.5024937810560445,0.35000000000000003,True,6.233452377915606
v3_sc0_staging_12,L1,2,17,uncalibrated,False,0,True,True,False,False,True,8.131980515339464,0.5024937810560445,0.5,True,8.131980515339464
v3_sc0_staging_12,L1,2,17,label_cell,False,0,False,False,False,False,False,nan,nan,nan,False,8.131980515339464
v3_sc0_staging_12,L1,2,17,geometry,False,0,False,False,False,False,False,nan,nan,nan,False,8.131980515339464
v3_sc0_staging_12,L1,2,17,label_only,False,0,False,True,False,False,True,9.173401871576774,1.2041594578792296,0.5,True,8.131980515339464
v3_sc0_staging_12,L1,2,17,pose_only,False,0,False,True,False,False,True,8.190559159102156,0.5830951894845301,0.5,True,8.131980515339464
v3_sc0_staging_12,L1,2,17,separate,False,0,False,True,False,False,True,9.273401871576771,1.2747548783981963,0.5,True,8.131980515339464
v3_sc0_staging_12,L1,2,17,joint,False,0,False,True,False,False,True,9.173401871576774,1.2041594578792296,0.5,True,8.131980515339464
v3_sc0_staging_12,L1,2,17,oracle,False,0,False,True,False,False,True,8.131980515339464,0.5024937810560445,0.5,True,8.131980515339464
v3_sc0_staging_12,L1,2,18,uncalibrated,False,0,True,True,False,False,True,5.11335136523794,0.5656854249492381,0.28284271247461906,True,5.11335136523794
v3_sc0_staging_12,L1,2,18,label_cell,False,0,False,True,False,False,True,5.11335136523794,0.5656854249492381,0.5220153254455275,True,5.11335136523794
v3_sc0_staging_12,L1,2,18,geometry,False,0,False,True,False,False,True,5.201219330881977,0.5830951894845301,0.5830951894845301,True,5.11335136523794
v3_sc0_staging_12,L1,2,18,label_only,False,0,False,True,False,False,True,5.43553390593274,1.2083045973594573,0.21213203435596426,True,5.11335136523794
v3_sc0_staging_12,L1,2,18,pose_only,False,0,False,True,False,False,True,5.11335136523794,0.8139410298049854,0.28284271247461906,True,5.11335136523794
v3_sc0_staging_12,L1,2,18,separate,False,0,False,True,False,False,True,5.494112549695429,1.2806248474865698,0.21213203435596426,True,5.11335136523794
v3_sc0_staging_12,L1,2,18,joint,False,0,False,True,False,False,True,5.43553390593274,1.2083045973594573,0.21213203435596426,True,5.11335136523794
v3_sc0_staging_12,L1,2,18,oracle,False,0,False,True,False,False,True,5.11335136523794,0.5656854249492381,0.28284271247461906,True,5.11335136523794
v3_sc0_staging_12,L1,2,19,uncalibrated,False,0,True,True,False,False,True,7.061879502661802,0.6726812023536856,0.20615528128088303,True,7.061879502661802
v3_sc0_staging_12,L1,2,19,label_cell,False,0,False,True,False,False,True,7.061879502661802,0.5656854249492381,0.5024937810560445,True,7.061879502661802
v3_sc0_staging_12,L1,2,19,geometry,False,0,False,True,False,False,True,7.149747468305835,0.5830951894845301,0.5830951894845301,True,7.061879502661802
v3_sc0_staging_12,L1,2,19,label_only,False,0,False,True,False,False,True,7.354772721475252,1.2083045973594573,0.20615528128088303,True,7.061879502661802
v3_sc0_staging_12,L1,2,19,pose_only,False,0,False,True,False,False,True,7.061879502661802,0.6726812023536856,0.20615528128088303,True,7.061879502661802
v3_sc0_staging_12,L1,2,19,separate,False,0,False,True,False,False,True,7.4133513652379435,1.2806248474865698,0.20615528128088303,True,7.061879502661802
v3_sc0_staging_12,L1,2,19,joint,False,0,False,True,False,False,True,7.354772721475252,1.2083045973594573,0.20615528128088303,True,7.061879502661802
v3_sc0_staging_12,L1,2,19,oracle,False,0,False,True,False,False,True,7.061879502661802,0.6726812023536856,0.20615528128088303,True,7.061879502661802
v3_sc0_staging_12,L1,3,0,uncalibrated,False,0,True,True,False,False,True,7.22903679018718,0.7000000000000001,0.20615528128088303,True,7.22903679018718
v3_sc0_staging_12,L1,3,0,label_cell,False,0,False,True,False,False,True,7.249747468305836,0.5656854249492381,0.5024937810560445,True,7.22903679018718
v3_sc0_staging_12,L1,3,0,geometry,False,0,False,True,False,False,True,7.379036790187181,0.5830951894845301,0.5830951894845301,True,7.22903679018718
v3_sc0_staging_12,L1,3,0,label_only,False,0,False,True,False,False,True,7.521930009000634,1.2083045973594573,0.20615528128088303,True,7.22903679018718
v3_sc0_staging_12,L1,3,0,pose_only,False,0,False,True,False,False,True,7.22903679018718,0.7000000000000001,0.20615528128088303,True,7.22903679018718
v3_sc0_staging_12,L1,3,0,separate,False,0,False,True,False,False,True,7.5805086527633225,1.2806248474865698,0.20615528128088303,True,7.22903679018718
v3_sc0_staging_12,L1,3,0,joint,False,0,False,True,False,False,True,7.521930009000634,1.2083045973594573,0.20615528128088303,True,7.22903679018718
v3_sc0_staging_12,L1,3,0,oracle,False,0,False,True,False,False,True,7.22903679018718,0.7000000000000001,0.20615528128088303,True,7.22903679018718
v3_sc0_staging_12,L1,3,1,uncalibrated,False,0,True,True,False,False,True,6.407716446627536,0.5024937810560445,0.4,True,6.407716446627536
v3_sc0_staging_12,L1,3,1,label_cell,False,0,False,True,False,False,True,6.407716446627536,0.5024937810560445,0.5024937810560445,True,6.407716446627536
v3_sc0_staging_12,L1,3,1,geometry,False,0,False,True,False,False,True,6.466295090390227,0.5830951894845301,0.5830951894845301,True,6.407716446627536
v3_sc0_staging_12,L1,3,1,label_only,False,0,False,True,False,False,True,7.242031021678297,1.2083045973594573,0.7280109889280518,True,6.407716446627536
v3_sc0_staging_12,L1,3,1,pose_only,False,0,False,True,False,False,True,6.466295090390226,0.5830951894845301,0.4,True,6.407716446627536
v3_sc0_staging_12,L1,3,1,separate,False,0,False,True,False,False,True,7.342031021678297,1.2806248474865698,0.7280109889280518,True,6.407716446627536
v3_sc0_staging_12,L1,3,1,joint,False,0,False,True,False,False,True,7.242031021678297,1.2083045973594573,0.7280109889280518,True,6.407716446627536
v3_sc0_staging_12,L1,3,1,oracle,False,0,False,True,False,False,True,6.407716446627536,0.5024937810560445,0.4,True,6.407716446627536
v3_sc0_staging_12,L1,3,2,uncalibrated,False,0,True,True,False,False,True,5.654163056034262,0.5024937810560445,0.4,True,5.654163056034262
v3_sc0_staging_12,L1,3,2,label_cell,False,0,False,True,False,False,True,5.654163056034263,0.5024937810560445,0.5024937810560445,True,5.654163056034262
v3_sc0_staging_12,L1,3,2,geometry,False,0,False,True,False,False,True,5.712741699796953,0.5830951894845301,0.5830951894845301,True,5.654163056034262
v3_sc0_staging_12,L1,3,2,label_only,False,0,False,True,False,False,True,6.447056274847715,1.2083045973594573,0.8500000000000001,True,5.654163056034262
v3_sc0_staging_12,L1,3,2,pose_only,False,0,False,True,False,False,True,5.712741699796952,0.5830951894845301,0.4,True,5.654163056034262
v3_sc0_staging_12,L1,3,2,separate,False,0,False,True,False,False,True,6.547056274847717,1.2747548783981963,0.8500000000000001,True,5.654163056034262
v3_sc0_staging_12,L1,3,2,joint,False,0,False,True,False,False,True,6.447056274847715,1.2083045973594573,0.8500000000000001,True,5.654163056034262
v3_sc0_staging_12,L1,3,2,oracle,False,0,False,True,False,False,True,5.654163056034262,0.5024937810560445,0.4,True,5.654163056034262
v3_sc0_staging_12,L1,3,3,uncalibrated,False,0,True,True,False,False,True,5.873401871576775,0.55,0.20615528128088303,True,5.873401871576775
v3_sc0_staging_12,L1,3,3,label_cell,False,0,False,True,False,False,True,5.894112549695429,0.55,0.5024937810560445,True,5.873401871576775
v3_sc0_staging_12,L1,3,3,geometry,False,0,False,True,False,False,True,6.04411254969543,0.5830951894845301,0.5830951894845301,True,5.873401871576775
v3_sc0_staging_12,L1,3,3,label_only,False,0,False,True,False,False,True,6.539087296526013,1.2041594578792296,0.20615528128088303,True,5.873401871576775
v3_sc0_staging_12,L1,3,3,pose_only,False,0,False,True,False,False,True,5.873401871576775,0.65,0.20615528128088303,True,5.873401871576775
v3_sc0_staging_12,L1,3,3,separate,False,0,False,True,False,False,True,6.639087296526014,1.2806248474865698,0.20615528128088303,True,5.873401871576775
v3_sc0_staging_12,L1,3,3,joint,False,0,False,True,False,False,True,6.539087296526013,1.2041594578792296,0.20615528128088303,True,5.873401871576775
v3_sc0_staging_12,L1,3,3,oracle,False,0,False,True,False,False,True,5.873401871576775,0.55,0.20615528128088303,True,5.873401871576775
v3_sc0_staging_12,L1,3,4,uncalibrated,False,0,True,True,False,False,True,6.466904755831215,0.5024937810560445,0.45,True,6.466904755831215
v3_sc0_staging_12,L1,3,4,label_cell,False,0,False,True,False,False,True,6.466904755831215,0.5024937810560445,0.5024937810560445,True,6.466904755831215
v3_sc0_staging_12,L1,3,4,geometry,False,0,False,True,False,False,True,6.525483399593907,0.5830951894845301,0.5830951894845301,True,6.466904755831215
v3_sc0_staging_12,L1,3,4,label_only,False,0,False,True,False,False,True,7.05269119345812,1.2083045973594573,0.5099019513592785,True,6.466904755831215
v3_sc0_staging_12,L1,3,4,pose_only,False,0,False,True,False,False,True,6.525483399593906,0.5830951894845301,0.45,True,6.466904755831215
v3_sc0_staging_12,L1,3,4,separate,False,0,False,True,False,False,True,7.111269837220812,1.2806248474865698,0.5099019513592785,True,6.466904755831215
v3_sc0_staging_12,L1,3,4,joint,False,0,False,True,False,False,True,7.05269119345812,1.2083045973594573,0.5099019513592785,True,6.466904755831215
v3_sc0_staging_12,L1,3,4,oracle,False,0,False,True,False,False,True,6.466904755831215,0.5024937810560445,0.45,True,6.466904755831215
v3_sc0_staging_12,L1,3,5,uncalibrated,False,0,True,True,False,False,True,7.860407640085658,0.5024937810560445,0.21213203435596426,True,7.860407640085658
v3_sc0_staging_12,L1,3,5,label_cell,False,0,False,True,False,False,True,8.198275605729691,0.5024937810560445,0.5024937810560445,True,7.860407640085658
v3_sc0_staging_12,L1,3,5,geometry,False,0,False,False,False,False,False,nan,nan,nan,False,7.860407640085658
v3_sc0_staging_12,L1,3,5,label_only,False,0,False,True,False,False,True,8.153300858899106,1.2083045973594573,0.20615528128088303,True,7.860407640085658
v3_sc0_staging_12,L1,3,5,pose_only,False,0,False,True,False,False,True,7.860407640085658,0.5830951894845301,0.21213203435596426,True,7.860407640085658
v3_sc0_staging_12,L1,3,5,separate,False,0,False,True,False,False,True,8.211879502661796,1.2806248474865698,0.20615528128088303,True,7.860407640085658
v3_sc0_staging_12,L1,3,5,joint,False,0,False,True,False,False,True,8.153300858899106,1.2083045973594573,0.20615528128088303,True,7.860407640085658
v3_sc0_staging_12,L1,3,5,oracle,False,0,False,True,False,False,True,7.860407640085658,0.5024937810560445,0.21213203435596426,True,7.860407640085658
v3_sc0_staging_12,L1,3,6,uncalibrated,False,0,True,True,False,False,True,5.11126983722081,0.5024937810560445,0.35000000000000003,True,5.11126983722081
v3_sc0_staging_12,L1,3,6,label_cell,False,0,False,True,False,False,True,5.15269119345812,0.5024937810560445,0.5024937810560445,True,5.11126983722081
v3_sc0_staging_12,L1,3,6,geometry,False,0,False,False,False,False,False,nan,nan,nan,False,5.11126983722081
v3_sc0_staging_12,L1,3,6,label_only,False,0,False,True,False,False,True,6.057716446627536,1.2083045973594573,0.55,True,5.11126983722081
v3_sc0_staging_12,L1,3,6,pose_only,False,0,False,True,False,False,True,5.1698484809835,0.5830951894845301,0.4,True,5.11126983722081
v3_sc0_staging_12,L1,3,6,separate,False,0,False,True,False,False,True,6.187005768508881,1.2806248474865698,0.55,True,5.11126983722081
v3_sc0_staging_12,L1,3,6,joint,False,0,False,True,False,False,True,6.057716446627536,1.2083045973594573,0.55,True,5.11126983722081
v3_sc0_staging_12,L1,3,6,oracle,False,0,False,True,False,False,True,5.11126983722081,0.5024937810560445,0.35000000000000003,True,5.11126983722081
v3_sc0_staging_12,L1,3,7,uncalibrated,False,0,True,True,False,False,True,7.466295090390225,0.5024937810560445,0.35000000000000003,True,7.466295090390225
v3_sc0_staging_12,L1,3,7,label_cell,False,0,False,False,False,False,False,nan,nan,nan,False,7.466295090390225
v3_sc0_staging_12,L1,3,7,geometry,False,0,False,False,False,False,False,nan,nan,nan,False,7.466295090390225
v3_sc0_staging_12,L1,3,7,label_only,False,0,False,True,False,False,True,8.424873734152916,1.1884864324004714,0.4301162633521314,True,7.466295090390225
v3_sc0_staging_12,L1,3,7,pose_only,False,0,False,True,False,False,True,7.524873734152917,0.5830951894845301,0.4301162633521314,True,7.466295090390225
v3_sc0_staging_12,L1,3,7,separate,False,0,False,True,False,False,True,8.524873734152917,1.264911064067352,0.4301162633521314,True,7.466295090390225
v3_sc0_staging_12,L1,3,7,joint,False,0,False,True,False,False,True,8.424873734152916,1.1884864324004714,0.4301162633521314,True,7.466295090390225
v3_sc0_staging_12,L1,3,7,oracle,False,0,False,True,False,False,True,7.466295090390225,0.5024937810560445,0.35000000000000003,True,7.466295090390225
v3_sc0_staging_12,L1,3,8,uncalibrated,False,0,True,True,False,False,True,8.955382386916238,0.5024937810560445,0.30000000000000004,True,8.955382386916238
v3_sc0_staging_12,L1,3,8,label_cell,False,0,False,False,False,False,False,nan,nan,nan,False,8.955382386916238
v3_sc0_staging_12,L1,3,8,geometry,False,0,False,False,False,False,False,nan,nan,nan,False,8.955382386916238
v3_sc0_staging_12,L1,3,8,label_only,False,0,False,True,False,False,True,9.24827560572969,1.2083045973594573,0.20615528128088303,True,8.955382386916238
v3_sc0_staging_12,L1,3,8,pose_only,False,0,False,True,False,False,True,8.95538238691624,0.5830951894845301,0.30000000000000004,True,8.955382386916238
v3_sc0_staging_12,L1,3,8,separate,False,0,False,True,False,False,True,9.30685424949238,1.2806248474865698,0.20615528128088303,True,8.955382386916238
v3_sc0_staging_12,L1,3,8,joint,False,0,False,True,False,False,True,9.24827560572969,1.2083045973594573,0.20615528128088303,True,8.955382386916238
v3_sc0_staging_12,L1,3,8,oracle,False,0,False,True,False,False,True,8.955382386916238,0.5024937810560445,0.30000000000000004,True,8.955382386916238
v3_sc0_staging_12,L1,3,9,uncalibrated,False,0,True,True,False,False,True,6.156244584051393,0.5315072906367325,0.41231056256176607,True,6.156244584051393
v3_sc0_staging_12,L1,3,9,label_cell,False,0,False,True,False,False,True,6.156244584051393,0.5315072906367325,0.5315072906367325,True,6.156244584051393
v3_sc0_staging_12,L1,3,9,geometry,False,0,False,True,False,False,True,6.24411254969543,0.5830951894845301,0.5830951894845301,True,6.156244584051393
v3_sc0_staging_12,L1,3,9,label_only,False,0,False,True,False,False,True,7.044112549695431,1.2083045973594573,0.4949747468305833,True,6.156244584051393
v3_sc0_staging_12,L1,3,9,pose_only,False,0,False,True,False,False,True,6.185533905932738,0.6000000000000001,0.41231056256176607,True,6.156244584051393
v3_sc0_staging_12,L1,3,9,separate,False,0,False,True,False,False,True,7.14411254969543,1.2747548783981963,0.4949747468305833,True,6.156244584051393
v3_sc0_staging_12,L1,3,9,joint,False,0,False,True,False,False,True,7.044112549695431,1.2083045973594573,0.4949747468305833,True,6.156244584051393
v3_sc0_staging_12,L1,3,9,oracle,False,0,False,True,False,False,True,6.156244584051393,0.5315072906367325,0.41231056256176607,True,6.156244584051393
v3_sc0_staging_12,L1,3,10,uncalibrated,False,0,True,True,False,False,True,3.9606601717798213,0.7158910531638177,0.6000000000000001,True,3.9606601717798213
v3_sc0_staging_12,L1,3,10,label_cell,False,0,False,True,False,False,True,3.9606601717798213,0.7158910531638177,0.6000000000000001,True,3.9606601717798213
v3_sc0_staging_12,L1,3,10,geometry,False,0,False,True,False,False,True,3.9606601717798213,0.608276253029822,0.608276253029822,True,3.9606601717798213
v3_sc0_staging_12,L1,3,10,label_only,False,0,False,True,False,False,True,4.08492424049175,1.2041594578792296,0.7516648189186454,True,3.9606601717798213
v3_sc0_staging_12,L1,3,10,pose_only,False,0,False,True,False,False,True,3.9606601717798213,0.7158910531638177,0.6000000000000001,True,3.9606601717798213
v3_sc0_staging_12,L1,3,10,separate,False,0,False,True,False,False,True,4.126345596729059,1.2747548783981963,0.7516648189186454,True,3.9606601717798213
v3_sc0_staging_12,L1,3,10,joint,False,0,False,True,False,False,True,4.08492424049175,1.2041594578792296,0.7516648189186454,True,3.9606601717798213
v3_sc0_staging_12,L1,3,10,oracle,False,0,False,True,False,False,True,3.9606601717798213,0.7158910531638177,0.6000000000000001,True,3.9606601717798213
v3_sc0_staging_12,L1,3,11,uncalibrated,False,0,True,True,False,False,True,4.6177669529663685,0.5024937810560445,0.35000000000000003,True,4.6177669529663685
v3_sc0_staging_12,L1,3,11,label_cell,False,0,False,True,False,False,True,4.700609665440989,0.7000000000000001,0.5220153254455275,True,4.6177669529663685
v3_sc0_staging_12,L1,3,11,geometry,False,0,False,False,False,False,False,nan,nan,nan,False,4.6177669529663685
v3_sc0_staging_12,L1,3,11,label_only,False,0,False,True,False,False,True,5.266295090390226,1.2083045973594573,0.5220153254455275,True,4.6177669529663685
v3_sc0_staging_12,L1,3,11,pose_only,False,0,False,True,False,False,True,4.6177669529663685,0.5830951894845301,0.4,True,4.6177669529663685
v3_sc0_staging_12,L1,3,11,separate,False,0,False,True,False,False,True,5.366295090390226,1.2806248474865698,0.5220153254455275,True,4.6177669529663685
v3_sc0_staging_12,L1,3,11,joint,False,0,False,True,False,False,True,5.266295090390226,1.2083045973594573,0.5220153254455275,True,4.6177669529663685
v3_sc0_staging_12,L1,3,11,oracle,False,0,False,True,False,False,True,4.6177669529663685,0.5024937810560445,0.35000000000000003,True,4.6177669529663685
v3_sc0_staging_12,L1,3,12,uncalibrated,False,0,True,True,False,False,True,8.915432893255073,0.5024937810560445,0.35000000000000003,True,8.915432893255073
v3_sc0_staging_12,L1,3,12,label_cell,False,0,False,False,False,False,False,nan,nan,nan,False,8.915432893255073
v3_sc0_staging_12,L1,3,12,geometry,False,0,False,False,False,False,False,nan,nan,nan,False,8.915432893255073
v3_sc0_staging_12,L1,3,12,label_only,False,0,False,True,False,False,True,9.208326112068523,1.2083045973594573,0.20615528128088303,True,8.915432893255073
v3_sc0_staging_12,L1,3,12,pose_only,False,0,False,True,False,False,True,8.91543289325507,0.5830951894845301,0.35000000000000003,True,8.915432893255073
v3_sc0_staging_12,L1,3,12,separate,False,0,False,True,False,False,True,9.266904755831213,1.2806248474865698,0.20615528128088303,True,8.915432893255073
v3_sc0_staging_12,L1,3,12,joint,False,0,False,True,False,False,True,9.208326112068523,1.2083045973594573,0.20615528128088303,True,8.915432893255073
v3_sc0_staging_12,L1,3,12,oracle,False,0,False,True,False,False,True,8.915432893255073,0.5024937810560445,0.35000000000000003,True,8.915432893255073
v3_sc0_staging_12,L1,3,13,uncalibrated,False,0,True,True,False,False,True,9.942640687119287,0.5024937810560445,0.35000000000000003,True,9.942640687119287
v3_sc0_staging_12,L1,3,13,label_cell,False,0,False,False,False,False,False,nan,nan,nan,False,9.942640687119287
v3_sc0_staging_12,L1,3,13,geometry,False,0,False,False,False,False,False,nan,nan,nan,False,9.942640687119287
v3_sc0_staging_12,L1,3,13,label_only,False,0,False,True,False,False,True,10.732590180780456,1.2083045973594573,0.20615528128088303,True,9.942640687119287
v3_sc0_staging_12,L1,3,13,pose_only,False,0,False,True,False,False,True,9.96335136523794,0.5830951894845301,0.4,True,9.942640687119287
v3_sc0_staging_12,L1,3,13,separate,False,0,False,True,False,False,True,10.832590180780452,1.2806248474865698,0.20615528128088303,True,9.942640687119287
v3_sc0_staging_12,L1,3,13,joint,False,0,False,True,False,False,True,10.732590180780456,1.2083045973594573,0.20615528128088303,True,9.942640687119287
v3_sc0_staging_12,L1,3,13,oracle,False,0,False,True,False,False,True,9.942640687119287,0.5024937810560445,0.35000000000000003,True,9.942640687119287
v3_sc0_staging_12,L1,3,14,uncalibrated,False,0,True,True,False,False,True,7.5461940777125625,0.5024937810560445,0.25,True,7.5461940777125625
v3_sc0_staging_12,L1,3,14,label_cell,False,0,False,False,False,False,False,nan,nan,nan,False,7.5461940777125625
v3_sc0_staging_12,L1,3,14,geometry,False,0,False,False,False,False,False,nan,nan,nan,False,7.5461940777125625
v3_sc0_staging_12,L1,3,14,label_only,False,0,False,True,False,False,True,8.129036790187177,1.2083045973594573,0.20615528128088303,True,7.5461940777125625
v3_sc0_staging_12,L1,3,14,pose_only,False,0,False,True,False,False,True,7.5461940777125625,0.5830951894845301,0.25,True,7.5461940777125625
v3_sc0_staging_12,L1,3,14,separate,False,0,False,True,False,False,True,8.229036790187179,1.2806248474865698,0.20615528128088303,True,7.5461940777125625
v3_sc0_staging_12,L1,3,14,joint,False,0,False,True,False,False,True,8.129036790187177,1.2083045973594573,0.20615528128088303,True,7.5461940777125625
v3_sc0_staging_12,L1,3,14,oracle,False,0,False,True,False,False,True,7.5461940777125625,0.5024937810560445,0.25,True,7.5461940777125625
v3_sc0_staging_12,L1,3,15,uncalibrated,False,0,True,True,False,False,True,7.123401871576775,0.5024937810560445,0.5,True,7.123401871576775
v3_sc0_staging_12,L1,3,15,label_cell,False,0,False,True,False,False,True,7.123401871576778,0.5024937810560445,0.5024937810560445,True,7.123401871576775
v3_sc0_staging_12,L1,3,15,geometry,False,0,False,True,False,False,True,7.181980515339467,0.5830951894845301,0.5830951894845301,True,7.123401871576775
v3_sc0_staging_12,L1,3,15,label_only,False,0,False,True,False,False,True,7.709188309203677,1.2083045973594573,0.894427190999916,True,7.123401871576775
v3_sc0_staging_12,L1,3,15,pose_only,False,0,False,True,False,False,True,7.181980515339467,0.5830951894845301,0.5,True,7.123401871576775
v3_sc0_staging_12,L1,3,15,separate,False,0,False,True,False,False,True,7.767766952966369,1.2806248474865698,0.894427190999916,True,7.123401871576775
v3_sc0_staging_12,L1,3,15,joint,False,0,False,True,False,False,True,7.709188309203677,1.2083045973594573,0.894427190999916,True,7.123401871576775
v3_sc0_staging_12,L1,3,15,oracle,False,0,False,True,False,False,True,7.123401871576775,0.5024937810560445,0.5,True,7.123401871576775
v3_sc0_staging_12,L1,3,16,uncalibrated,False,0,True,True,False,False,True,6.233452377915606,0.5024937810560445,0.35000000000000003,True,6.233452377915606
v3_sc0_staging_12,L1,3,16,label_cell,False,0,False,True,False,False,True,6.233452377915606,0.5024937810560445,0.5024937810560445,True,6.233452377915606
v3_sc0_staging_12,L1,3,16,geometry,False,0,False,True,False,False,True,6.292031021678298,0.5830951894845301,0.5830951894845301,True,6.233452377915606
v3_sc0_staging_12,L1,3,16,label_only,False,0,False,True,False,False,True,6.94350288425444,1.2083045973594573,1.0012492197250393,True,6.233452377915606
v3_sc0_staging_12,L1,3,16,pose_only,False,0,False,True,False,False,True,6.292031021678298,0.5830951894845301,0.4,True,6.233452377915606
v3_sc0_staging_12,L1,3,16,separate,False,0,False,True,False,False,True,7.064213562373095,1.2806248474865698,1.0012492197250393,True,6.233452377915606
v3_sc0_staging_12,L1,3,16,joint,False,0,False,True,False,False,True,6.94350288425444,1.2083045973594573,1.0012492197250393,True,6.233452377915606
v3_sc0_staging_12,L1,3,16,oracle,False,0,False,True,False,False,True,6.233452377915606,0.5024937810560445,0.35000000000000003,True,6.233452377915606
v3_sc0_staging_12,L1,3,17,uncalibrated,False,0,True,True,False,False,True,8.131980515339464,0.5024937810560445,0.5,True,8.131980515339464
v3_sc0_staging_12,L1,3,17,label_cell,False,0,False,False,False,False,False,nan,nan,nan,False,8.131980515339464
v3_sc0_staging_12,L1,3,17,geometry,False,0,False,False,False,False,False,nan,nan,nan,False,8.131980515339464
v3_sc0_staging_12,L1,3,17,label_only,False,0,False,True,False,False,True,9.173401871576775,1.1884864324004714,0.5,True,8.131980515339464
v3_sc0_staging_12,L1,3,17,pose_only,False,0,False,True,False,False,True,8.190559159102156,0.5830951894845301,0.5,True,8.131980515339464
v3_sc0_staging_12,L1,3,17,separate,False,0,False,True,False,False,True,9.273401871576773,1.264911064067352,0.5,True,8.131980515339464
v3_sc0_staging_12,L1,3,17,joint,False,0,False,True,False,False,True,9.173401871576775,1.1884864324004714,0.5,True,8.131980515339464
v3_sc0_staging_12,L1,3,17,oracle,False,0,False,True,False,False,True,8.131980515339464,0.5024937810560445,0.5,True,8.131980515339464
v3_sc0_staging_12,L1,3,18,uncalibrated,False,0,True,True,False,False,True,5.11335136523794,0.5656854249492381,0.28284271247461906,True,5.11335136523794
v3_sc0_staging_12,L1,3,18,label_cell,False,0,False,True,False,False,True,5.11335136523794,0.5656854249492381,0.5024937810560445,True,5.11335136523794
v3_sc0_staging_12,L1,3,18,geometry,False,0,False,True,False,False,True,5.201219330881977,0.5830951894845301,0.5830951894845301,True,5.11335136523794
v3_sc0_staging_12,L1,3,18,label_only,False,0,False,True,False,False,True,5.43553390593274,1.2083045973594573,0.21213203435596426,True,5.11335136523794
v3_sc0_staging_12,L1,3,18,pose_only,False,0,False,True,False,False,True,5.11335136523794,0.8139410298049854,0.28284271247461906,True,5.11335136523794
v3_sc0_staging_12,L1,3,18,separate,False,0,False,True,False,False,True,5.494112549695429,1.2806248474865698,0.21213203435596426,True,5.11335136523794
v3_sc0_staging_12,L1,3,18,joint,False,0,False,True,False,False,True,5.43553390593274,1.2083045973594573,0.21213203435596426,True,5.11335136523794
v3_sc0_staging_12,L1,3,18,oracle,False,0,False,True,False,False,True,5.11335136523794,0.5656854249492381,0.28284271247461906,True,5.11335136523794
v3_sc0_staging_12,L1,3,19,uncalibrated,False,0,True,True,False,False,True,7.061879502661802,0.6726812023536856,0.20615528128088303,True,7.061879502661802
v3_sc0_staging_12,L1,3,19,label_cell,False,0,False,True,False,False,True,7.061879502661802,0.5656854249492381,0.5024937810560445,True,7.061879502661802
v3_sc0_staging_12,L1,3,19,geometry,False,0,False,True,False,False,True,7.149747468305836,0.5830951894845301,0.5830951894845301,True,7.061879502661802
v3_sc0_staging_12,L1,3,19,label_only,False,0,False,True,False,False,True,7.354772721475252,1.2083045973594573,0.20615528128088303,True,7.061879502661802
v3_sc0_staging_12,L1,3,19,pose_only,False,0,False,True,False,False,True,7.061879502661802,0.6726812023536856,0.20615528128088303,True,7.061879502661802
v3_sc0_staging_12,L1,3,19,separate,False,0,False,True,False,False,True,7.413351365237943,1.2806248474865698,0.20615528128088303,True,7.061879502661802
v3_sc0_staging_12,L1,3,19,joint,False,0,False,True,False,False,True,7.354772721475252,1.2083045973594573,0.20615528128088303,True,7.061879502661802
v3_sc0_staging_12,L1,3,19,oracle,False,0,False,True,False,False,True,7.061879502661802,0.6726812023536856,0.20615528128088303,True,7.061879502661802
v3_sc0_staging_12,L1,4,0,uncalibrated,False,0,False,True,False,False,True,7.22903679018718,0.7000000000000001,0.20615528128088303,True,7.229036790187182
v3_sc0_staging_12,L1,4,0,label_cell,False,0,False,True,False,False,True,7.249747468305836,0.5656854249492381,0.5024937810560445,True,7.229036790187182
v3_sc0_staging_12,L1,4,0,geometry,False,0,False,True,False,False,True,7.379036790187181,0.5830951894845301,0.5830951894845301,True,7.229036790187182
v3_sc0_staging_12,L1,4,0,label_only,False,0,False,True,False,False,True,7.521930009000634,1.2083045973594573,0.20615528128088303,True,7.229036790187182
v3_sc0_staging_12,L1,4,0,pose_only,False,0,False,True,False,False,True,7.22903679018718,0.7000000000000001,0.20615528128088303,True,7.229036790187182
v3_sc0_staging_12,L1,4,0,separate,False,0,False,True,False,False,True,7.5805086527633225,1.2806248474865698,0.20615528128088303,True,7.229036790187182
v3_sc0_staging_12,L1,4,0,joint,False,0,False,True,False,False,True,7.521930009000634,1.2083045973594573,0.20615528128088303,True,7.229036790187182
v3_sc0_staging_12,L1,4,0,oracle,False,0,False,True,False,False,True,7.229036790187182,0.7000000000000001,0.20615528128088303,True,7.229036790187182
v3_sc0_staging_12,L1,4,1,uncalibrated,False,0,False,True,False,False,True,6.42842712474619,0.5024937810560445,0.49244289008980524,True,6.42842712474619
v3_sc0_staging_12,L1,4,1,label_cell,False,0,False,True,False,False,True,6.42842712474619,0.5024937810560445,0.49244289008980524,True,6.42842712474619
v3_sc0_staging_12,L1,4,1,geometry,False,0,False,True,False,False,True,6.487005768508881,0.5830951894845301,0.5590169943749475,True,6.42842712474619
v3_sc0_staging_12,L1,4,1,label_only,False,0,False,True,False,False,True,7.242031021678297,1.2083045973594573,0.7280109889280518,True,6.42842712474619
v3_sc0_staging_12,L1,4,1,pose_only,False,0,False,True,False,False,True,6.487005768508881,0.5830951894845301,0.5590169943749475,True,6.42842712474619
v3_sc0_staging_12,L1,4,1,separate,False,0,False,True,False,False,True,7.342031021678297,1.2806248474865698,0.7280109889280518,True,6.42842712474619
v3_sc0_staging_12,L1,4,1,joint,False,0,False,True,False,False,True,7.242031021678297,1.2083045973594573,0.7280109889280518,True,6.42842712474619
v3_sc0_staging_12,L1,4,1,oracle,False,0,False,True,False,False,True,6.42842712474619,0.5024937810560445,0.35000000000000003,True,6.42842712474619
v3_sc0_staging_12,L1,4,2,uncalibrated,False,0,False,True,False,False,True,5.654163056034263,0.5024937810560445,0.5,True,5.654163056034262
v3_sc0_staging_12,L1,4,2,label_cell,False,0,False,True,False,False,True,5.654163056034263,0.5024937810560445,0.5024937810560445,True,5.654163056034262
v3_sc0_staging_12,L1,4,2,geometry,False,0,False,True,False,False,True,5.712741699796953,0.5830951894845301,0.5830951894845301,True,5.654163056034262
v3_sc0_staging_12,L1,4,2,label_only,False,0,False,True,False,False,True,6.571320343559645,1.2083045973594573,0.8500000000000001,True,5.654163056034262
v3_sc0_staging_12,L1,4,2,pose_only,False,0,False,True,False,False,True,5.712741699796953,0.5830951894845301,0.5,True,5.654163056034262
v3_sc0_staging_12,L1,4,2,separate,False,0,False,True,False,False,True,6.671320343559646,1.2806248474865698,0.8500000000000001,True,5.654163056034262
v3_sc0_staging_12,L1,4,2,joint,False,0,False,True,False,False,True,6.571320343559645,1.2083045973594573,0.8500000000000001,True,5.654163056034262
v3_sc0_staging_12,L1,4,2,oracle,False,0,False,True,False,False,True,5.654163056034262,0.5024937810560445,0.35000000000000003,True,5.654163056034262
v3_sc0_staging_12,L1,4,3,uncalibrated,False,0,False,True,False,False,True,5.873401871576775,0.65,0.20615528128088303,True,5.873401871576775
v3_sc0_staging_12,L1,4,3,label_cell,False,0,False,True,False,False,True,5.873401871576775,0.55,0.5024937810560445,True,5.873401871576775
v3_sc0_staging_12,L1,4,3,geometry,False,0,False,True,False,False,True,6.04411254969543,0.5830951894845301,0.5830951894845301,True,5.873401871576775
v3_sc0_staging_12,L1,4,3,label_only,False,0,False,True,False,False,True,6.6633513652379435,1.2083045973594573,0.20615528128088303,True,5.873401871576775
v3_sc0_staging_12,L1,4,3,pose_only,False,0,False,True,False,False,True,5.873401871576775,0.8,0.20615528128088303,True,5.873401871576775
v3_sc0_staging_12,L1,4,3,separate,False,0,False,False,False,False,False,nan,nan,nan,False,5.873401871576775
v3_sc0_staging_12,L1,4,3,joint,False,0,False,True,False,False,True,6.6633513652379435,1.2083045973594573,0.20615528128088303,True,5.873401871576775
v3_sc0_staging_12,L1,4,3,oracle,False,0,False,True,False,False,True,5.873401871576775,0.55,0.20615528128088303,True,5.873401871576775
v3_sc0_staging_12,L1,4,4,uncalibrated,False,0,False,True,False,False,True,6.466904755831215,0.5024937810560445,0.4,True,6.466904755831215
v3_sc0_staging_12,L1,4,4,label_cell,False,0,False,True,False,False,True,6.466904755831215,0.5024937810560445,0.49244289008980524,True,6.466904755831215
v3_sc0_staging_12,L1,4,4,geometry,False,0,False,True,False,False,True,6.525483399593907,0.5830951894845301,0.5590169943749475,True,6.466904755831215
v3_sc0_staging_12,L1,4,4,label_only,False,0,False,True,False,False,True,7.05269119345812,1.2083045973594573,0.5099019513592785,True,6.466904755831215
v3_sc0_staging_12,L1,4,4,pose_only,False,0,False,True,False,False,True,6.525483399593906,0.5830951894845301,0.5385164807134504,True,6.466904755831215
v3_sc0_staging_12,L1,4,4,separate,False,0,False,True,False,False,True,7.111269837220812,1.2806248474865698,0.5099019513592785,True,6.466904755831215
v3_sc0_staging_12,L1,4,4,joint,False,0,False,True,False,False,True,7.05269119345812,1.2083045973594573,0.5099019513592785,True,6.466904755831215
v3_sc0_staging_12,L1,4,4,oracle,False,0,False,True,False,False,True,6.466904755831215,0.5024937810560445,0.4,True,6.466904755831215
v3_sc0_staging_12,L1,4,5,uncalibrated,False,0,False,True,False,False,True,7.860407640085658,0.5024937810560445,0.21213203435596426,True,7.860407640085658
v3_sc0_staging_12,L1,4,5,label_cell,False,0,False,True,False,False,True,8.198275605729691,0.5024937810560445,0.5024937810560445,True,7.860407640085658
v3_sc0_staging_12,L1,4,5,geometry,False,0,False,False,False,False,False,nan,nan,nan,False,7.860407640085658
v3_sc0_staging_12,L1,4,5,label_only,False,0,False,True,False,False,True,8.153300858899106,1.2083045973594573,0.20615528128088303,True,7.860407640085658
v3_sc0_staging_12,L1,4,5,pose_only,False,0,False,True,False,False,True,7.860407640085658,0.5830951894845301,0.21213203435596426,True,7.860407640085658
v3_sc0_staging_12,L1,4,5,separate,False,0,False,True,False,False,True,8.211879502661796,1.2806248474865698,0.20615528128088303,True,7.860407640085658
v3_sc0_staging_12,L1,4,5,joint,False,0,False,True,False,False,True,8.153300858899106,1.2083045973594573,0.20615528128088303,True,7.860407640085658
v3_sc0_staging_12,L1,4,5,oracle,False,0,False,True,False,False,True,7.860407640085658,0.5024937810560445,0.21213203435596426,True,7.860407640085658
v3_sc0_staging_12,L1,4,6,uncalibrated,False,0,False,True,False,False,True,5.11126983722081,0.5024937810560445,0.4,True,5.11126983722081
v3_sc0_staging_12,L1,4,6,label_cell,False,0,False,True,False,False,True,5.15269119345812,0.5024937810560445,0.5024937810560445,True,5.11126983722081
v3_sc0_staging_12,L1,4,6,geometry,False,0,False,False,False,False,False,nan,nan,nan,False,5.11126983722081
v3_sc0_staging_12,L1,4,6,label_only,False,0,False,False,False,False,False,nan,nan,nan,False,5.11126983722081
v3_sc0_staging_12,L1,4,6,pose_only,False,0,False,True,False,False,True,5.190559159102155,0.5830951894845301,0.4716990566028302,True,5.11126983722081
v3_sc0_staging_12,L1,4,6,separate,False,0,False,False,False,False,False,nan,nan,nan,False,5.11126983722081
v3_sc0_staging_12,L1,4,6,joint,False,0,False,False,False,False,False,nan,nan,nan,False,5.11126983722081
v3_sc0_staging_12,L1,4,6,oracle,False,0,False,True,False,False,True,5.11126983722081,0.5024937810560445,0.30000000000000004,True,5.11126983722081
v3_sc0_staging_12,L1,4,7,uncalibrated,False,0,False,True,False,False,True,7.466295090390226,0.5024937810560445,0.4301162633521314,True,7.466295090390226
v3_sc0_staging_12,L1,4,7,label_cell,False,0,False,False,False,False,False,nan,nan,nan,False,7.466295090390226
v3_sc0_staging_12,L1,4,7,geometry,False,0,False,False,False,False,False,nan,nan,nan,False,7.466295090390226
v3_sc0_staging_12,L1,4,7,label_only,False,0,False,True,False,False,True,8.549137802864847,1.2083045973594573,0.4301162633521314,True,7.466295090390226
v3_sc0_staging_12,L1,4,7,pose_only,False,0,False,True,False,False,True,7.524873734152917,0.5830951894845301,0.4301162633521314,True,7.466295090390226
v3_sc0_staging_12,L1,4,7,separate,False,0,False,True,False,False,True,8.649137802864846,1.2806248474865698,0.4301162633521314,True,7.466295090390226
v3_sc0_staging_12,L1,4,7,joint,False,0,False,True,False,False,True,8.549137802864847,1.2083045973594573,0.4301162633521314,True,7.466295090390226
v3_sc0_staging_12,L1,4,7,oracle,False,0,False,True,False,False,True,7.466295090390226,0.5024937810560445,0.4301162633521314,True,7.466295090390226
v3_sc0_staging_12,L1,4,8,uncalibrated,False,0,False,True,False,False,True,8.955382386916238,0.5024937810560445,0.30000000000000004,True,8.955382386916238
v3_sc0_staging_12,L1,4,8,label_cell,False,0,False,False,False,False,False,nan,nan,nan,False,8.955382386916238
v3_sc0_staging_12,L1,4,8,geometry,False,0,False,False,False,False,False,nan,nan,nan,False,8.955382386916238
v3_sc0_staging_12,L1,4,8,label_only,False,0,False,True,False,False,True,9.248275605729688,1.2083045973594573,0.20615528128088303,True,8.955382386916238
v3_sc0_staging_12,L1,4,8,pose_only,False,0,False,True,False,False,True,8.955382386916238,0.5830951894845301,0.30000000000000004,True,8.955382386916238
v3_sc0_staging_12,L1,4,8,separate,False,0,False,True,False,False,True,9.30685424949238,1.2806248474865698,0.20615528128088303,True,8.955382386916238
v3_sc0_staging_12,L1,4,8,joint,False,0,False,True,False,False,True,9.248275605729688,1.2083045973594573,0.20615528128088303,True,8.955382386916238
v3_sc0_staging_12,L1,4,8,oracle,False,0,False,True,False,False,True,8.955382386916238,0.5024937810560445,0.30000000000000004,True,8.955382386916238
v3_sc0_staging_12,L1,4,9,uncalibrated,False,0,False,True,False,False,True,6.156244584051393,0.5315072906367325,0.47434164902525694,True,6.156244584051393
v3_sc0_staging_12,L1,4,9,label_cell,False,0,False,True,False,False,True,6.156244584051393,0.5315072906367325,0.5315072906367325,True,6.156244584051393
v3_sc0_staging_12,L1,4,9,geometry,False,0,False,True,False,False,True,6.24411254969543,0.5830951894845301,0.5830951894845301,True,6.156244584051393
v3_sc0_staging_12,L1,4,9,label_only,False,0,False,True,False,False,True,7.168376618407358,1.2083045973594573,0.4949747468305833,True,6.156244584051393
v3_sc0_staging_12,L1,4,9,pose_only,False,0,False,True,False,False,True,6.185533905932738,0.6020797289396148,0.47434164902525694,True,6.156244584051393
v3_sc0_staging_12,L1,4,9,separate,False,0,False,True,False,False,True,7.268376618407359,1.2806248474865698,0.4949747468305833,True,6.156244584051393
v3_sc0_staging_12,L1,4,9,joint,False,0,False,True,False,False,True,7.168376618407358,1.2083045973594573,0.4949747468305833,True,6.156244584051393
v3_sc0_staging_12,L1,4,9,oracle,False,0,False,True,False,False,True,6.156244584051393,0.5315072906367325,0.3640054944640259,True,6.156244584051393
v3_sc0_staging_12,L1,4,10,uncalibrated,False,0,False,True,False,False,True,3.9606601717798213,0.7158910531638177,0.55,True,3.9606601717798213
v3_sc0_staging_12,L1,4,10,label_cell,False,0,False,True,False,False,True,3.9606601717798213,0.7158910531638177,0.55,True,3.9606601717798213
v3_sc0_staging_12,L1,4,10,geometry,False,0,False,True,False,False,True,3.9606601717798213,0.608276253029822,0.608276253029822,True,3.9606601717798213
v3_sc0_staging_12,L1,4,10,label_only,False,0,False,True,False,False,True,4.209188309203679,1.4000000000000001,0.7516648189186454,True,3.9606601717798213
v3_sc0_staging_12,L1,4,10,pose_only,False,0,False,True,False,False,True,3.9606601717798213,0.7158910531638177,0.55,True,3.9606601717798213
v3_sc0_staging_12,L1,4,10,separate,False,0,False,False,False,False,False,nan,nan,nan,False,3.9606601717798213
v3_sc0_staging_12,L1,4,10,joint,False,0,False,True,False,False,True,4.209188309203679,1.4000000000000001,0.7516648189186454,True,3.9606601717798213
v3_sc0_staging_12,L1,4,10,oracle,False,0,False,True,False,False,True,3.9606601717798213,0.7158910531638177,0.55,True,3.9606601717798213
v3_sc0_staging_12,L1,4,11,uncalibrated,False,0,False,True,False,False,True,4.659188309203678,0.7000000000000001,0.45,True,4.6177669529663685
v3_sc0_staging_12,L1,4,11,label_cell,False,0,False,True,False,False,True,4.700609665440989,0.7000000000000001,0.5024937810560445,True,4.6177669529663685
v3_sc0_staging_12,L1,4,11,geometry,False,0,False,False,False,False,False,nan,nan,nan,False,4.6177669529663685
v3_sc0_staging_12,L1,4,11,label_only,False,0,False,True,False,False,True,5.390559159102154,1.2083045973594573,0.55,True,4.6177669529663685
v3_sc0_staging_12,L1,4,11,pose_only,False,0,False,True,False,False,True,4.679898987322334,0.7000000000000001,0.47434164902525694,True,4.6177669529663685
v3_sc0_staging_12,L1,4,11,separate,False,0,False,True,False,False,True,5.490559159102155,1.2806248474865698,0.55,True,4.6177669529663685
v3_sc0_staging_12,L1,4,11,joint,False,0,False,True,False,False,True,5.390559159102154,1.2083045973594573,0.55,True,4.6177669529663685
v3_sc0_staging_12,L1,4,11,oracle,False,0,False,True,False,False,True,4.6177669529663685,0.5024937810560445,0.30000000000000004,True,4.6177669529663685
v3_sc0_staging_12,L1,4,12,uncalibrated,False,0,False,True,False,False,True,8.915432893255073,0.5024937810560445,0.35000000000000003,True,8.915432893255073
v3_sc0_staging_12,L1,4,12,label_cell,False,0,False,False,False,False,False,nan,nan,nan,False,8.915432893255073
v3_sc0_staging_12,L1,4,12,geometry,False,0,False,False,False,False,False,nan,nan,nan,False,8.915432893255073
v3_sc0_staging_12,L1,4,12,label_only,False,0,False,True,False,False,True,9.208326112068525,1.2083045973594573,0.20615528128088303,True,8.915432893255073
v3_sc0_staging_12,L1,4,12,pose_only,False,0,False,True,False,False,True,8.91543289325507,0.5830951894845301,0.35000000000000003,True,8.915432893255073
v3_sc0_staging_12,L1,4,12,separate,False,0,False,True,False,False,True,9.266904755831215,1.2806248474865698,0.20615528128088303,True,8.915432893255073
v3_sc0_staging_12,L1,4,12,joint,False,0,False,True,False,False,True,9.208326112068525,1.2083045973594573,0.20615528128088303,True,8.915432893255073
v3_sc0_staging_12,L1,4,12,oracle,False,0,False,True,False,False,True,8.915432893255073,0.5024937810560445,0.35000000000000003,True,8.915432893255073
v3_sc0_staging_12,L1,4,13,uncalibrated,False,0,False,True,False,False,True,10.00477272147525,0.5024937810560445,0.4,True,9.96335136523794
v3_sc0_staging_12,L1,4,13,label_cell,False,0,False,False,False,False,False,nan,nan,nan,False,9.96335136523794
v3_sc0_staging_12,L1,4,13,geometry,False,0,False,False,False,False,False,nan,nan,nan,False,9.96335136523794
v3_sc0_staging_12,L1,4,13,label_only,False,0,False,True,False,False,True,10.856854249492383,1.2083045973594573,0.20615528128088303,True,9.96335136523794
v3_sc0_staging_12,L1,4,13,pose_only,False,0,False,True,False,False,True,10.025483399593906,0.5830951894845301,0.45,True,9.96335136523794
v3_sc0_staging_12,L1,4,13,separate,False,0,False,True,False,False,True,10.95685424949238,1.2806248474865698,0.20615528128088303,True,9.96335136523794
v3_sc0_staging_12,L1,4,13,joint,False,0,False,True,False,False,True,10.856854249492383,1.2083045973594573,0.20615528128088303,True,9.96335136523794
v3_sc0_staging_12,L1,4,13,oracle,False,0,False,True,False,False,True,9.96335136523794,0.5024937810560445,0.30000000000000004,True,9.96335136523794
v3_sc0_staging_12,L1,4,14,uncalibrated,False,0,False,True,False,False,True,7.546194077712561,0.5024937810560445,0.25,True,7.5461940777125625
v3_sc0_staging_12,L1,4,14,label_cell,False,0,False,False,False,False,False,nan,nan,nan,False,7.5461940777125625
v3_sc0_staging_12,L1,4,14,geometry,False,0,False,False,False,False,False,nan,nan,nan,False,7.5461940777125625
v3_sc0_staging_12,L1,4,14,label_only,False,0,False,True,False,False,True,8.253300858899108,1.2083045973594573,0.20615528128088303,True,7.5461940777125625
v3_sc0_staging_12,L1,4,14,pose_only,False,0,False,True,False,False,True,7.546194077712561,0.5830951894845301,0.25,True,7.5461940777125625
v3_sc0_staging_12,L1,4,14,separate,False,0,False,True,False,False,True,8.353300858899107,1.2806248474865698,0.20615528128088303,True,7.5461940777125625
v3_sc0_staging_12,L1,4,14,joint,False,0,False,True,False,False,True,8.253300858899108,1.2083045973594573,0.20615528128088303,True,7.5461940777125625
v3_sc0_staging_12,L1,4,14,oracle,False,0,False,True,False,False,True,7.5461940777125625,0.5024937810560445,0.25,True,7.5461940777125625
v3_sc0_staging_12,L1,4,15,uncalibrated,False,0,False,True,False,False,True,7.123401871576775,0.5024937810560445,0.45,True,7.123401871576775
v3_sc0_staging_12,L1,4,15,label_cell,False,0,False,True,False,False,True,7.123401871576778,0.5024937810560445,0.49244289008980524,True,7.123401871576775
v3_sc0_staging_12,L1,4,15,geometry,False,0,False,True,False,False,True,7.181980515339467,0.5830951894845301,0.5590169943749475,True,7.123401871576775
v3_sc0_staging_12,L1,4,15,label_only,False,0,False,True,False,False,True,7.7506096654409875,1.2083045973594573,0.894427190999916,True,7.123401871576775
v3_sc0_staging_12,L1,4,15,pose_only,False,0,False,True,False,False,True,7.181980515339467,0.5830951894845301,0.5590169943749475,True,7.123401871576775
v3_sc0_staging_12,L1,4,15,separate,False,0,False,True,False,False,True,7.850609665440988,1.2806248474865698,0.894427190999916,True,7.123401871576775
v3_sc0_staging_12,L1,4,15,joint,False,0,False,True,False,False,True,7.7506096654409875,1.2083045973594573,0.894427190999916,True,7.123401871576775
v3_sc0_staging_12,L1,4,15,oracle,False,0,False,True,False,False,True,7.123401871576775,0.5024937810560445,0.45,True,7.123401871576775
v3_sc0_staging_12,L1,4,16,uncalibrated,False,0,False,True,False,False,True,6.233452377915606,0.5024937810560445,0.4,True,6.233452377915606
v3_sc0_staging_12,L1,4,16,label_cell,False,0,False,True,False,False,True,6.233452377915605,0.5024937810560445,0.5024937810560445,True,6.233452377915606
v3_sc0_staging_12,L1,4,16,geometry,False,0,False,True,False,False,True,6.292031021678298,0.5830951894845301,0.5830951894845301,True,6.233452377915606
v3_sc0_staging_12,L1,4,16,label_only,False,0,False,True,False,False,True,7.005634918610406,1.2083045973594573,1.0012492197250393,True,6.233452377915606
v3_sc0_staging_12,L1,4,16,pose_only,False,0,False,True,False,False,True,6.292031021678298,0.5830951894845301,0.4716990566028302,True,6.233452377915606
v3_sc0_staging_12,L1,4,16,separate,False,0,False,True,False,False,True,7.12634559672906,1.2806248474865698,1.0012492197250393,True,6.233452377915606
v3_sc0_staging_12,L1,4,16,joint,False,0,False,True,False,False,True,7.005634918610406,1.2083045973594573,1.0012492197250393,True,6.233452377915606
v3_sc0_staging_12,L1,4,16,oracle,False,0,False,True,False,False,True,6.233452377915606,0.5024937810560445,0.30000000000000004,True,6.233452377915606
v3_sc0_staging_12,L1,4,17,uncalibrated,False,0,False,True,False,False,True,8.131980515339464,0.5024937810560445,0.45,True,8.131980515339464
v3_sc0_staging_12,L1,4,17,label_cell,False,0,False,False,False,False,False,nan,nan,nan,False,8.131980515339464
v3_sc0_staging_12,L1,4,17,geometry,False,0,False,False,False,False,False,nan,nan,nan,False,8.131980515339464
v3_sc0_staging_12,L1,4,17,label_only,False,0,False,True,False,False,True,9.297665940288702,1.2083045973594573,0.5,True,8.131980515339464
v3_sc0_staging_12,L1,4,17,pose_only,False,0,False,True,False,False,True,8.231980515339464,0.5830951894845301,0.47434164902525694,True,8.131980515339464
v3_sc0_staging_12,L1,4,17,separate,False,0,False,True,False,False,True,9.397665940288702,1.2806248474865698,0.5,True,8.131980515339464
v3_sc0_staging_12,L1,4,17,joint,False,0,False,True,False,False,True,9.297665940288702,1.2083045973594573,0.5,True,8.131980515339464
v3_sc0_staging_12,L1,4,17,oracle,False,0,False,True,False,False,True,8.131980515339464,0.5024937810560445,0.45,True,8.131980515339464
v3_sc0_staging_12,L1,4,18,uncalibrated,False,0,False,True,False,False,True,5.11335136523794,0.5656854249492381,0.28284271247461906,True,5.11335136523794
v3_sc0_staging_12,L1,4,18,label_cell,False,0,False,True,False,False,True,5.11335136523794,0.5656854249492381,0.5099019513592785,True,5.11335136523794
v3_sc0_staging_12,L1,4,18,geometry,False,0,False,True,False,False,True,5.201219330881976,0.5830951894845301,0.5830951894845301,True,5.11335136523794
v3_sc0_staging_12,L1,4,18,label_only,False,0,False,False,False,False,False,nan,nan,nan,False,5.11335136523794
v3_sc0_staging_12,L1,4,18,pose_only,False,0,False,True,False,False,True,5.11335136523794,0.8139410298049854,0.28284271247461906,True,5.11335136523794
v3_sc0_staging_12,L1,4,18,separate,False,0,False,False,False,False,False,nan,nan,nan,False,5.11335136523794
v3_sc0_staging_12,L1,4,18,joint,False,0,False,False,False,False,False,nan,nan,nan,False,5.11335136523794
v3_sc0_staging_12,L1,4,18,oracle,False,0,False,True,False,False,True,5.11335136523794,0.5656854249492381,0.28284271247461906,True,5.11335136523794
v3_sc0_staging_12,L1,4,19,uncalibrated,False,0,False,True,False,False,True,7.061879502661802,0.6726812023536856,0.20615528128088303,True,7.061879502661802
v3_sc0_staging_12,L1,4,19,label_cell,False,0,False,True,False,False,True,7.061879502661802,0.5656854249492381,0.5024937810560445,True,7.061879502661802
v3_sc0_staging_12,L1,4,19,geometry,False,0,False,True,False,False,True,7.149747468305836,0.5830951894845301,0.5830951894845301,True,7.061879502661802
v3_sc0_staging_12,L1,4,19,label_only,False,0,False,True,False,False,True,7.354772721475252,1.2083045973594573,0.20615528128088303,True,7.061879502661802
v3_sc0_staging_12,L1,4,19,pose_only,False,0,False,True,False,False,True,7.061879502661802,0.6726812023536856,0.20615528128088303,True,7.061879502661802
v3_sc0_staging_12,L1,4,19,separate,False,0,False,False,False,False,False,nan,nan,nan,False,7.061879502661802
v3_sc0_staging_12,L1,4,19,joint,False,0,False,True,False,False,True,7.354772721475252,1.2083045973594573,0.20615528128088303,True,7.061879502661802
v3_sc0_staging_12,L1,4,19,oracle,False,0,False,True,False,False,True,7.061879502661802,0.6726812023536856,0.20615528128088303,True,7.061879502661802
v3_sc0_staging_12,L2,0,0,uncalibrated,False,0,True,True,False,False,True,7.199747468305836,0.7000000000000001,0.18027756377319948,True,7.199747468305836
v3_sc0_staging_12,L2,0,0,label_cell,False,0,False,True,False,False,True,7.220458146424488,0.5315072906367325,0.47434164902525694,True,7.199747468305836
v3_sc0_staging_12,L2,0,0,geometry,False,0,False,True,False,False,True,7.379036790187181,0.5830951894845301,0.5590169943749475,True,7.199747468305836
v3_sc0_staging_12,L2,0,0,label_only,False,0,False,True,False,False,True,7.521930009000634,1.2083045973594573,0.18027756377319948,True,7.199747468305836
v3_sc0_staging_12,L2,0,0,pose_only,False,0,False,True,False,False,True,7.199747468305836,0.7000000000000001,0.18027756377319948,True,7.199747468305836
v3_sc0_staging_12,L2,0,0,separate,False,0,False,True,False,False,True,7.5805086527633225,1.2806248474865698,0.18027756377319948,True,7.199747468305836
v3_sc0_staging_12,L2,0,0,joint,False,0,False,True,False,False,True,7.463351365237944,1.1597413504743201,0.18027756377319948,True,7.199747468305836
v3_sc0_staging_12,L2,0,0,oracle,False,0,False,True,False,False,True,7.199747468305836,0.7000000000000001,0.20615528128088303,True,7.199747468305836
v3_sc0_staging_12,L2,0,1,uncalibrated,False,0,True,True,False,False,True,6.407716446627536,0.5024937810560445,0.5024937810560445,True,6.407716446627536
v3_sc0_staging_12,L2,0,1,label_cell,False,0,False,True,False,False,True,6.407716446627536,0.5024937810560445,0.5024937810560445,True,6.407716446627536
v3_sc0_staging_12,L2,0,1,geometry,False,0,False,True,False,False,True,6.466295090390227,0.5830951894845301,0.5830951894845301,True,6.407716446627536
v3_sc0_staging_12,L2,0,1,label_only,False,0,False,True,False,False,True,7.242031021678298,1.2083045973594573,0.7071067811865476,True,6.407716446627536
v3_sc0_staging_12,L2,0,1,pose_only,False,0,False,True,False,False,True,6.466295090390227,0.5830951894845301,0.5830951894845301,True,6.407716446627536
v3_sc0_staging_12,L2,0,1,separate,False,0,False,True,False,False,True,7.342031021678297,1.2806248474865698,0.7071067811865476,True,6.407716446627536
v3_sc0_staging_12,L2,0,1,joint,False,0,False,True,False,False,True,7.1420310216782985,1.1597413504743201,0.7071067811865476,True,6.407716446627536
v3_sc0_staging_12,L2,0,1,oracle,False,0,False,True,False,False,True,6.407716446627536,0.5024937810560445,0.4,True,6.407716446627536
v3_sc0_staging_12,L2,0,2,uncalibrated,False,0,True,True,False,False,True,5.654163056034263,0.5024937810560445,0.5099019513592785,True,5.654163056034262
v3_sc0_staging_12,L2,0,2,label_cell,False,0,False,True,False,False,True,5.654163056034263,0.5024937810560445,0.5099019513592785,True,5.654163056034262
v3_sc0_staging_12,L2,0,2,geometry,False,0,False,True,False,False,True,5.712741699796953,0.5830951894845301,0.6000000000000001,True,5.654163056034262
v3_sc0_staging_12,L2,0,2,label_only,False,0,False,True,False,False,True,6.529898987322335,1.2083045973594573,0.8500000000000001,True,5.654163056034262
v3_sc0_staging_12,L2,0,2,pose_only,False,0,False,True,False,False,True,5.712741699796953,0.5830951894845301,0.55,True,5.654163056034262
v3_sc0_staging_12,L2,0,2,separate,False,0,False,True,False,False,True,6.629898987322335,1.2806248474865698,0.8500000000000001,True,5.654163056034262
v3_sc0_staging_12,L2,0,2,joint,False,0,False,True,False,False,True,6.429898987322336,1.1597413504743201,0.8500000000000001,True,5.654163056034262
v3_sc0_staging_12,L2,0,2,oracle,False,0,False,True,False,False,True,5.654163056034262,0.5024937810560445,0.4,True,5.654163056034262
v3_sc0_staging_12,L2,0,3,uncalibrated,False,0,True,True,False,False,True,5.894112549695429,0.65,0.18027756377319948,True,5.894112549695429
v3_sc0_staging_12,L2,0,3,label_cell,False,0,False,True,False,False,True,5.914823227814084,0.5315072906367325,0.47434164902525694,True,5.894112549695429
v3_sc0_staging_12,L2,0,3,geometry,False,0,False,True,False,False,True,6.09411254969543,0.5830951894845301,0.5590169943749475,True,5.894112549695429
v3_sc0_staging_12,L2,0,3,label_only,False,0,False,True,False,False,True,6.671930009000633,1.2083045973594573,0.18027756377319948,True,5.894112549695429
v3_sc0_staging_12,L2,0,3,pose_only,False,0,False,True,False,False,True,5.894112549695429,0.65,0.18027756377319948,True,5.894112549695429
v3_sc0_staging_12,L2,0,3,separate,False,0,False,True,False,False,True,6.8012193308819775,1.2806248474865698,0.18027756377319948,True,5.894112549695429
v3_sc0_staging_12,L2,0,3,joint,False,0,False,True,False,False,True,6.571930009000633,1.1597413504743201,0.18027756377319948,True,5.894112549695429
v3_sc0_staging_12,L2,0,3,oracle,False,0,False,True,False,False,True,5.894112549695429,0.55,0.20615528128088303,True,5.894112549695429
v3_sc0_staging_12,L2,0,4,uncalibrated,False,0,True,True,False,False,True,6.466904755831215,0.5024937810560445,0.45276925690687087,True,6.466904755831215
v3_sc0_staging_12,L2,0,4,label_cell,False,0,False,True,False,False,True,6.466904755831215,0.5024937810560445,0.5024937810560445,True,6.466904755831215
v3_sc0_staging_12,L2,0,4,geometry,False,0,False,True,False,False,True,6.525483399593906,0.5830951894845301,0.5830951894845301,True,6.466904755831215
v3_sc0_staging_12,L2,0,4,label_only,False,0,False,True,False,False,True,7.05269119345812,1.2083045973594573,0.5099019513592785,True,6.466904755831215
v3_sc0_staging_12,L2,0,4,pose_only,False,0,False,True,False,False,True,6.525483399593904,0.5830951894845301,0.5385164807134504,True,6.466904755831215
v3_sc0_staging_12,L2,0,4,separate,False,0,False,True,False,False,True,7.111269837220812,1.2806248474865698,0.5099019513592785,True,6.466904755831215
v3_sc0_staging_12,L2,0,4,joint,False,0,False,True,False,False,True,6.994112549695429,1.1597413504743201,0.5099019513592785,True,6.466904755831215
v3_sc0_staging_12,L2,0,4,oracle,False,0,False,True,False,False,True,6.466904755831215,0.5024937810560445,0.45276925690687087,True,6.466904755831215
v3_sc0_staging_12,L2,0,5,uncalibrated,False,0,True,True,False,False,True,7.860407640085658,0.5024937810560445,0.25,True,7.831118318204313
v3_sc0_staging_12,L2,0,5,label_cell,False,0,False,True,False,False,True,8.218986283848345,0.5024937810560445,0.5,True,7.831118318204313
v3_sc0_staging_12,L2,0,5,geometry,False,0,False,False,False,False,False,nan,nan,nan,False,7.831118318204313
v3_sc0_staging_12,L2,0,5,label_only,False,0,False,True,False,False,True,8.182590180780451,1.2083045973594573,0.20615528128088303,True,7.831118318204313
v3_sc0_staging_12,L2,0,5,pose_only,False,0,False,True,False,False,True,7.860407640085658,0.5830951894845301,0.25,True,7.831118318204313
v3_sc0_staging_12,L2,0,5,separate,False,0,False,True,False,False,True,8.241168824543143,1.2806248474865698,0.20615528128088303,True,7.831118318204313
v3_sc0_staging_12,L2,0,5,joint,False,0,False,True,False,False,True,8.124011537017763,1.1597413504743201,0.20615528128088303,True,7.831118318204313
v3_sc0_staging_12,L2,0,5,oracle,False,0,False,True,False,False,True,7.831118318204313,0.5099019513592785,0.21213203435596426,True,7.831118318204313
v3_sc0_staging_12,L2,0,6,uncalibrated,False,0,True,True,False,False,True,5.16126983722081,0.5024937810560445,0.4,True,5.161269837220809
v3_sc0_staging_12,L2,0,6,label_cell,False,0,False,False,False,False,False,nan,nan,nan,False,5.161269837220809
v3_sc0_staging_12,L2,0,6,geometry,False,0,False,False,False,False,False,nan,nan,nan,False,5.161269837220809
v3_sc0_staging_12,L2,0,6,label_only,False,0,False,True,False,False,True,6.519848480983502,1.2083045973594573,0.55,True,5.161269837220809
v3_sc0_staging_12,L2,0,6,pose_only,False,0,False,True,False,False,True,5.2198484809835,0.5830951894845301,0.4716990566028302,True,5.161269837220809
v3_sc0_staging_12,L2,0,6,separate,False,0,False,False,False,False,False,nan,nan,nan,False,5.161269837220809
v3_sc0_staging_12,L2,0,6,joint,False,0,False,True,False,False,True,6.3198484809835,1.1597413504743201,0.55,True,5.161269837220809
v3_sc0_staging_12,L2,0,6,oracle,False,0,False,True,False,False,True,5.161269837220809,0.5024937810560445,0.35000000000000003,True,5.161269837220809
v3_sc0_staging_12,L2,0,7,uncalibrated,False,0,True,True,False,False,True,7.53700576850888,0.5024937810560445,0.4,True,7.53700576850888
v3_sc0_staging_12,L2,0,7,label_cell,False,0,False,False,False,False,False,nan,nan,nan,False,7.53700576850888
v3_sc0_staging_12,L2,0,7,geometry,False,0,False,False,False,False,False,nan,nan,nan,False,7.53700576850888
v3_sc0_staging_12,L2,0,7,label_only,False,0,False,True,False,False,True,8.53700576850888,1.2083045973594573,0.4,True,7.53700576850888
v3_sc0_staging_12,L2,0,7,pose_only,False,0,False,True,False,False,True,7.595584412271572,0.5830951894845301,0.4,True,7.53700576850888
v3_sc0_staging_12,L2,0,7,separate,False,0,False,True,False,False,True,8.63700576850888,1.2806248474865698,0.4,True,7.53700576850888
v3_sc0_staging_12,L2,0,7,joint,False,0,False,True,False,False,True,8.43700576850888,1.1597413504743201,0.4,True,7.53700576850888
v3_sc0_staging_12,L2,0,7,oracle,False,0,False,True,False,False,True,7.53700576850888,0.5024937810560445,0.4,True,7.53700576850888
v3_sc0_staging_12,L2,0,8,uncalibrated,False,0,True,True,False,False,True,8.946803743153547,0.5024937810560445,0.35000000000000003,True,8.946803743153547
v3_sc0_staging_12,L2,0,8,label_cell,False,0,False,False,False,False,False,nan,nan,nan,False,8.946803743153547
v3_sc0_staging_12,L2,0,8,geometry,False,0,False,False,False,False,False,nan,nan,nan,False,8.946803743153547
v3_sc0_staging_12,L2,0,8,label_only,False,0,False,True,False,False,True,9.268986283848344,1.2083045973594573,0.20615528128088303,True,8.946803743153547
v3_sc0_staging_12,L2,0,8,pose_only,False,0,False,True,False,False,True,8.946803743153549,0.5830951894845301,0.35000000000000003,True,8.946803743153547
v3_sc0_staging_12,L2,0,8,separate,False,0,False,True,False,False,True,9.327564927611036,1.2806248474865698,0.20615528128088303,True,8.946803743153547
v3_sc0_staging_12,L2,0,8,joint,False,0,False,True,False,False,True,9.210407640085654,1.1597413504743201,0.20615528128088303,True,8.946803743153547
v3_sc0_staging_12,L2,0,8,oracle,False,0,False,True,False,False,True,8.946803743153547,0.5024937810560445,0.35000000000000003,True,8.946803743153547
v3_sc0_staging_12,L2,0,9,uncalibrated,False,0,True,True,False,False,True,6.206244584051393,0.5656854249492381,0.41231056256176607,True,6.206244584051393
v3_sc0_staging_12,L2,0,9,label_cell,False,0,False,True,False,False,True,6.206244584051394,0.5315072906367325,0.5,True,6.206244584051393
v3_sc0_staging_12,L2,0,9,geometry,False,0,False,True,False,False,True,6.29411254969543,0.5830951894845301,0.570087712549569,True,6.206244584051393
v3_sc0_staging_12,L2,0,9,label_only,False,0,False,True,False,False,True,7.176955262170049,1.2083045973594573,0.4949747468305833,True,6.206244584051393
v3_sc0_staging_12,L2,0,9,pose_only,False,0,False,True,False,False,True,6.23553390593274,0.5830951894845301,0.4949747468305833,True,6.206244584051393
v3_sc0_staging_12,L2,0,9,separate,False,0,False,True,False,False,True,7.276955262170052,1.2806248474865698,0.4949747468305833,True,6.206244584051393
v3_sc0_staging_12,L2,0,9,joint,False,0,False,True,False,False,True,7.076955262170049,1.1597413504743201,0.4949747468305833,True,6.206244584051393
v3_sc0_staging_12,L2,0,9,oracle,False,0,False,True,False,False,True,6.206244584051393,0.5656854249492381,0.41231056256176607,True,6.206244584051393
v3_sc0_staging_12,L2,0,10,uncalibrated,False,0,True,True,False,False,True,3.9313708498984767,0.7280109889280518,0.6020797289396148,True,3.9313708498984767
v3_sc0_staging_12,L2,0,10,label_cell,False,0,False,True,False,False,True,3.9313708498984767,0.7280109889280518,0.6020797289396148,True,3.9313708498984767
v3_sc0_staging_12,L2,0,10,geometry,False,0,False,True,False,False,True,3.9313708498984767,0.6184658438426491,0.6670832032063168,True,3.9313708498984767
v3_sc0_staging_12,L2,0,10,label_only,False,0,False,True,False,False,True,4.138477631085024,1.35,0.7648529270389178,True,3.9313708498984767
v3_sc0_staging_12,L2,0,10,pose_only,False,0,False,True,False,False,True,3.9313708498984767,0.7280109889280518,0.6020797289396148,True,3.9313708498984767
v3_sc0_staging_12,L2,0,10,separate,False,0,False,False,False,False,False,nan,nan,nan,False,3.9313708498984767
v3_sc0_staging_12,L2,0,10,joint,False,0,False,True,False,False,True,4.097056274847715,1.2747548783981963,0.7648529270389178,True,3.9313708498984767
v3_sc0_staging_12,L2,0,10,oracle,False,0,False,True,False,False,True,3.9313708498984767,0.7280109889280518,0.6020797289396148,True,3.9313708498984767
v3_sc0_staging_12,L2,0,11,uncalibrated,False,0,True,True,False,False,True,4.659188309203678,0.65,0.45,True,4.638477631085023
v3_sc0_staging_12,L2,0,11,label_cell,False,0,False,True,False,False,True,4.7213203435596425,0.65,0.55,True,4.638477631085023
v3_sc0_staging_12,L2,0,11,geometry,False,0,False,False,False,False,False,nan,nan,nan,False,4.638477631085023
v3_sc0_staging_12,L2,0,11,label_only,False,0,False,True,False,False,True,5.399137802864845,1.2083045973594573,0.55,True,4.638477631085023
v3_sc0_staging_12,L2,0,11,pose_only,False,0,False,True,False,False,True,4.679898987322334,0.65,0.47434164902525694,True,4.638477631085023
v3_sc0_staging_12,L2,0,11,separate,False,0,False,True,False,False,True,5.499137802864844,1.2806248474865698,0.55,True,4.638477631085023
v3_sc0_staging_12,L2,0,11,joint,False,0,False,True,False,False,True,5.299137802864845,1.1597413504743201,0.55,True,4.638477631085023
v3_sc0_staging_12,L2,0,11,oracle,False,0,False,True,False,False,True,4.638477631085023,0.5024937810560445,0.35000000000000003,True,4.638477631085023
v3_sc0_staging_12,L2,0,12,uncalibrated,False,0,True,True,False,False,True,8.865432893255074,0.5099019513592785,0.35000000000000003,True,8.906854249492381
v3_sc0_staging_12,L2,0,12,label_cell,False,0,False,True,False,False,True,8.865432893255074,0.5099019513592785,0.41231056256176607,True,8.906854249492381
v3_sc0_staging_12,L2,0,12,geometry,False,0,False,False,False,False,False,nan,nan,nan,False,8.906854249492381
v3_sc0_staging_12,L2,0,12,label_only,False,0,False,True,False,False,True,9.187615433949869,1.2083045973594573,0.20615528128088303,True,8.906854249492381
v3_sc0_staging_12,L2,0,12,pose_only,False,0,False,True,False,False,True,8.865432893255074,0.5830951894845301,0.35000000000000003,True,8.906854249492381
v3_sc0_staging_12,L2,0,12,separate,False,0,False,True,False,False,True,9.246194077712557,1.2806248474865698,0.20615528128088303,True,8.906854249492381
v3_sc0_staging_12,L2,0,12,joint,False,0,False,True,False,False,True,9.129036790187177,1.1597413504743201,0.20615528128088303,True,8.906854249492381
v3_sc0_staging_12,L2,0,12,oracle,False,0,False,True,False,False,True,8.906854249492381,0.5099019513592785,0.35000000000000003,True,8.906854249492381
v3_sc0_staging_12,L2,0,13,uncalibrated,False,0,True,True,False,False,True,10.025483399593906,0.5024937810560445,0.4,True,10.004772721475252
v3_sc0_staging_12,L2,0,13,label_cell,False,0,False,False,False,False,False,nan,nan,nan,False,10.004772721475252
v3_sc0_staging_12,L2,0,13,geometry,False,0,False,False,False,False,False,nan,nan,nan,False,10.004772721475252
v3_sc0_staging_12,L2,0,13,label_only,False,0,False,True,False,False,True,10.865432893255074,1.2083045973594573,0.20615528128088303,True,10.004772721475252
v3_sc0_staging_12,L2,0,13,pose_only,False,0,False,True,False,False,True,10.04619407771256,0.5830951894845301,0.45,True,10.004772721475252
v3_sc0_staging_12,L2,0,13,separate,False,0,False,True,False,False,True,10.96543289325507,1.2806248474865698,0.20615528128088303,True,10.004772721475252
v3_sc0_staging_12,L2,0,13,joint,False,0,False,True,False,False,True,10.76543289325507,1.1597413504743201,0.20615528128088303,True,10.004772721475252
v3_sc0_staging_12,L2,0,13,oracle,False,0,False,True,False,False,True,10.004772721475252,0.5024937810560445,0.35000000000000003,True,10.004772721475252
v3_sc0_staging_12,L2,0,14,uncalibrated,False,0,True,True,False,False,True,7.566904755831216,0.5024937810560445,0.25,True,7.566904755831216
v3_sc0_staging_12,L2,0,14,label_cell,False,0,False,False,False,False,False,nan,nan,nan,False,7.566904755831216
v3_sc0_staging_12,L2,0,14,geometry,False,0,False,False,False,False,False,nan,nan,nan,False,7.566904755831216
v3_sc0_staging_12,L2,0,14,label_only,False,0,False,True,False,False,True,8.261879502661797,1.2083045973594573,0.20615528128088303,True,7.566904755831216
v3_sc0_staging_12,L2,0,14,pose_only,False,0,False,True,False,False,True,7.566904755831215,0.5830951894845301,0.25,True,7.566904755831216
v3_sc0_staging_12,L2,0,14,separate,False,0,False,True,False,False,True,8.361879502661798,1.2806248474865698,0.20615528128088303,True,7.566904755831216
v3_sc0_staging_12,L2,0,14,joint,False,0,False,True,False,False,True,8.161879502661796,1.1597413504743201,0.20615528128088303,True,7.566904755831216
v3_sc0_staging_12,L2,0,14,oracle,False,0,False,True,False,False,True,7.566904755831216,0.5024937810560445,0.25,True,7.566904755831216
v3_sc0_staging_12,L2,0,15,uncalibrated,False,0,True,True,False,False,True,7.14411254969543,0.5024937810560445,0.5024937810560445,True,7.14411254969543
v3_sc0_staging_12,L2,0,15,label_cell,False,0,False,True,False,False,True,7.14411254969543,0.5024937810560445,0.5024937810560445,True,7.14411254969543
v3_sc0_staging_12,L2,0,15,geometry,False,0,False,True,False,False,True,7.202691193458122,0.5830951894845301,0.5830951894845301,True,7.14411254969543
v3_sc0_staging_12,L2,0,15,label_only,False,0,False,True,False,False,True,7.729898987322333,1.2083045973594573,0.9178779875342911,True,7.14411254969543
v3_sc0_staging_12,L2,0,15,pose_only,False,0,False,True,False,False,True,7.202691193458122,0.5830951894845301,0.55,True,7.14411254969543
v3_sc0_staging_12,L2,0,15,separate,False,0,False,True,False,False,True,7.7884776310850246,1.2806248474865698,0.9178779875342911,True,7.14411254969543
v3_sc0_staging_12,L2,0,15,joint,False,0,False,True,False,False,True,7.671320343559643,1.1597413504743201,0.9178779875342911,True,7.14411254969543
v3_sc0_staging_12,L2,0,15,oracle,False,0,False,True,False,False,True,7.14411254969543,0.5024937810560445,0.5024937810560445,True,7.14411254969543
v3_sc0_staging_12,L2,0,16,uncalibrated,False,0,True,True,False,False,True,6.233452377915606,0.5024937810560445,0.4,True,6.233452377915606
v3_sc0_staging_12,L2,0,16,label_cell,False,0,False,True,False,False,True,6.233452377915605,0.5024937810560445,0.552268050859363,True,6.233452377915606
v3_sc0_staging_12,L2,0,16,geometry,False,0,False,True,False,False,True,6.292031021678298,0.5830951894845301,0.608276253029822,True,6.233452377915606
v3_sc0_staging_12,L2,0,16,label_only,False,0,False,True,False,False,True,6.98492424049175,1.2083045973594573,1.0,True,6.233452377915606
v3_sc0_staging_12,L2,0,16,pose_only,False,0,False,True,False,False,True,6.292031021678298,0.5830951894845301,0.4716990566028302,True,6.233452377915606
v3_sc0_staging_12,L2,0,16,separate,False,0,False,True,False,False,True,7.105634918610406,1.2806248474865698,1.0,True,6.233452377915606
v3_sc0_staging_12,L2,0,16,joint,False,0,False,True,False,False,True,6.864213562373095,1.1597413504743201,1.0,True,6.233452377915606
v3_sc0_staging_12,L2,0,16,oracle,False,0,False,True,False,False,True,6.233452377915606,0.5024937810560445,0.35000000000000003,True,6.233452377915606
v3_sc0_staging_12,L2,0,17,uncalibrated,False,0,True,True,False,False,True,8.20269119345812,0.5024937810560445,0.45,True,8.20269119345812
v3_sc0_staging_12,L2,0,17,label_cell,False,0,False,False,False,False,False,nan,nan,nan,False,8.20269119345812
v3_sc0_staging_12,L2,0,17,geometry,False,0,False,False,False,False,False,nan,nan,nan,False,8.20269119345812
v3_sc0_staging_12,L2,0,17,label_only,False,0,False,True,False,False,True,9.285533905932738,1.2083045973594573,0.45,True,8.20269119345812
v3_sc0_staging_12,L2,0,17,pose_only,False,0,False,True,False,False,True,8.261269837220809,0.5830951894845301,0.45,True,8.20269119345812
v3_sc0_staging_12,L2,0,17,separate,False,0,False,True,False,False,True,9.385533905932737,1.2806248474865698,0.45,True,8.20269119345812
v3_sc0_staging_12,L2,0,17,joint,False,0,False,True,False,False,True,9.185533905932738,1.1597413504743201,0.45,True,8.20269119345812
v3_sc0_staging_12,L2,0,17,oracle,False,0,False,True,False,False,True,8.20269119345812,0.5024937810560445,0.45,True,8.20269119345812
v3_sc0_staging_12,L2,0,18,uncalibrated,False,0,True,True,False,False,True,5.084062043356596,0.6020797289396148,0.28284271247461906,True,5.084062043356596
v3_sc0_staging_12,L2,0,18,label_cell,False,0,False,True,False,False,True,5.084062043356596,0.5315072906367325,0.47434164902525694,True,5.084062043356596
v3_sc0_staging_12,L2,0,18,geometry,False,0,False,True,False,False,True,5.201219330881976,0.6020797289396148,0.5590169943749475,True,5.084062043356596
v3_sc0_staging_12,L2,0,18,label_only,False,0,False,True,False,False,True,5.43553390593274,1.2083045973594573,0.21213203435596426,True,5.084062043356596
v3_sc0_staging_12,L2,0,18,pose_only,False,0,False,True,False,False,True,5.084062043356596,0.6020797289396148,0.28284271247461906,True,5.084062043356596
v3_sc0_staging_12,L2,0,18,separate,False,0,False,False,False,False,False,nan,nan,nan,False,5.084062043356596
v3_sc0_staging_12,L2,0,18,joint,False,0,False,True,False,False,True,5.376955262170047,1.1597413504743201,0.21213203435596426,True,5.084062043356596
v3_sc0_staging_12,L2,0,18,oracle,False,0,False,True,False,False,True,5.084062043356596,0.6020797289396148,0.28284271247461906,True,5.084062043356596
v3_sc0_staging_12,L2,0,19,uncalibrated,False,0,True,True,False,False,True,7.053300858899111,0.7071067811865476,0.18027756377319948,True,7.053300858899111
v3_sc0_staging_12,L2,0,19,label_cell,False,0,False,True,False,False,True,7.053300858899113,0.5315072906367325,0.47434164902525694,True,7.053300858899111
v3_sc0_staging_12,L2,0,19,geometry,False,0,False,True,False,False,True,7.17045814642449,0.5830951894845301,0.5590169943749475,True,7.053300858899111
v3_sc0_staging_12,L2,0,19,label_only,False,0,False,True,False,False,True,7.3754833995939055,1.2083045973594573,0.18027756377319948,True,7.053300858899111
v3_sc0_staging_12,L2,0,19,pose_only,False,0,False,True,False,False,True,7.053300858899111,0.7071067811865476,0.18027756377319948,True,7.053300858899111
v3_sc0_staging_12,L2,0,19,separate,False,0,False,True,False,False,True,7.434062043356597,1.2806248474865698,0.18027756377319948,True,7.053300858899111
v3_sc0_staging_12,L2,0,19,joint,False,0,False,True,False,False,True,7.316904755831219,1.1597413504743201,0.18027756377319948,True,7.053300858899111
v3_sc0_staging_12,L2,0,19,oracle,False,0,False,True,False,False,True,7.053300858899111,0.7071067811865476,0.20615528128088303,True,7.053300858899111
v3_sc0_staging_12,L2,1,0,uncalibrated,False,0,True,True,False,False,True,7.2669047558312165,0.65,0.25,True,7.266904755831217
v3_sc0_staging_12,L2,1,0,label_cell,False,0,True,True,False,False,True,7.349747468305836,0.5656854249492381,0.5220153254455275,True,7.266904755831217
v3_sc0_staging_12,L2,1,0,geometry,False,0,False,True,False,False,True,7.458326112068526,0.5830951894845301,0.5830951894845301,True,7.266904755831217
v3_sc0_staging_12,L2,1,0,label_only,False,0,False,True,False,False,True,7.559797974644667,1.2083045973594573,0.25,True,7.266904755831217
v3_sc0_staging_12,L2,1,0,pose_only,False,0,False,True,False,False,True,7.2669047558312165,0.65,0.25,True,7.266904755831217
v3_sc0_staging_12,L2,1,0,separate,False,0,False,True,False,False,True,7.618376618407357,1.2806248474865698,0.25,True,7.266904755831217
v3_sc0_staging_12,L2,1,0,joint,False,0,False,True,False,False,True,7.501219330881978,1.1597413504743201,0.25,True,7.266904755831217
v3_sc0_staging_12,L2,1,0,oracle,False,0,False,True,False,False,True,7.266904755831217,0.65,0.20615528128088303,True,7.266904755831217
v3_sc0_staging_12,L2,1,1,uncalibrated,False,0,True,True,False,False,True,6.457716446627535,0.5024937810560445,0.35000000000000003,True,6.457716446627535
v3_sc0_staging_12,L2,1,1,label_cell,False,0,True,True,False,False,True,6.457716446627535,0.5024937810560445,0.45276925690687087,True,6.457716446627535
v3_sc0_staging_12,L2,1,1,geometry,False,0,False,True,False,False,True,6.516295090390227,0.5830951894845301,0.5385164807134504,True,6.457716446627535
v3_sc0_staging_12,L2,1,1,label_only,False,0,False,True,False,False,True,7.2506096654409875,1.2083045973594573,0.7000000000000001,True,6.457716446627535
v3_sc0_staging_12,L2,1,1,pose_only,False,0,False,True,False,False,True,6.516295090390227,0.5830951894845301,0.5385164807134504,True,6.457716446627535
v3_sc0_staging_12,L2,1,1,separate,False,0,False,True,False,False,True,7.350609665440988,1.2806248474865698,0.7000000000000001,True,6.457716446627535
v3_sc0_staging_12,L2,1,1,joint,False,0,False,True,False,False,True,7.150609665440988,1.1597413504743201,0.7000000000000001,True,6.457716446627535
v3_sc0_staging_12,L2,1,1,oracle,False,0,False,True,False,False,True,6.457716446627535,0.5024937810560445,0.35000000000000003,True,6.457716446627535
v3_sc0_staging_12,L2,1,2,uncalibrated,False,0,True,True,False,False,True,5.583452377915608,0.5024937810560445,0.35000000000000003,True,5.583452377915608
v3_sc0_staging_12,L2,1,2,label_cell,False,0,True,True,False,False,True,5.583452377915608,0.5024937810560445,0.5024937810560445,True,5.583452377915608
v3_sc0_staging_12,L2,1,2,geometry,False,0,False,True,False,False,True,5.6420310216782985,0.5830951894845301,0.5830951894845301,True,5.583452377915608
v3_sc0_staging_12,L2,1,2,label_only,False,0,False,True,False,False,True,6.417766952966371,1.2041594578792296,0.8500000000000001,True,5.583452377915608
v3_sc0_staging_12,L2,1,2,pose_only,False,0,False,True,False,False,True,5.6420310216782985,0.5830951894845301,0.5,True,5.583452377915608
v3_sc0_staging_12,L2,1,2,separate,False,0,False,True,False,False,True,6.517766952966369,1.264911064067352,0.8500000000000001,True,5.583452377915608
v3_sc0_staging_12,L2,1,2,joint,False,0,False,True,False,False,True,6.31776695296637,1.1597413504743201,0.8500000000000001,True,5.583452377915608
v3_sc0_staging_12,L2,1,2,oracle,False,0,False,True,False,False,True,5.583452377915608,0.5024937810560445,0.35000000000000003,True,5.583452377915608
v3_sc0_staging_12,L2,1,3,uncalibrated,False,0,True,True,False,False,True,5.881980515339465,0.6000000000000001,0.25,True,5.881980515339465
v3_sc0_staging_12,L2,1,3,label_cell,False,0,True,True,False,False,True,5.944112549695429,0.5656854249492381,0.5220153254455275,True,5.881980515339465
v3_sc0_staging_12,L2,1,3,geometry,False,0,False,True,False,False,True,6.114823227814084,0.5830951894845301,0.5830951894845301,True,5.881980515339465
v3_sc0_staging_12,L2,1,3,label_only,False,0,False,True,False,False,True,6.5890872965260145,1.2041594578792296,0.25,True,5.881980515339465
v3_sc0_staging_12,L2,1,3,pose_only,False,0,False,True,False,False,True,5.881980515339465,0.6000000000000001,0.25,True,5.881980515339465
v3_sc0_staging_12,L2,1,3,separate,False,0,False,True,False,False,True,6.689087296526015,1.2806248474865698,0.25,True,5.881980515339465
v3_sc0_staging_12,L2,1,3,joint,False,0,False,True,False,False,True,6.489087296526013,1.1543396380615196,0.25,True,5.881980515339465
v3_sc0_staging_12,L2,1,3,oracle,False,0,False,True,False,False,True,5.881980515339465,0.6000000000000001,0.20615528128088303,True,5.881980515339465
v3_sc0_staging_12,L2,1,4,uncalibrated,False,0,True,True,False,False,True,6.466904755831215,0.5024937810560445,0.4,True,6.466904755831215
v3_sc0_staging_12,L2,1,4,label_cell,False,0,True,True,False,False,True,6.466904755831215,0.5024937810560445,0.45276925690687087,True,6.466904755831215
v3_sc0_staging_12,L2,1,4,geometry,False,0,False,True,False,False,True,6.525483399593906,0.5830951894845301,0.5385164807134504,True,6.466904755831215
v3_sc0_staging_12,L2,1,4,label_only,False,0,False,True,False,False,True,7.05269119345812,1.2083045973594573,0.5590169943749475,True,6.466904755831215
v3_sc0_staging_12,L2,1,4,pose_only,False,0,False,True,False,False,True,6.525483399593906,0.5830951894845301,0.4,True,6.466904755831215
v3_sc0_staging_12,L2,1,4,separate,False,0,False,True,False,False,True,7.111269837220812,1.2806248474865698,0.5590169943749475,True,6.466904755831215
v3_sc0_staging_12,L2,1,4,joint,False,0,False,True,False,False,True,6.994112549695429,1.1597413504743201,0.5590169943749475,True,6.466904755831215
v3_sc0_staging_12,L2,1,4,oracle,False,0,False,True,False,False,True,6.466904755831215,0.5024937810560445,0.4,True,6.466904755831215
v3_sc0_staging_12,L2,1,5,uncalibrated,False,0,True,True,False,False,True,7.939696961967002,0.5024937810560445,0.20615528128088303,True,7.898275605729694
v3_sc0_staging_12,L2,1,5,label_cell,False,0,True,False,False,False,False,nan,nan,nan,False,7.898275605729694
v3_sc0_staging_12,L2,1,5,geometry,False,0,False,False,False,False,False,nan,nan,nan,False,7.898275605729694
v3_sc0_staging_12,L2,1,5,label_only,False,0,False,True,False,False,True,8.232590180780452,1.2083045973594573,0.25,True,7.898275605729694
v3_sc0_staging_12,L2,1,5,pose_only,False,0,False,True,False,False,True,7.9396969619670035,0.5830951894845301,0.20615528128088303,True,7.898275605729694
v3_sc0_staging_12,L2,1,5,separate,False,0,False,True,False,False,True,8.291168824543144,1.2806248474865698,0.25,True,7.898275605729694
v3_sc0_staging_12,L2,1,5,joint,False,0,False,True,False,False,True,8.174011537017762,1.1597413504743201,0.20615528128088303,True,7.898275605729694
v3_sc0_staging_12,L2,1,5,oracle,False,0,False,True,False,False,True,7.898275605729694,0.5024937810560445,0.20615528128088303,True,7.898275605729694
v3_sc0_staging_12,L2,1,6,uncalibrated,False,0,True,True,False,False,True,5.081980515339463,0.5024937810560445,0.35000000000000003,True,5.081980515339463
v3_sc0_staging_12,L2,1,6,label_cell,False,0,True,True,False,False,True,5.123401871576774,0.5024937810560445,0.5024937810560445,True,5.081980515339463
v3_sc0_staging_12,L2,1,6,geometry,False,0,False,False,False,False,False,nan,nan,nan,False,5.081980515339463
v3_sc0_staging_12,L2,1,6,label_only,False,0,False,True,False,False,True,6.028427124746191,1.2083045973594573,0.55,True,5.081980515339463
v3_sc0_staging_12,L2,1,6,pose_only,False,0,False,True,False,False,True,5.140559159102155,0.5830951894845301,0.4,True,5.081980515339463
v3_sc0_staging_12,L2,1,6,separate,False,0,False,True,False,False,True,6.157716446627536,1.2806248474865698,0.55,True,5.081980515339463
v3_sc0_staging_12,L2,1,6,joint,False,0,False,True,False,False,True,5.899137802864845,1.1597413504743201,0.55,True,5.081980515339463
v3_sc0_staging_12,L2,1,6,oracle,False,0,False,True,False,False,True,5.081980515339463,0.5024937810560445,0.35000000000000003,True,5.081980515339463
v3_sc0_staging_12,L2,1,7,uncalibrated,False,0,True,True,False,False,True,7.416295090390226,0.5024937810560445,0.4301162633521314,True,7.416295090390226
v3_sc0_staging_12,L2,1,7,label_cell,False,0,True,False,False,False,False,nan,nan,nan,False,7.416295090390226
v3_sc0_staging_12,L2,1,7,geometry,False,0,False,False,False,False,False,nan,nan,nan,False,7.416295090390226
v3_sc0_staging_12,L2,1,7,label_only,False,0,False,True,False,False,True,8.416295090390227,1.1884864324004714,0.4301162633521314,True,7.416295090390226
v3_sc0_staging_12,L2,1,7,pose_only,False,0,False,True,False,False,True,7.474873734152917,0.5830951894845301,0.4301162633521314,True,7.416295090390226
v3_sc0_staging_12,L2,1,7,separate,False,0,False,True,False,False,True,8.516295090390228,1.264911064067352,0.4301162633521314,True,7.416295090390226
v3_sc0_staging_12,L2,1,7,joint,False,0,False,True,False,False,True,8.316295090390225,1.1423659658795864,0.4301162633521314,True,7.416295090390226
v3_sc0_staging_12,L2,1,7,oracle,False,0,False,True,False,False,True,7.416295090390226,0.5024937810560445,0.4301162633521314,True,7.416295090390226
v3_sc0_staging_12,L2,1,8,uncalibrated,False,0,True,True,False,False,True,8.993250352560272,0.5024937810560445,0.25,True,8.993250352560272
v3_sc0_staging_12,L2,1,8,label_cell,False,0,True,False,False,False,False,nan,nan,nan,False,8.993250352560272
v3_sc0_staging_12,L2,1,8,geometry,False,0,False,False,False,False,False,nan,nan,nan,False,8.993250352560272
v3_sc0_staging_12,L2,1,8,label_only,False,0,False,True,False,False,True,9.286143571373726,1.2083045973594573,0.25,True,8.993250352560272
v3_sc0_staging_12,L2,1,8,pose_only,False,0,False,True,False,False,True,8.993250352560272,0.5830951894845301,0.25,True,8.993250352560272
v3_sc0_staging_12,L2,1,8,separate,False,0,False,True,False,False,True,9.344722215136418,1.2806248474865698,0.25,True,8.993250352560272
v3_sc0_staging_12,L2,1,8,joint,False,0,False,True,False,False,True,9.227564927611036,1.1597413504743201,0.25,True,8.993250352560272
v3_sc0_staging_12,L2,1,8,oracle,False,0,False,True,False,False,True,8.993250352560272,0.5024937810560445,0.25,True,8.993250352560272
v3_sc0_staging_12,L2,1,9,uncalibrated,False,0,True,True,False,False,True,6.135533905932738,0.5315072906367325,0.38078865529319544,True,6.135533905932738
v3_sc0_staging_12,L2,1,9,label_cell,False,0,True,True,False,False,True,6.135533905932738,0.5315072906367325,0.5315072906367325,True,6.135533905932738
v3_sc0_staging_12,L2,1,9,geometry,False,0,False,True,False,False,True,6.264823227814084,0.5830951894845301,0.5830951894845301,True,6.135533905932738
v3_sc0_staging_12,L2,1,9,label_only,False,0,False,True,False,False,True,7.0355339059327395,1.2041594578792296,0.4949747468305833,True,6.135533905932738
v3_sc0_staging_12,L2,1,9,pose_only,False,0,False,True,False,False,True,6.164823227814083,0.6020797289396148,0.49244289008980524,True,6.135533905932738
v3_sc0_staging_12,L2,1,9,separate,False,0,False,True,False,False,True,7.135533905932741,1.264911064067352,0.4949747468305833,True,6.135533905932738
v3_sc0_staging_12,L2,1,9,joint,False,0,False,True,False,False,True,6.9355339059327425,1.1597413504743201,0.4949747468305833,True,6.135533905932738
v3_sc0_staging_12,L2,1,9,oracle,False,0,False,True,False,False,True,6.135533905932738,0.5315072906367325,0.38078865529319544,True,6.135533905932738
v3_sc0_staging_12,L2,1,10,uncalibrated,False,0,True,True,False,False,True,3.939949493661167,0.7158910531638177,0.6020797289396148,True,3.939949493661167
v3_sc0_staging_12,L2,1,10,label_cell,False,0,True,True,False,False,True,3.939949493661167,0.7158910531638177,0.6020797289396148,True,3.939949493661167
v3_sc0_staging_12,L2,1,10,geometry,False,0,False,True,False,False,True,3.939949493661167,0.608276253029822,0.608276253029822,True,3.939949493661167
v3_sc0_staging_12,L2,1,10,label_only,False,0,False,True,False,False,True,4.064213562373095,1.2041594578792296,0.7516648189186454,True,3.939949493661167
v3_sc0_staging_12,L2,1,10,pose_only,False,0,False,True,False,False,True,3.939949493661167,0.7158910531638177,0.6020797289396148,True,3.939949493661167
v3_sc0_staging_12,L2,1,10,separate,False,0,False,True,False,False,True,4.105634918610405,1.2747548783981963,0.7516648189186454,True,3.939949493661167
v3_sc0_staging_12,L2,1,10,joint,False,0,False,True,False,False,True,4.022792206135786,1.176860229593982,0.7516648189186454,True,3.939949493661167
v3_sc0_staging_12,L2,1,10,oracle,False,0,False,True,False,False,True,3.939949493661167,0.7158910531638177,0.6020797289396148,True,3.939949493661167
v3_sc0_staging_12,L2,1,11,uncalibrated,False,0,True,True,False,False,True,4.576345596729059,0.5024937810560445,0.35000000000000003,True,4.576345596729059
v3_sc0_staging_12,L2,1,11,label_cell,False,0,True,True,False,False,True,4.679898987322333,0.75,0.55,True,4.576345596729059
v3_sc0_staging_12,L2,1,11,geometry,False,0,False,False,False,False,False,nan,nan,nan,False,4.576345596729059
v3_sc0_staging_12,L2,1,11,label_only,False,0,False,True,False,False,True,5.23700576850888,1.2083045973594573,0.55,True,4.576345596729059
v3_sc0_staging_12,L2,1,11,pose_only,False,0,False,True,False,False,True,4.597056274847714,0.5830951894845301,0.4,True,4.576345596729059
v3_sc0_staging_12,L2,1,11,separate,False,0,False,True,False,False,True,5.337005768508881,1.2806248474865698,0.55,True,4.576345596729059
v3_sc0_staging_12,L2,1,11,joint,False,0,False,True,False,False,True,5.137005768508879,1.1597413504743201,0.55,True,4.576345596729059
v3_sc0_staging_12,L2,1,11,oracle,False,0,False,True,False,False,True,4.576345596729059,0.5024937810560445,0.35000000000000003,True,4.576345596729059
v3_sc0_staging_12,L2,1,12,uncalibrated,False,0,True,True,False,False,True,9.05685424949238,0.5024937810560445,0.35000000000000003,True,8.974011537017763
v3_sc0_staging_12,L2,1,12,label_cell,False,0,True,False,False,False,False,nan,nan,nan,False,8.974011537017763
v3_sc0_staging_12,L2,1,12,geometry,False,0,False,False,False,False,False,nan,nan,nan,False,8.974011537017763
v3_sc0_staging_12,L2,1,12,label_only,False,0,False,True,False,False,True,9.349747468305834,1.2083045973594573,0.2692582403567252,True,8.974011537017763
v3_sc0_staging_12,L2,1,12,pose_only,False,0,False,True,False,False,True,9.05685424949238,0.5830951894845301,0.35000000000000003,True,8.974011537017763
v3_sc0_staging_12,L2,1,12,separate,False,0,False,True,False,False,True,9.408326112068524,1.2806248474865698,0.2692582403567252,True,8.974011537017763
v3_sc0_staging_12,L2,1,12,joint,False,0,False,True,False,False,True,9.291168824543144,1.1597413504743201,0.2692582403567252,True,8.974011537017763
v3_sc0_staging_12,L2,1,12,oracle,False,0,False,True,False,False,True,8.974011537017763,0.5024937810560445,0.35000000000000003,True,8.974011537017763
v3_sc0_staging_12,L2,1,13,uncalibrated,False,0,True,True,False,False,True,9.951219330881978,0.5024937810560445,0.35000000000000003,True,9.951219330881978
v3_sc0_staging_12,L2,1,13,label_cell,False,0,True,True,False,False,True,10.09619407771256,0.5024937810560445,0.45276925690687087,True,9.951219330881978
v3_sc0_staging_12,L2,1,13,geometry,False,0,False,False,False,False,False,nan,nan,nan,False,9.951219330881978
v3_sc0_staging_12,L2,1,13,label_only,False,0,False,True,False,False,True,10.761879502661799,1.2083045973594573,0.2692582403567252,True,9.951219330881978
v3_sc0_staging_12,L2,1,13,pose_only,False,0,False,True,False,False,True,9.971930009000632,0.5830951894845301,0.4,True,9.951219330881978
v3_sc0_staging_12,L2,1,13,separate,False,0,False,True,False,False,True,10.861879502661798,1.2806248474865698,0.2692582403567252,True,9.951219330881978
v3_sc0_staging_12,L2,1,13,joint,False,0,False,True,False,False,True,10.661879502661797,1.1597413504743201,0.2692582403567252,True,9.951219330881978
v3_sc0_staging_12,L2,1,13,oracle,False,0,False,True,False,False,True,9.951219330881978,0.5024937810560445,0.35000000000000003,True,9.951219330881978
v3_sc0_staging_12,L2,1,14,uncalibrated,False,0,True,True,False,False,True,7.554772721475252,0.5024937810560445,0.35000000000000003,True,7.554772721475252
v3_sc0_staging_12,L2,1,14,label_cell,False,0,True,False,False,False,False,nan,nan,nan,False,7.554772721475252
v3_sc0_staging_12,L2,1,14,geometry,False,0,False,False,False,False,False,nan,nan,nan,False,7.554772721475252
v3_sc0_staging_12,L2,1,14,label_only,False,0,False,True,False,False,True,8.179036790187178,1.2083045973594573,0.2692582403567252,True,7.554772721475252
v3_sc0_staging_12,L2,1,14,pose_only,False,0,False,True,False,False,True,7.554772721475252,0.5830951894845301,0.35000000000000003,True,7.554772721475252
v3_sc0_staging_12,L2,1,14,separate,False,0,False,True,False,False,True,8.279036790187178,1.2806248474865698,0.2692582403567252,True,7.554772721475252
v3_sc0_staging_12,L2,1,14,joint,False,0,False,True,False,False,True,8.079036790187178,1.1597413504743201,0.2692582403567252,True,7.554772721475252
v3_sc0_staging_12,L2,1,14,oracle,False,0,False,True,False,False,True,7.554772721475252,0.5024937810560445,0.25,True,7.554772721475252
v3_sc0_staging_12,L2,1,15,uncalibrated,False,0,True,True,False,False,True,7.073401871576777,0.5024937810560445,0.45,True,7.073401871576775
v3_sc0_staging_12,L2,1,15,label_cell,False,0,True,True,False,False,True,7.073401871576775,0.5024937810560445,0.45276925690687087,True,7.073401871576775
v3_sc0_staging_12,L2,1,15,geometry,False,0,False,True,False,False,True,7.1319805153394675,0.5830951894845301,0.5385164807134504,True,7.073401871576775
v3_sc0_staging_12,L2,1,15,label_only,False,0,False,True,False,False,True,7.659188309203677,1.2083045973594573,0.9394147114027969,True,7.073401871576775
v3_sc0_staging_12,L2,1,15,pose_only,False,0,False,True,False,False,True,7.1319805153394675,0.5830951894845301,0.45,True,7.073401871576775
v3_sc0_staging_12,L2,1,15,separate,False,0,False,True,False,False,True,7.717766952966369,1.2806248474865698,0.9394147114027969,True,7.073401871576775
v3_sc0_staging_12,L2,1,15,joint,False,0,False,True,False,False,True,7.600609665440988,1.1597413504743201,0.9394147114027969,True,7.073401871576775
v3_sc0_staging_12,L2,1,15,oracle,False,0,False,True,False,False,True,7.073401871576775,0.5024937810560445,0.45,True,7.073401871576775
v3_sc0_staging_12,L2,1,16,uncalibrated,False,0,True,True,False,False,True,6.183452377915606,0.5024937810560445,0.35000000000000003,True,6.183452377915606
v3_sc0_staging_12,L2,1,16,label_cell,False,0,True,True,False,False,True,6.183452377915606,0.5024937810560445,0.5024937810560445,True,6.183452377915606
v3_sc0_staging_12,L2,1,16,geometry,False,0,False,True,False,False,True,6.242031021678297,0.5830951894845301,0.5830951894845301,True,6.183452377915606
v3_sc0_staging_12,L2,1,16,label_only,False,0,False,True,False,False,True,6.8727922061357845,1.2083045973594573,1.05,True,6.183452377915606
v3_sc0_staging_12,L2,1,16,pose_only,False,0,False,True,False,False,True,6.242031021678298,0.5830951894845301,0.4,True,6.183452377915606
v3_sc0_staging_12,L2,1,16,separate,False,0,False,True,False,False,True,6.99350288425444,1.2806248474865698,1.05,True,6.183452377915606
v3_sc0_staging_12,L2,1,16,joint,False,0,False,True,False,False,True,6.752081528017133,1.1597413504743201,1.0,True,6.183452377915606
v3_sc0_staging_12,L2,1,16,oracle,False,0,False,True,False,False,True,6.183452377915606,0.5024937810560445,0.35000000000000003,True,6.183452377915606
v3_sc0_staging_12,L2,1,17,uncalibrated,False,0,True,True,False,False,True,8.081980515339465,0.5024937810560445,0.45,True,8.081980515339465
v3_sc0_staging_12,L2,1,17,label_cell,False,0,True,False,False,False,False,nan,nan,nan,False,8.081980515339465
v3_sc0_staging_12,L2,1,17,geometry,False,0,False,False,False,False,False,nan,nan,nan,False,8.081980515339465
v3_sc0_staging_12,L2,1,17,label_only,False,0,False,True,False,False,True,9.164823227814082,1.1884864324004714,0.5,True,8.081980515339465
v3_sc0_staging_12,L2,1,17,pose_only,False,0,False,True,False,False,True,8.140559159102157,0.5830951894845301,0.45,True,8.081980515339465
v3_sc0_staging_12,L2,1,17,separate,False,0,False,True,False,False,True,9.264823227814082,1.2806248474865698,0.5,True,8.081980515339465
v3_sc0_staging_12,L2,1,17,joint,False,0,False,True,False,False,True,9.064823227814086,1.1423659658795864,0.5,True,8.081980515339465
v3_sc0_staging_12,L2,1,17,oracle,False,0,False,True,False,False,True,8.081980515339465,0.5024937810560445,0.45,True,8.081980515339465
v3_sc0_staging_12,L2,1,18,uncalibrated,False,0,True,True,False,False,True,5.142640687119286,0.5656854249492381,0.28284271247461906,True,5.142640687119286
v3_sc0_staging_12,L2,1,18,label_cell,False,0,True,True,False,False,True,5.142640687119286,0.5656854249492381,0.5385164807134504,True,5.142640687119286
v3_sc0_staging_12,L2,1,18,geometry,False,0,False,True,False,False,True,5.230508652763322,0.5830951894845301,0.5830951894845301,True,5.142640687119286
v3_sc0_staging_12,L2,1,18,label_only,False,0,False,True,False,False,True,5.43553390593274,1.2083045973594573,0.28284271247461906,True,5.142640687119286
v3_sc0_staging_12,L2,1,18,pose_only,False,0,False,True,False,False,True,5.142640687119286,0.8139410298049854,0.28284271247461906,True,5.142640687119286
v3_sc0_staging_12,L2,1,18,separate,False,0,False,True,False,False,True,5.494112549695429,1.2806248474865698,0.28284271247461906,True,5.142640687119286
v3_sc0_staging_12,L2,1,18,joint,False,0,False,True,False,False,True,5.376955262170047,1.1597413504743201,0.28284271247461906,True,5.142640687119286
v3_sc0_staging_12,L2,1,18,oracle,False,0,False,True,False,False,True,5.142640687119286,0.5656854249492381,0.28284271247461906,True,5.142640687119286
v3_sc0_staging_12,L2,1,19,uncalibrated,False,0,True,True,False,False,True,7.070458146424489,0.6726812023536856,0.25,True,7.070458146424489
v3_sc0_staging_12,L2,1,19,label_cell,False,0,True,True,False,False,True,7.070458146424489,0.5656854249492381,0.5220153254455275,True,7.070458146424489
v3_sc0_staging_12,L2,1,19,geometry,False,0,False,True,False,False,True,7.158326112068527,0.5830951894845301,0.5830951894845301,True,7.070458146424489
v3_sc0_staging_12,L2,1,19,label_only,False,0,False,True,False,False,True,7.363351365237943,1.2083045973594573,0.25,True,7.070458146424489
v3_sc0_staging_12,L2,1,19,pose_only,False,0,False,True,False,False,True,7.070458146424489,0.6726812023536856,0.25,True,7.070458146424489
v3_sc0_staging_12,L2,1,19,separate,False,0,False,True,False,False,True,7.421930009000633,1.2806248474865698,0.25,True,7.070458146424489
v3_sc0_staging_12,L2,1,19,joint,False,0,False,True,False,False,True,7.304772721475252,1.1597413504743201,0.25,True,7.070458146424489
v3_sc0_staging_12,L2,1,19,oracle,False,0,False,True,False,False,True,7.070458146424489,0.6726812023536856,0.20615528128088303,True,7.070458146424489
v3_sc0_staging_12,L2,2,0,uncalibrated,False,0,True,True,False,False,True,7.2083261120685265,0.65,0.223606797749979,True,7.2083261120685265
v3_sc0_staging_12,L2,2,0,label_cell,False,0,True,True,False,False,True,7.22903679018718,0.5315072906367325,0.5099019513592785,True,7.2083261120685265
v3_sc0_staging_12,L2,2,0,geometry,False,0,False,True,False,False,True,7.38761543394987,0.5830951894845301,0.6000000000000001,True,7.2083261120685265
v3_sc0_staging_12,L2,2,0,label_only,False,0,False,True,False,False,True,7.530508652763325,1.2083045973594573,0.223606797749979,True,7.2083261120685265
v3_sc0_staging_12,L2,2,0,pose_only,False,0,False,True,False,False,True,7.2083261120685265,0.65,0.223606797749979,True,7.2083261120685265
v3_sc0_staging_12,L2,2,0,separate,False,0,False,True,False,False,True,7.589087296526012,1.2806248474865698,0.223606797749979,True,7.2083261120685265
v3_sc0_staging_12,L2,2,0,joint,False,0,False,True,False,False,True,7.4719300090006335,1.1597413504743201,0.223606797749979,True,7.2083261120685265
v3_sc0_staging_12,L2,2,0,oracle,False,0,False,True,False,False,True,7.2083261120685265,0.65,0.20615528128088303,True,7.2083261120685265
v3_sc0_staging_12,L2,2,1,uncalibrated,False,0,True,True,False,False,True,6.387005768508882,0.5024937810560445,0.35000000000000003,True,6.407716446627536
v3_sc0_staging_12,L2,2,1,label_cell,False,0,True,True,False,False,True,6.387005768508882,0.5024937810560445,0.5024937810560445,True,6.407716446627536
v3_sc0_staging_12,L2,2,1,geometry,False,0,False,True,False,False,True,6.445584412271572,0.5830951894845301,0.5830951894845301,True,6.407716446627536
v3_sc0_staging_12,L2,2,1,label_only,False,0,False,True,False,False,True,7.221320343559643,1.2083045973594573,0.7433034373659253,True,6.407716446627536
v3_sc0_staging_12,L2,2,1,pose_only,False,0,False,True,False,False,True,6.445584412271572,0.5830951894845301,0.5830951894845301,True,6.407716446627536
v3_sc0_staging_12,L2,2,1,separate,False,0,False,True,False,False,True,7.321320343559641,1.2806248474865698,0.7433034373659253,True,6.407716446627536
v3_sc0_staging_12,L2,2,1,joint,False,0,False,True,False,False,True,7.121320343559643,1.1597413504743201,0.7433034373659253,True,6.407716446627536
v3_sc0_staging_12,L2,2,1,oracle,False,0,False,True,False,False,True,6.407716446627536,0.5024937810560445,0.35000000000000003,True,6.407716446627536
v3_sc0_staging_12,L2,2,2,uncalibrated,False,0,True,True,False,False,True,5.633452377915607,0.5024937810560445,0.35000000000000003,True,5.633452377915607
v3_sc0_staging_12,L2,2,2,label_cell,False,0,True,True,False,False,True,5.633452377915608,0.5024937810560445,0.5099019513592785,True,5.633452377915607
v3_sc0_staging_12,L2,2,2,geometry,False,0,False,True,False,False,True,5.692031021678298,0.5830951894845301,0.6000000000000001,True,5.633452377915607
v3_sc0_staging_12,L2,2,2,label_only,False,0,False,True,False,False,True,6.467766952966371,1.2083045973594573,0.8500000000000001,True,5.633452377915607
v3_sc0_staging_12,L2,2,2,pose_only,False,0,False,True,False,False,True,5.692031021678297,0.5830951894845301,0.5,True,5.633452377915607
v3_sc0_staging_12,L2,2,2,separate,False,0,False,True,False,False,True,6.5677669529663705,1.2806248474865698,0.8500000000000001,True,5.633452377915607
v3_sc0_staging_12,L2,2,2,joint,False,0,False,True,False,False,True,6.36776695296637,1.1597413504743201,0.8500000000000001,True,5.633452377915607
v3_sc0_staging_12,L2,2,2,oracle,False,0,False,True,False,False,True,5.633452377915607,0.5024937810560445,0.35000000000000003,True,5.633452377915607
v3_sc0_staging_12,L2,2,3,uncalibrated,False,0,True,True,False,False,True,5.85269119345812,0.6000000000000001,0.25,True,5.85269119345812
v3_sc0_staging_12,L2,2,3,label_cell,False,0,True,True,False,False,True,5.873401871576775,0.5315072906367325,0.5099019513592785,True,5.85269119345812
v3_sc0_staging_12,L2,2,3,geometry,False,0,False,True,False,False,True,6.05269119345812,0.5830951894845301,0.5852349955359814,True,5.85269119345812
v3_sc0_staging_12,L2,2,3,label_only,False,0,False,True,False,False,True,6.5890872965260145,1.2083045973594573,0.25,True,5.85269119345812
v3_sc0_staging_12,L2,2,3,pose_only,False,0,False,True,False,False,True,5.85269119345812,0.6000000000000001,0.25,True,5.85269119345812
v3_sc0_staging_12,L2,2,3,separate,False,0,False,True,False,False,True,6.689087296526015,1.2806248474865698,0.25,True,5.85269119345812
v3_sc0_staging_12,L2,2,3,joint,False,0,False,True,False,False,True,6.489087296526013,1.1597413504743201,0.25,True,5.85269119345812
v3_sc0_staging_12,L2,2,3,oracle,False,0,False,True,False,False,True,5.85269119345812,0.6000000000000001,0.20615528128088303,True,5.85269119345812
v3_sc0_staging_12,L2,2,4,uncalibrated,False,0,True,True,False,False,True,6.446194077712559,0.5024937810560445,0.40311288741492746,True,6.446194077712559
v3_sc0_staging_12,L2,2,4,label_cell,False,0,True,True,False,False,True,6.446194077712559,0.5024937810560445,0.5024937810560445,True,6.446194077712559
v3_sc0_staging_12,L2,2,4,geometry,False,0,False,True,False,False,True,6.50477272147525,0.5830951894845301,0.5385164807134504,True,6.446194077712559
v3_sc0_staging_12,L2,2,4,label_only,False,0,False,True,False,False,True,7.031980515339466,1.2083045973594573,0.5099019513592785,True,6.446194077712559
v3_sc0_staging_12,L2,2,4,pose_only,False,0,False,True,False,False,True,6.504772721475252,0.5830951894845301,0.40311288741492746,True,6.446194077712559
v3_sc0_staging_12,L2,2,4,separate,False,0,False,True,False,False,True,7.090559159102156,1.2806248474865698,0.5099019513592785,True,6.446194077712559
v3_sc0_staging_12,L2,2,4,joint,False,0,False,True,False,False,True,6.973401871576775,1.1597413504743201,0.5099019513592785,True,6.446194077712559
v3_sc0_staging_12,L2,2,4,oracle,False,0,False,True,False,False,True,6.446194077712559,0.5024937810560445,0.40311288741492746,True,6.446194077712559
v3_sc0_staging_12,L2,2,5,uncalibrated,False,0,True,True,False,False,True,7.860407640085658,0.5024937810560445,0.18027756377319948,True,7.889696961967002
v3_sc0_staging_12,L2,2,5,label_cell,False,0,True,True,False,False,True,8.127564927611036,0.5024937810560445,0.49244289008980524,True,7.889696961967002
v3_sc0_staging_12,L2,2,5,geometry,False,0,False,False,False,False,False,nan,nan,nan,False,7.889696961967002
v3_sc0_staging_12,L2,2,5,label_only,False,0,False,True,False,False,True,8.182590180780451,1.2083045973594573,0.18027756377319948,True,7.889696961967002
v3_sc0_staging_12,L2,2,5,pose_only,False,0,False,True,False,False,True,7.860407640085658,0.5830951894845301,0.18027756377319948,True,7.889696961967002
v3_sc0_staging_12,L2,2,5,separate,False,0,False,True,False,False,True,8.241168824543141,1.2806248474865698,0.18027756377319948,True,7.889696961967002
v3_sc0_staging_12,L2,2,5,joint,False,0,False,True,False,False,True,8.124011537017763,1.1597413504743201,0.18027756377319948,True,7.889696961967002
v3_sc0_staging_12,L2,2,5,oracle,False,0,False,True,False,False,True,7.889696961967002,0.5024937810560445,0.20615528128088303,True,7.889696961967002
v3_sc0_staging_12,L2,2,6,uncalibrated,False,0,True,True,False,False,True,5.090559159102155,0.5024937810560445,0.35000000000000003,True,5.090559159102155
v3_sc0_staging_12,L2,2,6,label_cell,False,0,True,True,False,False,True,5.131980515339464,0.5024937810560445,0.5099019513592785,True,5.090559159102155
v3_sc0_staging_12,L2,2,6,geometry,False,0,False,False,False,False,False,nan,nan,nan,False,5.090559159102155
v3_sc0_staging_12,L2,2,6,label_only,False,0,False,True,False,False,True,6.049137802864846,1.2083045973594573,0.55,True,5.090559159102155
v3_sc0_staging_12,L2,2,6,pose_only,False,0,False,True,False,False,True,5.149137802864845,0.5830951894845301,0.4,True,5.090559159102155
v3_sc0_staging_12,L2,2,6,separate,False,0,False,True,False,False,True,6.17842712474619,1.2806248474865698,0.55,True,5.090559159102155
v3_sc0_staging_12,L2,2,6,joint,False,0,False,True,False,False,True,5.949137802864845,1.1597413504743201,0.55,True,5.090559159102155
v3_sc0_staging_12,L2,2,6,oracle,False,0,False,True,False,False,True,5.090559159102155,0.5024937810560445,0.35000000000000003,True,5.090559159102155
v3_sc0_staging_12,L2,2,7,uncalibrated,False,0,True,True,False,False,True,7.445584412271571,0.5024937810560445,0.4301162633521314,True,7.445584412271571
v3_sc0_staging_12,L2,2,7,label_cell,False,0,True,False,False,False,False,nan,nan,nan,False,7.445584412271571
v3_sc0_staging_12,L2,2,7,geometry,False,0,False,False,False,False,False,nan,nan,nan,False,7.445584412271571
v3_sc0_staging_12,L2,2,7,label_only,False,0,False,True,False,False,True,8.445584412271572,1.2083045973594573,0.4301162633521314,True,7.445584412271571
v3_sc0_staging_12,L2,2,7,pose_only,False,0,False,True,False,False,True,7.504163056034262,0.5830951894845301,0.4301162633521314,True,7.445584412271571
v3_sc0_staging_12,L2,2,7,separate,False,0,False,True,False,False,True,8.545584412271571,1.2806248474865698,0.4301162633521314,True,7.445584412271571
v3_sc0_staging_12,L2,2,7,joint,False,0,False,True,False,False,True,8.345584412271572,1.1597413504743201,0.4301162633521314,True,7.445584412271571
v3_sc0_staging_12,L2,2,7,oracle,False,0,False,True,False,False,True,7.445584412271571,0.5024937810560445,0.4301162633521314,True,7.445584412271571
v3_sc0_staging_12,L2,2,8,uncalibrated,False,0,True,True,False,False,True,8.934671708797584,0.5024937810560445,0.30000000000000004,True,8.934671708797584
v3_sc0_staging_12,L2,2,8,label_cell,False,0,True,False,False,False,False,nan,nan,nan,False,8.934671708797584
v3_sc0_staging_12,L2,2,8,geometry,False,0,False,False,False,False,False,nan,nan,nan,False,8.934671708797584
v3_sc0_staging_12,L2,2,8,label_only,False,0,False,True,False,False,True,9.256854249492381,1.2083045973594573,0.223606797749979,True,8.934671708797584
v3_sc0_staging_12,L2,2,8,pose_only,False,0,False,True,False,False,True,8.934671708797584,0.5830951894845301,0.30000000000000004,True,8.934671708797584
v3_sc0_staging_12,L2,2,8,separate,False,0,False,True,False,False,True,9.31543289325507,1.2806248474865698,0.223606797749979,True,8.934671708797584
v3_sc0_staging_12,L2,2,8,joint,False,0,False,True,False,False,True,9.19827560572969,1.1597413504743201,0.223606797749979,True,8.934671708797584
v3_sc0_staging_12,L2,2,8,oracle,False,0,False,True,False,False,True,8.934671708797584,0.5024937810560445,0.30000000000000004,True,8.934671708797584
v3_sc0_staging_12,L2,2,9,uncalibrated,False,0,True,True,False,False,True,6.135533905932738,0.5315072906367325,0.38078865529319544,True,6.135533905932738
v3_sc0_staging_12,L2,2,9,label_cell,False,0,True,True,False,False,True,6.135533905932738,0.5315072906367325,0.5656854249492381,True,6.135533905932738
v3_sc0_staging_12,L2,2,9,geometry,False,0,False,True,False,False,True,6.223401871576776,0.5830951894845301,0.6000000000000001,True,6.135533905932738
v3_sc0_staging_12,L2,2,9,label_only,False,0,False,True,False,False,True,7.0648232278140854,1.2083045973594573,0.4949747468305833,True,6.135533905932738
v3_sc0_staging_12,L2,2,9,pose_only,False,0,False,True,False,False,True,6.164823227814083,0.6020797289396148,0.49244289008980524,True,6.135533905932738
v3_sc0_staging_12,L2,2,9,separate,False,0,False,True,False,False,True,7.164823227814086,1.2806248474865698,0.4949747468305833,True,6.135533905932738
v3_sc0_staging_12,L2,2,9,joint,False,0,False,True,False,False,True,6.9648232278140885,1.1597413504743201,0.4949747468305833,True,6.135533905932738
v3_sc0_staging_12,L2,2,9,oracle,False,0,False,True,False,False,True,6.135533905932738,0.5315072906367325,0.38078865529319544,True,6.135533905932738
v3_sc0_staging_12,L2,2,10,uncalibrated,False,0,True,True,False,False,True,3.939949493661167,0.6670832032063168,0.552268050859363,True,3.939949493661167
v3_sc0_staging_12,L2,2,10,label_cell,False,0,True,True,False,False,True,3.939949493661167,0.6670832032063168,0.552268050859363,True,3.939949493661167
v3_sc0_staging_12,L2,2,10,geometry,False,0,False,True,False,False,True,3.939949493661167,0.8246211251235321,0.6576473218982953,True,3.939949493661167
v3_sc0_staging_12,L2,2,10,label_only,False,0,False,True,False,False,True,4.105634918610405,1.216552506059644,0.75,True,3.939949493661167
v3_sc0_staging_12,L2,2,10,pose_only,False,0,False,True,False,False,True,3.939949493661167,0.6670832032063168,0.552268050859363,True,3.939949493661167
v3_sc0_staging_12,L2,2,10,separate,False,0,False,True,False,False,True,4.147056274847714,1.2854960132182442,0.75,True,3.939949493661167
v3_sc0_staging_12,L2,2,10,joint,False,0,False,True,False,False,True,4.064213562373095,1.1597413504743201,0.75,True,3.939949493661167
v3_sc0_staging_12,L2,2,10,oracle,False,0,False,True,False,False,True,3.939949493661167,0.6670832032063168,0.552268050859363,True,3.939949493661167
v3_sc0_staging_12,L2,2,11,uncalibrated,False,0,True,True,False,False,True,4.597056274847714,0.5024937810560445,0.35000000000000003,True,4.597056274847714
v3_sc0_staging_12,L2,2,11,label_cell,False,0,True,True,False,False,True,4.679898987322333,0.7000000000000001,0.5099019513592785,True,4.597056274847714
v3_sc0_staging_12,L2,2,11,geometry,False,0,False,False,False,False,False,nan,nan,nan,False,4.597056274847714
v3_sc0_staging_12,L2,2,11,label_only,False,0,False,True,False,False,True,5.28700576850888,1.2083045973594573,0.5220153254455275,True,4.597056274847714
v3_sc0_staging_12,L2,2,11,pose_only,False,0,False,True,False,False,True,4.6177669529663685,0.5830951894845301,0.4,True,4.597056274847714
v3_sc0_staging_12,L2,2,11,separate,False,0,False,True,False,False,True,5.387005768508881,1.2806248474865698,0.5220153254455275,True,4.597056274847714
v3_sc0_staging_12,L2,2,11,joint,False,0,False,True,False,False,True,5.1870057685088815,1.1597413504743201,0.5220153254455275,True,4.597056274847714
v3_sc0_staging_12,L2,2,11,oracle,False,0,False,True,False,False,True,4.597056274847714,0.5024937810560445,0.35000000000000003,True,4.597056274847714
v3_sc0_staging_12,L2,2,12,uncalibrated,False,0,True,True,False,False,True,8.915432893255073,0.5024937810560445,0.35000000000000003,True,8.915432893255073
v3_sc0_staging_12,L2,2,12,label_cell,False,0,True,False,False,False,False,nan,nan,nan,False,8.915432893255073
v3_sc0_staging_12,L2,2,12,geometry,False,0,False,False,False,False,False,nan,nan,nan,False,8.915432893255073
v3_sc0_staging_12,L2,2,12,label_only,False,0,False,True,False,False,True,9.237615433949868,1.2083045973594573,0.223606797749979,True,8.915432893255073
v3_sc0_staging_12,L2,2,12,pose_only,False,0,False,True,False,False,True,8.915432893255073,0.5830951894845301,0.35000000000000003,True,8.915432893255073
v3_sc0_staging_12,L2,2,12,separate,False,0,False,True,False,False,True,9.29619407771256,1.2806248474865698,0.223606797749979,True,8.915432893255073
v3_sc0_staging_12,L2,2,12,joint,False,0,False,True,False,False,True,9.179036790187178,1.1597413504743201,0.223606797749979,True,8.915432893255073
v3_sc0_staging_12,L2,2,12,oracle,False,0,False,True,False,False,True,8.915432893255073,0.5024937810560445,0.35000000000000003,True,8.915432893255073
v3_sc0_staging_12,L2,2,13,uncalibrated,False,0,True,True,False,False,True,9.942640687119287,0.5024937810560445,0.35000000000000003,True,9.942640687119287
v3_sc0_staging_12,L2,2,13,label_cell,False,0,True,False,False,False,False,nan,nan,nan,False,9.942640687119287
v3_sc0_staging_12,L2,2,13,geometry,False,0,False,False,False,False,False,nan,nan,nan,False,9.942640687119287
v3_sc0_staging_12,L2,2,13,label_only,False,0,False,True,False,False,True,10.782590180780453,1.2083045973594573,0.223606797749979,True,9.942640687119287
v3_sc0_staging_12,L2,2,13,pose_only,False,0,False,True,False,False,True,9.96335136523794,0.5830951894845301,0.4,True,9.942640687119287
v3_sc0_staging_12,L2,2,13,separate,False,0,False,True,False,False,True,10.882590180780452,1.2806248474865698,0.223606797749979,True,9.942640687119287
v3_sc0_staging_12,L2,2,13,joint,False,0,False,True,False,False,True,10.682590180780451,1.1597413504743201,0.223606797749979,True,9.942640687119287
v3_sc0_staging_12,L2,2,13,oracle,False,0,False,True,False,False,True,9.942640687119287,0.5024937810560445,0.35000000000000003,True,9.942640687119287
v3_sc0_staging_12,L2,2,14,uncalibrated,False,0,True,True,False,False,True,7.525483399593907,0.5024937810560445,0.25,True,7.525483399593907
v3_sc0_staging_12,L2,2,14,label_cell,False,0,True,False,False,False,False,nan,nan,nan,False,7.525483399593907
v3_sc0_staging_12,L2,2,14,geometry,False,0,False,False,False,False,False,nan,nan,nan,False,7.525483399593907
v3_sc0_staging_12,L2,2,14,label_only,False,0,False,True,False,False,True,8.179036790187178,1.2083045973594573,0.223606797749979,True,7.525483399593907
v3_sc0_staging_12,L2,2,14,pose_only,False,0,False,True,False,False,True,7.525483399593907,0.5830951894845301,0.25,True,7.525483399593907
v3_sc0_staging_12,L2,2,14,separate,False,0,False,True,False,False,True,8.27903679018718,1.2806248474865698,0.223606797749979,True,7.525483399593907
v3_sc0_staging_12,L2,2,14,joint,False,0,False,True,False,False,True,8.079036790187178,1.1597413504743201,0.223606797749979,True,7.525483399593907
v3_sc0_staging_12,L2,2,14,oracle,False,0,False,True,False,False,True,7.525483399593907,0.5024937810560445,0.25,True,7.525483399593907
v3_sc0_staging_12,L2,2,15,uncalibrated,False,0,True,True,False,False,True,7.1026911934581225,0.5024937810560445,0.45,True,7.1026911934581225
v3_sc0_staging_12,L2,2,15,label_cell,False,0,True,True,False,False,True,7.1026911934581225,0.5024937810560445,0.5024937810560445,True,7.1026911934581225
v3_sc0_staging_12,L2,2,15,geometry,False,0,False,True,False,False,True,7.1612698372208135,0.5830951894845301,0.5830951894845301,True,7.1026911934581225
v3_sc0_staging_12,L2,2,15,label_only,False,0,False,True,False,False,True,7.688477631085023,1.2083045973594573,0.894427190999916,True,7.1026911934581225
v3_sc0_staging_12,L2,2,15,pose_only,False,0,False,True,False,False,True,7.161269837220812,0.5830951894845301,0.45,True,7.1026911934581225
v3_sc0_staging_12,L2,2,15,separate,False,0,False,True,False,False,True,7.747056274847714,1.2806248474865698,0.894427190999916,True,7.1026911934581225
v3_sc0_staging_12,L2,2,15,joint,False,0,False,True,False,False,True,7.629898987322332,1.1597413504743201,0.894427190999916,True,7.1026911934581225
v3_sc0_staging_12,L2,2,15,oracle,False,0,False,True,False,False,True,7.1026911934581225,0.5024937810560445,0.45,True,7.1026911934581225
v3_sc0_staging_12,L2,2,16,uncalibrated,False,0,True,True,False,False,True,6.212741699796951,0.5024937810560445,0.35000000000000003,True,6.212741699796951
v3_sc0_staging_12,L2,2,16,label_cell,False,0,True,True,False,False,True,6.212741699796951,0.5024937810560445,0.5099019513592785,True,6.212741699796951
v3_sc0_staging_12,L2,2,16,geometry,False,0,False,True,False,False,True,6.271320343559642,0.5830951894845301,0.6000000000000001,True,6.212741699796951
v3_sc0_staging_12,L2,2,16,label_only,False,0,False,True,False,False,True,6.94350288425444,1.2083045973594573,1.004987562112089,True,6.212741699796951
v3_sc0_staging_12,L2,2,16,pose_only,False,0,False,True,False,False,True,6.271320343559643,0.5830951894845301,0.4,True,6.212741699796951
v3_sc0_staging_12,L2,2,16,separate,False,0,False,True,False,False,True,7.064213562373095,1.2806248474865698,1.004987562112089,True,6.212741699796951
v3_sc0_staging_12,L2,2,16,joint,False,0,False,True,False,False,True,6.822792206135785,1.1597413504743201,1.0,True,6.212741699796951
v3_sc0_staging_12,L2,2,16,oracle,False,0,False,True,False,False,True,6.212741699796951,0.5024937810560445,0.35000000000000003,True,6.212741699796951
v3_sc0_staging_12,L2,2,17,uncalibrated,False,0,True,True,False,False,True,8.11126983722081,0.5024937810560445,0.45,True,8.11126983722081
v3_sc0_staging_12,L2,2,17,label_cell,False,0,True,False,False,False,False,nan,nan,nan,False,8.11126983722081
v3_sc0_staging_12,L2,2,17,geometry,False,0,False,False,False,False,False,nan,nan,nan,False,8.11126983722081
v3_sc0_staging_12,L2,2,17,label_only,False,0,False,True,False,False,True,9.19411254969543,1.2083045973594573,0.5,True,8.11126983722081
v3_sc0_staging_12,L2,2,17,pose_only,False,0,False,True,False,False,True,8.169848480983502,0.5830951894845301,0.45,True,8.11126983722081
v3_sc0_staging_12,L2,2,17,separate,False,0,False,True,False,False,True,9.294112549695427,1.2806248474865698,0.5,True,8.11126983722081
v3_sc0_staging_12,L2,2,17,joint,False,0,False,True,False,False,True,9.09411254969543,1.1597413504743201,0.5,True,8.11126983722081
v3_sc0_staging_12,L2,2,17,oracle,False,0,False,True,False,False,True,8.11126983722081,0.5024937810560445,0.45,True,8.11126983722081
v3_sc0_staging_12,L2,2,18,uncalibrated,False,0,True,True,False,False,True,5.11335136523794,0.5656854249492381,0.28284271247461906,True,5.11335136523794
v3_sc0_staging_12,L2,2,18,label_cell,False,0,True,True,False,False,True,5.11335136523794,0.5315072906367325,0.5385164807134504,True,5.11335136523794
v3_sc0_staging_12,L2,2,18,geometry,False,0,False,True,False,False,True,5.230508652763322,0.5830951894845301,0.6000000000000001,True,5.11335136523794
v3_sc0_staging_12,L2,2,18,label_only,False,0,False,True,False,False,True,5.464823227814084,1.2083045973594573,0.25,True,5.11335136523794
v3_sc0_staging_12,L2,2,18,pose_only,False,0,False,True,False,False,True,5.11335136523794,0.8139410298049854,0.28284271247461906,True,5.11335136523794
v3_sc0_staging_12,L2,2,18,separate,False,0,False,True,False,False,True,5.523401871576774,1.2806248474865698,0.25,True,5.11335136523794
v3_sc0_staging_12,L2,2,18,joint,False,0,False,True,False,False,True,5.406244584051393,1.1597413504743201,0.25,True,5.11335136523794
v3_sc0_staging_12,L2,2,18,oracle,False,0,False,True,False,False,True,5.11335136523794,0.5656854249492381,0.28284271247461906,True,5.11335136523794
v3_sc0_staging_12,L2,2,19,uncalibrated,False,0,True,True,False,False,True,7.061879502661802,0.6726812023536856,0.223606797749979,True,7.061879502661802
v3_sc0_staging_12,L2,2,19,label_cell,False,0,True,True,False,False,True,7.061879502661802,0.5315072906367325,0.5099019513592785,True,7.061879502661802
v3_sc0_staging_12,L2,2,19,geometry,False,0,False,True,False,False,True,7.1790367901871806,0.5830951894845301,0.6000000000000001,True,7.061879502661802
v3_sc0_staging_12,L2,2,19,label_only,False,0,False,True,False,False,True,7.3840620433565975,1.2083045973594573,0.223606797749979,True,7.061879502661802
v3_sc0_staging_12,L2,2,19,pose_only,False,0,False,True,False,False,True,7.061879502661802,0.6726812023536856,0.223606797749979,True,7.061879502661802
v3_sc0_staging_12,L2,2,19,separate,False,0,False,True,False,False,True,7.4426406871192885,1.2806248474865698,0.223606797749979,True,7.061879502661802
v3_sc0_staging_12,L2,2,19,joint,False,0,False,True,False,False,True,7.325483399593906,1.1597413504743201,0.223606797749979,True,7.061879502661802
v3_sc0_staging_12,L2,2,19,oracle,False,0,False,True,False,False,True,7.061879502661802,0.6726812023536856,0.20615528128088303,True,7.061879502661802
v3_sc0_staging_12,L2,3,0,uncalibrated,False,0,True,True,False,False,True,7.199747468305836,0.7000000000000001,0.20615528128088303,True,7.199747468305836
v3_sc0_staging_12,L2,3,0,label_cell,False,0,True,True,False,False,True,7.220458146424488,0.5315072906367325,0.5024937810560445,True,7.199747468305836
v3_sc0_staging_12,L2,3,0,geometry,False,0,False,True,False,False,True,7.379036790187181,0.5830951894845301,0.5830951894845301,True,7.199747468305836
v3_sc0_staging_12,L2,3,0,label_only,False,0,False,True,False,False,True,7.521930009000636,1.2083045973594573,0.20615528128088303,True,7.199747468305836
v3_sc0_staging_12,L2,3,0,pose_only,False,0,False,True,False,False,True,7.199747468305836,0.7000000000000001,0.20615528128088303,True,7.199747468305836
v3_sc0_staging_12,L2,3,0,separate,False,0,False,True,False,False,True,7.5805086527633225,1.2806248474865698,0.20615528128088303,True,7.199747468305836
v3_sc0_staging_12,L2,3,0,joint,False,0,False,True,False,False,True,7.463351365237944,1.1597413504743201,0.20615528128088303,True,7.199747468305836
v3_sc0_staging_12,L2,3,0,oracle,False,0,False,True,False,False,True,7.199747468305836,0.7000000000000001,0.20615528128088303,True,7.199747468305836
v3_sc0_staging_12,L2,3,1,uncalibrated,False,0,True,True,False,False,True,6.407716446627536,0.5024937810560445,0.4,True,6.407716446627536
v3_sc0_staging_12,L2,3,1,label_cell,False,0,True,True,False,False,True,6.407716446627536,0.5024937810560445,0.5024937810560445,True,6.407716446627536
v3_sc0_staging_12,L2,3,1,geometry,False,0,False,True,False,False,True,6.466295090390227,0.5830951894845301,0.5830951894845301,True,6.407716446627536
v3_sc0_staging_12,L2,3,1,label_only,False,0,False,True,False,False,True,7.262741699796952,1.2083045973594573,0.75,True,6.407716446627536
v3_sc0_staging_12,L2,3,1,pose_only,False,0,False,True,False,False,True,6.466295090390227,0.5830951894845301,0.4,True,6.407716446627536
v3_sc0_staging_12,L2,3,1,separate,False,0,False,True,False,False,True,7.362741699796953,1.2806248474865698,0.75,True,6.407716446627536
v3_sc0_staging_12,L2,3,1,joint,False,0,False,True,False,False,True,7.162741699796952,1.1597413504743201,0.75,True,6.407716446627536
v3_sc0_staging_12,L2,3,1,oracle,False,0,False,True,False,False,True,6.407716446627536,0.5024937810560445,0.4,True,6.407716446627536
v3_sc0_staging_12,L2,3,2,uncalibrated,False,0,True,True,False,False,True,5.633452377915607,0.5024937810560445,0.4,True,5.633452377915607
v3_sc0_staging_12,L2,3,2,label_cell,False,0,True,True,False,False,True,5.633452377915608,0.5024937810560445,0.552268050859363,True,5.633452377915607
v3_sc0_staging_12,L2,3,2,geometry,False,0,False,True,False,False,True,5.692031021678297,0.5830951894845301,0.6103277807866851,True,5.633452377915607
v3_sc0_staging_12,L2,3,2,label_only,False,0,False,True,False,False,True,6.426345596729061,1.2083045973594573,0.8500000000000001,True,5.633452377915607
v3_sc0_staging_12,L2,3,2,pose_only,False,0,False,True,False,False,True,5.692031021678297,0.5830951894845301,0.4,True,5.633452377915607
v3_sc0_staging_12,L2,3,2,separate,False,0,False,True,False,False,True,6.526345596729062,1.2747548783981963,0.8500000000000001,True,5.633452377915607
v3_sc0_staging_12,L2,3,2,joint,False,0,False,True,False,False,True,6.32634559672906,1.1543396380615196,0.8500000000000001,True,5.633452377915607
v3_sc0_staging_12,L2,3,2,oracle,False,0,False,True,False,False,True,5.633452377915607,0.5024937810560445,0.4,True,5.633452377915607
v3_sc0_staging_12,L2,3,3,uncalibrated,False,0,True,True,False,False,True,5.84411254969543,0.55,0.20615528128088303,True,5.84411254969543
v3_sc0_staging_12,L2,3,3,label_cell,False,0,True,True,False,False,True,5.84411254969543,0.5315072906367325,0.5024937810560445,True,5.84411254969543
v3_sc0_staging_12,L2,3,3,geometry,False,0,False,True,False,False,True,6.04411254969543,0.5830951894845301,0.5830951894845301,True,5.84411254969543
v3_sc0_staging_12,L2,3,3,label_only,False,0,False,True,False,False,True,6.539087296526013,1.1884864324004714,0.20615528128088303,True,5.84411254969543
v3_sc0_staging_12,L2,3,3,pose_only,False,0,False,True,False,False,True,5.84411254969543,0.65,0.20615528128088303,True,5.84411254969543
v3_sc0_staging_12,L2,3,3,separate,False,0,False,True,False,False,True,6.639087296526014,1.264911064067352,0.20615528128088303,True,5.84411254969543
v3_sc0_staging_12,L2,3,3,joint,False,0,False,True,False,False,True,6.439087296526013,1.1543396380615196,0.20615528128088303,True,5.84411254969543
v3_sc0_staging_12,L2,3,3,oracle,False,0,False,True,False,False,True,5.84411254969543,0.55,0.20615528128088303,True,5.84411254969543
v3_sc0_staging_12,L2,3,4,uncalibrated,False,0,True,True,False,False,True,6.496194077712561,0.5024937810560445,0.45276925690687087,True,6.496194077712561
v3_sc0_staging_12,L2,3,4,label_cell,False,0,True,True,False,False,True,6.496194077712559,0.5024937810560445,0.5024937810560445,True,6.496194077712561
v3_sc0_staging_12,L2,3,4,geometry,False,0,False,True,False,False,True,6.554772721475252,0.5830951894845301,0.5830951894845301,True,6.496194077712561
v3_sc0_staging_12,L2,3,4,label_only,False,0,False,True,False,False,True,7.081980515339467,1.2083045973594573,0.5099019513592785,True,6.496194077712561
v3_sc0_staging_12,L2,3,4,pose_only,False,0,False,True,False,False,True,6.554772721475252,0.5830951894845301,0.45276925690687087,True,6.496194077712561
v3_sc0_staging_12,L2,3,4,separate,False,0,False,True,False,False,True,7.140559159102158,1.2806248474865698,0.5099019513592785,True,6.496194077712561
v3_sc0_staging_12,L2,3,4,joint,False,0,False,True,False,False,True,7.023401871576775,1.1597413504743201,0.5099019513592785,True,6.496194077712561
v3_sc0_staging_12,L2,3,4,oracle,False,0,False,True,False,False,True,6.496194077712561,0.5024937810560445,0.45276925690687087,True,6.496194077712561
v3_sc0_staging_12,L2,3,5,uncalibrated,False,0,True,True,False,False,True,7.831118318204311,0.5024937810560445,0.21213203435596426,True,7.831118318204311
v3_sc0_staging_12,L2,3,5,label_cell,False,0,True,True,False,False,True,8.168986283848344,0.5024937810560445,0.5024937810560445,True,7.831118318204311
v3_sc0_staging_12,L2,3,5,geometry,False,0,False,False,False,False,False,nan,nan,nan,False,7.831118318204311
v3_sc0_staging_12,L2,3,5,label_only,False,0,False,True,False,False,True,8.153300858899106,1.2083045973594573,0.20615528128088303,True,7.831118318204311
v3_sc0_staging_12,L2,3,5,pose_only,False,0,False,True,False,False,True,7.831118318204311,0.5830951894845301,0.21213203435596426,True,7.831118318204311
v3_sc0_staging_12,L2,3,5,separate,False,0,False,True,False,False,True,8.211879502661798,1.2806248474865698,0.20615528128088303,True,7.831118318204311
v3_sc0_staging_12,L2,3,5,joint,False,0,False,True,False,False,True,8.094722215136416,1.1597413504743201,0.20615528128088303,True,7.831118318204311
v3_sc0_staging_12,L2,3,5,oracle,False,0,False,True,False,False,True,7.831118318204311,0.5024937810560445,0.21213203435596426,True,7.831118318204311
v3_sc0_staging_12,L2,3,6,uncalibrated,False,0,True,True,False,False,True,5.140559159102154,0.5024937810560445,0.35000000000000003,True,5.140559159102154
v3_sc0_staging_12,L2,3,6,label_cell,False,0,True,True,False,False,True,5.181980515339465,0.5024937810560445,0.5,True,5.140559159102154
v3_sc0_staging_12,L2,3,6,geometry,False,0,False,False,False,False,False,nan,nan,nan,False,5.140559159102154
v3_sc0_staging_12,L2,3,6,label_only,False,0,False,True,False,False,True,6.057716446627536,1.2083045973594573,0.5,True,5.140559159102154
v3_sc0_staging_12,L2,3,6,pose_only,False,0,False,True,False,False,True,5.199137802864844,0.5830951894845301,0.4,True,5.140559159102154
v3_sc0_staging_12,L2,3,6,separate,False,0,False,True,False,False,True,6.157716446627536,1.2806248474865698,0.5,True,5.140559159102154
v3_sc0_staging_12,L2,3,6,joint,False,0,False,True,False,False,True,5.957716446627535,1.1597413504743201,0.5,True,5.140559159102154
v3_sc0_staging_12,L2,3,6,oracle,False,0,False,True,False,False,True,5.140559159102154,0.5024937810560445,0.35000000000000003,True,5.140559159102154
v3_sc0_staging_12,L2,3,7,uncalibrated,False,0,True,True,False,False,True,7.445584412271571,0.5024937810560445,0.35000000000000003,True,7.445584412271571
v3_sc0_staging_12,L2,3,7,label_cell,False,0,True,False,False,False,False,nan,nan,nan,False,7.445584412271571
v3_sc0_staging_12,L2,3,7,geometry,False,0,False,False,False,False,False,nan,nan,nan,False,7.445584412271571
v3_sc0_staging_12,L2,3,7,label_only,False,0,False,True,False,False,True,8.404163056034262,1.1853269591129698,0.45,True,7.445584412271571
v3_sc0_staging_12,L2,3,7,pose_only,False,0,False,True,False,False,True,7.504163056034262,0.5830951894845301,0.45,True,7.445584412271571
v3_sc0_staging_12,L2,3,7,separate,False,0,False,True,False,False,True,8.504163056034262,1.264911064067352,0.45,True,7.445584412271571
v3_sc0_staging_12,L2,3,7,joint,False,0,False,True,False,False,True,8.30416305603426,1.1423659658795864,0.45,True,7.445584412271571
v3_sc0_staging_12,L2,3,7,oracle,False,0,False,True,False,False,True,7.445584412271571,0.5024937810560445,0.35000000000000003,True,7.445584412271571
v3_sc0_staging_12,L2,3,8,uncalibrated,False,0,True,True,False,False,True,8.926093065034893,0.5024937810560445,0.304138126514911,True,8.926093065034893
v3_sc0_staging_12,L2,3,8,label_cell,False,0,True,False,False,False,False,nan,nan,nan,False,8.926093065034893
v3_sc0_staging_12,L2,3,8,geometry,False,0,False,False,False,False,False,nan,nan,nan,False,8.926093065034893
v3_sc0_staging_12,L2,3,8,label_only,False,0,False,True,False,False,True,9.24827560572969,1.2083045973594573,0.20615528128088303,True,8.926093065034893
v3_sc0_staging_12,L2,3,8,pose_only,False,0,False,True,False,False,True,8.926093065034895,0.5830951894845301,0.304138126514911,True,8.926093065034893
v3_sc0_staging_12,L2,3,8,separate,False,0,False,True,False,False,True,9.30685424949238,1.2806248474865698,0.20615528128088303,True,8.926093065034893
v3_sc0_staging_12,L2,3,8,joint,False,0,False,True,False,False,True,9.189696961967,1.1597413504743201,0.20615528128088303,True,8.926093065034893
v3_sc0_staging_12,L2,3,8,oracle,False,0,False,True,False,False,True,8.926093065034893,0.5024937810560445,0.304138126514911,True,8.926093065034893
v3_sc0_staging_12,L2,3,9,uncalibrated,False,0,True,True,False,False,True,6.156244584051393,0.5315072906367325,0.42720018726587655,True,6.156244584051393
v3_sc0_staging_12,L2,3,9,label_cell,False,0,True,True,False,False,True,6.156244584051393,0.5315072906367325,0.5315072906367325,True,6.156244584051393
v3_sc0_staging_12,L2,3,9,geometry,False,0,False,True,False,False,True,6.24411254969543,0.5830951894845301,0.6020797289396148,True,6.156244584051393
v3_sc0_staging_12,L2,3,9,label_only,False,0,False,True,False,False,True,7.073401871576775,1.2083045973594573,0.5315072906367325,True,6.156244584051393
v3_sc0_staging_12,L2,3,9,pose_only,False,0,False,True,False,False,True,6.214823227814085,0.5830951894845301,0.42720018726587655,True,6.156244584051393
v3_sc0_staging_12,L2,3,9,separate,False,0,False,True,False,False,True,7.173401871576776,1.2747548783981963,0.5315072906367325,True,6.156244584051393
v3_sc0_staging_12,L2,3,9,joint,False,0,False,True,False,False,True,6.973401871576775,1.1543396380615196,0.5315072906367325,True,6.156244584051393
v3_sc0_staging_12,L2,3,9,oracle,False,0,False,True,False,False,True,6.156244584051393,0.5315072906367325,0.42720018726587655,True,6.156244584051393
v3_sc0_staging_12,L2,3,10,uncalibrated,False,0,True,True,False,False,True,3.981370849898476,0.7158910531638177,0.6020797289396148,True,3.981370849898476
v3_sc0_staging_12,L2,3,10,label_cell,False,0,True,True,False,False,True,3.981370849898476,0.7158910531638177,0.6020797289396148,True,3.981370849898476
v3_sc0_staging_12,L2,3,10,geometry,False,0,False,True,False,False,True,3.981370849898476,0.608276253029822,0.6184658438426491,True,3.981370849898476
v3_sc0_staging_12,L2,3,10,label_only,False,0,False,True,False,False,True,4.105634918610405,1.2041594578792296,0.7280109889280518,True,3.981370849898476
v3_sc0_staging_12,L2,3,10,pose_only,False,0,False,True,False,False,True,3.981370849898476,0.7158910531638177,0.6020797289396148,True,3.981370849898476
v3_sc0_staging_12,L2,3,10,separate,False,0,False,True,False,False,True,4.147056274847714,1.3,0.7280109889280518,True,3.981370849898476
v3_sc0_staging_12,L2,3,10,joint,False,0,False,True,False,False,True,4.064213562373095,1.176860229593982,0.7280109889280518,True,3.981370849898476
v3_sc0_staging_12,L2,3,10,oracle,False,0,False,True,False,False,True,3.981370849898476,0.7158910531638177,0.6020797289396148,True,3.981370849898476
v3_sc0_staging_12,L2,3,11,uncalibrated,False,0,True,True,False,False,True,4.6177669529663685,0.5024937810560445,0.35000000000000003,True,4.6177669529663685
v3_sc0_staging_12,L2,3,11,label_cell,False,0,True,True,False,False,True,4.700609665440989,0.7000000000000001,0.5024937810560445,True,4.6177669529663685
v3_sc0_staging_12,L2,3,11,geometry,False,0,False,False,False,False,False,nan,nan,nan,False,4.6177669529663685
v3_sc0_staging_12,L2,3,11,label_only,False,0,False,True,False,False,True,5.266295090390226,1.2083045973594573,0.5024937810560445,True,4.6177669529663685
v3_sc0_staging_12,L2,3,11,pose_only,False,0,False,True,False,False,True,4.6177669529663685,0.5830951894845301,0.4,True,4.6177669529663685
v3_sc0_staging_12,L2,3,11,separate,False,0,False,True,False,False,True,5.366295090390226,1.2806248474865698,0.5024937810560445,True,4.6177669529663685
v3_sc0_staging_12,L2,3,11,joint,False,0,False,True,False,False,True,5.166295090390226,1.1597413504743201,0.5024937810560445,True,4.6177669529663685
v3_sc0_staging_12,L2,3,11,oracle,False,0,False,True,False,False,True,4.6177669529663685,0.5024937810560445,0.35000000000000003,True,4.6177669529663685
v3_sc0_staging_12,L2,3,12,uncalibrated,False,0,True,True,False,False,True,8.886143571373728,0.5024937810560445,0.35000000000000003,True,8.968986283848347
v3_sc0_staging_12,L2,3,12,label_cell,False,0,True,False,False,False,False,nan,nan,nan,False,8.968986283848347
v3_sc0_staging_12,L2,3,12,geometry,False,0,False,False,False,False,False,nan,nan,nan,False,8.968986283848347
v3_sc0_staging_12,L2,3,12,label_only,False,0,False,True,False,False,True,9.208326112068525,1.2083045973594573,0.20615528128088303,True,8.968986283848347
v3_sc0_staging_12,L2,3,12,pose_only,False,0,False,True,False,False,True,8.886143571373728,0.5830951894845301,0.35000000000000003,True,8.968986283848347
v3_sc0_staging_12,L2,3,12,separate,False,0,False,True,False,False,True,9.266904755831215,1.2806248474865698,0.20615528128088303,True,8.968986283848347
v3_sc0_staging_12,L2,3,12,joint,False,0,False,True,False,False,True,9.149747468305833,1.1597413504743201,0.20615528128088303,True,8.968986283848347
v3_sc0_staging_12,L2,3,12,oracle,False,0,False,True,False,False,True,8.968986283848347,0.5024937810560445,0.35000000000000003,True,8.968986283848347
v3_sc0_staging_12,L2,3,13,uncalibrated,False,0,True,True,False,False,True,9.913351365237942,0.5024937810560445,0.35000000000000003,True,9.913351365237942
v3_sc0_staging_12,L2,3,13,label_cell,False,0,True,False,False,False,False,nan,nan,nan,False,9.913351365237942
v3_sc0_staging_12,L2,3,13,geometry,False,0,False,False,False,False,False,nan,nan,nan,False,9.913351365237942
v3_sc0_staging_12,L2,3,13,label_only,False,0,False,True,False,False,True,10.732590180780456,1.2083045973594573,0.20615528128088303,True,9.913351365237942
v3_sc0_staging_12,L2,3,13,pose_only,False,0,False,True,False,False,True,9.934062043356597,0.5830951894845301,0.4,True,9.913351365237942
v3_sc0_staging_12,L2,3,13,separate,False,0,False,True,False,False,True,10.832590180780452,1.2806248474865698,0.20615528128088303,True,9.913351365237942
v3_sc0_staging_12,L2,3,13,joint,False,0,False,True,False,False,True,10.632590180780452,1.1597413504743201,0.20615528128088303,True,9.913351365237942
v3_sc0_staging_12,L2,3,13,oracle,False,0,False,True,False,False,True,9.913351365237942,0.5024937810560445,0.35000000000000003,True,9.913351365237942
v3_sc0_staging_12,L2,3,14,uncalibrated,False,0,True,True,False,False,True,7.516904755831217,0.5024937810560445,0.28284271247461906,True,7.516904755831217
v3_sc0_staging_12,L2,3,14,label_cell,False,0,True,False,False,False,False,nan,nan,nan,False,7.516904755831217
v3_sc0_staging_12,L2,3,14,geometry,False,0,False,False,False,False,False,nan,nan,nan,False,7.516904755831217
v3_sc0_staging_12,L2,3,14,label_only,False,0,False,True,False,False,True,8.129036790187177,1.2083045973594573,0.20615528128088303,True,7.516904755831217
v3_sc0_staging_12,L2,3,14,pose_only,False,0,False,True,False,False,True,7.5169047558312165,0.5830951894845301,0.28284271247461906,True,7.516904755831217
v3_sc0_staging_12,L2,3,14,separate,False,0,False,True,False,False,True,8.229036790187179,1.2806248474865698,0.20615528128088303,True,7.516904755831217
v3_sc0_staging_12,L2,3,14,joint,False,0,False,True,False,False,True,8.029036790187178,1.1597413504743201,0.20615528128088303,True,7.516904755831217
v3_sc0_staging_12,L2,3,14,oracle,False,0,False,True,False,False,True,7.516904755831217,0.5024937810560445,0.28284271247461906,True,7.516904755831217
v3_sc0_staging_12,L2,3,15,uncalibrated,False,0,True,True,False,False,True,7.102691193458121,0.5024937810560445,0.5,True,7.102691193458121
v3_sc0_staging_12,L2,3,15,label_cell,False,0,True,True,False,False,True,7.1026911934581225,0.5024937810560445,0.5024937810560445,True,7.102691193458121
v3_sc0_staging_12,L2,3,15,geometry,False,0,False,True,False,False,True,7.1612698372208135,0.5830951894845301,0.5830951894845301,True,7.102691193458121
v3_sc0_staging_12,L2,3,15,label_only,False,0,False,True,False,False,True,7.688477631085023,1.2083045973594573,0.9394147114027969,True,7.102691193458121
v3_sc0_staging_12,L2,3,15,pose_only,False,0,False,True,False,False,True,7.161269837220812,0.5830951894845301,0.5,True,7.102691193458121
v3_sc0_staging_12,L2,3,15,separate,False,0,False,True,False,False,True,7.747056274847714,1.2806248474865698,0.9394147114027969,True,7.102691193458121
v3_sc0_staging_12,L2,3,15,joint,False,0,False,True,False,False,True,7.629898987322332,1.1597413504743201,0.9394147114027969,True,7.102691193458121
v3_sc0_staging_12,L2,3,15,oracle,False,0,False,True,False,False,True,7.102691193458121,0.5024937810560445,0.5,True,7.102691193458121
v3_sc0_staging_12,L2,3,16,uncalibrated,False,0,True,True,False,False,True,6.212741699796951,0.5024937810560445,0.35000000000000003,True,6.212741699796951
v3_sc0_staging_12,L2,3,16,label_cell,False,0,True,True,False,False,True,6.212741699796951,0.5024937810560445,0.5099019513592785,True,6.212741699796951
v3_sc0_staging_12,L2,3,16,geometry,False,0,False,True,False,False,True,6.271320343559642,0.5830951894845301,0.6000000000000001,True,6.212741699796951
v3_sc0_staging_12,L2,3,16,label_only,False,0,False,True,False,False,True,6.964213562373096,1.2083045973594573,1.05,True,6.212741699796951
v3_sc0_staging_12,L2,3,16,pose_only,False,0,False,True,False,False,True,6.271320343559644,0.5830951894845301,0.4,True,6.212741699796951
v3_sc0_staging_12,L2,3,16,separate,False,0,False,True,False,False,True,7.084924240491751,1.2806248474865698,1.05,True,6.212741699796951
v3_sc0_staging_12,L2,3,16,joint,False,0,False,True,False,False,True,6.84350288425444,1.1597413504743201,1.0,True,6.212741699796951
v3_sc0_staging_12,L2,3,16,oracle,False,0,False,True,False,False,True,6.212741699796951,0.5024937810560445,0.35000000000000003,True,6.212741699796951
v3_sc0_staging_12,L2,3,17,uncalibrated,False,0,True,True,False,False,True,8.16126983722081,0.5024937810560445,0.5,True,8.16126983722081
v3_sc0_staging_12,L2,3,17,label_cell,False,0,True,False,False,False,False,nan,nan,nan,False,8.16126983722081
v3_sc0_staging_12,L2,3,17,geometry,False,0,False,False,False,False,False,nan,nan,nan,False,8.16126983722081
v3_sc0_staging_12,L2,3,17,label_only,False,0,False,True,False,False,True,9.20269119345812,1.1884864324004714,0.5,True,8.16126983722081
v3_sc0_staging_12,L2,3,17,pose_only,False,0,False,True,False,False,True,8.2198484809835,0.5830951894845301,0.5,True,8.16126983722081
v3_sc0_staging_12,L2,3,17,separate,False,0,False,True,False,False,True,9.30269119345812,1.264911064067352,0.5,True,8.16126983722081
v3_sc0_staging_12,L2,3,17,joint,False,0,False,True,False,False,True,9.102691193458119,1.1412712210513327,0.5,True,8.16126983722081
v3_sc0_staging_12,L2,3,17,oracle,False,0,False,True,False,False,True,8.16126983722081,0.5024937810560445,0.5,True,8.16126983722081
v3_sc0_staging_12,L2,3,18,uncalibrated,False,0,True,True,False,False,True,5.084062043356596,0.5656854249492381,0.32015621187164245,True,5.084062043356596
v3_sc0_staging_12,L2,3,18,label_cell,False,0,True,True,False,False,True,5.084062043356595,0.5315072906367325,0.5024937810560445,True,5.084062043356596
v3_sc0_staging_12,L2,3,18,geometry,False,0,False,True,False,False,True,5.201219330881977,0.5830951894845301,0.5830951894845301,True,5.084062043356596
v3_sc0_staging_12,L2,3,18,label_only,False,0,False,True,False,False,True,5.464823227814084,1.2083045973594573,0.20615528128088303,True,5.084062043356596
v3_sc0_staging_12,L2,3,18,pose_only,False,0,False,True,False,False,True,5.084062043356595,0.7433034373659253,0.32015621187164245,True,5.084062043356596
v3_sc0_staging_12,L2,3,18,separate,False,0,False,True,False,False,True,5.523401871576774,1.2806248474865698,0.20615528128088303,True,5.084062043356596
v3_sc0_staging_12,L2,3,18,joint,False,0,False,True,False,False,True,5.406244584051393,1.1597413504743201,0.20615528128088303,True,5.084062043356596
v3_sc0_staging_12,L2,3,18,oracle,False,0,False,True,False,False,True,5.084062043356596,0.5656854249492381,0.32015621187164245,True,5.084062043356596
v3_sc0_staging_12,L2,3,19,uncalibrated,False,0,True,True,False,False,True,7.032590180780457,0.6726812023536856,0.20615528128088303,True,7.032590180780457
v3_sc0_staging_12,L2,3,19,label_cell,False,0,True,True,False,False,True,7.032590180780457,0.5315072906367325,0.5024937810560445,True,7.032590180780457
v3_sc0_staging_12,L2,3,19,geometry,False,0,False,True,False,False,True,7.149747468305836,0.5830951894845301,0.5830951894845301,True,7.032590180780457
v3_sc0_staging_12,L2,3,19,label_only,False,0,False,True,False,False,True,7.354772721475252,1.2083045973594573,0.20615528128088303,True,7.032590180780457
v3_sc0_staging_12,L2,3,19,pose_only,False,0,False,True,False,False,True,7.032590180780457,0.6726812023536856,0.20615528128088303,True,7.032590180780457
v3_sc0_staging_12,L2,3,19,separate,False,0,False,True,False,False,True,7.413351365237943,1.2806248474865698,0.20615528128088303,True,7.032590180780457
v3_sc0_staging_12,L2,3,19,joint,False,0,False,True,False,False,True,7.296194077712563,1.1597413504743201,0.20615528128088303,True,7.032590180780457
v3_sc0_staging_12,L2,3,19,oracle,False,0,False,True,False,False,True,7.032590180780457,0.6726812023536856,0.20615528128088303,True,7.032590180780457
v3_sc0_staging_12,L2,4,0,uncalibrated,False,0,True,True,False,False,True,7.229036790187182,0.7000000000000001,0.20615528128088303,True,7.229036790187182
v3_sc0_staging_12,L2,4,0,label_cell,False,0,True,True,False,False,True,7.27045814642449,0.5656854249492381,0.5024937810560445,True,7.229036790187182
v3_sc0_staging_12,L2,4,0,geometry,False,0,False,True,False,False,True,7.399747468305836,0.5830951894845301,0.5830951894845301,True,7.229036790187182
v3_sc0_staging_12,L2,4,0,label_only,False,0,False,True,False,False,True,7.492640687119288,1.1800423721205948,0.20615528128088303,True,7.229036790187182
v3_sc0_staging_12,L2,4,0,pose_only,False,0,False,True,False,False,True,7.229036790187182,0.7000000000000001,0.20615528128088303,True,7.229036790187182
v3_sc0_staging_12,L2,4,0,separate,False,0,False,True,False,False,True,7.551219330881981,1.25,0.20615528128088303,True,7.229036790187182
v3_sc0_staging_12,L2,4,0,joint,False,0,False,True,False,False,True,7.434062043356599,1.1313708498984762,0.20615528128088303,True,7.229036790187182
v3_sc0_staging_12,L2,4,0,oracle,False,0,False,True,False,False,True,7.229036790187182,0.7000000000000001,0.20615528128088303,True,7.229036790187182
v3_sc0_staging_12,L2,4,1,uncalibrated,False,0,True,True,True,False,True,6.399137802864846,0.49244289008980524,0.4,False,6.42842712474619
v3_sc0_staging_12,L2,4,1,label_cell,False,0,True,True,False,False,True,6.42842712474619,0.5024937810560445,0.45276925690687087,True,6.42842712474619
v3_sc0_staging_12,L2,4,1,geometry,False,0,False,True,False,False,True,6.487005768508883,0.5830951894845301,0.5385164807134504,True,6.42842712474619
v3_sc0_staging_12,L2,4,1,label_only,False,0,False,True,False,False,True,7.212741699796952,1.1800423721205948,0.75,True,6.42842712474619
v3_sc0_staging_12,L2,4,1,pose_only,False,0,False,True,False,False,True,6.457716446627535,0.5590169943749475,0.4,True,6.42842712474619
v3_sc0_staging_12,L2,4,1,separate,False,0,False,True,False,False,True,7.312741699796952,1.25,0.75,True,6.42842712474619
v3_sc0_staging_12,L2,4,1,joint,False,0,False,True,False,False,True,7.1127416997969535,1.1313708498984762,0.75,True,6.42842712474619
v3_sc0_staging_12,L2,4,1,oracle,False,0,False,True,False,False,True,6.42842712474619,0.5024937810560445,0.4,True,6.42842712474619
v3_sc0_staging_12,L2,4,2,uncalibrated,False,0,True,True,True,False,True,5.624873734152917,0.49244289008980524,0.4,False,5.654163056034262
v3_sc0_staging_12,L2,4,2,label_cell,False,0,True,True,False,False,True,5.654163056034263,0.5024937810560445,0.5024937810560445,True,5.654163056034262
v3_sc0_staging_12,L2,4,2,geometry,False,0,False,True,False,False,True,5.712741699796953,0.5830951894845301,0.5830951894845301,True,5.654163056034262
v3_sc0_staging_12,L2,4,2,label_only,False,0,False,True,False,False,True,6.37634559672906,1.1597413504743201,0.8500000000000001,True,5.654163056034262
v3_sc0_staging_12,L2,4,2,pose_only,False,0,False,True,False,False,True,5.683452377915607,0.5590169943749475,0.4,True,5.654163056034262
v3_sc0_staging_12,L2,4,2,separate,False,0,False,True,False,False,True,6.476345596729061,1.25,0.8500000000000001,True,5.654163056034262
v3_sc0_staging_12,L2,4,2,joint,False,0,False,True,False,False,True,6.27634559672906,1.1313708498984762,0.8500000000000001,True,5.654163056034262
v3_sc0_staging_12,L2,4,2,oracle,False,0,False,True,False,False,True,5.654163056034262,0.5024937810560445,0.4,True,5.654163056034262
v3_sc0_staging_12,L2,4,3,uncalibrated,False,0,True,True,False,False,True,5.873401871576775,0.55,0.20615528128088303,True,5.873401871576775
v3_sc0_staging_12,L2,4,3,label_cell,False,0,True,True,False,False,True,5.894112549695429,0.55,0.5024937810560445,True,5.873401871576775
v3_sc0_staging_12,L2,4,3,geometry,False,0,False,True,False,False,True,6.00269119345812,0.5830951894845301,0.5830951894845301,True,5.873401871576775
v3_sc0_staging_12,L2,4,3,label_only,False,0,False,True,False,False,True,6.468376618407358,1.1597413504743201,0.20615528128088303,True,5.873401871576775
v3_sc0_staging_12,L2,4,3,pose_only,False,0,False,True,False,False,True,5.873401871576775,0.55,0.20615528128088303,True,5.873401871576775
v3_sc0_staging_12,L2,4,3,separate,False,0,False,True,False,False,True,6.56837661840736,1.2349089035228469,0.20615528128088303,True,5.873401871576775
v3_sc0_staging_12,L2,4,3,joint,False,0,False,True,False,False,True,6.368376618407359,1.110180165558726,0.20615528128088303,True,5.873401871576775
v3_sc0_staging_12,L2,4,3,oracle,False,0,False,True,False,False,True,5.873401871576775,0.55,0.20615528128088303,True,5.873401871576775
v3_sc0_staging_12,L2,4,4,uncalibrated,False,0,True,True,True,False,True,6.43761543394987,0.49244289008980524,0.45,False,6.466904755831215
v3_sc0_staging_12,L2,4,4,label_cell,False,0,True,True,False,False,True,6.466904755831215,0.5024937810560445,0.45276925690687087,True,6.466904755831215
v3_sc0_staging_12,L2,4,4,geometry,False,0,False,True,False,False,True,6.525483399593907,0.5830951894845301,0.5385164807134504,True,6.466904755831215
v3_sc0_staging_12,L2,4,4,label_only,False,0,False,True,False,False,True,7.023401871576775,1.1800423721205948,0.5099019513592785,True,6.466904755831215
v3_sc0_staging_12,L2,4,4,pose_only,False,0,False,True,False,False,True,6.496194077712561,0.5590169943749475,0.45,True,6.466904755831215
v3_sc0_staging_12,L2,4,4,separate,False,0,False,True,False,False,True,7.081980515339467,1.25,0.5099019513592785,True,6.466904755831215
v3_sc0_staging_12,L2,4,4,joint,False,0,False,True,False,False,True,6.9648232278140885,1.1313708498984762,0.5099019513592785,True,6.466904755831215
v3_sc0_staging_12,L2,4,4,oracle,False,0,False,True,False,False,True,6.466904755831215,0.5024937810560445,0.45,True,6.466904755831215
v3_sc0_staging_12,L2,4,5,uncalibrated,False,0,True,True,True,False,True,7.860407640085658,0.4716990566028302,0.158113883008419,False,7.860407640085658
v3_sc0_staging_12,L2,4,5,label_cell,False,0,True,False,False,False,False,nan,nan,nan,False,7.860407640085658
v3_sc0_staging_12,L2,4,5,geometry,False,0,False,False,False,False,False,nan,nan,nan,False,7.860407640085658
v3_sc0_staging_12,L2,4,5,label_only,False,0,False,True,False,False,True,8.124011537017763,1.1597413504743201,0.158113883008419,True,7.860407640085658
v3_sc0_staging_12,L2,4,5,pose_only,False,0,False,True,False,False,True,7.860407640085658,0.5385164807134504,0.158113883008419,True,7.860407640085658
v3_sc0_staging_12,L2,4,5,separate,False,0,False,True,False,False,True,8.182590180780451,1.2349089035228469,0.158113883008419,True,7.860407640085658
v3_sc0_staging_12,L2,4,5,joint,False,0,False,True,False,False,True,8.065432893255071,1.110180165558726,0.158113883008419,True,7.860407640085658
v3_sc0_staging_12,L2,4,5,oracle,False,0,False,True,False,False,True,7.860407640085658,0.5024937810560445,0.21213203435596426,True,7.860407640085658
v3_sc0_staging_12,L2,4,6,uncalibrated,False,0,True,True,True,False,True,5.081980515339464,0.45276925690687087,0.30000000000000004,False,5.11126983722081
v3_sc0_staging_12,L2,4,6,label_cell,False,0,True,True,False,False,True,5.131980515339464,0.5024937810560445,0.5024937810560445,True,5.11126983722081
v3_sc0_staging_12,L2,4,6,geometry,False,0,False,False,False,False,False,nan,nan,nan,False,5.11126983722081
v3_sc0_staging_12,L2,4,6,label_only,False,0,False,True,False,False,True,5.957716446627535,1.1597413504743201,0.55,True,5.11126983722081
v3_sc0_staging_12,L2,4,6,pose_only,False,0,False,True,False,False,True,5.140559159102154,0.5385164807134504,0.35000000000000003,True,5.11126983722081
v3_sc0_staging_12,L2,4,6,separate,False,0,False,True,False,False,True,6.057716446627536,1.2349089035228469,0.55,True,5.11126983722081
v3_sc0_staging_12,L2,4,6,joint,False,0,False,True,False,False,True,5.857716446627536,1.110180165558726,0.55,True,5.11126983722081
v3_sc0_staging_12,L2,4,6,oracle,False,0,False,True,False,False,True,5.11126983722081,0.5024937810560445,0.35000000000000003,True,5.11126983722081
v3_sc0_staging_12,L2,4,7,uncalibrated,False,0,True,True,True,False,True,7.43700576850888,0.49244289008980524,0.35000000000000003,False,7.466295090390225
v3_sc0_staging_12,L2,4,7,label_cell,False,0,True,False,False,False,False,nan,nan,nan,False,7.466295090390225
v3_sc0_staging_12,L2,4,7,geometry,False,0,False,False,False,False,False,nan,nan,nan,False,7.466295090390225
v3_sc0_staging_12,L2,4,7,label_only,False,0,False,True,False,False,True,8.354163056034261,1.1597413504743201,0.4,True,7.466295090390225
v3_sc0_staging_12,L2,4,7,pose_only,False,0,False,True,False,False,True,7.495584412271571,0.55,0.35000000000000003,True,7.466295090390225
v3_sc0_staging_12,L2,4,7,separate,False,0,False,True,False,False,True,8.454163056034261,1.2349089035228469,0.4,True,7.466295090390225
v3_sc0_staging_12,L2,4,7,joint,False,0,False,True,False,False,True,8.254163056034262,1.110180165558726,0.4,True,7.466295090390225
v3_sc0_staging_12,L2,4,7,oracle,False,0,False,True,False,False,True,7.466295090390225,0.5024937810560445,0.35000000000000003,True,7.466295090390225
v3_sc0_staging_12,L2,4,8,uncalibrated,False,0,True,True,True,False,True,8.955382386916238,0.45276925690687087,0.30000000000000004,False,8.955382386916238
v3_sc0_staging_12,L2,4,8,label_cell,False,0,True,False,False,False,False,nan,nan,nan,False,8.955382386916238
v3_sc0_staging_12,L2,4,8,geometry,False,0,False,False,False,False,False,nan,nan,nan,False,8.955382386916238
v3_sc0_staging_12,L2,4,8,label_only,False,0,False,True,False,False,True,9.218986283848345,1.1597413504743201,0.20615528128088303,True,8.955382386916238
v3_sc0_staging_12,L2,4,8,pose_only,False,0,False,True,False,False,True,8.95538238691624,0.5385164807134504,0.30000000000000004,True,8.955382386916238
v3_sc0_staging_12,L2,4,8,separate,False,0,False,True,False,False,True,9.277564927611037,1.2349089035228469,0.20615528128088303,True,8.955382386916238
v3_sc0_staging_12,L2,4,8,joint,False,0,False,True,False,False,True,9.160407640085655,1.110180165558726,0.20615528128088303,True,8.955382386916238
v3_sc0_staging_12,L2,4,8,oracle,False,0,False,True,False,False,True,8.955382386916238,0.5024937810560445,0.30000000000000004,True,8.955382386916238
v3_sc0_staging_12,L2,4,9,uncalibrated,False,0,True,True,False,False,True,6.156244584051393,0.5315072906367325,0.41231056256176607,True,6.156244584051393
v3_sc0_staging_12,L2,4,9,label_cell,False,0,True,True,False,False,True,6.156244584051393,0.5315072906367325,0.5220153254455275,True,6.156244584051393
v3_sc0_staging_12,L2,4,9,geometry,False,0,False,True,False,False,True,6.24411254969543,0.5830951894845301,0.5830951894845301,True,6.156244584051393
v3_sc0_staging_12,L2,4,9,label_only,False,0,False,True,False,False,True,6.973401871576775,1.1597413504743201,0.4949747468305833,True,6.156244584051393
v3_sc0_staging_12,L2,4,9,pose_only,False,0,False,True,False,False,True,6.185533905932738,0.6000000000000001,0.41231056256176607,True,6.156244584051393
v3_sc0_staging_12,L2,4,9,separate,False,0,False,True,False,False,True,7.073401871576775,1.25,0.4949747468305833,True,6.156244584051393
v3_sc0_staging_12,L2,4,9,joint,False,0,False,True,False,False,True,6.873401871576778,1.110180165558726,0.4949747468305833,True,6.156244584051393
v3_sc0_staging_12,L2,4,9,oracle,False,0,False,True,False,False,True,6.156244584051393,0.5315072906367325,0.41231056256176607,True,6.156244584051393
v3_sc0_staging_12,L2,4,10,uncalibrated,False,0,True,True,True,False,True,3.9606601717798213,0.45276925690687087,0.45276925690687087,False,3.9606601717798213
v3_sc0_staging_12,L2,4,10,label_cell,False,0,True,True,False,False,True,3.9606601717798213,0.7158910531638177,0.6000000000000001,True,3.9606601717798213
v3_sc0_staging_12,L2,4,10,geometry,False,0,False,True,False,False,True,3.9606601717798213,0.7158910531638177,0.6000000000000001,True,3.9606601717798213
v3_sc0_staging_12,L2,4,10,label_only,False,0,False,True,False,False,True,4.0435028842544405,1.176860229593982,0.7762087348130012,True,3.9606601717798213
v3_sc0_staging_12,L2,4,10,pose_only,False,0,False,True,False,False,True,3.9606601717798213,0.7158910531638177,0.6000000000000001,True,3.9606601717798213
v3_sc0_staging_12,L2,4,10,separate,False,0,False,True,False,False,True,4.08492424049175,1.2369316876852983,0.7762087348130012,True,3.9606601717798213
v3_sc0_staging_12,L2,4,10,joint,False,0,False,True,False,False,True,4.002081528017132,1.110180165558726,0.7762087348130012,True,3.9606601717798213
v3_sc0_staging_12,L2,4,10,oracle,False,0,False,True,False,False,True,3.9606601717798213,0.7158910531638177,0.6000000000000001,True,3.9606601717798213
v3_sc0_staging_12,L2,4,11,uncalibrated,False,0,True,True,True,False,True,4.6177669529663685,0.45276925690687087,0.30000000000000004,False,4.6177669529663685
v3_sc0_staging_12,L2,4,11,label_cell,False,0,True,True,False,False,True,4.679898987322333,0.7000000000000001,0.5024937810560445,True,4.6177669529663685
v3_sc0_staging_12,L2,4,11,geometry,False,0,False,False,False,False,False,nan,nan,nan,False,4.6177669529663685
v3_sc0_staging_12,L2,4,11,label_only,False,0,False,True,False,False,True,5.195584412271572,1.1597413504743201,0.55,True,4.6177669529663685
v3_sc0_staging_12,L2,4,11,pose_only,False,0,False,True,False,False,True,4.6177669529663685,0.5385164807134504,0.35000000000000003,True,4.6177669529663685
v3_sc0_staging_12,L2,4,11,separate,False,0,False,True,False,False,True,5.2955844122715705,1.2349089035228469,0.55,True,4.6177669529663685
v3_sc0_staging_12,L2,4,11,joint,False,0,False,True,False,False,True,5.09558441227157,1.110180165558726,0.55,True,4.6177669529663685
v3_sc0_staging_12,L2,4,11,oracle,False,0,False,True,False,False,True,4.6177669529663685,0.5024937810560445,0.35000000000000003,True,4.6177669529663685
v3_sc0_staging_12,L2,4,12,uncalibrated,False,0,True,True,True,False,True,8.998275605729692,0.4609772228646444,0.35000000000000003,False,8.998275605729692
v3_sc0_staging_12,L2,4,12,label_cell,False,0,True,False,False,False,False,nan,nan,nan,False,8.998275605729692
v3_sc0_staging_12,L2,4,12,geometry,False,0,False,False,False,False,False,nan,nan,nan,False,8.998275605729692
v3_sc0_staging_12,L2,4,12,label_only,False,0,False,True,False,False,True,9.261879502661797,1.1597413504743201,0.20615528128088303,True,8.998275605729692
v3_sc0_staging_12,L2,4,12,pose_only,False,0,False,True,False,False,True,8.998275605729692,0.5385164807134504,0.35000000000000003,True,8.998275605729692
v3_sc0_staging_12,L2,4,12,separate,False,0,False,True,False,False,True,9.320458146424489,1.2349089035228469,0.20615528128088303,True,8.998275605729692
v3_sc0_staging_12,L2,4,12,joint,False,0,False,True,False,False,True,9.203300858899107,1.110180165558726,0.20615528128088303,True,8.998275605729692
v3_sc0_staging_12,L2,4,12,oracle,False,0,False,True,False,False,True,8.998275605729692,0.5024937810560445,0.35000000000000003,True,8.998275605729692
v3_sc0_staging_12,L2,4,13,uncalibrated,False,0,True,True,True,False,True,9.942640687119287,0.45276925690687087,0.30000000000000004,False,9.942640687119287
v3_sc0_staging_12,L2,4,13,label_cell,False,0,True,True,False,False,True,10.025483399593904,0.5024937810560445,0.45276925690687087,True,9.942640687119287
v3_sc0_staging_12,L2,4,13,geometry,False,0,False,False,False,False,False,nan,nan,nan,False,9.942640687119287
v3_sc0_staging_12,L2,4,13,label_only,False,0,False,True,False,False,True,10.661879502661797,1.1597413504743201,0.20615528128088303,True,9.942640687119287
v3_sc0_staging_12,L2,4,13,pose_only,False,0,False,True,False,False,True,9.942640687119287,0.5385164807134504,0.35000000000000003,True,9.942640687119287
v3_sc0_staging_12,L2,4,13,separate,False,0,False,True,False,False,True,10.761879502661799,1.2349089035228469,0.20615528128088303,True,9.942640687119287
v3_sc0_staging_12,L2,4,13,joint,False,0,False,True,False,False,True,10.561879502661798,1.110180165558726,0.20615528128088303,True,9.942640687119287
v3_sc0_staging_12,L2,4,13,oracle,False,0,False,True,False,False,True,9.942640687119287,0.5024937810560445,0.35000000000000003,True,9.942640687119287
v3_sc0_staging_12,L2,4,14,uncalibrated,False,0,True,True,True,False,True,7.5461940777125625,0.45276925690687087,0.25,False,7.5461940777125625
v3_sc0_staging_12,L2,4,14,label_cell,False,0,True,False,False,False,False,nan,nan,nan,False,7.5461940777125625
v3_sc0_staging_12,L2,4,14,geometry,False,0,False,False,False,False,False,nan,nan,nan,False,7.5461940777125625
v3_sc0_staging_12,L2,4,14,label_only,False,0,False,True,False,False,True,8.058326112068524,1.1597413504743201,0.20615528128088303,True,7.5461940777125625
v3_sc0_staging_12,L2,4,14,pose_only,False,0,False,True,False,False,True,7.5461940777125625,0.5385164807134504,0.25,True,7.5461940777125625
v3_sc0_staging_12,L2,4,14,separate,False,0,False,True,False,False,True,8.158326112068522,1.2349089035228469,0.20615528128088303,True,7.5461940777125625
v3_sc0_staging_12,L2,4,14,joint,False,0,False,True,False,False,True,7.958326112068524,1.110180165558726,0.20615528128088303,True,7.5461940777125625
v3_sc0_staging_12,L2,4,14,oracle,False,0,False,True,False,False,True,7.5461940777125625,0.5024937810560445,0.25,True,7.5461940777125625
v3_sc0_staging_12,L2,4,15,uncalibrated,False,0,True,True,True,False,True,7.0941125496954305,0.49244289008980524,0.45276925690687087,False,7.123401871576776
v3_sc0_staging_12,L2,4,15,label_cell,False,0,True,True,False,False,True,7.123401871576778,0.5024937810560445,0.45276925690687087,True,7.123401871576776
v3_sc0_staging_12,L2,4,15,geometry,False,0,False,True,False,False,True,7.181980515339467,0.5830951894845301,0.5385164807134504,True,7.123401871576776
v3_sc0_staging_12,L2,4,15,label_only,False,0,False,True,False,False,True,7.679898987322332,1.1800423721205948,0.9394147114027969,True,7.123401871576776
v3_sc0_staging_12,L2,4,15,pose_only,False,0,False,True,False,False,True,7.152691193458122,0.5590169943749475,0.5,True,7.123401871576776
v3_sc0_staging_12,L2,4,15,separate,False,0,False,True,False,False,True,7.738477631085025,1.25,0.9394147114027969,True,7.123401871576776
v3_sc0_staging_12,L2,4,15,joint,False,0,False,True,False,False,True,7.621320343559643,1.1313708498984762,0.9394147114027969,True,7.123401871576776
v3_sc0_staging_12,L2,4,15,oracle,False,0,False,True,False,False,True,7.123401871576776,0.5024937810560445,0.45276925690687087,True,7.123401871576776
v3_sc0_staging_12,L2,4,16,uncalibrated,False,0,True,True,True,False,True,6.204163056034261,0.45276925690687087,0.30000000000000004,False,6.233452377915606
v3_sc0_staging_12,L2,4,16,label_cell,False,0,True,True,False,False,True,6.233452377915606,0.5024937810560445,0.5024937810560445,True,6.233452377915606
v3_sc0_staging_12,L2,4,16,geometry,False,0,False,True,False,False,True,6.292031021678298,0.5830951894845301,0.5830951894845301,True,6.233452377915606
v3_sc0_staging_12,L2,4,16,label_only,False,0,False,True,False,False,True,6.89350288425444,1.1597413504743201,1.0,True,6.233452377915606
v3_sc0_staging_12,L2,4,16,pose_only,False,0,False,True,False,False,True,6.262741699796952,0.5385164807134504,0.35000000000000003,True,6.233452377915606
v3_sc0_staging_12,L2,4,16,separate,False,0,False,True,False,False,True,7.0142135623730955,1.2349089035228469,1.05,True,6.233452377915606
v3_sc0_staging_12,L2,4,16,joint,False,0,False,True,False,False,True,6.772792206135787,1.110180165558726,0.9500000000000001,True,6.233452377915606
v3_sc0_staging_12,L2,4,16,oracle,False,0,False,True,False,False,True,6.233452377915606,0.5024937810560445,0.35000000000000003,True,6.233452377915606
v3_sc0_staging_12,L2,4,17,uncalibrated,False,0,True,True,True,False,True,8.102691193458119,0.49244289008980524,0.45,False,8.131980515339464
v3_sc0_staging_12,L2,4,17,label_cell,False,0,True,False,False,False,False,nan,nan,nan,False,8.131980515339464
v3_sc0_staging_12,L2,4,17,geometry,False,0,False,False,False,False,False,nan,nan,nan,False,8.131980515339464
v3_sc0_staging_12,L2,4,17,label_only,False,0,False,True,False,False,True,9.102691193458119,1.1597413504743201,0.45,True,8.131980515339464
v3_sc0_staging_12,L2,4,17,pose_only,False,0,False,True,False,False,True,8.161269837220809,0.5590169943749475,0.45,True,8.131980515339464
v3_sc0_staging_12,L2,4,17,separate,False,0,False,True,False,False,True,9.20269119345812,1.2349089035228469,0.45,True,8.131980515339464
v3_sc0_staging_12,L2,4,17,joint,False,0,False,True,False,False,True,9.00269119345812,1.110180165558726,0.45,True,8.131980515339464
v3_sc0_staging_12,L2,4,17,oracle,False,0,False,True,False,False,True,8.131980515339464,0.5024937810560445,0.45,True,8.131980515339464
v3_sc0_staging_12,L2,4,18,uncalibrated,False,0,True,True,False,False,True,5.11335136523794,0.5656854249492381,0.28284271247461906,True,5.11335136523794
v3_sc0_staging_12,L2,4,18,label_cell,False,0,True,True,False,False,True,5.11335136523794,0.5656854249492381,0.5024937810560445,True,5.11335136523794
v3_sc0_staging_12,L2,4,18,geometry,False,0,False,True,False,False,True,5.201219330881977,0.5830951894845301,0.5830951894845301,True,5.11335136523794
v3_sc0_staging_12,L2,4,18,label_only,False,0,False,True,False,False,True,5.406244584051393,1.1800423721205948,0.21213203435596426,True,5.11335136523794
v3_sc0_staging_12,L2,4,18,pose_only,False,0,False,True,False,False,True,5.11335136523794,0.5656854249492381,0.28284271247461906,True,5.11335136523794
v3_sc0_staging_12,L2,4,18,separate,False,0,False,True,False,False,True,5.464823227814083,1.25,0.21213203435596426,True,5.11335136523794
v3_sc0_staging_12,L2,4,18,joint,False,0,False,True,False,False,True,5.347665940288702,1.1313708498984762,0.21213203435596426,True,5.11335136523794
v3_sc0_staging_12,L2,4,18,oracle,False,0,False,True,False,False,True,5.11335136523794,0.5656854249492381,0.28284271247461906,True,5.11335136523794
v3_sc0_staging_12,L2,4,19,uncalibrated,False,0,True,True,False,False,True,7.061879502661802,0.6726812023536856,0.20615528128088303,True,7.061879502661802
v3_sc0_staging_12,L2,4,19,label_cell,False,0,True,True,False,False,True,7.061879502661802,0.5656854249492381,0.5024937810560445,True,7.061879502661802
v3_sc0_staging_12,L2,4,19,geometry,False,0,False,True,False,False,True,7.149747468305836,0.5830951894845301,0.5830951894845301,True,7.061879502661802
v3_sc0_staging_12,L2,4,19,label_only,False,0,False,True,False,False,True,7.325483399593906,1.1800423721205948,0.20615528128088303,True,7.061879502661802
v3_sc0_staging_12,L2,4,19,pose_only,False,0,False,True,False,False,True,7.061879502661802,0.6726812023536856,0.20615528128088303,True,7.061879502661802
v3_sc0_staging_12,L2,4,19,separate,False,0,False,True,False,False,True,7.384062043356597,1.25,0.20615528128088303,True,7.061879502661802
v3_sc0_staging_12,L2,4,19,joint,False,0,False,True,False,False,True,7.266904755831217,1.1313708498984762,0.20615528128088303,True,7.061879502661802
v3_sc0_staging_12,L2,4,19,oracle,False,0,False,True,False,False,True,7.061879502661802,0.6726812023536856,0.20615528128088303,True,7.061879502661802
v3_sc0_staging_12,L3,0,0,uncalibrated,False,0,True,True,False,False,True,7.161879502661799,0.7433034373659253,0.20615528128088303,True,7.161879502661799
v3_sc0_staging_12,L3,0,0,label_cell,False,0,True,True,True,False,True,7.270458146424488,0.47434164902525694,0.49244289008980524,False,7.161879502661799
v3_sc0_staging_12,L3,0,0,geometry,False,0,False,True,False,False,True,7.646194077712561,0.65,0.65,True,7.161879502661799
v3_sc0_staging_12,L3,0,0,label_only,False,0,False,True,False,False,True,7.571930009000636,1.1672617529928753,0.20615528128088303,True,7.161879502661799
v3_sc0_staging_12,L3,0,0,pose_only,False,0,False,True,False,False,True,7.161879502661799,0.7433034373659253,0.20615528128088303,True,7.161879502661799
v3_sc0_staging_12,L3,0,0,separate,False,0,False,True,False,False,True,7.659797974644666,1.2854960132182442,0.20615528128088303,True,7.161879502661799
v3_sc0_staging_12,L3,0,0,joint,False,1,False,True,False,False,True,8.056244584051393,1.1597413504743201,0.7000000000000001,True,7.161879502661799
v3_sc0_staging_12,L3,0,0,oracle,False,0,False,True,False,False,True,7.161879502661799,0.75,0.20615528128088303,True,7.161879502661799
v3_sc0_staging_12,L3,0,1,uncalibrated,False,0,True,True,True,False,True,6.42842712474619,0.4609772228646444,0.45,False,6.42842712474619
v3_sc0_staging_12,L3,0,1,label_cell,False,0,True,True,True,False,True,6.42842712474619,0.4609772228646444,0.4609772228646444,False,6.42842712474619
v3_sc0_staging_12,L3,0,1,geometry,False,0,False,False,False,False,False,nan,nan,nan,False,6.42842712474619
v3_sc0_staging_12,L3,0,1,label_only,False,0,False,True,False,False,True,7.283452377915606,1.1672617529928753,0.75,True,6.42842712474619
v3_sc0_staging_12,L3,0,1,pose_only,False,0,False,True,False,False,True,6.516295090390226,0.5852349955359814,0.45,True,6.42842712474619
v3_sc0_staging_12,L3,0,1,separate,False,0,False,True,False,False,True,7.454163056034261,1.2854960132182442,0.75,True,6.42842712474619
v3_sc0_staging_12,L3,0,1,joint,False,1,False,False,False,False,False,nan,nan,nan,False,6.42842712474619
v3_sc0_staging_12,L3,0,1,oracle,False,0,False,True,False,False,True,6.42842712474619,0.5024937810560445,0.45,True,6.42842712474619
v3_sc0_staging_12,L3,0,2,uncalibrated,False,0,True,True,True,False,True,5.674873734152918,0.4609772228646444,0.45,False,5.674873734152917
v3_sc0_staging_12,L3,0,2,label_cell,False,0,True,True,True,False,True,5.674873734152918,0.4609772228646444,0.47434164902525694,False,5.674873734152917
v3_sc0_staging_12,L3,0,2,geometry,False,0,False,True,False,False,True,5.821320343559644,0.65,0.65,True,5.674873734152917
v3_sc0_staging_12,L3,0,2,label_only,False,0,False,True,False,False,True,6.42634559672906,1.1672617529928753,0.8500000000000001,True,5.674873734152917
v3_sc0_staging_12,L3,0,2,pose_only,False,0,False,True,False,False,True,5.762741699796952,0.5852349955359814,0.45,True,5.674873734152917
v3_sc0_staging_12,L3,0,2,separate,False,0,False,True,False,False,True,6.5970562748477155,1.2854960132182442,0.8500000000000001,True,5.674873734152917
v3_sc0_staging_12,L3,0,2,joint,False,1,False,True,False,False,True,6.397056274847715,1.1597413504743201,0.8500000000000001,True,5.674873734152917
v3_sc0_staging_12,L3,0,2,oracle,False,0,False,True,False,False,True,5.674873734152917,0.5024937810560445,0.45,True,5.674873734152917
v3_sc0_staging_12,L3,0,3,uncalibrated,False,0,True,True,False,False,True,5.856244584051394,0.6000000000000001,0.223606797749979,True,5.856244584051393
v3_sc0_staging_12,L3,0,3,label_cell,False,0,True,True,True,False,True,5.944112549695429,0.47434164902525694,0.49244289008980524,False,5.856244584051393
v3_sc0_staging_12,L3,0,3,geometry,False,0,False,False,False,False,False,nan,nan,nan,False,5.856244584051393
v3_sc0_staging_12,L3,0,3,label_only,False,0,False,True,False,False,True,6.639087296526014,1.1672617529928753,0.223606797749979,True,5.856244584051393
v3_sc0_staging_12,L3,0,3,pose_only,False,0,False,True,False,False,True,5.856244584051394,0.7000000000000001,0.223606797749979,True,5.856244584051393
v3_sc0_staging_12,L3,0,3,separate,False,0,False,True,False,False,True,6.809797974644667,1.2854960132182442,0.223606797749979,True,5.856244584051393
v3_sc0_staging_12,L3,0,3,joint,False,1,False,False,False,False,False,nan,nan,nan,False,5.856244584051393
v3_sc0_staging_12,L3,0,3,oracle,False,0,False,True,False,False,True,5.856244584051393,0.6000000000000001,0.21213203435596426,True,5.856244584051393
v3_sc0_staging_12,L3,0,4,uncalibrated,False,0,True,True,True,False,True,6.516904755831215,0.4609772228646444,0.4609772228646444,False,6.516904755831215
v3_sc0_staging_12,L3,0,4,label_cell,False,0,True,True,True,False,True,6.516904755831215,0.4609772228646444,0.4609772228646444,False,6.516904755831215
v3_sc0_staging_12,L3,0,4,geometry,False,0,False,False,False,False,False,nan,nan,nan,False,6.516904755831215
v3_sc0_staging_12,L3,0,4,label_only,False,0,False,True,False,False,True,7.102691193458121,1.1672617529928753,0.47434164902525694,True,6.516904755831215
v3_sc0_staging_12,L3,0,4,pose_only,False,0,False,True,False,False,True,6.604772721475252,0.5852349955359814,0.5099019513592785,True,6.516904755831215
v3_sc0_staging_12,L3,0,4,separate,False,0,False,True,False,False,True,7.190559159102159,1.2854960132182442,0.47434164902525694,True,6.516904755831215
v3_sc0_staging_12,L3,0,4,joint,False,1,False,False,False,False,False,nan,nan,nan,False,6.516904755831215
v3_sc0_staging_12,L3,0,4,oracle,False,0,False,True,False,False,True,6.516904755831215,0.5024937810560445,0.45276925690687087,True,6.516904755831215
v3_sc0_staging_12,L3,0,5,uncalibrated,False,0,True,True,False,False,True,7.822539674441621,0.5315072906367325,0.25,True,7.793250352560278
v3_sc0_staging_12,L3,0,5,label_cell,False,0,True,True,False,False,True,8.318986283848345,0.5315072906367325,0.5,True,7.793250352560278
v3_sc0_staging_12,L3,0,5,geometry,False,0,False,False,False,False,False,nan,nan,nan,False,7.793250352560278
v3_sc0_staging_12,L3,0,5,label_only,False,0,False,True,False,False,True,8.232590180780452,1.2206555615733703,0.223606797749979,True,7.793250352560278
v3_sc0_staging_12,L3,0,5,pose_only,False,0,False,True,False,False,True,7.822539674441621,0.6363961030678928,0.25,True,7.793250352560278
v3_sc0_staging_12,L3,0,5,separate,False,0,False,True,False,False,True,8.320458146424489,1.3313526955694348,0.223606797749979,True,7.793250352560278
v3_sc0_staging_12,L3,0,5,joint,False,1,False,False,False,False,False,nan,nan,nan,False,7.793250352560278
v3_sc0_staging_12,L3,0,5,oracle,False,0,False,True,False,False,True,7.793250352560278,0.5147815070493501,0.20615528128088303,True,7.793250352560278
v3_sc0_staging_12,L3,0,6,uncalibrated,False,0,True,True,False,False,True,5.190559159102154,0.5315072906367325,0.35000000000000003,True,5.190559159102154
v3_sc0_staging_12,L3,0,6,label_cell,False,0,True,False,False,False,False,nan,nan,nan,False,5.190559159102154
v3_sc0_staging_12,L3,0,6,geometry,False,0,False,False,False,False,False,nan,nan,nan,False,5.190559159102154
v3_sc0_staging_12,L3,0,6,label_only,False,0,False,True,False,False,True,6.107716446627535,1.2206555615733703,0.55,True,5.190559159102154
v3_sc0_staging_12,L3,0,6,pose_only,False,0,False,True,False,False,True,5.278427124746191,0.6363961030678928,0.45,True,5.190559159102154
v3_sc0_staging_12,L3,0,6,separate,False,0,False,True,False,False,True,6.27842712474619,1.3313526955694348,0.55,True,5.190559159102154
v3_sc0_staging_12,L3,0,6,joint,False,1,False,False,False,False,False,nan,nan,nan,False,5.190559159102154
v3_sc0_staging_12,L3,0,6,oracle,False,0,False,True,False,False,True,5.190559159102154,0.5024937810560445,0.30000000000000004,True,5.190559159102154
v3_sc0_staging_12,L3,0,7,uncalibrated,False,0,True,True,True,False,True,7.587005768508881,0.4609772228646444,0.4,False,7.587005768508881
v3_sc0_staging_12,L3,0,7,label_cell,False,0,True,False,False,False,False,nan,nan,nan,False,7.587005768508881
v3_sc0_staging_12,L3,0,7,geometry,False,0,False,False,False,False,False,nan,nan,nan,False,7.587005768508881
v3_sc0_staging_12,L3,0,7,label_only,False,0,False,True,False,False,True,8.462741699796952,1.1672617529928753,0.4,True,7.587005768508881
v3_sc0_staging_12,L3,0,7,pose_only,False,0,False,True,False,False,True,7.674873734152917,0.5852349955359814,0.4,True,7.587005768508881
v3_sc0_staging_12,L3,0,7,separate,False,0,False,True,False,False,True,8.633452377915606,1.2854960132182442,0.4,True,7.587005768508881
v3_sc0_staging_12,L3,0,7,joint,False,1,False,False,False,False,False,nan,nan,nan,False,7.587005768508881
v3_sc0_staging_12,L3,0,7,oracle,False,0,False,True,False,False,True,7.587005768508881,0.5024937810560445,0.4,True,7.587005768508881
v3_sc0_staging_12,L3,0,8,uncalibrated,False,0,True,True,False,False,True,8.879646455628167,0.5315072906367325,0.35000000000000003,True,8.879646455628167
v3_sc0_staging_12,L3,0,8,label_cell,False,0,True,False,False,False,False,nan,nan,nan,False,8.879646455628167
v3_sc0_staging_12,L3,0,8,geometry,False,0,False,False,False,False,False,nan,nan,nan,False,8.879646455628167
v3_sc0_staging_12,L3,0,8,label_only,False,0,False,True,False,False,True,9.289696961967,1.2206555615733703,0.223606797749979,True,8.879646455628167
v3_sc0_staging_12,L3,0,8,pose_only,False,0,False,True,False,False,True,8.879646455628167,0.6363961030678928,0.35000000000000003,True,8.879646455628167
v3_sc0_staging_12,L3,0,8,separate,False,0,False,True,False,False,True,9.377564927611036,1.3313526955694348,0.223606797749979,True,8.879646455628167
v3_sc0_staging_12,L3,0,8,joint,False,1,False,False,False,False,False,nan,nan,nan,False,8.879646455628167
v3_sc0_staging_12,L3,0,8,oracle,False,0,False,True,False,False,True,8.879646455628167,0.5024937810560445,0.35000000000000003,True,8.879646455628167
v3_sc0_staging_12,L3,0,9,uncalibrated,False,0,True,True,True,False,True,6.226955262170048,0.49244289008980524,0.47434164902525694,False,6.226955262170048
v3_sc0_staging_12,L3,0,9,label_cell,False,0,True,True,True,False,True,6.2562445840513945,0.47434164902525694,0.49244289008980524,False,6.226955262170048
v3_sc0_staging_12,L3,0,9,geometry,False,0,False,True,False,False,True,6.531980515339466,0.65,0.65,True,6.226955262170048
v3_sc0_staging_12,L3,0,9,label_only,False,0,False,True,False,False,True,7.1026911934581225,1.1672617529928753,0.5315072906367325,True,6.226955262170048
v3_sc0_staging_12,L3,0,9,pose_only,False,0,False,True,False,False,True,6.314823227814085,0.5852349955359814,0.47434164902525694,True,6.226955262170048
v3_sc0_staging_12,L3,0,9,separate,False,0,False,True,False,False,True,7.273401871576778,1.2854960132182442,0.5315072906367325,True,6.226955262170048
v3_sc0_staging_12,L3,0,9,joint,False,1,False,True,False,False,True,7.190559159102158,1.1597413504743201,0.7000000000000001,True,6.226955262170048
v3_sc0_staging_12,L3,0,9,oracle,False,0,False,True,False,False,True,6.226955262170048,0.5147815070493501,0.316227766016838,True,6.226955262170048
v3_sc0_staging_12,L3,0,10,uncalibrated,False,0,True,True,False,False,True,3.972792206135786,0.7762087348130012,0.608276253029822,True,3.972792206135786
v3_sc0_staging_12,L3,0,10,label_cell,False,0,True,True,False,False,True,3.972792206135786,0.7762087348130012,0.608276253029822,True,3.972792206135786
v3_sc0_staging_12,L3,0,10,geometry,False,0,False,True,False,False,True,3.972792206135786,0.7762087348130012,0.7516648189186454,True,3.972792206135786
v3_sc0_staging_12,L3,0,10,label_only,False,0,False,True,False,False,True,4.097056274847715,1.2658988901172163,0.7516648189186454,True,3.972792206135786
v3_sc0_staging_12,L3,0,10,pose_only,False,0,False,True,False,False,True,3.972792206135786,0.7762087348130012,0.608276253029822,True,3.972792206135786
v3_sc0_staging_12,L3,0,10,separate,False,0,False,True,False,False,True,4.179898987322334,1.3829316685939332,0.7516648189186454,True,3.972792206135786
v3_sc0_staging_12,L3,0,10,joint,False,1,False,True,False,False,True,4.097056274847715,1.2589678312014172,0.7516648189186454,True,3.972792206135786
v3_sc0_staging_12,L3,0,10,oracle,False,0,False,True,False,False,True,3.972792206135786,0.5099019513592785,0.5220153254455275,True,3.972792206135786
v3_sc0_staging_12,L3,0,11,uncalibrated,False,0,True,True,False,False,True,4.650609665440988,0.6000000000000001,0.35000000000000003,True,4.650609665440988
v3_sc0_staging_12,L3,0,11,label_cell,False,0,True,False,False,False,False,nan,nan,nan,False,4.650609665440988
v3_sc0_staging_12,L3,0,11,geometry,False,0,False,False,False,False,False,nan,nan,nan,False,4.650609665440988
v3_sc0_staging_12,L3,0,11,label_only,False,0,False,True,False,False,True,5.34558441227157,1.2206555615733703,0.55,True,4.650609665440988
v3_sc0_staging_12,L3,0,11,pose_only,False,0,False,True,False,False,True,4.650609665440988,0.65,0.45,True,4.650609665440988
v3_sc0_staging_12,L3,0,11,separate,False,0,False,True,False,False,True,5.516295090390225,1.3313526955694348,0.55,True,4.650609665440988
v3_sc0_staging_12,L3,0,11,joint,False,1,False,False,False,False,False,nan,nan,nan,False,4.650609665440988
v3_sc0_staging_12,L3,0,11,oracle,False,0,False,True,False,False,True,4.650609665440988,0.5024937810560445,0.30000000000000004,True,4.650609665440988
v3_sc0_staging_12,L3,0,12,uncalibrated,False,0,True,True,False,False,True,8.765432893255072,0.5315072906367325,0.35000000000000003,True,8.848275605729691
v3_sc0_staging_12,L3,0,12,label_cell,False,0,True,True,False,False,True,8.85330085889911,0.5315072906367325,0.35000000000000003,True,8.848275605729691
v3_sc0_staging_12,L3,0,12,geometry,False,0,False,False,False,False,False,nan,nan,nan,False,8.848275605729691
v3_sc0_staging_12,L3,0,12,label_only,False,0,False,True,False,False,True,9.175483399593904,1.2206555615733703,0.223606797749979,True,8.848275605729691
v3_sc0_staging_12,L3,0,12,pose_only,False,0,False,True,False,False,True,8.765432893255072,0.6363961030678928,0.35000000000000003,True,8.848275605729691
v3_sc0_staging_12,L3,0,12,separate,False,0,False,True,False,False,True,9.263351365237941,1.3313526955694348,0.223606797749979,True,8.848275605729691
v3_sc0_staging_12,L3,0,12,joint,False,1,False,False,False,False,False,nan,nan,nan,False,8.848275605729691
v3_sc0_staging_12,L3,0,12,oracle,False,0,False,True,False,False,True,8.848275605729691,0.5147815070493501,0.35000000000000003,True,8.848275605729691
v3_sc0_staging_12,L3,0,13,uncalibrated,False,0,True,True,False,False,True,9.98761543394987,0.5315072906367325,0.35000000000000003,True,9.98761543394987
v3_sc0_staging_12,L3,0,13,label_cell,False,0,True,False,False,False,False,nan,nan,nan,False,9.98761543394987
v3_sc0_staging_12,L3,0,13,geometry,False,0,False,False,False,False,False,nan,nan,nan,False,9.98761543394987
v3_sc0_staging_12,L3,0,13,label_only,False,0,False,True,False,False,True,10.832590180780452,1.2206555615733703,0.223606797749979,True,9.98761543394987
v3_sc0_staging_12,L3,0,13,pose_only,False,0,False,True,False,False,True,10.008326112068525,0.6363961030678928,0.3535533905932738,True,9.98761543394987
v3_sc0_staging_12,L3,0,13,separate,False,0,False,True,False,False,True,11.003300858899108,1.3313526955694348,0.223606797749979,True,9.98761543394987
v3_sc0_staging_12,L3,0,13,joint,False,1,False,False,False,False,False,nan,nan,nan,False,9.98761543394987
v3_sc0_staging_12,L3,0,13,oracle,False,0,False,True,False,False,True,9.98761543394987,0.5024937810560445,0.30000000000000004,True,9.98761543394987
v3_sc0_staging_12,L3,0,14,uncalibrated,False,0,True,True,False,False,True,7.499747468305834,0.5315072906367325,0.32015621187164245,True,7.499747468305834
v3_sc0_staging_12,L3,0,14,label_cell,False,0,True,False,False,False,False,nan,nan,nan,False,7.499747468305834
v3_sc0_staging_12,L3,0,14,geometry,False,0,False,False,False,False,False,nan,nan,nan,False,7.499747468305834
v3_sc0_staging_12,L3,0,14,label_only,False,0,False,True,False,False,True,8.158326112068522,1.2206555615733703,0.223606797749979,True,7.499747468305834
v3_sc0_staging_12,L3,0,14,pose_only,False,0,False,True,False,False,True,7.499747468305834,0.6363961030678928,0.32015621187164245,True,7.499747468305834
v3_sc0_staging_12,L3,0,14,separate,False,0,False,True,False,False,True,8.329036790187178,1.3313526955694348,0.223606797749979,True,7.499747468305834
v3_sc0_staging_12,L3,0,14,joint,False,1,False,False,False,False,False,nan,nan,nan,False,7.499747468305834
v3_sc0_staging_12,L3,0,14,oracle,False,0,False,True,False,False,True,7.499747468305834,0.5024937810560445,0.30000000000000004,True,7.499747468305834
v3_sc0_staging_12,L3,0,15,uncalibrated,False,0,True,True,True,False,True,7.194112549695432,0.4609772228646444,0.4,False,7.19411254969543
v3_sc0_staging_12,L3,0,15,label_cell,False,0,True,True,True,False,True,7.194112549695432,0.4609772228646444,0.4609772228646444,False,7.19411254969543
v3_sc0_staging_12,L3,0,15,geometry,False,0,False,True,False,False,True,7.340559159102155,0.65,0.65,True,7.19411254969543
v3_sc0_staging_12,L3,0,15,label_only,False,0,False,True,False,False,True,7.779898987322333,1.1672617529928753,0.9,True,7.19411254969543
v3_sc0_staging_12,L3,0,15,pose_only,False,0,False,True,False,False,True,7.28198051533947,0.5852349955359814,0.5852349955359814,True,7.19411254969543
v3_sc0_staging_12,L3,0,15,separate,False,0,False,True,False,False,True,7.867766952966369,1.2854960132182442,0.9,True,7.19411254969543
v3_sc0_staging_12,L3,0,15,joint,False,1,False,True,False,False,True,7.7506096654409875,1.1597413504743201,0.9,True,7.19411254969543
v3_sc0_staging_12,L3,0,15,oracle,False,0,False,True,False,False,True,7.19411254969543,0.5024937810560445,0.4,True,7.19411254969543
v3_sc0_staging_12,L3,0,16,uncalibrated,False,0,True,True,False,False,True,6.254163056034262,0.5024937810560445,0.35000000000000003,True,6.254163056034261
v3_sc0_staging_12,L3,0,16,label_cell,False,0,True,True,False,False,True,6.254163056034261,0.5024937810560445,0.5099019513592785,True,6.254163056034261
v3_sc0_staging_12,L3,0,16,geometry,False,0,False,True,False,False,True,6.400609665440988,0.7071067811865476,0.7433034373659253,True,6.254163056034261
v3_sc0_staging_12,L3,0,16,label_only,False,0,False,True,False,False,True,6.964213562373096,1.1884864324004714,1.05,True,6.254163056034261
v3_sc0_staging_12,L3,0,16,pose_only,False,0,False,True,False,False,True,6.342031021678298,0.6363961030678928,0.45,True,6.254163056034261
v3_sc0_staging_12,L3,0,16,separate,False,0,False,True,False,False,True,7.17634559672906,1.2971121771072847,1.05,True,6.254163056034261
v3_sc0_staging_12,L3,0,16,joint,False,1,False,True,False,False,True,6.934924240491751,1.1884864324004714,1.05,True,6.254163056034261
v3_sc0_staging_12,L3,0,16,oracle,False,0,False,True,False,False,True,6.254163056034261,0.5024937810560445,0.30000000000000004,True,6.254163056034261
v3_sc0_staging_12,L3,0,17,uncalibrated,False,0,True,True,True,False,True,8.25269119345812,0.4609772228646444,0.45,False,8.25269119345812
v3_sc0_staging_12,L3,0,17,label_cell,False,0,True,False,False,False,False,nan,nan,nan,False,8.25269119345812
v3_sc0_staging_12,L3,0,17,geometry,False,0,False,False,False,False,False,nan,nan,nan,False,8.25269119345812
v3_sc0_staging_12,L3,0,17,label_only,False,0,False,True,False,False,True,9.21126983722081,1.1672617529928753,0.45,True,8.25269119345812
v3_sc0_staging_12,L3,0,17,pose_only,False,0,False,True,False,False,True,8.340559159102154,0.5852349955359814,0.45,True,8.25269119345812
v3_sc0_staging_12,L3,0,17,separate,False,0,False,True,False,False,True,9.381980515339464,1.2854960132182442,0.45,True,8.25269119345812
v3_sc0_staging_12,L3,0,17,joint,False,1,False,False,False,False,False,nan,nan,nan,False,8.25269119345812
v3_sc0_staging_12,L3,0,17,oracle,False,0,False,True,False,False,True,8.25269119345812,0.5024937810560445,0.45,True,8.25269119345812
v3_sc0_staging_12,L3,0,18,uncalibrated,False,0,True,True,False,False,True,5.04619407771256,0.6363961030678928,0.3535533905932738,True,5.04619407771256
v3_sc0_staging_12,L3,0,18,label_cell,False,0,True,True,True,False,True,5.134062043356595,0.47434164902525694,0.49244289008980524,False,5.04619407771256
v3_sc0_staging_12,L3,0,18,geometry,False,0,False,True,False,False,True,5.447665940288703,0.65,0.65,True,5.04619407771256
v3_sc0_staging_12,L3,0,18,label_only,False,0,False,True,False,False,True,5.514823227814084,1.1672617529928753,0.223606797749979,True,5.04619407771256
v3_sc0_staging_12,L3,0,18,pose_only,False,0,False,True,False,False,True,5.04619407771256,0.6363961030678928,0.3535533905932738,True,5.04619407771256
v3_sc0_staging_12,L3,0,18,separate,False,0,False,True,False,False,True,5.602691193458119,1.2854960132182442,0.223606797749979,True,5.04619407771256
v3_sc0_staging_12,L3,0,18,joint,False,1,False,True,False,False,True,5.857716446627536,1.1597413504743201,0.7071067811865476,True,5.04619407771256
v3_sc0_staging_12,L3,0,18,oracle,False,0,False,True,False,False,True,5.04619407771256,0.6363961030678928,0.3535533905932738,True,5.04619407771256
v3_sc0_staging_12,L3,0,19,uncalibrated,False,0,True,True,False,False,True,7.015432893255076,0.7433034373659253,0.20615528128088303,True,7.015432893255074
v3_sc0_staging_12,L3,0,19,label_cell,False,0,True,True,True,False,True,7.132590180780454,0.47434164902525694,0.49244289008980524,False,7.015432893255074
v3_sc0_staging_12,L3,0,19,geometry,False,0,False,False,False,False,False,nan,nan,nan,False,7.015432893255074
v3_sc0_staging_12,L3,0,19,label_only,False,0,False,True,False,False,True,7.425483399593907,1.1672617529928753,0.20615528128088303,True,7.015432893255074
v3_sc0_staging_12,L3,0,19,pose_only,False,0,False,True,False,False,True,7.015432893255076,0.7433034373659253,0.20615528128088303,True,7.015432893255074
v3_sc0_staging_12,L3,0,19,separate,False,0,False,True,False,False,True,7.513351365237944,1.2854960132182442,0.20615528128088303,True,7.015432893255074
v3_sc0_staging_12,L3,0,19,joint,False,1,False,False,False,False,False,nan,nan,nan,False,7.015432893255074
v3_sc0_staging_12,L3,0,19,oracle,False,0,False,True,False,False,True,7.015432893255074,0.7433034373659253,0.20615528128088303,True,7.015432893255074
v3_sc0_staging_12,L3,1,0,uncalibrated,False,0,True,True,False,False,True,7.30477272147525,0.6000000000000001,0.28284271247461906,True,7.284062043356596
v3_sc0_staging_12,L3,1,0,label_cell,False,0,True,True,False,False,True,7.4790367901871795,0.6363961030678928,0.6000000000000001,True,7.284062043356596
v3_sc0_staging_12,L3,1,0,geometry,False,0,False,False,False,False,False,nan,nan,nan,False,7.284062043356596
v3_sc0_staging_12,L3,1,0,label_only,False,0,False,True,False,False,True,7.50979797464467,1.1800423721205948,0.28284271247461906,True,7.284062043356596
v3_sc0_staging_12,L3,1,0,pose_only,False,0,False,True,False,False,True,7.30477272147525,0.6000000000000001,0.28284271247461906,True,7.284062043356596
v3_sc0_staging_12,L3,1,0,separate,False,0,False,True,False,False,True,7.597665940288703,1.2816005617976298,0.28284271247461906,True,7.284062043356596
v3_sc0_staging_12,L3,1,0,joint,False,1,False,False,False,False,False,nan,nan,nan,False,7.284062043356596
v3_sc0_staging_12,L3,1,0,oracle,False,0,False,True,False,False,True,7.284062043356596,0.6000000000000001,0.20615528128088303,True,7.284062043356596
v3_sc0_staging_12,L3,1,1,uncalibrated,False,0,True,True,True,False,True,6.337005768508881,0.447213595499958,0.447213595499958,False,6.387005768508882
v3_sc0_staging_12,L3,1,1,label_cell,False,0,True,True,True,False,True,6.366295090390226,0.45276925690687087,0.45276925690687087,False,6.387005768508882
v3_sc0_staging_12,L3,1,1,geometry,False,0,False,True,False,False,True,6.533452377915609,0.65,0.65,True,6.387005768508882
v3_sc0_staging_12,L3,1,1,label_only,False,0,False,True,False,False,True,7.109188309203677,1.1543396380615196,0.7433034373659253,True,6.387005768508882
v3_sc0_staging_12,L3,1,1,pose_only,False,0,False,True,False,False,True,6.424873734152917,0.5590169943749475,0.5,True,6.387005768508882
v3_sc0_staging_12,L3,1,1,separate,False,0,False,True,False,False,True,7.2798989873223325,1.264911064067352,0.7433034373659253,True,6.387005768508882
v3_sc0_staging_12,L3,1,1,joint,False,1,False,True,False,False,True,7.079898987322332,1.140175425099138,0.7433034373659253,True,6.387005768508882
v3_sc0_staging_12,L3,1,1,oracle,False,0,False,True,False,False,True,6.387005768508882,0.5024937810560445,0.5,True,6.387005768508882
v3_sc0_staging_12,L3,1,2,uncalibrated,False,0,True,True,True,False,True,5.533452377915609,0.49244289008980524,0.4,False,5.562741699796953
v3_sc0_staging_12,L3,1,2,label_cell,False,0,True,True,False,False,True,5.562741699796954,0.5147815070493501,0.5147815070493501,True,5.562741699796953
v3_sc0_staging_12,L3,1,2,geometry,False,0,False,True,False,False,True,5.792031021678298,0.6800735254367722,0.6800735254367722,True,5.562741699796953
v3_sc0_staging_12,L3,1,2,label_only,False,0,False,True,False,False,True,6.40918830920368,1.1543396380615196,0.8,True,5.562741699796953
v3_sc0_staging_12,L3,1,2,pose_only,False,0,False,True,False,False,True,5.621320343559643,0.6000000000000001,0.4,True,5.562741699796953
v3_sc0_staging_12,L3,1,2,separate,False,0,False,True,False,False,True,6.579898987322334,1.264911064067352,0.8062257748298549,True,5.562741699796953
v3_sc0_staging_12,L3,1,2,joint,False,1,False,True,False,False,True,6.379898987322334,1.140175425099138,0.8,True,5.562741699796953
v3_sc0_staging_12,L3,1,2,oracle,False,0,False,True,False,False,True,5.562741699796953,0.5147815070493501,0.4,True,5.562741699796953
v3_sc0_staging_12,L3,1,3,uncalibrated,False,0,True,True,False,False,True,5.899137802864846,0.55,0.28284271247461906,True,5.899137802864846
v3_sc0_staging_12,L3,1,3,label_cell,False,0,True,True,False,False,True,6.04411254969543,0.6363961030678928,0.552268050859363,True,5.899137802864846
v3_sc0_staging_12,L3,1,3,geometry,False,0,False,False,False,False,False,nan,nan,nan,False,5.899137802864846
v3_sc0_staging_12,L3,1,3,label_only,False,0,False,True,False,False,True,6.518376618407359,1.1597413504743201,0.28284271247461906,True,5.899137802864846
v3_sc0_staging_12,L3,1,3,pose_only,False,0,False,True,False,False,True,5.899137802864846,0.7000000000000001,0.28284271247461906,True,5.899137802864846
v3_sc0_staging_12,L3,1,3,separate,False,0,False,True,False,False,True,6.689087296526015,1.2747548783981963,0.28284271247461906,True,5.899137802864846
v3_sc0_staging_12,L3,1,3,joint,False,1,False,False,False,False,False,nan,nan,nan,False,5.899137802864846
v3_sc0_staging_12,L3,1,3,oracle,False,0,False,True,False,False,True,5.899137802864846,0.55,0.20615528128088303,True,5.899137802864846
v3_sc0_staging_12,L3,1,4,uncalibrated,False,0,True,True,True,False,True,6.38761543394987,0.447213595499958,0.35000000000000003,False,6.416904755831215
v3_sc0_staging_12,L3,1,4,label_cell,False,0,True,True,True,False,True,6.416904755831215,0.4609772228646444,0.4609772228646444,False,6.416904755831215
v3_sc0_staging_12,L3,1,4,geometry,False,0,False,True,False,False,True,6.563351365237944,0.65,0.65,True,6.416904755831215
v3_sc0_staging_12,L3,1,4,label_only,False,0,False,True,False,False,True,6.973401871576775,1.1543396380615196,0.5590169943749475,True,6.416904755831215
v3_sc0_staging_12,L3,1,4,pose_only,False,0,False,True,False,False,True,6.475483399593905,0.5590169943749475,0.5590169943749475,True,6.416904755831215
v3_sc0_staging_12,L3,1,4,separate,False,0,False,True,False,False,True,7.061269837220812,1.264911064067352,0.5590169943749475,True,6.416904755831215
v3_sc0_staging_12,L3,1,4,joint,False,1,False,True,False,False,True,6.944112549695433,1.140175425099138,0.7158910531638177,True,6.416904755831215
v3_sc0_staging_12,L3,1,4,oracle,False,0,False,True,False,False,True,6.416904755831215,0.5024937810560445,0.35000000000000003,True,6.416904755831215
v3_sc0_staging_12,L3,1,5,uncalibrated,False,0,True,False,False,False,False,nan,nan,nan,False,7.936143571373731
v3_sc0_staging_12,L3,1,5,label_cell,False,0,True,False,False,False,False,nan,nan,nan,False,7.936143571373731
v3_sc0_staging_12,L3,1,5,geometry,False,0,False,False,False,False,False,nan,nan,nan,False,7.936143571373731
v3_sc0_staging_12,L3,1,5,label_only,False,0,False,False,False,False,False,nan,nan,nan,False,7.936143571373731
v3_sc0_staging_12,L3,1,5,pose_only,False,0,False,False,False,False,False,nan,nan,nan,False,7.936143571373731
v3_sc0_staging_12,L3,1,5,separate,False,0,False,False,False,False,False,nan,nan,nan,False,7.936143571373731
v3_sc0_staging_12,L3,1,5,joint,False,1,False,False,False,False,False,nan,nan,nan,False,7.936143571373731
v3_sc0_staging_12,L3,1,5,oracle,False,0,False,True,False,False,True,7.936143571373731,0.5024937810560445,0.21213203435596426,True,7.936143571373731
v3_sc0_staging_12,L3,1,6,uncalibrated,False,0,True,True,True,False,True,5.002691193458119,0.45276925690687087,0.30000000000000004,False,5.031980515339464
v3_sc0_staging_12,L3,1,6,label_cell,False,0,True,True,False,False,True,5.094112549695429,0.5024937810560445,0.5024937810560445,True,5.031980515339464
v3_sc0_staging_12,L3,1,6,geometry,False,0,False,False,False,False,False,nan,nan,nan,False,5.031980515339464
v3_sc0_staging_12,L3,1,6,label_only,False,0,False,True,False,False,True,5.9198484809835,1.1597413504743201,0.5385164807134504,True,5.031980515339464
v3_sc0_staging_12,L3,1,6,pose_only,False,0,False,True,False,False,True,5.090559159102154,0.570087712549569,0.4,True,5.031980515339464
v3_sc0_staging_12,L3,1,6,separate,False,0,False,True,False,False,True,6.149137802864846,1.2747548783981963,0.5385164807134504,True,5.031980515339464
v3_sc0_staging_12,L3,1,6,joint,False,1,False,False,False,False,False,nan,nan,nan,False,5.031980515339464
v3_sc0_staging_12,L3,1,6,oracle,False,0,False,True,False,False,True,5.031980515339464,0.5024937810560445,0.35000000000000003,True,5.031980515339464
v3_sc0_staging_12,L3,1,7,uncalibrated,False,0,True,True,True,False,True,7.295584412271572,0.49244289008980524,0.4,False,7.324873734152916
v3_sc0_staging_12,L3,1,7,label_cell,False,0,True,False,False,False,False,nan,nan,nan,False,7.324873734152916
v3_sc0_staging_12,L3,1,7,geometry,False,0,False,False,False,False,False,nan,nan,nan,False,7.324873734152916
v3_sc0_staging_12,L3,1,7,label_only,False,0,False,True,False,False,True,8.37842712474619,1.1543396380615196,0.4,True,7.324873734152916
v3_sc0_staging_12,L3,1,7,pose_only,False,0,False,True,False,False,True,7.3834523779156065,0.5590169943749475,0.4,True,7.324873734152916
v3_sc0_staging_12,L3,1,7,separate,False,0,False,True,False,False,True,8.549137802864847,1.264911064067352,0.4,True,7.324873734152916
v3_sc0_staging_12,L3,1,7,joint,False,1,False,False,False,False,False,nan,nan,nan,False,7.324873734152916
v3_sc0_staging_12,L3,1,7,oracle,False,0,False,True,False,False,True,7.324873734152916,0.5024937810560445,0.4,True,7.324873734152916
v3_sc0_staging_12,L3,1,8,uncalibrated,False,0,True,True,True,False,True,9.039696961967001,0.45276925690687087,0.316227766016838,False,9.039696961967001
v3_sc0_staging_12,L3,1,8,label_cell,False,0,True,False,False,False,False,nan,nan,nan,False,9.039696961967001
v3_sc0_staging_12,L3,1,8,geometry,False,0,False,False,False,False,False,nan,nan,nan,False,9.039696961967001
v3_sc0_staging_12,L3,1,8,label_only,False,0,False,True,False,False,True,9.244722215136418,1.1597413504743201,0.25,True,9.039696961967001
v3_sc0_staging_12,L3,1,8,pose_only,False,0,False,True,False,False,True,9.039696961967001,0.570087712549569,0.4,True,9.039696961967001
v3_sc0_staging_12,L3,1,8,separate,False,0,False,True,False,False,True,9.332590180780452,1.2747548783981963,0.25,True,9.039696961967001
v3_sc0_staging_12,L3,1,8,joint,False,1,False,False,False,False,False,nan,nan,nan,False,9.039696961967001
v3_sc0_staging_12,L3,1,8,oracle,False,0,False,True,False,False,True,9.039696961967001,0.5024937810560445,0.3535533905932738,True,9.039696961967001
v3_sc0_staging_12,L3,1,9,uncalibrated,False,0,True,True,False,False,True,6.173401871576775,0.5,0.316227766016838,True,6.173401871576775
v3_sc0_staging_12,L3,1,9,label_cell,False,0,True,True,False,False,True,6.214823227814085,0.6363961030678928,0.552268050859363,True,6.173401871576775
v3_sc0_staging_12,L3,1,9,geometry,False,0,False,False,False,False,False,nan,nan,nan,False,6.173401871576775
v3_sc0_staging_12,L3,1,9,label_only,False,0,False,True,False,False,True,6.956244584051397,1.1543396380615196,0.4609772228646444,True,6.173401871576775
v3_sc0_staging_12,L3,1,9,pose_only,False,0,False,True,False,False,True,6.173401871576775,0.6000000000000001,0.42720018726587655,True,6.173401871576775
v3_sc0_staging_12,L3,1,9,separate,False,0,False,True,False,False,True,7.126955262170049,1.264911064067352,0.4609772228646444,True,6.173401871576775
v3_sc0_staging_12,L3,1,9,joint,False,1,False,False,False,False,False,nan,nan,nan,False,6.173401871576775
v3_sc0_staging_12,L3,1,9,oracle,False,0,False,True,False,False,True,6.173401871576775,0.6000000000000001,0.42720018726587655,True,6.173401871576775
v3_sc0_staging_12,L3,1,10,uncalibrated,False,0,True,True,False,False,True,3.9278174593052024,0.6576473218982953,0.55,True,3.9278174593052024
v3_sc0_staging_12,L3,1,10,label_cell,False,0,True,True,False,False,True,3.9278174593052024,0.552268050859363,0.552268050859363,True,3.9278174593052024
v3_sc0_staging_12,L3,1,10,geometry,False,0,False,True,False,False,True,3.9278174593052024,0.9219544457292888,0.75,True,3.9278174593052024
v3_sc0_staging_12,L3,1,10,label_only,False,0,False,True,False,False,True,4.052081528017131,1.1597413504743201,0.75,True,3.9278174593052024
v3_sc0_staging_12,L3,1,10,pose_only,False,0,False,True,False,False,True,3.9278174593052024,0.6576473218982953,0.55,True,3.9278174593052024
v3_sc0_staging_12,L3,1,10,separate,False,0,False,True,False,False,True,4.13492424049175,1.2747548783981963,0.75,True,3.9278174593052024
v3_sc0_staging_12,L3,1,10,joint,False,1,False,True,False,False,True,4.052081528017132,1.1543396380615196,0.75,True,3.9278174593052024
v3_sc0_staging_12,L3,1,10,oracle,False,0,False,True,False,False,True,3.9278174593052024,0.6576473218982953,0.55,True,3.9278174593052024
v3_sc0_staging_12,L3,1,11,uncalibrated,False,0,True,True,True,False,True,4.63492424049175,0.45276925690687087,0.30000000000000004,False,4.63492424049175
v3_sc0_staging_12,L3,1,11,label_cell,False,0,True,False,False,False,False,nan,nan,nan,False,4.63492424049175
v3_sc0_staging_12,L3,1,11,geometry,False,0,False,False,False,False,False,nan,nan,nan,False,4.63492424049175
v3_sc0_staging_12,L3,1,11,label_only,False,0,False,True,False,False,True,5.157716446627535,1.1597413504743201,0.5099019513592785,True,4.63492424049175
v3_sc0_staging_12,L3,1,11,pose_only,False,0,False,True,False,False,True,4.655634918610405,0.6000000000000001,0.4,True,4.63492424049175
v3_sc0_staging_12,L3,1,11,separate,False,0,False,True,False,False,True,5.328427124746191,1.2747548783981963,0.5099019513592785,True,4.63492424049175
v3_sc0_staging_12,L3,1,11,joint,False,1,False,False,False,False,False,nan,nan,nan,False,4.63492424049175
v3_sc0_staging_12,L3,1,11,oracle,False,0,False,True,False,False,True,4.63492424049175,0.5024937810560445,0.35000000000000003,True,4.63492424049175
v3_sc0_staging_12,L3,1,12,uncalibrated,False,0,True,True,True,False,True,9.074011537017762,0.45276925690687087,0.45276925690687087,False,9.032590180780451
v3_sc0_staging_12,L3,1,12,label_cell,False,0,True,False,False,False,False,nan,nan,nan,False,9.032590180780451
v3_sc0_staging_12,L3,1,12,geometry,False,0,False,False,False,False,False,nan,nan,nan,False,9.032590180780451
v3_sc0_staging_12,L3,1,12,label_only,False,0,False,True,False,False,True,9.27903679018718,1.1597413504743201,0.25,True,9.032590180780451
v3_sc0_staging_12,L3,1,12,pose_only,False,0,False,True,False,False,True,9.074011537017762,0.570087712549569,0.4609772228646444,True,9.032590180780451
v3_sc0_staging_12,L3,1,12,separate,False,0,False,True,False,False,True,9.366904755831214,1.2747548783981963,0.25,True,9.032590180780451
v3_sc0_staging_12,L3,1,12,joint,False,1,False,False,False,False,False,nan,nan,nan,False,9.032590180780451
v3_sc0_staging_12,L3,1,12,oracle,False,0,False,True,False,False,True,9.032590180780451,0.5024937810560445,0.35000000000000003,True,9.032590180780451
v3_sc0_staging_12,L3,1,13,uncalibrated,False,0,True,True,True,False,True,9.968376618407357,0.45276925690687087,0.30000000000000004,False,9.968376618407358
v3_sc0_staging_12,L3,1,13,label_cell,False,0,True,False,False,False,False,nan,nan,nan,False,9.968376618407358
v3_sc0_staging_12,L3,1,13,geometry,False,0,False,False,False,False,False,nan,nan,nan,False,9.968376618407358
v3_sc0_staging_12,L3,1,13,label_only,False,0,False,True,False,False,True,10.691168824543144,1.1597413504743201,0.25,True,9.968376618407358
v3_sc0_staging_12,L3,1,13,pose_only,False,0,False,True,False,False,True,9.989087296526012,0.570087712549569,0.4,True,9.968376618407358
v3_sc0_staging_12,L3,1,13,separate,False,0,False,True,False,False,True,10.861879502661798,1.2747548783981963,0.25,True,9.968376618407358
v3_sc0_staging_12,L3,1,13,joint,False,1,False,False,False,False,False,nan,nan,nan,False,9.968376618407358
v3_sc0_staging_12,L3,1,13,oracle,False,0,False,True,False,False,True,9.968376618407358,0.5024937810560445,0.35000000000000003,True,9.968376618407358
v3_sc0_staging_12,L3,1,14,uncalibrated,False,0,True,True,True,False,True,7.601219330881978,0.45276925690687087,0.30000000000000004,False,7.601219330881976
v3_sc0_staging_12,L3,1,14,label_cell,False,0,True,False,False,False,False,nan,nan,nan,False,7.601219330881976
v3_sc0_staging_12,L3,1,14,geometry,False,0,False,False,False,False,False,nan,nan,nan,False,7.601219330881976
v3_sc0_staging_12,L3,1,14,label_only,False,0,False,True,False,False,True,8.137615433949867,1.1597413504743201,0.25,True,7.601219330881976
v3_sc0_staging_12,L3,1,14,pose_only,False,0,False,True,False,False,True,7.601219330881976,0.570087712549569,0.38078865529319544,True,7.601219330881976
v3_sc0_staging_12,L3,1,14,separate,False,0,False,True,False,False,True,8.308326112068526,1.2747548783981963,0.25,True,7.601219330881976
v3_sc0_staging_12,L3,1,14,joint,False,1,False,False,False,False,False,nan,nan,nan,False,7.601219330881976
v3_sc0_staging_12,L3,1,14,oracle,False,0,False,True,False,False,True,7.601219330881976,0.5024937810560445,0.35000000000000003,True,7.601219330881976
v3_sc0_staging_12,L3,1,15,uncalibrated,False,0,True,True,True,False,True,6.973401871576775,0.447213595499958,0.35000000000000003,False,7.002691193458121
v3_sc0_staging_12,L3,1,15,label_cell,False,0,True,True,True,False,True,7.002691193458121,0.45276925690687087,0.45276925690687087,False,7.002691193458121
v3_sc0_staging_12,L3,1,15,geometry,False,0,False,True,False,False,True,7.14913780286485,0.65,0.65,True,7.002691193458121
v3_sc0_staging_12,L3,1,15,label_only,False,0,False,True,False,False,True,7.5591883092036785,1.1543396380615196,0.9192388155425117,True,7.002691193458121
v3_sc0_staging_12,L3,1,15,pose_only,False,0,False,True,False,False,True,7.061269837220812,0.5590169943749475,0.5590169943749475,True,7.002691193458121
v3_sc0_staging_12,L3,1,15,separate,False,0,False,True,False,False,True,7.729898987322333,1.264911064067352,0.9192388155425117,True,7.002691193458121
v3_sc0_staging_12,L3,1,15,joint,False,1,False,True,False,False,True,7.5298989873223325,1.140175425099138,0.9192388155425117,True,7.002691193458121
v3_sc0_staging_12,L3,1,15,oracle,False,0,False,True,False,False,True,7.002691193458121,0.5024937810560445,0.35000000000000003,True,7.002691193458121
v3_sc0_staging_12,L3,1,16,uncalibrated,False,0,True,True,True,False,True,6.1334523779156065,0.45276925690687087,0.30000000000000004,False,6.1627416997969515
v3_sc0_staging_12,L3,1,16,label_cell,False,0,True,True,False,False,True,6.162741699796952,0.5024937810560445,0.5024937810560445,True,6.1627416997969515
v3_sc0_staging_12,L3,1,16,geometry,False,0,False,True,False,False,True,6.3091883092036785,0.7000000000000001,0.7000000000000001,True,6.1627416997969515
v3_sc0_staging_12,L3,1,16,label_only,False,0,False,True,False,False,True,6.802081528017131,1.1597413504743201,1.0,True,6.1627416997969515
v3_sc0_staging_12,L3,1,16,pose_only,False,0,False,True,False,False,True,6.221320343559643,0.570087712549569,0.4,True,6.1627416997969515
v3_sc0_staging_12,L3,1,16,separate,False,0,False,True,False,False,True,7.0142135623730955,1.2747548783981963,1.004987562112089,True,6.1627416997969515
v3_sc0_staging_12,L3,1,16,joint,False,1,False,True,False,False,True,6.772792206135787,1.1543396380615196,1.0,True,6.1627416997969515
v3_sc0_staging_12,L3,1,16,oracle,False,0,False,True,False,False,True,6.1627416997969515,0.5024937810560445,0.35000000000000003,True,6.1627416997969515
v3_sc0_staging_12,L3,1,17,uncalibrated,False,0,True,True,True,False,True,8.023401871576773,0.49244289008980524,0.35000000000000003,False,8.05269119345812
v3_sc0_staging_12,L3,1,17,label_cell,False,0,True,False,False,False,False,nan,nan,nan,False,8.05269119345812
v3_sc0_staging_12,L3,1,17,geometry,False,0,False,False,False,False,False,nan,nan,nan,False,8.05269119345812
v3_sc0_staging_12,L3,1,17,label_only,False,0,False,True,False,False,True,9.147665940288704,1.1543396380615196,0.45,True,8.05269119345812
v3_sc0_staging_12,L3,1,17,pose_only,False,0,False,True,False,False,True,8.15269119345812,0.5590169943749475,0.35000000000000003,True,8.05269119345812
v3_sc0_staging_12,L3,1,17,separate,False,0,False,True,False,False,True,9.318376618407356,1.264911064067352,0.45,True,8.05269119345812
v3_sc0_staging_12,L3,1,17,joint,False,1,False,False,False,False,False,nan,nan,nan,False,8.05269119345812
v3_sc0_staging_12,L3,1,17,oracle,False,0,False,True,False,False,True,8.05269119345812,0.5024937810560445,0.30000000000000004,True,8.05269119345812
v3_sc0_staging_12,L3,1,18,uncalibrated,False,0,True,True,True,False,True,5.159797974644667,0.4949747468305833,0.28284271247461906,False,5.159797974644667
v3_sc0_staging_12,L3,1,18,label_cell,False,0,True,True,False,False,True,5.159797974644667,0.6363961030678928,0.6000000000000001,True,5.159797974644667
v3_sc0_staging_12,L3,1,18,geometry,False,0,False,True,False,False,True,5.426955262170048,0.6800735254367722,0.6800735254367722,True,5.159797974644667
v3_sc0_staging_12,L3,1,18,label_only,False,0,False,True,False,False,True,5.3648232278140835,1.1800423721205948,0.28284271247461906,True,5.159797974644667
v3_sc0_staging_12,L3,1,18,pose_only,False,0,False,True,False,False,True,5.159797974644667,0.7433034373659253,0.28284271247461906,True,5.159797974644667
v3_sc0_staging_12,L3,1,18,separate,False,0,False,True,False,False,True,5.4526911934581195,1.2816005617976298,0.28284271247461906,True,5.159797974644667
v3_sc0_staging_12,L3,1,18,joint,False,1,False,True,False,False,True,5.807716446627537,1.140175425099138,0.7648529270389178,True,5.159797974644667
v3_sc0_staging_12,L3,1,18,oracle,False,0,False,True,False,False,True,5.159797974644667,0.7433034373659253,0.21213203435596426,True,5.159797974644667
v3_sc0_staging_12,L3,1,19,uncalibrated,False,0,True,True,False,False,True,7.066904755831215,0.6020797289396148,0.28284271247461906,True,7.066904755831216
v3_sc0_staging_12,L3,1,19,label_cell,False,0,True,True,False,False,True,7.066904755831216,0.6020797289396148,0.6000000000000001,True,7.066904755831216
v3_sc0_staging_12,L3,1,19,geometry,False,0,False,True,False,False,True,7.271930009000633,0.6800735254367722,0.6800735254367722,True,7.066904755831216
v3_sc0_staging_12,L3,1,19,label_only,False,0,False,True,False,False,True,7.271930009000633,1.1800423721205948,0.28284271247461906,True,7.066904755831216
v3_sc0_staging_12,L3,1,19,pose_only,False,0,False,True,False,False,True,7.066904755831215,0.6020797289396148,0.28284271247461906,True,7.066904755831216
v3_sc0_staging_12,L3,1,19,separate,False,0,False,True,False,False,True,7.35979797464467,1.2816005617976298,0.28284271247461906,True,7.066904755831216
v3_sc0_staging_12,L3,1,19,joint,False,1,False,True,False,False,True,7.652691193458118,1.140175425099138,0.7000000000000001,True,7.066904755831216
v3_sc0_staging_12,L3,1,19,oracle,False,0,False,True,False,False,True,7.066904755831216,0.6020797289396148,0.20615528128088303,True,7.066904755831216
v3_sc0_staging_12,L3,2,0,uncalibrated,False,0,True,True,False,False,True,7.216904755831216,0.65,0.25,True,7.216904755831218
v3_sc0_staging_12,L3,2,0,label_cell,False,0,True,True,False,False,True,7.258326112068525,0.6020797289396148,0.5385164807134504,True,7.216904755831218
v3_sc0_staging_12,L3,2,0,geometry,False,0,False,True,False,False,True,7.634062043356597,0.7000000000000001,0.7000000000000001,True,7.216904755831218
v3_sc0_staging_12,L3,2,0,label_only,False,0,False,True,False,False,True,7.539087296526013,1.2257650672131264,0.25,True,7.216904755831218
v3_sc0_staging_12,L3,2,0,pose_only,False,0,False,True,False,False,True,7.216904755831216,0.9,0.25,True,7.216904755831218
v3_sc0_staging_12,L3,2,0,separate,False,0,False,True,False,False,True,7.626955262170047,1.3462912017836262,0.25,True,7.216904755831218
v3_sc0_staging_12,L3,2,0,joint,False,1,False,True,False,False,True,8.044112549695427,1.2093386622447824,0.7000000000000001,True,7.216904755831218
v3_sc0_staging_12,L3,2,0,oracle,False,0,False,True,False,False,True,7.216904755831218,0.65,0.20615528128088303,True,7.216904755831218
v3_sc0_staging_12,L3,2,1,uncalibrated,False,0,True,True,False,False,True,6.466295090390227,0.5099019513592785,0.5099019513592785,True,6.42842712474619
v3_sc0_staging_12,L3,2,1,label_cell,False,0,True,True,False,False,True,6.466295090390227,0.5099019513592785,0.5099019513592785,True,6.42842712474619
v3_sc0_staging_12,L3,2,1,geometry,False,0,False,True,False,False,True,6.633452377915609,0.7000000000000001,0.7000000000000001,True,6.42842712474619
v3_sc0_staging_12,L3,2,1,label_only,False,0,False,True,False,False,True,7.300609665440987,1.216552506059644,0.7071067811865476,True,6.42842712474619
v3_sc0_staging_12,L3,2,1,pose_only,False,0,False,True,False,False,True,6.5541630560342625,0.632455532033676,0.6000000000000001,True,6.42842712474619
v3_sc0_staging_12,L3,2,1,separate,False,0,False,True,False,False,True,7.471320343559643,1.3341664064126335,0.7071067811865476,True,6.42842712474619
v3_sc0_staging_12,L3,2,1,joint,False,1,False,True,False,False,True,7.271320343559643,1.2093386622447824,0.7071067811865476,True,6.42842712474619
v3_sc0_staging_12,L3,2,1,oracle,False,0,False,True,False,False,True,6.42842712474619,0.5024937810560445,0.35000000000000003,True,6.42842712474619
v3_sc0_staging_12,L3,2,2,uncalibrated,False,0,True,True,False,False,True,5.6420310216782985,0.5220153254455275,0.45,True,5.583452377915608
v3_sc0_staging_12,L3,2,2,label_cell,False,0,True,True,False,False,True,5.6420310216782985,0.5220153254455275,0.5590169943749475,True,5.583452377915608
v3_sc0_staging_12,L3,2,2,geometry,False,0,False,True,False,False,True,5.829898987322334,0.7000000000000001,0.73824115301167,True,5.583452377915608
v3_sc0_staging_12,L3,2,2,label_only,False,0,False,True,False,False,True,6.55918830920368,1.216552506059644,0.8,True,5.583452377915608
v3_sc0_staging_12,L3,2,2,pose_only,False,0,False,True,False,False,True,5.729898987322333,0.65,0.55,True,5.583452377915608
v3_sc0_staging_12,L3,2,2,separate,False,0,False,True,False,False,True,6.729898987322334,1.3341664064126335,0.8,True,5.583452377915608
v3_sc0_staging_12,L3,2,2,joint,False,1,False,True,False,False,True,6.529898987322335,1.2093386622447824,0.8,True,5.583452377915608
v3_sc0_staging_12,L3,2,2,oracle,False,0,False,True,False,False,True,5.583452377915608,0.5099019513592785,0.45,True,5.583452377915608
v3_sc0_staging_12,L3,2,3,uncalibrated,False,0,True,True,False,False,True,5.881980515339465,0.6000000000000001,0.25,True,5.881980515339465
v3_sc0_staging_12,L3,2,3,label_cell,False,0,True,True,False,False,True,5.944112549695429,0.6000000000000001,0.5385164807134504,True,5.881980515339465
v3_sc0_staging_12,L3,2,3,geometry,False,0,False,False,False,False,False,nan,nan,nan,False,5.881980515339465
v3_sc0_staging_12,L3,2,3,label_only,False,0,False,True,False,False,True,6.65979797464467,1.2083045973594573,0.25,True,5.881980515339465
v3_sc0_staging_12,L3,2,3,pose_only,False,0,False,True,False,False,True,5.881980515339465,0.75,0.25,True,5.881980515339465
v3_sc0_staging_12,L3,2,3,separate,False,0,False,True,False,False,True,6.8305086527633225,1.3200378782444087,0.25,True,5.881980515339465
v3_sc0_staging_12,L3,2,3,joint,False,1,False,False,False,False,False,nan,nan,nan,False,5.881980515339465
v3_sc0_staging_12,L3,2,3,oracle,False,0,False,True,False,False,True,5.881980515339465,0.6000000000000001,0.20615528128088303,True,5.881980515339465
v3_sc0_staging_12,L3,2,4,uncalibrated,False,0,True,True,False,False,True,6.496194077712561,0.5099019513592785,0.4,True,6.43761543394987
v3_sc0_staging_12,L3,2,4,label_cell,False,0,True,True,False,False,True,6.496194077712561,0.5099019513592785,0.5099019513592785,True,6.43761543394987
v3_sc0_staging_12,L3,2,4,geometry,False,0,False,True,False,False,True,6.642640687119289,0.7000000000000001,0.6576473218982953,True,6.43761543394987
v3_sc0_staging_12,L3,2,4,label_only,False,0,False,True,False,False,True,7.081980515339467,1.216552506059644,0.5024937810560445,True,6.43761543394987
v3_sc0_staging_12,L3,2,4,pose_only,False,0,False,True,False,False,True,6.584062043356596,0.632455532033676,0.5220153254455275,True,6.43761543394987
v3_sc0_staging_12,L3,2,4,separate,False,0,False,True,False,False,True,7.169848480983504,1.3341664064126335,0.5024937810560445,True,6.43761543394987
v3_sc0_staging_12,L3,2,4,joint,False,1,False,True,False,False,True,7.05269119345812,1.2093386622447824,0.6576473218982953,True,6.43761543394987
v3_sc0_staging_12,L3,2,4,oracle,False,0,False,True,False,False,True,6.43761543394987,0.5024937810560445,0.4,True,6.43761543394987
v3_sc0_staging_12,L3,2,5,uncalibrated,False,0,True,False,False,False,False,nan,nan,nan,False,7.898275605729694
v3_sc0_staging_12,L3,2,5,label_cell,False,0,True,False,False,False,False,nan,nan,nan,False,7.898275605729694
v3_sc0_staging_12,L3,2,5,geometry,False,0,False,False,False,False,False,nan,nan,nan,False,7.898275605729694
v3_sc0_staging_12,L3,2,5,label_only,False,0,False,False,False,False,False,nan,nan,nan,False,7.898275605729694
v3_sc0_staging_12,L3,2,5,pose_only,False,0,False,False,False,False,False,nan,nan,nan,False,7.898275605729694
v3_sc0_staging_12,L3,2,5,separate,False,0,False,False,False,False,False,nan,nan,nan,False,7.898275605729694
v3_sc0_staging_12,L3,2,5,joint,False,1,False,False,False,False,False,nan,nan,nan,False,7.898275605729694
v3_sc0_staging_12,L3,2,5,oracle,False,0,False,True,False,False,True,7.898275605729694,0.5024937810560445,0.21213203435596426,True,7.898275605729694
v3_sc0_staging_12,L3,2,6,uncalibrated,False,0,True,True,False,False,True,5.140559159102155,0.5590169943749475,0.4,True,5.081980515339464
v3_sc0_staging_12,L3,2,6,label_cell,False,0,True,True,False,False,True,5.2026911934581195,0.5590169943749475,0.55,True,5.081980515339464
v3_sc0_staging_12,L3,2,6,geometry,False,0,False,False,False,False,False,nan,nan,nan,False,5.081980515339464
v3_sc0_staging_12,L3,2,6,label_only,False,0,False,True,False,False,True,6.140559159102155,1.2658988901172163,0.5385164807134504,True,5.081980515339464
v3_sc0_staging_12,L3,2,6,pose_only,False,0,False,True,False,False,True,5.249137802864845,0.6800735254367722,0.5,True,5.081980515339464
v3_sc0_staging_12,L3,2,6,separate,False,0,False,True,False,False,True,6.369848480983499,1.35,0.5385164807134504,True,5.081980515339464
v3_sc0_staging_12,L3,2,6,joint,False,1,False,False,False,False,False,nan,nan,nan,False,5.081980515339464
v3_sc0_staging_12,L3,2,6,oracle,False,0,False,True,False,False,True,5.081980515339464,0.5024937810560445,0.35000000000000003,True,5.081980515339464
v3_sc0_staging_12,L3,2,7,uncalibrated,False,0,True,True,False,False,True,7.454163056034261,0.5220153254455275,0.4,True,7.395584412271572
v3_sc0_staging_12,L3,2,7,label_cell,False,0,True,False,False,False,False,nan,nan,nan,False,7.395584412271572
v3_sc0_staging_12,L3,2,7,geometry,False,0,False,False,False,False,False,nan,nan,nan,False,7.395584412271572
v3_sc0_staging_12,L3,2,7,label_only,False,0,False,True,False,False,True,8.53700576850888,1.2083045973594573,0.4,True,7.395584412271572
v3_sc0_staging_12,L3,2,7,pose_only,False,0,False,True,False,False,True,7.542031021678298,0.632455532033676,0.4,True,7.395584412271572
v3_sc0_staging_12,L3,2,7,separate,False,0,False,True,False,False,True,8.707716446627535,1.3341664064126335,0.4,True,7.395584412271572
v3_sc0_staging_12,L3,2,7,joint,False,1,False,False,False,False,False,nan,nan,nan,False,7.395584412271572
v3_sc0_staging_12,L3,2,7,oracle,False,0,False,True,False,False,True,7.395584412271572,0.5024937810560445,0.4,True,7.395584412271572
v3_sc0_staging_12,L3,2,8,uncalibrated,False,0,True,True,False,False,True,9.043250352560275,0.5590169943749475,0.4,True,9.043250352560275
v3_sc0_staging_12,L3,2,8,label_cell,False,0,True,False,False,False,False,nan,nan,nan,False,9.043250352560275
v3_sc0_staging_12,L3,2,8,geometry,False,0,False,False,False,False,False,nan,nan,nan,False,9.043250352560275
v3_sc0_staging_12,L3,2,8,label_only,False,0,False,True,False,False,True,9.365432893255074,1.2658988901172163,0.223606797749979,True,9.043250352560275
v3_sc0_staging_12,L3,2,8,pose_only,False,0,False,True,False,False,True,9.043250352560275,0.6800735254367722,0.4,True,9.043250352560275
v3_sc0_staging_12,L3,2,8,separate,False,0,False,True,False,False,True,9.453300858899107,1.3829316685939332,0.223606797749979,True,9.043250352560275
v3_sc0_staging_12,L3,2,8,joint,False,1,False,False,False,False,False,nan,nan,nan,False,9.043250352560275
v3_sc0_staging_12,L3,2,8,oracle,False,0,False,True,False,False,True,9.043250352560275,0.5024937810560445,0.25,True,9.043250352560275
v3_sc0_staging_12,L3,2,9,uncalibrated,False,0,True,True,False,False,True,6.164823227814083,0.6020797289396148,0.47434164902525694,True,6.135533905932738
v3_sc0_staging_12,L3,2,9,label_cell,False,0,True,True,False,False,True,6.164823227814083,0.6020797289396148,0.5656854249492381,True,6.135533905932738
v3_sc0_staging_12,L3,2,9,geometry,False,0,False,False,False,False,False,nan,nan,nan,False,6.135533905932738
v3_sc0_staging_12,L3,2,9,label_only,False,0,False,True,False,False,True,7.135533905932741,1.216552506059644,0.4949747468305833,True,6.135533905932738
v3_sc0_staging_12,L3,2,9,pose_only,False,0,False,True,False,False,True,6.223401871576776,0.6800735254367722,0.4949747468305833,True,6.135533905932738
v3_sc0_staging_12,L3,2,9,separate,False,0,False,True,False,False,True,7.306244584051396,1.3200378782444087,0.4949747468305833,True,6.135533905932738
v3_sc0_staging_12,L3,2,9,joint,False,1,False,False,False,False,False,nan,nan,nan,False,6.135533905932738
v3_sc0_staging_12,L3,2,9,oracle,False,0,False,True,False,False,True,6.135533905932738,0.5315072906367325,0.3640054944640259,True,6.135533905932738
v3_sc0_staging_12,L3,2,10,uncalibrated,False,0,True,True,False,False,True,3.919238815542512,0.6670832032063168,0.55,True,3.919238815542512
v3_sc0_staging_12,L3,2,10,label_cell,False,0,True,True,False,False,True,3.9192388155425117,0.5590169943749475,0.5590169943749475,True,3.919238815542512
v3_sc0_staging_12,L3,2,10,geometry,False,0,False,True,False,False,True,3.919238815542512,0.9340770846134703,0.7566372975210779,True,3.919238815542512
v3_sc0_staging_12,L3,2,10,label_only,False,0,False,True,False,False,True,4.12634559672906,1.2509996003196804,0.7648529270389178,True,3.919238815542512
v3_sc0_staging_12,L3,2,10,pose_only,False,0,False,True,False,False,True,3.919238815542512,0.8246211251235321,0.651920240520265,True,3.919238815542512
v3_sc0_staging_12,L3,2,10,separate,False,0,False,True,False,False,True,4.209188309203679,1.3583077707206126,0.7648529270389178,True,3.919238815542512
v3_sc0_staging_12,L3,2,10,joint,False,1,False,True,False,False,True,4.12634559672906,1.25,0.7648529270389178,True,3.919238815542512
v3_sc0_staging_12,L3,2,10,oracle,False,0,False,True,False,False,True,3.919238815542512,0.6670832032063168,0.55,True,3.919238815542512
v3_sc0_staging_12,L3,2,11,uncalibrated,False,0,True,True,False,False,True,4.6470562748477136,0.5590169943749475,0.4,True,4.626345596729059
v3_sc0_staging_12,L3,2,11,label_cell,False,0,True,True,False,False,True,4.729898987322333,0.75,0.5099019513592785,True,4.626345596729059
v3_sc0_staging_12,L3,2,11,geometry,False,0,False,False,False,False,False,nan,nan,nan,False,4.626345596729059
v3_sc0_staging_12,L3,2,11,label_only,False,0,False,True,False,False,True,5.357716446627535,1.2658988901172163,0.5099019513592785,True,4.626345596729059
v3_sc0_staging_12,L3,2,11,pose_only,False,0,False,True,False,False,True,4.688477631085023,0.6800735254367722,0.5,True,4.626345596729059
v3_sc0_staging_12,L3,2,11,separate,False,0,False,True,False,False,True,5.52842712474619,1.3829316685939332,0.5099019513592785,True,4.626345596729059
v3_sc0_staging_12,L3,2,11,joint,False,1,False,False,False,False,False,nan,nan,nan,False,4.626345596729059
v3_sc0_staging_12,L3,2,11,oracle,False,0,False,True,False,False,True,4.626345596729059,0.5024937810560445,0.35000000000000003,True,4.626345596729059
v3_sc0_staging_12,L3,2,12,uncalibrated,False,0,True,True,False,False,True,9.006854249492381,0.5590169943749475,0.35000000000000003,True,8.924011537017762
v3_sc0_staging_12,L3,2,12,label_cell,False,0,True,False,False,False,False,nan,nan,nan,False,8.924011537017762
v3_sc0_staging_12,L3,2,12,geometry,False,0,False,False,False,False,False,nan,nan,nan,False,8.924011537017762
v3_sc0_staging_12,L3,2,12,label_only,False,0,False,True,False,False,True,9.329036790187178,1.2658988901172163,0.223606797749979,True,8.924011537017762
v3_sc0_staging_12,L3,2,12,pose_only,False,0,False,True,False,False,True,9.006854249492381,0.6800735254367722,0.35000000000000003,True,8.924011537017762
v3_sc0_staging_12,L3,2,12,separate,False,0,False,True,False,False,True,9.416904755831215,1.3829316685939332,0.223606797749979,True,8.924011537017762
v3_sc0_staging_12,L3,2,12,joint,False,1,False,False,False,False,False,nan,nan,nan,False,8.924011537017762
v3_sc0_staging_12,L3,2,12,oracle,False,0,False,True,False,False,True,8.924011537017762,0.5024937810560445,0.35000000000000003,True,8.924011537017762
v3_sc0_staging_12,L3,2,13,uncalibrated,False,0,True,True,False,False,True,10.021930009000632,0.5590169943749475,0.4,True,10.001219330881979
v3_sc0_staging_12,L3,2,13,label_cell,False,0,True,True,False,False,True,10.166904755831215,0.5590169943749475,0.45,True,10.001219330881979
v3_sc0_staging_12,L3,2,13,geometry,False,0,False,False,False,False,False,nan,nan,nan,False,10.001219330881979
v3_sc0_staging_12,L3,2,13,label_only,False,0,False,True,False,False,True,10.903300858899108,1.2658988901172163,0.223606797749979,True,10.001219330881979
v3_sc0_staging_12,L3,2,13,pose_only,False,0,False,True,False,False,True,10.084062043356596,0.6800735254367722,0.45,True,10.001219330881979
v3_sc0_staging_12,L3,2,13,separate,False,0,False,True,False,False,True,11.07401153701776,1.3829316685939332,0.223606797749979,True,10.001219330881979
v3_sc0_staging_12,L3,2,13,joint,False,1,False,False,False,False,False,nan,nan,nan,False,10.001219330881979
v3_sc0_staging_12,L3,2,13,oracle,False,0,False,True,False,False,True,10.001219330881979,0.5024937810560445,0.35000000000000003,True,10.001219330881979
v3_sc0_staging_12,L3,2,14,uncalibrated,False,0,True,True,False,False,True,7.584062043356596,0.5590169943749475,0.38078865529319544,True,7.584062043356598
v3_sc0_staging_12,L3,2,14,label_cell,False,0,True,False,False,False,False,nan,nan,nan,False,7.584062043356598
v3_sc0_staging_12,L3,2,14,geometry,False,0,False,False,False,False,False,nan,nan,nan,False,7.584062043356598
v3_sc0_staging_12,L3,2,14,label_only,False,0,False,True,False,False,True,8.279036790187178,1.2658988901172163,0.223606797749979,True,7.584062043356598
v3_sc0_staging_12,L3,2,14,pose_only,False,0,False,True,False,False,True,7.584062043356596,0.6800735254367722,0.38078865529319544,True,7.584062043356598
v3_sc0_staging_12,L3,2,14,separate,False,0,False,True,False,False,True,8.449747468305834,1.3829316685939332,0.223606797749979,True,7.584062043356598
v3_sc0_staging_12,L3,2,14,joint,False,1,False,False,False,False,False,nan,nan,nan,False,7.584062043356598
v3_sc0_staging_12,L3,2,14,oracle,False,0,False,True,False,False,True,7.584062043356598,0.5024937810560445,0.35000000000000003,True,7.584062043356598
v3_sc0_staging_12,L3,2,15,uncalibrated,False,0,True,True,False,False,True,7.111269837220812,0.5099019513592785,0.4,True,7.052691193458121
v3_sc0_staging_12,L3,2,15,label_cell,False,0,True,True,False,False,True,7.111269837220814,0.5099019513592785,0.5099019513592785,True,7.052691193458121
v3_sc0_staging_12,L3,2,15,geometry,False,0,False,True,False,False,True,7.257716446627535,0.7000000000000001,0.7000000000000001,True,7.052691193458121
v3_sc0_staging_12,L3,2,15,label_only,False,0,False,True,False,False,True,7.738477631085025,1.216552506059644,0.9394147114027969,True,7.052691193458121
v3_sc0_staging_12,L3,2,15,pose_only,False,0,False,True,False,False,True,7.1991378028648505,0.632455532033676,0.632455532033676,True,7.052691193458121
v3_sc0_staging_12,L3,2,15,separate,False,0,False,True,False,False,True,7.90918830920368,1.3341664064126335,0.9394147114027969,True,7.052691193458121
v3_sc0_staging_12,L3,2,15,joint,False,1,False,True,False,False,True,7.709188309203677,1.2093386622447824,0.9394147114027969,True,7.052691193458121
v3_sc0_staging_12,L3,2,15,oracle,False,0,False,True,False,False,True,7.052691193458121,0.5024937810560445,0.4,True,7.052691193458121
v3_sc0_staging_12,L3,2,16,uncalibrated,False,0,True,True,False,False,True,6.271320343559642,0.5590169943749475,0.4,True,6.212741699796951
v3_sc0_staging_12,L3,2,16,label_cell,False,0,True,True,False,False,True,6.271320343559642,0.5590169943749475,0.5590169943749475,True,6.212741699796951
v3_sc0_staging_12,L3,2,16,geometry,False,0,False,True,False,False,True,6.417766952966369,0.75,0.75,True,6.212741699796951
v3_sc0_staging_12,L3,2,16,label_only,False,0,False,True,False,False,True,7.0435028842544405,1.2020815280171309,1.0,True,6.212741699796951
v3_sc0_staging_12,L3,2,16,pose_only,False,0,False,True,False,False,True,6.359188309203678,0.6800735254367722,0.5,True,6.212741699796951
v3_sc0_staging_12,L3,2,16,separate,False,0,False,True,False,False,True,7.276345596729058,1.2971121771072847,1.0,True,6.212741699796951
v3_sc0_staging_12,L3,2,16,joint,False,1,False,True,False,False,True,7.0142135623730955,1.1884864324004714,1.0,True,6.212741699796951
v3_sc0_staging_12,L3,2,16,oracle,False,0,False,True,False,False,True,6.212741699796951,0.5024937810560445,0.35000000000000003,True,6.212741699796951
v3_sc0_staging_12,L3,2,17,uncalibrated,False,0,True,True,False,False,True,8.140559159102155,0.5220153254455275,0.4,True,8.081980515339465
v3_sc0_staging_12,L3,2,17,label_cell,False,0,True,False,False,False,False,nan,nan,nan,False,8.081980515339465
v3_sc0_staging_12,L3,2,17,geometry,False,0,False,False,False,False,False,nan,nan,nan,False,8.081980515339465
v3_sc0_staging_12,L3,2,17,label_only,False,0,False,True,False,False,True,9.306244584051393,1.216552506059644,0.45,True,8.081980515339465
v3_sc0_staging_12,L3,2,17,pose_only,False,0,False,True,False,False,True,8.31126983722081,0.632455532033676,0.4,True,8.081980515339465
v3_sc0_staging_12,L3,2,17,separate,False,0,False,True,False,False,True,9.47695526217005,1.3285330255586425,0.45,True,8.081980515339465
v3_sc0_staging_12,L3,2,17,joint,False,1,False,False,False,False,False,nan,nan,nan,False,8.081980515339465
v3_sc0_staging_12,L3,2,17,oracle,False,0,False,True,False,False,True,8.081980515339465,0.5024937810560445,0.4,True,8.081980515339465
v3_sc0_staging_12,L3,2,18,uncalibrated,False,0,True,True,False,False,True,5.12193000900063,0.7778174593052023,0.28284271247461906,True,5.12193000900063
v3_sc0_staging_12,L3,2,18,label_cell,False,0,True,True,False,False,True,5.121930009000631,0.6020797289396148,0.5385164807134504,True,5.12193000900063
v3_sc0_staging_12,L3,2,18,geometry,False,0,False,True,False,False,True,5.456244584051394,0.7000000000000001,0.73824115301167,True,5.12193000900063
v3_sc0_staging_12,L3,2,18,label_only,False,0,False,True,False,False,True,5.473401871576775,1.2257650672131264,0.25,True,5.12193000900063
v3_sc0_staging_12,L3,2,18,pose_only,False,0,False,True,False,False,True,5.12193000900063,0.7778174593052023,0.28284271247461906,True,5.12193000900063
v3_sc0_staging_12,L3,2,18,separate,False,0,False,True,False,False,True,5.6441125496954285,1.3462912017836262,0.25,True,5.12193000900063
v3_sc0_staging_12,L3,2,18,joint,False,1,False,True,False,False,True,5.866295090390227,1.2093386622447824,0.7433034373659253,True,5.12193000900063
v3_sc0_staging_12,L3,2,18,oracle,False,0,False,True,False,False,True,5.12193000900063,0.5315072906367325,0.28284271247461906,True,5.12193000900063
v3_sc0_staging_12,L3,2,19,uncalibrated,False,0,True,True,False,False,True,7.099747468305835,0.6363961030678928,0.25,True,7.099747468305836
v3_sc0_staging_12,L3,2,19,label_cell,False,0,True,True,False,False,True,7.099747468305836,0.6020797289396148,0.5385164807134504,True,7.099747468305836
v3_sc0_staging_12,L3,2,19,geometry,False,0,False,True,False,False,True,7.392640687119289,0.7000000000000001,0.65,True,7.099747468305836
v3_sc0_staging_12,L3,2,19,label_only,False,0,False,True,False,False,True,7.421930009000635,1.2257650672131264,0.25,True,7.099747468305836
v3_sc0_staging_12,L3,2,19,pose_only,False,0,False,True,False,False,True,7.099747468305835,0.8845903006477066,0.25,True,7.099747468305836
v3_sc0_staging_12,L3,2,19,separate,False,0,False,True,False,False,True,7.551219330881981,1.3462912017836262,0.25,True,7.099747468305836
v3_sc0_staging_12,L3,2,19,joint,False,1,False,True,False,False,True,7.80269119345812,1.2093386622447824,0.65,True,7.099747468305836
v3_sc0_staging_12,L3,2,19,oracle,False,0,False,True,False,False,True,7.099747468305836,0.6363961030678928,0.20615528128088303,True,7.099747468305836
v3_sc0_staging_12,L3,3,0,uncalibrated,False,0,True,True,False,False,True,7.220458146424491,0.75,0.25,True,7.220458146424491
v3_sc0_staging_12,L3,3,0,label_cell,False,0,True,True,False,False,True,7.349747468305835,0.5590169943749475,0.5385164807134504,True,7.220458146424491
v3_sc0_staging_12,L3,3,0,geometry,False,0,False,True,False,False,True,7.725483399593905,0.7433034373659253,0.7000000000000001,True,7.220458146424491
v3_sc0_staging_12,L3,3,0,label_only,False,0,False,True,False,False,True,7.6305086527633215,1.25,0.25,True,7.220458146424491
v3_sc0_staging_12,L3,3,0,pose_only,False,0,False,True,False,False,True,7.220458146424491,0.75,0.25,True,7.220458146424491
v3_sc0_staging_12,L3,3,0,separate,False,0,False,True,False,False,True,7.718376618407357,1.3601470508735445,0.25,True,7.220458146424491
v3_sc0_staging_12,L3,3,0,joint,False,1,False,True,False,False,True,8.135533905932737,1.2379418403139948,0.7000000000000001,True,7.220458146424491
v3_sc0_staging_12,L3,3,0,oracle,False,0,False,True,False,False,True,7.220458146424491,0.75,0.20615528128088303,True,7.220458146424491
v3_sc0_staging_12,L3,3,1,uncalibrated,False,0,True,True,False,False,True,6.457716446627535,0.552268050859363,0.4,True,6.42842712474619
v3_sc0_staging_12,L3,3,1,label_cell,False,0,True,True,False,False,True,6.457716446627535,0.552268050859363,0.552268050859363,True,6.42842712474619
v3_sc0_staging_12,L3,3,1,geometry,False,0,False,True,False,False,True,6.6041630560342615,0.7433034373659253,0.7433034373659253,True,6.42842712474619
v3_sc0_staging_12,L3,3,1,label_only,False,0,False,True,False,False,True,7.3541630560342615,1.25,0.75,True,6.42842712474619
v3_sc0_staging_12,L3,3,1,pose_only,False,0,False,True,False,False,True,6.545584412271572,0.65,0.4,True,6.42842712474619
v3_sc0_staging_12,L3,3,1,separate,False,0,False,True,False,False,True,7.524873734152917,1.35,0.75,True,6.42842712474619
v3_sc0_staging_12,L3,3,1,joint,False,1,False,True,False,False,True,7.324873734152916,1.2379418403139948,0.75,True,6.42842712474619
v3_sc0_staging_12,L3,3,1,oracle,False,0,False,True,False,False,True,6.42842712474619,0.5024937810560445,0.4,True,6.42842712474619
v3_sc0_staging_12,L3,3,2,uncalibrated,False,0,True,True,False,False,True,5.683452377915607,0.552268050859363,0.4,True,5.654163056034262
v3_sc0_staging_12,L3,3,2,label_cell,False,0,True,True,False,False,True,5.683452377915607,0.552268050859363,0.552268050859363,True,5.654163056034262
v3_sc0_staging_12,L3,3,2,geometry,False,0,False,True,False,False,True,5.829898987322334,0.7433034373659253,0.7433034373659253,True,5.654163056034262
v3_sc0_staging_12,L3,3,2,label_only,False,0,False,True,False,False,True,6.434924240491751,1.2041594578792296,0.8500000000000001,True,5.654163056034262
v3_sc0_staging_12,L3,3,2,pose_only,False,0,False,True,False,False,True,5.771320343559642,0.65,0.4,True,5.654163056034262
v3_sc0_staging_12,L3,3,2,separate,False,0,False,True,False,False,True,6.647056274847715,1.3152946437965907,0.8500000000000001,True,5.654163056034262
v3_sc0_staging_12,L3,3,2,joint,False,1,False,True,False,False,True,6.4056349186104065,1.2010412149464313,0.8500000000000001,True,5.654163056034262
v3_sc0_staging_12,L3,3,2,oracle,False,0,False,True,False,False,True,5.654163056034262,0.5024937810560445,0.4,True,5.654163056034262
v3_sc0_staging_12,L3,3,3,uncalibrated,False,0,True,True,False,False,True,5.864823227814084,0.6000000000000001,0.2692582403567252,True,5.864823227814084
v3_sc0_staging_12,L3,3,3,label_cell,False,0,True,True,False,False,True,5.973401871576774,0.5590169943749475,0.5385164807134504,True,5.864823227814084
v3_sc0_staging_12,L3,3,3,geometry,False,0,False,False,False,False,False,nan,nan,nan,False,5.864823227814084
v3_sc0_staging_12,L3,3,3,label_only,False,0,False,True,False,False,True,6.606244584051395,1.2020815280171309,0.2692582403567252,True,5.864823227814084
v3_sc0_staging_12,L3,3,3,pose_only,False,0,False,True,False,False,True,5.864823227814084,0.7000000000000001,0.2692582403567252,True,5.864823227814084
v3_sc0_staging_12,L3,3,3,separate,False,0,False,True,False,False,True,6.776955262170048,1.3124404748406688,0.2692582403567252,True,5.864823227814084
v3_sc0_staging_12,L3,3,3,joint,False,1,False,False,False,False,False,nan,nan,nan,False,5.864823227814084
v3_sc0_staging_12,L3,3,3,oracle,False,0,False,True,False,False,True,5.864823227814084,0.6000000000000001,0.20615528128088303,True,5.864823227814084
v3_sc0_staging_12,L3,3,4,uncalibrated,False,0,True,True,False,False,True,6.546194077712561,0.552268050859363,0.45276925690687087,True,6.516904755831215
v3_sc0_staging_12,L3,3,4,label_cell,False,0,True,True,False,False,True,6.546194077712561,0.552268050859363,0.552268050859363,True,6.516904755831215
v3_sc0_staging_12,L3,3,4,geometry,False,0,False,True,False,False,True,6.69264068711929,0.7433034373659253,0.7000000000000001,True,6.516904755831215
v3_sc0_staging_12,L3,3,4,label_only,False,0,False,True,False,False,True,7.1319805153394675,1.25,0.5220153254455275,True,6.516904755831215
v3_sc0_staging_12,L3,3,4,pose_only,False,0,False,True,False,False,True,6.6340620433565975,0.6670832032063168,0.45276925690687087,True,6.516904755831215
v3_sc0_staging_12,L3,3,4,separate,False,0,False,True,False,False,True,7.219848480983504,1.3601470508735445,0.5220153254455275,True,6.516904755831215
v3_sc0_staging_12,L3,3,4,joint,False,1,False,True,False,False,True,7.10269119345812,1.2379418403139948,0.7000000000000001,True,6.516904755831215
v3_sc0_staging_12,L3,3,4,oracle,False,0,False,True,False,False,True,6.516904755831215,0.5024937810560445,0.45276925690687087,True,6.516904755831215
v3_sc0_staging_12,L3,3,5,uncalibrated,False,0,True,True,False,False,True,7.831118318204311,0.5099019513592785,0.223606797749979,True,7.801828996322965
v3_sc0_staging_12,L3,3,5,label_cell,False,0,True,False,False,False,False,nan,nan,nan,False,7.801828996322965
v3_sc0_staging_12,L3,3,5,geometry,False,0,False,False,False,False,False,nan,nan,nan,False,7.801828996322965
v3_sc0_staging_12,L3,3,5,label_only,False,0,False,True,False,False,True,8.241168824543141,1.216552506059644,0.223606797749979,True,7.801828996322965
v3_sc0_staging_12,L3,3,5,pose_only,False,0,False,True,False,False,True,7.831118318204313,0.632455532033676,0.223606797749979,True,7.801828996322965
v3_sc0_staging_12,L3,3,5,separate,False,0,False,True,False,False,True,8.32903679018718,1.3341664064126335,0.223606797749979,True,7.801828996322965
v3_sc0_staging_12,L3,3,5,joint,False,1,False,False,False,False,False,nan,nan,nan,False,7.801828996322965
v3_sc0_staging_12,L3,3,5,oracle,False,0,False,True,False,False,True,7.801828996322965,0.5147815070493501,0.21213203435596426,True,7.801828996322965
v3_sc0_staging_12,L3,3,6,uncalibrated,False,0,True,True,False,False,True,5.190559159102154,0.5099019513592785,0.30000000000000004,True,5.161269837220809
v3_sc0_staging_12,L3,3,6,label_cell,False,0,True,True,False,False,True,5.2319805153394645,0.5385164807134504,0.5,True,5.161269837220809
v3_sc0_staging_12,L3,3,6,geometry,False,0,False,False,False,False,False,nan,nan,nan,False,5.161269837220809
v3_sc0_staging_12,L3,3,6,label_only,False,0,False,True,False,False,True,6.066295090390227,1.216552506059644,0.5,True,5.161269837220809
v3_sc0_staging_12,L3,3,6,pose_only,False,0,False,True,False,False,True,5.278427124746191,0.632455532033676,0.4,True,5.161269837220809
v3_sc0_staging_12,L3,3,6,separate,False,0,False,True,False,False,True,6.266295090390226,1.3341664064126335,0.5,True,5.161269837220809
v3_sc0_staging_12,L3,3,6,joint,False,1,False,False,False,False,False,nan,nan,nan,False,5.161269837220809
v3_sc0_staging_12,L3,3,6,oracle,False,0,False,True,False,False,True,5.161269837220809,0.5024937810560445,0.30000000000000004,True,5.161269837220809
v3_sc0_staging_12,L3,3,7,uncalibrated,False,0,True,True,False,False,True,7.516295090390225,0.552268050859363,0.4,True,7.4870057685088796
v3_sc0_staging_12,L3,3,7,label_cell,False,0,True,False,False,False,False,nan,nan,nan,False,7.4870057685088796
v3_sc0_staging_12,L3,3,7,geometry,False,0,False,False,False,False,False,nan,nan,nan,False,7.4870057685088796
v3_sc0_staging_12,L3,3,7,label_only,False,0,False,True,False,False,True,8.392031021678298,1.2020815280171309,0.4301162633521314,True,7.4870057685088796
v3_sc0_staging_12,L3,3,7,pose_only,False,0,False,True,False,False,True,7.6041630560342615,0.65,0.4,True,7.4870057685088796
v3_sc0_staging_12,L3,3,7,separate,False,0,False,True,False,False,True,8.56274169979695,1.2971121771072847,0.4301162633521314,True,7.4870057685088796
v3_sc0_staging_12,L3,3,7,joint,False,1,False,False,False,False,False,nan,nan,nan,False,7.4870057685088796
v3_sc0_staging_12,L3,3,7,oracle,False,0,False,True,False,False,True,7.4870057685088796,0.5024937810560445,0.4,True,7.4870057685088796
v3_sc0_staging_12,L3,3,8,uncalibrated,False,0,True,True,False,False,True,8.946803743153547,0.5099019513592785,0.30000000000000004,True,8.946803743153547
v3_sc0_staging_12,L3,3,8,label_cell,False,0,True,False,False,False,False,nan,nan,nan,False,8.946803743153547
v3_sc0_staging_12,L3,3,8,geometry,False,0,False,False,False,False,False,nan,nan,nan,False,8.946803743153547
v3_sc0_staging_12,L3,3,8,label_only,False,0,False,True,False,False,True,9.35685424949238,1.216552506059644,0.2692582403567252,True,8.946803743153547
v3_sc0_staging_12,L3,3,8,pose_only,False,0,False,True,False,False,True,8.946803743153549,0.632455532033676,0.30000000000000004,True,8.946803743153547
v3_sc0_staging_12,L3,3,8,separate,False,0,False,True,False,False,True,9.444722215136414,1.3341664064126335,0.2692582403567252,True,8.946803743153547
v3_sc0_staging_12,L3,3,8,joint,False,1,False,False,False,False,False,nan,nan,nan,False,8.946803743153547
v3_sc0_staging_12,L3,3,8,oracle,False,0,False,True,False,False,True,8.946803743153547,0.5024937810560445,0.30000000000000004,True,8.946803743153547
v3_sc0_staging_12,L3,3,9,uncalibrated,False,0,True,True,False,False,True,6.206244584051393,0.5590169943749475,0.42720018726587655,True,6.176955262170047
v3_sc0_staging_12,L3,3,9,label_cell,False,0,True,True,False,False,True,6.23553390593274,0.5590169943749475,0.5590169943749475,True,6.176955262170047
v3_sc0_staging_12,L3,3,9,geometry,False,0,False,False,False,False,False,nan,nan,nan,False,6.176955262170047
v3_sc0_staging_12,L3,3,9,label_only,False,0,False,True,False,False,True,7.081980515339467,1.2020815280171309,0.5315072906367325,True,6.176955262170047
v3_sc0_staging_12,L3,3,9,pose_only,False,0,False,True,False,False,True,6.29411254969543,0.65,0.42720018726587655,True,6.176955262170047
v3_sc0_staging_12,L3,3,9,separate,False,0,False,True,False,False,True,7.252691193458124,1.3152946437965907,0.5315072906367325,True,6.176955262170047
v3_sc0_staging_12,L3,3,9,joint,False,1,False,False,False,False,False,nan,nan,nan,False,6.176955262170047
v3_sc0_staging_12,L3,3,9,oracle,False,0,False,True,False,False,True,6.176955262170047,0.5315072906367325,0.42720018726587655,True,6.176955262170047
v3_sc0_staging_12,L3,3,10,uncalibrated,False,0,True,True,False,False,True,4.002081528017132,0.7648529270389178,0.6020797289396148,True,4.002081528017131
v3_sc0_staging_12,L3,3,10,label_cell,False,0,True,True,False,False,True,4.002081528017132,0.7648529270389178,0.6020797289396148,True,4.002081528017131
v3_sc0_staging_12,L3,3,10,geometry,False,0,False,True,False,False,True,4.002081528017132,0.7648529270389178,0.75,True,4.002081528017131
v3_sc0_staging_12,L3,3,10,label_only,False,0,False,True,False,False,True,4.08492424049175,1.2257650672131264,0.75,True,4.002081528017131
v3_sc0_staging_12,L3,3,10,pose_only,False,0,False,True,False,False,True,4.002081528017132,0.7648529270389178,0.6020797289396148,True,4.002081528017131
v3_sc0_staging_12,L3,3,10,separate,False,0,False,True,False,False,True,4.167766952966369,1.35,0.75,True,4.002081528017131
v3_sc0_staging_12,L3,3,10,joint,False,1,False,True,False,False,True,4.08492424049175,1.2257650672131264,0.75,True,4.002081528017131
v3_sc0_staging_12,L3,3,10,oracle,False,0,False,True,False,False,True,4.002081528017131,0.5024937810560445,0.5024937810560445,True,4.002081528017131
v3_sc0_staging_12,L3,3,11,uncalibrated,False,0,True,True,False,False,True,4.638477631085023,0.5099019513592785,0.30000000000000004,True,4.638477631085023
v3_sc0_staging_12,L3,3,11,label_cell,False,0,True,True,False,False,True,4.7213203435596425,0.7000000000000001,0.5024937810560445,True,4.638477631085023
v3_sc0_staging_12,L3,3,11,geometry,False,0,False,False,False,False,False,nan,nan,nan,False,4.638477631085023
v3_sc0_staging_12,L3,3,11,label_only,False,0,False,True,False,False,True,5.274873734152916,1.216552506059644,0.5024937810560445,True,4.638477631085023
v3_sc0_staging_12,L3,3,11,pose_only,False,0,False,True,False,False,True,4.638477631085023,0.632455532033676,0.4,True,4.638477631085023
v3_sc0_staging_12,L3,3,11,separate,False,0,False,True,False,False,True,5.44558441227157,1.3341664064126335,0.5024937810560445,True,4.638477631085023
v3_sc0_staging_12,L3,3,11,joint,False,1,False,False,False,False,False,nan,nan,nan,False,4.638477631085023
v3_sc0_staging_12,L3,3,11,oracle,False,0,False,True,False,False,True,4.638477631085023,0.5024937810560445,0.30000000000000004,True,4.638477631085023
v3_sc0_staging_12,L3,3,12,uncalibrated,False,0,True,True,False,False,True,9.010407640085656,0.5099019513592785,0.35000000000000003,True,8.927564927611035
v3_sc0_staging_12,L3,3,12,label_cell,False,0,True,True,False,False,True,9.098275605729691,0.5385164807134504,0.38078865529319544,True,8.927564927611035
v3_sc0_staging_12,L3,3,12,geometry,False,0,False,False,False,False,False,nan,nan,nan,False,8.927564927611035
v3_sc0_staging_12,L3,3,12,label_only,False,0,False,True,False,False,True,9.420458146424485,1.216552506059644,0.2692582403567252,True,8.927564927611035
v3_sc0_staging_12,L3,3,12,pose_only,False,0,False,True,False,False,True,9.010407640085655,0.632455532033676,0.35000000000000003,True,8.927564927611035
v3_sc0_staging_12,L3,3,12,separate,False,0,False,True,False,False,True,9.508326112068522,1.3341664064126335,0.2692582403567252,True,8.927564927611035
v3_sc0_staging_12,L3,3,12,joint,False,1,False,False,False,False,False,nan,nan,nan,False,8.927564927611035
v3_sc0_staging_12,L3,3,12,oracle,False,0,False,True,False,False,True,8.927564927611035,0.5099019513592785,0.35000000000000003,True,8.927564927611035
v3_sc0_staging_12,L3,3,13,uncalibrated,False,0,True,True,False,False,True,9.954772721475251,0.5099019513592785,0.30000000000000004,True,9.954772721475251
v3_sc0_staging_12,L3,3,13,label_cell,False,0,True,True,False,False,True,10.19619407771256,0.5385164807134504,0.4609772228646444,True,9.954772721475251
v3_sc0_staging_12,L3,3,13,geometry,False,0,False,False,False,False,False,nan,nan,nan,False,9.954772721475251
v3_sc0_staging_12,L3,3,13,label_only,False,0,False,True,False,False,True,10.820458146424489,1.216552506059644,0.2692582403567252,True,9.954772721475251
v3_sc0_staging_12,L3,3,13,pose_only,False,0,False,True,False,False,True,9.975483399593905,0.632455532033676,0.3905124837953327,True,9.954772721475251
v3_sc0_staging_12,L3,3,13,separate,False,0,False,True,False,False,True,10.991168824543141,1.3341664064126335,0.2692582403567252,True,9.954772721475251
v3_sc0_staging_12,L3,3,13,joint,False,1,False,False,False,False,False,nan,nan,nan,False,9.954772721475251
v3_sc0_staging_12,L3,3,13,oracle,False,0,False,True,False,False,True,9.954772721475251,0.5024937810560445,0.30000000000000004,True,9.954772721475251
v3_sc0_staging_12,L3,3,14,uncalibrated,False,0,True,True,False,False,True,7.537615433949871,0.5099019513592785,0.28284271247461906,True,7.537615433949871
v3_sc0_staging_12,L3,3,14,label_cell,False,0,True,False,False,False,False,nan,nan,nan,False,7.537615433949871
v3_sc0_staging_12,L3,3,14,geometry,False,0,False,False,False,False,False,nan,nan,nan,False,7.537615433949871
v3_sc0_staging_12,L3,3,14,label_only,False,0,False,True,False,False,True,8.19619407771256,1.216552506059644,0.2692582403567252,True,7.537615433949871
v3_sc0_staging_12,L3,3,14,pose_only,False,0,False,True,False,False,True,7.537615433949871,0.632455532033676,0.28284271247461906,True,7.537615433949871
v3_sc0_staging_12,L3,3,14,separate,False,0,False,True,False,False,True,8.366904755831214,1.3341664064126335,0.2692582403567252,True,7.537615433949871
v3_sc0_staging_12,L3,3,14,joint,False,1,False,False,False,False,False,nan,nan,nan,False,7.537615433949871
v3_sc0_staging_12,L3,3,14,oracle,False,0,False,True,False,False,True,7.537615433949871,0.5024937810560445,0.28284271247461906,True,7.537615433949871
v3_sc0_staging_12,L3,3,15,uncalibrated,False,0,True,True,False,False,True,7.152691193458122,0.552268050859363,0.5,True,7.123401871576775
v3_sc0_staging_12,L3,3,15,label_cell,False,0,True,True,False,False,True,7.152691193458122,0.552268050859363,0.552268050859363,True,7.123401871576775
v3_sc0_staging_12,L3,3,15,geometry,False,0,False,True,False,False,True,7.299137802864846,0.7433034373659253,0.7433034373659253,True,7.123401871576775
v3_sc0_staging_12,L3,3,15,label_only,False,0,False,True,False,False,True,7.738477631085025,1.25,0.9394147114027969,True,7.123401871576775
v3_sc0_staging_12,L3,3,15,pose_only,False,0,False,True,False,False,True,7.240559159102159,0.6670832032063168,0.5,True,7.123401871576775
v3_sc0_staging_12,L3,3,15,separate,False,0,False,True,False,False,True,7.826345596729059,1.3601470508735445,0.9394147114027969,True,7.123401871576775
v3_sc0_staging_12,L3,3,15,joint,False,1,False,True,False,False,True,7.709188309203679,1.2379418403139948,0.9394147114027969,True,7.123401871576775
v3_sc0_staging_12,L3,3,15,oracle,False,0,False,True,False,False,True,7.123401871576775,0.5024937810560445,0.5,True,7.123401871576775
v3_sc0_staging_12,L3,3,16,uncalibrated,False,0,True,True,False,False,True,6.262741699796952,0.5099019513592785,0.30000000000000004,True,6.233452377915607
v3_sc0_staging_12,L3,3,16,label_cell,False,0,True,True,False,False,True,6.262741699796952,0.5385164807134504,0.5385164807134504,True,6.233452377915607
v3_sc0_staging_12,L3,3,16,geometry,False,0,False,True,False,False,True,6.409188309203678,0.73824115301167,0.73824115301167,True,6.233452377915607
v3_sc0_staging_12,L3,3,16,label_only,False,0,False,True,False,False,True,7.034924240491751,1.216552506059644,1.0,True,6.233452377915607
v3_sc0_staging_12,L3,3,16,pose_only,False,0,False,True,False,False,True,6.350609665440988,0.632455532033676,0.4,True,6.233452377915607
v3_sc0_staging_12,L3,3,16,separate,False,0,False,True,False,False,True,7.247056274847714,1.3341664064126335,1.0,True,6.233452377915607
v3_sc0_staging_12,L3,3,16,joint,False,1,False,True,False,False,True,7.005634918610404,1.2093386622447824,1.0,True,6.233452377915607
v3_sc0_staging_12,L3,3,16,oracle,False,0,False,True,False,False,True,6.233452377915607,0.5024937810560445,0.30000000000000004,True,6.233452377915607
v3_sc0_staging_12,L3,3,17,uncalibrated,False,0,True,True,False,False,True,8.231980515339464,0.552268050859363,0.5,True,8.20269119345812
v3_sc0_staging_12,L3,3,17,label_cell,False,0,True,False,False,False,False,nan,nan,nan,False,8.20269119345812
v3_sc0_staging_12,L3,3,17,geometry,False,0,False,False,False,False,False,nan,nan,nan,False,8.20269119345812
v3_sc0_staging_12,L3,3,17,label_only,False,0,False,True,False,False,True,9.190559159102154,1.1853269591129698,0.5,True,8.20269119345812
v3_sc0_staging_12,L3,3,17,pose_only,False,0,False,True,False,False,True,8.3198484809835,0.6670832032063168,0.5,True,8.20269119345812
v3_sc0_staging_12,L3,3,17,separate,False,0,False,True,False,False,True,9.361269837220808,1.3,0.5,True,8.20269119345812
v3_sc0_staging_12,L3,3,17,joint,False,1,False,False,False,False,False,nan,nan,nan,False,8.20269119345812
v3_sc0_staging_12,L3,3,17,oracle,False,0,False,True,False,False,True,8.20269119345812,0.5024937810560445,0.5,True,8.20269119345812
v3_sc0_staging_12,L3,3,18,uncalibrated,False,0,True,True,False,False,True,5.084062043356596,0.5656854249492381,0.32015621187164245,True,5.084062043356596
v3_sc0_staging_12,L3,3,18,label_cell,False,0,True,True,False,False,True,5.171930009000631,0.5590169943749475,0.552268050859363,True,5.084062043356596
v3_sc0_staging_12,L3,3,18,geometry,False,0,False,True,False,False,True,5.506244584051394,0.7433034373659253,0.7280109889280518,True,5.084062043356596
v3_sc0_staging_12,L3,3,18,label_only,False,0,False,True,False,False,True,5.523401871576774,1.25,0.2692582403567252,True,5.084062043356596
v3_sc0_staging_12,L3,3,18,pose_only,False,0,False,True,False,False,True,5.084062043356595,0.7433034373659253,0.32015621187164245,True,5.084062043356596
v3_sc0_staging_12,L3,3,18,separate,False,0,False,True,False,False,True,5.611269837220809,1.35,0.2692582403567252,True,5.084062043356596
v3_sc0_staging_12,L3,3,18,joint,False,1,False,True,False,False,True,5.916295090390227,1.2379418403139948,0.7280109889280518,True,5.084062043356596
v3_sc0_staging_12,L3,3,18,oracle,False,0,False,True,False,False,True,5.084062043356596,0.5656854249492381,0.32015621187164245,True,5.084062043356596
v3_sc0_staging_12,L3,3,19,uncalibrated,False,0,True,True,False,False,True,7.032590180780456,0.6726812023536856,0.25,True,7.032590180780457
v3_sc0_staging_12,L3,3,19,label_cell,False,0,True,True,False,False,True,7.12045814642449,0.5590169943749475,0.5385164807134504,True,7.032590180780457
v3_sc0_staging_12,L3,3,19,geometry,False,0,False,True,False,False,True,7.4426406871192885,0.7433034373659253,0.7280109889280518,True,7.032590180780457
v3_sc0_staging_12,L3,3,19,label_only,False,0,False,True,False,False,True,7.4426406871192885,1.25,0.25,True,7.032590180780457
v3_sc0_staging_12,L3,3,19,pose_only,False,0,False,True,False,False,True,7.032590180780456,0.6726812023536856,0.25,True,7.032590180780457
v3_sc0_staging_12,L3,3,19,separate,False,0,False,True,False,False,True,7.530508652763327,1.3601470508735445,0.25,True,7.032590180780457
v3_sc0_staging_12,L3,3,19,joint,False,1,False,True,False,False,True,7.85269119345812,1.2379418403139948,0.7280109889280518,True,7.032590180780457
v3_sc0_staging_12,L3,3,19,oracle,False,0,False,True,False,False,True,7.032590180780457,0.6726812023536856,0.20615528128088303,True,7.032590180780457
v3_sc0_staging_12,L3,4,0,uncalibrated,False,0,True,True,False,False,True,7.22903679018718,0.7000000000000001,0.223606797749979,True,7.229036790187182
v3_sc0_staging_12,L3,4,0,label_cell,False,0,True,True,False,False,True,7.3118795026617995,0.5656854249492381,0.5220153254455275,True,7.229036790187182
v3_sc0_staging_12,L3,4,0,geometry,False,0,False,True,False,False,True,7.716904755831215,0.7000000000000001,0.6946221994724903,True,7.229036790187182
v3_sc0_staging_12,L3,4,0,label_only,False,0,False,True,False,False,True,7.463351365237944,1.140175425099138,0.223606797749979,True,7.229036790187182
v3_sc0_staging_12,L3,4,0,pose_only,False,0,False,True,False,False,True,7.22903679018718,0.7000000000000001,0.223606797749979,True,7.229036790187182
v3_sc0_staging_12,L3,4,0,separate,False,0,False,True,False,False,True,7.551219330881981,1.25,0.223606797749979,True,7.229036790187182
v3_sc0_staging_12,L3,4,0,joint,False,1,False,True,False,False,True,8.039087296526011,1.1313708498984762,0.7000000000000001,True,7.229036790187182
v3_sc0_staging_12,L3,4,0,oracle,False,0,False,True,False,False,True,7.229036790187182,0.7000000000000001,0.20615528128088303,True,7.229036790187182
v3_sc0_staging_12,L3,4,1,uncalibrated,False,0,True,True,True,False,True,6.369848480983499,0.447213595499958,0.35000000000000003,False,6.42842712474619
v3_sc0_staging_12,L3,4,1,label_cell,False,0,True,True,False,False,True,6.457716446627535,0.5099019513592785,0.4609772228646444,True,6.42842712474619
v3_sc0_staging_12,L3,4,1,geometry,False,0,False,True,False,False,True,6.604163056034263,0.7000000000000001,0.65,True,6.42842712474619
v3_sc0_staging_12,L3,4,1,label_only,False,0,False,True,False,False,True,7.1420310216782985,1.140175425099138,0.7071067811865476,True,6.42842712474619
v3_sc0_staging_12,L3,4,1,pose_only,False,0,False,True,False,False,True,6.457716446627536,0.5590169943749475,0.35000000000000003,True,6.42842712474619
v3_sc0_staging_12,L3,4,1,separate,False,0,False,True,False,False,True,7.312741699796951,1.25,0.7071067811865476,True,6.42842712474619
v3_sc0_staging_12,L3,4,1,joint,False,1,False,True,False,False,True,7.1127416997969535,1.1313708498984762,0.7071067811865476,True,6.42842712474619
v3_sc0_staging_12,L3,4,1,oracle,False,0,False,True,False,False,True,6.42842712474619,0.5024937810560445,0.35000000000000003,True,6.42842712474619
v3_sc0_staging_12,L3,4,2,uncalibrated,False,0,True,True,True,False,True,5.595584412271573,0.447213595499958,0.35000000000000003,False,5.654163056034262
v3_sc0_staging_12,L3,4,2,label_cell,False,0,True,True,False,False,True,5.683452377915607,0.5099019513592785,0.5099019513592785,True,5.654163056034262
v3_sc0_staging_12,L3,4,2,geometry,False,0,False,True,False,False,True,5.829898987322334,0.7000000000000001,0.6800735254367722,True,5.654163056034262
v3_sc0_staging_12,L3,4,2,label_only,False,0,False,True,False,False,True,6.347056274847715,1.140175425099138,0.8500000000000001,True,5.654163056034262
v3_sc0_staging_12,L3,4,2,pose_only,False,0,False,True,False,False,True,5.683452377915607,0.5590169943749475,0.35000000000000003,True,5.654163056034262
v3_sc0_staging_12,L3,4,2,separate,False,0,False,True,False,False,True,6.517766952966369,1.25,0.8500000000000001,True,5.654163056034262
v3_sc0_staging_12,L3,4,2,joint,False,1,False,True,False,False,True,6.31776695296637,1.1313708498984762,0.8500000000000001,True,5.654163056034262
v3_sc0_staging_12,L3,4,2,oracle,False,0,False,True,False,False,True,5.654163056034262,0.5024937810560445,0.35000000000000003,True,5.654163056034262
v3_sc0_staging_12,L3,4,3,uncalibrated,False,0,True,True,False,False,True,5.873401871576775,0.55,0.223606797749979,True,5.873401871576775
v3_sc0_staging_12,L3,4,3,label_cell,False,0,True,True,False,False,True,5.894112549695429,0.5656854249492381,0.5220153254455275,True,5.873401871576775
v3_sc0_staging_12,L3,4,3,geometry,False,0,False,False,False,False,False,nan,nan,nan,False,5.873401871576775
v3_sc0_staging_12,L3,4,3,label_only,False,0,False,True,False,False,True,6.439087296526013,1.140175425099138,0.223606797749979,True,5.873401871576775
v3_sc0_staging_12,L3,4,3,pose_only,False,0,False,True,False,False,True,5.873401871576775,0.65,0.223606797749979,True,5.873401871576775
v3_sc0_staging_12,L3,4,3,separate,False,0,False,True,False,False,True,6.6097979746446685,1.25,0.223606797749979,True,5.873401871576775
v3_sc0_staging_12,L3,4,3,joint,False,1,False,False,False,False,False,nan,nan,nan,False,5.873401871576775
v3_sc0_staging_12,L3,4,3,oracle,False,0,False,True,False,False,True,5.873401871576775,0.55,0.20615528128088303,True,5.873401871576775
v3_sc0_staging_12,L3,4,4,uncalibrated,False,0,True,True,True,False,True,6.408326112068524,0.447213595499958,0.4,False,6.466904755831215
v3_sc0_staging_12,L3,4,4,label_cell,False,0,True,True,False,False,True,6.496194077712561,0.5099019513592785,0.4609772228646444,True,6.466904755831215
v3_sc0_staging_12,L3,4,4,geometry,False,0,False,True,False,False,True,6.642640687119289,0.7000000000000001,0.65,True,6.466904755831215
v3_sc0_staging_12,L3,4,4,label_only,False,0,False,True,False,False,True,6.994112549695429,1.140175425099138,0.5099019513592785,True,6.466904755831215
v3_sc0_staging_12,L3,4,4,pose_only,False,0,False,True,False,False,True,6.496194077712561,0.5590169943749475,0.4,True,6.466904755831215
v3_sc0_staging_12,L3,4,4,separate,False,0,False,True,False,False,True,7.081980515339467,1.25,0.5099019513592785,True,6.466904755831215
v3_sc0_staging_12,L3,4,4,joint,False,1,False,True,False,False,True,6.9648232278140885,1.1313708498984762,0.70178344238091,True,6.466904755831215
v3_sc0_staging_12,L3,4,4,oracle,False,0,False,True,False,False,True,6.466904755831215,0.5024937810560445,0.4,True,6.466904755831215
v3_sc0_staging_12,L3,4,5,uncalibrated,False,0,True,True,True,False,True,7.860407640085658,0.447213595499958,0.21213203435596426,False,7.860407640085658
v3_sc0_staging_12,L3,4,5,label_cell,False,0,True,False,False,False,False,nan,nan,nan,False,7.860407640085658
v3_sc0_staging_12,L3,4,5,geometry,False,0,False,False,False,False,False,nan,nan,nan,False,7.860407640085658
v3_sc0_staging_12,L3,4,5,label_only,False,0,False,True,False,False,True,8.094722215136416,1.140175425099138,0.21213203435596426,True,7.860407640085658
v3_sc0_staging_12,L3,4,5,pose_only,False,0,False,True,False,False,True,7.860407640085658,0.5590169943749475,0.21213203435596426,True,7.860407640085658
v3_sc0_staging_12,L3,4,5,separate,False,0,False,True,False,False,True,8.182590180780451,1.25,0.21213203435596426,True,7.860407640085658
v3_sc0_staging_12,L3,4,5,joint,False,1,False,False,False,False,False,nan,nan,nan,False,7.860407640085658
v3_sc0_staging_12,L3,4,5,oracle,False,0,False,True,False,False,True,7.860407640085658,0.5024937810560445,0.21213203435596426,True,7.860407640085658
v3_sc0_staging_12,L3,4,6,uncalibrated,False,0,True,True,True,False,True,5.052691193458119,0.447213595499958,0.25,False,5.11126983722081
v3_sc0_staging_12,L3,4,6,label_cell,False,0,True,True,False,False,True,5.181980515339465,0.552268050859363,0.5,True,5.11126983722081
v3_sc0_staging_12,L3,4,6,geometry,False,0,False,False,False,False,False,nan,nan,nan,False,5.11126983722081
v3_sc0_staging_12,L3,4,6,label_only,False,0,False,True,False,False,True,5.9284271247461895,1.140175425099138,0.5,True,5.11126983722081
v3_sc0_staging_12,L3,4,6,pose_only,False,0,False,True,False,False,True,5.140559159102155,0.5590169943749475,0.35000000000000003,True,5.11126983722081
v3_sc0_staging_12,L3,4,6,separate,False,0,False,True,False,False,True,6.0991378028648455,1.25,0.5,True,5.11126983722081
v3_sc0_staging_12,L3,4,6,joint,False,1,False,False,False,False,False,nan,nan,nan,False,5.11126983722081
v3_sc0_staging_12,L3,4,6,oracle,False,0,False,True,False,False,True,5.11126983722081,0.5024937810560445,0.30000000000000004,True,5.11126983722081
v3_sc0_staging_12,L3,4,7,uncalibrated,False,0,True,True,True,False,True,7.407716446627536,0.447213595499958,0.30000000000000004,False,7.466295090390226
v3_sc0_staging_12,L3,4,7,label_cell,False,0,True,False,False,False,False,nan,nan,nan,False,7.466295090390226
v3_sc0_staging_12,L3,4,7,geometry,False,0,False,False,False,False,False,nan,nan,nan,False,7.466295090390226
v3_sc0_staging_12,L3,4,7,label_only,False,0,False,True,False,False,True,8.324873734152916,1.140175425099138,0.4,True,7.466295090390226
v3_sc0_staging_12,L3,4,7,pose_only,False,0,False,True,False,False,True,7.495584412271571,0.5590169943749475,0.4,True,7.466295090390226
v3_sc0_staging_12,L3,4,7,separate,False,0,False,True,False,False,True,8.495584412271572,1.25,0.4,True,7.466295090390226
v3_sc0_staging_12,L3,4,7,joint,False,1,False,False,False,False,False,nan,nan,nan,False,7.466295090390226
v3_sc0_staging_12,L3,4,7,oracle,False,0,False,True,False,False,True,7.466295090390226,0.5024937810560445,0.4,True,7.466295090390226
v3_sc0_staging_12,L3,4,8,uncalibrated,False,0,True,True,True,False,True,8.934671708797582,0.447213595499958,0.25495097567963926,False,8.934671708797584
v3_sc0_staging_12,L3,4,8,label_cell,False,0,True,False,False,False,False,nan,nan,nan,False,8.934671708797584
v3_sc0_staging_12,L3,4,8,geometry,False,0,False,False,False,False,False,nan,nan,nan,False,8.934671708797584
v3_sc0_staging_12,L3,4,8,label_only,False,0,False,True,False,False,True,9.168986283848346,1.140175425099138,0.25,True,8.934671708797584
v3_sc0_staging_12,L3,4,8,pose_only,False,0,False,True,False,False,True,8.934671708797584,0.5590169943749475,0.25495097567963926,True,8.934671708797584
v3_sc0_staging_12,L3,4,8,separate,False,0,False,True,False,False,True,9.256854249492381,1.25,0.25,True,8.934671708797584
v3_sc0_staging_12,L3,4,8,joint,False,1,False,False,False,False,False,nan,nan,nan,False,8.934671708797584
v3_sc0_staging_12,L3,4,8,oracle,False,0,False,True,False,False,True,8.934671708797584,0.5024937810560445,0.25495097567963926,True,8.934671708797584
v3_sc0_staging_12,L3,4,9,uncalibrated,False,0,True,True,True,False,True,6.126955262170048,0.4609772228646444,0.3640054944640259,False,6.156244584051393
v3_sc0_staging_12,L3,4,9,label_cell,False,0,True,True,False,False,True,6.185533905932738,0.5656854249492381,0.5408326913195984,True,6.156244584051393
v3_sc0_staging_12,L3,4,9,geometry,False,0,False,False,False,False,False,nan,nan,nan,False,6.156244584051393
v3_sc0_staging_12,L3,4,9,label_only,False,0,False,True,False,False,True,6.944112549695433,1.140175425099138,0.5315072906367325,True,6.156244584051393
v3_sc0_staging_12,L3,4,9,pose_only,False,0,False,True,False,False,True,6.185533905932738,0.6000000000000001,0.3640054944640259,True,6.156244584051393
v3_sc0_staging_12,L3,4,9,separate,False,0,False,True,False,False,True,7.114823227814085,1.25,0.5315072906367325,True,6.156244584051393
v3_sc0_staging_12,L3,4,9,joint,False,1,False,False,False,False,False,nan,nan,nan,False,6.156244584051393
v3_sc0_staging_12,L3,4,9,oracle,False,0,False,True,False,False,True,6.156244584051393,0.5315072906367325,0.3640054944640259,True,6.156244584051393
v3_sc0_staging_12,L3,4,10,uncalibrated,False,0,True,True,True,False,True,3.9606601717798213,0.45276925690687087,0.45276925690687087,False,3.9606601717798213
v3_sc0_staging_12,L3,4,10,label_cell,False,0,True,True,False,False,True,3.9606601717798213,0.7158910531638177,0.55,True,3.9606601717798213
v3_sc0_staging_12,L3,4,10,geometry,False,0,False,True,False,False,True,3.960660171779822,0.982344135219425,0.7566372975210779,True,3.9606601717798213
v3_sc0_staging_12,L3,4,10,label_only,False,0,False,True,False,False,True,4.0435028842544405,1.176860229593982,0.7648529270389178,True,3.9606601717798213
v3_sc0_staging_12,L3,4,10,pose_only,False,0,False,True,False,False,True,3.9606601717798213,0.7158910531638177,0.55,True,3.9606601717798213
v3_sc0_staging_12,L3,4,10,separate,False,0,False,True,False,False,True,4.126345596729059,1.2658988901172163,0.7648529270389178,True,3.9606601717798213
v3_sc0_staging_12,L3,4,10,joint,False,1,False,True,False,False,True,4.0435028842544405,1.176860229593982,0.7648529270389178,True,3.9606601717798213
v3_sc0_staging_12,L3,4,10,oracle,False,0,False,True,False,False,True,3.9606601717798213,0.7158910531638177,0.55,True,3.9606601717798213
v3_sc0_staging_12,L3,4,11,uncalibrated,False,0,True,True,True,False,True,4.6177669529663685,0.45,0.25,False,4.6177669529663685
v3_sc0_staging_12,L3,4,11,label_cell,False,0,True,True,False,False,True,4.700609665440989,0.7000000000000001,0.5024937810560445,True,4.6177669529663685
v3_sc0_staging_12,L3,4,11,geometry,False,0,False,False,False,False,False,nan,nan,nan,False,4.6177669529663685
v3_sc0_staging_12,L3,4,11,label_only,False,0,False,True,False,False,True,5.166295090390226,1.140175425099138,0.55,True,4.6177669529663685
v3_sc0_staging_12,L3,4,11,pose_only,False,0,False,True,False,False,True,4.6177669529663685,0.5590169943749475,0.35000000000000003,True,4.6177669529663685
v3_sc0_staging_12,L3,4,11,separate,False,0,False,True,False,False,True,5.337005768508881,1.25,0.55,True,4.6177669529663685
v3_sc0_staging_12,L3,4,11,joint,False,1,False,False,False,False,False,nan,nan,nan,False,4.6177669529663685
v3_sc0_staging_12,L3,4,11,oracle,False,0,False,True,False,False,True,4.6177669529663685,0.5024937810560445,0.30000000000000004,True,4.6177669529663685
v3_sc0_staging_12,L3,4,12,uncalibrated,False,0,True,True,True,False,True,8.894722215136417,0.447213595499958,0.4,False,8.977564927611036
v3_sc0_staging_12,L3,4,12,label_cell,False,0,True,False,False,False,False,nan,nan,nan,False,8.977564927611036
v3_sc0_staging_12,L3,4,12,geometry,False,0,False,False,False,False,False,nan,nan,nan,False,8.977564927611036
v3_sc0_staging_12,L3,4,12,label_only,False,0,False,True,False,False,True,9.129036790187177,1.140175425099138,0.25,True,8.977564927611036
v3_sc0_staging_12,L3,4,12,pose_only,False,0,False,True,False,False,True,8.894722215136417,0.5590169943749475,0.4,True,8.977564927611036
v3_sc0_staging_12,L3,4,12,separate,False,0,False,True,False,False,True,9.216904755831214,1.25,0.25,True,8.977564927611036
v3_sc0_staging_12,L3,4,12,joint,False,1,False,False,False,False,False,nan,nan,nan,False,8.977564927611036
v3_sc0_staging_12,L3,4,12,oracle,False,0,False,True,False,False,True,8.977564927611036,0.5024937810560445,0.35000000000000003,True,8.977564927611036
v3_sc0_staging_12,L3,4,13,uncalibrated,False,0,True,True,True,False,True,9.921930009000633,0.447213595499958,0.25,False,9.942640687119287
v3_sc0_staging_12,L3,4,13,label_cell,False,0,True,True,False,False,True,10.04619407771256,0.552268050859363,0.5,True,9.942640687119287
v3_sc0_staging_12,L3,4,13,geometry,False,0,False,False,False,False,False,nan,nan,nan,False,9.942640687119287
v3_sc0_staging_12,L3,4,13,label_only,False,0,False,True,False,False,True,10.611879502661797,1.140175425099138,0.25,True,9.942640687119287
v3_sc0_staging_12,L3,4,13,pose_only,False,0,False,True,False,False,True,9.942640687119287,0.5590169943749475,0.35000000000000003,True,9.942640687119287
v3_sc0_staging_12,L3,4,13,separate,False,0,False,True,False,False,True,10.782590180780453,1.25,0.25,True,9.942640687119287
v3_sc0_staging_12,L3,4,13,joint,False,1,False,False,False,False,False,nan,nan,nan,False,9.942640687119287
v3_sc0_staging_12,L3,4,13,oracle,False,0,False,True,False,False,True,9.942640687119287,0.5024937810560445,0.30000000000000004,True,9.942640687119287
v3_sc0_staging_12,L3,4,14,uncalibrated,False,0,True,True,True,False,True,7.5461940777125625,0.447213595499958,0.25,False,7.5461940777125625
v3_sc0_staging_12,L3,4,14,label_cell,False,0,True,False,False,False,False,nan,nan,nan,False,7.5461940777125625
v3_sc0_staging_12,L3,4,14,geometry,False,0,False,False,False,False,False,nan,nan,nan,False,7.5461940777125625
v3_sc0_staging_12,L3,4,14,label_only,False,0,False,True,False,False,True,8.029036790187178,1.140175425099138,0.25,True,7.5461940777125625
v3_sc0_staging_12,L3,4,14,pose_only,False,0,False,True,False,False,True,7.5461940777125625,0.5590169943749475,0.28284271247461906,True,7.5461940777125625
v3_sc0_staging_12,L3,4,14,separate,False,0,False,True,False,False,True,8.199747468305834,1.25,0.25,True,7.5461940777125625
v3_sc0_staging_12,L3,4,14,joint,False,1,False,False,False,False,False,nan,nan,nan,False,7.5461940777125625
v3_sc0_staging_12,L3,4,14,oracle,False,0,False,True,False,False,True,7.5461940777125625,0.5024937810560445,0.28284271247461906,True,7.5461940777125625
v3_sc0_staging_12,L3,4,15,uncalibrated,False,0,True,True,True,False,True,7.0648232278140854,0.447213595499958,0.40311288741492746,False,7.123401871576775
v3_sc0_staging_12,L3,4,15,label_cell,False,0,True,True,False,False,True,7.152691193458122,0.5099019513592785,0.4609772228646444,True,7.123401871576775
v3_sc0_staging_12,L3,4,15,geometry,False,0,False,True,False,False,True,7.299137802864846,0.7000000000000001,0.65,True,7.123401871576775
v3_sc0_staging_12,L3,4,15,label_only,False,0,False,True,False,False,True,7.650609665440988,1.140175425099138,0.894427190999916,True,7.123401871576775
v3_sc0_staging_12,L3,4,15,pose_only,False,0,False,True,False,False,True,7.152691193458122,0.5590169943749475,0.45,True,7.123401871576775
v3_sc0_staging_12,L3,4,15,separate,False,0,False,True,False,False,True,7.738477631085025,1.25,0.894427190999916,True,7.123401871576775
v3_sc0_staging_12,L3,4,15,joint,False,1,False,True,False,False,True,7.621320343559643,1.1313708498984762,0.894427190999916,True,7.123401871576775
v3_sc0_staging_12,L3,4,15,oracle,False,0,False,True,False,False,True,7.123401871576775,0.5024937810560445,0.45,True,7.123401871576775
v3_sc0_staging_12,L3,4,16,uncalibrated,False,0,True,True,True,False,True,6.174873734152916,0.447213595499958,0.25,False,6.233452377915606
v3_sc0_staging_12,L3,4,16,label_cell,False,0,True,True,False,False,True,6.262741699796952,0.552268050859363,0.5024937810560445,True,6.233452377915606
v3_sc0_staging_12,L3,4,16,geometry,False,0,False,True,False,False,True,6.409188309203678,0.7433034373659253,0.7000000000000001,True,6.233452377915606
v3_sc0_staging_12,L3,4,16,label_only,False,0,False,True,False,False,True,6.822792206135785,1.140175425099138,0.9500000000000001,True,6.233452377915606
v3_sc0_staging_12,L3,4,16,pose_only,False,0,False,True,False,False,True,6.262741699796952,0.5590169943749475,0.35000000000000003,True,6.233452377915606
v3_sc0_staging_12,L3,4,16,separate,False,0,False,True,False,False,True,7.034924240491751,1.25,1.0,True,6.233452377915606
v3_sc0_staging_12,L3,4,16,joint,False,1,False,True,False,False,True,6.793502884254441,1.1313708498984762,0.9500000000000001,True,6.233452377915606
v3_sc0_staging_12,L3,4,16,oracle,False,0,False,True,False,False,True,6.233452377915606,0.5024937810560445,0.30000000000000004,True,6.233452377915606
v3_sc0_staging_12,L3,4,17,uncalibrated,False,0,True,True,True,False,True,8.073401871576774,0.447213595499958,0.41231056256176607,False,8.131980515339464
v3_sc0_staging_12,L3,4,17,label_cell,False,0,True,False,False,False,False,nan,nan,nan,False,8.131980515339464
v3_sc0_staging_12,L3,4,17,geometry,False,0,False,False,False,False,False,nan,nan,nan,False,8.131980515339464
v3_sc0_staging_12,L3,4,17,label_only,False,0,False,True,False,False,True,9.073401871576776,1.140175425099138,0.45,True,8.131980515339464
v3_sc0_staging_12,L3,4,17,pose_only,False,0,False,True,False,False,True,8.161269837220809,0.5590169943749475,0.45,True,8.131980515339464
v3_sc0_staging_12,L3,4,17,separate,False,0,False,True,False,False,True,9.244112549695428,1.25,0.45,True,8.131980515339464
v3_sc0_staging_12,L3,4,17,joint,False,1,False,False,False,False,False,nan,nan,nan,False,8.131980515339464
v3_sc0_staging_12,L3,4,17,oracle,False,0,False,True,False,False,True,8.131980515339464,0.5024937810560445,0.45,True,8.131980515339464
v3_sc0_staging_12,L3,4,18,uncalibrated,False,0,True,True,False,False,True,5.11335136523794,0.5656854249492381,0.32015621187164245,True,5.11335136523794
v3_sc0_staging_12,L3,4,18,label_cell,False,0,True,True,False,False,True,5.11335136523794,0.5656854249492381,0.5220153254455275,True,5.11335136523794
v3_sc0_staging_12,L3,4,18,geometry,False,0,False,True,False,False,True,5.426955262170048,0.7000000000000001,0.6946221994724903,True,5.11335136523794
v3_sc0_staging_12,L3,4,18,label_only,False,0,False,True,False,False,True,5.376955262170048,1.140175425099138,0.25,True,5.11335136523794
v3_sc0_staging_12,L3,4,18,pose_only,False,0,False,True,False,False,True,5.11335136523794,0.5656854249492381,0.32015621187164245,True,5.11335136523794
v3_sc0_staging_12,L3,4,18,separate,False,0,False,True,False,False,True,5.464823227814084,1.25,0.25,True,5.11335136523794
v3_sc0_staging_12,L3,4,18,joint,False,1,False,True,False,False,True,5.749137802864846,1.1313708498984762,0.7280109889280518,True,5.11335136523794
v3_sc0_staging_12,L3,4,18,oracle,False,0,False,True,False,False,True,5.11335136523794,0.5656854249492381,0.32015621187164245,True,5.11335136523794
v3_sc0_staging_12,L3,4,19,uncalibrated,False,0,True,True,False,False,True,7.041168824543148,0.6726812023536856,0.223606797749979,True,7.041168824543148
v3_sc0_staging_12,L3,4,19,label_cell,False,0,True,True,False,False,True,7.041168824543148,0.5656854249492381,0.5220153254455275,True,7.041168824543148
v3_sc0_staging_12,L3,4,19,geometry,False,0,False,True,False,False,True,7.334062043356596,0.7000000000000001,0.6946221994724903,True,7.041168824543148
v3_sc0_staging_12,L3,4,19,label_only,False,0,False,True,False,False,True,7.275483399593909,1.140175425099138,0.223606797749979,True,7.041168824543148
v3_sc0_staging_12,L3,4,19,pose_only,False,0,False,True,False,False,True,7.041168824543148,0.6726812023536856,0.223606797749979,True,7.041168824543148
v3_sc0_staging_12,L3,4,19,separate,False,0,False,True,False,False,True,7.363351365237944,1.25,0.223606797749979,True,7.041168824543148
v3_sc0_staging_12,L3,4,19,joint,False,1,False,True,False,False,True,7.656244584051392,1.1313708498984762,0.7000000000000001,True,7.041168824543148
v3_sc0_staging_12,L3,4,19,oracle,False,0,False,True,False,False,True,7.041168824543148,0.6726812023536856,0.20615528128088303,True,7.041168824543148
v3_sc0_staging_12,L4,0,0,uncalibrated,False,0,True,True,True,False,True,7.382590180780456,0.49244289008980524,0.38078865529319544,False,7.001828996322965
v3_sc0_staging_12,L4,0,0,label_cell,False,0,True,False,False,False,False,nan,nan,nan,False,7.001828996322965
v3_sc0_staging_12,L4,0,0,geometry,False,0,False,False,False,False,False,nan,nan,nan,False,7.001828996322965
v3_sc0_staging_12,L4,0,0,label_only,False,0,False,True,False,False,True,7.968376618407357,1.2020815280171309,0.38078865529319544,True,7.001828996322965
v3_sc0_staging_12,L4,0,0,pose_only,False,0,False,True,False,False,True,7.909797974644665,1.140175425099138,0.38078865529319544,True,7.001828996322965
v3_sc0_staging_12,L4,0,0,separate,False,0,False,False,False,False,False,nan,nan,nan,False,7.001828996322965
v3_sc0_staging_12,L4,0,0,joint,False,0,False,True,False,False,True,7.997665940288702,1.25,0.38078865529319544,True,7.001828996322965
v3_sc0_staging_12,L4,0,0,oracle,False,0,False,True,False,False,True,7.001828996322965,0.5024937810560445,0.20615528128088303,True,7.001828996322965
v3_sc0_staging_12,L4,0,1,uncalibrated,False,0,True,True,True,False,True,6.507716446627537,0.49244289008980524,0.49244289008980524,False,6.214823227814084
v3_sc0_staging_12,L4,0,1,label_cell,False,0,True,False,False,False,False,nan,nan,nan,False,6.214823227814084
v3_sc0_staging_12,L4,0,1,geometry,False,0,False,False,False,False,False,nan,nan,nan,False,6.214823227814084
v3_sc0_staging_12,L4,0,1,label_only,False,0,False,True,False,False,True,7.5905591591021535,1.2020815280171309,0.5,True,6.214823227814084
v3_sc0_staging_12,L4,0,1,pose_only,False,0,False,False,False,False,False,nan,nan,nan,False,6.214823227814084
v3_sc0_staging_12,L4,0,1,separate,False,0,False,False,False,False,False,nan,nan,nan,False,6.214823227814084
v3_sc0_staging_12,L4,0,1,joint,False,0,False,False,False,False,False,nan,nan,nan,False,6.214823227814084
v3_sc0_staging_12,L4,0,1,oracle,False,0,False,True,False,False,True,6.214823227814084,0.5024937810560445,0.5024937810560445,True,6.214823227814084
v3_sc0_staging_12,L4,0,2,uncalibrated,False,0,True,True,True,False,True,6.1041630560342615,0.49244289008980524,0.49244289008980524,False,5.811269837220809
v3_sc0_staging_12,L4,0,2,label_cell,False,0,True,True,True,False,True,6.1041630560342615,0.49244289008980524,0.49244289008980524,False,5.811269837220809
v3_sc0_staging_12,L4,0,2,geometry,False,0,False,False,False,False,False,nan,nan,nan,False,5.811269837220809
v3_sc0_staging_12,L4,0,2,label_only,False,0,False,True,False,False,True,6.917766952966369,1.2020815280171309,0.45,True,5.811269837220809
v3_sc0_staging_12,L4,0,2,pose_only,False,0,False,True,False,False,True,6.73492424049175,1.140175425099138,0.55,True,5.811269837220809
v3_sc0_staging_12,L4,0,2,separate,False,0,False,False,False,False,False,nan,nan,nan,False,5.811269837220809
v3_sc0_staging_12,L4,0,2,joint,False,0,False,False,False,False,False,nan,nan,nan,False,5.811269837220809
v3_sc0_staging_12,L4,0,2,oracle,False,0,False,True,False,False,True,5.811269837220809,0.5024937810560445,0.42720018726587655,True,5.811269837220809
v3_sc0_staging_12,L4,0,3,uncalibrated,False,0,True,True,True,False,True,6.285533905932739,0.49244289008980524,0.3905124837953327,False,5.892640687119286
v3_sc0_staging_12,L4,0,3,label_cell,False,0,True,False,False,False,False,nan,nan,nan,False,5.892640687119286
v3_sc0_staging_12,L4,0,3,geometry,False,0,False,False,False,False,False,nan,nan,nan,False,5.892640687119286
v3_sc0_staging_12,L4,0,3,label_only,False,0,False,False,False,False,False,nan,nan,nan,False,5.892640687119286
v3_sc0_staging_12,L4,0,3,pose_only,False,0,False,False,False,False,False,nan,nan,nan,False,5.892640687119286
v3_sc0_staging_12,L4,0,3,separate,False,0,False,False,False,False,False,nan,nan,nan,False,5.892640687119286
v3_sc0_staging_12,L4,0,3,joint,False,0,False,False,False,False,False,nan,nan,nan,False,5.892640687119286
v3_sc0_staging_12,L4,0,3,oracle,False,0,False,True,False,False,True,5.892640687119286,0.5024937810560445,0.25,True,5.892640687119286
v3_sc0_staging_12,L4,0,4,uncalibrated,False,0,True,False,False,False,False,nan,nan,nan,False,6.384062043356595
v3_sc0_staging_12,L4,0,4,label_cell,False,0,True,False,False,False,False,nan,nan,nan,False,6.384062043356595
v3_sc0_staging_12,L4,0,4,geometry,False,0,False,False,False,False,False,nan,nan,nan,False,6.384062043356595
v3_sc0_staging_12,L4,0,4,label_only,False,0,False,False,False,False,False,nan,nan,nan,False,6.384062043356595
v3_sc0_staging_12,L4,0,4,pose_only,False,0,False,False,False,False,False,nan,nan,nan,False,6.384062043356595
v3_sc0_staging_12,L4,0,4,separate,False,0,False,False,False,False,False,nan,nan,nan,False,6.384062043356595
v3_sc0_staging_12,L4,0,4,joint,False,0,False,False,False,False,False,nan,nan,nan,False,6.384062043356595
v3_sc0_staging_12,L4,0,4,oracle,False,0,False,True,False,False,True,6.384062043356595,0.5024937810560445,0.5024937810560445,True,6.384062043356595
v3_sc0_staging_12,L4,0,5,uncalibrated,False,0,True,False,False,False,False,nan,nan,nan,False,7.960407640085657
v3_sc0_staging_12,L4,0,5,label_cell,False,0,True,False,False,False,False,nan,nan,nan,False,7.960407640085657
v3_sc0_staging_12,L4,0,5,geometry,False,0,False,False,False,False,False,nan,nan,nan,False,7.960407640085657
v3_sc0_staging_12,L4,0,5,label_only,False,0,False,False,False,False,False,nan,nan,nan,False,7.960407640085657
v3_sc0_staging_12,L4,0,5,pose_only,False,0,False,False,False,False,False,nan,nan,nan,False,7.960407640085657
v3_sc0_staging_12,L4,0,5,separate,False,0,False,False,False,False,False,nan,nan,nan,False,7.960407640085657
v3_sc0_staging_12,L4,0,5,joint,False,0,False,False,False,False,False,nan,nan,nan,False,7.960407640085657
v3_sc0_staging_12,L4,0,5,oracle,False,0,False,True,False,False,True,7.960407640085657,1.1672617529928753,0.20615528128088303,True,7.960407640085657
v3_sc0_staging_12,L4,0,6,uncalibrated,False,0,True,False,False,False,False,nan,nan,nan,False,5.1870057685088815
v3_sc0_staging_12,L4,0,6,label_cell,False,0,True,False,False,False,False,nan,nan,nan,False,5.1870057685088815
v3_sc0_staging_12,L4,0,6,geometry,False,0,False,False,False,False,False,nan,nan,nan,False,5.1870057685088815
v3_sc0_staging_12,L4,0,6,label_only,False,0,False,False,False,False,False,nan,nan,nan,False,5.1870057685088815
v3_sc0_staging_12,L4,0,6,pose_only,False,0,False,False,False,False,False,nan,nan,nan,False,5.1870057685088815
v3_sc0_staging_12,L4,0,6,separate,False,0,False,False,False,False,False,nan,nan,nan,False,5.1870057685088815
v3_sc0_staging_12,L4,0,6,joint,False,0,False,False,False,False,False,nan,nan,nan,False,5.1870057685088815
v3_sc0_staging_12,L4,0,6,oracle,False,0,False,True,False,False,True,5.1870057685088815,0.5024937810560445,0.32015621187164245,True,5.1870057685088815
v3_sc0_staging_12,L4,0,7,uncalibrated,False,0,True,True,True,False,True,8.057716446627536,0.49244289008980524,0.42720018726587655,False,7.764823227814083
v3_sc0_staging_12,L4,0,7,label_cell,False,0,True,True,True,False,True,8.099137802864846,0.49244289008980524,0.42720018726587655,False,7.764823227814083
v3_sc0_staging_12,L4,0,7,geometry,False,0,False,False,False,False,False,nan,nan,nan,False,7.764823227814083
v3_sc0_staging_12,L4,0,7,label_only,False,0,False,True,False,False,True,8.72634559672906,1.2020815280171309,0.42720018726587655,True,7.764823227814083
v3_sc0_staging_12,L4,0,7,pose_only,False,0,False,False,False,False,False,nan,nan,nan,False,7.764823227814083
v3_sc0_staging_12,L4,0,7,separate,False,0,False,False,False,False,False,nan,nan,nan,False,7.764823227814083
v3_sc0_staging_12,L4,0,7,joint,False,0,False,False,False,False,False,nan,nan,nan,False,7.764823227814083
v3_sc0_staging_12,L4,0,7,oracle,False,0,False,True,False,False,True,7.764823227814083,0.5024937810560445,0.29154759474226505,True,7.764823227814083
v3_sc0_staging_12,L4,0,8,uncalibrated,False,0,True,False,False,False,False,nan,nan,nan,False,8.619595949289339
v3_sc0_staging_12,L4,0,8,label_cell,False,0,True,False,False,False,False,nan,nan,nan,False,8.619595949289339
v3_sc0_staging_12,L4,0,8,geometry,False,0,False,False,False,False,False,nan,nan,nan,False,8.619595949289339
v3_sc0_staging_12,L4,0,8,label_only,False,0,False,False,False,False,False,nan,nan,nan,False,8.619595949289339
v3_sc0_staging_12,L4,0,8,pose_only,False,0,False,False,False,False,False,nan,nan,nan,False,8.619595949289339
v3_sc0_staging_12,L4,0,8,separate,False,0,False,False,False,False,False,nan,nan,nan,False,8.619595949289339
v3_sc0_staging_12,L4,0,8,joint,False,0,False,False,False,False,False,nan,nan,nan,False,8.619595949289339
v3_sc0_staging_12,L4,0,8,oracle,False,0,False,True,False,False,True,8.619595949289339,0.6726812023536856,0.20615528128088303,True,8.619595949289339
v3_sc0_staging_12,L4,0,9,uncalibrated,False,0,True,True,True,False,True,6.7112698372208115,0.49244289008980524,0.49244289008980524,False,6.418376618407358
v3_sc0_staging_12,L4,0,9,label_cell,False,0,True,False,False,False,False,nan,nan,nan,False,6.418376618407358
v3_sc0_staging_12,L4,0,9,geometry,False,0,False,False,False,False,False,nan,nan,nan,False,6.418376618407358
v3_sc0_staging_12,L4,0,9,label_only,False,0,False,True,False,False,True,7.711269837220811,1.2020815280171309,0.45,True,6.418376618407358
v3_sc0_staging_12,L4,0,9,pose_only,False,0,False,True,False,False,True,7.569848480983499,1.140175425099138,0.55,True,6.418376618407358
v3_sc0_staging_12,L4,0,9,separate,False,0,False,False,False,False,False,nan,nan,nan,False,6.418376618407358
v3_sc0_staging_12,L4,0,9,joint,False,0,False,True,False,False,True,7.781980515339464,1.25,0.5,True,6.418376618407358
v3_sc0_staging_12,L4,0,9,oracle,False,0,False,True,False,False,True,6.418376618407358,0.5024937810560445,0.2692582403567252,True,6.418376618407358
v3_sc0_staging_12,L4,0,10,uncalibrated,False,0,True,True,False,False,True,4.004163056034262,0.9394147114027969,0.7762087348130012,True,4.004163056034262
v3_sc0_staging_12,L4,0,10,label_cell,False,0,True,False,False,False,False,nan,nan,nan,False,4.004163056034262
v3_sc0_staging_12,L4,0,10,geometry,False,0,False,False,False,False,False,nan,nan,nan,False,4.004163056034262
v3_sc0_staging_12,L4,0,10,label_only,False,0,False,False,False,False,False,nan,nan,nan,False,4.004163056034262
v3_sc0_staging_12,L4,0,10,pose_only,False,0,False,False,False,False,False,nan,nan,nan,False,4.004163056034262
v3_sc0_staging_12,L4,0,10,separate,False,0,False,False,False,False,False,nan,nan,nan,False,4.004163056034262
v3_sc0_staging_12,L4,0,10,joint,False,0,False,False,False,False,False,nan,nan,nan,False,4.004163056034262
v3_sc0_staging_12,L4,0,10,oracle,False,0,False,True,False,False,True,4.004163056034262,0.7158910531638177,0.7158910531638177,True,4.004163056034262
v3_sc0_staging_12,L4,0,11,uncalibrated,False,0,True,True,False,False,True,4.966295090390226,0.7632168761236874,0.5385164807134504,True,4.611269837220809
v3_sc0_staging_12,L4,0,11,label_cell,False,0,True,False,False,False,False,nan,nan,nan,False,4.611269837220809
v3_sc0_staging_12,L4,0,11,geometry,False,0,False,False,False,False,False,nan,nan,nan,False,4.611269837220809
v3_sc0_staging_12,L4,0,11,label_only,False,0,False,True,False,False,True,6.1784271247461895,1.4500000000000002,0.5385164807134504,True,4.611269837220809
v3_sc0_staging_12,L4,0,11,pose_only,False,0,False,True,False,False,True,5.987005768508881,1.252996408614167,0.5385164807134504,True,4.611269837220809
v3_sc0_staging_12,L4,0,11,separate,False,0,False,False,False,False,False,nan,nan,nan,False,4.611269837220809
v3_sc0_staging_12,L4,0,11,joint,False,0,False,True,False,False,True,6.299137802864845,1.4500000000000002,0.5385164807134504,True,4.611269837220809
v3_sc0_staging_12,L4,0,11,oracle,False,0,False,True,False,False,True,4.611269837220809,0.5024937810560445,0.20615528128088303,True,4.611269837220809
v3_sc0_staging_12,L4,0,12,uncalibrated,False,0,True,False,False,False,False,nan,nan,nan,False,8.868986283848344
v3_sc0_staging_12,L4,0,12,label_cell,False,0,True,False,False,False,False,nan,nan,nan,False,8.868986283848344
v3_sc0_staging_12,L4,0,12,geometry,False,0,False,False,False,False,False,nan,nan,nan,False,8.868986283848344
v3_sc0_staging_12,L4,0,12,label_only,False,0,False,False,False,False,False,nan,nan,nan,False,8.868986283848344
v3_sc0_staging_12,L4,0,12,pose_only,False,0,False,False,False,False,False,nan,nan,nan,False,8.868986283848344
v3_sc0_staging_12,L4,0,12,separate,False,0,False,False,False,False,False,nan,nan,nan,False,8.868986283848344
v3_sc0_staging_12,L4,0,12,joint,False,0,False,False,False,False,False,nan,nan,nan,False,8.868986283848344
v3_sc0_staging_12,L4,0,12,oracle,False,0,False,True,False,False,True,8.868986283848344,0.848528137423857,0.20615528128088303,True,8.868986283848344
v3_sc0_staging_12,L4,0,13,uncalibrated,False,0,True,False,False,False,False,nan,nan,nan,False,9.99680374315355
v3_sc0_staging_12,L4,0,13,label_cell,False,0,True,False,False,False,False,nan,nan,nan,False,9.99680374315355
v3_sc0_staging_12,L4,0,13,geometry,False,0,False,False,False,False,False,nan,nan,nan,False,9.99680374315355
v3_sc0_staging_12,L4,0,13,label_only,False,0,False,False,False,False,False,nan,nan,nan,False,9.99680374315355
v3_sc0_staging_12,L4,0,13,pose_only,False,0,False,False,False,False,False,nan,nan,nan,False,9.99680374315355
v3_sc0_staging_12,L4,0,13,separate,False,0,False,False,False,False,False,nan,nan,nan,False,9.99680374315355
v3_sc0_staging_12,L4,0,13,joint,False,0,False,False,False,False,False,nan,nan,nan,False,9.99680374315355
v3_sc0_staging_12,L4,0,13,oracle,False,0,False,True,False,False,True,9.99680374315355,0.5024937810560445,0.20615528128088303,True,9.99680374315355
v3_sc0_staging_12,L4,0,14,uncalibrated,False,0,True,False,False,False,False,nan,nan,nan,False,7.711879502661801
v3_sc0_staging_12,L4,0,14,label_cell,False,0,True,False,False,False,False,nan,nan,nan,False,7.711879502661801
v3_sc0_staging_12,L4,0,14,geometry,False,0,False,False,False,False,False,nan,nan,nan,False,7.711879502661801
v3_sc0_staging_12,L4,0,14,label_only,False,0,False,False,False,False,False,nan,nan,nan,False,7.711879502661801
v3_sc0_staging_12,L4,0,14,pose_only,False,0,False,False,False,False,False,nan,nan,nan,False,7.711879502661801
v3_sc0_staging_12,L4,0,14,separate,False,0,False,False,False,False,False,nan,nan,nan,False,7.711879502661801
v3_sc0_staging_12,L4,0,14,joint,False,0,False,False,False,False,False,nan,nan,nan,False,7.711879502661801
v3_sc0_staging_12,L4,0,14,oracle,False,0,False,True,False,False,True,7.711879502661801,0.5024937810560445,0.20615528128088303,True,7.711879502661801
v3_sc0_staging_12,L4,0,15,uncalibrated,False,0,True,True,True,False,True,7.440559159102154,0.49244289008980524,0.49244289008980524,False,7.147665940288704
v3_sc0_staging_12,L4,0,15,label_cell,False,0,True,False,False,False,False,nan,nan,nan,False,7.147665940288704
v3_sc0_staging_12,L4,0,15,geometry,False,0,False,False,False,False,False,nan,nan,nan,False,7.147665940288704
v3_sc0_staging_12,L4,0,15,label_only,False,0,False,True,False,False,True,8.06776695296637,1.2020815280171309,0.40311288741492746,True,7.147665940288704
v3_sc0_staging_12,L4,0,15,pose_only,False,0,False,False,False,False,False,nan,nan,nan,False,7.147665940288704
v3_sc0_staging_12,L4,0,15,separate,False,0,False,False,False,False,False,nan,nan,nan,False,7.147665940288704
v3_sc0_staging_12,L4,0,15,joint,False,0,False,False,False,False,False,nan,nan,nan,False,7.147665940288704
v3_sc0_staging_12,L4,0,15,oracle,False,0,False,True,False,False,True,7.147665940288704,0.5024937810560445,0.5024937810560445,True,7.147665940288704
v3_sc0_staging_12,L4,0,16,uncalibrated,False,0,True,True,False,False,True,6.442031021678298,0.55,0.55,True,6.149137802864846
v3_sc0_staging_12,L4,0,16,label_cell,False,0,True,True,False,False,True,6.442031021678298,0.55,0.55,True,6.149137802864846
v3_sc0_staging_12,L4,0,16,geometry,False,0,False,False,False,False,False,nan,nan,nan,False,6.149137802864846
v3_sc0_staging_12,L4,0,16,label_only,False,0,False,True,False,False,True,7.421320343559643,1.104536101718726,0.6800735254367722,True,6.149137802864846
v3_sc0_staging_12,L4,0,16,pose_only,False,0,False,True,False,False,True,7.2591883092036795,1.1,0.7433034373659253,True,6.149137802864846
v3_sc0_staging_12,L4,0,16,separate,False,0,False,False,False,False,False,nan,nan,nan,False,6.149137802864846
v3_sc0_staging_12,L4,0,16,joint,False,0,False,False,False,False,False,nan,nan,nan,False,6.149137802864846
v3_sc0_staging_12,L4,0,16,oracle,False,0,False,True,False,False,True,6.149137802864846,0.5024937810560445,0.20615528128088303,True,6.149137802864846
v3_sc0_staging_12,L4,0,17,uncalibrated,False,0,True,False,False,False,False,nan,nan,nan,False,8.497665940288702
v3_sc0_staging_12,L4,0,17,label_cell,False,0,True,False,False,False,False,nan,nan,nan,False,8.497665940288702
v3_sc0_staging_12,L4,0,17,geometry,False,0,False,False,False,False,False,nan,nan,nan,False,8.497665940288702
v3_sc0_staging_12,L4,0,17,label_only,False,0,False,False,False,False,False,nan,nan,nan,False,8.497665940288702
v3_sc0_staging_12,L4,0,17,pose_only,False,0,False,False,False,False,False,nan,nan,nan,False,8.497665940288702
v3_sc0_staging_12,L4,0,17,separate,False,0,False,False,False,False,False,nan,nan,nan,False,8.497665940288702
v3_sc0_staging_12,L4,0,17,joint,False,0,False,False,False,False,False,nan,nan,nan,False,8.497665940288702
v3_sc0_staging_12,L4,0,17,oracle,False,0,False,True,False,False,True,8.497665940288702,0.5024937810560445,0.3640054944640259,True,8.497665940288702
v3_sc0_staging_12,L4,0,18,uncalibrated,False,0,True,True,False,False,True,5.318376618407357,0.7433034373659253,0.4242640687119285,True,5.171930009000631
v3_sc0_staging_12,L4,0,18,label_cell,False,0,True,False,False,False,False,nan,nan,nan,False,5.171930009000631
v3_sc0_staging_12,L4,0,18,geometry,False,0,False,False,False,False,False,nan,nan,nan,False,5.171930009000631
v3_sc0_staging_12,L4,0,18,label_only,False,0,False,False,False,False,False,nan,nan,nan,False,5.171930009000631
v3_sc0_staging_12,L4,0,18,pose_only,False,0,False,False,False,False,False,nan,nan,nan,False,5.171930009000631
v3_sc0_staging_12,L4,0,18,separate,False,0,False,False,False,False,False,nan,nan,nan,False,5.171930009000631
v3_sc0_staging_12,L4,0,18,joint,False,0,False,False,False,False,False,nan,nan,nan,False,5.171930009000631
v3_sc0_staging_12,L4,0,18,oracle,False,0,False,True,False,False,True,5.171930009000631,0.6363961030678928,0.4242640687119285,True,5.171930009000631
v3_sc0_staging_12,L4,0,19,uncalibrated,False,0,True,False,False,False,False,nan,nan,nan,False,6.91040764008566
v3_sc0_staging_12,L4,0,19,label_cell,False,0,True,False,False,False,False,nan,nan,nan,False,6.91040764008566
v3_sc0_staging_12,L4,0,19,geometry,False,0,False,False,False,False,False,nan,nan,nan,False,6.91040764008566
v3_sc0_staging_12,L4,0,19,label_only,False,0,False,False,False,False,False,nan,nan,nan,False,6.91040764008566
v3_sc0_staging_12,L4,0,19,pose_only,False,0,False,False,False,False,False,nan,nan,nan,False,6.91040764008566
v3_sc0_staging_12,L4,0,19,separate,False,0,False,False,False,False,False,nan,nan,nan,False,6.91040764008566
v3_sc0_staging_12,L4,0,19,joint,False,0,False,False,False,False,False,nan,nan,nan,False,6.91040764008566
v3_sc0_staging_12,L4,0,19,oracle,False,0,False,True,False,False,True,6.91040764008566,0.7071067811865476,0.20615528128088303,True,6.91040764008566
v3_sc0_staging_12,L4,1,0,uncalibrated,False,0,True,False,False,False,False,nan,nan,nan,False,7.217766952966369
v3_sc0_staging_12,L4,1,0,label_cell,False,0,True,False,False,False,False,nan,nan,nan,False,7.217766952966369
v3_sc0_staging_12,L4,1,0,geometry,False,0,False,False,False,False,False,nan,nan,nan,False,7.217766952966369
v3_sc0_staging_12,L4,1,0,label_only,False,0,False,False,False,False,False,nan,nan,nan,False,7.217766952966369
v3_sc0_staging_12,L4,1,0,pose_only,False,0,False,False,False,False,False,nan,nan,nan,False,7.217766952966369
v3_sc0_staging_12,L4,1,0,separate,False,0,False,False,False,False,False,nan,nan,nan,False,7.217766952966369
v3_sc0_staging_12,L4,1,0,joint,False,0,False,False,False,False,False,nan,nan,nan,False,7.217766952966369
v3_sc0_staging_12,L4,1,0,oracle,False,0,False,True,False,False,True,7.217766952966369,0.75,0.20615528128088303,True,7.217766952966369
v3_sc0_staging_12,L4,1,1,uncalibrated,False,0,True,True,True,False,True,5.933452377915608,0.28284271247461906,0.25,False,6.10918830920368
v3_sc0_staging_12,L4,1,1,label_cell,False,0,True,True,True,False,True,6.274873734152917,0.3535533905932738,0.35000000000000003,False,6.10918830920368
v3_sc0_staging_12,L4,1,1,geometry,False,0,False,False,False,False,False,nan,nan,nan,False,6.10918830920368
v3_sc0_staging_12,L4,1,1,label_only,False,0,False,True,False,False,True,6.892031021678301,0.9013878188659974,0.670820393249937,True,6.10918830920368
v3_sc0_staging_12,L4,1,1,pose_only,False,0,False,False,False,False,False,nan,nan,nan,False,6.10918830920368
v3_sc0_staging_12,L4,1,1,separate,False,0,False,False,False,False,False,nan,nan,nan,False,6.10918830920368
v3_sc0_staging_12,L4,1,1,joint,False,0,False,False,False,False,False,nan,nan,nan,False,6.10918830920368
v3_sc0_staging_12,L4,1,1,oracle,False,0,False,True,False,False,True,6.10918830920368,0.5024937810560445,0.49244289008980524,True,6.10918830920368
v3_sc0_staging_12,L4,1,2,uncalibrated,False,0,True,False,False,False,False,nan,nan,nan,False,5.754163056034262
v3_sc0_staging_12,L4,1,2,label_cell,False,0,True,False,False,False,False,nan,nan,nan,False,5.754163056034262
v3_sc0_staging_12,L4,1,2,geometry,False,0,False,False,False,False,False,nan,nan,nan,False,5.754163056034262
v3_sc0_staging_12,L4,1,2,label_only,False,0,False,False,False,False,False,nan,nan,nan,False,5.754163056034262
v3_sc0_staging_12,L4,1,2,pose_only,False,0,False,False,False,False,False,nan,nan,nan,False,5.754163056034262
v3_sc0_staging_12,L4,1,2,separate,False,0,False,False,False,False,False,nan,nan,nan,False,5.754163056034262
v3_sc0_staging_12,L4,1,2,joint,False,0,False,False,False,False,False,nan,nan,nan,False,5.754163056034262
v3_sc0_staging_12,L4,1,2,oracle,False,0,False,True,False,False,True,5.754163056034262,0.5024937810560445,0.5024937810560445,True,5.754163056034262
v3_sc0_staging_12,L4,1,3,uncalibrated,False,0,True,False,False,False,False,nan,nan,nan,False,5.979898987322334
v3_sc0_staging_12,L4,1,3,label_cell,False,0,True,False,False,False,False,nan,nan,nan,False,5.979898987322334
v3_sc0_staging_12,L4,1,3,geometry,False,0,False,False,False,False,False,nan,nan,nan,False,5.979898987322334
v3_sc0_staging_12,L4,1,3,label_only,False,0,False,False,False,False,False,nan,nan,nan,False,5.979898987322334
v3_sc0_staging_12,L4,1,3,pose_only,False,0,False,False,False,False,False,nan,nan,nan,False,5.979898987322334
v3_sc0_staging_12,L4,1,3,separate,False,0,False,False,False,False,False,nan,nan,nan,False,5.979898987322334
v3_sc0_staging_12,L4,1,3,joint,False,0,False,False,False,False,False,nan,nan,nan,False,5.979898987322334
v3_sc0_staging_12,L4,1,3,oracle,False,0,False,True,False,False,True,5.979898987322334,0.5024937810560445,0.20615528128088303,True,5.979898987322334
v3_sc0_staging_12,L4,1,4,uncalibrated,False,0,True,True,False,False,True,6.423401871576775,0.7000000000000001,0.6800735254367722,True,6.423401871576775
v3_sc0_staging_12,L4,1,4,label_cell,False,0,True,True,False,False,True,6.44411254969543,0.7433034373659253,0.632455532033676,True,6.423401871576775
v3_sc0_staging_12,L4,1,4,geometry,False,0,False,False,False,False,False,nan,nan,nan,False,6.423401871576775
v3_sc0_staging_12,L4,1,4,label_only,False,0,False,True,False,False,True,6.4526911934581195,1.0259142264341596,0.7000000000000001,True,6.423401871576775
v3_sc0_staging_12,L4,1,4,pose_only,False,0,False,True,False,False,True,6.423401871576775,0.9500000000000001,0.6800735254367722,True,6.423401871576775
v3_sc0_staging_12,L4,1,4,separate,False,0,False,False,False,False,False,nan,nan,nan,False,6.423401871576775
v3_sc0_staging_12,L4,1,4,joint,False,0,False,False,False,False,False,nan,nan,nan,False,6.423401871576775
v3_sc0_staging_12,L4,1,4,oracle,False,0,False,True,False,False,True,6.423401871576775,0.7000000000000001,0.6800735254367722,True,6.423401871576775
v3_sc0_staging_12,L4,1,5,uncalibrated,False,0,True,False,False,False,False,nan,nan,nan,False,8.028427124746191
v3_sc0_staging_12,L4,1,5,label_cell,False,0,True,False,False,False,False,nan,nan,nan,False,8.028427124746191
v3_sc0_staging_12,L4,1,5,geometry,False,0,False,False,False,False,False,nan,nan,nan,False,8.028427124746191
v3_sc0_staging_12,L4,1,5,label_only,False,0,False,False,False,False,False,nan,nan,nan,False,8.028427124746191
v3_sc0_staging_12,L4,1,5,pose_only,False,0,False,False,False,False,False,nan,nan,nan,False,8.028427124746191
v3_sc0_staging_12,L4,1,5,separate,False,0,False,False,False,False,False,nan,nan,nan,False,8.028427124746191
v3_sc0_staging_12,L4,1,5,joint,False,0,False,False,False,False,False,nan,nan,nan,False,8.028427124746191
v3_sc0_staging_12,L4,1,5,oracle,False,0,False,True,False,False,True,8.028427124746191,0.5024937810560445,0.20615528128088303,True,8.028427124746191
v3_sc0_staging_12,L4,1,6,uncalibrated,False,0,True,True,True,False,True,5.066295090390227,0.29154759474226505,0.29154759474226505,False,5.107716446627535
v3_sc0_staging_12,L4,1,6,label_cell,False,0,True,False,False,False,False,nan,nan,nan,False,5.107716446627535
v3_sc0_staging_12,L4,1,6,geometry,False,0,False,False,False,False,False,nan,nan,nan,False,5.107716446627535
v3_sc0_staging_12,L4,1,6,label_only,False,0,False,False,False,False,False,nan,nan,nan,False,5.107716446627535
v3_sc0_staging_12,L4,1,6,pose_only,False,0,False,False,False,False,False,nan,nan,nan,False,5.107716446627535
v3_sc0_staging_12,L4,1,6,separate,False,0,False,False,False,False,False,nan,nan,nan,False,5.107716446627535
v3_sc0_staging_12,L4,1,6,joint,False,0,False,False,False,False,False,nan,nan,nan,False,5.107716446627535
v3_sc0_staging_12,L4,1,6,oracle,False,0,False,True,False,False,True,5.107716446627535,0.5024937810560445,0.5024937810560445,True,5.107716446627535
v3_sc0_staging_12,L4,1,7,uncalibrated,False,0,True,False,False,False,False,nan,nan,nan,False,7.739087296526012
v3_sc0_staging_12,L4,1,7,label_cell,False,0,True,False,False,False,False,nan,nan,nan,False,7.739087296526012
v3_sc0_staging_12,L4,1,7,geometry,False,0,False,False,False,False,False,nan,nan,nan,False,7.739087296526012
v3_sc0_staging_12,L4,1,7,label_only,False,0,False,False,False,False,False,nan,nan,nan,False,7.739087296526012
v3_sc0_staging_12,L4,1,7,pose_only,False,0,False,False,False,False,False,nan,nan,nan,False,7.739087296526012
v3_sc0_staging_12,L4,1,7,separate,False,0,False,False,False,False,False,nan,nan,nan,False,7.739087296526012
v3_sc0_staging_12,L4,1,7,joint,False,0,False,False,False,False,False,nan,nan,nan,False,7.739087296526012
v3_sc0_staging_12,L4,1,7,oracle,False,0,False,True,False,False,True,7.739087296526012,0.5024937810560445,0.40311288741492746,True,7.739087296526012
v3_sc0_staging_12,L4,1,8,uncalibrated,False,0,True,False,False,False,False,nan,nan,nan,False,8.974873734152917
v3_sc0_staging_12,L4,1,8,label_cell,False,0,True,False,False,False,False,nan,nan,nan,False,8.974873734152917
v3_sc0_staging_12,L4,1,8,geometry,False,0,False,False,False,False,False,nan,nan,nan,False,8.974873734152917
v3_sc0_staging_12,L4,1,8,label_only,False,0,False,False,False,False,False,nan,nan,nan,False,8.974873734152917
v3_sc0_staging_12,L4,1,8,pose_only,False,0,False,False,False,False,False,nan,nan,nan,False,8.974873734152917
v3_sc0_staging_12,L4,1,8,separate,False,0,False,False,False,False,False,nan,nan,nan,False,8.974873734152917
v3_sc0_staging_12,L4,1,8,joint,False,0,False,False,False,False,False,nan,nan,nan,False,8.974873734152917
v3_sc0_staging_12,L4,1,8,oracle,False,0,False,True,False,False,True,8.974873734152917,0.5024937810560445,0.4,True,8.974873734152917
v3_sc0_staging_12,L4,1,9,uncalibrated,False,0,True,False,False,False,False,nan,nan,nan,False,6.487005768508883
v3_sc0_staging_12,L4,1,9,label_cell,False,0,True,False,False,False,False,nan,nan,nan,False,6.487005768508883
v3_sc0_staging_12,L4,1,9,geometry,False,0,False,False,False,False,False,nan,nan,nan,False,6.487005768508883
v3_sc0_staging_12,L4,1,9,label_only,False,0,False,False,False,False,False,nan,nan,nan,False,6.487005768508883
v3_sc0_staging_12,L4,1,9,pose_only,False,0,False,False,False,False,False,nan,nan,nan,False,6.487005768508883
v3_sc0_staging_12,L4,1,9,separate,False,0,False,False,False,False,False,nan,nan,nan,False,6.487005768508883
v3_sc0_staging_12,L4,1,9,joint,False,0,False,False,False,False,False,nan,nan,nan,False,6.487005768508883
v3_sc0_staging_12,L4,1,9,oracle,False,0,False,True,False,False,True,6.487005768508883,0.55,0.32015621187164245,True,6.487005768508883
v3_sc0_staging_12,L4,1,10,uncalibrated,False,0,True,True,False,False,True,3.8449747468305833,0.6576473218982953,0.65,True,3.8449747468305833
v3_sc0_staging_12,L4,1,10,label_cell,False,0,True,False,False,False,False,nan,nan,nan,False,3.8449747468305833
v3_sc0_staging_12,L4,1,10,geometry,False,0,False,False,False,False,False,nan,nan,nan,False,3.8449747468305833
v3_sc0_staging_12,L4,1,10,label_only,False,0,False,False,False,False,False,nan,nan,nan,False,3.8449747468305833
v3_sc0_staging_12,L4,1,10,pose_only,False,0,False,True,False,False,True,3.9071067811865476,0.9500000000000001,0.7566372975210779,True,3.8449747468305833
v3_sc0_staging_12,L4,1,10,separate,False,0,False,False,False,False,False,nan,nan,nan,False,3.8449747468305833
v3_sc0_staging_12,L4,1,10,joint,False,0,False,False,False,False,False,nan,nan,nan,False,3.8449747468305833
v3_sc0_staging_12,L4,1,10,oracle,False,0,False,True,False,False,True,3.8449747468305833,0.6576473218982953,0.65,True,3.8449747468305833
v3_sc0_staging_12,L4,1,11,uncalibrated,False,0,True,False,False,False,False,nan,nan,nan,False,4.74350288425444
v3_sc0_staging_12,L4,1,11,label_cell,False,0,True,False,False,False,False,nan,nan,nan,False,4.74350288425444
v3_sc0_staging_12,L4,1,11,geometry,False,0,False,False,False,False,False,nan,nan,nan,False,4.74350288425444
v3_sc0_staging_12,L4,1,11,label_only,False,0,False,False,False,False,False,nan,nan,nan,False,4.74350288425444
v3_sc0_staging_12,L4,1,11,pose_only,False,0,False,False,False,False,False,nan,nan,nan,False,4.74350288425444
v3_sc0_staging_12,L4,1,11,separate,False,0,False,False,False,False,False,nan,nan,nan,False,4.74350288425444
v3_sc0_staging_12,L4,1,11,joint,False,0,False,False,False,False,False,nan,nan,nan,False,4.74350288425444
v3_sc0_staging_12,L4,1,11,oracle,False,0,False,True,False,False,True,4.74350288425444,0.5024937810560445,0.5024937810560445,True,4.74350288425444
v3_sc0_staging_12,L4,1,12,uncalibrated,False,0,True,False,False,False,False,nan,nan,nan,False,9.023401871576773
v3_sc0_staging_12,L4,1,12,label_cell,False,0,True,False,False,False,False,nan,nan,nan,False,9.023401871576773
v3_sc0_staging_12,L4,1,12,geometry,False,0,False,False,False,False,False,nan,nan,nan,False,9.023401871576773
v3_sc0_staging_12,L4,1,12,label_only,False,0,False,False,False,False,False,nan,nan,nan,False,9.023401871576773
v3_sc0_staging_12,L4,1,12,pose_only,False,0,False,False,False,False,False,nan,nan,nan,False,9.023401871576773
v3_sc0_staging_12,L4,1,12,separate,False,0,False,False,False,False,False,nan,nan,nan,False,9.023401871576773
v3_sc0_staging_12,L4,1,12,joint,False,0,False,False,False,False,False,nan,nan,nan,False,9.023401871576773
v3_sc0_staging_12,L4,1,12,oracle,False,0,False,True,False,False,True,9.023401871576773,0.5024937810560445,0.20615528128088303,True,9.023401871576773
v3_sc0_staging_12,L4,1,13,uncalibrated,False,0,True,False,False,False,False,nan,nan,nan,False,10.007716446627537
v3_sc0_staging_12,L4,1,13,label_cell,False,0,True,False,False,False,False,nan,nan,nan,False,10.007716446627537
v3_sc0_staging_12,L4,1,13,geometry,False,0,False,False,False,False,False,nan,nan,nan,False,10.007716446627537
v3_sc0_staging_12,L4,1,13,label_only,False,0,False,False,False,False,False,nan,nan,nan,False,10.007716446627537
v3_sc0_staging_12,L4,1,13,pose_only,False,0,False,False,False,False,False,nan,nan,nan,False,10.007716446627537
v3_sc0_staging_12,L4,1,13,separate,False,0,False,False,False,False,False,nan,nan,nan,False,10.007716446627537
v3_sc0_staging_12,L4,1,13,joint,False,0,False,False,False,False,False,nan,nan,nan,False,10.007716446627537
v3_sc0_staging_12,L4,1,13,oracle,False,0,False,True,False,False,True,10.007716446627537,0.5024937810560445,0.35000000000000003,True,10.007716446627537
v3_sc0_staging_12,L4,1,14,uncalibrated,False,0,True,False,False,False,False,nan,nan,nan,False,7.778427124746191
v3_sc0_staging_12,L4,1,14,label_cell,False,0,True,False,False,False,False,nan,nan,nan,False,7.778427124746191
v3_sc0_staging_12,L4,1,14,geometry,False,0,False,False,False,False,False,nan,nan,nan,False,7.778427124746191
v3_sc0_staging_12,L4,1,14,label_only,False,0,False,False,False,False,False,nan,nan,nan,False,7.778427124746191
v3_sc0_staging_12,L4,1,14,pose_only,False,0,False,False,False,False,False,nan,nan,nan,False,7.778427124746191
v3_sc0_staging_12,L4,1,14,separate,False,0,False,False,False,False,False,nan,nan,nan,False,7.778427124746191
v3_sc0_staging_12,L4,1,14,joint,False,0,False,False,False,False,False,nan,nan,nan,False,7.778427124746191
v3_sc0_staging_12,L4,1,14,oracle,False,0,False,True,False,False,True,7.778427124746191,0.5024937810560445,0.35000000000000003,True,7.778427124746191
v3_sc0_staging_12,L4,1,15,uncalibrated,False,0,True,False,False,False,False,nan,nan,nan,False,6.961269837220811
v3_sc0_staging_12,L4,1,15,label_cell,False,0,True,False,False,False,False,nan,nan,nan,False,6.961269837220811
v3_sc0_staging_12,L4,1,15,geometry,False,0,False,False,False,False,False,nan,nan,nan,False,6.961269837220811
v3_sc0_staging_12,L4,1,15,label_only,False,0,False,False,False,False,False,nan,nan,nan,False,6.961269837220811
v3_sc0_staging_12,L4,1,15,pose_only,False,0,False,False,False,False,False,nan,nan,nan,False,6.961269837220811
v3_sc0_staging_12,L4,1,15,separate,False,0,False,False,False,False,False,nan,nan,nan,False,6.961269837220811
v3_sc0_staging_12,L4,1,15,joint,False,0,False,False,False,False,False,nan,nan,nan,False,6.961269837220811
v3_sc0_staging_12,L4,1,15,oracle,False,0,False,True,False,False,True,6.961269837220811,0.5024937810560445,0.5024937810560445,True,6.961269837220811
v3_sc0_staging_12,L4,1,16,uncalibrated,False,0,True,True,True,False,True,5.995584412271572,0.29154759474226505,0.29154759474226505,False,6.03700576850888
v3_sc0_staging_12,L4,1,16,label_cell,False,0,True,False,False,False,False,nan,nan,nan,False,6.03700576850888
v3_sc0_staging_12,L4,1,16,geometry,False,0,False,False,False,False,False,nan,nan,nan,False,6.03700576850888
v3_sc0_staging_12,L4,1,16,label_only,False,0,False,True,False,False,True,6.9198484809835,0.9848857801796105,0.75,True,6.03700576850888
v3_sc0_staging_12,L4,1,16,pose_only,False,0,False,True,False,False,True,6.778427124746194,0.9300537618869138,0.8500000000000001,True,6.03700576850888
v3_sc0_staging_12,L4,1,16,separate,False,0,False,False,False,False,False,nan,nan,nan,False,6.03700576850888
v3_sc0_staging_12,L4,1,16,joint,False,0,False,False,False,False,False,nan,nan,nan,False,6.03700576850888
v3_sc0_staging_12,L4,1,16,oracle,False,0,False,True,False,False,True,6.03700576850888,0.5024937810560445,0.5024937810560445,True,6.03700576850888
v3_sc0_staging_12,L4,1,17,uncalibrated,False,0,True,False,False,False,False,nan,nan,nan,False,8.475483399593903
v3_sc0_staging_12,L4,1,17,label_cell,False,0,True,False,False,False,False,nan,nan,nan,False,8.475483399593903
v3_sc0_staging_12,L4,1,17,geometry,False,0,False,False,False,False,False,nan,nan,nan,False,8.475483399593903
v3_sc0_staging_12,L4,1,17,label_only,False,0,False,False,False,False,False,nan,nan,nan,False,8.475483399593903
v3_sc0_staging_12,L4,1,17,pose_only,False,0,False,False,False,False,False,nan,nan,nan,False,8.475483399593903
v3_sc0_staging_12,L4,1,17,separate,False,0,False,False,False,False,False,nan,nan,nan,False,8.475483399593903
v3_sc0_staging_12,L4,1,17,joint,False,0,False,False,False,False,False,nan,nan,nan,False,8.475483399593903
v3_sc0_staging_12,L4,1,17,oracle,False,0,False,True,False,False,True,8.475483399593903,0.5024937810560445,0.35000000000000003,True,8.475483399593903
v3_sc0_staging_12,L4,1,18,uncalibrated,False,0,True,False,False,False,False,nan,nan,nan,False,5.329898987322333
v3_sc0_staging_12,L4,1,18,label_cell,False,0,True,False,False,False,False,nan,nan,nan,False,5.329898987322333
v3_sc0_staging_12,L4,1,18,geometry,False,0,False,False,False,False,False,nan,nan,nan,False,5.329898987322333
v3_sc0_staging_12,L4,1,18,label_only,False,0,False,False,False,False,False,nan,nan,nan,False,5.329898987322333
v3_sc0_staging_12,L4,1,18,pose_only,False,0,False,False,False,False,False,nan,nan,nan,False,5.329898987322333
v3_sc0_staging_12,L4,1,18,separate,False,0,False,False,False,False,False,nan,nan,nan,False,5.329898987322333
v3_sc0_staging_12,L4,1,18,joint,False,0,False,False,False,False,False,nan,nan,nan,False,5.329898987322333
v3_sc0_staging_12,L4,1,18,oracle,False,0,False,True,False,False,True,5.329898987322333,0.6000000000000001,0.20615528128088303,True,5.329898987322333
v3_sc0_staging_12,L4,1,19,uncalibrated,False,0,True,False,False,False,False,nan,nan,nan,False,7.079898987322334
v3_sc0_staging_12,L4,1,19,label_cell,False,0,True,False,False,False,False,nan,nan,nan,False,7.079898987322334
v3_sc0_staging_12,L4,1,19,geometry,False,0,False,False,False,False,False,nan,nan,nan,False,7.079898987322334
v3_sc0_staging_12,L4,1,19,label_only,False,0,False,False,False,False,False,nan,nan,nan,False,7.079898987322334
v3_sc0_staging_12,L4,1,19,pose_only,False,0,False,False,False,False,False,nan,nan,nan,False,7.079898987322334
v3_sc0_staging_12,L4,1,19,separate,False,0,False,False,False,False,False,nan,nan,nan,False,7.079898987322334
v3_sc0_staging_12,L4,1,19,joint,False,0,False,False,False,False,False,nan,nan,nan,False,7.079898987322334
v3_sc0_staging_12,L4,1,19,oracle,False,0,False,True,False,False,True,7.079898987322334,0.5315072906367325,0.20615528128088303,True,7.079898987322334
v3_sc0_staging_12,L4,2,0,uncalibrated,False,0,True,True,False,False,True,7.551219330881979,0.95524865872714,0.4949747468305833,True,7.3148232278140854
v3_sc0_staging_12,L4,2,0,label_cell,False,0,True,False,False,False,False,nan,nan,nan,False,7.3148232278140854
v3_sc0_staging_12,L4,2,0,geometry,False,0,False,False,False,False,False,nan,nan,nan,False,7.3148232278140854
v3_sc0_staging_12,L4,2,0,label_only,False,0,False,True,False,False,True,8.144112549695427,1.3285330255586425,0.4949747468305833,True,7.3148232278140854
v3_sc0_staging_12,L4,2,0,pose_only,False,0,False,True,False,False,True,8.002691193458118,1.2816005617976298,0.4949747468305833,True,7.3148232278140854
v3_sc0_staging_12,L4,2,0,separate,False,0,False,False,False,False,False,nan,nan,nan,False,7.3148232278140854
v3_sc0_staging_12,L4,2,0,joint,False,0,False,True,False,False,True,8.214823227814083,1.3829316685939332,0.4949747468305833,True,7.3148232278140854
v3_sc0_staging_12,L4,2,0,oracle,False,0,False,True,False,False,True,7.3148232278140854,0.6000000000000001,0.20615528128088303,True,7.3148232278140854
v3_sc0_staging_12,L4,2,1,uncalibrated,False,0,True,True,False,False,True,6.547056274847717,0.6000000000000001,0.6000000000000001,True,6.354163056034263
v3_sc0_staging_12,L4,2,1,label_cell,False,0,True,True,False,False,True,6.576345596729062,0.6000000000000001,0.6000000000000001,True,6.354163056034263
v3_sc0_staging_12,L4,2,1,geometry,False,0,False,False,False,False,False,nan,nan,nan,False,6.354163056034263
v3_sc0_staging_12,L4,2,1,label_only,False,0,False,True,False,False,True,7.629898987322332,1.3,0.6670832032063168,True,6.354163056034263
v3_sc0_staging_12,L4,2,1,pose_only,False,0,False,False,False,False,False,nan,nan,nan,False,6.354163056034263
v3_sc0_staging_12,L4,2,1,separate,False,0,False,False,False,False,False,nan,nan,nan,False,6.354163056034263
v3_sc0_staging_12,L4,2,1,joint,False,0,False,False,False,False,False,nan,nan,nan,False,6.354163056034263
v3_sc0_staging_12,L4,2,1,oracle,False,0,False,True,False,False,True,6.354163056034263,0.5024937810560445,0.5,True,6.354163056034263
v3_sc0_staging_12,L4,2,2,uncalibrated,False,0,True,True,False,False,True,5.945584412271573,0.6946221994724903,0.7158910531638177,True,5.479898987322334
v3_sc0_staging_12,L4,2,2,label_cell,False,0,True,False,False,False,False,nan,nan,nan,False,5.479898987322334
v3_sc0_staging_12,L4,2,2,geometry,False,0,False,False,False,False,False,nan,nan,nan,False,5.479898987322334
v3_sc0_staging_12,L4,2,2,label_only,False,0,False,True,False,False,True,7.11126983722081,1.3,0.65,True,5.479898987322334
v3_sc0_staging_12,L4,2,2,pose_only,False,0,False,True,False,False,True,6.969848480983501,1.2000000000000002,0.7433034373659253,True,5.479898987322334
v3_sc0_staging_12,L4,2,2,separate,False,0,False,False,False,False,False,nan,nan,nan,False,5.479898987322334
v3_sc0_staging_12,L4,2,2,joint,False,0,False,True,False,False,True,7.181980515339465,1.35,0.65,True,5.479898987322334
v3_sc0_staging_12,L4,2,2,oracle,False,0,False,True,False,False,True,5.479898987322334,0.5024937810560445,0.4,True,5.479898987322334
v3_sc0_staging_12,L4,2,3,uncalibrated,False,0,True,False,False,False,False,nan,nan,nan,False,5.954163056034264
v3_sc0_staging_12,L4,2,3,label_cell,False,0,True,False,False,False,False,nan,nan,nan,False,5.954163056034264
v3_sc0_staging_12,L4,2,3,geometry,False,0,False,False,False,False,False,nan,nan,nan,False,5.954163056034264
v3_sc0_staging_12,L4,2,3,label_only,False,0,False,False,False,False,False,nan,nan,nan,False,5.954163056034264
v3_sc0_staging_12,L4,2,3,pose_only,False,0,False,False,False,False,False,nan,nan,nan,False,5.954163056034264
v3_sc0_staging_12,L4,2,3,separate,False,0,False,False,False,False,False,nan,nan,nan,False,5.954163056034264
v3_sc0_staging_12,L4,2,3,joint,False,0,False,False,False,False,False,nan,nan,nan,False,5.954163056034264
v3_sc0_staging_12,L4,2,3,oracle,False,0,False,True,False,False,True,5.954163056034264,0.5024937810560445,0.20615528128088303,True,5.954163056034264
v3_sc0_staging_12,L4,2,4,uncalibrated,False,0,True,True,False,False,True,6.630508652763324,0.6670832032063168,0.6020797289396148,True,6.39619407771256
v3_sc0_staging_12,L4,2,4,label_cell,False,0,True,True,False,False,True,6.65979797464467,0.7071067811865476,0.6020797289396148,True,6.39619407771256
v3_sc0_staging_12,L4,2,4,geometry,False,0,False,False,False,False,False,nan,nan,nan,False,6.39619407771256
v3_sc0_staging_12,L4,2,4,label_only,False,0,False,True,False,False,True,7.216295090390226,1.3,0.6000000000000001,True,6.39619407771256
v3_sc0_staging_12,L4,2,4,pose_only,False,0,False,False,False,False,False,nan,nan,nan,False,6.39619407771256
v3_sc0_staging_12,L4,2,4,separate,False,0,False,False,False,False,False,nan,nan,nan,False,6.39619407771256
v3_sc0_staging_12,L4,2,4,joint,False,0,False,False,False,False,False,nan,nan,nan,False,6.39619407771256
v3_sc0_staging_12,L4,2,4,oracle,False,0,False,True,False,False,True,6.39619407771256,0.5147815070493501,0.5408326913195984,True,6.39619407771256
v3_sc0_staging_12,L4,2,5,uncalibrated,False,0,True,False,False,False,False,nan,nan,nan,False,7.996194077712558
v3_sc0_staging_12,L4,2,5,label_cell,False,0,True,False,False,False,False,nan,nan,nan,False,7.996194077712558
v3_sc0_staging_12,L4,2,5,geometry,False,0,False,False,False,False,False,nan,nan,nan,False,7.996194077712558
v3_sc0_staging_12,L4,2,5,label_only,False,0,False,False,False,False,False,nan,nan,nan,False,7.996194077712558
v3_sc0_staging_12,L4,2,5,pose_only,False,0,False,False,False,False,False,nan,nan,nan,False,7.996194077712558
v3_sc0_staging_12,L4,2,5,separate,False,0,False,False,False,False,False,nan,nan,nan,False,7.996194077712558
v3_sc0_staging_12,L4,2,5,joint,False,0,False,False,False,False,False,nan,nan,nan,False,7.996194077712558
v3_sc0_staging_12,L4,2,5,oracle,False,0,False,True,False,False,True,7.996194077712558,0.5024937810560445,0.25,True,7.996194077712558
v3_sc0_staging_12,L4,2,6,uncalibrated,False,0,True,True,False,False,True,5.3648232278140835,0.8139410298049854,0.5220153254455275,True,4.9234018715767744
v3_sc0_staging_12,L4,2,6,label_cell,False,0,True,True,False,False,True,5.547665940288702,0.8246211251235321,0.5220153254455275,True,4.9234018715767744
v3_sc0_staging_12,L4,2,6,geometry,False,0,False,False,False,False,False,nan,nan,nan,False,4.9234018715767744
v3_sc0_staging_12,L4,2,6,label_only,False,0,False,False,False,False,False,nan,nan,nan,False,4.9234018715767744
v3_sc0_staging_12,L4,2,6,pose_only,False,0,False,False,False,False,False,nan,nan,nan,False,4.9234018715767744
v3_sc0_staging_12,L4,2,6,separate,False,0,False,False,False,False,False,nan,nan,nan,False,4.9234018715767744
v3_sc0_staging_12,L4,2,6,joint,False,0,False,False,False,False,False,nan,nan,nan,False,4.9234018715767744
v3_sc0_staging_12,L4,2,6,oracle,False,0,False,True,False,False,True,4.9234018715767744,0.5024937810560445,0.5,True,4.9234018715767744
v3_sc0_staging_12,L4,2,7,uncalibrated,False,0,True,False,False,False,False,nan,nan,nan,False,7.40269119345812
v3_sc0_staging_12,L4,2,7,label_cell,False,0,True,False,False,False,False,nan,nan,nan,False,7.40269119345812
v3_sc0_staging_12,L4,2,7,geometry,False,0,False,False,False,False,False,nan,nan,nan,False,7.40269119345812
v3_sc0_staging_12,L4,2,7,label_only,False,0,False,False,False,False,False,nan,nan,nan,False,7.40269119345812
v3_sc0_staging_12,L4,2,7,pose_only,False,0,False,False,False,False,False,nan,nan,nan,False,7.40269119345812
v3_sc0_staging_12,L4,2,7,separate,False,0,False,False,False,False,False,nan,nan,nan,False,7.40269119345812
v3_sc0_staging_12,L4,2,7,joint,False,0,False,False,False,False,False,nan,nan,nan,False,7.40269119345812
v3_sc0_staging_12,L4,2,7,oracle,False,0,False,True,False,False,True,7.40269119345812,0.5024937810560445,0.30000000000000004,True,7.40269119345812
v3_sc0_staging_12,L4,2,8,uncalibrated,False,0,True,True,False,False,True,9.129036790187179,0.8139410298049854,0.4,True,9.129036790187177
v3_sc0_staging_12,L4,2,8,label_cell,False,0,True,True,False,False,True,9.304772721475251,0.8246211251235321,0.4,True,9.129036790187177
v3_sc0_staging_12,L4,2,8,geometry,False,0,False,False,False,False,False,nan,nan,nan,False,9.129036790187177
v3_sc0_staging_12,L4,2,8,label_only,False,0,False,True,False,False,True,9.597665940288701,1.5116216457830975,0.35000000000000003,True,9.129036790187177
v3_sc0_staging_12,L4,2,8,pose_only,False,0,False,False,False,False,False,nan,nan,nan,False,9.129036790187177
v3_sc0_staging_12,L4,2,8,separate,False,0,False,False,False,False,False,nan,nan,nan,False,9.129036790187177
v3_sc0_staging_12,L4,2,8,joint,False,0,False,False,False,False,False,nan,nan,nan,False,9.129036790187177
v3_sc0_staging_12,L4,2,8,oracle,False,0,False,True,False,False,True,9.129036790187177,0.5024937810560445,0.30000000000000004,True,9.129036790187177
v3_sc0_staging_12,L4,2,9,uncalibrated,False,0,True,True,False,False,True,6.539087296526013,0.9,0.5315072906367325,True,6.249137802864846
v3_sc0_staging_12,L4,2,9,label_cell,False,0,True,False,False,False,False,nan,nan,nan,False,6.249137802864846
v3_sc0_staging_12,L4,2,9,geometry,False,0,False,False,False,False,False,nan,nan,nan,False,6.249137802864846
v3_sc0_staging_12,L4,2,9,label_only,False,0,False,True,False,False,True,7.616904755831218,1.3285330255586425,0.4949747468305833,True,6.249137802864846
v3_sc0_staging_12,L4,2,9,pose_only,False,0,False,True,False,False,True,7.475483399593907,1.2816005617976298,0.4949747468305833,True,6.249137802864846
v3_sc0_staging_12,L4,2,9,separate,False,0,False,False,False,False,False,nan,nan,nan,False,6.249137802864846
v3_sc0_staging_12,L4,2,9,joint,False,0,False,True,False,False,True,7.687615433949873,1.3829316685939332,0.4949747468305833,True,6.249137802864846
v3_sc0_staging_12,L4,2,9,oracle,False,0,False,True,False,False,True,6.249137802864846,0.55,0.45,True,6.249137802864846
v3_sc0_staging_12,L4,2,10,uncalibrated,False,0,True,True,False,False,True,3.894974746830583,0.8558621384311845,0.75,True,3.812132034355965
v3_sc0_staging_12,L4,2,10,label_cell,False,0,True,True,False,False,True,4.019238815542511,1.05,0.75,True,3.812132034355965
v3_sc0_staging_12,L4,2,10,geometry,False,0,False,False,False,False,False,nan,nan,nan,False,3.812132034355965
v3_sc0_staging_12,L4,2,10,label_only,False,0,False,False,False,False,False,nan,nan,nan,False,3.812132034355965
v3_sc0_staging_12,L4,2,10,pose_only,False,0,False,False,False,False,False,nan,nan,nan,False,3.812132034355965
v3_sc0_staging_12,L4,2,10,separate,False,0,False,False,False,False,False,nan,nan,nan,False,3.812132034355965
v3_sc0_staging_12,L4,2,10,joint,False,0,False,False,False,False,False,nan,nan,nan,False,3.812132034355965
v3_sc0_staging_12,L4,2,10,oracle,False,0,False,True,False,False,True,3.812132034355965,0.6576473218982953,0.65,True,3.812132034355965
v3_sc0_staging_12,L4,2,11,uncalibrated,False,0,True,True,False,False,True,4.983452377915606,0.8139410298049854,0.5,True,4.693502884254441
v3_sc0_staging_12,L4,2,11,label_cell,False,0,True,False,False,False,False,nan,nan,nan,False,4.693502884254441
v3_sc0_staging_12,L4,2,11,geometry,False,0,False,False,False,False,False,nan,nan,nan,False,4.693502884254441
v3_sc0_staging_12,L4,2,11,label_only,False,0,False,True,False,False,True,5.856244584051393,1.5116216457830975,0.5,True,4.693502884254441
v3_sc0_staging_12,L4,2,11,pose_only,False,0,False,True,False,False,True,5.685533905932737,1.4500000000000002,0.5,True,4.693502884254441
v3_sc0_staging_12,L4,2,11,separate,False,0,False,False,False,False,False,nan,nan,nan,False,4.693502884254441
v3_sc0_staging_12,L4,2,11,joint,False,0,False,True,False,False,True,5.956244584051394,1.5556349186104046,0.5,True,4.693502884254441
v3_sc0_staging_12,L4,2,11,oracle,False,0,False,True,False,False,True,4.693502884254441,0.5024937810560445,0.5,True,4.693502884254441
v3_sc0_staging_12,L4,2,12,uncalibrated,False,0,True,False,False,False,False,nan,nan,nan,False,9.025483399593904
v3_sc0_staging_12,L4,2,12,label_cell,False,0,True,False,False,False,False,nan,nan,nan,False,9.025483399593904
v3_sc0_staging_12,L4,2,12,geometry,False,0,False,False,False,False,False,nan,nan,nan,False,9.025483399593904
v3_sc0_staging_12,L4,2,12,label_only,False,0,False,False,False,False,False,nan,nan,nan,False,9.025483399593904
v3_sc0_staging_12,L4,2,12,pose_only,False,0,False,False,False,False,False,nan,nan,nan,False,9.025483399593904
v3_sc0_staging_12,L4,2,12,separate,False,0,False,False,False,False,False,nan,nan,nan,False,9.025483399593904
v3_sc0_staging_12,L4,2,12,joint,False,0,False,False,False,False,False,nan,nan,nan,False,9.025483399593904
v3_sc0_staging_12,L4,2,12,oracle,False,0,False,True,False,False,True,9.025483399593904,0.5024937810560445,0.30000000000000004,True,9.025483399593904
v3_sc0_staging_12,L4,2,13,uncalibrated,False,0,True,True,False,False,True,10.375483399593906,0.8139410298049854,0.45,True,10.085533905932738
v3_sc0_staging_12,L4,2,13,label_cell,False,0,True,False,False,False,False,nan,nan,nan,False,10.085533905932738
v3_sc0_staging_12,L4,2,13,geometry,False,0,False,False,False,False,False,nan,nan,nan,False,10.085533905932738
v3_sc0_staging_12,L4,2,13,label_only,False,0,False,True,False,False,True,11.424011537017762,1.5116216457830975,0.35000000000000003,True,10.085533905932738
v3_sc0_staging_12,L4,2,13,pose_only,False,0,False,True,False,False,True,11.282590180780455,1.4500000000000002,0.35000000000000003,True,10.085533905932738
v3_sc0_staging_12,L4,2,13,separate,False,0,False,False,False,False,False,nan,nan,nan,False,10.085533905932738
v3_sc0_staging_12,L4,2,13,joint,False,0,False,True,False,False,True,11.494722215136418,1.5556349186104046,0.35000000000000003,True,10.085533905932738
v3_sc0_staging_12,L4,2,13,oracle,False,0,False,True,False,False,True,10.085533905932738,0.5024937810560445,0.45,True,10.085533905932738
v3_sc0_staging_12,L4,2,14,uncalibrated,False,0,True,True,False,False,True,7.934062043356595,0.8139410298049854,0.35000000000000003,True,7.664823227814082
v3_sc0_staging_12,L4,2,14,label_cell,False,0,True,False,False,False,False,nan,nan,nan,False,7.664823227814082
v3_sc0_staging_12,L4,2,14,geometry,False,0,False,False,False,False,False,nan,nan,nan,False,7.664823227814082
v3_sc0_staging_12,L4,2,14,label_only,False,0,False,True,False,False,True,8.982590180780452,1.5116216457830975,0.35000000000000003,True,7.664823227814082
v3_sc0_staging_12,L4,2,14,pose_only,False,0,False,True,False,False,True,8.841168824543145,1.4500000000000002,0.35000000000000003,True,7.664823227814082
v3_sc0_staging_12,L4,2,14,separate,False,0,False,False,False,False,False,nan,nan,nan,False,7.664823227814082
v3_sc0_staging_12,L4,2,14,joint,False,0,False,True,False,False,True,9.053300858899107,1.5556349186104046,0.35000000000000003,True,7.664823227814082
v3_sc0_staging_12,L4,2,14,oracle,False,0,False,True,False,False,True,7.664823227814082,0.5024937810560445,0.20615528128088303,True,7.664823227814082
v3_sc0_staging_12,L4,2,15,uncalibrated,False,0,True,True,False,False,True,7.207716446627538,0.632455532033676,0.632455532033676,True,6.8491378028648455
v3_sc0_staging_12,L4,2,15,label_cell,False,0,True,True,False,False,True,7.36126983722081,0.632455532033676,0.632455532033676,True,6.8491378028648455
v3_sc0_staging_12,L4,2,15,geometry,False,0,False,False,False,False,False,nan,nan,nan,False,6.8491378028648455
v3_sc0_staging_12,L4,2,15,label_only,False,0,False,True,False,False,True,8.373401871576773,1.3,0.6000000000000001,True,6.8491378028648455
v3_sc0_staging_12,L4,2,15,pose_only,False,0,False,True,False,False,True,8.231980515339464,1.2000000000000002,0.8,True,6.8491378028648455
v3_sc0_staging_12,L4,2,15,separate,False,0,False,False,False,False,False,nan,nan,nan,False,6.8491378028648455
v3_sc0_staging_12,L4,2,15,joint,False,0,False,False,False,False,False,nan,nan,nan,False,6.8491378028648455
v3_sc0_staging_12,L4,2,15,oracle,False,0,False,True,False,False,True,6.8491378028648455,0.5024937810560445,0.5099019513592785,True,6.8491378028648455
v3_sc0_staging_12,L4,2,16,uncalibrated,False,0,True,True,False,False,True,6.417766952966369,0.6800735254367722,0.696419413859206,True,6.0591883092036785
v3_sc0_staging_12,L4,2,16,label_cell,False,0,True,True,False,False,True,6.571320343559645,0.8246211251235321,0.873212459828649,True,6.0591883092036785
v3_sc0_staging_12,L4,2,16,geometry,False,0,False,False,False,False,False,nan,nan,nan,False,6.0591883092036785
v3_sc0_staging_12,L4,2,16,label_only,False,0,False,True,False,False,True,7.583452377915606,1.3,0.6000000000000001,True,6.0591883092036785
v3_sc0_staging_12,L4,2,16,pose_only,False,0,False,True,False,False,True,7.442031021678298,1.2000000000000002,0.7000000000000001,True,6.0591883092036785
v3_sc0_staging_12,L4,2,16,separate,False,0,False,False,False,False,False,nan,nan,nan,False,6.0591883092036785
v3_sc0_staging_12,L4,2,16,joint,False,0,False,True,False,False,True,7.757716446627535,1.3,0.55,True,6.0591883092036785
v3_sc0_staging_12,L4,2,16,oracle,False,0,False,True,False,False,True,6.0591883092036785,0.5024937810560445,0.5,True,6.0591883092036785
v3_sc0_staging_12,L4,2,17,uncalibrated,False,0,True,False,False,False,False,nan,nan,nan,False,8.151219330881977
v3_sc0_staging_12,L4,2,17,label_cell,False,0,True,False,False,False,False,nan,nan,nan,False,8.151219330881977
v3_sc0_staging_12,L4,2,17,geometry,False,0,False,False,False,False,False,nan,nan,nan,False,8.151219330881977
v3_sc0_staging_12,L4,2,17,label_only,False,0,False,False,False,False,False,nan,nan,nan,False,8.151219330881977
v3_sc0_staging_12,L4,2,17,pose_only,False,0,False,False,False,False,False,nan,nan,nan,False,8.151219330881977
v3_sc0_staging_12,L4,2,17,separate,False,0,False,False,False,False,False,nan,nan,nan,False,8.151219330881977
v3_sc0_staging_12,L4,2,17,joint,False,0,False,False,False,False,False,nan,nan,nan,False,8.151219330881977
v3_sc0_staging_12,L4,2,17,oracle,False,0,False,True,False,False,True,8.151219330881977,0.5024937810560445,0.20615528128088303,True,8.151219330881977
v3_sc0_staging_12,L4,2,18,uncalibrated,False,0,True,True,False,False,True,5.273401871576774,0.8500000000000001,0.4949747468305833,True,5.273401871576773
v3_sc0_staging_12,L4,2,18,label_cell,False,0,True,True,False,False,True,5.573401871576774,0.7280109889280518,0.7433034373659253,True,5.273401871576773
v3_sc0_staging_12,L4,2,18,geometry,False,0,False,False,False,False,False,nan,nan,nan,False,5.273401871576773
v3_sc0_staging_12,L4,2,18,label_only,False,0,False,False,False,False,False,nan,nan,nan,False,5.273401871576773
v3_sc0_staging_12,L4,2,18,pose_only,False,0,False,False,False,False,False,nan,nan,nan,False,5.273401871576773
v3_sc0_staging_12,L4,2,18,separate,False,0,False,False,False,False,False,nan,nan,nan,False,5.273401871576773
v3_sc0_staging_12,L4,2,18,joint,False,0,False,False,False,False,False,nan,nan,nan,False,5.273401871576773
v3_sc0_staging_12,L4,2,18,oracle,False,0,False,True,False,False,True,5.273401871576773,0.5315072906367325,0.20615528128088303,True,5.273401871576773
v3_sc0_staging_12,L4,2,19,uncalibrated,False,0,True,True,False,False,True,7.1890872965260115,0.8845903006477066,0.4949747468305833,True,7.189087296526013
v3_sc0_staging_12,L4,2,19,label_cell,False,0,True,True,False,False,True,7.426955262170049,0.7280109889280518,0.5385164807134504,True,7.189087296526013
v3_sc0_staging_12,L4,2,19,geometry,False,0,False,False,False,False,False,nan,nan,nan,False,7.189087296526013
v3_sc0_staging_12,L4,2,19,label_only,False,0,False,False,False,False,False,nan,nan,nan,False,7.189087296526013
v3_sc0_staging_12,L4,2,19,pose_only,False,0,False,False,False,False,False,nan,nan,nan,False,7.189087296526013
v3_sc0_staging_12,L4,2,19,separate,False,0,False,False,False,False,False,nan,nan,nan,False,7.189087296526013
v3_sc0_staging_12,L4,2,19,joint,False,0,False,False,False,False,False,nan,nan,nan,False,7.189087296526013
v3_sc0_staging_12,L4,2,19,oracle,False,0,False,True,False,False,True,7.189087296526013,0.6726812023536856,0.20615528128088303,True,7.189087296526013
v3_sc0_staging_12,L4,3,0,uncalibrated,False,0,True,True,False,False,True,7.78761543394987,0.9,0.5147815070493501,True,7.077564927611039
v3_sc0_staging_12,L4,3,0,label_cell,False,0,False,True,False,False,True,8.508326112068522,0.9899494936611666,0.6000000000000001,True,7.077564927611039
v3_sc0_staging_12,L4,3,0,geometry,False,0,False,False,False,False,False,nan,nan,nan,False,7.077564927611039
v3_sc0_staging_12,L4,3,0,label_only,False,0,False,True,False,False,True,8.373401871576775,1.6031219541881399,0.5,True,7.077564927611039
v3_sc0_staging_12,L4,3,0,pose_only,False,0,False,True,False,False,True,8.314823227814083,1.35,0.5147815070493501,True,7.077564927611039
v3_sc0_staging_12,L4,3,0,separate,False,0,False,False,False,False,False,nan,nan,nan,False,7.077564927611039
v3_sc0_staging_12,L4,3,0,joint,False,0,False,True,False,False,True,8.40269119345812,1.6031219541881399,0.45,True,7.077564927611039
v3_sc0_staging_12,L4,3,0,oracle,False,0,False,True,False,False,True,7.077564927611039,0.6020797289396148,0.20615528128088303,True,7.077564927611039
v3_sc0_staging_12,L4,3,1,uncalibrated,False,0,True,True,False,False,True,7.040559159102156,0.9899494936611666,0.73824115301167,True,6.411269837220811
v3_sc0_staging_12,L4,3,1,label_cell,False,0,False,True,False,False,True,7.199137802864849,0.9899494936611666,0.55,True,6.411269837220811
v3_sc0_staging_12,L4,3,1,geometry,False,0,False,False,False,False,False,nan,nan,nan,False,6.411269837220811
v3_sc0_staging_12,L4,3,1,label_only,False,0,False,True,False,False,True,8.235533905932739,1.6,0.5024937810560445,True,6.411269837220811
v3_sc0_staging_12,L4,3,1,pose_only,False,0,False,False,False,False,False,nan,nan,nan,False,6.411269837220811
v3_sc0_staging_12,L4,3,1,separate,False,0,False,False,False,False,False,nan,nan,nan,False,6.411269837220811
v3_sc0_staging_12,L4,3,1,joint,False,0,False,False,False,False,False,nan,nan,nan,False,6.411269837220811
v3_sc0_staging_12,L4,3,1,oracle,False,0,False,True,False,False,True,6.411269837220811,0.5024937810560445,0.30000000000000004,True,6.411269837220811
v3_sc0_staging_12,L4,3,2,uncalibrated,False,0,True,True,False,False,True,6.11776695296637,0.9899494936611666,0.8500000000000001,True,5.737005768508882
v3_sc0_staging_12,L4,3,2,label_cell,False,0,False,False,False,False,False,nan,nan,nan,False,5.737005768508882
v3_sc0_staging_12,L4,3,2,geometry,False,0,False,False,False,False,False,nan,nan,nan,False,5.737005768508882
v3_sc0_staging_12,L4,3,2,label_only,False,0,False,True,False,False,True,7.117766952966369,1.35,0.5590169943749475,True,5.737005768508882
v3_sc0_staging_12,L4,3,2,pose_only,False,0,False,False,False,False,False,nan,nan,nan,False,5.737005768508882
v3_sc0_staging_12,L4,3,2,separate,False,0,False,False,False,False,False,nan,nan,nan,False,5.737005768508882
v3_sc0_staging_12,L4,3,2,joint,False,0,False,False,False,False,False,nan,nan,nan,False,5.737005768508882
v3_sc0_staging_12,L4,3,2,oracle,False,0,False,True,False,False,True,5.737005768508882,0.5024937810560445,0.35000000000000003,True,5.737005768508882
v3_sc0_staging_12,L4,3,3,uncalibrated,False,0,True,False,False,False,False,nan,nan,nan,False,5.780508652763323
v3_sc0_staging_12,L4,3,3,label_cell,False,0,False,False,False,False,False,nan,nan,nan,False,5.780508652763323
v3_sc0_staging_12,L4,3,3,geometry,False,0,False,False,False,False,False,nan,nan,nan,False,5.780508652763323
v3_sc0_staging_12,L4,3,3,label_only,False,0,False,False,False,False,False,nan,nan,nan,False,5.780508652763323
v3_sc0_staging_12,L4,3,3,pose_only,False,0,False,False,False,False,False,nan,nan,nan,False,5.780508652763323
v3_sc0_staging_12,L4,3,3,separate,False,0,False,False,False,False,False,nan,nan,nan,False,5.780508652763323
v3_sc0_staging_12,L4,3,3,joint,False,0,False,False,False,False,False,nan,nan,nan,False,5.780508652763323
v3_sc0_staging_12,L4,3,3,oracle,False,0,False,True,False,False,True,5.780508652763323,0.6000000000000001,0.21213203435596426,True,5.780508652763323
v3_sc0_staging_12,L4,3,4,uncalibrated,False,0,True,True,False,False,True,6.797665940288704,0.9899494936611666,0.4716990566028302,True,6.416904755831215
v3_sc0_staging_12,L4,3,4,label_cell,False,0,False,True,False,False,True,6.797665940288704,0.9899494936611666,0.6800735254367722,True,6.416904755831215
v3_sc0_staging_12,L4,3,4,geometry,False,0,False,False,False,False,False,nan,nan,nan,False,6.416904755831215
v3_sc0_staging_12,L4,3,4,label_only,False,0,False,True,False,False,True,7.424873734152917,1.4000000000000001,0.42720018726587655,True,6.416904755831215
v3_sc0_staging_12,L4,3,4,pose_only,False,0,False,False,False,False,False,nan,nan,nan,False,6.416904755831215
v3_sc0_staging_12,L4,3,4,separate,False,0,False,False,False,False,False,nan,nan,nan,False,6.416904755831215
v3_sc0_staging_12,L4,3,4,joint,False,0,False,False,False,False,False,nan,nan,nan,False,6.416904755831215
v3_sc0_staging_12,L4,3,4,oracle,False,0,False,True,False,False,True,6.416904755831215,0.5024937810560445,0.5024937810560445,True,6.416904755831215
v3_sc0_staging_12,L4,3,5,uncalibrated,False,0,True,False,False,False,False,nan,nan,nan,False,7.746803743153551
v3_sc0_staging_12,L4,3,5,label_cell,False,0,False,False,False,False,False,nan,nan,nan,False,7.746803743153551
v3_sc0_staging_12,L4,3,5,geometry,False,0,False,False,False,False,False,nan,nan,nan,False,7.746803743153551
v3_sc0_staging_12,L4,3,5,label_only,False,0,False,False,False,False,False,nan,nan,nan,False,7.746803743153551
v3_sc0_staging_12,L4,3,5,pose_only,False,0,False,False,False,False,False,nan,nan,nan,False,7.746803743153551
v3_sc0_staging_12,L4,3,5,separate,False,0,False,False,False,False,False,nan,nan,nan,False,7.746803743153551
v3_sc0_staging_12,L4,3,5,joint,False,0,False,False,False,False,False,nan,nan,nan,False,7.746803743153551
v3_sc0_staging_12,L4,3,5,oracle,False,0,False,True,False,False,True,7.746803743153551,0.7071067811865476,0.20615528128088303,True,7.746803743153551
v3_sc0_staging_12,L4,3,6,uncalibrated,False,0,True,True,False,False,True,5.633452377915607,0.7000000000000001,0.55,True,5.1698484809835
v3_sc0_staging_12,L4,3,6,label_cell,False,0,False,False,False,False,False,nan,nan,nan,False,5.1698484809835
v3_sc0_staging_12,L4,3,6,geometry,False,0,False,False,False,False,False,nan,nan,nan,False,5.1698484809835
v3_sc0_staging_12,L4,3,6,label_only,False,0,False,True,False,False,True,6.467766952966369,1.4000000000000001,0.45,True,5.1698484809835
v3_sc0_staging_12,L4,3,6,pose_only,False,0,False,True,False,False,True,6.32634559672906,1.3,0.5,True,5.1698484809835
v3_sc0_staging_12,L4,3,6,separate,False,0,False,False,False,False,False,nan,nan,nan,False,5.1698484809835
v3_sc0_staging_12,L4,3,6,joint,False,0,False,True,False,False,True,6.5384776310850246,1.4500000000000002,0.45,True,5.1698484809835
v3_sc0_staging_12,L4,3,6,oracle,False,0,False,True,False,False,True,5.1698484809835,0.5024937810560445,0.20615528128088303,True,5.1698484809835
v3_sc0_staging_12,L4,3,7,uncalibrated,False,0,True,False,False,False,False,nan,nan,nan,False,7.669848480983501
v3_sc0_staging_12,L4,3,7,label_cell,False,0,False,False,False,False,False,nan,nan,nan,False,7.669848480983501
v3_sc0_staging_12,L4,3,7,geometry,False,0,False,False,False,False,False,nan,nan,nan,False,7.669848480983501
v3_sc0_staging_12,L4,3,7,label_only,False,0,False,False,False,False,False,nan,nan,nan,False,7.669848480983501
v3_sc0_staging_12,L4,3,7,pose_only,False,0,False,False,False,False,False,nan,nan,nan,False,7.669848480983501
v3_sc0_staging_12,L4,3,7,separate,False,0,False,False,False,False,False,nan,nan,nan,False,7.669848480983501
v3_sc0_staging_12,L4,3,7,joint,False,0,False,False,False,False,False,nan,nan,nan,False,7.669848480983501
v3_sc0_staging_12,L4,3,7,oracle,False,0,False,True,False,False,True,7.669848480983501,0.5024937810560445,0.4,True,7.669848480983501
v3_sc0_staging_12,L4,3,8,uncalibrated,False,0,True,False,False,False,False,nan,nan,nan,False,8.71604255869606
v3_sc0_staging_12,L4,3,8,label_cell,False,0,False,False,False,False,False,nan,nan,nan,False,8.71604255869606
v3_sc0_staging_12,L4,3,8,geometry,False,0,False,False,False,False,False,nan,nan,nan,False,8.71604255869606
v3_sc0_staging_12,L4,3,8,label_only,False,0,False,False,False,False,False,nan,nan,nan,False,8.71604255869606
v3_sc0_staging_12,L4,3,8,pose_only,False,0,False,False,False,False,False,nan,nan,nan,False,8.71604255869606
v3_sc0_staging_12,L4,3,8,separate,False,0,False,False,False,False,False,nan,nan,nan,False,8.71604255869606
v3_sc0_staging_12,L4,3,8,joint,False,0,False,False,False,False,False,nan,nan,nan,False,8.71604255869606
v3_sc0_staging_12,L4,3,8,oracle,False,0,False,True,False,False,True,8.71604255869606,0.5024937810560445,0.20615528128088303,True,8.71604255869606
v3_sc0_staging_12,L4,3,9,uncalibrated,False,0,True,False,False,False,False,nan,nan,nan,False,6.318376618407359
v3_sc0_staging_12,L4,3,9,label_cell,False,0,False,False,False,False,False,nan,nan,nan,False,6.318376618407359
v3_sc0_staging_12,L4,3,9,geometry,False,0,False,False,False,False,False,nan,nan,nan,False,6.318376618407359
v3_sc0_staging_12,L4,3,9,label_only,False,0,False,False,False,False,False,nan,nan,nan,False,6.318376618407359
v3_sc0_staging_12,L4,3,9,pose_only,False,0,False,False,False,False,False,nan,nan,nan,False,6.318376618407359
v3_sc0_staging_12,L4,3,9,separate,False,0,False,False,False,False,False,nan,nan,nan,False,6.318376618407359
v3_sc0_staging_12,L4,3,9,joint,False,0,False,False,False,False,False,nan,nan,nan,False,6.318376618407359
v3_sc0_staging_12,L4,3,9,oracle,False,0,False,True,False,False,True,6.318376618407359,0.5024937810560445,0.42720018726587655,True,6.318376618407359
v3_sc0_staging_12,L4,3,10,uncalibrated,False,0,True,True,False,False,True,3.9970562748477136,0.9486832980505139,0.6670832032063168,True,3.9970562748477136
v3_sc0_staging_12,L4,3,10,label_cell,False,0,False,False,False,False,False,nan,nan,nan,False,3.9970562748477136
v3_sc0_staging_12,L4,3,10,geometry,False,0,False,False,False,False,False,nan,nan,nan,False,3.9970562748477136
v3_sc0_staging_12,L4,3,10,label_only,False,0,False,True,False,False,True,4.226345596729059,1.4000000000000001,0.7071067811865476,True,3.9970562748477136
v3_sc0_staging_12,L4,3,10,pose_only,False,0,False,True,False,False,True,4.08492424049175,1.3,0.7071067811865476,True,3.9970562748477136
v3_sc0_staging_12,L4,3,10,separate,False,0,False,False,False,False,False,nan,nan,nan,False,3.9970562748477136
v3_sc0_staging_12,L4,3,10,joint,False,0,False,True,False,False,True,4.297056274847714,1.4000000000000001,0.7071067811865476,True,3.9970562748477136
v3_sc0_staging_12,L4,3,10,oracle,False,0,False,True,False,False,True,3.9970562748477136,0.6800735254367722,0.6670832032063168,True,3.9970562748477136
v3_sc0_staging_12,L4,3,11,uncalibrated,False,0,True,True,False,False,True,4.954163056034262,0.7000000000000001,0.5024937810560445,True,4.654163056034262
v3_sc0_staging_12,L4,3,11,label_cell,False,0,False,False,False,False,False,nan,nan,nan,False,4.654163056034262
v3_sc0_staging_12,L4,3,11,geometry,False,0,False,False,False,False,False,nan,nan,nan,False,4.654163056034262
v3_sc0_staging_12,L4,3,11,label_only,False,0,False,True,False,False,True,5.747056274847715,1.4000000000000001,0.5024937810560445,True,4.654163056034262
v3_sc0_staging_12,L4,3,11,pose_only,False,0,False,True,False,False,True,5.605634918610404,1.3,0.5024937810560445,True,4.654163056034262
v3_sc0_staging_12,L4,3,11,separate,False,0,False,False,False,False,False,nan,nan,nan,False,4.654163056034262
v3_sc0_staging_12,L4,3,11,joint,False,0,False,True,False,False,True,5.81776695296637,1.4500000000000002,0.5024937810560445,True,4.654163056034262
v3_sc0_staging_12,L4,3,11,oracle,False,0,False,True,False,False,True,4.654163056034262,0.5024937810560445,0.20615528128088303,True,4.654163056034262
v3_sc0_staging_12,L4,3,12,uncalibrated,False,0,True,False,False,False,False,nan,nan,nan,False,8.751828996322965
v3_sc0_staging_12,L4,3,12,label_cell,False,0,False,False,False,False,False,nan,nan,nan,False,8.751828996322965
v3_sc0_staging_12,L4,3,12,geometry,False,0,False,False,False,False,False,nan,nan,nan,False,8.751828996322965
v3_sc0_staging_12,L4,3,12,label_only,False,0,False,False,False,False,False,nan,nan,nan,False,8.751828996322965
v3_sc0_staging_12,L4,3,12,pose_only,False,0,False,False,False,False,False,nan,nan,nan,False,8.751828996322965
v3_sc0_staging_12,L4,3,12,separate,False,0,False,False,False,False,False,nan,nan,nan,False,8.751828996322965
v3_sc0_staging_12,L4,3,12,joint,False,0,False,False,False,False,False,nan,nan,nan,False,8.751828996322965
v3_sc0_staging_12,L4,3,12,oracle,False,0,False,True,False,False,True,8.751828996322965,0.6363961030678928,0.20615528128088303,True,8.751828996322965
v3_sc0_staging_12,L4,3,13,uncalibrated,False,0,True,False,False,False,False,nan,nan,nan,False,9.894722215136419
v3_sc0_staging_12,L4,3,13,label_cell,False,0,False,False,False,False,False,nan,nan,nan,False,9.894722215136419
v3_sc0_staging_12,L4,3,13,geometry,False,0,False,False,False,False,False,nan,nan,nan,False,9.894722215136419
v3_sc0_staging_12,L4,3,13,label_only,False,0,False,False,False,False,False,nan,nan,nan,False,9.894722215136419
v3_sc0_staging_12,L4,3,13,pose_only,False,0,False,False,False,False,False,nan,nan,nan,False,9.894722215136419
v3_sc0_staging_12,L4,3,13,separate,False,0,False,False,False,False,False,nan,nan,nan,False,9.894722215136419
v3_sc0_staging_12,L4,3,13,joint,False,0,False,False,False,False,False,nan,nan,nan,False,9.894722215136419
v3_sc0_staging_12,L4,3,13,oracle,False,0,False,True,False,False,True,9.894722215136419,0.5024937810560445,0.20615528128088303,True,9.894722215136419
v3_sc0_staging_12,L4,3,14,uncalibrated,False,0,True,True,False,False,True,8.084062043356594,0.7000000000000001,0.35000000000000003,True,7.524011537017767
v3_sc0_staging_12,L4,3,14,label_cell,False,0,False,False,False,False,False,nan,nan,nan,False,7.524011537017767
v3_sc0_staging_12,L4,3,14,geometry,False,0,False,False,False,False,False,nan,nan,nan,False,7.524011537017767
v3_sc0_staging_12,L4,3,14,label_only,False,0,False,True,False,False,True,8.773401871576773,1.4000000000000001,0.35000000000000003,True,7.524011537017767
v3_sc0_staging_12,L4,3,14,pose_only,False,0,False,True,False,False,True,8.65269119345812,1.3,0.35000000000000003,True,7.524011537017767
v3_sc0_staging_12,L4,3,14,separate,False,0,False,False,False,False,False,nan,nan,nan,False,7.524011537017767
v3_sc0_staging_12,L4,3,14,joint,False,0,False,True,False,False,True,8.844112549695428,1.4500000000000002,0.35000000000000003,True,7.524011537017767
v3_sc0_staging_12,L4,3,14,oracle,False,0,False,True,False,False,True,7.524011537017767,0.5024937810560445,0.20615528128088303,True,7.524011537017767
v3_sc0_staging_12,L4,3,15,uncalibrated,False,0,True,True,False,False,True,7.616295090390228,0.9899494936611666,0.75,True,7.235533905932741
v3_sc0_staging_12,L4,3,15,label_cell,False,0,False,True,False,False,True,7.616295090390226,0.9899494936611666,0.8746427842267951,True,7.235533905932741
v3_sc0_staging_12,L4,3,15,geometry,False,0,False,False,False,False,False,nan,nan,nan,False,7.235533905932741
v3_sc0_staging_12,L4,3,15,label_only,False,0,False,True,False,False,True,8.409188309203678,1.5,0.5,True,7.235533905932741
v3_sc0_staging_12,L4,3,15,pose_only,False,0,False,False,False,False,False,nan,nan,nan,False,7.235533905932741
v3_sc0_staging_12,L4,3,15,separate,False,0,False,False,False,False,False,nan,nan,nan,False,7.235533905932741
v3_sc0_staging_12,L4,3,15,joint,False,0,False,False,False,False,False,nan,nan,nan,False,7.235533905932741
v3_sc0_staging_12,L4,3,15,oracle,False,0,False,True,False,False,True,7.235533905932741,0.5024937810560445,0.5024937810560445,True,7.235533905932741
v3_sc0_staging_12,L4,3,16,uncalibrated,False,0,True,True,False,False,True,6.75060966544099,0.7000000000000001,0.65,True,6.245584412271571
v3_sc0_staging_12,L4,3,16,label_cell,False,0,False,False,False,False,False,nan,nan,nan,False,6.245584412271571
v3_sc0_staging_12,L4,3,16,geometry,False,0,False,False,False,False,False,nan,nan,nan,False,6.245584412271571
v3_sc0_staging_12,L4,3,16,label_only,False,0,False,False,False,False,False,nan,nan,nan,False,6.245584412271571
v3_sc0_staging_12,L4,3,16,pose_only,False,0,False,False,False,False,False,nan,nan,nan,False,6.245584412271571
v3_sc0_staging_12,L4,3,16,separate,False,0,False,False,False,False,False,nan,nan,nan,False,6.245584412271571
v3_sc0_staging_12,L4,3,16,joint,False,0,False,False,False,False,False,nan,nan,nan,False,6.245584412271571
v3_sc0_staging_12,L4,3,16,oracle,False,0,False,True,False,False,True,6.245584412271571,0.5024937810560445,0.20615528128088303,True,6.245584412271571
v3_sc0_staging_12,L4,3,17,uncalibrated,False,0,True,False,False,False,False,nan,nan,nan,False,8.364823227814083
v3_sc0_staging_12,L4,3,17,label_cell,False,0,False,False,False,False,False,nan,nan,nan,False,8.364823227814083
v3_sc0_staging_12,L4,3,17,geometry,False,0,False,False,False,False,False,nan,nan,nan,False,8.364823227814083
v3_sc0_staging_12,L4,3,17,label_only,False,0,False,False,False,False,False,nan,nan,nan,False,8.364823227814083
v3_sc0_staging_12,L4,3,17,pose_only,False,0,False,False,False,False,False,nan,nan,nan,False,8.364823227814083
v3_sc0_staging_12,L4,3,17,separate,False,0,False,False,False,False,False,nan,nan,nan,False,8.364823227814083
v3_sc0_staging_12,L4,3,17,joint,False,0,False,False,False,False,False,nan,nan,nan,False,8.364823227814083
v3_sc0_staging_12,L4,3,17,oracle,False,0,False,True,False,False,True,8.364823227814083,0.5024937810560445,0.41231056256176607,True,8.364823227814083
v3_sc0_staging_12,L4,3,18,uncalibrated,False,0,True,True,False,False,True,5.514823227814084,0.9899494936611666,0.5147815070493501,True,4.958326112068523
v3_sc0_staging_12,L4,3,18,label_cell,False,0,False,True,False,False,True,5.902691193458119,0.9899494936611666,0.8246211251235321,True,4.958326112068523
v3_sc0_staging_12,L4,3,18,geometry,False,0,False,False,False,False,False,nan,nan,nan,False,4.958326112068523
v3_sc0_staging_12,L4,3,18,label_only,False,0,False,True,False,False,True,6.100609665440988,1.4500000000000002,0.5,True,4.958326112068523
v3_sc0_staging_12,L4,3,18,pose_only,False,0,False,True,False,False,True,6.042031021678298,1.3536986370680886,0.5147815070493501,True,4.958326112068523
v3_sc0_staging_12,L4,3,18,separate,False,0,False,False,False,False,False,nan,nan,nan,False,4.958326112068523
v3_sc0_staging_12,L4,3,18,joint,False,0,False,True,False,False,True,6.129898987322333,1.4500000000000002,0.45,True,4.958326112068523
v3_sc0_staging_12,L4,3,18,oracle,False,0,False,True,False,False,True,4.958326112068523,0.5315072906367325,0.28284271247461906,True,4.958326112068523
v3_sc0_staging_12,L4,3,19,uncalibrated,False,0,True,True,False,False,True,7.446194077712562,0.9899494936611666,0.5147815070493501,True,6.86040764008566
v3_sc0_staging_12,L4,3,19,label_cell,False,0,False,False,False,False,False,nan,nan,nan,False,6.86040764008566
v3_sc0_staging_12,L4,3,19,geometry,False,0,False,False,False,False,False,nan,nan,nan,False,6.86040764008566
v3_sc0_staging_12,L4,3,19,label_only,False,0,False,True,False,False,True,8.031980515339464,1.4142135623730951,0.5,True,6.86040764008566
v3_sc0_staging_12,L4,3,19,pose_only,False,0,False,True,False,False,True,7.973401871576773,1.3086252328302401,0.5147815070493501,True,6.86040764008566
v3_sc0_staging_12,L4,3,19,separate,False,0,False,False,False,False,False,nan,nan,nan,False,6.86040764008566
v3_sc0_staging_12,L4,3,19,joint,False,0,False,True,False,False,True,8.06126983722081,1.5,0.45,True,6.86040764008566
v3_sc0_staging_12,L4,3,19,oracle,False,0,False,True,False,False,True,6.86040764008566,0.6020797289396148,0.20615528128088303,True,6.86040764008566
v3_sc0_staging_12,L4,4,0,uncalibrated,False,0,True,True,False,False,True,9.084671708797584,0.6020797289396148,0.45,True,7.2376154339498715
v3_sc0_staging_12,L4,4,0,label_cell,False,0,True,False,False,False,False,nan,nan,nan,False,7.2376154339498715
v3_sc0_staging_12,L4,4,0,geometry,False,0,False,False,False,False,False,nan,nan,nan,False,7.2376154339498715
v3_sc0_staging_12,L4,4,0,label_only,False,0,False,True,False,False,True,9.143250352560274,0.651920240520265,0.45,True,7.2376154339498715
v3_sc0_staging_12,L4,4,0,pose_only,False,0,False,True,False,False,True,9.084671708797584,0.6020797289396148,0.45,True,7.2376154339498715
v3_sc0_staging_12,L4,4,0,separate,False,0,False,False,False,False,False,nan,nan,nan,False,7.2376154339498715
v3_sc0_staging_12,L4,4,0,joint,False,0,False,True,False,False,True,9.17253967444162,0.7071067811865476,0.45,True,7.2376154339498715
v3_sc0_staging_12,L4,4,0,oracle,False,0,False,True,False,False,True,7.2376154339498715,0.65,0.20615528128088303,True,7.2376154339498715
v3_sc0_staging_12,L4,4,1,uncalibrated,False,0,True,True,True,False,True,6.240559159102155,0.2,0.25,False,6.43700576850888
v3_sc0_staging_12,L4,4,1,label_cell,False,0,True,True,True,False,True,6.504163056034262,0.45276925690687087,0.45276925690687087,False,6.43700576850888
v3_sc0_staging_12,L4,4,1,geometry,False,0,False,False,False,False,False,nan,nan,nan,False,6.43700576850888
v3_sc0_staging_12,L4,4,1,label_only,False,0,False,True,False,False,True,6.533452377915608,0.651920240520265,0.670820393249937,True,6.43700576850888
v3_sc0_staging_12,L4,4,1,pose_only,False,0,False,False,False,False,False,nan,nan,nan,False,6.43700576850888
v3_sc0_staging_12,L4,4,1,separate,False,0,False,False,False,False,False,nan,nan,nan,False,6.43700576850888
v3_sc0_staging_12,L4,4,1,joint,False,0,False,False,False,False,False,nan,nan,nan,False,6.43700576850888
v3_sc0_staging_12,L4,4,1,oracle,False,0,False,True,False,False,True,6.43700576850888,0.5024937810560445,0.35000000000000003,True,6.43700576850888
v3_sc0_staging_12,L4,4,2,uncalibrated,False,0,True,True,True,False,True,5.53700576850888,0.3535533905932738,0.4242640687119285,False,5.683452377915607
v3_sc0_staging_12,L4,4,2,label_cell,False,0,True,True,False,False,True,5.771320343559642,0.5,0.552268050859363,True,5.683452377915607
v3_sc0_staging_12,L4,4,2,geometry,False,0,False,False,False,False,False,nan,nan,nan,False,5.683452377915607
v3_sc0_staging_12,L4,4,2,label_only,False,0,False,True,False,False,True,5.924873734152918,0.651920240520265,0.7211102550927979,True,5.683452377915607
v3_sc0_staging_12,L4,4,2,pose_only,False,0,False,True,False,False,True,5.783452377915608,0.6020797289396148,0.670820393249937,True,5.683452377915607
v3_sc0_staging_12,L4,4,2,separate,False,0,False,False,False,False,False,nan,nan,nan,False,5.683452377915607
v3_sc0_staging_12,L4,4,2,joint,False,0,False,False,False,False,False,nan,nan,nan,False,5.683452377915607
v3_sc0_staging_12,L4,4,2,oracle,False,0,False,True,False,False,True,5.683452377915607,0.5024937810560445,0.35000000000000003,True,5.683452377915607
v3_sc0_staging_12,L4,4,3,uncalibrated,False,0,True,True,False,False,True,5.9234018715767744,0.6000000000000001,0.42720018726587655,True,5.9026911934581205
v3_sc0_staging_12,L4,4,3,label_cell,False,0,True,False,False,False,False,nan,nan,nan,False,5.9026911934581205
v3_sc0_staging_12,L4,4,3,geometry,False,0,False,False,False,False,False,nan,nan,nan,False,5.9026911934581205
v3_sc0_staging_12,L4,4,3,label_only,False,0,False,True,False,False,True,6.271930009000631,0.651920240520265,0.42720018726587655,True,5.9026911934581205
v3_sc0_staging_12,L4,4,3,pose_only,False,0,False,True,False,False,True,6.130508652763322,0.6020797289396148,0.42720018726587655,True,5.9026911934581205
v3_sc0_staging_12,L4,4,3,separate,False,0,False,False,False,False,False,nan,nan,nan,False,5.9026911934581205
v3_sc0_staging_12,L4,4,3,joint,False,0,False,False,False,False,False,nan,nan,nan,False,5.9026911934581205
v3_sc0_staging_12,L4,4,3,oracle,False,0,False,True,False,False,True,5.9026911934581205,0.6000000000000001,0.20615528128088303,True,5.9026911934581205
v3_sc0_staging_12,L4,4,4,uncalibrated,False,0,True,True,True,False,True,6.320458146424489,0.2,0.25,False,6.496194077712561
v3_sc0_staging_12,L4,4,4,label_cell,False,0,True,False,False,False,False,nan,nan,nan,False,6.496194077712561
v3_sc0_staging_12,L4,4,4,geometry,False,0,False,False,False,False,False,nan,nan,nan,False,6.496194077712561
v3_sc0_staging_12,L4,4,4,label_only,False,0,False,True,False,False,True,6.613351365237944,0.651920240520265,0.7211102550927979,True,6.496194077712561
v3_sc0_staging_12,L4,4,4,pose_only,False,0,False,False,False,False,False,nan,nan,nan,False,6.496194077712561
v3_sc0_staging_12,L4,4,4,separate,False,0,False,False,False,False,False,nan,nan,nan,False,6.496194077712561
v3_sc0_staging_12,L4,4,4,joint,False,0,False,False,False,False,False,nan,nan,nan,False,6.496194077712561
v3_sc0_staging_12,L4,4,4,oracle,False,0,False,True,False,False,True,6.496194077712561,0.5024937810560445,0.4,True,6.496194077712561
v3_sc0_staging_12,L4,4,5,uncalibrated,False,0,True,True,True,False,True,10.258935777509514,0.32015621187164245,0.3535533905932738,False,7.868986283848348
v3_sc0_staging_12,L4,4,5,label_cell,False,0,True,False,False,False,False,nan,nan,nan,False,7.868986283848348
v3_sc0_staging_12,L4,4,5,geometry,False,0,False,False,False,False,False,nan,nan,nan,False,7.868986283848348
v3_sc0_staging_12,L4,4,5,label_only,False,0,False,True,False,False,True,10.317514421272204,0.651920240520265,0.45,True,7.868986283848348
v3_sc0_staging_12,L4,4,5,pose_only,False,0,False,False,False,False,False,nan,nan,nan,False,7.868986283848348
v3_sc0_staging_12,L4,4,5,separate,False,0,False,False,False,False,False,nan,nan,nan,False,7.868986283848348
v3_sc0_staging_12,L4,4,5,joint,False,0,False,False,False,False,False,nan,nan,nan,False,7.868986283848348
v3_sc0_staging_12,L4,4,5,oracle,False,0,False,True,False,False,True,7.868986283848348,0.5024937810560445,0.21213203435596426,True,7.868986283848348
v3_sc0_staging_12,L4,4,6,uncalibrated,False,0,True,True,True,False,True,4.964823227814083,0.32015621187164245,0.3535533905932738,False,5.140559159102155
v3_sc0_staging_12,L4,4,6,label_cell,False,0,True,False,False,False,False,nan,nan,nan,False,5.140559159102155
v3_sc0_staging_12,L4,4,6,geometry,False,0,False,False,False,False,False,nan,nan,nan,False,5.140559159102155
v3_sc0_staging_12,L4,4,6,label_only,False,0,False,True,False,False,True,5.564823227814084,0.651920240520265,0.55,True,5.140559159102155
v3_sc0_staging_12,L4,4,6,pose_only,False,0,False,True,False,False,True,5.3941125496954285,0.6020797289396148,0.55,True,5.140559159102155
v3_sc0_staging_12,L4,4,6,separate,False,0,False,False,False,False,False,nan,nan,nan,False,5.140559159102155
v3_sc0_staging_12,L4,4,6,joint,False,0,False,True,False,False,True,5.885533905932739,0.7071067811865476,0.55,True,5.140559159102155
v3_sc0_staging_12,L4,4,6,oracle,False,0,False,True,False,False,True,5.140559159102155,0.5024937810560445,0.35000000000000003,True,5.140559159102155
v3_sc0_staging_12,L4,4,7,uncalibrated,False,0,True,False,False,False,False,nan,nan,nan,False,7.495584412271571
v3_sc0_staging_12,L4,4,7,label_cell,False,0,True,False,False,False,False,nan,nan,nan,False,7.495584412271571
v3_sc0_staging_12,L4,4,7,geometry,False,0,False,False,False,False,False,nan,nan,nan,False,7.495584412271571
v3_sc0_staging_12,L4,4,7,label_only,False,0,False,False,False,False,False,nan,nan,nan,False,7.495584412271571
v3_sc0_staging_12,L4,4,7,pose_only,False,0,False,False,False,False,False,nan,nan,nan,False,7.495584412271571
v3_sc0_staging_12,L4,4,7,separate,False,0,False,False,False,False,False,nan,nan,nan,False,7.495584412271571
v3_sc0_staging_12,L4,4,7,joint,False,0,False,False,False,False,False,nan,nan,nan,False,7.495584412271571
v3_sc0_staging_12,L4,4,7,oracle,False,0,False,True,False,False,True,7.495584412271571,0.5024937810560445,0.4,True,7.495584412271571
v3_sc0_staging_12,L4,4,8,uncalibrated,False,0,True,True,True,False,True,8.993250352560272,0.32015621187164245,0.35000000000000003,False,8.963961030678929
v3_sc0_staging_12,L4,4,8,label_cell,False,0,True,False,False,False,False,nan,nan,nan,False,8.963961030678929
v3_sc0_staging_12,L4,4,8,geometry,False,0,False,False,False,False,False,nan,nan,nan,False,8.963961030678929
v3_sc0_staging_12,L4,4,8,label_only,False,0,False,True,False,False,True,9.051828996322966,0.651920240520265,0.35000000000000003,True,8.963961030678929
v3_sc0_staging_12,L4,4,8,pose_only,False,0,False,False,False,False,False,nan,nan,nan,False,8.963961030678929
v3_sc0_staging_12,L4,4,8,separate,False,0,False,False,False,False,False,nan,nan,nan,False,8.963961030678929
v3_sc0_staging_12,L4,4,8,joint,False,0,False,False,False,False,False,nan,nan,nan,False,8.963961030678929
v3_sc0_staging_12,L4,4,8,oracle,False,0,False,True,False,False,True,8.963961030678929,0.5024937810560445,0.25,True,8.963961030678929
v3_sc0_staging_12,L4,4,9,uncalibrated,False,0,True,True,True,False,True,6.156244584051393,0.4609772228646444,0.47434164902525694,False,6.185533905932738
v3_sc0_staging_12,L4,4,9,label_cell,False,0,True,True,False,False,True,6.573401871576775,0.5,0.55,True,6.185533905932738
v3_sc0_staging_12,L4,4,9,geometry,False,0,False,False,False,False,False,nan,nan,nan,False,6.185533905932738
v3_sc0_staging_12,L4,4,9,label_only,False,0,False,True,False,False,True,6.521930009000633,0.651920240520265,0.4949747468305833,True,6.185533905932738
v3_sc0_staging_12,L4,4,9,pose_only,False,0,False,True,False,False,True,6.380508652763322,0.6020797289396148,0.4949747468305833,True,6.185533905932738
v3_sc0_staging_12,L4,4,9,separate,False,0,False,False,False,False,False,nan,nan,nan,False,6.185533905932738
v3_sc0_staging_12,L4,4,9,joint,False,0,False,True,False,False,True,6.592640687119289,0.7071067811865476,0.4949747468305833,True,6.185533905932738
v3_sc0_staging_12,L4,4,9,oracle,False,0,False,True,False,False,True,6.185533905932738,0.5315072906367325,0.3640054944640259,True,6.185533905932738
v3_sc0_staging_12,L4,4,10,uncalibrated,False,0,True,True,True,False,True,3.939949493661167,0.4,0.45276925690687087,False,3.939949493661167
v3_sc0_staging_12,L4,4,10,label_cell,False,0,True,True,False,False,True,3.939949493661167,0.9219544457292888,0.7566372975210779,True,3.939949493661167
v3_sc0_staging_12,L4,4,10,geometry,False,0,False,False,False,False,False,nan,nan,nan,False,3.939949493661167
v3_sc0_staging_12,L4,4,10,label_only,False,0,False,True,False,False,True,3.981370849898476,0.912414379544733,0.7648529270389178,True,3.939949493661167
v3_sc0_staging_12,L4,4,10,pose_only,False,0,False,True,False,False,True,3.939949493661167,0.6576473218982953,0.7158910531638177,True,3.939949493661167
v3_sc0_staging_12,L4,4,10,separate,False,0,False,False,False,False,False,nan,nan,nan,False,3.939949493661167
v3_sc0_staging_12,L4,4,10,joint,False,0,False,True,False,False,True,4.022792206135786,1.0111874208078342,0.7648529270389178,True,3.939949493661167
v3_sc0_staging_12,L4,4,10,oracle,False,0,False,True,False,False,True,3.939949493661167,0.6576473218982953,0.55,True,3.939949493661167
v3_sc0_staging_12,L4,4,11,uncalibrated,False,0,True,True,True,False,True,4.688477631085024,0.45,0.3535533905932738,False,4.6470562748477136
v3_sc0_staging_12,L4,4,11,label_cell,False,0,True,False,False,False,False,nan,nan,nan,False,4.6470562748477136
v3_sc0_staging_12,L4,4,11,geometry,False,0,False,False,False,False,False,nan,nan,nan,False,4.6470562748477136
v3_sc0_staging_12,L4,4,11,label_only,False,0,False,True,False,False,True,4.97842712474619,0.7071067811865476,0.5024937810560445,True,4.6470562748477136
v3_sc0_staging_12,L4,4,11,pose_only,False,0,False,True,False,False,True,4.895584412271571,0.7000000000000001,0.5024937810560445,True,4.6470562748477136
v3_sc0_staging_12,L4,4,11,separate,False,0,False,False,False,False,False,nan,nan,nan,False,4.6470562748477136
v3_sc0_staging_12,L4,4,11,joint,False,0,False,True,False,False,True,5.0198484809835,0.7433034373659253,0.5024937810560445,True,4.6470562748477136
v3_sc0_staging_12,L4,4,11,oracle,False,0,False,True,False,False,True,4.6470562748477136,0.5024937810560445,0.35000000000000003,True,4.6470562748477136
v3_sc0_staging_12,L4,4,12,uncalibrated,False,0,True,False,False,False,False,nan,nan,nan,False,8.924011537017762
v3_sc0_staging_12,L4,4,12,label_cell,False,0,True,False,False,False,False,nan,nan,nan,False,8.924011537017762
v3_sc0_staging_12,L4,4,12,geometry,False,0,False,False,False,False,False,nan,nan,nan,False,8.924011537017762
v3_sc0_staging_12,L4,4,12,label_only,False,0,False,False,False,False,False,nan,nan,nan,False,8.924011537017762
v3_sc0_staging_12,L4,4,12,pose_only,False,0,False,False,False,False,False,nan,nan,nan,False,8.924011537017762
v3_sc0_staging_12,L4,4,12,separate,False,0,False,False,False,False,False,nan,nan,nan,False,8.924011537017762
v3_sc0_staging_12,L4,4,12,joint,False,0,False,False,False,False,False,nan,nan,nan,False,8.924011537017762
v3_sc0_staging_12,L4,4,12,oracle,False,0,False,True,False,False,True,8.924011537017762,0.5024937810560445,0.35000000000000003,True,8.924011537017762
v3_sc0_staging_12,L4,4,13,uncalibrated,False,0,True,True,True,False,True,10.013351365237941,0.32015621187164245,0.3535533905932738,False,9.971930009000632
v3_sc0_staging_12,L4,4,13,label_cell,False,0,True,False,False,False,False,nan,nan,nan,False,9.971930009000632
v3_sc0_staging_12,L4,4,13,geometry,False,0,False,False,False,False,False,nan,nan,nan,False,9.971930009000632
v3_sc0_staging_12,L4,4,13,label_only,False,0,False,True,False,False,True,10.424011537017762,0.651920240520265,0.45,True,9.971930009000632
v3_sc0_staging_12,L4,4,13,pose_only,False,0,False,True,False,False,True,10.282590180780453,0.6020797289396148,0.45,True,9.971930009000632
v3_sc0_staging_12,L4,4,13,separate,False,0,False,False,False,False,False,nan,nan,nan,False,9.971930009000632
v3_sc0_staging_12,L4,4,13,joint,False,0,False,True,False,False,True,10.494722215136418,0.7071067811865476,0.45,True,9.971930009000632
v3_sc0_staging_12,L4,4,13,oracle,False,0,False,True,False,False,True,9.971930009000632,0.5024937810560445,0.35000000000000003,True,9.971930009000632
v3_sc0_staging_12,L4,4,14,uncalibrated,False,0,True,True,True,False,True,7.554772721475252,0.32015621187164245,0.3535533905932738,False,7.554772721475252
v3_sc0_staging_12,L4,4,14,label_cell,False,0,True,False,False,False,False,nan,nan,nan,False,7.554772721475252
v3_sc0_staging_12,L4,4,14,geometry,False,0,False,False,False,False,False,nan,nan,nan,False,7.554772721475252
v3_sc0_staging_12,L4,4,14,label_only,False,0,False,True,False,False,True,7.82045814642449,0.651920240520265,0.4,True,7.554772721475252
v3_sc0_staging_12,L4,4,14,pose_only,False,0,False,True,False,False,True,7.67903679018718,0.6020797289396148,0.4,True,7.554772721475252
v3_sc0_staging_12,L4,4,14,separate,False,0,False,False,False,False,False,nan,nan,nan,False,7.554772721475252
v3_sc0_staging_12,L4,4,14,joint,False,0,False,True,False,False,True,7.8911688245431435,0.7071067811865476,0.4,True,7.554772721475252
v3_sc0_staging_12,L4,4,14,oracle,False,0,False,True,False,False,True,7.554772721475252,0.5024937810560445,0.21213203435596426,True,7.554772721475252
v3_sc0_staging_12,L4,4,15,uncalibrated,False,0,True,True,True,False,True,6.976955262170051,0.2,0.25,False,7.152691193458122
v3_sc0_staging_12,L4,4,15,label_cell,False,0,True,True,True,False,True,7.240559159102159,0.45276925690687087,0.45276925690687087,False,7.152691193458122
v3_sc0_staging_12,L4,4,15,geometry,False,0,False,False,False,False,False,nan,nan,nan,False,7.152691193458122
v3_sc0_staging_12,L4,4,15,label_only,False,0,False,True,False,False,True,7.269848480983502,0.651920240520265,0.7211102550927979,True,7.152691193458122
v3_sc0_staging_12,L4,4,15,pose_only,False,0,False,False,False,False,False,nan,nan,nan,False,7.152691193458122
v3_sc0_staging_12,L4,4,15,separate,False,0,False,False,False,False,False,nan,nan,nan,False,7.152691193458122
v3_sc0_staging_12,L4,4,15,joint,False,0,False,False,False,False,False,nan,nan,nan,False,7.152691193458122
v3_sc0_staging_12,L4,4,15,oracle,False,0,False,True,False,False,True,7.152691193458122,0.5024937810560445,0.45,True,7.152691193458122
v3_sc0_staging_12,L4,4,16,uncalibrated,False,0,True,True,True,False,True,6.087005768508881,0.32015621187164245,0.3535533905932738,False,6.262741699796952
v3_sc0_staging_12,L4,4,16,label_cell,False,0,True,True,False,False,True,6.350609665440988,0.608276253029822,0.6670832032063168,True,6.262741699796952
v3_sc0_staging_12,L4,4,16,geometry,False,0,False,False,False,False,False,nan,nan,nan,False,6.262741699796952
v3_sc0_staging_12,L4,4,16,label_only,False,0,False,True,False,False,True,6.379898987322334,0.651920240520265,0.7211102550927979,True,6.262741699796952
v3_sc0_staging_12,L4,4,16,pose_only,False,0,False,True,False,False,True,6.321320343559642,0.6020797289396148,0.670820393249937,True,6.262741699796952
v3_sc0_staging_12,L4,4,16,separate,False,0,False,False,False,False,False,nan,nan,nan,False,6.262741699796952
v3_sc0_staging_12,L4,4,16,joint,False,0,False,False,False,False,False,nan,nan,nan,False,6.262741699796952
v3_sc0_staging_12,L4,4,16,oracle,False,0,False,True,False,False,True,6.262741699796952,0.5024937810560445,0.35000000000000003,True,6.262741699796952
v3_sc0_staging_12,L4,4,17,uncalibrated,False,0,True,False,False,False,False,nan,nan,nan,False,8.161269837220809
v3_sc0_staging_12,L4,4,17,label_cell,False,0,True,False,False,False,False,nan,nan,nan,False,8.161269837220809
v3_sc0_staging_12,L4,4,17,geometry,False,0,False,False,False,False,False,nan,nan,nan,False,8.161269837220809
v3_sc0_staging_12,L4,4,17,label_only,False,0,False,False,False,False,False,nan,nan,nan,False,8.161269837220809
v3_sc0_staging_12,L4,4,17,pose_only,False,0,False,False,False,False,False,nan,nan,nan,False,8.161269837220809
v3_sc0_staging_12,L4,4,17,separate,False,0,False,False,False,False,False,nan,nan,nan,False,8.161269837220809
v3_sc0_staging_12,L4,4,17,joint,False,0,False,False,False,False,False,nan,nan,nan,False,8.161269837220809
v3_sc0_staging_12,L4,4,17,oracle,False,0,False,True,False,False,True,8.161269837220809,0.5024937810560445,0.45,True,8.161269837220809
v3_sc0_staging_12,L4,4,18,uncalibrated,False,0,True,True,True,False,True,5.142640687119286,0.4949747468305833,0.42720018726587655,False,5.142640687119286
v3_sc0_staging_12,L4,4,18,label_cell,False,0,True,False,False,False,False,nan,nan,nan,False,5.142640687119286
v3_sc0_staging_12,L4,4,18,geometry,False,0,False,False,False,False,False,nan,nan,nan,False,5.142640687119286
v3_sc0_staging_12,L4,4,18,label_only,False,0,False,True,False,False,True,5.201219330881976,0.651920240520265,0.42720018726587655,True,5.142640687119286
v3_sc0_staging_12,L4,4,18,pose_only,False,0,False,True,False,False,True,5.142640687119286,0.6020797289396148,0.42720018726587655,True,5.142640687119286
v3_sc0_staging_12,L4,4,18,separate,False,0,False,False,False,False,False,nan,nan,nan,False,5.142640687119286
v3_sc0_staging_12,L4,4,18,joint,False,0,False,True,False,False,True,5.230508652763322,0.7071067811865476,0.42720018726587655,True,5.142640687119286
v3_sc0_staging_12,L4,4,18,oracle,False,0,False,True,False,False,True,5.142640687119286,0.7433034373659253,0.28284271247461906,True,5.142640687119286
v3_sc0_staging_12,L4,4,19,uncalibrated,False,0,True,True,True,False,True,7.111879502661799,0.3535533905932738,0.4242640687119285,False,7.07045814642449
v3_sc0_staging_12,L4,4,19,label_cell,False,0,True,False,False,False,False,nan,nan,nan,False,7.07045814642449
v3_sc0_staging_12,L4,4,19,geometry,False,0,False,False,False,False,False,nan,nan,nan,False,7.07045814642449
v3_sc0_staging_12,L4,4,19,label_only,False,0,False,True,False,False,True,7.1704581464244885,0.651920240520265,0.45276925690687087,True,7.07045814642449
v3_sc0_staging_12,L4,4,19,pose_only,False,0,False,True,False,False,True,7.111879502661799,0.6020797289396148,0.45276925690687087,True,7.07045814642449
v3_sc0_staging_12,L4,4,19,separate,False,0,False,False,False,False,False,nan,nan,nan,False,7.07045814642449
v3_sc0_staging_12,L4,4,19,joint,False,0,False,True,False,False,True,7.1997474683058345,0.7071067811865476,0.45276925690687087,True,7.07045814642449
v3_sc0_staging_12,L4,4,19,oracle,False,0,False,True,False,False,True,7.07045814642449,0.6020797289396148,0.20615528128088303,True,7.07045814642449
v3_sc0_staging_12,L5,0,1,uncalibrated,False,0,False,False,False,False,False,nan,nan,nan,False,6.3698484809835
v3_sc0_staging_12,L5,0,1,label_cell,False,0,False,False,False,False,False,nan,nan,nan,False,6.3698484809835
v3_sc0_staging_12,L5,0,1,geometry,True,2,False,False,False,False,False,nan,nan,nan,False,6.3698484809835
v3_sc0_staging_12,L5,0,1,label_only,False,0,False,False,False,False,False,nan,nan,nan,False,6.3698484809835
v3_sc0_staging_12,L5,0,1,pose_only,True,2,False,False,False,False,False,nan,nan,nan,False,6.3698484809835
v3_sc0_staging_12,L5,0,1,separate,True,2,False,False,False,False,False,nan,nan,nan,False,6.3698484809835
v3_sc0_staging_12,L5,0,1,joint,True,2,False,False,False,False,False,nan,nan,nan,False,6.3698484809835
v3_sc0_staging_12,L5,0,1,oracle,False,0,False,True,False,False,True,6.3698484809835,0.5024937810560445,0.25,True,6.3698484809835
v3_sc0_staging_12,L5,0,2,uncalibrated,False,0,False,False,False,False,False,nan,nan,nan,False,5.695584412271572
v3_sc0_staging_12,L5,0,2,label_cell,False,0,False,False,False,False,False,nan,nan,nan,False,5.695584412271572
v3_sc0_staging_12,L5,0,2,geometry,True,2,False,False,False,False,False,nan,nan,nan,False,5.695584412271572
v3_sc0_staging_12,L5,0,2,label_only,False,0,False,False,False,False,False,nan,nan,nan,False,5.695584412271572
v3_sc0_staging_12,L5,0,2,pose_only,True,2,False,False,False,False,False,nan,nan,nan,False,5.695584412271572
v3_sc0_staging_12,L5,0,2,separate,True,2,False,False,False,False,False,nan,nan,nan,False,5.695584412271572
v3_sc0_staging_12,L5,0,2,joint,True,2,False,False,False,False,False,nan,nan,nan,False,5.695584412271572
v3_sc0_staging_12,L5,0,2,oracle,False,0,False,True,False,False,True,5.695584412271572,0.5024937810560445,0.25,True,5.695584412271572
v3_sc0_staging_12,L5,0,7,uncalibrated,False,0,False,False,False,False,False,nan,nan,nan,False,7.628427124746191
v3_sc0_staging_12,L5,0,7,label_cell,False,0,False,False,False,False,False,nan,nan,nan,False,7.628427124746191
v3_sc0_staging_12,L5,0,7,geometry,True,2,False,False,False,False,False,nan,nan,nan,False,7.628427124746191
v3_sc0_staging_12,L5,0,7,label_only,False,0,False,False,False,False,False,nan,nan,nan,False,7.628427124746191
v3_sc0_staging_12,L5,0,7,pose_only,True,2,False,False,False,False,False,nan,nan,nan,False,7.628427124746191
v3_sc0_staging_12,L5,0,7,separate,True,2,False,False,False,False,False,nan,nan,nan,False,7.628427124746191
v3_sc0_staging_12,L5,0,7,joint,True,2,False,False,False,False,False,nan,nan,nan,False,7.628427124746191
v3_sc0_staging_12,L5,0,7,oracle,False,0,False,True,False,False,True,7.628427124746191,0.5024937810560445,0.4,True,7.628427124746191
v3_sc0_staging_12,L5,0,11,uncalibrated,False,0,False,False,False,False,False,nan,nan,nan,False,4.642031021678298
v3_sc0_staging_12,L5,0,11,label_cell,False,0,False,False,False,False,False,nan,nan,nan,False,4.642031021678298
v3_sc0_staging_12,L5,0,11,geometry,True,2,False,False,False,False,False,nan,nan,nan,False,4.642031021678298
v3_sc0_staging_12,L5,0,11,label_only,False,0,False,False,False,False,False,nan,nan,nan,False,4.642031021678298
v3_sc0_staging_12,L5,0,11,pose_only,True,2,False,False,False,False,False,nan,nan,nan,False,4.642031021678298
v3_sc0_staging_12,L5,0,11,separate,True,2,False,False,False,False,False,nan,nan,nan,False,4.642031021678298
v3_sc0_staging_12,L5,0,11,joint,True,2,False,False,False,False,False,nan,nan,nan,False,4.642031021678298
v3_sc0_staging_12,L5,0,11,oracle,False,0,False,True,False,False,True,4.642031021678298,0.55,0.25,True,4.642031021678298
v3_sc0_staging_12,L5,0,15,uncalibrated,False,0,False,False,False,False,False,nan,nan,nan,False,7.214823227814087
v3_sc0_staging_12,L5,0,15,label_cell,False,0,False,False,False,False,False,nan,nan,nan,False,7.214823227814087
v3_sc0_staging_12,L5,0,15,geometry,True,2,False,False,False,False,False,nan,nan,nan,False,7.214823227814087
v3_sc0_staging_12,L5,0,15,label_only,False,0,False,False,False,False,False,nan,nan,nan,False,7.214823227814087
v3_sc0_staging_12,L5,0,15,pose_only,True,2,False,False,False,False,False,nan,nan,nan,False,7.214823227814087
v3_sc0_staging_12,L5,0,15,separate,True,2,False,False,False,False,False,nan,nan,nan,False,7.214823227814087
v3_sc0_staging_12,L5,0,15,joint,True,2,False,False,False,False,False,nan,nan,nan,False,7.214823227814087
v3_sc0_staging_12,L5,0,15,oracle,False,0,False,True,False,False,True,7.214823227814087,0.5024937810560445,0.45,True,7.214823227814087
v3_sc0_staging_12,L5,0,16,uncalibrated,False,0,False,False,False,False,False,nan,nan,nan,False,6.2955844122715705
v3_sc0_staging_12,L5,0,16,label_cell,False,0,False,False,False,False,False,nan,nan,nan,False,6.2955844122715705
v3_sc0_staging_12,L5,0,16,geometry,True,2,False,False,False,False,False,nan,nan,nan,False,6.2955844122715705
v3_sc0_staging_12,L5,0,16,label_only,False,0,False,False,False,False,False,nan,nan,nan,False,6.2955844122715705
v3_sc0_staging_12,L5,0,16,pose_only,True,2,False,False,False,False,False,nan,nan,nan,False,6.2955844122715705
v3_sc0_staging_12,L5,0,16,separate,True,2,False,False,False,False,False,nan,nan,nan,False,6.2955844122715705
v3_sc0_staging_12,L5,0,16,joint,True,2,False,False,False,False,False,nan,nan,nan,False,6.2955844122715705
v3_sc0_staging_12,L5,0,16,oracle,False,0,False,True,False,False,True,6.2955844122715705,0.5024937810560445,0.25,True,6.2955844122715705
v3_sc0_staging_12,L5,1,0,uncalibrated,False,0,False,False,False,False,False,nan,nan,nan,False,7.019238815542511
v3_sc0_staging_12,L5,1,0,label_cell,False,0,False,False,False,False,False,nan,nan,nan,False,7.019238815542511
v3_sc0_staging_12,L5,1,0,geometry,True,2,False,False,False,False,False,nan,nan,nan,False,7.019238815542511
v3_sc0_staging_12,L5,1,0,label_only,False,0,False,False,False,False,False,nan,nan,nan,False,7.019238815542511
v3_sc0_staging_12,L5,1,0,pose_only,True,2,False,False,False,False,False,nan,nan,nan,False,7.019238815542511
v3_sc0_staging_12,L5,1,0,separate,True,2,False,False,False,False,False,nan,nan,nan,False,7.019238815542511
v3_sc0_staging_12,L5,1,0,joint,True,2,False,False,False,False,False,nan,nan,nan,False,7.019238815542511
v3_sc0_staging_12,L5,1,0,oracle,False,0,False,True,False,False,True,7.019238815542511,0.5024937810560445,0.20615528128088303,True,7.019238815542511
v3_sc0_staging_12,L5,1,1,uncalibrated,False,0,False,False,False,False,False,nan,nan,nan,False,6.311269837220809
v3_sc0_staging_12,L5,1,1,label_cell,False,0,False,False,False,False,False,nan,nan,nan,False,6.311269837220809
v3_sc0_staging_12,L5,1,1,geometry,True,2,False,False,False,False,False,nan,nan,nan,False,6.311269837220809
v3_sc0_staging_12,L5,1,1,label_only,False,0,False,False,False,False,False,nan,nan,nan,False,6.311269837220809
v3_sc0_staging_12,L5,1,1,pose_only,True,2,False,False,False,False,False,nan,nan,nan,False,6.311269837220809
v3_sc0_staging_12,L5,1,1,separate,True,2,False,False,False,False,False,nan,nan,nan,False,6.311269837220809
v3_sc0_staging_12,L5,1,1,joint,True,2,False,False,False,False,False,nan,nan,nan,False,6.311269837220809
v3_sc0_staging_12,L5,1,1,oracle,False,0,False,True,False,False,True,6.311269837220809,0.55,0.55,True,6.311269837220809
v3_sc0_staging_12,L5,1,2,uncalibrated,False,0,False,False,False,False,False,nan,nan,nan,False,5.849137802864845
v3_sc0_staging_12,L5,1,2,label_cell,False,0,False,False,False,False,False,nan,nan,nan,False,5.849137802864845
v3_sc0_staging_12,L5,1,2,geometry,True,2,False,False,False,False,False,nan,nan,nan,False,5.849137802864845
v3_sc0_staging_12,L5,1,2,label_only,False,0,False,False,False,False,False,nan,nan,nan,False,5.849137802864845
v3_sc0_staging_12,L5,1,2,pose_only,True,2,False,False,False,False,False,nan,nan,nan,False,5.849137802864845
v3_sc0_staging_12,L5,1,2,separate,True,2,False,False,False,False,False,nan,nan,nan,False,5.849137802864845
v3_sc0_staging_12,L5,1,2,joint,True,2,False,False,False,False,False,nan,nan,nan,False,5.849137802864845
v3_sc0_staging_12,L5,1,2,oracle,False,0,False,True,False,False,True,5.849137802864845,0.5024937810560445,0.5024937810560445,True,5.849137802864845
v3_sc0_staging_12,L5,1,3,uncalibrated,False,0,False,False,False,False,False,nan,nan,nan,False,5.87634559672906
v3_sc0_staging_12,L5,1,3,label_cell,False,0,False,False,False,False,False,nan,nan,nan,False,5.87634559672906
v3_sc0_staging_12,L5,1,3,geometry,True,2,False,False,False,False,False,nan,nan,nan,False,5.87634559672906
v3_sc0_staging_12,L5,1,3,label_only,False,0,False,False,False,False,False,nan,nan,nan,False,5.87634559672906
v3_sc0_staging_12,L5,1,3,pose_only,True,2,False,False,False,False,False,nan,nan,nan,False,5.87634559672906
v3_sc0_staging_12,L5,1,3,separate,True,2,False,False,False,False,False,nan,nan,nan,False,5.87634559672906
v3_sc0_staging_12,L5,1,3,joint,True,2,False,False,False,False,False,nan,nan,nan,False,5.87634559672906
v3_sc0_staging_12,L5,1,3,oracle,False,0,False,True,False,False,True,5.87634559672906,0.5024937810560445,0.20615528128088303,True,5.87634559672906
v3_sc0_staging_12,L5,1,4,uncalibrated,False,0,False,False,False,False,False,nan,nan,nan,False,6.397056274847714
v3_sc0_staging_12,L5,1,4,label_cell,False,0,False,False,False,False,False,nan,nan,nan,False,6.397056274847714
v3_sc0_staging_12,L5,1,4,geometry,True,2,False,False,False,False,False,nan,nan,nan,False,6.397056274847714
v3_sc0_staging_12,L5,1,4,label_only,False,0,False,False,False,False,False,nan,nan,nan,False,6.397056274847714
v3_sc0_staging_12,L5,1,4,pose_only,True,2,False,False,False,False,False,nan,nan,nan,False,6.397056274847714
v3_sc0_staging_12,L5,1,4,separate,True,2,False,False,False,False,False,nan,nan,nan,False,6.397056274847714
v3_sc0_staging_12,L5,1,4,joint,True,2,False,False,False,False,False,nan,nan,nan,False,6.397056274847714
v3_sc0_staging_12,L5,1,4,oracle,False,0,False,True,False,False,True,6.397056274847714,0.55,0.55,True,6.397056274847714
v3_sc0_staging_12,L5,1,5,uncalibrated,False,0,False,False,False,False,False,nan,nan,nan,False,7.84350288425444
v3_sc0_staging_12,L5,1,5,label_cell,False,0,False,False,False,False,False,nan,nan,nan,False,7.84350288425444
v3_sc0_staging_12,L5,1,5,geometry,True,2,False,False,False,False,False,nan,nan,nan,False,7.84350288425444
v3_sc0_staging_12,L5,1,5,label_only,False,0,False,False,False,False,False,nan,nan,nan,False,7.84350288425444
v3_sc0_staging_12,L5,1,5,pose_only,True,2,False,False,False,False,False,nan,nan,nan,False,7.84350288425444
v3_sc0_staging_12,L5,1,5,separate,True,2,False,False,False,False,False,nan,nan,nan,False,7.84350288425444
v3_sc0_staging_12,L5,1,5,joint,True,2,False,False,False,False,False,nan,nan,nan,False,7.84350288425444
v3_sc0_staging_12,L5,1,5,oracle,False,0,False,True,False,False,True,7.84350288425444,0.5024937810560445,0.20615528128088303,True,7.84350288425444
v3_sc0_staging_12,L5,1,6,uncalibrated,False,0,False,False,False,False,False,nan,nan,nan,False,5.212741699796952
v3_sc0_staging_12,L5,1,6,label_cell,False,0,False,False,False,False,False,nan,nan,nan,False,5.212741699796952
v3_sc0_staging_12,L5,1,6,geometry,True,2,False,False,False,False,False,nan,nan,nan,False,5.212741699796952
v3_sc0_staging_12,L5,1,6,label_only,False,0,False,False,False,False,False,nan,nan,nan,False,5.212741699796952
v3_sc0_staging_12,L5,1,6,pose_only,True,2,False,False,False,False,False,nan,nan,nan,False,5.212741699796952
v3_sc0_staging_12,L5,1,6,separate,True,2,False,False,False,False,False,nan,nan,nan,False,5.212741699796952
v3_sc0_staging_12,L5,1,6,joint,True,2,False,False,False,False,False,nan,nan,nan,False,5.212741699796952
v3_sc0_staging_12,L5,1,6,oracle,False,0,False,True,False,False,True,5.212741699796952,0.5024937810560445,0.5024937810560445,True,5.212741699796952
v3_sc0_staging_12,L5,1,7,uncalibrated,False,0,False,False,False,False,False,nan,nan,nan,False,7.725483399593905
v3_sc0_staging_12,L5,1,7,label_cell,False,0,False,False,False,False,False,nan,nan,nan,False,7.725483399593905
v3_sc0_staging_12,L5,1,7,geometry,True,2,False,False,False,False,False,nan,nan,nan,False,7.725483399593905
v3_sc0_staging_12,L5,1,7,label_only,False,0,False,False,False,False,False,nan,nan,nan,False,7.725483399593905
v3_sc0_staging_12,L5,1,7,pose_only,True,2,False,False,False,False,False,nan,nan,nan,False,7.725483399593905
v3_sc0_staging_12,L5,1,7,separate,True,2,False,False,False,False,False,nan,nan,nan,False,7.725483399593905
v3_sc0_staging_12,L5,1,7,joint,True,2,False,False,False,False,False,nan,nan,nan,False,7.725483399593905
v3_sc0_staging_12,L5,1,7,oracle,False,0,False,True,False,False,True,7.725483399593905,0.5024937810560445,0.20615528128088303,True,7.725483399593905
v3_sc0_staging_12,L5,1,9,uncalibrated,False,0,False,False,False,False,False,nan,nan,nan,False,6.374873734152916
v3_sc0_staging_12,L5,1,9,label_cell,False,0,False,False,False,False,False,nan,nan,nan,False,6.374873734152916
v3_sc0_staging_12,L5,1,9,geometry,True,2,False,False,False,False,False,nan,nan,nan,False,6.374873734152916
v3_sc0_staging_12,L5,1,9,label_only,False,0,False,False,False,False,False,nan,nan,nan,False,6.374873734152916
v3_sc0_staging_12,L5,1,9,pose_only,True,2,False,False,False,False,False,nan,nan,nan,False,6.374873734152916
v3_sc0_staging_12,L5,1,9,separate,True,2,False,False,False,False,False,nan,nan,nan,False,6.374873734152916
v3_sc0_staging_12,L5,1,9,joint,True,2,False,False,False,False,False,nan,nan,nan,False,6.374873734152916
v3_sc0_staging_12,L5,1,9,oracle,False,0,False,True,False,False,True,6.374873734152916,0.5024937810560445,0.20615528128088303,True,6.374873734152916
v3_sc0_staging_12,L5,1,10,uncalibrated,False,0,False,False,False,False,False,nan,nan,nan,False,4.0298989873223325
v3_sc0_staging_12,L5,1,10,label_cell,False,0,False,False,False,False,False,nan,nan,nan,False,4.0298989873223325
v3_sc0_staging_12,L5,1,10,geometry,True,2,False,False,False,False,False,nan,nan,nan,False,4.0298989873223325
v3_sc0_staging_12,L5,1,10,label_only,False,0,False,False,False,False,False,nan,nan,nan,False,4.0298989873223325
v3_sc0_staging_12,L5,1,10,pose_only,True,2,False,False,False,False,False,nan,nan,nan,False,4.0298989873223325
v3_sc0_staging_12,L5,1,10,separate,True,2,False,False,False,False,False,nan,nan,nan,False,4.0298989873223325
v3_sc0_staging_12,L5,1,10,joint,True,2,False,False,False,False,False,nan,nan,nan,False,4.0298989873223325
v3_sc0_staging_12,L5,1,10,oracle,False,0,False,True,False,False,True,4.0298989873223325,1.25,0.7826237921249265,True,4.0298989873223325
v3_sc0_staging_12,L5,1,11,uncalibrated,False,0,False,False,False,False,False,nan,nan,nan,False,4.617766952966369
v3_sc0_staging_12,L5,1,11,label_cell,False,0,False,False,False,False,False,nan,nan,nan,False,4.617766952966369
v3_sc0_staging_12,L5,1,11,geometry,True,2,False,False,False,False,False,nan,nan,nan,False,4.617766952966369
v3_sc0_staging_12,L5,1,11,label_only,False,0,False,False,False,False,False,nan,nan,nan,False,4.617766952966369
v3_sc0_staging_12,L5,1,11,pose_only,True,2,False,False,False,False,False,nan,nan,nan,False,4.617766952966369
v3_sc0_staging_12,L5,1,11,separate,True,2,False,False,False,False,False,nan,nan,nan,False,4.617766952966369
v3_sc0_staging_12,L5,1,11,joint,True,2,False,False,False,False,False,nan,nan,nan,False,4.617766952966369
v3_sc0_staging_12,L5,1,11,oracle,False,0,False,True,False,False,True,4.617766952966369,0.65,0.5147815070493501,True,4.617766952966369
v3_sc0_staging_12,L5,1,14,uncalibrated,False,0,False,False,False,False,False,nan,nan,nan,False,7.592031021678299
v3_sc0_staging_12,L5,1,14,label_cell,False,0,False,False,False,False,False,nan,nan,nan,False,7.592031021678299
v3_sc0_staging_12,L5,1,14,geometry,True,2,False,False,False,False,False,nan,nan,nan,False,7.592031021678299
v3_sc0_staging_12,L5,1,14,label_only,False,0,False,False,False,False,False,nan,nan,nan,False,7.592031021678299
v3_sc0_staging_12,L5,1,14,pose_only,True,2,False,False,False,False,False,nan,nan,nan,False,7.592031021678299
v3_sc0_staging_12,L5,1,14,separate,True,2,False,False,False,False,False,nan,nan,nan,False,7.592031021678299
v3_sc0_staging_12,L5,1,14,joint,True,2,False,False,False,False,False,nan,nan,nan,False,7.592031021678299
v3_sc0_staging_12,L5,1,14,oracle,False,0,False,True,False,False,True,7.592031021678299,0.5024937810560445,0.25,True,7.592031021678299
v3_sc0_staging_12,L5,1,15,uncalibrated,False,0,False,False,False,False,False,nan,nan,nan,False,7.235533905932741
v3_sc0_staging_12,L5,1,15,label_cell,False,0,False,False,False,False,False,nan,nan,nan,False,7.235533905932741
v3_sc0_staging_12,L5,1,15,geometry,True,2,False,False,False,False,False,nan,nan,nan,False,7.235533905932741
v3_sc0_staging_12,L5,1,15,label_only,False,0,False,False,False,False,False,nan,nan,nan,False,7.235533905932741
v3_sc0_staging_12,L5,1,15,pose_only,True,2,False,False,False,False,False,nan,nan,nan,False,7.235533905932741
v3_sc0_staging_12,L5,1,15,separate,True,2,False,False,False,False,False,nan,nan,nan,False,7.235533905932741
v3_sc0_staging_12,L5,1,15,joint,True,2,False,False,False,False,False,nan,nan,nan,False,7.235533905932741
v3_sc0_staging_12,L5,1,15,oracle,False,0,False,True,False,False,True,7.235533905932741,0.5024937810560445,0.5024937810560445,True,7.235533905932741
v3_sc0_staging_12,L5,1,16,uncalibrated,False,0,False,False,False,False,False,nan,nan,nan,False,6.285533905932739
v3_sc0_staging_12,L5,1,16,label_cell,False,0,False,False,False,False,False,nan,nan,nan,False,6.285533905932739
v3_sc0_staging_12,L5,1,16,geometry,True,2,False,False,False,False,False,nan,nan,nan,False,6.285533905932739
v3_sc0_staging_12,L5,1,16,label_only,False,0,False,False,False,False,False,nan,nan,nan,False,6.285533905932739
v3_sc0_staging_12,L5,1,16,pose_only,True,2,False,False,False,False,False,nan,nan,nan,False,6.285533905932739
v3_sc0_staging_12,L5,1,16,separate,True,2,False,False,False,False,False,nan,nan,nan,False,6.285533905932739
v3_sc0_staging_12,L5,1,16,joint,True,2,False,False,False,False,False,nan,nan,nan,False,6.285533905932739
v3_sc0_staging_12,L5,1,16,oracle,False,0,False,True,False,False,True,6.285533905932739,0.5024937810560445,0.5024937810560445,True,6.285533905932739
v3_sc0_staging_12,L5,1,17,uncalibrated,False,0,False,False,False,False,False,nan,nan,nan,False,8.408326112068522
v3_sc0_staging_12,L5,1,17,label_cell,False,0,False,False,False,False,False,nan,nan,nan,False,8.408326112068522
v3_sc0_staging_12,L5,1,17,geometry,True,2,False,False,False,False,False,nan,nan,nan,False,8.408326112068522
v3_sc0_staging_12,L5,1,17,label_only,False,0,False,False,False,False,False,nan,nan,nan,False,8.408326112068522
v3_sc0_staging_12,L5,1,17,pose_only,True,2,False,False,False,False,False,nan,nan,nan,False,8.408326112068522
v3_sc0_staging_12,L5,1,17,separate,True,2,False,False,False,False,False,nan,nan,nan,False,8.408326112068522
v3_sc0_staging_12,L5,1,17,joint,True,2,False,False,False,False,False,nan,nan,nan,False,8.408326112068522
v3_sc0_staging_12,L5,1,17,oracle,False,0,False,True,False,False,True,8.408326112068522,0.5024937810560445,0.20615528128088303,True,8.408326112068522
v3_sc0_staging_12,L5,1,18,uncalibrated,False,0,False,False,False,False,False,nan,nan,nan,False,5.0121320343559645
v3_sc0_staging_12,L5,1,18,label_cell,False,0,False,False,False,False,False,nan,nan,nan,False,5.0121320343559645
v3_sc0_staging_12,L5,1,18,geometry,True,2,False,False,False,False,False,nan,nan,nan,False,5.0121320343559645
v3_sc0_staging_12,L5,1,18,label_only,False,0,False,False,False,False,False,nan,nan,nan,False,5.0121320343559645
v3_sc0_staging_12,L5,1,18,pose_only,True,2,False,False,False,False,False,nan,nan,nan,False,5.0121320343559645
v3_sc0_staging_12,L5,1,18,separate,True,2,False,False,False,False,False,nan,nan,nan,False,5.0121320343559645
v3_sc0_staging_12,L5,1,18,joint,True,2,False,False,False,False,False,nan,nan,nan,False,5.0121320343559645
v3_sc0_staging_12,L5,1,18,oracle,False,0,False,True,False,False,True,5.0121320343559645,0.5024937810560445,0.20615528128088303,True,5.0121320343559645
v3_sc0_staging_12,L5,2,0,uncalibrated,False,0,True,False,False,False,False,nan,nan,nan,False,7.31837661840736
v3_sc0_staging_12,L5,2,0,label_cell,False,0,False,False,False,False,False,nan,nan,nan,False,7.31837661840736
v3_sc0_staging_12,L5,2,0,geometry,True,2,False,False,False,False,False,nan,nan,nan,False,7.31837661840736
v3_sc0_staging_12,L5,2,0,label_only,False,0,True,False,False,False,False,nan,nan,nan,False,7.31837661840736
v3_sc0_staging_12,L5,2,0,pose_only,True,2,False,False,False,False,False,nan,nan,nan,False,7.31837661840736
v3_sc0_staging_12,L5,2,0,separate,True,2,False,False,False,False,False,nan,nan,nan,False,7.31837661840736
v3_sc0_staging_12,L5,2,0,joint,True,2,False,False,False,False,False,nan,nan,nan,False,7.31837661840736
v3_sc0_staging_12,L5,2,0,oracle,False,0,False,True,False,False,True,7.31837661840736,0.55,0.4609772228646444,True,7.31837661840736
v3_sc0_staging_12,L5,2,1,uncalibrated,False,0,True,False,False,False,False,nan,nan,nan,False,6.330508652763321
v3_sc0_staging_12,L5,2,1,label_cell,False,0,False,False,False,False,False,nan,nan,nan,False,6.330508652763321
v3_sc0_staging_12,L5,2,1,geometry,True,2,False,False,False,False,False,nan,nan,nan,False,6.330508652763321
v3_sc0_staging_12,L5,2,1,label_only,False,0,True,False,False,False,False,nan,nan,nan,False,6.330508652763321
v3_sc0_staging_12,L5,2,1,pose_only,True,2,False,False,False,False,False,nan,nan,nan,False,6.330508652763321
v3_sc0_staging_12,L5,2,1,separate,True,2,False,False,False,False,False,nan,nan,nan,False,6.330508652763321
v3_sc0_staging_12,L5,2,1,joint,True,2,False,False,False,False,False,nan,nan,nan,False,6.330508652763321
v3_sc0_staging_12,L5,2,1,oracle,False,0,False,True,False,False,True,6.330508652763321,0.5024937810560445,0.552268050859363,True,6.330508652763321
v3_sc0_staging_12,L5,2,2,uncalibrated,False,0,True,False,False,False,False,nan,nan,nan,False,5.535533905932739
v3_sc0_staging_12,L5,2,2,label_cell,False,0,False,False,False,False,False,nan,nan,nan,False,5.535533905932739
v3_sc0_staging_12,L5,2,2,geometry,True,2,False,False,False,False,False,nan,nan,nan,False,5.535533905932739
v3_sc0_staging_12,L5,2,2,label_only,False,0,True,False,False,False,False,nan,nan,nan,False,5.535533905932739
v3_sc0_staging_12,L5,2,2,pose_only,True,2,False,False,False,False,False,nan,nan,nan,False,5.535533905932739
v3_sc0_staging_12,L5,2,2,separate,True,2,False,False,False,False,False,nan,nan,nan,False,5.535533905932739
v3_sc0_staging_12,L5,2,2,joint,True,2,False,False,False,False,False,nan,nan,nan,False,5.535533905932739
v3_sc0_staging_12,L5,2,2,oracle,False,0,False,True,False,False,True,5.535533905932739,0.5024937810560445,0.4609772228646444,True,5.535533905932739
v3_sc0_staging_12,L5,2,3,uncalibrated,False,0,True,False,False,False,False,nan,nan,nan,False,5.964823227814083
v3_sc0_staging_12,L5,2,3,label_cell,False,0,False,False,False,False,False,nan,nan,nan,False,5.964823227814083
v3_sc0_staging_12,L5,2,3,geometry,True,2,False,False,False,False,False,nan,nan,nan,False,5.964823227814083
v3_sc0_staging_12,L5,2,3,label_only,False,0,True,False,False,False,False,nan,nan,nan,False,5.964823227814083
v3_sc0_staging_12,L5,2,3,pose_only,True,2,False,False,False,False,False,nan,nan,nan,False,5.964823227814083
v3_sc0_staging_12,L5,2,3,separate,True,2,False,False,False,False,False,nan,nan,nan,False,5.964823227814083
v3_sc0_staging_12,L5,2,3,joint,True,2,False,False,False,False,False,nan,nan,nan,False,5.964823227814083
v3_sc0_staging_12,L5,2,3,oracle,False,0,False,True,False,False,True,5.964823227814083,0.5024937810560445,0.4242640687119285,True,5.964823227814083
v3_sc0_staging_12,L5,2,4,uncalibrated,False,0,True,False,False,False,False,nan,nan,nan,False,6.388477631085023
v3_sc0_staging_12,L5,2,4,label_cell,False,0,False,False,False,False,False,nan,nan,nan,False,6.388477631085023
v3_sc0_staging_12,L5,2,4,geometry,True,2,False,False,False,False,False,nan,nan,nan,False,6.388477631085023
v3_sc0_staging_12,L5,2,4,label_only,False,0,True,False,False,False,False,nan,nan,nan,False,6.388477631085023
v3_sc0_staging_12,L5,2,4,pose_only,True,2,False,False,False,False,False,nan,nan,nan,False,6.388477631085023
v3_sc0_staging_12,L5,2,4,separate,True,2,False,False,False,False,False,nan,nan,nan,False,6.388477631085023
v3_sc0_staging_12,L5,2,4,joint,True,2,False,False,False,False,False,nan,nan,nan,False,6.388477631085023
v3_sc0_staging_12,L5,2,4,oracle,False,0,False,True,False,False,True,6.388477631085023,0.5024937810560445,0.552268050859363,True,6.388477631085023
v3_sc0_staging_12,L5,2,5,uncalibrated,False,0,True,False,False,False,False,nan,nan,nan,False,nan
v3_sc0_staging_12,L5,2,5,label_cell,False,0,False,False,False,False,False,nan,nan,nan,False,nan
v3_sc0_staging_12,L5,2,5,geometry,True,2,False,False,False,False,False,nan,nan,nan,False,nan
v3_sc0_staging_12,L5,2,5,label_only,False,0,True,False,False,False,False,nan,nan,nan,False,nan
v3_sc0_staging_12,L5,2,5,pose_only,True,2,False,False,False,False,False,nan,nan,nan,False,nan
v3_sc0_staging_12,L5,2,5,separate,True,2,False,False,False,False,False,nan,nan,nan,False,nan
v3_sc0_staging_12,L5,2,5,joint,True,2,False,False,False,False,False,nan,nan,nan,False,nan
v3_sc0_staging_12,L5,2,5,oracle,False,0,False,False,False,False,False,nan,nan,nan,False,nan
v3_sc0_staging_12,L5,2,6,uncalibrated,False,0,True,False,False,False,False,nan,nan,nan,False,4.905634918610406
v3_sc0_staging_12,L5,2,6,label_cell,False,0,False,False,False,False,False,nan,nan,nan,False,4.905634918610406
v3_sc0_staging_12,L5,2,6,geometry,True,2,False,False,False,False,False,nan,nan,nan,False,4.905634918610406
v3_sc0_staging_12,L5,2,6,label_only,False,0,True,False,False,False,False,nan,nan,nan,False,4.905634918610406
v3_sc0_staging_12,L5,2,6,pose_only,True,2,False,False,False,False,False,nan,nan,nan,False,4.905634918610406
v3_sc0_staging_12,L5,2,6,separate,True,2,False,False,False,False,False,nan,nan,nan,False,4.905634918610406
v3_sc0_staging_12,L5,2,6,joint,True,2,False,False,False,False,False,nan,nan,nan,False,4.905634918610406
v3_sc0_staging_12,L5,2,6,oracle,False,0,False,True,False,False,True,4.905634918610406,0.5024937810560445,0.4242640687119285,True,4.905634918610406
v3_sc0_staging_12,L5,2,7,uncalibrated,False,0,True,False,False,False,False,nan,nan,nan,False,7.471930009000632
v3_sc0_staging_12,L5,2,7,label_cell,False,0,False,False,False,False,False,nan,nan,nan,False,7.471930009000632
v3_sc0_staging_12,L5,2,7,geometry,True,2,False,False,False,False,False,nan,nan,nan,False,7.471930009000632
v3_sc0_staging_12,L5,2,7,label_only,False,0,True,False,False,False,False,nan,nan,nan,False,7.471930009000632
v3_sc0_staging_12,L5,2,7,pose_only,True,2,False,False,False,False,False,nan,nan,nan,False,7.471930009000632
v3_sc0_staging_12,L5,2,7,separate,True,2,False,False,False,False,False,nan,nan,nan,False,7.471930009000632
v3_sc0_staging_12,L5,2,7,joint,True,2,False,False,False,False,False,nan,nan,nan,False,7.471930009000632
v3_sc0_staging_12,L5,2,7,oracle,False,0,False,True,False,False,True,7.471930009000632,0.5024937810560445,0.3905124837953327,True,7.471930009000632
v3_sc0_staging_12,L5,2,8,uncalibrated,False,0,True,False,False,False,False,nan,nan,nan,False,9.11335136523794
v3_sc0_staging_12,L5,2,8,label_cell,False,0,False,False,False,False,False,nan,nan,nan,False,9.11335136523794
v3_sc0_staging_12,L5,2,8,geometry,True,2,False,False,False,False,False,nan,nan,nan,False,9.11335136523794
v3_sc0_staging_12,L5,2,8,label_only,False,0,True,False,False,False,False,nan,nan,nan,False,9.11335136523794
v3_sc0_staging_12,L5,2,8,pose_only,True,2,False,False,False,False,False,nan,nan,nan,False,9.11335136523794
v3_sc0_staging_12,L5,2,8,separate,True,2,False,False,False,False,False,nan,nan,nan,False,9.11335136523794
v3_sc0_staging_12,L5,2,8,joint,True,2,False,False,False,False,False,nan,nan,nan,False,9.11335136523794
v3_sc0_staging_12,L5,2,8,oracle,False,0,False,True,False,False,True,9.11335136523794,1.25,0.20615528128088303,True,9.11335136523794
v3_sc0_staging_12,L5,2,9,uncalibrated,False,0,True,False,False,False,False,nan,nan,nan,False,6.273401871576773
v3_sc0_staging_12,L5,2,9,label_cell,False,0,False,False,False,False,False,nan,nan,nan,False,6.273401871576773
v3_sc0_staging_12,L5,2,9,geometry,True,2,False,False,False,False,False,nan,nan,nan,False,6.273401871576773
v3_sc0_staging_12,L5,2,9,label_only,False,0,True,False,False,False,False,nan,nan,nan,False,6.273401871576773
v3_sc0_staging_12,L5,2,9,pose_only,True,2,False,False,False,False,False,nan,nan,nan,False,6.273401871576773
v3_sc0_staging_12,L5,2,9,separate,True,2,False,False,False,False,False,nan,nan,nan,False,6.273401871576773
v3_sc0_staging_12,L5,2,9,joint,True,2,False,False,False,False,False,nan,nan,nan,False,6.273401871576773
v3_sc0_staging_12,L5,2,9,oracle,False,0,False,True,False,False,True,6.273401871576773,0.5024937810560445,0.3535533905932738,True,6.273401871576773
v3_sc0_staging_12,L5,2,10,uncalibrated,False,0,True,False,False,False,False,nan,nan,nan,False,3.7855339059327373
v3_sc0_staging_12,L5,2,10,label_cell,False,0,False,False,False,False,False,nan,nan,nan,False,3.7855339059327373
v3_sc0_staging_12,L5,2,10,geometry,True,2,False,False,False,False,False,nan,nan,nan,False,3.7855339059327373
v3_sc0_staging_12,L5,2,10,label_only,False,0,True,False,False,False,False,nan,nan,nan,False,3.7855339059327373
v3_sc0_staging_12,L5,2,10,pose_only,True,2,False,False,False,False,False,nan,nan,nan,False,3.7855339059327373
v3_sc0_staging_12,L5,2,10,separate,True,2,False,False,False,False,False,nan,nan,nan,False,3.7855339059327373
v3_sc0_staging_12,L5,2,10,joint,True,2,False,False,False,False,False,nan,nan,nan,False,3.7855339059327373
v3_sc0_staging_12,L5,2,10,oracle,False,0,False,True,False,False,True,3.7855339059327373,0.65,0.6363961030678928,True,3.7855339059327373
v3_sc0_staging_12,L5,2,11,uncalibrated,False,0,True,False,False,False,False,nan,nan,nan,False,4.65269119345812
v3_sc0_staging_12,L5,2,11,label_cell,False,0,False,False,False,False,False,nan,nan,nan,False,4.65269119345812
v3_sc0_staging_12,L5,2,11,geometry,True,2,False,False,False,False,False,nan,nan,nan,False,4.65269119345812
v3_sc0_staging_12,L5,2,11,label_only,False,0,True,False,False,False,False,nan,nan,nan,False,4.65269119345812
v3_sc0_staging_12,L5,2,11,pose_only,True,2,False,False,False,False,False,nan,nan,nan,False,4.65269119345812
v3_sc0_staging_12,L5,2,11,separate,True,2,False,False,False,False,False,nan,nan,nan,False,4.65269119345812
v3_sc0_staging_12,L5,2,11,joint,True,2,False,False,False,False,False,nan,nan,nan,False,4.65269119345812
v3_sc0_staging_12,L5,2,11,oracle,False,0,False,True,False,False,True,4.65269119345812,0.5024937810560445,0.32015621187164245,True,4.65269119345812
v3_sc0_staging_12,L5,2,12,uncalibrated,False,0,True,False,False,False,False,nan,nan,nan,False,9.025483399593906
v3_sc0_staging_12,L5,2,12,label_cell,False,0,False,False,False,False,False,nan,nan,nan,False,9.025483399593906
v3_sc0_staging_12,L5,2,12,geometry,True,2,False,False,False,False,False,nan,nan,nan,False,9.025483399593906
v3_sc0_staging_12,L5,2,12,label_only,False,0,True,False,False,False,False,nan,nan,nan,False,9.025483399593906
v3_sc0_staging_12,L5,2,12,pose_only,True,2,False,False,False,False,False,nan,nan,nan,False,9.025483399593906
v3_sc0_staging_12,L5,2,12,separate,True,2,False,False,False,False,False,nan,nan,nan,False,9.025483399593906
v3_sc0_staging_12,L5,2,12,joint,True,2,False,False,False,False,False,nan,nan,nan,False,9.025483399593906
v3_sc0_staging_12,L5,2,12,oracle,False,0,False,True,False,False,True,9.025483399593906,1.25,0.20615528128088303,True,9.025483399593906
v3_sc0_staging_12,L5,2,13,uncalibrated,False,0,True,False,False,False,False,nan,nan,nan,False,10.105382386916238
v3_sc0_staging_12,L5,2,13,label_cell,False,0,False,False,False,False,False,nan,nan,nan,False,10.105382386916238
v3_sc0_staging_12,L5,2,13,geometry,True,2,False,False,False,False,False,nan,nan,nan,False,10.105382386916238
v3_sc0_staging_12,L5,2,13,label_only,False,0,True,False,False,False,False,nan,nan,nan,False,10.105382386916238
v3_sc0_staging_12,L5,2,13,pose_only,True,2,False,False,False,False,False,nan,nan,nan,False,10.105382386916238
v3_sc0_staging_12,L5,2,13,separate,True,2,False,False,False,False,False,nan,nan,nan,False,10.105382386916238
v3_sc0_staging_12,L5,2,13,joint,True,2,False,False,False,False,False,nan,nan,nan,False,10.105382386916238
v3_sc0_staging_12,L5,2,13,oracle,False,0,False,True,False,False,True,10.105382386916238,0.5024937810560445,0.20615528128088303,True,10.105382386916238
v3_sc0_staging_12,L5,2,14,uncalibrated,False,0,True,False,False,False,False,nan,nan,nan,False,7.642640687119286
v3_sc0_staging_12,L5,2,14,label_cell,False,0,False,False,False,False,False,nan,nan,nan,False,7.642640687119286
v3_sc0_staging_12,L5,2,14,geometry,True,2,False,False,False,False,False,nan,nan,nan,False,7.642640687119286
v3_sc0_staging_12,L5,2,14,label_only,False,0,True,False,False,False,False,nan,nan,nan,False,7.642640687119286
v3_sc0_staging_12,L5,2,14,pose_only,True,2,False,False,False,False,False,nan,nan,nan,False,7.642640687119286
v3_sc0_staging_12,L5,2,14,separate,True,2,False,False,False,False,False,nan,nan,nan,False,7.642640687119286
v3_sc0_staging_12,L5,2,14,joint,True,2,False,False,False,False,False,nan,nan,nan,False,7.642640687119286
v3_sc0_staging_12,L5,2,14,oracle,False,0,False,True,False,False,True,7.642640687119286,0.5147815070493501,0.36055512754639896,True,7.642640687119286
v3_sc0_staging_12,L5,2,15,uncalibrated,False,0,True,False,False,False,False,nan,nan,nan,False,6.909797974644667
v3_sc0_staging_12,L5,2,15,label_cell,False,0,False,False,False,False,False,nan,nan,nan,False,6.909797974644667
v3_sc0_staging_12,L5,2,15,geometry,True,2,False,False,False,False,False,nan,nan,nan,False,6.909797974644667
v3_sc0_staging_12,L5,2,15,label_only,False,0,True,False,False,False,False,nan,nan,nan,False,6.909797974644667
v3_sc0_staging_12,L5,2,15,pose_only,True,2,False,False,False,False,False,nan,nan,nan,False,6.909797974644667
v3_sc0_staging_12,L5,2,15,separate,True,2,False,False,False,False,False,nan,nan,nan,False,6.909797974644667
v3_sc0_staging_12,L5,2,15,joint,True,2,False,False,False,False,False,nan,nan,nan,False,6.909797974644667
v3_sc0_staging_12,L5,2,15,oracle,False,0,False,True,False,False,True,6.909797974644667,0.5024937810560445,0.4609772228646444,True,6.909797974644667
v3_sc0_staging_12,L5,2,16,uncalibrated,False,0,True,False,False,False,False,nan,nan,nan,False,6.071930009000632
v3_sc0_staging_12,L5,2,16,label_cell,False,0,False,False,False,False,False,nan,nan,nan,False,6.071930009000632
v3_sc0_staging_12,L5,2,16,geometry,True,2,False,False,False,False,False,nan,nan,nan,False,6.071930009000632
v3_sc0_staging_12,L5,2,16,label_only,False,0,True,False,False,False,False,nan,nan,nan,False,6.071930009000632
v3_sc0_staging_12,L5,2,16,pose_only,True,2,False,False,False,False,False,nan,nan,nan,False,6.071930009000632
v3_sc0_staging_12,L5,2,16,separate,True,2,False,False,False,False,False,nan,nan,nan,False,6.071930009000632
v3_sc0_staging_12,L5,2,16,joint,True,2,False,False,False,False,False,nan,nan,nan,False,6.071930009000632
v3_sc0_staging_12,L5,2,16,oracle,False,0,False,True,False,False,True,6.071930009000632,0.5024937810560445,0.5315072906367325,True,6.071930009000632
v3_sc0_staging_12,L5,2,17,uncalibrated,False,0,True,False,False,False,False,nan,nan,nan,False,8.180508652763322
v3_sc0_staging_12,L5,2,17,label_cell,False,0,False,False,False,False,False,nan,nan,nan,False,8.180508652763322
v3_sc0_staging_12,L5,2,17,geometry,True,2,False,False,False,False,False,nan,nan,nan,False,8.180508652763322
v3_sc0_staging_12,L5,2,17,label_only,False,0,True,False,False,False,False,nan,nan,nan,False,8.180508652763322
v3_sc0_staging_12,L5,2,17,pose_only,True,2,False,False,False,False,False,nan,nan,nan,False,8.180508652763322
v3_sc0_staging_12,L5,2,17,separate,True,2,False,False,False,False,False,nan,nan,nan,False,8.180508652763322
v3_sc0_staging_12,L5,2,17,joint,True,2,False,False,False,False,False,nan,nan,nan,False,8.180508652763322
v3_sc0_staging_12,L5,2,17,oracle,False,0,False,True,False,False,True,8.180508652763322,0.5024937810560445,0.4609772228646444,True,8.180508652763322
v3_sc0_staging_12,L5,2,18,uncalibrated,False,0,True,False,False,False,False,nan,nan,nan,False,5.259188309203678
v3_sc0_staging_12,L5,2,18,label_cell,False,0,False,False,False,False,False,nan,nan,nan,False,5.259188309203678
v3_sc0_staging_12,L5,2,18,geometry,True,2,False,False,False,False,False,nan,nan,nan,False,5.259188309203678
v3_sc0_staging_12,L5,2,18,label_only,False,0,True,False,False,False,False,nan,nan,nan,False,5.259188309203678
v3_sc0_staging_12,L5,2,18,pose_only,True,2,False,False,False,False,False,nan,nan,nan,False,5.259188309203678
v3_sc0_staging_12,L5,2,18,separate,True,2,False,False,False,False,False,nan,nan,nan,False,5.259188309203678
v3_sc0_staging_12,L5,2,18,joint,True,2,False,False,False,False,False,nan,nan,nan,False,5.259188309203678
v3_sc0_staging_12,L5,2,18,oracle,False,0,False,True,False,False,True,5.259188309203678,0.8139410298049854,0.45,True,5.259188309203678
v3_sc0_staging_12,L5,2,19,uncalibrated,False,0,True,False,False,False,False,nan,nan,nan,False,7.194112549695432
v3_sc0_staging_12,L5,2,19,label_cell,False,0,False,False,False,False,False,nan,nan,nan,False,7.194112549695432
v3_sc0_staging_12,L5,2,19,geometry,True,2,False,False,False,False,False,nan,nan,nan,False,7.194112549695432
v3_sc0_staging_12,L5,2,19,label_only,False,0,True,False,False,False,False,nan,nan,nan,False,7.194112549695432
v3_sc0_staging_12,L5,2,19,pose_only,True,2,False,False,False,False,False,nan,nan,nan,False,7.194112549695432
v3_sc0_staging_12,L5,2,19,separate,True,2,False,False,False,False,False,nan,nan,nan,False,7.194112549695432
v3_sc0_staging_12,L5,2,19,joint,True,2,False,False,False,False,False,nan,nan,nan,False,7.194112549695432
v3_sc0_staging_12,L5,2,19,oracle,False,0,False,True,False,False,True,7.194112549695432,0.8845903006477066,0.35000000000000003,True,7.194112549695432
v3_sc0_staging_12,L5,3,0,uncalibrated,False,0,False,False,False,False,False,nan,nan,nan,False,7.273401871576778
v3_sc0_staging_12,L5,3,0,label_cell,False,0,False,False,False,False,False,nan,nan,nan,False,7.273401871576778
v3_sc0_staging_12,L5,3,0,geometry,True,2,False,False,False,False,False,nan,nan,nan,False,7.273401871576778
v3_sc0_staging_12,L5,3,0,label_only,False,0,False,False,False,False,False,nan,nan,nan,False,7.273401871576778
v3_sc0_staging_12,L5,3,0,pose_only,True,2,False,False,False,False,False,nan,nan,nan,False,7.273401871576778
v3_sc0_staging_12,L5,3,0,separate,True,2,False,False,False,False,False,nan,nan,nan,False,7.273401871576778
v3_sc0_staging_12,L5,3,0,joint,True,2,False,False,False,False,False,nan,nan,nan,False,7.273401871576778
v3_sc0_staging_12,L5,3,0,oracle,False,0,False,True,False,False,True,7.273401871576778,0.7000000000000001,0.5315072906367325,True,7.273401871576778
v3_sc0_staging_12,L5,3,1,uncalibrated,False,0,False,False,False,False,False,nan,nan,nan,False,6.368376618407357
v3_sc0_staging_12,L5,3,1,label_cell,False,0,False,False,False,False,False,nan,nan,nan,False,6.368376618407357
v3_sc0_staging_12,L5,3,1,geometry,True,2,False,False,False,False,False,nan,nan,nan,False,6.368376618407357
v3_sc0_staging_12,L5,3,1,label_only,False,0,False,False,False,False,False,nan,nan,nan,False,6.368376618407357
v3_sc0_staging_12,L5,3,1,pose_only,True,2,False,False,False,False,False,nan,nan,nan,False,6.368376618407357
v3_sc0_staging_12,L5,3,1,separate,True,2,False,False,False,False,False,nan,nan,nan,False,6.368376618407357
v3_sc0_staging_12,L5,3,1,joint,True,2,False,False,False,False,False,nan,nan,nan,False,6.368376618407357
v3_sc0_staging_12,L5,3,1,oracle,False,0,False,True,False,False,True,6.368376618407357,0.5024937810560445,0.5099019513592785,True,6.368376618407357
v3_sc0_staging_12,L5,3,2,uncalibrated,False,0,False,False,False,False,False,nan,nan,nan,False,5.514823227814084
v3_sc0_staging_12,L5,3,2,label_cell,False,0,False,False,False,False,False,nan,nan,nan,False,5.514823227814084
v3_sc0_staging_12,L5,3,2,geometry,True,2,False,False,False,False,False,nan,nan,nan,False,5.514823227814084
v3_sc0_staging_12,L5,3,2,label_only,False,0,False,False,False,False,False,nan,nan,nan,False,5.514823227814084
v3_sc0_staging_12,L5,3,2,pose_only,True,2,False,False,False,False,False,nan,nan,nan,False,5.514823227814084
v3_sc0_staging_12,L5,3,2,separate,True,2,False,False,False,False,False,nan,nan,nan,False,5.514823227814084
v3_sc0_staging_12,L5,3,2,joint,True,2,False,False,False,False,False,nan,nan,nan,False,5.514823227814084
v3_sc0_staging_12,L5,3,2,oracle,False,0,False,True,False,False,True,5.514823227814084,0.5024937810560445,0.4242640687119285,True,5.514823227814084
v3_sc0_staging_12,L5,3,3,uncalibrated,False,0,False,False,False,False,False,nan,nan,nan,False,5.873401871576774
v3_sc0_staging_12,L5,3,3,label_cell,False,0,False,False,False,False,False,nan,nan,nan,False,5.873401871576774
v3_sc0_staging_12,L5,3,3,geometry,True,2,False,False,False,False,False,nan,nan,nan,False,5.873401871576774
v3_sc0_staging_12,L5,3,3,label_only,False,0,False,False,False,False,False,nan,nan,nan,False,5.873401871576774
v3_sc0_staging_12,L5,3,3,pose_only,True,2,False,False,False,False,False,nan,nan,nan,False,5.873401871576774
v3_sc0_staging_12,L5,3,3,separate,True,2,False,False,False,False,False,nan,nan,nan,False,5.873401871576774
v3_sc0_staging_12,L5,3,3,joint,True,2,False,False,False,False,False,nan,nan,nan,False,5.873401871576774
v3_sc0_staging_12,L5,3,3,oracle,False,0,False,True,False,False,True,5.873401871576774,0.5024937810560445,0.4242640687119285,True,5.873401871576774
v3_sc0_staging_12,L5,3,4,uncalibrated,False,0,False,False,False,False,False,nan,nan,nan,False,6.3970562748477136
v3_sc0_staging_12,L5,3,4,label_cell,False,0,False,False,False,False,False,nan,nan,nan,False,6.3970562748477136
v3_sc0_staging_12,L5,3,4,geometry,True,2,False,False,False,False,False,nan,nan,nan,False,6.3970562748477136
v3_sc0_staging_12,L5,3,4,label_only,False,0,False,False,False,False,False,nan,nan,nan,False,6.3970562748477136
v3_sc0_staging_12,L5,3,4,pose_only,True,2,False,False,False,False,False,nan,nan,nan,False,6.3970562748477136
v3_sc0_staging_12,L5,3,4,separate,True,2,False,False,False,False,False,nan,nan,nan,False,6.3970562748477136
v3_sc0_staging_12,L5,3,4,joint,True,2,False,False,False,False,False,nan,nan,nan,False,6.3970562748477136
v3_sc0_staging_12,L5,3,4,oracle,False,0,False,True,False,False,True,6.3970562748477136,0.55,0.55,True,6.3970562748477136
v3_sc0_staging_12,L5,3,5,uncalibrated,False,0,False,False,False,False,False,nan,nan,nan,False,nan
v3_sc0_staging_12,L5,3,5,label_cell,False,0,False,False,False,False,False,nan,nan,nan,False,nan
v3_sc0_staging_12,L5,3,5,geometry,True,2,False,False,False,False,False,nan,nan,nan,False,nan
v3_sc0_staging_12,L5,3,5,label_only,False,0,False,False,False,False,False,nan,nan,nan,False,nan
v3_sc0_staging_12,L5,3,5,pose_only,True,2,False,False,False,False,False,nan,nan,nan,False,nan
v3_sc0_staging_12,L5,3,5,separate,True,2,False,False,False,False,False,nan,nan,nan,False,nan
v3_sc0_staging_12,L5,3,5,joint,True,2,False,False,False,False,False,nan,nan,nan,False,nan
v3_sc0_staging_12,L5,3,5,oracle,False,0,False,False,False,False,False,nan,nan,nan,False,nan
v3_sc0_staging_12,L5,3,6,uncalibrated,False,0,False,False,False,False,False,nan,nan,nan,False,4.92634559672906
v3_sc0_staging_12,L5,3,6,label_cell,False,0,False,False,False,False,False,nan,nan,nan,False,4.92634559672906
v3_sc0_staging_12,L5,3,6,geometry,True,2,False,False,False,False,False,nan,nan,nan,False,4.92634559672906
v3_sc0_staging_12,L5,3,6,label_only,False,0,False,False,False,False,False,nan,nan,nan,False,4.92634559672906
v3_sc0_staging_12,L5,3,6,pose_only,True,2,False,False,False,False,False,nan,nan,nan,False,4.92634559672906
v3_sc0_staging_12,L5,3,6,separate,True,2,False,False,False,False,False,nan,nan,nan,False,4.92634559672906
v3_sc0_staging_12,L5,3,6,joint,True,2,False,False,False,False,False,nan,nan,nan,False,4.92634559672906
v3_sc0_staging_12,L5,3,6,oracle,False,0,False,True,False,False,True,4.92634559672906,0.55,0.4609772228646444,True,4.92634559672906
v3_sc0_staging_12,L5,3,8,uncalibrated,False,0,False,False,False,False,False,nan,nan,nan,False,9.097665940288701
v3_sc0_staging_12,L5,3,8,label_cell,False,0,False,False,False,False,False,nan,nan,nan,False,9.097665940288701
v3_sc0_staging_12,L5,3,8,geometry,True,2,False,False,False,False,False,nan,nan,nan,False,9.097665940288701
v3_sc0_staging_12,L5,3,8,label_only,False,0,False,False,False,False,False,nan,nan,nan,False,9.097665940288701
v3_sc0_staging_12,L5,3,8,pose_only,True,2,False,False,False,False,False,nan,nan,nan,False,9.097665940288701
v3_sc0_staging_12,L5,3,8,separate,True,2,False,False,False,False,False,nan,nan,nan,False,9.097665940288701
v3_sc0_staging_12,L5,3,8,joint,True,2,False,False,False,False,False,nan,nan,nan,False,9.097665940288701
v3_sc0_staging_12,L5,3,8,oracle,False,0,False,True,False,False,True,9.097665940288701,1.1500000000000001,0.20615528128088303,True,9.097665940288701
v3_sc0_staging_12,L5,3,9,uncalibrated,False,0,False,False,False,False,False,nan,nan,nan,False,6.181980515339465
v3_sc0_staging_12,L5,3,9,label_cell,False,0,False,False,False,False,False,nan,nan,nan,False,6.181980515339465
v3_sc0_staging_12,L5,3,9,geometry,True,2,False,False,False,False,False,nan,nan,nan,False,6.181980515339465
v3_sc0_staging_12,L5,3,9,label_only,False,0,False,False,False,False,False,nan,nan,nan,False,6.181980515339465
v3_sc0_staging_12,L5,3,9,pose_only,True,2,False,False,False,False,False,nan,nan,nan,False,6.181980515339465
v3_sc0_staging_12,L5,3,9,separate,True,2,False,False,False,False,False,nan,nan,nan,False,6.181980515339465
v3_sc0_staging_12,L5,3,9,joint,True,2,False,False,False,False,False,nan,nan,nan,False,6.181980515339465
v3_sc0_staging_12,L5,3,9,oracle,False,0,False,True,False,False,True,6.181980515339465,0.5024937810560445,0.4242640687119285,True,6.181980515339465
v3_sc0_staging_12,L5,3,10,uncalibrated,False,0,False,False,False,False,False,nan,nan,nan,False,3.823401871576774
v3_sc0_staging_12,L5,3,10,label_cell,False,0,False,False,False,False,False,nan,nan,nan,False,3.823401871576774
v3_sc0_staging_12,L5,3,10,geometry,True,2,False,False,False,False,False,nan,nan,nan,False,3.823401871576774
v3_sc0_staging_12,L5,3,10,label_only,False,0,False,False,False,False,False,nan,nan,nan,False,3.823401871576774
v3_sc0_staging_12,L5,3,10,pose_only,True,2,False,False,False,False,False,nan,nan,nan,False,3.823401871576774
v3_sc0_staging_12,L5,3,10,separate,True,2,False,False,False,False,False,nan,nan,nan,False,3.823401871576774
v3_sc0_staging_12,L5,3,10,joint,True,2,False,False,False,False,False,nan,nan,nan,False,3.823401871576774
v3_sc0_staging_12,L5,3,10,oracle,False,0,False,True,False,False,True,3.823401871576774,0.7000000000000001,0.6726812023536856,True,3.823401871576774
v3_sc0_staging_12,L5,3,11,uncalibrated,False,0,False,False,False,False,False,nan,nan,nan,False,4.60269119345812
v3_sc0_staging_12,L5,3,11,label_cell,False,0,False,False,False,False,False,nan,nan,nan,False,4.60269119345812
v3_sc0_staging_12,L5,3,11,geometry,True,2,False,False,False,False,False,nan,nan,nan,False,4.60269119345812
v3_sc0_staging_12,L5,3,11,label_only,False,0,False,False,False,False,False,nan,nan,nan,False,4.60269119345812
v3_sc0_staging_12,L5,3,11,pose_only,True,2,False,False,False,False,False,nan,nan,nan,False,4.60269119345812
v3_sc0_staging_12,L5,3,11,separate,True,2,False,False,False,False,False,nan,nan,nan,False,4.60269119345812
v3_sc0_staging_12,L5,3,11,joint,True,2,False,False,False,False,False,nan,nan,nan,False,4.60269119345812
v3_sc0_staging_12,L5,3,11,oracle,False,0,False,True,False,False,True,4.60269119345812,0.5315072906367325,0.4242640687119285,True,4.60269119345812
v3_sc0_staging_12,L5,3,12,uncalibrated,False,0,False,False,False,False,False,nan,nan,nan,False,9.042640687119286
v3_sc0_staging_12,L5,3,12,label_cell,False,0,False,False,False,False,False,nan,nan,nan,False,9.042640687119286
v3_sc0_staging_12,L5,3,12,geometry,True,2,False,False,False,False,False,nan,nan,nan,False,9.042640687119286
v3_sc0_staging_12,L5,3,12,label_only,False,0,False,False,False,False,False,nan,nan,nan,False,9.042640687119286
v3_sc0_staging_12,L5,3,12,pose_only,True,2,False,False,False,False,False,nan,nan,nan,False,9.042640687119286
v3_sc0_staging_12,L5,3,12,separate,True,2,False,False,False,False,False,nan,nan,nan,False,9.042640687119286
v3_sc0_staging_12,L5,3,12,joint,True,2,False,False,False,False,False,nan,nan,nan,False,9.042640687119286
v3_sc0_staging_12,L5,3,12,oracle,False,0,False,True,False,False,True,9.042640687119286,1.1500000000000001,0.20615528128088303,True,9.042640687119286
v3_sc0_staging_12,L5,3,13,uncalibrated,False,0,False,False,False,False,False,nan,nan,nan,False,10.043250352560275
v3_sc0_staging_12,L5,3,13,label_cell,False,0,False,False,False,False,False,nan,nan,nan,False,10.043250352560275
v3_sc0_staging_12,L5,3,13,geometry,True,2,False,False,False,False,False,nan,nan,nan,False,10.043250352560275
v3_sc0_staging_12,L5,3,13,label_only,False,0,False,False,False,False,False,nan,nan,nan,False,10.043250352560275
v3_sc0_staging_12,L5,3,13,pose_only,True,2,False,False,False,False,False,nan,nan,nan,False,10.043250352560275
v3_sc0_staging_12,L5,3,13,separate,True,2,False,False,False,False,False,nan,nan,nan,False,10.043250352560275
v3_sc0_staging_12,L5,3,13,joint,True,2,False,False,False,False,False,nan,nan,nan,False,10.043250352560275
v3_sc0_staging_12,L5,3,13,oracle,False,0,False,True,False,False,True,10.043250352560275,0.5024937810560445,0.20615528128088303,True,10.043250352560275
v3_sc0_staging_12,L5,3,14,uncalibrated,False,0,False,False,False,False,False,nan,nan,nan,False,7.589087296526012
v3_sc0_staging_12,L5,3,14,label_cell,False,0,False,False,False,False,False,nan,nan,nan,False,7.589087296526012
v3_sc0_staging_12,L5,3,14,geometry,True,2,False,False,False,False,False,nan,nan,nan,False,7.589087296526012
v3_sc0_staging_12,L5,3,14,label_only,False,0,False,False,False,False,False,nan,nan,nan,False,7.589087296526012
v3_sc0_staging_12,L5,3,14,pose_only,True,2,False,False,False,False,False,nan,nan,nan,False,7.589087296526012
v3_sc0_staging_12,L5,3,14,separate,True,2,False,False,False,False,False,nan,nan,nan,False,7.589087296526012
v3_sc0_staging_12,L5,3,14,joint,True,2,False,False,False,False,False,nan,nan,nan,False,7.589087296526012
v3_sc0_staging_12,L5,3,14,oracle,False,0,False,True,False,False,True,7.589087296526012,0.5656854249492381,0.3535533905932738,True,7.589087296526012
v3_sc0_staging_12,L5,3,15,uncalibrated,False,0,False,False,False,False,False,nan,nan,nan,False,6.968376618407359
v3_sc0_staging_12,L5,3,15,label_cell,False,0,False,False,False,False,False,nan,nan,nan,False,6.968376618407359
v3_sc0_staging_12,L5,3,15,geometry,True,2,False,False,False,False,False,nan,nan,nan,False,6.968376618407359
v3_sc0_staging_12,L5,3,15,label_only,False,0,False,False,False,False,False,nan,nan,nan,False,6.968376618407359
v3_sc0_staging_12,L5,3,15,pose_only,True,2,False,False,False,False,False,nan,nan,nan,False,6.968376618407359
v3_sc0_staging_12,L5,3,15,separate,True,2,False,False,False,False,False,nan,nan,nan,False,6.968376618407359
v3_sc0_staging_12,L5,3,15,joint,True,2,False,False,False,False,False,nan,nan,nan,False,6.968376618407359
v3_sc0_staging_12,L5,3,15,oracle,False,0,False,True,False,False,True,6.968376618407359,0.5024937810560445,0.4242640687119285,True,6.968376618407359
v3_sc0_staging_12,L5,3,16,uncalibrated,False,0,False,False,False,False,False,nan,nan,nan,False,6.059797974644667
v3_sc0_staging_12,L5,3,16,label_cell,False,0,False,False,False,False,False,nan,nan,nan,False,6.059797974644667
v3_sc0_staging_12,L5,3,16,geometry,True,2,False,False,False,False,False,nan,nan,nan,False,6.059797974644667
v3_sc0_staging_12,L5,3,16,label_only,False,0,False,False,False,False,False,nan,nan,nan,False,6.059797974644667
v3_sc0_staging_12,L5,3,16,pose_only,True,2,False,False,False,False,False,nan,nan,nan,False,6.059797974644667
v3_sc0_staging_12,L5,3,16,separate,True,2,False,False,False,False,False,nan,nan,nan,False,6.059797974644667
v3_sc0_staging_12,L5,3,16,joint,True,2,False,False,False,False,False,nan,nan,nan,False,6.059797974644667
v3_sc0_staging_12,L5,3,16,oracle,False,0,False,True,False,False,True,6.059797974644667,0.5024937810560445,0.5024937810560445,True,6.059797974644667
v3_sc0_staging_12,L5,3,18,uncalibrated,False,0,False,False,False,False,False,nan,nan,nan,False,5.255634918610404
v3_sc0_staging_12,L5,3,18,label_cell,False,0,False,False,False,False,False,nan,nan,nan,False,5.255634918610404
v3_sc0_staging_12,L5,3,18,geometry,True,2,False,False,False,False,False,nan,nan,nan,False,5.255634918610404
v3_sc0_staging_12,L5,3,18,label_only,False,0,False,False,False,False,False,nan,nan,nan,False,5.255634918610404
v3_sc0_staging_12,L5,3,18,pose_only,True,2,False,False,False,False,False,nan,nan,nan,False,5.255634918610404
v3_sc0_staging_12,L5,3,18,separate,True,2,False,False,False,False,False,nan,nan,nan,False,5.255634918610404
v3_sc0_staging_12,L5,3,18,joint,True,2,False,False,False,False,False,nan,nan,nan,False,5.255634918610404
v3_sc0_staging_12,L5,3,18,oracle,False,0,False,True,False,False,True,5.255634918610404,0.8845903006477066,0.25,True,5.255634918610404
v3_sc0_staging_12,L5,3,19,uncalibrated,False,0,False,False,False,False,False,nan,nan,nan,False,7.149137802864849
v3_sc0_staging_12,L5,3,19,label_cell,False,0,False,False,False,False,False,nan,nan,nan,False,7.149137802864849
v3_sc0_staging_12,L5,3,19,geometry,True,2,False,False,False,False,False,nan,nan,nan,False,7.149137802864849
v3_sc0_staging_12,L5,3,19,label_only,False,0,False,False,False,False,False,nan,nan,nan,False,7.149137802864849
v3_sc0_staging_12,L5,3,19,pose_only,True,2,False,False,False,False,False,nan,nan,nan,False,7.149137802864849
v3_sc0_staging_12,L5,3,19,separate,True,2,False,False,False,False,False,nan,nan,nan,False,7.149137802864849
v3_sc0_staging_12,L5,3,19,joint,True,2,False,False,False,False,False,nan,nan,nan,False,7.149137802864849
v3_sc0_staging_12,L5,3,19,oracle,False,0,False,True,False,False,True,7.149137802864849,0.5385164807134504,0.55,True,7.149137802864849
v3_sc0_staging_12,L5,4,0,uncalibrated,False,0,False,False,False,False,False,nan,nan,nan,False,7.271930009000633
v3_sc0_staging_12,L5,4,0,label_cell,False,0,False,False,False,False,False,nan,nan,nan,False,7.271930009000633
v3_sc0_staging_12,L5,4,0,geometry,True,2,False,False,False,False,False,nan,nan,nan,False,7.271930009000633
v3_sc0_staging_12,L5,4,0,label_only,False,0,False,False,False,False,False,nan,nan,nan,False,7.271930009000633
v3_sc0_staging_12,L5,4,0,pose_only,True,2,False,False,False,False,False,nan,nan,nan,False,7.271930009000633
v3_sc0_staging_12,L5,4,0,separate,True,2,False,False,False,False,False,nan,nan,nan,False,7.271930009000633
v3_sc0_staging_12,L5,4,0,joint,True,2,False,False,False,False,False,nan,nan,nan,False,7.271930009000633
v3_sc0_staging_12,L5,4,0,oracle,False,0,False,True,False,False,True,7.271930009000633,0.55,0.20615528128088303,True,7.271930009000633
v3_sc0_staging_12,L5,4,1,uncalibrated,False,0,False,False,False,False,False,nan,nan,nan,False,6.416295090390228
v3_sc0_staging_12,L5,4,1,label_cell,False,0,False,False,False,False,False,nan,nan,nan,False,6.416295090390228
v3_sc0_staging_12,L5,4,1,geometry,True,2,False,False,False,False,False,nan,nan,nan,False,6.416295090390228
v3_sc0_staging_12,L5,4,1,label_only,False,0,False,False,False,False,False,nan,nan,nan,False,6.416295090390228
v3_sc0_staging_12,L5,4,1,pose_only,True,2,False,False,False,False,False,nan,nan,nan,False,6.416295090390228
v3_sc0_staging_12,L5,4,1,separate,True,2,False,False,False,False,False,nan,nan,nan,False,6.416295090390228
v3_sc0_staging_12,L5,4,1,joint,True,2,False,False,False,False,False,nan,nan,nan,False,6.416295090390228
v3_sc0_staging_12,L5,4,1,oracle,False,0,False,True,False,False,True,6.416295090390228,0.5024937810560445,0.49244289008980524,True,6.416295090390228
v3_sc0_staging_12,L5,4,2,uncalibrated,False,0,False,False,False,False,False,nan,nan,nan,False,5.521320343559644
v3_sc0_staging_12,L5,4,2,label_cell,False,0,False,False,False,False,False,nan,nan,nan,False,5.521320343559644
v3_sc0_staging_12,L5,4,2,geometry,True,2,False,False,False,False,False,nan,nan,nan,False,5.521320343559644
v3_sc0_staging_12,L5,4,2,label_only,False,0,False,False,False,False,False,nan,nan,nan,False,5.521320343559644
v3_sc0_staging_12,L5,4,2,pose_only,True,2,False,False,False,False,False,nan,nan,nan,False,5.521320343559644
v3_sc0_staging_12,L5,4,2,separate,True,2,False,False,False,False,False,nan,nan,nan,False,5.521320343559644
v3_sc0_staging_12,L5,4,2,joint,True,2,False,False,False,False,False,nan,nan,nan,False,5.521320343559644
v3_sc0_staging_12,L5,4,2,oracle,False,0,False,True,False,False,True,5.521320343559644,0.5147815070493501,0.45,True,5.521320343559644
v3_sc0_staging_12,L5,4,3,uncalibrated,False,0,False,False,False,False,False,nan,nan,nan,False,5.857716446627536
v3_sc0_staging_12,L5,4,3,label_cell,False,0,False,False,False,False,False,nan,nan,nan,False,5.857716446627536
v3_sc0_staging_12,L5,4,3,geometry,True,2,False,False,False,False,False,nan,nan,nan,False,5.857716446627536
v3_sc0_staging_12,L5,4,3,label_only,False,0,False,False,False,False,False,nan,nan,nan,False,5.857716446627536
v3_sc0_staging_12,L5,4,3,pose_only,True,2,False,False,False,False,False,nan,nan,nan,False,5.857716446627536
v3_sc0_staging_12,L5,4,3,separate,True,2,False,False,False,False,False,nan,nan,nan,False,5.857716446627536
v3_sc0_staging_12,L5,4,3,joint,True,2,False,False,False,False,False,nan,nan,nan,False,5.857716446627536
v3_sc0_staging_12,L5,4,3,oracle,False,0,False,True,False,False,True,5.857716446627536,0.65,0.20615528128088303,True,5.857716446627536
v3_sc0_staging_12,L5,4,4,uncalibrated,False,0,False,False,False,False,False,nan,nan,nan,False,6.416904755831215
v3_sc0_staging_12,L5,4,4,label_cell,False,0,False,False,False,False,False,nan,nan,nan,False,6.416904755831215
v3_sc0_staging_12,L5,4,4,geometry,True,2,False,False,False,False,False,nan,nan,nan,False,6.416904755831215
v3_sc0_staging_12,L5,4,4,label_only,False,0,False,False,False,False,False,nan,nan,nan,False,6.416904755831215
v3_sc0_staging_12,L5,4,4,pose_only,True,2,False,False,False,False,False,nan,nan,nan,False,6.416904755831215
v3_sc0_staging_12,L5,4,4,separate,True,2,False,False,False,False,False,nan,nan,nan,False,6.416904755831215
v3_sc0_staging_12,L5,4,4,joint,True,2,False,False,False,False,False,nan,nan,nan,False,6.416904755831215
v3_sc0_staging_12,L5,4,4,oracle,False,0,False,True,False,False,True,6.416904755831215,0.5024937810560445,0.5,True,6.416904755831215
v3_sc0_staging_12,L5,4,5,uncalibrated,False,0,False,False,False,False,False,nan,nan,nan,False,7.953300858899107
v3_sc0_staging_12,L5,4,5,label_cell,False,0,False,False,False,False,False,nan,nan,nan,False,7.953300858899107
v3_sc0_staging_12,L5,4,5,geometry,True,2,False,False,False,False,False,nan,nan,nan,False,7.953300858899107
v3_sc0_staging_12,L5,4,5,label_only,False,0,False,False,False,False,False,nan,nan,nan,False,7.953300858899107
v3_sc0_staging_12,L5,4,5,pose_only,True,2,False,False,False,False,False,nan,nan,nan,False,7.953300858899107
v3_sc0_staging_12,L5,4,5,separate,True,2,False,False,False,False,False,nan,nan,nan,False,7.953300858899107
v3_sc0_staging_12,L5,4,5,joint,True,2,False,False,False,False,False,nan,nan,nan,False,7.953300858899107
v3_sc0_staging_12,L5,4,5,oracle,False,0,False,True,False,False,True,7.953300858899107,0.5024937810560445,0.20615528128088303,True,7.953300858899107
v3_sc0_staging_12,L5,4,6,uncalibrated,False,0,False,False,False,False,False,nan,nan,nan,False,5.031980515339464
v3_sc0_staging_12,L5,4,6,label_cell,False,0,False,False,False,False,False,nan,nan,nan,False,5.031980515339464
v3_sc0_staging_12,L5,4,6,geometry,True,2,False,False,False,False,False,nan,nan,nan,False,5.031980515339464
v3_sc0_staging_12,L5,4,6,label_only,False,0,False,False,False,False,False,nan,nan,nan,False,5.031980515339464
v3_sc0_staging_12,L5,4,6,pose_only,True,2,False,False,False,False,False,nan,nan,nan,False,5.031980515339464
v3_sc0_staging_12,L5,4,6,separate,True,2,False,False,False,False,False,nan,nan,nan,False,5.031980515339464
v3_sc0_staging_12,L5,4,6,joint,True,2,False,False,False,False,False,nan,nan,nan,False,5.031980515339464
v3_sc0_staging_12,L5,4,6,oracle,False,0,False,True,False,False,True,5.031980515339464,0.5024937810560445,0.4,True,5.031980515339464
v3_sc0_staging_12,L5,4,7,uncalibrated,False,0,False,False,False,False,False,nan,nan,nan,False,7.345584412271572
v3_sc0_staging_12,L5,4,7,label_cell,False,0,False,False,False,False,False,nan,nan,nan,False,7.345584412271572
v3_sc0_staging_12,L5,4,7,geometry,True,2,False,False,False,False,False,nan,nan,nan,False,7.345584412271572
v3_sc0_staging_12,L5,4,7,label_only,False,0,False,False,False,False,False,nan,nan,nan,False,7.345584412271572
v3_sc0_staging_12,L5,4,7,pose_only,True,2,False,False,False,False,False,nan,nan,nan,False,7.345584412271572
v3_sc0_staging_12,L5,4,7,separate,True,2,False,False,False,False,False,nan,nan,nan,False,7.345584412271572
v3_sc0_staging_12,L5,4,7,joint,True,2,False,False,False,False,False,nan,nan,nan,False,7.345584412271572
v3_sc0_staging_12,L5,4,7,oracle,False,0,False,True,False,False,True,7.345584412271572,0.5024937810560445,0.30000000000000004,True,7.345584412271572
v3_sc0_staging_12,L5,4,8,uncalibrated,False,0,False,False,False,False,False,nan,nan,nan,False,9.05685424949238
v3_sc0_staging_12,L5,4,8,label_cell,False,0,False,False,False,False,False,nan,nan,nan,False,9.05685424949238
v3_sc0_staging_12,L5,4,8,geometry,True,2,False,False,False,False,False,nan,nan,nan,False,9.05685424949238
v3_sc0_staging_12,L5,4,8,label_only,False,0,False,False,False,False,False,nan,nan,nan,False,9.05685424949238
v3_sc0_staging_12,L5,4,8,pose_only,True,2,False,False,False,False,False,nan,nan,nan,False,9.05685424949238
v3_sc0_staging_12,L5,4,8,separate,True,2,False,False,False,False,False,nan,nan,nan,False,9.05685424949238
v3_sc0_staging_12,L5,4,8,joint,True,2,False,False,False,False,False,nan,nan,nan,False,9.05685424949238
v3_sc0_staging_12,L5,4,8,oracle,False,0,False,True,False,False,True,9.05685424949238,0.5024937810560445,0.4,True,9.05685424949238
v3_sc0_staging_12,L5,4,9,uncalibrated,False,0,False,False,False,False,False,nan,nan,nan,False,6.090559159102156
v3_sc0_staging_12,L5,4,9,label_cell,False,0,False,False,False,False,False,nan,nan,nan,False,6.090559159102156
v3_sc0_staging_12,L5,4,9,geometry,True,2,False,False,False,False,False,nan,nan,nan,False,6.090559159102156
v3_sc0_staging_12,L5,4,9,label_only,False,0,False,False,False,False,False,nan,nan,nan,False,6.090559159102156
v3_sc0_staging_12,L5,4,9,pose_only,True,2,False,False,False,False,False,nan,nan,nan,False,6.090559159102156
v3_sc0_staging_12,L5,4,9,separate,True,2,False,False,False,False,False,nan,nan,nan,False,6.090559159102156
v3_sc0_staging_12,L5,4,9,joint,True,2,False,False,False,False,False,nan,nan,nan,False,6.090559159102156
v3_sc0_staging_12,L5,4,9,oracle,False,0,False,True,False,False,True,6.090559159102156,0.65,0.5,True,6.090559159102156
v3_sc0_staging_12,L5,4,10,uncalibrated,False,0,False,False,False,False,False,nan,nan,nan,False,3.8863961030678933
v3_sc0_staging_12,L5,4,10,label_cell,False,0,False,False,False,False,False,nan,nan,nan,False,3.8863961030678933
v3_sc0_staging_12,L5,4,10,geometry,True,2,False,False,False,False,False,nan,nan,nan,False,3.8863961030678933
v3_sc0_staging_12,L5,4,10,label_only,False,0,False,False,False,False,False,nan,nan,nan,False,3.8863961030678933
v3_sc0_staging_12,L5,4,10,pose_only,True,2,False,False,False,False,False,nan,nan,nan,False,3.8863961030678933
v3_sc0_staging_12,L5,4,10,separate,True,2,False,False,False,False,False,nan,nan,nan,False,3.8863961030678933
v3_sc0_staging_12,L5,4,10,joint,True,2,False,False,False,False,False,nan,nan,nan,False,3.8863961030678933
v3_sc0_staging_12,L5,4,10,oracle,False,0,False,True,False,False,True,3.8863961030678933,0.6020797289396148,0.55,True,3.8863961030678933
v3_sc0_staging_12,L5,4,11,uncalibrated,False,0,False,False,False,False,False,nan,nan,nan,False,4.63492424049175
v3_sc0_staging_12,L5,4,11,label_cell,False,0,False,False,False,False,False,nan,nan,nan,False,4.63492424049175
v3_sc0_staging_12,L5,4,11,geometry,True,2,False,False,False,False,False,nan,nan,nan,False,4.63492424049175
v3_sc0_staging_12,L5,4,11,label_only,False,0,False,False,False,False,False,nan,nan,nan,False,4.63492424049175
v3_sc0_staging_12,L5,4,11,pose_only,True,2,False,False,False,False,False,nan,nan,nan,False,4.63492424049175
v3_sc0_staging_12,L5,4,11,separate,True,2,False,False,False,False,False,nan,nan,nan,False,4.63492424049175
v3_sc0_staging_12,L5,4,11,joint,True,2,False,False,False,False,False,nan,nan,nan,False,4.63492424049175
v3_sc0_staging_12,L5,4,11,oracle,False,0,False,True,False,False,True,4.63492424049175,0.5024937810560445,0.4,True,4.63492424049175
v3_sc0_staging_12,L5,4,14,uncalibrated,False,0,False,False,False,False,False,nan,nan,nan,False,7.589087296526012
v3_sc0_staging_12,L5,4,14,label_cell,False,0,False,False,False,False,False,nan,nan,nan,False,7.589087296526012
v3_sc0_staging_12,L5,4,14,geometry,True,2,False,False,False,False,False,nan,nan,nan,False,7.589087296526012
v3_sc0_staging_12,L5,4,14,label_only,False,0,False,False,False,False,False,nan,nan,nan,False,7.589087296526012
v3_sc0_staging_12,L5,4,14,pose_only,True,2,False,False,False,False,False,nan,nan,nan,False,7.589087296526012
v3_sc0_staging_12,L5,4,14,separate,True,2,False,False,False,False,False,nan,nan,nan,False,7.589087296526012
v3_sc0_staging_12,L5,4,14,joint,True,2,False,False,False,False,False,nan,nan,nan,False,7.589087296526012
v3_sc0_staging_12,L5,4,14,oracle,False,0,False,True,False,False,True,7.589087296526012,0.5024937810560445,0.35000000000000003,True,7.589087296526012
v3_sc0_staging_12,L5,4,15,uncalibrated,False,0,False,False,False,False,False,nan,nan,nan,False,7.031980515339467
v3_sc0_staging_12,L5,4,15,label_cell,False,0,False,False,False,False,False,nan,nan,nan,False,7.031980515339467
v3_sc0_staging_12,L5,4,15,geometry,True,2,False,False,False,False,False,nan,nan,nan,False,7.031980515339467
v3_sc0_staging_12,L5,4,15,label_only,False,0,False,False,False,False,False,nan,nan,nan,False,7.031980515339467
v3_sc0_staging_12,L5,4,15,pose_only,True,2,False,False,False,False,False,nan,nan,nan,False,7.031980515339467
v3_sc0_staging_12,L5,4,15,separate,True,2,False,False,False,False,False,nan,nan,nan,False,7.031980515339467
v3_sc0_staging_12,L5,4,15,joint,True,2,False,False,False,False,False,nan,nan,nan,False,7.031980515339467
v3_sc0_staging_12,L5,4,15,oracle,False,0,False,True,False,False,True,7.031980515339467,0.5024937810560445,0.49244289008980524,True,7.031980515339467
v3_sc0_staging_12,L5,4,16,uncalibrated,False,0,False,False,False,False,False,nan,nan,nan,False,6.171320343559643
v3_sc0_staging_12,L5,4,16,label_cell,False,0,False,False,False,False,False,nan,nan,nan,False,6.171320343559643
v3_sc0_staging_12,L5,4,16,geometry,True,2,False,False,False,False,False,nan,nan,nan,False,6.171320343559643
v3_sc0_staging_12,L5,4,16,label_only,False,0,False,False,False,False,False,nan,nan,nan,False,6.171320343559643
v3_sc0_staging_12,L5,4,16,pose_only,True,2,False,False,False,False,False,nan,nan,nan,False,6.171320343559643
v3_sc0_staging_12,L5,4,16,separate,True,2,False,False,False,False,False,nan,nan,nan,False,6.171320343559643
v3_sc0_staging_12,L5,4,16,joint,True,2,False,False,False,False,False,nan,nan,nan,False,6.171320343559643
v3_sc0_staging_12,L5,4,16,oracle,False,0,False,True,False,False,True,6.171320343559643,0.5024937810560445,0.4,True,6.171320343559643
v3_sc0_staging_12,L5,4,17,uncalibrated,False,0,False,False,False,False,False,nan,nan,nan,False,8.044112549695427
v3_sc0_staging_12,L5,4,17,label_cell,False,0,False,False,False,False,False,nan,nan,nan,False,8.044112549695427
v3_sc0_staging_12,L5,4,17,geometry,True,2,False,False,False,False,False,nan,nan,nan,False,8.044112549695427
v3_sc0_staging_12,L5,4,17,label_only,False,0,False,False,False,False,False,nan,nan,nan,False,8.044112549695427
v3_sc0_staging_12,L5,4,17,pose_only,True,2,False,False,False,False,False,nan,nan,nan,False,8.044112549695427
v3_sc0_staging_12,L5,4,17,separate,True,2,False,False,False,False,False,nan,nan,nan,False,8.044112549695427
v3_sc0_staging_12,L5,4,17,joint,True,2,False,False,False,False,False,nan,nan,nan,False,8.044112549695427
v3_sc0_staging_12,L5,4,17,oracle,False,0,False,True,False,False,True,8.044112549695427,0.5024937810560445,0.30000000000000004,True,8.044112549695427
v3_sc0_staging_12,L5,4,18,uncalibrated,False,0,False,False,False,False,False,nan,nan,nan,False,5.189087296526012
v3_sc0_staging_12,L5,4,18,label_cell,False,0,False,False,False,False,False,nan,nan,nan,False,5.189087296526012
v3_sc0_staging_12,L5,4,18,geometry,True,2,False,False,False,False,False,nan,nan,nan,False,5.189087296526012
v3_sc0_staging_12,L5,4,18,label_only,False,0,False,False,False,False,False,nan,nan,nan,False,5.189087296526012
v3_sc0_staging_12,L5,4,18,pose_only,True,2,False,False,False,False,False,nan,nan,nan,False,5.189087296526012
v3_sc0_staging_12,L5,4,18,separate,True,2,False,False,False,False,False,nan,nan,nan,False,5.189087296526012
v3_sc0_staging_12,L5,4,18,joint,True,2,False,False,False,False,False,nan,nan,nan,False,5.189087296526012
v3_sc0_staging_12,L5,4,18,oracle,False,0,False,True,False,False,True,5.189087296526012,0.7071067811865476,0.21213203435596426,True,5.189087296526012
v3_sc0_staging_12,L5,4,19,uncalibrated,False,0,False,False,False,False,False,nan,nan,nan,False,7.125483399593907
v3_sc0_staging_12,L5,4,19,label_cell,False,0,False,False,False,False,False,nan,nan,nan,False,7.125483399593907
v3_sc0_staging_12,L5,4,19,geometry,True,2,False,False,False,False,False,nan,nan,nan,False,7.125483399593907
v3_sc0_staging_12,L5,4,19,label_only,False,0,False,False,False,False,False,nan,nan,nan,False,7.125483399593907
v3_sc0_staging_12,L5,4,19,pose_only,True,2,False,False,False,False,False,nan,nan,nan,False,7.125483399593907
v3_sc0_staging_12,L5,4,19,separate,True,2,False,False,False,False,False,nan,nan,nan,False,7.125483399593907
v3_sc0_staging_12,L5,4,19,joint,True,2,False,False,False,False,False,nan,nan,nan,False,7.125483399593907
v3_sc0_staging_12,L5,4,19,oracle,False,0,False,True,False,False,True,7.125483399593907,0.5656854249492381,0.20615528128088303,True,7.125483399593907
