scene,level,seed,task,arm,abstained,classes_fell_back,exposed,planned,violation,collision,reached,length,clearance,obst_clearance,success,oracle_length
v3_sc1_staging_20,L0,0,0,uncalibrated,False,0,True,True,False,False,True,5.869848480983499,0.9899494936611666,0.20615528128088303,True,5.869848480983499
v3_sc1_staging_20,L0,0,0,label_cell,False,0,False,False,False,False,False,nan,nan,nan,False,5.869848480983499
v3_sc1_staging_20,L0,0,0,geometry,False,0,False,False,False,False,False,nan,nan,nan,False,5.869848480983499
v3_sc1_staging_20,L0,0,0,label_only,False,1,False,False,False,False,False,nan,nan,nan,False,5.869848480983499
v3_sc1_staging_20,L0,0,0,pose_only,False,0,True,True,False,False,True,5.869848480983499,0.9899494936611666,0.20615528128088303,True,5.869848480983499
v3_sc1_staging_20,L0,0,0,separate,False,1,False,False,False,False,False,nan,nan,nan,False,5.869848480983499
v3_sc1_staging_20,L0,0,0,joint,False,1,False,False,False,False,False,nan,nan,nan,False,5.869848480983499
v3_sc1_staging_20,L0,0,0,oracle,False,0,False,True,False,False,True,5.869848480983499,0.9899494936611666,0.20615528128088303,True,5.869848480983499
v3_sc1_staging_20,L0,0,1,uncalibrated,False,0,True,True,False,False,True,2.907716446627535,2.804014978561991,0.21213203435596426,True,2.907716446627535
v3_sc1_staging_20,L0,0,1,label_cell,False,0,False,True,False,False,True,3.171320343559642,2.804014978561991,0.5024937810560445,True,2.907716446627535
v3_sc1_staging_20,L0,0,1,geometry,False,0,False,True,False,False,True,3.171320343559642,2.804014978561991,0.5024937810560445,True,2.907716446627535
v3_sc1_staging_20,L0,0,1,label_only,False,1,False,True,False,False,True,3.171320343559642,2.804014978561991,0.5024937810560445,True,2.907716446627535
v3_sc1_staging_20,L0,0,1,pose_only,False,0,True,True,False,False,True,2.907716446627535,2.804014978561991,0.21213203435596426,True,2.907716446627535
v3_sc1_staging_20,L0,0,1,separate,False,1,False,True,False,False,True,3.171320343559642,2.804014978561991,0.5024937810560445,True,2.907716446627535
v3_sc1_staging_20,L0,0,1,joint,False,1,False,True,False,False,True,3.171320343559642,2.804014978561991,0.5024937810560445,True,2.907716446627535
v3_sc1_staging_20,L0,0,1,oracle,False,0,False,True,False,False,True,2.907716446627535,2.804014978561991,0.21213203435596426,True,2.907716446627535
v3_sc1_staging_20,L0,0,2,uncalibrated,False,0,True,True,False,False,True,5.316295090390226,2.0130822139197395,0.55,True,5.316295090390226
v3_sc1_staging_20,L0,0,2,label_cell,False,0,False,True,False,False,True,5.316295090390226,2.0130822139197395,0.55,True,5.316295090390226
v3_sc1_staging_20,L0,0,2,geometry,False,0,False,True,False,False,True,5.316295090390226,2.0130822139197395,0.55,True,5.316295090390226
v3_sc1_staging_20,L0,0,2,label_only,False,1,False,True,False,False,True,5.316295090390226,2.0130822139197395,0.55,True,5.316295090390226
v3_sc1_staging_20,L0,0,2,pose_only,False,0,True,True,False,False,True,5.316295090390226,2.0130822139197395,0.55,True,5.316295090390226
v3_sc1_staging_20,L0,0,2,separate,False,1,False,True,False,False,True,5.316295090390226,2.0130822139197395,0.55,True,5.316295090390226
v3_sc1_staging_20,L0,0,2,joint,False,1,False,True,False,False,True,5.316295090390226,2.0130822139197395,0.55,True,5.316295090390226
v3_sc1_staging_20,L0,0,2,oracle,False,0,False,True,False,False,True,5.316295090390226,2.0130822139197395,0.55,True,5.316295090390226
v3_sc1_staging_20,L0,0,3,uncalibrated,False,0,True,True,False,False,True,3.0455844122715705,2.2638462845343543,0.6041522986797286,True,3.0455844122715705
v3_sc1_staging_20,L0,0,3,label_cell,False,0,False,True,False,False,True,3.0455844122715705,2.2638462845343543,0.6041522986797286,True,3.0455844122715705
v3_sc1_staging_20,L0,0,3,geometry,False,0,False,True,False,False,True,3.0455844122715705,2.2638462845343543,0.6041522986797286,True,3.0455844122715705
v3_sc1_staging_20,L0,0,3,label_only,False,1,False,True,False,False,True,3.0455844122715705,2.2638462845343543,0.6041522986797286,True,3.0455844122715705
v3_sc1_staging_20,L0,0,3,pose_only,False,0,True,True,False,False,True,3.0455844122715705,2.2638462845343543,0.6041522986797286,True,3.0455844122715705
v3_sc1_staging_20,L0,0,3,separate,False,1,False,True,False,False,True,3.0455844122715705,2.2638462845343543,0.6041522986797286,True,3.0455844122715705
v3_sc1_staging_20,L0,0,3,joint,False,1,False,True,False,False,True,3.0455844122715705,2.2638462845343543,0.6041522986797286,True,3.0455844122715705
v3_sc1_staging_20,L0,0,3,oracle,False,0,False,True,False,False,True,3.0455844122715705,2.2638462845343543,0.6041522986797286,True,3.0455844122715705
v3_sc1_staging_20,L0,0,4,uncalibrated,False,0,True,True,True,False,True,9.17903679018718,0.49244289008980524,0.20615528128088303,False,9.17903679018718
v3_sc1_staging_20,L0,0,4,label_cell,False,0,False,False,False,False,False,nan,nan,nan,False,9.17903679018718
v3_sc1_staging_20,L0,0,4,geometry,False,0,False,False,False,False,False,nan,nan,nan,False,9.17903679018718
v3_sc1_staging_20,L0,0,4,label_only,False,1,False,False,False,False,False,nan,nan,nan,False,9.17903679018718
v3_sc1_staging_20,L0,0,4,pose_only,False,0,True,True,True,False,True,9.17903679018718,0.49244289008980524,0.20615528128088303,False,9.17903679018718
v3_sc1_staging_20,L0,0,4,separate,False,1,False,False,False,False,False,nan,nan,nan,False,9.17903679018718
v3_sc1_staging_20,L0,0,4,joint,False,1,False,False,False,False,False,nan,nan,nan,False,9.17903679018718
v3_sc1_staging_20,L0,0,4,oracle,False,0,False,True,False,False,True,9.17903679018718,0.5024937810560445,0.20615528128088303,True,9.17903679018718
v3_sc1_staging_20,L0,0,5,uncalibrated,False,0,True,True,False,False,True,7.35330085889911,0.5024937810560445,0.20615528128088303,True,7.35330085889911
v3_sc1_staging_20,L0,0,5,label_cell,False,0,False,False,False,False,False,nan,nan,nan,False,7.35330085889911
v3_sc1_staging_20,L0,0,5,geometry,False,0,False,False,False,False,False,nan,nan,nan,False,7.35330085889911
v3_sc1_staging_20,L0,0,5,label_only,False,1,False,False,False,False,False,nan,nan,nan,False,7.35330085889911
v3_sc1_staging_20,L0,0,5,pose_only,False,0,True,True,False,False,True,7.35330085889911,0.5024937810560445,0.20615528128088303,True,7.35330085889911
v3_sc1_staging_20,L0,0,5,separate,False,1,False,False,False,False,False,nan,nan,nan,False,7.35330085889911
v3_sc1_staging_20,L0,0,5,joint,False,1,False,False,False,False,False,nan,nan,nan,False,7.35330085889911
v3_sc1_staging_20,L0,0,5,oracle,False,0,False,True,False,False,True,7.35330085889911,0.5024937810560445,0.20615528128088303,True,7.35330085889911
v3_sc1_staging_20,L0,0,6,uncalibrated,False,0,True,True,False,False,True,9.770458146424488,0.5024937810560445,0.20615528128088303,True,9.770458146424488
v3_sc1_staging_20,L0,0,6,label_cell,False,0,False,False,False,False,False,nan,nan,nan,False,9.770458146424488
v3_sc1_staging_20,L0,0,6,geometry,False,0,False,False,False,False,False,nan,nan,nan,False,9.770458146424488
v3_sc1_staging_20,L0,0,6,label_only,False,1,False,False,False,False,False,nan,nan,nan,False,9.770458146424488
v3_sc1_staging_20,L0,0,6,pose_only,False,0,True,True,False,False,True,9.770458146424488,0.5024937810560445,0.20615528128088303,True,9.770458146424488
v3_sc1_staging_20,L0,0,6,separate,False,1,False,False,False,False,False,nan,nan,nan,False,9.770458146424488
v3_sc1_staging_20,L0,0,6,joint,False,1,False,False,False,False,False,nan,nan,nan,False,9.770458146424488
v3_sc1_staging_20,L0,0,6,oracle,False,0,False,True,False,False,True,9.770458146424488,0.5024937810560445,0.20615528128088303,True,9.770458146424488
v3_sc1_staging_20,L0,0,7,uncalibrated,False,0,True,True,False,False,True,6.556244584051393,0.5024937810560445,0.20615528128088303,True,6.556244584051393
v3_sc1_staging_20,L0,0,7,label_cell,False,0,False,False,False,False,False,nan,nan,nan,False,6.556244584051393
v3_sc1_staging_20,L0,0,7,geometry,False,0,False,False,False,False,False,nan,nan,nan,False,6.556244584051393
v3_sc1_staging_20,L0,0,7,label_only,False,1,False,False,False,False,False,nan,nan,nan,False,6.556244584051393
v3_sc1_staging_20,L0,0,7,pose_only,False,0,True,True,False,False,True,6.556244584051393,0.5024937810560445,0.20615528128088303,True,6.556244584051393
v3_sc1_staging_20,L0,0,7,separate,False,1,False,False,False,False,False,nan,nan,nan,False,6.556244584051393
v3_sc1_staging_20,L0,0,7,joint,False,1,False,False,False,False,False,nan,nan,nan,False,6.556244584051393
v3_sc1_staging_20,L0,0,7,oracle,False,0,False,True,False,False,True,6.556244584051393,0.5024937810560445,0.20615528128088303,True,6.556244584051393
v3_sc1_staging_20,L0,0,8,uncalibrated,False,0,True,True,False,False,True,6.026345596729059,1.1,0.20615528128088303,True,6.026345596729059
v3_sc1_staging_20,L0,0,8,label_cell,False,0,False,False,False,False,False,nan,nan,nan,False,6.026345596729059
v3_sc1_staging_20,L0,0,8,geometry,False,0,False,False,False,False,False,nan,nan,nan,False,6.026345596729059
v3_sc1_staging_20,L0,0,8,label_only,False,1,False,False,False,False,False,nan,nan,nan,False,6.026345596729059
v3_sc1_staging_20,L0,0,8,pose_only,False,0,True,True,False,False,True,6.026345596729059,1.1,0.20615528128088303,True,6.026345596729059
v3_sc1_staging_20,L0,0,8,separate,False,1,False,False,False,False,False,nan,nan,nan,False,6.026345596729059
v3_sc1_staging_20,L0,0,8,joint,False,1,False,False,False,False,False,nan,nan,nan,False,6.026345596729059
v3_sc1_staging_20,L0,0,8,oracle,False,0,False,True,False,False,True,6.026345596729059,1.1,0.20615528128088303,True,6.026345596729059
v3_sc1_staging_20,L0,0,9,uncalibrated,False,0,True,True,False,False,True,5.845584412271572,1.8200274723201297,0.20615528128088303,True,5.845584412271572
v3_sc1_staging_20,L0,0,9,label_cell,False,0,False,False,False,False,False,nan,nan,nan,False,5.845584412271572
v3_sc1_staging_20,L0,0,9,geometry,False,0,False,False,False,False,False,nan,nan,nan,False,5.845584412271572
v3_sc1_staging_20,L0,0,9,label_only,False,1,False,False,False,False,False,nan,nan,nan,False,5.845584412271572
v3_sc1_staging_20,L0,0,9,pose_only,False,0,True,True,False,False,True,5.845584412271572,1.8200274723201297,0.20615528128088303,True,5.845584412271572
v3_sc1_staging_20,L0,0,9,separate,False,1,False,False,False,False,False,nan,nan,nan,False,5.845584412271572
v3_sc1_staging_20,L0,0,9,joint,False,1,False,False,False,False,False,nan,nan,nan,False,5.845584412271572
v3_sc1_staging_20,L0,0,9,oracle,False,0,False,True,False,False,True,5.845584412271572,1.8200274723201297,0.20615528128088303,True,5.845584412271572
v3_sc1_staging_20,L0,0,10,uncalibrated,False,0,True,True,False,False,True,4.59350288425444,2.2770595073471402,0.6000000000000001,True,4.59350288425444
v3_sc1_staging_20,L0,0,10,label_cell,False,0,False,True,False,False,True,4.59350288425444,2.2770595073471402,0.6000000000000001,True,4.59350288425444
v3_sc1_staging_20,L0,0,10,geometry,False,0,False,True,False,False,True,4.59350288425444,2.2770595073471402,0.6000000000000001,True,4.59350288425444
v3_sc1_staging_20,L0,0,10,label_only,False,1,False,True,False,False,True,4.59350288425444,2.2770595073471402,0.6000000000000001,True,4.59350288425444
v3_sc1_staging_20,L0,0,10,pose_only,False,0,True,True,False,False,True,4.59350288425444,2.2770595073471402,0.6000000000000001,True,4.59350288425444
v3_sc1_staging_20,L0,0,10,separate,False,1,False,True,False,False,True,4.59350288425444,2.2770595073471402,0.6000000000000001,True,4.59350288425444
v3_sc1_staging_20,L0,0,10,joint,False,1,False,True,False,False,True,4.59350288425444,2.2770595073471402,0.6000000000000001,True,4.59350288425444
v3_sc1_staging_20,L0,0,10,oracle,False,0,False,True,False,False,True,4.59350288425444,2.2770595073471402,0.6000000000000001,True,4.59350288425444
v3_sc1_staging_20,L0,0,11,uncalibrated,False,0,True,True,False,False,True,3.120710678118655,1.9557607215607946,0.6041522986797286,True,3.120710678118655
v3_sc1_staging_20,L0,0,11,label_cell,False,0,False,True,False,False,True,3.120710678118655,1.9557607215607946,0.6041522986797286,True,3.120710678118655
v3_sc1_staging_20,L0,0,11,geometry,False,0,False,True,False,False,True,3.120710678118655,1.9557607215607946,0.6041522986797286,True,3.120710678118655
v3_sc1_staging_20,L0,0,11,label_only,False,1,False,True,False,False,True,3.120710678118655,1.9557607215607946,0.6041522986797286,True,3.120710678118655
v3_sc1_staging_20,L0,0,11,pose_only,False,0,True,True,False,False,True,3.120710678118655,1.9557607215607946,0.6041522986797286,True,3.120710678118655
v3_sc1_staging_20,L0,0,11,separate,False,1,False,True,False,False,True,3.120710678118655,1.9557607215607946,0.6041522986797286,True,3.120710678118655
v3_sc1_staging_20,L0,0,11,joint,False,1,False,True,False,False,True,3.120710678118655,1.9557607215607946,0.6041522986797286,True,3.120710678118655
v3_sc1_staging_20,L0,0,11,oracle,False,0,False,True,False,False,True,3.120710678118655,1.9557607215607946,0.6041522986797286,True,3.120710678118655
v3_sc1_staging_20,L0,0,12,uncalibrated,False,0,True,True,False,False,True,3.115685424949238,2.903876719146321,0.5,True,3.115685424949238
v3_sc1_staging_20,L0,0,12,label_cell,False,0,False,False,False,False,False,nan,nan,nan,False,3.115685424949238
v3_sc1_staging_20,L0,0,12,geometry,False,0,False,False,False,False,False,nan,nan,nan,False,3.115685424949238
v3_sc1_staging_20,L0,0,12,label_only,False,1,False,False,False,False,False,nan,nan,nan,False,3.115685424949238
v3_sc1_staging_20,L0,0,12,pose_only,False,0,True,True,False,False,True,3.115685424949238,2.903876719146321,0.5,True,3.115685424949238
v3_sc1_staging_20,L0,0,12,separate,False,1,False,False,False,False,False,nan,nan,nan,False,3.115685424949238
v3_sc1_staging_20,L0,0,12,joint,False,1,False,False,False,False,False,nan,nan,nan,False,3.115685424949238
v3_sc1_staging_20,L0,0,12,oracle,False,0,False,True,False,False,True,3.115685424949238,2.903876719146321,0.5,True,3.115685424949238
v3_sc1_staging_20,L0,0,13,uncalibrated,False,0,True,True,False,False,True,9.044722215136417,0.5024937810560445,0.20615528128088303,True,9.044722215136417
v3_sc1_staging_20,L0,0,13,label_cell,False,0,False,False,False,False,False,nan,nan,nan,False,9.044722215136417
v3_sc1_staging_20,L0,0,13,geometry,False,0,False,False,False,False,False,nan,nan,nan,False,9.044722215136417
v3_sc1_staging_20,L0,0,13,label_only,False,1,False,False,False,False,False,nan,nan,nan,False,9.044722215136417
v3_sc1_staging_20,L0,0,13,pose_only,False,0,True,True,False,False,True,9.044722215136417,0.5024937810560445,0.20615528128088303,True,9.044722215136417
v3_sc1_staging_20,L0,0,13,separate,False,1,False,False,False,False,False,nan,nan,nan,False,9.044722215136417
v3_sc1_staging_20,L0,0,13,joint,False,1,False,False,False,False,False,nan,nan,nan,False,9.044722215136417
v3_sc1_staging_20,L0,0,13,oracle,False,0,False,True,False,False,True,9.044722215136417,0.5024937810560445,0.20615528128088303,True,9.044722215136417
v3_sc1_staging_20,L0,0,14,uncalibrated,False,0,True,True,False,False,True,3.457106781186548,2.342007685726074,1.25,True,3.457106781186548
v3_sc1_staging_20,L0,0,14,label_cell,False,0,False,True,False,False,True,3.457106781186548,2.342007685726074,1.25,True,3.457106781186548
v3_sc1_staging_20,L0,0,14,geometry,False,0,False,True,False,False,True,3.457106781186548,2.342007685726074,1.25,True,3.457106781186548
v3_sc1_staging_20,L0,0,14,label_only,False,1,False,True,False,False,True,3.457106781186548,2.342007685726074,1.25,True,3.457106781186548
v3_sc1_staging_20,L0,0,14,pose_only,False,0,True,True,False,False,True,3.457106781186548,2.342007685726074,1.25,True,3.457106781186548
v3_sc1_staging_20,L0,0,14,separate,False,1,False,True,False,False,True,3.457106781186548,2.342007685726074,1.25,True,3.457106781186548
v3_sc1_staging_20,L0,0,14,joint,False,1,False,True,False,False,True,3.457106781186548,2.342007685726074,1.25,True,3.457106781186548
v3_sc1_staging_20,L0,0,14,oracle,False,0,False,True,False,False,True,3.457106781186548,2.342007685726074,1.25,True,3.457106781186548
v3_sc1_staging_20,L0,0,15,uncalibrated,False,0,True,True,False,False,True,4.376345596729059,2.10535032714273,0.7433034373659253,True,4.376345596729059
v3_sc1_staging_20,L0,0,15,label_cell,False,0,False,True,False,False,True,4.376345596729059,2.10535032714273,0.7433034373659253,True,4.376345596729059
v3_sc1_staging_20,L0,0,15,geometry,False,0,False,True,False,False,True,4.376345596729059,2.10535032714273,0.7433034373659253,True,4.376345596729059
v3_sc1_staging_20,L0,0,15,label_only,False,1,False,True,False,False,True,4.376345596729059,2.10535032714273,0.7433034373659253,True,4.376345596729059
v3_sc1_staging_20,L0,0,15,pose_only,False,0,True,True,False,False,True,4.376345596729059,2.10535032714273,0.7433034373659253,True,4.376345596729059
v3_sc1_staging_20,L0,0,15,separate,False,1,False,True,False,False,True,4.376345596729059,2.10535032714273,0.7433034373659253,True,4.376345596729059
v3_sc1_staging_20,L0,0,15,joint,False,1,False,True,False,False,True,4.376345596729059,2.10535032714273,0.7433034373659253,True,4.376345596729059
v3_sc1_staging_20,L0,0,15,oracle,False,0,False,True,False,False,True,4.376345596729059,2.10535032714273,0.7433034373659253,True,4.376345596729059
v3_sc1_staging_20,L0,0,16,uncalibrated,False,0,True,True,False,False,True,3.6334523779156065,2.2561028345356955,1.1313708498984762,True,3.6334523779156065
v3_sc1_staging_20,L0,0,16,label_cell,False,0,False,True,False,False,True,3.6334523779156065,2.2561028345356955,1.1313708498984762,True,3.6334523779156065
v3_sc1_staging_20,L0,0,16,geometry,False,0,False,True,False,False,True,3.6334523779156065,2.2561028345356955,1.1313708498984762,True,3.6334523779156065
v3_sc1_staging_20,L0,0,16,label_only,False,1,False,True,False,False,True,3.6334523779156065,2.2561028345356955,1.1313708498984762,True,3.6334523779156065
v3_sc1_staging_20,L0,0,16,pose_only,False,0,True,True,False,False,True,3.6334523779156065,2.2561028345356955,1.1313708498984762,True,3.6334523779156065
v3_sc1_staging_20,L0,0,16,separate,False,1,False,True,False,False,True,3.6334523779156065,2.2561028345356955,1.1313708498984762,True,3.6334523779156065
v3_sc1_staging_20,L0,0,16,joint,False,1,False,True,False,False,True,3.6334523779156065,2.2561028345356955,1.1313708498984762,True,3.6334523779156065
v3_sc1_staging_20,L0,0,16,oracle,False,0,False,True,False,False,True,3.6334523779156065,2.2561028345356955,1.1313708498984762,True,3.6334523779156065
v3_sc1_staging_20,L0,0,17,uncalibrated,False,0,True,True,False,False,True,3.5920310216782974,2.333452377915607,0.4,True,3.5920310216782974
v3_sc1_staging_20,L0,0,17,label_cell,False,0,False,False,False,False,False,nan,nan,nan,False,3.5920310216782974
v3_sc1_staging_20,L0,0,17,geometry,False,0,False,False,False,False,False,nan,nan,nan,False,3.5920310216782974
v3_sc1_staging_20,L0,0,17,label_only,False,1,False,False,False,False,False,nan,nan,nan,False,3.5920310216782974
v3_sc1_staging_20,L0,0,17,pose_only,False,0,True,True,False,False,True,3.5920310216782974,2.333452377915607,0.4,True,3.5920310216782974
v3_sc1_staging_20,L0,0,17,separate,False,1,False,False,False,False,False,nan,nan,nan,False,3.5920310216782974
v3_sc1_staging_20,L0,0,17,joint,False,1,False,False,False,False,False,nan,nan,nan,False,3.5920310216782974
v3_sc1_staging_20,L0,0,17,oracle,False,0,False,True,False,False,True,3.5920310216782974,2.333452377915607,0.4,True,3.5920310216782974
v3_sc1_staging_20,L0,0,18,uncalibrated,False,0,True,True,False,False,True,7.79619407771256,1.1,0.20615528128088303,True,7.79619407771256
v3_sc1_staging_20,L0,0,18,label_cell,False,0,False,False,False,False,False,nan,nan,nan,False,7.79619407771256
v3_sc1_staging_20,L0,0,18,geometry,False,0,False,False,False,False,False,nan,nan,nan,False,7.79619407771256
v3_sc1_staging_20,L0,0,18,label_only,False,1,False,False,False,False,False,nan,nan,nan,False,7.79619407771256
v3_sc1_staging_20,L0,0,18,pose_only,False,0,True,True,False,False,True,7.79619407771256,1.1,0.20615528128088303,True,7.79619407771256
v3_sc1_staging_20,L0,0,18,separate,False,1,False,False,False,False,False,nan,nan,nan,False,7.79619407771256
v3_sc1_staging_20,L0,0,18,joint,False,1,False,False,False,False,False,nan,nan,nan,False,7.79619407771256
v3_sc1_staging_20,L0,0,18,oracle,False,0,False,True,False,False,True,7.79619407771256,1.1,0.20615528128088303,True,7.79619407771256
v3_sc1_staging_20,L0,0,19,uncalibrated,False,0,True,True,False,False,True,6.559797974644667,1.6620770138594663,0.20615528128088303,True,6.559797974644667
v3_sc1_staging_20,L0,0,19,label_cell,False,0,False,False,False,False,False,nan,nan,nan,False,6.559797974644667
v3_sc1_staging_20,L0,0,19,geometry,False,0,False,False,False,False,False,nan,nan,nan,False,6.559797974644667
v3_sc1_staging_20,L0,0,19,label_only,False,1,False,False,False,False,False,nan,nan,nan,False,6.559797974644667
v3_sc1_staging_20,L0,0,19,pose_only,False,0,True,True,False,False,True,6.559797974644667,1.6620770138594663,0.20615528128088303,True,6.559797974644667
v3_sc1_staging_20,L0,0,19,separate,False,1,False,False,False,False,False,nan,nan,nan,False,6.559797974644667
v3_sc1_staging_20,L0,0,19,joint,False,1,False,False,False,False,False,nan,nan,nan,False,6.559797974644667
v3_sc1_staging_20,L0,0,19,oracle,False,0,False,True,False,False,True,6.559797974644667,1.6620770138594663,0.20615528128088303,True,6.559797974644667
v3_sc1_staging_20,L2,0,0,uncalibrated,False,0,True,True,False,False,True,5.890559159102155,0.9899494936611666,0.25,True,5.890559159102155
v3_sc1_staging_20,L2,0,0,label_cell,False,0,True,False,False,False,False,nan,nan,nan,False,5.890559159102155
v3_sc1_staging_20,L2,0,0,geometry,False,0,False,False,False,False,False,nan,nan,nan,False,5.890559159102155
v3_sc1_staging_20,L2,0,0,label_only,False,1,False,False,False,False,False,nan,nan,nan,False,5.890559159102155
v3_sc1_staging_20,L2,0,0,pose_only,False,0,True,True,False,False,True,5.890559159102155,0.9899494936611666,0.25,True,5.890559159102155
v3_sc1_staging_20,L2,0,0,separate,False,1,False,False,False,False,False,nan,nan,nan,False,5.890559159102155
v3_sc1_staging_20,L2,0,0,joint,False,0,False,False,False,False,False,nan,nan,nan,False,5.890559159102155
v3_sc1_staging_20,L2,0,0,oracle,False,0,False,True,False,False,True,5.890559159102155,0.9899494936611666,0.20615528128088303,True,5.890559159102155
v3_sc1_staging_20,L2,0,1,uncalibrated,False,0,True,True,False,False,True,2.907716446627535,2.804014978561991,0.21213203435596426,True,2.907716446627535
v3_sc1_staging_20,L2,0,1,label_cell,False,0,True,True,False,False,True,3.171320343559642,2.804014978561991,0.5099019513592785,True,2.907716446627535
v3_sc1_staging_20,L2,0,1,geometry,False,0,False,False,False,False,False,nan,nan,nan,False,2.907716446627535
v3_sc1_staging_20,L2,0,1,label_only,False,1,False,False,False,False,False,nan,nan,nan,False,2.907716446627535
v3_sc1_staging_20,L2,0,1,pose_only,False,0,True,True,False,False,True,2.907716446627535,2.804014978561991,0.21213203435596426,True,2.907716446627535
v3_sc1_staging_20,L2,0,1,separate,False,1,False,False,False,False,False,nan,nan,nan,False,2.907716446627535
v3_sc1_staging_20,L2,0,1,joint,False,0,False,True,False,False,True,2.907716446627535,2.804014978561991,0.21213203435596426,True,2.907716446627535
v3_sc1_staging_20,L2,0,1,oracle,False,0,False,True,False,False,True,2.907716446627535,2.804014978561991,0.21213203435596426,True,2.907716446627535
v3_sc1_staging_20,L2,0,2,uncalibrated,False,0,True,True,False,False,True,5.295584412271571,2.0130822139197395,0.55,True,5.295584412271571
v3_sc1_staging_20,L2,0,2,label_cell,False,0,True,False,False,False,False,nan,nan,nan,False,5.295584412271571
v3_sc1_staging_20,L2,0,2,geometry,False,0,False,False,False,False,False,nan,nan,nan,False,5.295584412271571
v3_sc1_staging_20,L2,0,2,label_only,False,1,False,False,False,False,False,nan,nan,nan,False,5.295584412271571
v3_sc1_staging_20,L2,0,2,pose_only,False,0,True,True,False,False,True,5.295584412271571,2.0130822139197395,0.55,True,5.295584412271571
v3_sc1_staging_20,L2,0,2,separate,False,1,False,False,False,False,False,nan,nan,nan,False,5.295584412271571
v3_sc1_staging_20,L2,0,2,joint,False,0,False,True,False,False,True,5.295584412271571,2.0130822139197395,0.55,True,5.295584412271571
v3_sc1_staging_20,L2,0,2,oracle,False,0,False,True,False,False,True,5.295584412271571,2.0130822139197395,0.55,True,5.295584412271571
v3_sc1_staging_20,L2,0,3,uncalibrated,False,0,True,True,False,False,True,3.074873734152916,2.2638462845343543,0.6041522986797286,True,3.074873734152916
v3_sc1_staging_20,L2,0,3,label_cell,False,0,True,True,False,False,True,3.074873734152916,2.2638462845343543,0.6041522986797286,True,3.074873734152916
v3_sc1_staging_20,L2,0,3,geometry,False,0,False,False,False,False,False,nan,nan,nan,False,3.074873734152916
v3_sc1_staging_20,L2,0,3,label_only,False,1,False,False,False,False,False,nan,nan,nan,False,3.074873734152916
v3_sc1_staging_20,L2,0,3,pose_only,False,0,True,True,False,False,True,3.074873734152916,2.2638462845343543,0.6041522986797286,True,3.074873734152916
v3_sc1_staging_20,L2,0,3,separate,False,1,False,False,False,False,False,nan,nan,nan,False,3.074873734152916
v3_sc1_staging_20,L2,0,3,joint,False,0,False,True,False,False,True,3.074873734152916,2.2638462845343543,0.6041522986797286,True,3.074873734152916
v3_sc1_staging_20,L2,0,3,oracle,False,0,False,True,False,False,True,3.074873734152916,2.2638462845343543,0.6041522986797286,True,3.074873734152916
v3_sc1_staging_20,L2,0,4,uncalibrated,False,0,True,True,True,False,True,9.249747468305832,0.4609772228646444,0.25,False,9.22045814642449
v3_sc1_staging_20,L2,0,4,label_cell,False,0,True,False,False,False,False,nan,nan,nan,False,9.22045814642449
v3_sc1_staging_20,L2,0,4,geometry,False,0,False,False,False,False,False,nan,nan,nan,False,9.22045814642449
v3_sc1_staging_20,L2,0,4,label_only,False,1,False,False,False,False,False,nan,nan,nan,False,9.22045814642449
v3_sc1_staging_20,L2,0,4,pose_only,False,0,True,True,False,False,True,9.33761543394987,0.5852349955359814,0.25,True,9.22045814642449
v3_sc1_staging_20,L2,0,4,separate,False,1,False,False,False,False,False,nan,nan,nan,False,9.22045814642449
v3_sc1_staging_20,L2,0,4,joint,False,0,False,False,False,False,False,nan,nan,nan,False,9.22045814642449
v3_sc1_staging_20,L2,0,4,oracle,False,0,False,True,False,False,True,9.22045814642449,0.5024937810560445,0.20615528128088303,True,9.22045814642449
v3_sc1_staging_20,L2,0,5,uncalibrated,False,0,True,True,False,False,True,7.374011537017765,0.552268050859363,0.18027756377319948,True,7.344722215136421
v3_sc1_staging_20,L2,0,5,label_cell,False,0,True,False,False,False,False,nan,nan,nan,False,7.344722215136421
v3_sc1_staging_20,L2,0,5,geometry,False,0,False,False,False,False,False,nan,nan,nan,False,7.344722215136421
v3_sc1_staging_20,L2,0,5,label_only,False,1,False,False,False,False,False,nan,nan,nan,False,7.344722215136421
v3_sc1_staging_20,L2,0,5,pose_only,False,0,True,True,False,False,True,7.374011537017765,0.6670832032063168,0.25,True,7.344722215136421
v3_sc1_staging_20,L2,0,5,separate,False,1,False,False,False,False,False,nan,nan,nan,False,7.344722215136421
v3_sc1_staging_20,L2,0,5,joint,False,0,False,False,False,False,False,nan,nan,nan,False,7.344722215136421
v3_sc1_staging_20,L2,0,5,oracle,False,0,False,True,False,False,True,7.344722215136421,0.5024937810560445,0.20615528128088303,True,7.344722215136421
v3_sc1_staging_20,L2,0,6,uncalibrated,False,0,True,True,False,False,True,9.799747468305833,0.552268050859363,0.18027756377319948,True,9.770458146424488
v3_sc1_staging_20,L2,0,6,label_cell,False,0,True,False,False,False,False,nan,nan,nan,False,9.770458146424488
v3_sc1_staging_20,L2,0,6,geometry,False,0,False,False,False,False,False,nan,nan,nan,False,9.770458146424488
v3_sc1_staging_20,L2,0,6,label_only,False,1,False,False,False,False,False,nan,nan,nan,False,9.770458146424488
v3_sc1_staging_20,L2,0,6,pose_only,False,0,True,True,False,False,True,9.887615433949868,0.6670832032063168,0.18027756377319948,True,9.770458146424488
v3_sc1_staging_20,L2,0,6,separate,False,1,False,False,False,False,False,nan,nan,nan,False,9.770458146424488
v3_sc1_staging_20,L2,0,6,joint,False,0,False,False,False,False,False,nan,nan,nan,False,9.770458146424488
v3_sc1_staging_20,L2,0,6,oracle,False,0,False,True,False,False,True,9.770458146424488,0.5024937810560445,0.20615528128088303,True,9.770458146424488
v3_sc1_staging_20,L2,0,7,uncalibrated,False,0,True,True,False,False,True,6.585533905932739,0.552268050859363,0.18027756377319948,True,6.556244584051393
v3_sc1_staging_20,L2,0,7,label_cell,False,0,True,False,False,False,False,nan,nan,nan,False,6.556244584051393
v3_sc1_staging_20,L2,0,7,geometry,False,0,False,False,False,False,False,nan,nan,nan,False,6.556244584051393
v3_sc1_staging_20,L2,0,7,label_only,False,1,False,False,False,False,False,nan,nan,nan,False,6.556244584051393
v3_sc1_staging_20,L2,0,7,pose_only,False,0,True,True,False,False,True,6.673401871576775,0.6000000000000001,0.25,True,6.556244584051393
v3_sc1_staging_20,L2,0,7,separate,False,1,False,False,False,False,False,nan,nan,nan,False,6.556244584051393
v3_sc1_staging_20,L2,0,7,joint,False,0,False,False,False,False,False,nan,nan,nan,False,6.556244584051393
v3_sc1_staging_20,L2,0,7,oracle,False,0,False,True,False,False,True,6.556244584051393,0.5024937810560445,0.20615528128088303,True,6.556244584051393
v3_sc1_staging_20,L2,0,8,uncalibrated,False,0,True,True,False,False,True,6.047056274847713,1.1500000000000001,0.25,True,6.047056274847714
v3_sc1_staging_20,L2,0,8,label_cell,False,0,True,False,False,False,False,nan,nan,nan,False,6.047056274847714
v3_sc1_staging_20,L2,0,8,geometry,False,0,False,False,False,False,False,nan,nan,nan,False,6.047056274847714
v3_sc1_staging_20,L2,0,8,label_only,False,1,False,False,False,False,False,nan,nan,nan,False,6.047056274847714
v3_sc1_staging_20,L2,0,8,pose_only,False,0,True,True,False,False,True,6.047056274847713,1.1500000000000001,0.25,True,6.047056274847714
v3_sc1_staging_20,L2,0,8,separate,False,1,False,False,False,False,False,nan,nan,nan,False,6.047056274847714
v3_sc1_staging_20,L2,0,8,joint,False,0,False,False,False,False,False,nan,nan,nan,False,6.047056274847714
v3_sc1_staging_20,L2,0,8,oracle,False,0,False,True,False,False,True,6.047056274847714,1.1500000000000001,0.20615528128088303,True,6.047056274847714
v3_sc1_staging_20,L2,0,9,uncalibrated,False,0,True,True,False,False,True,5.845584412271572,1.8200274723201297,0.20615528128088303,True,5.845584412271572
v3_sc1_staging_20,L2,0,9,label_cell,False,0,True,False,False,False,False,nan,nan,nan,False,5.845584412271572
v3_sc1_staging_20,L2,0,9,geometry,False,0,False,False,False,False,False,nan,nan,nan,False,5.845584412271572
v3_sc1_staging_20,L2,0,9,label_only,False,1,False,False,False,False,False,nan,nan,nan,False,5.845584412271572
v3_sc1_staging_20,L2,0,9,pose_only,False,0,True,True,False,False,True,5.845584412271572,1.8200274723201297,0.20615528128088303,True,5.845584412271572
v3_sc1_staging_20,L2,0,9,separate,False,1,False,False,False,False,False,nan,nan,nan,False,5.845584412271572
v3_sc1_staging_20,L2,0,9,joint,False,0,False,True,False,False,True,5.845584412271572,1.8200274723201297,0.20615528128088303,True,5.845584412271572
v3_sc1_staging_20,L2,0,9,oracle,False,0,False,True,False,False,True,5.845584412271572,1.8200274723201297,0.20615528128088303,True,5.845584412271572
v3_sc1_staging_20,L2,0,10,uncalibrated,False,0,True,True,False,False,True,4.5727922061357855,2.2770595073471402,0.6000000000000001,True,4.5727922061357855
v3_sc1_staging_20,L2,0,10,label_cell,False,0,True,True,False,False,True,4.5727922061357855,2.2770595073471402,0.6000000000000001,True,4.5727922061357855
v3_sc1_staging_20,L2,0,10,geometry,False,0,False,False,False,False,False,nan,nan,nan,False,4.5727922061357855
v3_sc1_staging_20,L2,0,10,label_only,False,1,False,False,False,False,False,nan,nan,nan,False,4.5727922061357855
v3_sc1_staging_20,L2,0,10,pose_only,False,0,True,True,False,False,True,4.5727922061357855,2.2770595073471402,0.6000000000000001,True,4.5727922061357855
v3_sc1_staging_20,L2,0,10,separate,False,1,False,False,False,False,False,nan,nan,nan,False,4.5727922061357855
v3_sc1_staging_20,L2,0,10,joint,False,0,False,True,False,False,True,4.5727922061357855,2.2770595073471402,0.6000000000000001,True,4.5727922061357855
v3_sc1_staging_20,L2,0,10,oracle,False,0,False,True,False,False,True,4.5727922061357855,2.2770595073471402,0.6000000000000001,True,4.5727922061357855
v3_sc1_staging_20,L2,0,11,uncalibrated,False,0,True,True,False,False,True,3.1414213562373092,1.9557607215607946,0.5590169943749475,True,3.1414213562373092
v3_sc1_staging_20,L2,0,11,label_cell,False,0,True,True,False,False,True,3.1414213562373092,1.9557607215607946,0.5590169943749475,True,3.1414213562373092
v3_sc1_staging_20,L2,0,11,geometry,False,0,False,False,False,False,False,nan,nan,nan,False,3.1414213562373092
v3_sc1_staging_20,L2,0,11,label_only,False,1,False,False,False,False,False,nan,nan,nan,False,3.1414213562373092
v3_sc1_staging_20,L2,0,11,pose_only,False,0,True,True,False,False,True,3.1414213562373092,1.9557607215607946,0.5590169943749475,True,3.1414213562373092
v3_sc1_staging_20,L2,0,11,separate,False,1,False,False,False,False,False,nan,nan,nan,False,3.1414213562373092
v3_sc1_staging_20,L2,0,11,joint,False,0,False,True,False,False,True,3.1414213562373092,1.9557607215607946,0.5590169943749475,True,3.1414213562373092
v3_sc1_staging_20,L2,0,11,oracle,False,0,False,True,False,False,True,3.1414213562373092,1.9557607215607946,0.5590169943749475,True,3.1414213562373092
v3_sc1_staging_20,L2,0,12,uncalibrated,False,0,True,True,False,False,True,3.136396103067893,2.903876719146321,0.45,True,3.136396103067893
v3_sc1_staging_20,L2,0,12,label_cell,False,0,True,False,False,False,False,nan,nan,nan,False,3.136396103067893
v3_sc1_staging_20,L2,0,12,geometry,False,0,False,False,False,False,False,nan,nan,nan,False,3.136396103067893
v3_sc1_staging_20,L2,0,12,label_only,False,1,False,False,False,False,False,nan,nan,nan,False,3.136396103067893
v3_sc1_staging_20,L2,0,12,pose_only,False,0,True,True,False,False,True,3.136396103067893,2.903876719146321,0.45,True,3.136396103067893
v3_sc1_staging_20,L2,0,12,separate,False,1,False,False,False,False,False,nan,nan,nan,False,3.136396103067893
v3_sc1_staging_20,L2,0,12,joint,False,0,False,True,False,False,True,3.136396103067893,2.903876719146321,0.45,True,3.136396103067893
v3_sc1_staging_20,L2,0,12,oracle,False,0,False,True,False,False,True,3.136396103067893,2.903876719146321,0.45,True,3.136396103067893
v3_sc1_staging_20,L2,0,13,uncalibrated,False,0,True,True,False,False,True,9.05685424949238,0.552268050859363,0.18027756377319948,True,9.05685424949238
v3_sc1_staging_20,L2,0,13,label_cell,False,0,True,False,False,False,False,nan,nan,nan,False,9.05685424949238
v3_sc1_staging_20,L2,0,13,geometry,False,0,False,False,False,False,False,nan,nan,nan,False,9.05685424949238
v3_sc1_staging_20,L2,0,13,label_only,False,1,False,False,False,False,False,nan,nan,nan,False,9.05685424949238
v3_sc1_staging_20,L2,0,13,pose_only,False,0,True,True,False,False,True,9.05685424949238,0.6670832032063168,0.18027756377319948,True,9.05685424949238
v3_sc1_staging_20,L2,0,13,separate,False,1,False,False,False,False,False,nan,nan,nan,False,9.05685424949238
v3_sc1_staging_20,L2,0,13,joint,False,0,False,False,False,False,False,nan,nan,nan,False,9.05685424949238
v3_sc1_staging_20,L2,0,13,oracle,False,0,False,True,False,False,True,9.05685424949238,0.5024937810560445,0.20615528128088303,True,9.05685424949238
v3_sc1_staging_20,L2,0,14,uncalibrated,False,0,True,True,False,False,True,3.4778174593052023,2.294013949390892,1.25,True,3.4778174593052023
v3_sc1_staging_20,L2,0,14,label_cell,False,0,True,True,False,False,True,3.4778174593052023,2.294013949390892,1.25,True,3.4778174593052023
v3_sc1_staging_20,L2,0,14,geometry,False,0,False,True,False,False,True,3.4778174593052023,2.294013949390892,1.25,True,3.4778174593052023
v3_sc1_staging_20,L2,0,14,label_only,False,1,False,True,False,False,True,3.4778174593052023,2.294013949390892,1.25,True,3.4778174593052023
v3_sc1_staging_20,L2,0,14,pose_only,False,0,True,True,False,False,True,3.4778174593052023,2.294013949390892,1.25,True,3.4778174593052023
v3_sc1_staging_20,L2,0,14,separate,False,1,False,True,False,False,True,3.4778174593052023,2.294013949390892,1.25,True,3.4778174593052023
v3_sc1_staging_20,L2,0,14,joint,False,0,False,True,False,False,True,3.4778174593052023,2.294013949390892,1.25,True,3.4778174593052023
v3_sc1_staging_20,L2,0,14,oracle,False,0,False,True,False,False,True,3.4778174593052023,2.294013949390892,1.25,True,3.4778174593052023
v3_sc1_staging_20,L2,0,15,uncalibrated,False,0,True,True,False,False,True,4.355634918610405,2.10535032714273,0.7280109889280518,True,4.355634918610405
v3_sc1_staging_20,L2,0,15,label_cell,False,0,True,True,False,False,True,4.355634918610405,2.10535032714273,0.7280109889280518,True,4.355634918610405
v3_sc1_staging_20,L2,0,15,geometry,False,0,False,True,False,False,True,4.355634918610405,2.10535032714273,0.7280109889280518,True,4.355634918610405
v3_sc1_staging_20,L2,0,15,label_only,False,1,False,True,False,False,True,4.355634918610405,2.10535032714273,0.7280109889280518,True,4.355634918610405
v3_sc1_staging_20,L2,0,15,pose_only,False,0,True,True,False,False,True,4.355634918610405,2.10535032714273,0.7280109889280518,True,4.355634918610405
v3_sc1_staging_20,L2,0,15,separate,False,1,False,True,False,False,True,4.355634918610405,2.10535032714273,0.7280109889280518,True,4.355634918610405
v3_sc1_staging_20,L2,0,15,joint,False,0,False,True,False,False,True,4.355634918610405,2.10535032714273,0.7280109889280518,True,4.355634918610405
v3_sc1_staging_20,L2,0,15,oracle,False,0,False,True,False,False,True,4.355634918610405,2.10535032714273,0.7280109889280518,True,4.355634918610405
v3_sc1_staging_20,L2,0,16,uncalibrated,False,0,True,True,False,False,True,3.612741699796952,2.2561028345356955,1.1313708498984762,True,3.612741699796952
v3_sc1_staging_20,L2,0,16,label_cell,False,0,True,True,False,False,True,3.612741699796952,2.2561028345356955,1.1313708498984762,True,3.612741699796952
v3_sc1_staging_20,L2,0,16,geometry,False,0,False,True,False,False,True,3.612741699796952,2.2561028345356955,1.1313708498984762,True,3.612741699796952
v3_sc1_staging_20,L2,0,16,label_only,False,1,False,True,False,False,True,3.612741699796952,2.2561028345356955,1.1313708498984762,True,3.612741699796952
v3_sc1_staging_20,L2,0,16,pose_only,False,0,True,True,False,False,True,3.612741699796952,2.2561028345356955,1.1313708498984762,True,3.612741699796952
v3_sc1_staging_20,L2,0,16,separate,False,1,False,True,False,False,True,3.612741699796952,2.2561028345356955,1.1313708498984762,True,3.612741699796952
v3_sc1_staging_20,L2,0,16,joint,False,0,False,True,False,False,True,3.612741699796952,2.2561028345356955,1.1313708498984762,True,3.612741699796952
v3_sc1_staging_20,L2,0,16,oracle,False,0,False,True,False,False,True,3.612741699796952,2.2561028345356955,1.1313708498984762,True,3.612741699796952
v3_sc1_staging_20,L2,0,17,uncalibrated,False,0,True,True,False,False,True,3.612741699796952,2.333452377915607,0.4,True,3.612741699796952
v3_sc1_staging_20,L2,0,17,label_cell,False,0,True,False,False,False,False,nan,nan,nan,False,3.612741699796952
v3_sc1_staging_20,L2,0,17,geometry,False,0,False,False,False,False,False,nan,nan,nan,False,3.612741699796952
v3_sc1_staging_20,L2,0,17,label_only,False,1,False,False,False,False,False,nan,nan,nan,False,3.612741699796952
v3_sc1_staging_20,L2,0,17,pose_only,False,0,True,True,False,False,True,3.612741699796952,2.333452377915607,0.4,True,3.612741699796952
v3_sc1_staging_20,L2,0,17,separate,False,1,False,False,False,False,False,nan,nan,nan,False,3.612741699796952
v3_sc1_staging_20,L2,0,17,joint,False,0,False,True,False,False,True,3.612741699796952,2.333452377915607,0.4,True,3.612741699796952
v3_sc1_staging_20,L2,0,17,oracle,False,0,False,True,False,False,True,3.612741699796952,2.333452377915607,0.4,True,3.612741699796952
v3_sc1_staging_20,L2,0,18,uncalibrated,False,0,True,True,False,False,True,7.766904755831215,1.1500000000000001,0.25,True,7.766904755831215
v3_sc1_staging_20,L2,0,18,label_cell,False,0,True,False,False,False,False,nan,nan,nan,False,7.766904755831215
v3_sc1_staging_20,L2,0,18,geometry,False,0,False,False,False,False,False,nan,nan,nan,False,7.766904755831215
v3_sc1_staging_20,L2,0,18,label_only,False,1,False,False,False,False,False,nan,nan,nan,False,7.766904755831215
v3_sc1_staging_20,L2,0,18,pose_only,False,0,True,True,False,False,True,7.766904755831215,1.1500000000000001,0.25,True,7.766904755831215
v3_sc1_staging_20,L2,0,18,separate,False,1,False,False,False,False,False,nan,nan,nan,False,7.766904755831215
v3_sc1_staging_20,L2,0,18,joint,False,0,False,False,False,False,False,nan,nan,nan,False,7.766904755831215
v3_sc1_staging_20,L2,0,18,oracle,False,0,False,True,False,False,True,7.766904755831215,1.1500000000000001,0.20615528128088303,True,7.766904755831215
v3_sc1_staging_20,L2,0,19,uncalibrated,False,0,True,True,False,False,True,6.539087296526012,1.6620770138594663,0.20615528128088303,True,6.539087296526012
v3_sc1_staging_20,L2,0,19,label_cell,False,0,True,False,False,False,False,nan,nan,nan,False,6.539087296526012
v3_sc1_staging_20,L2,0,19,geometry,False,0,False,False,False,False,False,nan,nan,nan,False,6.539087296526012
v3_sc1_staging_20,L2,0,19,label_only,False,1,False,False,False,False,False,nan,nan,nan,False,6.539087296526012
v3_sc1_staging_20,L2,0,19,pose_only,False,0,True,True,False,False,True,6.539087296526012,1.6620770138594663,0.20615528128088303,True,6.539087296526012
v3_sc1_staging_20,L2,0,19,separate,False,1,False,False,False,False,False,nan,nan,nan,False,6.539087296526012
v3_sc1_staging_20,L2,0,19,joint,False,0,False,True,False,False,True,6.539087296526012,1.6620770138594663,0.20615528128088303,True,6.539087296526012
v3_sc1_staging_20,L2,0,19,oracle,False,0,False,True,False,False,True,6.539087296526012,1.6620770138594663,0.20615528128088303,True,6.539087296526012
v3_sc1_staging_20,L2,1,0,uncalibrated,False,0,True,True,False,False,True,5.890559159102155,0.95524865872714,0.18027756377319948,True,5.8491378028648455
v3_sc1_staging_20,L2,1,0,label_cell,False,0,True,False,False,False,False,nan,nan,nan,False,5.8491378028648455
v3_sc1_staging_20,L2,1,0,geometry,False,0,False,False,False,False,False,nan,nan,nan,False,5.8491378028648455
v3_sc1_staging_20,L2,1,0,label_only,False,1,False,False,False,False,False,nan,nan,nan,False,5.8491378028648455
v3_sc1_staging_20,L2,1,0,pose_only,False,0,True,True,False,False,True,5.890559159102155,0.95524865872714,0.18027756377319948,True,5.8491378028648455
v3_sc1_staging_20,L2,1,0,separate,False,1,False,False,False,False,False,nan,nan,nan,False,5.8491378028648455
v3_sc1_staging_20,L2,1,0,joint,False,0,False,False,False,False,False,nan,nan,nan,False,5.8491378028648455
v3_sc1_staging_20,L2,1,0,oracle,False,0,False,True,False,False,True,5.8491378028648455,0.95524865872714,0.20615528128088303,True,5.8491378028648455
v3_sc1_staging_20,L2,1,1,uncalibrated,False,0,True,True,False,False,True,2.907716446627535,2.804014978561991,0.21213203435596426,True,2.907716446627535
v3_sc1_staging_20,L2,1,1,label_cell,False,0,True,True,False,False,True,3.171320343559642,2.804014978561991,0.5024937810560445,True,2.907716446627535
v3_sc1_staging_20,L2,1,1,geometry,False,0,False,False,False,False,False,nan,nan,nan,False,2.907716446627535
v3_sc1_staging_20,L2,1,1,label_only,False,1,False,False,False,False,False,nan,nan,nan,False,2.907716446627535
v3_sc1_staging_20,L2,1,1,pose_only,False,0,True,True,False,False,True,2.907716446627535,2.804014978561991,0.21213203435596426,True,2.907716446627535
v3_sc1_staging_20,L2,1,1,separate,False,1,False,False,False,False,False,nan,nan,nan,False,2.907716446627535
v3_sc1_staging_20,L2,1,1,joint,False,0,False,True,False,False,True,2.907716446627535,2.804014978561991,0.21213203435596426,True,2.907716446627535
v3_sc1_staging_20,L2,1,1,oracle,False,0,False,True,False,False,True,2.907716446627535,2.804014978561991,0.21213203435596426,True,2.907716446627535
v3_sc1_staging_20,L2,1,2,uncalibrated,False,0,True,True,False,False,True,5.316295090390226,2.00124960961895,0.5,True,5.316295090390226
v3_sc1_staging_20,L2,1,2,label_cell,False,0,True,False,False,False,False,nan,nan,nan,False,5.316295090390226
v3_sc1_staging_20,L2,1,2,geometry,False,0,False,False,False,False,False,nan,nan,nan,False,5.316295090390226
v3_sc1_staging_20,L2,1,2,label_only,False,1,False,False,False,False,False,nan,nan,nan,False,5.316295090390226
v3_sc1_staging_20,L2,1,2,pose_only,False,0,True,True,False,False,True,5.316295090390226,2.00124960961895,0.5,True,5.316295090390226
v3_sc1_staging_20,L2,1,2,separate,False,1,False,False,False,False,False,nan,nan,nan,False,5.316295090390226
v3_sc1_staging_20,L2,1,2,joint,False,0,False,True,False,False,True,5.316295090390226,2.00124960961895,0.5,True,5.316295090390226
v3_sc1_staging_20,L2,1,2,oracle,False,0,False,True,False,False,True,5.316295090390226,2.00124960961895,0.5,True,5.316295090390226
v3_sc1_staging_20,L2,1,3,uncalibrated,False,0,True,True,False,False,True,3.0455844122715705,2.2699118925632336,0.5852349955359814,True,3.0455844122715705
v3_sc1_staging_20,L2,1,3,label_cell,False,0,True,True,False,False,True,3.0455844122715705,2.2699118925632336,0.5852349955359814,True,3.0455844122715705
v3_sc1_staging_20,L2,1,3,geometry,False,0,False,False,False,False,False,nan,nan,nan,False,3.0455844122715705
v3_sc1_staging_20,L2,1,3,label_only,False,1,False,False,False,False,False,nan,nan,nan,False,3.0455844122715705
v3_sc1_staging_20,L2,1,3,pose_only,False,0,True,True,False,False,True,3.0455844122715705,2.2699118925632336,0.5852349955359814,True,3.0455844122715705
v3_sc1_staging_20,L2,1,3,separate,False,1,False,False,False,False,False,nan,nan,nan,False,3.0455844122715705
v3_sc1_staging_20,L2,1,3,joint,False,0,False,True,False,False,True,3.0455844122715705,2.2699118925632336,0.5852349955359814,True,3.0455844122715705
v3_sc1_staging_20,L2,1,3,oracle,False,0,False,True,False,False,True,3.0455844122715705,2.2699118925632336,0.5852349955359814,True,3.0455844122715705
v3_sc1_staging_20,L2,1,4,uncalibrated,False,0,True,True,True,False,True,9.229036790187179,0.45276925690687087,0.158113883008419,False,9.229036790187179
v3_sc1_staging_20,L2,1,4,label_cell,False,0,True,False,False,False,False,nan,nan,nan,False,9.229036790187179
v3_sc1_staging_20,L2,1,4,geometry,False,0,False,False,False,False,False,nan,nan,nan,False,9.229036790187179
v3_sc1_staging_20,L2,1,4,label_only,False,1,False,False,False,False,False,nan,nan,nan,False,9.229036790187179
v3_sc1_staging_20,L2,1,4,pose_only,False,0,True,True,False,False,True,9.316904755831214,0.570087712549569,0.158113883008419,True,9.229036790187179
v3_sc1_staging_20,L2,1,4,separate,False,1,False,False,False,False,False,nan,nan,nan,False,9.229036790187179
v3_sc1_staging_20,L2,1,4,joint,False,0,False,False,False,False,False,nan,nan,nan,False,9.229036790187179
v3_sc1_staging_20,L2,1,4,oracle,False,0,False,True,False,False,True,9.229036790187179,0.5024937810560445,0.20615528128088303,True,9.229036790187179
v3_sc1_staging_20,L2,1,5,uncalibrated,False,0,True,True,False,False,True,7.374011537017765,0.5024937810560445,0.18027756377319948,True,7.403300858899112
v3_sc1_staging_20,L2,1,5,label_cell,False,0,True,False,False,False,False,nan,nan,nan,False,7.403300858899112
v3_sc1_staging_20,L2,1,5,geometry,False,0,False,False,False,False,False,nan,nan,nan,False,7.403300858899112
v3_sc1_staging_20,L2,1,5,label_only,False,1,False,False,False,False,False,nan,nan,nan,False,7.403300858899112
v3_sc1_staging_20,L2,1,5,pose_only,False,0,True,True,False,False,True,7.374011537017765,0.6184658438426491,0.18027756377319948,True,7.403300858899112
v3_sc1_staging_20,L2,1,5,separate,False,1,False,False,False,False,False,nan,nan,nan,False,7.403300858899112
v3_sc1_staging_20,L2,1,5,joint,False,0,False,False,False,False,False,nan,nan,nan,False,7.403300858899112
v3_sc1_staging_20,L2,1,5,oracle,False,0,False,True,False,False,True,7.403300858899112,0.5024937810560445,0.20615528128088303,True,7.403300858899112
v3_sc1_staging_20,L2,1,6,uncalibrated,False,0,True,True,False,False,True,9.820458146424489,0.5024937810560445,0.158113883008419,True,9.779036790187178
v3_sc1_staging_20,L2,1,6,label_cell,False,0,True,False,False,False,False,nan,nan,nan,False,9.779036790187178
v3_sc1_staging_20,L2,1,6,geometry,False,0,False,False,False,False,False,nan,nan,nan,False,9.779036790187178
v3_sc1_staging_20,L2,1,6,label_only,False,1,False,False,False,False,False,nan,nan,nan,False,9.779036790187178
v3_sc1_staging_20,L2,1,6,pose_only,False,0,True,True,False,False,True,9.908326112068522,0.6184658438426491,0.158113883008419,True,9.779036790187178
v3_sc1_staging_20,L2,1,6,separate,False,1,False,False,False,False,False,nan,nan,nan,False,9.779036790187178
v3_sc1_staging_20,L2,1,6,joint,False,0,False,False,False,False,False,nan,nan,nan,False,9.779036790187178
v3_sc1_staging_20,L2,1,6,oracle,False,0,False,True,False,False,True,9.779036790187178,0.5024937810560445,0.20615528128088303,True,9.779036790187178
v3_sc1_staging_20,L2,1,7,uncalibrated,False,0,True,True,False,False,True,6.606244584051393,0.5024937810560445,0.25,True,6.5855339059327385
v3_sc1_staging_20,L2,1,7,label_cell,False,0,True,False,False,False,False,nan,nan,nan,False,6.5855339059327385
v3_sc1_staging_20,L2,1,7,geometry,False,0,False,False,False,False,False,nan,nan,nan,False,6.5855339059327385
v3_sc1_staging_20,L2,1,7,label_only,False,1,False,False,False,False,False,nan,nan,nan,False,6.5855339059327385
v3_sc1_staging_20,L2,1,7,pose_only,False,0,True,True,False,False,True,6.694112549695429,0.6184658438426491,0.28284271247461906,True,6.5855339059327385
v3_sc1_staging_20,L2,1,7,separate,False,1,False,False,False,False,False,nan,nan,nan,False,6.5855339059327385
v3_sc1_staging_20,L2,1,7,joint,False,0,False,False,False,False,False,nan,nan,nan,False,6.5855339059327385
v3_sc1_staging_20,L2,1,7,oracle,False,0,False,True,False,False,True,6.5855339059327385,0.5024937810560445,0.20615528128088303,True,6.5855339059327385
v3_sc1_staging_20,L2,1,8,uncalibrated,False,0,True,True,False,False,True,6.047056274847713,1.1,0.18027756377319948,True,6.005634918610404
v3_sc1_staging_20,L2,1,8,label_cell,False,0,True,False,False,False,False,nan,nan,nan,False,6.005634918610404
v3_sc1_staging_20,L2,1,8,geometry,False,0,False,False,False,False,False,nan,nan,nan,False,6.005634918610404
v3_sc1_staging_20,L2,1,8,label_only,False,1,False,False,False,False,False,nan,nan,nan,False,6.005634918610404
v3_sc1_staging_20,L2,1,8,pose_only,False,0,True,True,False,False,True,6.047056274847713,1.1,0.18027756377319948,True,6.005634918610404
v3_sc1_staging_20,L2,1,8,separate,False,1,False,False,False,False,False,nan,nan,nan,False,6.005634918610404
v3_sc1_staging_20,L2,1,8,joint,False,0,False,False,False,False,False,nan,nan,nan,False,6.005634918610404
v3_sc1_staging_20,L2,1,8,oracle,False,0,False,True,False,False,True,6.005634918610404,1.1,0.20615528128088303,True,6.005634918610404
v3_sc1_staging_20,L2,1,9,uncalibrated,False,0,True,True,False,False,True,5.845584412271572,1.8200274723201297,0.20615528128088303,True,5.845584412271572
v3_sc1_staging_20,L2,1,9,label_cell,False,0,True,False,False,False,False,nan,nan,nan,False,5.845584412271572
v3_sc1_staging_20,L2,1,9,geometry,False,0,False,False,False,False,False,nan,nan,nan,False,5.845584412271572
v3_sc1_staging_20,L2,1,9,label_only,False,1,False,False,False,False,False,nan,nan,nan,False,5.845584412271572
v3_sc1_staging_20,L2,1,9,pose_only,False,0,True,True,False,False,True,5.845584412271572,1.8200274723201297,0.20615528128088303,True,5.845584412271572
v3_sc1_staging_20,L2,1,9,separate,False,1,False,False,False,False,False,nan,nan,nan,False,5.845584412271572
v3_sc1_staging_20,L2,1,9,joint,False,0,False,True,False,False,True,5.845584412271572,1.8200274723201297,0.20615528128088303,True,5.845584412271572
v3_sc1_staging_20,L2,1,9,oracle,False,0,False,True,False,False,True,5.845584412271572,1.8200274723201297,0.20615528128088303,True,5.845584412271572
v3_sc1_staging_20,L2,1,10,uncalibrated,False,0,True,True,False,False,True,4.59350288425444,2.2677080940897136,0.65,True,4.59350288425444
v3_sc1_staging_20,L2,1,10,label_cell,False,0,True,True,False,False,True,4.59350288425444,2.2677080940897136,0.65,True,4.59350288425444
v3_sc1_staging_20,L2,1,10,geometry,False,0,False,True,False,False,True,4.59350288425444,2.2677080940897136,0.65,True,4.59350288425444
v3_sc1_staging_20,L2,1,10,label_only,False,1,False,True,False,False,True,4.59350288425444,2.2677080940897136,0.65,True,4.59350288425444
v3_sc1_staging_20,L2,1,10,pose_only,False,0,True,True,False,False,True,4.59350288425444,2.2677080940897136,0.65,True,4.59350288425444
v3_sc1_staging_20,L2,1,10,separate,False,1,False,True,False,False,True,4.59350288425444,2.2677080940897136,0.65,True,4.59350288425444
v3_sc1_staging_20,L2,1,10,joint,False,0,False,True,False,False,True,4.59350288425444,2.2677080940897136,0.65,True,4.59350288425444
v3_sc1_staging_20,L2,1,10,oracle,False,0,False,True,False,False,True,4.59350288425444,2.2677080940897136,0.65,True,4.59350288425444
v3_sc1_staging_20,L2,1,11,uncalibrated,False,0,True,True,False,False,True,3.1414213562373092,1.9557607215607946,0.6264982043070835,True,3.1414213562373092
v3_sc1_staging_20,L2,1,11,label_cell,False,0,True,True,False,False,True,3.1414213562373092,1.9557607215607946,0.6264982043070835,True,3.1414213562373092
v3_sc1_staging_20,L2,1,11,geometry,False,0,False,True,False,False,True,3.1414213562373092,1.9557607215607946,0.6264982043070835,True,3.1414213562373092
v3_sc1_staging_20,L2,1,11,label_only,False,1,False,True,False,False,True,3.1414213562373092,1.9557607215607946,0.6264982043070835,True,3.1414213562373092
v3_sc1_staging_20,L2,1,11,pose_only,False,0,True,True,False,False,True,3.1414213562373092,1.9557607215607946,0.6264982043070835,True,3.1414213562373092
v3_sc1_staging_20,L2,1,11,separate,False,1,False,True,False,False,True,3.1414213562373092,1.9557607215607946,0.6264982043070835,True,3.1414213562373092
v3_sc1_staging_20,L2,1,11,joint,False,0,False,True,False,False,True,3.1414213562373092,1.9557607215607946,0.6264982043070835,True,3.1414213562373092
v3_sc1_staging_20,L2,1,11,oracle,False,0,False,True,False,False,True,3.1414213562373092,1.9557607215607946,0.6264982043070835,True,3.1414213562373092
v3_sc1_staging_20,L2,1,12,uncalibrated,False,0,True,True,False,False,True,3.115685424949238,2.906888370749727,0.45,True,3.115685424949238
v3_sc1_staging_20,L2,1,12,label_cell,False,0,True,False,False,False,False,nan,nan,nan,False,3.115685424949238
v3_sc1_staging_20,L2,1,12,geometry,False,0,False,False,False,False,False,nan,nan,nan,False,3.115685424949238
v3_sc1_staging_20,L2,1,12,label_only,False,1,False,False,False,False,False,nan,nan,nan,False,3.115685424949238
v3_sc1_staging_20,L2,1,12,pose_only,False,0,True,True,False,False,True,3.115685424949238,2.906888370749727,0.45,True,3.115685424949238
v3_sc1_staging_20,L2,1,12,separate,False,1,False,False,False,False,False,nan,nan,nan,False,3.115685424949238
v3_sc1_staging_20,L2,1,12,joint,False,0,False,True,False,False,True,3.115685424949238,2.906888370749727,0.45,True,3.115685424949238
v3_sc1_staging_20,L2,1,12,oracle,False,0,False,True,False,False,True,3.115685424949238,2.906888370749727,0.45,True,3.115685424949238
v3_sc1_staging_20,L2,1,13,uncalibrated,False,0,True,True,False,False,True,9.065432893255071,0.5024937810560445,0.158113883008419,True,9.044722215136417
v3_sc1_staging_20,L2,1,13,label_cell,False,0,True,False,False,False,False,nan,nan,nan,False,9.044722215136417
v3_sc1_staging_20,L2,1,13,geometry,False,0,False,False,False,False,False,nan,nan,nan,False,9.044722215136417
v3_sc1_staging_20,L2,1,13,label_only,False,1,False,False,False,False,False,nan,nan,nan,False,9.044722215136417
v3_sc1_staging_20,L2,1,13,pose_only,False,0,True,True,False,False,True,9.065432893255071,0.6184658438426491,0.158113883008419,True,9.044722215136417
v3_sc1_staging_20,L2,1,13,separate,False,1,False,False,False,False,False,nan,nan,nan,False,9.044722215136417
v3_sc1_staging_20,L2,1,13,joint,False,0,False,False,False,False,False,nan,nan,nan,False,9.044722215136417
v3_sc1_staging_20,L2,1,13,oracle,False,0,False,True,False,False,True,9.044722215136417,0.5024937810560445,0.20615528128088303,True,9.044722215136417
v3_sc1_staging_20,L2,1,14,uncalibrated,False,0,True,True,False,False,True,3.457106781186548,2.35,1.2000000000000002,True,3.457106781186548
v3_sc1_staging_20,L2,1,14,label_cell,False,0,True,True,False,False,True,3.457106781186548,2.35,1.2000000000000002,True,3.457106781186548
v3_sc1_staging_20,L2,1,14,geometry,False,0,False,True,False,False,True,3.457106781186548,2.35,1.2000000000000002,True,3.457106781186548
v3_sc1_staging_20,L2,1,14,label_only,False,1,False,True,False,False,True,3.457106781186548,2.35,1.2000000000000002,True,3.457106781186548
v3_sc1_staging_20,L2,1,14,pose_only,False,0,True,True,False,False,True,3.457106781186548,2.35,1.2000000000000002,True,3.457106781186548
v3_sc1_staging_20,L2,1,14,separate,False,1,False,True,False,False,True,3.457106781186548,2.35,1.2000000000000002,True,3.457106781186548
v3_sc1_staging_20,L2,1,14,joint,False,0,False,True,False,False,True,3.457106781186548,2.35,1.2000000000000002,True,3.457106781186548
v3_sc1_staging_20,L2,1,14,oracle,False,0,False,True,False,False,True,3.457106781186548,2.35,1.2000000000000002,True,3.457106781186548
v3_sc1_staging_20,L2,1,15,uncalibrated,False,0,True,True,False,False,True,4.376345596729059,2.102379604162864,0.696419413859206,True,4.376345596729059
v3_sc1_staging_20,L2,1,15,label_cell,False,0,True,True,False,False,True,4.376345596729059,2.102379604162864,0.696419413859206,True,4.376345596729059
v3_sc1_staging_20,L2,1,15,geometry,False,0,False,True,False,False,True,4.376345596729059,2.102379604162864,0.696419413859206,True,4.376345596729059
v3_sc1_staging_20,L2,1,15,label_only,False,1,False,True,False,False,True,4.376345596729059,2.102379604162864,0.696419413859206,True,4.376345596729059
v3_sc1_staging_20,L2,1,15,pose_only,False,0,True,True,False,False,True,4.376345596729059,2.102379604162864,0.696419413859206,True,4.376345596729059
v3_sc1_staging_20,L2,1,15,separate,False,1,False,True,False,False,True,4.376345596729059,2.102379604162864,0.696419413859206,True,4.376345596729059
v3_sc1_staging_20,L2,1,15,joint,False,0,False,True,False,False,True,4.376345596729059,2.102379604162864,0.696419413859206,True,4.376345596729059
v3_sc1_staging_20,L2,1,15,oracle,False,0,False,True,False,False,True,4.376345596729059,2.102379604162864,0.696419413859206,True,4.376345596729059
v3_sc1_staging_20,L2,1,16,uncalibrated,False,0,True,True,False,False,True,3.6334523779156065,2.245551157288562,1.1236102527122116,True,3.6334523779156065
v3_sc1_staging_20,L2,1,16,label_cell,False,0,True,True,False,False,True,3.6334523779156065,2.245551157288562,1.1236102527122116,True,3.6334523779156065
v3_sc1_staging_20,L2,1,16,geometry,False,0,False,True,False,False,True,3.6334523779156065,2.245551157288562,1.1236102527122116,True,3.6334523779156065
v3_sc1_staging_20,L2,1,16,label_only,False,1,False,True,False,False,True,3.6334523779156065,2.245551157288562,1.1236102527122116,True,3.6334523779156065
v3_sc1_staging_20,L2,1,16,pose_only,False,0,True,True,False,False,True,3.6334523779156065,2.245551157288562,1.1236102527122116,True,3.6334523779156065
v3_sc1_staging_20,L2,1,16,separate,False,1,False,True,False,False,True,3.6334523779156065,2.245551157288562,1.1236102527122116,True,3.6334523779156065
v3_sc1_staging_20,L2,1,16,joint,False,0,False,True,False,False,True,3.6334523779156065,2.245551157288562,1.1236102527122116,True,3.6334523779156065
v3_sc1_staging_20,L2,1,16,oracle,False,0,False,True,False,False,True,3.6334523779156065,2.245551157288562,1.1236102527122116,True,3.6334523779156065
v3_sc1_staging_20,L2,1,17,uncalibrated,False,0,True,True,False,False,True,3.5420310216782975,2.333452377915607,0.45,True,3.5420310216782975
v3_sc1_staging_20,L2,1,17,label_cell,False,0,True,False,False,False,False,nan,nan,nan,False,3.5420310216782975
v3_sc1_staging_20,L2,1,17,geometry,False,0,False,False,False,False,False,nan,nan,nan,False,3.5420310216782975
v3_sc1_staging_20,L2,1,17,label_only,False,1,False,False,False,False,False,nan,nan,nan,False,3.5420310216782975
v3_sc1_staging_20,L2,1,17,pose_only,False,0,True,True,False,False,True,3.5420310216782975,2.333452377915607,0.45,True,3.5420310216782975
v3_sc1_staging_20,L2,1,17,separate,False,1,False,False,False,False,False,nan,nan,nan,False,3.5420310216782975
v3_sc1_staging_20,L2,1,17,joint,False,0,False,True,False,False,True,3.5420310216782975,2.333452377915607,0.45,True,3.5420310216782975
v3_sc1_staging_20,L2,1,17,oracle,False,0,False,True,False,False,True,3.5420310216782975,2.333452377915607,0.45,True,3.5420310216782975
v3_sc1_staging_20,L2,1,18,uncalibrated,False,0,True,True,False,False,True,7.816904755831215,1.1,0.18027756377319948,True,7.775483399593904
v3_sc1_staging_20,L2,1,18,label_cell,False,0,True,False,False,False,False,nan,nan,nan,False,7.775483399593904
v3_sc1_staging_20,L2,1,18,geometry,False,0,False,False,False,False,False,nan,nan,nan,False,7.775483399593904
v3_sc1_staging_20,L2,1,18,label_only,False,1,False,False,False,False,False,nan,nan,nan,False,7.775483399593904
v3_sc1_staging_20,L2,1,18,pose_only,False,0,True,True,False,False,True,7.816904755831215,1.1,0.18027756377319948,True,7.775483399593904
v3_sc1_staging_20,L2,1,18,separate,False,1,False,False,False,False,False,nan,nan,nan,False,7.775483399593904
v3_sc1_staging_20,L2,1,18,joint,False,0,False,False,False,False,False,nan,nan,nan,False,7.775483399593904
v3_sc1_staging_20,L2,1,18,oracle,False,0,False,True,False,False,True,7.775483399593904,1.1,0.20615528128088303,True,7.775483399593904
v3_sc1_staging_20,L2,1,19,uncalibrated,False,0,True,True,False,False,True,6.589087296526012,1.6620770138594663,0.21213203435596426,True,6.589087296526012
v3_sc1_staging_20,L2,1,19,label_cell,False,0,True,False,False,False,False,nan,nan,nan,False,6.589087296526012
v3_sc1_staging_20,L2,1,19,geometry,False,0,False,False,False,False,False,nan,nan,nan,False,6.589087296526012
v3_sc1_staging_20,L2,1,19,label_only,False,1,False,False,False,False,False,nan,nan,nan,False,6.589087296526012
v3_sc1_staging_20,L2,1,19,pose_only,False,0,True,True,False,False,True,6.589087296526012,1.6620770138594663,0.21213203435596426,True,6.589087296526012
v3_sc1_staging_20,L2,1,19,separate,False,1,False,False,False,False,False,nan,nan,nan,False,6.589087296526012
v3_sc1_staging_20,L2,1,19,joint,False,0,False,True,False,False,True,6.589087296526012,1.6620770138594663,0.21213203435596426,True,6.589087296526012
v3_sc1_staging_20,L2,1,19,oracle,False,0,False,True,False,False,True,6.589087296526012,1.6620770138594663,0.20615528128088303,True,6.589087296526012
v3_sc1_staging_20,L2,2,0,uncalibrated,False,0,True,True,False,False,True,5.8198484809835005,0.9899494936611666,0.20615528128088303,True,5.8198484809835005
v3_sc1_staging_20,L2,2,0,label_cell,False,0,False,False,False,False,False,nan,nan,nan,False,5.8198484809835005
v3_sc1_staging_20,L2,2,0,geometry,False,0,False,False,False,False,False,nan,nan,nan,False,5.8198484809835005
v3_sc1_staging_20,L2,2,0,label_only,False,1,False,False,False,False,False,nan,nan,nan,False,5.8198484809835005
v3_sc1_staging_20,L2,2,0,pose_only,False,0,True,True,False,False,True,5.8198484809835005,0.9899494936611666,0.20615528128088303,True,5.8198484809835005
v3_sc1_staging_20,L2,2,0,separate,False,1,False,False,False,False,False,nan,nan,nan,False,5.8198484809835005
v3_sc1_staging_20,L2,2,0,joint,False,0,False,False,False,False,False,nan,nan,nan,False,5.8198484809835005
v3_sc1_staging_20,L2,2,0,oracle,False,0,False,True,False,False,True,5.8198484809835005,0.9899494936611666,0.20615528128088303,True,5.8198484809835005
v3_sc1_staging_20,L2,2,1,uncalibrated,False,0,True,True,False,False,True,2.92842712474619,2.804014978561991,0.21213203435596426,True,2.92842712474619
v3_sc1_staging_20,L2,2,1,label_cell,False,0,False,True,False,False,True,3.1920310216782966,2.804014978561991,0.5099019513592785,True,2.92842712474619
v3_sc1_staging_20,L2,2,1,geometry,False,0,False,False,False,False,False,nan,nan,nan,False,2.92842712474619
v3_sc1_staging_20,L2,2,1,label_only,False,1,False,False,False,False,False,nan,nan,nan,False,2.92842712474619
v3_sc1_staging_20,L2,2,1,pose_only,False,0,True,True,False,False,True,2.92842712474619,2.804014978561991,0.21213203435596426,True,2.92842712474619
v3_sc1_staging_20,L2,2,1,separate,False,1,False,False,False,False,False,nan,nan,nan,False,2.92842712474619
v3_sc1_staging_20,L2,2,1,joint,False,0,False,True,False,False,True,2.92842712474619,2.804014978561991,0.21213203435596426,True,2.92842712474619
v3_sc1_staging_20,L2,2,1,oracle,False,0,False,True,False,False,True,2.92842712474619,2.804014978561991,0.21213203435596426,True,2.92842712474619
v3_sc1_staging_20,L2,2,2,uncalibrated,False,0,True,True,False,False,True,5.34558441227157,2.0615528128088303,0.5,True,5.34558441227157
v3_sc1_staging_20,L2,2,2,label_cell,False,0,False,False,False,False,False,nan,nan,nan,False,5.34558441227157
v3_sc1_staging_20,L2,2,2,geometry,False,0,False,False,False,False,False,nan,nan,nan,False,5.34558441227157
v3_sc1_staging_20,L2,2,2,label_only,False,1,False,False,False,False,False,nan,nan,nan,False,5.34558441227157
v3_sc1_staging_20,L2,2,2,pose_only,False,0,True,True,False,False,True,5.34558441227157,2.0615528128088303,0.5,True,5.34558441227157
v3_sc1_staging_20,L2,2,2,separate,False,1,False,False,False,False,False,nan,nan,nan,False,5.34558441227157
v3_sc1_staging_20,L2,2,2,joint,False,0,False,True,False,False,True,5.34558441227157,2.0615528128088303,0.5,True,5.34558441227157
v3_sc1_staging_20,L2,2,2,oracle,False,0,False,True,False,False,True,5.34558441227157,2.0615528128088303,0.5,True,5.34558441227157
v3_sc1_staging_20,L2,2,3,uncalibrated,False,0,True,True,False,False,True,3.0955844122715703,2.2638462845343543,0.6041522986797286,True,3.0955844122715703
v3_sc1_staging_20,L2,2,3,label_cell,False,0,False,True,False,False,True,3.0955844122715703,2.2638462845343543,0.6041522986797286,True,3.0955844122715703
v3_sc1_staging_20,L2,2,3,geometry,False,0,False,False,False,False,False,nan,nan,nan,False,3.0955844122715703
v3_sc1_staging_20,L2,2,3,label_only,False,1,False,False,False,False,False,nan,nan,nan,False,3.0955844122715703
v3_sc1_staging_20,L2,2,3,pose_only,False,0,True,True,False,False,True,3.0955844122715703,2.2638462845343543,0.6041522986797286,True,3.0955844122715703
v3_sc1_staging_20,L2,2,3,separate,False,1,False,False,False,False,False,nan,nan,nan,False,3.0955844122715703
v3_sc1_staging_20,L2,2,3,joint,False,0,False,True,False,False,True,3.0955844122715703,2.2638462845343543,0.6041522986797286,True,3.0955844122715703
v3_sc1_staging_20,L2,2,3,oracle,False,0,False,True,False,False,True,3.0955844122715703,2.2638462845343543,0.6041522986797286,True,3.0955844122715703
v3_sc1_staging_20,L2,2,4,uncalibrated,False,0,True,True,False,False,True,9.199747468305834,0.5024937810560445,0.20615528128088303,True,9.170458146424489
v3_sc1_staging_20,L2,2,4,label_cell,False,0,False,False,False,False,False,nan,nan,nan,False,9.170458146424489
v3_sc1_staging_20,L2,2,4,geometry,False,0,False,False,False,False,False,nan,nan,nan,False,9.170458146424489
v3_sc1_staging_20,L2,2,4,label_only,False,1,False,False,False,False,False,nan,nan,nan,False,9.170458146424489
v3_sc1_staging_20,L2,2,4,pose_only,False,0,True,True,False,False,True,9.28761543394987,0.6184658438426491,0.20615528128088303,True,9.170458146424489
v3_sc1_staging_20,L2,2,4,separate,False,1,False,False,False,False,False,nan,nan,nan,False,9.170458146424489
v3_sc1_staging_20,L2,2,4,joint,False,0,False,False,False,False,False,nan,nan,nan,False,9.170458146424489
v3_sc1_staging_20,L2,2,4,oracle,False,0,False,True,False,False,True,9.170458146424489,0.5024937810560445,0.20615528128088303,True,9.170458146424489
v3_sc1_staging_20,L2,2,5,uncalibrated,False,0,True,True,False,False,True,7.35330085889911,0.5099019513592785,0.18027756377319948,True,7.35330085889911
v3_sc1_staging_20,L2,2,5,label_cell,False,0,False,False,False,False,False,nan,nan,nan,False,7.35330085889911
v3_sc1_staging_20,L2,2,5,geometry,False,0,False,False,False,False,False,nan,nan,nan,False,7.35330085889911
v3_sc1_staging_20,L2,2,5,label_only,False,1,False,False,False,False,False,nan,nan,nan,False,7.35330085889911
v3_sc1_staging_20,L2,2,5,pose_only,False,0,True,True,False,False,True,7.35330085889911,0.632455532033676,0.25,True,7.35330085889911
v3_sc1_staging_20,L2,2,5,separate,False,1,False,False,False,False,False,nan,nan,nan,False,7.35330085889911
v3_sc1_staging_20,L2,2,5,joint,False,0,False,False,False,False,False,nan,nan,nan,False,7.35330085889911
v3_sc1_staging_20,L2,2,5,oracle,False,0,False,True,False,False,True,7.35330085889911,0.5024937810560445,0.20615528128088303,True,7.35330085889911
v3_sc1_staging_20,L2,2,6,uncalibrated,False,0,True,True,False,False,True,9.749747468305834,0.5099019513592785,0.18027756377319948,True,9.72045814642449
v3_sc1_staging_20,L2,2,6,label_cell,False,0,False,False,False,False,False,nan,nan,nan,False,9.72045814642449
v3_sc1_staging_20,L2,2,6,geometry,False,0,False,False,False,False,False,nan,nan,nan,False,9.72045814642449
v3_sc1_staging_20,L2,2,6,label_only,False,1,False,False,False,False,False,nan,nan,nan,False,9.72045814642449
v3_sc1_staging_20,L2,2,6,pose_only,False,0,True,True,False,False,True,9.83761543394987,0.632455532033676,0.20615528128088303,True,9.72045814642449
v3_sc1_staging_20,L2,2,6,separate,False,1,False,False,False,False,False,nan,nan,nan,False,9.72045814642449
v3_sc1_staging_20,L2,2,6,joint,False,0,False,False,False,False,False,nan,nan,nan,False,9.72045814642449
v3_sc1_staging_20,L2,2,6,oracle,False,0,False,True,False,False,True,9.72045814642449,0.5024937810560445,0.20615528128088303,True,9.72045814642449
v3_sc1_staging_20,L2,2,7,uncalibrated,False,0,True,True,False,False,True,6.535533905932738,0.5099019513592785,0.18027756377319948,True,6.506244584051394
v3_sc1_staging_20,L2,2,7,label_cell,False,0,False,False,False,False,False,nan,nan,nan,False,6.506244584051394
v3_sc1_staging_20,L2,2,7,geometry,False,0,False,False,False,False,False,nan,nan,nan,False,6.506244584051394
v3_sc1_staging_20,L2,2,7,label_only,False,1,False,False,False,False,False,nan,nan,nan,False,6.506244584051394
v3_sc1_staging_20,L2,2,7,pose_only,False,0,True,True,False,False,True,6.623401871576775,0.632455532033676,0.25,True,6.506244584051394
v3_sc1_staging_20,L2,2,7,separate,False,1,False,False,False,False,False,nan,nan,nan,False,6.506244584051394
v3_sc1_staging_20,L2,2,7,joint,False,0,False,False,False,False,False,nan,nan,nan,False,6.506244584051394
v3_sc1_staging_20,L2,2,7,oracle,False,0,False,True,False,False,True,6.506244584051394,0.5024937810560445,0.20615528128088303,True,6.506244584051394
v3_sc1_staging_20,L2,2,8,uncalibrated,False,0,True,True,False,False,True,6.026345596729058,1.1,0.20615528128088303,True,6.026345596729058
v3_sc1_staging_20,L2,2,8,label_cell,False,0,False,False,False,False,False,nan,nan,nan,False,6.026345596729058
v3_sc1_staging_20,L2,2,8,geometry,False,0,False,False,False,False,False,nan,nan,nan,False,6.026345596729058
v3_sc1_staging_20,L2,2,8,label_only,False,1,False,False,False,False,False,nan,nan,nan,False,6.026345596729058
v3_sc1_staging_20,L2,2,8,pose_only,False,0,True,True,False,False,True,6.026345596729058,1.1,0.20615528128088303,True,6.026345596729058
v3_sc1_staging_20,L2,2,8,separate,False,1,False,False,False,False,False,nan,nan,nan,False,6.026345596729058
v3_sc1_staging_20,L2,2,8,joint,False,0,False,False,False,False,False,nan,nan,nan,False,6.026345596729058
v3_sc1_staging_20,L2,2,8,oracle,False,0,False,True,False,False,True,6.026345596729058,1.1,0.20615528128088303,True,6.026345596729058
v3_sc1_staging_20,L2,2,9,uncalibrated,False,0,True,True,False,False,True,5.866295090390227,1.8200274723201297,0.21213203435596426,True,5.866295090390226
v3_sc1_staging_20,L2,2,9,label_cell,False,0,False,False,False,False,False,nan,nan,nan,False,5.866295090390226
v3_sc1_staging_20,L2,2,9,geometry,False,0,False,False,False,False,False,nan,nan,nan,False,5.866295090390226
v3_sc1_staging_20,L2,2,9,label_only,False,1,False,False,False,False,False,nan,nan,nan,False,5.866295090390226
v3_sc1_staging_20,L2,2,9,pose_only,False,0,True,True,False,False,True,5.866295090390227,1.8200274723201297,0.21213203435596426,True,5.866295090390226
v3_sc1_staging_20,L2,2,9,separate,False,1,False,False,False,False,False,nan,nan,nan,False,5.866295090390226
v3_sc1_staging_20,L2,2,9,joint,False,0,False,True,False,False,True,5.866295090390227,1.8200274723201297,0.21213203435596426,True,5.866295090390226
v3_sc1_staging_20,L2,2,9,oracle,False,0,False,True,False,False,True,5.866295090390226,1.8200274723201297,0.20615528128088303,True,5.866295090390226
v3_sc1_staging_20,L2,2,10,uncalibrated,False,0,True,True,False,False,True,4.5727922061357855,2.3264780248263683,0.6000000000000001,True,4.5727922061357855
v3_sc1_staging_20,L2,2,10,label_cell,False,0,False,True,False,False,True,4.5727922061357855,2.3264780248263683,0.6000000000000001,True,4.5727922061357855
v3_sc1_staging_20,L2,2,10,geometry,False,0,False,False,False,False,False,nan,nan,nan,False,4.5727922061357855
v3_sc1_staging_20,L2,2,10,label_only,False,1,False,False,False,False,False,nan,nan,nan,False,4.5727922061357855
v3_sc1_staging_20,L2,2,10,pose_only,False,0,True,True,False,False,True,4.5727922061357855,2.3264780248263683,0.6000000000000001,True,4.5727922061357855
v3_sc1_staging_20,L2,2,10,separate,False,1,False,False,False,False,False,nan,nan,nan,False,4.5727922061357855
v3_sc1_staging_20,L2,2,10,joint,False,0,False,True,False,False,True,4.5727922061357855,2.3264780248263683,0.6000000000000001,True,4.5727922061357855
v3_sc1_staging_20,L2,2,10,oracle,False,0,False,True,False,False,True,4.5727922061357855,2.3264780248263683,0.6000000000000001,True,4.5727922061357855
v3_sc1_staging_20,L2,2,11,uncalibrated,False,0,True,True,False,False,True,3.1414213562373092,1.9557607215607946,0.6041522986797286,True,3.1414213562373092
v3_sc1_staging_20,L2,2,11,label_cell,False,0,False,True,False,False,True,3.1414213562373092,1.9557607215607946,0.6041522986797286,True,3.1414213562373092
v3_sc1_staging_20,L2,2,11,geometry,False,0,False,False,False,False,False,nan,nan,nan,False,3.1414213562373092
v3_sc1_staging_20,L2,2,11,label_only,False,1,False,False,False,False,False,nan,nan,nan,False,3.1414213562373092
v3_sc1_staging_20,L2,2,11,pose_only,False,0,True,True,False,False,True,3.1414213562373092,1.9557607215607946,0.6041522986797286,True,3.1414213562373092
v3_sc1_staging_20,L2,2,11,separate,False,1,False,False,False,False,False,nan,nan,nan,False,3.1414213562373092
v3_sc1_staging_20,L2,2,11,joint,False,0,False,True,False,False,True,3.1414213562373092,1.9557607215607946,0.6041522986797286,True,3.1414213562373092
v3_sc1_staging_20,L2,2,11,oracle,False,0,False,True,False,False,True,3.1414213562373092,1.9557607215607946,0.6041522986797286,True,3.1414213562373092
v3_sc1_staging_20,L2,2,12,uncalibrated,False,0,True,True,False,False,True,3.136396103067893,2.953811097548386,0.45,True,3.136396103067893
v3_sc1_staging_20,L2,2,12,label_cell,False,0,False,False,False,False,False,nan,nan,nan,False,3.136396103067893
v3_sc1_staging_20,L2,2,12,geometry,False,0,False,False,False,False,False,nan,nan,nan,False,3.136396103067893
v3_sc1_staging_20,L2,2,12,label_only,False,1,False,False,False,False,False,nan,nan,nan,False,3.136396103067893
v3_sc1_staging_20,L2,2,12,pose_only,False,0,True,True,False,False,True,3.136396103067893,2.953811097548386,0.45,True,3.136396103067893
v3_sc1_staging_20,L2,2,12,separate,False,1,False,False,False,False,False,nan,nan,nan,False,3.136396103067893
v3_sc1_staging_20,L2,2,12,joint,False,0,False,True,False,False,True,3.136396103067893,2.953811097548386,0.45,True,3.136396103067893
v3_sc1_staging_20,L2,2,12,oracle,False,0,False,True,False,False,True,3.136396103067893,2.953811097548386,0.45,True,3.136396103067893
v3_sc1_staging_20,L2,2,13,uncalibrated,False,0,True,True,False,False,True,9.036143571373726,0.5099019513592785,0.18027756377319948,True,9.036143571373726
v3_sc1_staging_20,L2,2,13,label_cell,False,0,False,False,False,False,False,nan,nan,nan,False,9.036143571373726
v3_sc1_staging_20,L2,2,13,geometry,False,0,False,False,False,False,False,nan,nan,nan,False,9.036143571373726
v3_sc1_staging_20,L2,2,13,label_only,False,1,False,False,False,False,False,nan,nan,nan,False,9.036143571373726
v3_sc1_staging_20,L2,2,13,pose_only,False,0,True,True,False,False,True,9.036143571373726,0.632455532033676,0.20615528128088303,True,9.036143571373726
v3_sc1_staging_20,L2,2,13,separate,False,1,False,False,False,False,False,nan,nan,nan,False,9.036143571373726
v3_sc1_staging_20,L2,2,13,joint,False,0,False,False,False,False,False,nan,nan,nan,False,9.036143571373726
v3_sc1_staging_20,L2,2,13,oracle,False,0,False,True,False,False,True,9.036143571373726,0.5024937810560445,0.20615528128088303,True,9.036143571373726
v3_sc1_staging_20,L2,2,14,uncalibrated,False,0,True,True,False,False,True,3.457106781186548,2.342007685726074,1.25,True,3.457106781186548
v3_sc1_staging_20,L2,2,14,label_cell,False,0,False,True,False,False,True,3.457106781186548,2.342007685726074,1.25,True,3.457106781186548
v3_sc1_staging_20,L2,2,14,geometry,False,0,False,True,False,False,True,3.457106781186548,2.342007685726074,1.25,True,3.457106781186548
v3_sc1_staging_20,L2,2,14,label_only,False,1,False,True,False,False,True,3.457106781186548,2.342007685726074,1.25,True,3.457106781186548
v3_sc1_staging_20,L2,2,14,pose_only,False,0,True,True,False,False,True,3.457106781186548,2.342007685726074,1.25,True,3.457106781186548
v3_sc1_staging_20,L2,2,14,separate,False,1,False,True,False,False,True,3.457106781186548,2.342007685726074,1.25,True,3.457106781186548
v3_sc1_staging_20,L2,2,14,joint,False,0,False,True,False,False,True,3.457106781186548,2.342007685726074,1.25,True,3.457106781186548
v3_sc1_staging_20,L2,2,14,oracle,False,0,False,True,False,False,True,3.457106781186548,2.342007685726074,1.25,True,3.457106781186548
v3_sc1_staging_20,L2,2,15,uncalibrated,False,0,True,True,False,False,True,4.376345596729059,2.10535032714273,0.7280109889280518,True,4.376345596729059
v3_sc1_staging_20,L2,2,15,label_cell,False,0,False,True,False,False,True,4.376345596729059,2.10535032714273,0.7280109889280518,True,4.376345596729059
v3_sc1_staging_20,L2,2,15,geometry,False,0,False,True,False,False,True,4.376345596729059,2.10535032714273,0.7280109889280518,True,4.376345596729059
v3_sc1_staging_20,L2,2,15,label_only,False,1,False,True,False,False,True,4.376345596729059,2.10535032714273,0.7280109889280518,True,4.376345596729059
v3_sc1_staging_20,L2,2,15,pose_only,False,0,True,True,False,False,True,4.376345596729059,2.10535032714273,0.7280109889280518,True,4.376345596729059
v3_sc1_staging_20,L2,2,15,separate,False,1,False,True,False,False,True,4.376345596729059,2.10535032714273,0.7280109889280518,True,4.376345596729059
v3_sc1_staging_20,L2,2,15,joint,False,0,False,True,False,False,True,4.376345596729059,2.10535032714273,0.7280109889280518,True,4.376345596729059
v3_sc1_staging_20,L2,2,15,oracle,False,0,False,True,False,False,True,4.376345596729059,2.10535032714273,0.7280109889280518,True,4.376345596729059
v3_sc1_staging_20,L2,2,16,uncalibrated,False,0,True,True,False,False,True,3.6834523779156068,2.2561028345356955,1.1423659658795864,True,3.6834523779156068
v3_sc1_staging_20,L2,2,16,label_cell,False,0,False,True,False,False,True,3.6834523779156068,2.2561028345356955,1.1423659658795864,True,3.6834523779156068
v3_sc1_staging_20,L2,2,16,geometry,False,0,False,True,False,False,True,3.6834523779156068,2.2561028345356955,1.1423659658795864,True,3.6834523779156068
v3_sc1_staging_20,L2,2,16,label_only,False,1,False,True,False,False,True,3.6834523779156068,2.2561028345356955,1.1423659658795864,True,3.6834523779156068
v3_sc1_staging_20,L2,2,16,pose_only,False,0,True,True,False,False,True,3.6834523779156068,2.2561028345356955,1.1423659658795864,True,3.6834523779156068
v3_sc1_staging_20,L2,2,16,separate,False,1,False,True,False,False,True,3.6834523779156068,2.2561028345356955,1.1423659658795864,True,3.6834523779156068
v3_sc1_staging_20,L2,2,16,joint,False,0,False,True,False,False,True,3.6834523779156068,2.2561028345356955,1.1423659658795864,True,3.6834523779156068
v3_sc1_staging_20,L2,2,16,oracle,False,0,False,True,False,False,True,3.6834523779156068,2.2561028345356955,1.1423659658795864,True,3.6834523779156068
v3_sc1_staging_20,L2,2,17,uncalibrated,False,0,True,True,False,False,True,3.5920310216782974,2.333452377915607,0.4,True,3.5920310216782974
v3_sc1_staging_20,L2,2,17,label_cell,False,0,False,False,False,False,False,nan,nan,nan,False,3.5920310216782974
v3_sc1_staging_20,L2,2,17,geometry,False,0,False,False,False,False,False,nan,nan,nan,False,3.5920310216782974
v3_sc1_staging_20,L2,2,17,label_only,False,1,False,False,False,False,False,nan,nan,nan,False,3.5920310216782974
v3_sc1_staging_20,L2,2,17,pose_only,False,0,True,True,False,False,True,3.5920310216782974,2.333452377915607,0.4,True,3.5920310216782974
v3_sc1_staging_20,L2,2,17,separate,False,1,False,False,False,False,False,nan,nan,nan,False,3.5920310216782974
v3_sc1_staging_20,L2,2,17,joint,False,0,False,True,False,False,True,3.5920310216782974,2.333452377915607,0.4,True,3.5920310216782974
v3_sc1_staging_20,L2,2,17,oracle,False,0,False,True,False,False,True,3.5920310216782974,2.333452377915607,0.4,True,3.5920310216782974
v3_sc1_staging_20,L2,2,18,uncalibrated,False,0,True,True,False,False,True,7.746194077712561,1.1,0.20615528128088303,True,7.746194077712559
v3_sc1_staging_20,L2,2,18,label_cell,False,0,False,False,False,False,False,nan,nan,nan,False,7.746194077712559
v3_sc1_staging_20,L2,2,18,geometry,False,0,False,False,False,False,False,nan,nan,nan,False,7.746194077712559
v3_sc1_staging_20,L2,2,18,label_only,False,1,False,False,False,False,False,nan,nan,nan,False,7.746194077712559
v3_sc1_staging_20,L2,2,18,pose_only,False,0,True,True,False,False,True,7.746194077712561,1.1,0.20615528128088303,True,7.746194077712559
v3_sc1_staging_20,L2,2,18,separate,False,1,False,False,False,False,False,nan,nan,nan,False,7.746194077712559
v3_sc1_staging_20,L2,2,18,joint,False,0,False,False,False,False,False,nan,nan,nan,False,7.746194077712559
v3_sc1_staging_20,L2,2,18,oracle,False,0,False,True,False,False,True,7.746194077712559,1.1,0.20615528128088303,True,7.746194077712559
v3_sc1_staging_20,L2,2,19,uncalibrated,False,0,True,True,False,False,True,6.539087296526012,1.7088007490635062,0.20615528128088303,True,6.539087296526012
v3_sc1_staging_20,L2,2,19,label_cell,False,0,False,False,False,False,False,nan,nan,nan,False,6.539087296526012
v3_sc1_staging_20,L2,2,19,geometry,False,0,False,False,False,False,False,nan,nan,nan,False,6.539087296526012
v3_sc1_staging_20,L2,2,19,label_only,False,1,False,False,False,False,False,nan,nan,nan,False,6.539087296526012
v3_sc1_staging_20,L2,2,19,pose_only,False,0,True,True,False,False,True,6.539087296526012,1.7088007490635062,0.20615528128088303,True,6.539087296526012
v3_sc1_staging_20,L2,2,19,separate,False,1,False,False,False,False,False,nan,nan,nan,False,6.539087296526012
v3_sc1_staging_20,L2,2,19,joint,False,0,False,True,False,False,True,6.539087296526012,1.7088007490635062,0.20615528128088303,True,6.539087296526012
v3_sc1_staging_20,L2,2,19,oracle,False,0,False,True,False,False,True,6.539087296526012,1.7088007490635062,0.20615528128088303,True,6.539087296526012
v3_sc1_staging_20,L2,3,0,uncalibrated,False,0,True,True,False,False,True,5.890559159102155,0.95524865872714,0.223606797749979,True,5.890559159102155
v3_sc1_staging_20,L2,3,0,label_cell,False,0,False,False,False,False,False,nan,nan,nan,False,5.890559159102155
v3_sc1_staging_20,L2,3,0,geometry,False,0,False,False,False,False,False,nan,nan,nan,False,5.890559159102155
v3_sc1_staging_20,L2,3,0,label_only,False,1,False,False,False,False,False,nan,nan,nan,False,5.890559159102155
v3_sc1_staging_20,L2,3,0,pose_only,False,0,True,True,False,False,True,5.890559159102155,0.95524865872714,0.223606797749979,True,5.890559159102155
v3_sc1_staging_20,L2,3,0,separate,False,1,False,False,False,False,False,nan,nan,nan,False,5.890559159102155
v3_sc1_staging_20,L2,3,0,joint,False,0,False,False,False,False,False,nan,nan,nan,False,5.890559159102155
v3_sc1_staging_20,L2,3,0,oracle,False,0,False,True,False,False,True,5.890559159102155,0.95524865872714,0.20615528128088303,True,5.890559159102155
v3_sc1_staging_20,L2,3,1,uncalibrated,False,0,True,True,False,False,True,2.907716446627535,2.78792037189013,0.21213203435596426,True,2.907716446627535
v3_sc1_staging_20,L2,3,1,label_cell,False,0,False,True,False,False,True,3.171320343559642,2.78792037189013,0.5024937810560445,True,2.907716446627535
v3_sc1_staging_20,L2,3,1,geometry,False,0,False,False,False,False,False,nan,nan,nan,False,2.907716446627535
v3_sc1_staging_20,L2,3,1,label_only,False,1,False,False,False,False,False,nan,nan,nan,False,2.907716446627535
v3_sc1_staging_20,L2,3,1,pose_only,False,0,True,True,False,False,True,2.907716446627535,2.78792037189013,0.21213203435596426,True,2.907716446627535
v3_sc1_staging_20,L2,3,1,separate,False,1,False,False,False,False,False,nan,nan,nan,False,2.907716446627535
v3_sc1_staging_20,L2,3,1,joint,False,0,False,True,False,False,True,2.907716446627535,2.78792037189013,0.21213203435596426,True,2.907716446627535
v3_sc1_staging_20,L2,3,1,oracle,False,0,False,True,False,False,True,2.907716446627535,2.78792037189013,0.21213203435596426,True,2.907716446627535
v3_sc1_staging_20,L2,3,2,uncalibrated,False,0,True,True,False,False,True,5.295584412271571,2.00124960961895,0.5385164807134504,True,5.295584412271571
v3_sc1_staging_20,L2,3,2,label_cell,False,0,False,False,False,False,False,nan,nan,nan,False,5.295584412271571
v3_sc1_staging_20,L2,3,2,geometry,False,0,False,False,False,False,False,nan,nan,nan,False,5.295584412271571
v3_sc1_staging_20,L2,3,2,label_only,False,1,False,False,False,False,False,nan,nan,nan,False,5.295584412271571
v3_sc1_staging_20,L2,3,2,pose_only,False,0,True,True,False,False,True,5.295584412271571,2.00124960961895,0.5385164807134504,True,5.295584412271571
v3_sc1_staging_20,L2,3,2,separate,False,1,False,False,False,False,False,nan,nan,nan,False,5.295584412271571
v3_sc1_staging_20,L2,3,2,joint,False,0,False,True,False,False,True,5.295584412271571,2.00124960961895,0.5385164807134504,True,5.295584412271571
v3_sc1_staging_20,L2,3,2,oracle,False,0,False,True,False,False,True,5.295584412271571,2.00124960961895,0.5385164807134504,True,5.295584412271571
v3_sc1_staging_20,L2,3,3,uncalibrated,False,0,True,True,False,False,True,3.0248737341529157,2.2699118925632336,0.6041522986797286,True,3.0248737341529157
v3_sc1_staging_20,L2,3,3,label_cell,False,0,False,True,False,False,True,3.0248737341529157,2.2699118925632336,0.6041522986797286,True,3.0248737341529157
v3_sc1_staging_20,L2,3,3,geometry,False,0,False,False,False,False,False,nan,nan,nan,False,3.0248737341529157
v3_sc1_staging_20,L2,3,3,label_only,False,1,False,False,False,False,False,nan,nan,nan,False,3.0248737341529157
v3_sc1_staging_20,L2,3,3,pose_only,False,0,True,True,False,False,True,3.0248737341529157,2.2699118925632336,0.6041522986797286,True,3.0248737341529157
v3_sc1_staging_20,L2,3,3,separate,False,1,False,False,False,False,False,nan,nan,nan,False,3.0248737341529157
v3_sc1_staging_20,L2,3,3,joint,False,0,False,True,False,False,True,3.0248737341529157,2.2699118925632336,0.6041522986797286,True,3.0248737341529157
v3_sc1_staging_20,L2,3,3,oracle,False,0,False,True,False,False,True,3.0248737341529157,2.2699118925632336,0.6041522986797286,True,3.0248737341529157
v3_sc1_staging_20,L2,3,4,uncalibrated,False,0,True,True,True,False,True,9.279036790187178,0.45276925690687087,0.223606797749979,False,9.208326112068525
v3_sc1_staging_20,L2,3,4,label_cell,False,0,False,False,False,False,False,nan,nan,nan,False,9.208326112068525
v3_sc1_staging_20,L2,3,4,geometry,False,0,False,False,False,False,False,nan,nan,nan,False,9.208326112068525
v3_sc1_staging_20,L2,3,4,label_only,False,1,False,False,False,False,False,nan,nan,nan,False,9.208326112068525
v3_sc1_staging_20,L2,3,4,pose_only,False,0,True,True,False,False,True,9.366904755831214,0.570087712549569,0.223606797749979,True,9.208326112068525
v3_sc1_staging_20,L2,3,4,separate,False,1,False,False,False,False,False,nan,nan,nan,False,9.208326112068525
v3_sc1_staging_20,L2,3,4,joint,False,0,False,False,False,False,False,nan,nan,nan,False,9.208326112068525
v3_sc1_staging_20,L2,3,4,oracle,False,0,False,True,False,False,True,9.208326112068525,0.5024937810560445,0.20615528128088303,True,9.208326112068525
v3_sc1_staging_20,L2,3,5,uncalibrated,False,0,True,True,False,False,True,7.40330085889911,0.5099019513592785,0.25,True,7.374011537017765
v3_sc1_staging_20,L2,3,5,label_cell,False,0,False,False,False,False,False,nan,nan,nan,False,7.374011537017765
v3_sc1_staging_20,L2,3,5,geometry,False,0,False,False,False,False,False,nan,nan,nan,False,7.374011537017765
v3_sc1_staging_20,L2,3,5,label_only,False,1,False,False,False,False,False,nan,nan,nan,False,7.374011537017765
v3_sc1_staging_20,L2,3,5,pose_only,False,0,True,True,False,False,True,7.40330085889911,0.632455532033676,0.28284271247461906,True,7.374011537017765
v3_sc1_staging_20,L2,3,5,separate,False,1,False,False,False,False,False,nan,nan,nan,False,7.374011537017765
v3_sc1_staging_20,L2,3,5,joint,False,0,False,False,False,False,False,nan,nan,nan,False,7.374011537017765
v3_sc1_staging_20,L2,3,5,oracle,False,0,False,True,False,False,True,7.374011537017765,0.5024937810560445,0.20615528128088303,True,7.374011537017765
v3_sc1_staging_20,L2,3,6,uncalibrated,False,0,True,True,False,False,True,9.829036790187178,0.5099019513592785,0.25,True,9.799747468305833
v3_sc1_staging_20,L2,3,6,label_cell,False,0,False,False,False,False,False,nan,nan,nan,False,9.799747468305833
v3_sc1_staging_20,L2,3,6,geometry,False,0,False,False,False,False,False,nan,nan,nan,False,9.799747468305833
v3_sc1_staging_20,L2,3,6,label_only,False,1,False,False,False,False,False,nan,nan,nan,False,9.799747468305833
v3_sc1_staging_20,L2,3,6,pose_only,False,0,True,True,False,False,True,9.916904755831215,0.632455532033676,0.25,True,9.799747468305833
v3_sc1_staging_20,L2,3,6,separate,False,1,False,False,False,False,False,nan,nan,nan,False,9.799747468305833
v3_sc1_staging_20,L2,3,6,joint,False,0,False,False,False,False,False,nan,nan,nan,False,9.799747468305833
v3_sc1_staging_20,L2,3,6,oracle,False,0,False,True,False,False,True,9.799747468305833,0.5024937810560445,0.20615528128088303,True,9.799747468305833
v3_sc1_staging_20,L2,3,7,uncalibrated,False,0,True,True,False,False,True,6.635533905932738,0.5099019513592785,0.25,True,6.606244584051393
v3_sc1_staging_20,L2,3,7,label_cell,False,0,False,False,False,False,False,nan,nan,nan,False,6.606244584051393
v3_sc1_staging_20,L2,3,7,geometry,False,0,False,False,False,False,False,nan,nan,nan,False,6.606244584051393
v3_sc1_staging_20,L2,3,7,label_only,False,1,False,False,False,False,False,nan,nan,nan,False,6.606244584051393
v3_sc1_staging_20,L2,3,7,pose_only,False,0,True,True,False,False,True,6.723401871576775,0.632455532033676,0.316227766016838,True,6.606244584051393
v3_sc1_staging_20,L2,3,7,separate,False,1,False,False,False,False,False,nan,nan,nan,False,6.606244584051393
v3_sc1_staging_20,L2,3,7,joint,False,0,False,False,False,False,False,nan,nan,nan,False,6.606244584051393
v3_sc1_staging_20,L2,3,7,oracle,False,0,False,True,False,False,True,6.606244584051393,0.5024937810560445,0.20615528128088303,True,6.606244584051393
v3_sc1_staging_20,L2,3,8,uncalibrated,False,0,True,True,False,False,True,6.047056274847713,1.1,0.223606797749979,True,6.047056274847714
v3_sc1_staging_20,L2,3,8,label_cell,False,0,False,False,False,False,False,nan,nan,nan,False,6.047056274847714
v3_sc1_staging_20,L2,3,8,geometry,False,0,False,False,False,False,False,nan,nan,nan,False,6.047056274847714
v3_sc1_staging_20,L2,3,8,label_only,False,1,False,False,False,False,False,nan,nan,nan,False,6.047056274847714
v3_sc1_staging_20,L2,3,8,pose_only,False,0,True,True,False,False,True,6.047056274847713,1.1,0.223606797749979,True,6.047056274847714
v3_sc1_staging_20,L2,3,8,separate,False,1,False,False,False,False,False,nan,nan,nan,False,6.047056274847714
v3_sc1_staging_20,L2,3,8,joint,False,0,False,False,False,False,False,nan,nan,nan,False,6.047056274847714
v3_sc1_staging_20,L2,3,8,oracle,False,0,False,True,False,False,True,6.047056274847714,1.1,0.20615528128088303,True,6.047056274847714
v3_sc1_staging_20,L2,3,9,uncalibrated,False,0,True,True,False,False,True,5.866295090390227,1.8069310999592654,0.20615528128088303,True,5.866295090390227
v3_sc1_staging_20,L2,3,9,label_cell,False,0,False,False,False,False,False,nan,nan,nan,False,5.866295090390227
v3_sc1_staging_20,L2,3,9,geometry,False,0,False,False,False,False,False,nan,nan,nan,False,5.866295090390227
v3_sc1_staging_20,L2,3,9,label_only,False,1,False,False,False,False,False,nan,nan,nan,False,5.866295090390227
v3_sc1_staging_20,L2,3,9,pose_only,False,0,True,True,False,False,True,5.866295090390227,1.8069310999592654,0.20615528128088303,True,5.866295090390227
v3_sc1_staging_20,L2,3,9,separate,False,1,False,False,False,False,False,nan,nan,nan,False,5.866295090390227
v3_sc1_staging_20,L2,3,9,joint,False,0,False,True,False,False,True,5.866295090390227,1.8069310999592654,0.20615528128088303,True,5.866295090390227
v3_sc1_staging_20,L2,3,9,oracle,False,0,False,True,False,False,True,5.866295090390227,1.8069310999592654,0.20615528128088303,True,5.866295090390227
v3_sc1_staging_20,L2,3,10,uncalibrated,False,0,True,True,False,False,True,4.59350288425444,2.2677080940897136,0.65,True,4.59350288425444
v3_sc1_staging_20,L2,3,10,label_cell,False,0,False,True,False,False,True,4.59350288425444,2.2677080940897136,0.65,True,4.59350288425444
v3_sc1_staging_20,L2,3,10,geometry,False,0,False,True,False,False,True,4.59350288425444,2.2677080940897136,0.65,True,4.59350288425444
v3_sc1_staging_20,L2,3,10,label_only,False,1,False,True,False,False,True,4.59350288425444,2.2677080940897136,0.65,True,4.59350288425444
v3_sc1_staging_20,L2,3,10,pose_only,False,0,True,True,False,False,True,4.59350288425444,2.2677080940897136,0.65,True,4.59350288425444
v3_sc1_staging_20,L2,3,10,separate,False,1,False,True,False,False,True,4.59350288425444,2.2677080940897136,0.65,True,4.59350288425444
v3_sc1_staging_20,L2,3,10,joint,False,0,False,True,False,False,True,4.59350288425444,2.2677080940897136,0.65,True,4.59350288425444
v3_sc1_staging_20,L2,3,10,oracle,False,0,False,True,False,False,True,4.59350288425444,2.2677080940897136,0.65,True,4.59350288425444
v3_sc1_staging_20,L2,3,11,uncalibrated,False,0,True,True,False,False,True,3.120710678118655,1.9981241202688087,0.5830951894845301,True,3.120710678118655
v3_sc1_staging_20,L2,3,11,label_cell,False,0,False,True,False,False,True,3.120710678118655,1.9981241202688087,0.5830951894845301,True,3.120710678118655
v3_sc1_staging_20,L2,3,11,geometry,False,0,False,False,False,False,False,nan,nan,nan,False,3.120710678118655
v3_sc1_staging_20,L2,3,11,label_only,False,1,False,False,False,False,False,nan,nan,nan,False,3.120710678118655
v3_sc1_staging_20,L2,3,11,pose_only,False,0,True,True,False,False,True,3.120710678118655,1.9981241202688087,0.5830951894845301,True,3.120710678118655
v3_sc1_staging_20,L2,3,11,separate,False,1,False,False,False,False,False,nan,nan,nan,False,3.120710678118655
v3_sc1_staging_20,L2,3,11,joint,False,0,False,True,False,False,True,3.120710678118655,1.9981241202688087,0.5830951894845301,True,3.120710678118655
v3_sc1_staging_20,L2,3,11,oracle,False,0,False,True,False,False,True,3.120710678118655,1.9981241202688087,0.5830951894845301,True,3.120710678118655
v3_sc1_staging_20,L2,3,12,uncalibrated,False,0,True,True,False,False,True,3.115685424949238,2.906888370749727,0.5,True,3.115685424949238
v3_sc1_staging_20,L2,3,12,label_cell,False,0,False,False,False,False,False,nan,nan,nan,False,3.115685424949238
v3_sc1_staging_20,L2,3,12,geometry,False,0,False,False,False,False,False,nan,nan,nan,False,3.115685424949238
v3_sc1_staging_20,L2,3,12,label_only,False,1,False,False,False,False,False,nan,nan,nan,False,3.115685424949238
v3_sc1_staging_20,L2,3,12,pose_only,False,0,True,True,False,False,True,3.115685424949238,2.906888370749727,0.5,True,3.115685424949238
v3_sc1_staging_20,L2,3,12,separate,False,1,False,False,False,False,False,nan,nan,nan,False,3.115685424949238
v3_sc1_staging_20,L2,3,12,joint,False,0,False,True,False,False,True,3.115685424949238,2.906888370749727,0.5,True,3.115685424949238
v3_sc1_staging_20,L2,3,12,oracle,False,0,False,True,False,False,True,3.115685424949238,2.906888370749727,0.5,True,3.115685424949238
v3_sc1_staging_20,L2,3,13,uncalibrated,False,0,True,True,False,False,True,9.086143571373725,0.5099019513592785,0.20615528128088303,True,9.065432893255071
v3_sc1_staging_20,L2,3,13,label_cell,False,0,False,False,False,False,False,nan,nan,nan,False,9.065432893255071
v3_sc1_staging_20,L2,3,13,geometry,False,0,False,False,False,False,False,nan,nan,nan,False,9.065432893255071
v3_sc1_staging_20,L2,3,13,label_only,False,1,False,False,False,False,False,nan,nan,nan,False,9.065432893255071
v3_sc1_staging_20,L2,3,13,pose_only,False,0,True,True,False,False,True,9.086143571373725,0.632455532033676,0.20615528128088303,True,9.065432893255071
v3_sc1_staging_20,L2,3,13,separate,False,1,False,False,False,False,False,nan,nan,nan,False,9.065432893255071
v3_sc1_staging_20,L2,3,13,joint,False,0,False,False,False,False,False,nan,nan,nan,False,9.065432893255071
v3_sc1_staging_20,L2,3,13,oracle,False,0,False,True,False,False,True,9.065432893255071,0.5024937810560445,0.20615528128088303,True,9.065432893255071
v3_sc1_staging_20,L2,3,14,uncalibrated,False,0,True,True,False,False,True,3.457106781186548,2.35,1.2000000000000002,True,3.457106781186548
v3_sc1_staging_20,L2,3,14,label_cell,False,0,False,True,False,False,True,3.457106781186548,2.35,1.2000000000000002,True,3.457106781186548
v3_sc1_staging_20,L2,3,14,geometry,False,0,False,True,False,False,True,3.457106781186548,2.35,1.2000000000000002,True,3.457106781186548
v3_sc1_staging_20,L2,3,14,label_only,False,1,False,True,False,False,True,3.457106781186548,2.35,1.2000000000000002,True,3.457106781186548
v3_sc1_staging_20,L2,3,14,pose_only,False,0,True,True,False,False,True,3.457106781186548,2.35,1.2000000000000002,True,3.457106781186548
v3_sc1_staging_20,L2,3,14,separate,False,1,False,True,False,False,True,3.457106781186548,2.35,1.2000000000000002,True,3.457106781186548
v3_sc1_staging_20,L2,3,14,joint,False,0,False,True,False,False,True,3.457106781186548,2.35,1.2000000000000002,True,3.457106781186548
v3_sc1_staging_20,L2,3,14,oracle,False,0,False,True,False,False,True,3.457106781186548,2.35,1.2000000000000002,True,3.457106781186548
v3_sc1_staging_20,L2,3,15,uncalibrated,False,0,True,True,False,False,True,4.355634918610405,2.102379604162864,0.7000000000000001,True,4.355634918610405
v3_sc1_staging_20,L2,3,15,label_cell,False,0,False,True,False,False,True,4.355634918610405,2.102379604162864,0.7000000000000001,True,4.355634918610405
v3_sc1_staging_20,L2,3,15,geometry,False,0,False,True,False,False,True,4.355634918610405,2.102379604162864,0.7000000000000001,True,4.355634918610405
v3_sc1_staging_20,L2,3,15,label_only,False,1,False,True,False,False,True,4.355634918610405,2.102379604162864,0.7000000000000001,True,4.355634918610405
v3_sc1_staging_20,L2,3,15,pose_only,False,0,True,True,False,False,True,4.355634918610405,2.102379604162864,0.7000000000000001,True,4.355634918610405
v3_sc1_staging_20,L2,3,15,separate,False,1,False,True,False,False,True,4.355634918610405,2.102379604162864,0.7000000000000001,True,4.355634918610405
v3_sc1_staging_20,L2,3,15,joint,False,0,False,True,False,False,True,4.355634918610405,2.102379604162864,0.7000000000000001,True,4.355634918610405
v3_sc1_staging_20,L2,3,15,oracle,False,0,False,True,False,False,True,4.355634918610405,2.102379604162864,0.7000000000000001,True,4.355634918610405
v3_sc1_staging_20,L2,3,16,uncalibrated,False,0,True,True,False,False,True,3.6334523779156065,2.245551157288562,1.1236102527122116,True,3.6334523779156065
v3_sc1_staging_20,L2,3,16,label_cell,False,0,False,True,False,False,True,3.6334523779156065,2.245551157288562,1.1236102527122116,True,3.6334523779156065
v3_sc1_staging_20,L2,3,16,geometry,False,0,False,True,False,False,True,3.6334523779156065,2.245551157288562,1.1236102527122116,True,3.6334523779156065
v3_sc1_staging_20,L2,3,16,label_only,False,1,False,True,False,False,True,3.6334523779156065,2.245551157288562,1.1236102527122116,True,3.6334523779156065
v3_sc1_staging_20,L2,3,16,pose_only,False,0,True,True,False,False,True,3.6334523779156065,2.245551157288562,1.1236102527122116,True,3.6334523779156065
v3_sc1_staging_20,L2,3,16,separate,False,1,False,True,False,False,True,3.6334523779156065,2.245551157288562,1.1236102527122116,True,3.6334523779156065
v3_sc1_staging_20,L2,3,16,joint,False,0,False,True,False,False,True,3.6334523779156065,2.245551157288562,1.1236102527122116,True,3.6334523779156065
v3_sc1_staging_20,L2,3,16,oracle,False,0,False,True,False,False,True,3.6334523779156065,2.245551157288562,1.1236102527122116,True,3.6334523779156065
v3_sc1_staging_20,L2,3,17,uncalibrated,False,0,True,True,False,False,True,3.612741699796952,2.333452377915607,0.4,True,3.612741699796952
v3_sc1_staging_20,L2,3,17,label_cell,False,0,False,False,False,False,False,nan,nan,nan,False,3.612741699796952
v3_sc1_staging_20,L2,3,17,geometry,False,0,False,False,False,False,False,nan,nan,nan,False,3.612741699796952
v3_sc1_staging_20,L2,3,17,label_only,False,1,False,False,False,False,False,nan,nan,nan,False,3.612741699796952
v3_sc1_staging_20,L2,3,17,pose_only,False,0,True,True,False,False,True,3.612741699796952,2.333452377915607,0.4,True,3.612741699796952
v3_sc1_staging_20,L2,3,17,separate,False,1,False,False,False,False,False,nan,nan,nan,False,3.612741699796952
v3_sc1_staging_20,L2,3,17,joint,False,0,False,True,False,False,True,3.612741699796952,2.333452377915607,0.4,True,3.612741699796952
v3_sc1_staging_20,L2,3,17,oracle,False,0,False,True,False,False,True,3.612741699796952,2.333452377915607,0.4,True,3.612741699796952
v3_sc1_staging_20,L2,3,18,uncalibrated,False,0,True,True,False,False,True,7.816904755831215,1.1,0.223606797749979,True,7.816904755831215
v3_sc1_staging_20,L2,3,18,label_cell,False,0,False,False,False,False,False,nan,nan,nan,False,7.816904755831215
v3_sc1_staging_20,L2,3,18,geometry,False,0,False,False,False,False,False,nan,nan,nan,False,7.816904755831215
v3_sc1_staging_20,L2,3,18,label_only,False,1,False,False,False,False,False,nan,nan,nan,False,7.816904755831215
v3_sc1_staging_20,L2,3,18,pose_only,False,0,True,True,False,False,True,7.816904755831215,1.1,0.223606797749979,True,7.816904755831215
v3_sc1_staging_20,L2,3,18,separate,False,1,False,False,False,False,False,nan,nan,nan,False,7.816904755831215
v3_sc1_staging_20,L2,3,18,joint,False,0,False,False,False,False,False,nan,nan,nan,False,7.816904755831215
v3_sc1_staging_20,L2,3,18,oracle,False,0,False,True,False,False,True,7.816904755831215,1.1,0.20615528128088303,True,7.816904755831215
v3_sc1_staging_20,L2,3,19,uncalibrated,False,0,True,True,False,False,True,6.559797974644667,1.6446884203398526,0.20615528128088303,True,6.559797974644667
v3_sc1_staging_20,L2,3,19,label_cell,False,0,False,False,False,False,False,nan,nan,nan,False,6.559797974644667
v3_sc1_staging_20,L2,3,19,geometry,False,0,False,False,False,False,False,nan,nan,nan,False,6.559797974644667
v3_sc1_staging_20,L2,3,19,label_only,False,1,False,False,False,False,False,nan,nan,nan,False,6.559797974644667
v3_sc1_staging_20,L2,3,19,pose_only,False,0,True,True,False,False,True,6.559797974644667,1.6446884203398526,0.20615528128088303,True,6.559797974644667
v3_sc1_staging_20,L2,3,19,separate,False,1,False,False,False,False,False,nan,nan,nan,False,6.559797974644667
v3_sc1_staging_20,L2,3,19,joint,False,0,False,True,False,False,True,6.559797974644667,1.6446884203398526,0.20615528128088303,True,6.559797974644667
v3_sc1_staging_20,L2,3,19,oracle,False,0,False,True,False,False,True,6.559797974644667,1.6446884203398526,0.20615528128088303,True,6.559797974644667
v3_sc1_staging_20,L2,4,0,uncalibrated,False,0,True,True,False,False,True,5.8198484809835005,0.95524865872714,0.20615528128088303,True,5.8198484809835005
v3_sc1_staging_20,L2,4,0,label_cell,False,0,True,False,False,False,False,nan,nan,nan,False,5.8198484809835005
v3_sc1_staging_20,L2,4,0,geometry,False,0,False,False,False,False,False,nan,nan,nan,False,5.8198484809835005
v3_sc1_staging_20,L2,4,0,label_only,False,1,False,False,False,False,False,nan,nan,nan,False,5.8198484809835005
v3_sc1_staging_20,L2,4,0,pose_only,False,0,True,True,False,False,True,5.8198484809835005,0.95524865872714,0.20615528128088303,True,5.8198484809835005
v3_sc1_staging_20,L2,4,0,separate,False,1,False,False,False,False,False,nan,nan,nan,False,5.8198484809835005
v3_sc1_staging_20,L2,4,0,joint,False,0,False,False,False,False,False,nan,nan,nan,False,5.8198484809835005
v3_sc1_staging_20,L2,4,0,oracle,False,0,False,True,False,False,True,5.8198484809835005,0.95524865872714,0.20615528128088303,True,5.8198484809835005
v3_sc1_staging_20,L2,4,1,uncalibrated,False,0,True,True,False,False,True,2.957716446627535,2.78792037189013,0.20615528128088303,True,2.957716446627535
v3_sc1_staging_20,L2,4,1,label_cell,False,0,True,True,False,False,True,3.221320343559642,2.78792037189013,0.5024937810560445,True,2.957716446627535
v3_sc1_staging_20,L2,4,1,geometry,False,0,False,False,False,False,False,nan,nan,nan,False,2.957716446627535
v3_sc1_staging_20,L2,4,1,label_only,False,1,False,False,False,False,False,nan,nan,nan,False,2.957716446627535
v3_sc1_staging_20,L2,4,1,pose_only,False,0,True,True,False,False,True,2.957716446627535,2.78792037189013,0.20615528128088303,True,2.957716446627535
v3_sc1_staging_20,L2,4,1,separate,False,1,False,False,False,False,False,nan,nan,nan,False,2.957716446627535
v3_sc1_staging_20,L2,4,1,joint,False,0,False,True,False,False,True,2.957716446627535,2.78792037189013,0.20615528128088303,True,2.957716446627535
v3_sc1_staging_20,L2,4,1,oracle,False,0,False,True,False,False,True,2.957716446627535,2.78792037189013,0.20615528128088303,True,2.957716446627535
v3_sc1_staging_20,L2,4,2,uncalibrated,False,0,True,True,False,False,True,5.324873734152916,2.0500000000000003,0.5,True,5.324873734152916
v3_sc1_staging_20,L2,4,2,label_cell,False,0,True,False,False,False,False,nan,nan,nan,False,5.324873734152916
v3_sc1_staging_20,L2,4,2,geometry,False,0,False,False,False,False,False,nan,nan,nan,False,5.324873734152916
v3_sc1_staging_20,L2,4,2,label_only,False,1,False,False,False,False,False,nan,nan,nan,False,5.324873734152916
v3_sc1_staging_20,L2,4,2,pose_only,False,0,True,True,False,False,True,5.324873734152916,2.0500000000000003,0.5,True,5.324873734152916
v3_sc1_staging_20,L2,4,2,separate,False,1,False,False,False,False,False,nan,nan,nan,False,5.324873734152916
v3_sc1_staging_20,L2,4,2,joint,False,0,False,True,False,False,True,5.324873734152916,2.0500000000000003,0.5,True,5.324873734152916
v3_sc1_staging_20,L2,4,2,oracle,False,0,False,True,False,False,True,5.324873734152916,2.0500000000000003,0.5,True,5.324873734152916
v3_sc1_staging_20,L2,4,3,uncalibrated,False,0,True,True,False,False,True,3.074873734152916,2.2699118925632336,0.6041522986797286,True,3.074873734152916
v3_sc1_staging_20,L2,4,3,label_cell,False,0,True,True,False,False,True,3.074873734152916,2.2699118925632336,0.6041522986797286,True,3.074873734152916
v3_sc1_staging_20,L2,4,3,geometry,False,0,False,False,False,False,False,nan,nan,nan,False,3.074873734152916
v3_sc1_staging_20,L2,4,3,label_only,False,1,False,False,False,False,False,nan,nan,nan,False,3.074873734152916
v3_sc1_staging_20,L2,4,3,pose_only,False,0,True,True,False,False,True,3.074873734152916,2.2699118925632336,0.6041522986797286,True,3.074873734152916
v3_sc1_staging_20,L2,4,3,separate,False,1,False,False,False,False,False,nan,nan,nan,False,3.074873734152916
v3_sc1_staging_20,L2,4,3,joint,False,0,False,True,False,False,True,3.074873734152916,2.2699118925632336,0.6041522986797286,True,3.074873734152916
v3_sc1_staging_20,L2,4,3,oracle,False,0,False,True,False,False,True,3.074873734152916,2.2699118925632336,0.6041522986797286,True,3.074873734152916
v3_sc1_staging_20,L2,4,4,uncalibrated,False,0,True,True,True,False,True,9.249747468305832,0.49244289008980524,0.20615528128088303,False,9.179036790187178
v3_sc1_staging_20,L2,4,4,label_cell,False,0,True,False,False,False,False,nan,nan,nan,False,9.179036790187178
v3_sc1_staging_20,L2,4,4,geometry,False,0,False,False,False,False,False,nan,nan,nan,False,9.179036790187178
v3_sc1_staging_20,L2,4,4,label_only,False,1,False,False,False,False,False,nan,nan,nan,False,9.179036790187178
v3_sc1_staging_20,L2,4,4,pose_only,False,0,True,True,False,False,True,9.337615433949868,0.6041522986797286,0.20615528128088303,True,9.179036790187178
v3_sc1_staging_20,L2,4,4,separate,False,1,False,False,False,False,False,nan,nan,nan,False,9.179036790187178
v3_sc1_staging_20,L2,4,4,joint,False,0,False,False,False,False,False,nan,nan,nan,False,9.179036790187178
v3_sc1_staging_20,L2,4,4,oracle,False,0,False,True,False,False,True,9.179036790187178,0.5024937810560445,0.20615528128088303,True,9.179036790187178
v3_sc1_staging_20,L2,4,5,uncalibrated,False,0,True,True,False,False,True,7.374011537017765,0.5099019513592785,0.20615528128088303,True,7.374011537017765
v3_sc1_staging_20,L2,4,5,label_cell,False,0,True,False,False,False,False,nan,nan,nan,False,7.374011537017765
v3_sc1_staging_20,L2,4,5,geometry,False,0,False,False,False,False,False,nan,nan,nan,False,7.374011537017765
v3_sc1_staging_20,L2,4,5,label_only,False,1,False,False,False,False,False,nan,nan,nan,False,7.374011537017765
v3_sc1_staging_20,L2,4,5,pose_only,False,0,True,True,False,False,True,7.374011537017765,0.632455532033676,0.25,True,7.374011537017765
v3_sc1_staging_20,L2,4,5,separate,False,1,False,False,False,False,False,nan,nan,nan,False,7.374011537017765
v3_sc1_staging_20,L2,4,5,joint,False,0,False,False,False,False,False,nan,nan,nan,False,7.374011537017765
v3_sc1_staging_20,L2,4,5,oracle,False,0,False,True,False,False,True,7.374011537017765,0.5024937810560445,0.20615528128088303,True,7.374011537017765
v3_sc1_staging_20,L2,4,6,uncalibrated,False,0,True,True,False,False,True,9.779036790187178,0.5099019513592785,0.20615528128088303,True,9.729036790187179
v3_sc1_staging_20,L2,4,6,label_cell,False,0,True,False,False,False,False,nan,nan,nan,False,9.729036790187179
v3_sc1_staging_20,L2,4,6,geometry,False,0,False,False,False,False,False,nan,nan,nan,False,9.729036790187179
v3_sc1_staging_20,L2,4,6,label_only,False,1,False,False,False,False,False,nan,nan,nan,False,9.729036790187179
v3_sc1_staging_20,L2,4,6,pose_only,False,0,True,True,False,False,True,9.866904755831214,0.632455532033676,0.21213203435596426,True,9.729036790187179
v3_sc1_staging_20,L2,4,6,separate,False,1,False,False,False,False,False,nan,nan,nan,False,9.729036790187179
v3_sc1_staging_20,L2,4,6,joint,False,0,False,False,False,False,False,nan,nan,nan,False,9.729036790187179
v3_sc1_staging_20,L2,4,6,oracle,False,0,False,True,False,False,True,9.729036790187179,0.5024937810560445,0.20615528128088303,True,9.729036790187179
v3_sc1_staging_20,L2,4,7,uncalibrated,False,0,True,True,False,False,True,6.5855339059327385,0.5099019513592785,0.20615528128088303,True,6.556244584051393
v3_sc1_staging_20,L2,4,7,label_cell,False,0,True,False,False,False,False,nan,nan,nan,False,6.556244584051393
v3_sc1_staging_20,L2,4,7,geometry,False,0,False,False,False,False,False,nan,nan,nan,False,6.556244584051393
v3_sc1_staging_20,L2,4,7,label_only,False,1,False,False,False,False,False,nan,nan,nan,False,6.556244584051393
v3_sc1_staging_20,L2,4,7,pose_only,False,0,True,True,False,False,True,6.673401871576775,0.632455532033676,0.25,True,6.556244584051393
v3_sc1_staging_20,L2,4,7,separate,False,1,False,False,False,False,False,nan,nan,nan,False,6.556244584051393
v3_sc1_staging_20,L2,4,7,joint,False,0,False,False,False,False,False,nan,nan,nan,False,6.556244584051393
v3_sc1_staging_20,L2,4,7,oracle,False,0,False,True,False,False,True,6.556244584051393,0.5024937810560445,0.20615528128088303,True,6.556244584051393
v3_sc1_staging_20,L2,4,8,uncalibrated,False,0,True,True,False,False,True,6.026345596729058,1.1,0.20615528128088303,True,6.026345596729059
v3_sc1_staging_20,L2,4,8,label_cell,False,0,True,False,False,False,False,nan,nan,nan,False,6.026345596729059
v3_sc1_staging_20,L2,4,8,geometry,False,0,False,False,False,False,False,nan,nan,nan,False,6.026345596729059
v3_sc1_staging_20,L2,4,8,label_only,False,1,False,False,False,False,False,nan,nan,nan,False,6.026345596729059
v3_sc1_staging_20,L2,4,8,pose_only,False,0,True,True,False,False,True,6.026345596729058,1.1,0.20615528128088303,True,6.026345596729059
v3_sc1_staging_20,L2,4,8,separate,False,1,False,False,False,False,False,nan,nan,nan,False,6.026345596729059
v3_sc1_staging_20,L2,4,8,joint,False,0,False,False,False,False,False,nan,nan,nan,False,6.026345596729059
v3_sc1_staging_20,L2,4,8,oracle,False,0,False,True,False,False,True,6.026345596729059,1.1,0.20615528128088303,True,6.026345596729059
v3_sc1_staging_20,L2,4,9,uncalibrated,False,0,True,True,False,False,True,5.916295090390226,1.8069310999592654,0.20615528128088303,True,5.916295090390226
v3_sc1_staging_20,L2,4,9,label_cell,False,0,True,False,False,False,False,nan,nan,nan,False,5.916295090390226
v3_sc1_staging_20,L2,4,9,geometry,False,0,False,False,False,False,False,nan,nan,nan,False,5.916295090390226
v3_sc1_staging_20,L2,4,9,label_only,False,1,False,False,False,False,False,nan,nan,nan,False,5.916295090390226
v3_sc1_staging_20,L2,4,9,pose_only,False,0,True,True,False,False,True,5.916295090390226,1.8069310999592654,0.20615528128088303,True,5.916295090390226
v3_sc1_staging_20,L2,4,9,separate,False,1,False,False,False,False,False,nan,nan,nan,False,5.916295090390226
v3_sc1_staging_20,L2,4,9,joint,False,0,False,True,False,False,True,5.916295090390226,1.8069310999592654,0.20615528128088303,True,5.916295090390226
v3_sc1_staging_20,L2,4,9,oracle,False,0,False,True,False,False,True,5.916295090390226,1.8069310999592654,0.20615528128088303,True,5.916295090390226
v3_sc1_staging_20,L2,4,10,uncalibrated,False,0,True,True,False,False,True,4.552081528017131,2.316246964380094,0.6000000000000001,True,4.552081528017131
v3_sc1_staging_20,L2,4,10,label_cell,False,0,True,True,False,False,True,4.552081528017131,2.316246964380094,0.6000000000000001,True,4.552081528017131
v3_sc1_staging_20,L2,4,10,geometry,False,0,False,False,False,False,False,nan,nan,nan,False,4.552081528017131
v3_sc1_staging_20,L2,4,10,label_only,False,1,False,False,False,False,False,nan,nan,nan,False,4.552081528017131
v3_sc1_staging_20,L2,4,10,pose_only,False,0,True,True,False,False,True,4.552081528017131,2.316246964380094,0.6000000000000001,True,4.552081528017131
v3_sc1_staging_20,L2,4,10,separate,False,1,False,False,False,False,False,nan,nan,nan,False,4.552081528017131
v3_sc1_staging_20,L2,4,10,joint,False,0,False,True,False,False,True,4.552081528017131,2.316246964380094,0.6000000000000001,True,4.552081528017131
v3_sc1_staging_20,L2,4,10,oracle,False,0,False,True,False,False,True,4.552081528017131,2.316246964380094,0.6000000000000001,True,4.552081528017131
v3_sc1_staging_20,L2,4,11,uncalibrated,False,0,True,True,False,False,True,3.1414213562373092,1.9723082923316022,0.5590169943749475,True,3.1414213562373092
v3_sc1_staging_20,L2,4,11,label_cell,False,0,True,True,False,False,True,3.1414213562373092,1.9723082923316022,0.5590169943749475,True,3.1414213562373092
v3_sc1_staging_20,L2,4,11,geometry,False,0,False,False,False,False,False,nan,nan,nan,False,3.1414213562373092
v3_sc1_staging_20,L2,4,11,label_only,False,1,False,False,False,False,False,nan,nan,nan,False,3.1414213562373092
v3_sc1_staging_20,L2,4,11,pose_only,False,0,True,True,False,False,True,3.1414213562373092,1.9723082923316022,0.5590169943749475,True,3.1414213562373092
v3_sc1_staging_20,L2,4,11,separate,False,1,False,False,False,False,False,nan,nan,nan,False,3.1414213562373092
v3_sc1_staging_20,L2,4,11,joint,False,0,False,True,False,False,True,3.1414213562373092,1.9723082923316022,0.5590169943749475,True,3.1414213562373092
v3_sc1_staging_20,L2,4,11,oracle,False,0,False,True,False,False,True,3.1414213562373092,1.9723082923316022,0.5590169943749475,True,3.1414213562373092
v3_sc1_staging_20,L2,4,12,uncalibrated,False,0,True,True,False,False,True,3.136396103067893,2.956771888394504,0.45,True,3.136396103067893
v3_sc1_staging_20,L2,4,12,label_cell,False,0,True,False,False,False,False,nan,nan,nan,False,3.136396103067893
v3_sc1_staging_20,L2,4,12,geometry,False,0,False,False,False,False,False,nan,nan,nan,False,3.136396103067893
v3_sc1_staging_20,L2,4,12,label_only,False,1,False,False,False,False,False,nan,nan,nan,False,3.136396103067893
v3_sc1_staging_20,L2,4,12,pose_only,False,0,True,True,False,False,True,3.136396103067893,2.956771888394504,0.45,True,3.136396103067893
v3_sc1_staging_20,L2,4,12,separate,False,1,False,False,False,False,False,nan,nan,nan,False,3.136396103067893
v3_sc1_staging_20,L2,4,12,joint,False,0,False,True,False,False,True,3.136396103067893,2.956771888394504,0.45,True,3.136396103067893
v3_sc1_staging_20,L2,4,12,oracle,False,0,False,True,False,False,True,3.136396103067893,2.956771888394504,0.45,True,3.136396103067893
v3_sc1_staging_20,L2,4,13,uncalibrated,False,0,True,True,False,False,True,9.05685424949238,0.5099019513592785,0.20615528128088303,True,9.036143571373726
v3_sc1_staging_20,L2,4,13,label_cell,False,0,True,False,False,False,False,nan,nan,nan,False,9.036143571373726
v3_sc1_staging_20,L2,4,13,geometry,False,0,False,False,False,False,False,nan,nan,nan,False,9.036143571373726
v3_sc1_staging_20,L2,4,13,label_only,False,1,False,False,False,False,False,nan,nan,nan,False,9.036143571373726
v3_sc1_staging_20,L2,4,13,pose_only,False,0,True,True,False,False,True,9.05685424949238,0.632455532033676,0.21213203435596426,True,9.036143571373726
v3_sc1_staging_20,L2,4,13,separate,False,1,False,False,False,False,False,nan,nan,nan,False,9.036143571373726
v3_sc1_staging_20,L2,4,13,joint,False,0,False,False,False,False,False,nan,nan,nan,False,9.036143571373726
v3_sc1_staging_20,L2,4,13,oracle,False,0,False,True,False,False,True,9.036143571373726,0.5024937810560445,0.20615528128088303,True,9.036143571373726
v3_sc1_staging_20,L2,4,14,uncalibrated,False,0,True,True,False,False,True,3.4778174593052023,2.3000000000000003,1.2093386622447824,True,3.4778174593052023
v3_sc1_staging_20,L2,4,14,label_cell,False,0,True,True,False,False,True,3.4778174593052023,2.3000000000000003,1.2093386622447824,True,3.4778174593052023
v3_sc1_staging_20,L2,4,14,geometry,False,0,False,True,False,False,True,3.4778174593052023,2.3000000000000003,1.2093386622447824,True,3.4778174593052023
v3_sc1_staging_20,L2,4,14,label_only,False,1,False,True,False,False,True,3.4778174593052023,2.3000000000000003,1.2093386622447824,True,3.4778174593052023
v3_sc1_staging_20,L2,4,14,pose_only,False,0,True,True,False,False,True,3.4778174593052023,2.3000000000000003,1.2093386622447824,True,3.4778174593052023
v3_sc1_staging_20,L2,4,14,separate,False,1,False,True,False,False,True,3.4778174593052023,2.3000000000000003,1.2093386622447824,True,3.4778174593052023
v3_sc1_staging_20,L2,4,14,joint,False,0,False,True,False,False,True,3.4778174593052023,2.3000000000000003,1.2093386622447824,True,3.4778174593052023
v3_sc1_staging_20,L2,4,14,oracle,False,0,False,True,False,False,True,3.4778174593052023,2.3000000000000003,1.2093386622447824,True,3.4778174593052023
v3_sc1_staging_20,L2,4,15,uncalibrated,False,0,True,True,False,False,True,4.355634918610405,2.102379604162864,0.7433034373659253,True,4.355634918610405
v3_sc1_staging_20,L2,4,15,label_cell,False,0,True,True,False,False,True,4.355634918610405,2.102379604162864,0.7433034373659253,True,4.355634918610405
v3_sc1_staging_20,L2,4,15,geometry,False,0,False,True,False,False,True,4.355634918610405,2.102379604162864,0.7433034373659253,True,4.355634918610405
v3_sc1_staging_20,L2,4,15,label_only,False,1,False,True,False,False,True,4.355634918610405,2.102379604162864,0.7433034373659253,True,4.355634918610405
v3_sc1_staging_20,L2,4,15,pose_only,False,0,True,True,False,False,True,4.355634918610405,2.102379604162864,0.7433034373659253,True,4.355634918610405
v3_sc1_staging_20,L2,4,15,separate,False,1,False,True,False,False,True,4.355634918610405,2.102379604162864,0.7433034373659253,True,4.355634918610405
v3_sc1_staging_20,L2,4,15,joint,False,0,False,True,False,False,True,4.355634918610405,2.102379604162864,0.7433034373659253,True,4.355634918610405
v3_sc1_staging_20,L2,4,15,oracle,False,0,False,True,False,False,True,4.355634918610405,2.102379604162864,0.7433034373659253,True,4.355634918610405
v3_sc1_staging_20,L2,4,16,uncalibrated,False,0,True,True,False,False,True,3.662741699796952,2.245551157288562,1.1423659658795864,True,3.662741699796952
v3_sc1_staging_20,L2,4,16,label_cell,False,0,True,True,False,False,True,3.662741699796952,2.245551157288562,1.1423659658795864,True,3.662741699796952
v3_sc1_staging_20,L2,4,16,geometry,False,0,False,True,False,False,True,3.662741699796952,2.245551157288562,1.1423659658795864,True,3.662741699796952
v3_sc1_staging_20,L2,4,16,label_only,False,1,False,True,False,False,True,3.662741699796952,2.245551157288562,1.1423659658795864,True,3.662741699796952
v3_sc1_staging_20,L2,4,16,pose_only,False,0,True,True,False,False,True,3.662741699796952,2.245551157288562,1.1423659658795864,True,3.662741699796952
v3_sc1_staging_20,L2,4,16,separate,False,1,False,True,False,False,True,3.662741699796952,2.245551157288562,1.1423659658795864,True,3.662741699796952
v3_sc1_staging_20,L2,4,16,joint,False,0,False,True,False,False,True,3.662741699796952,2.245551157288562,1.1423659658795864,True,3.662741699796952
v3_sc1_staging_20,L2,4,16,oracle,False,0,False,True,False,False,True,3.662741699796952,2.245551157288562,1.1423659658795864,True,3.662741699796952
v3_sc1_staging_20,L2,4,17,uncalibrated,False,0,True,True,False,False,True,3.612741699796952,2.333452377915607,0.4,True,3.612741699796952
v3_sc1_staging_20,L2,4,17,label_cell,False,0,True,False,False,False,False,nan,nan,nan,False,3.612741699796952
v3_sc1_staging_20,L2,4,17,geometry,False,0,False,False,False,False,False,nan,nan,nan,False,3.612741699796952
v3_sc1_staging_20,L2,4,17,label_only,False,1,False,False,False,False,False,nan,nan,nan,False,3.612741699796952
v3_sc1_staging_20,L2,4,17,pose_only,False,0,True,True,False,False,True,3.612741699796952,2.333452377915607,0.4,True,3.612741699796952
v3_sc1_staging_20,L2,4,17,separate,False,1,False,False,False,False,False,nan,nan,nan,False,3.612741699796952
v3_sc1_staging_20,L2,4,17,joint,False,0,False,True,False,False,True,3.612741699796952,2.333452377915607,0.4,True,3.612741699796952
v3_sc1_staging_20,L2,4,17,oracle,False,0,False,True,False,False,True,3.612741699796952,2.333452377915607,0.4,True,3.612741699796952
v3_sc1_staging_20,L2,4,18,uncalibrated,False,0,True,True,False,False,True,7.766904755831215,1.1,0.20615528128088303,True,7.766904755831215
v3_sc1_staging_20,L2,4,18,label_cell,False,0,True,False,False,False,False,nan,nan,nan,False,7.766904755831215
v3_sc1_staging_20,L2,4,18,geometry,False,0,False,False,False,False,False,nan,nan,nan,False,7.766904755831215
v3_sc1_staging_20,L2,4,18,label_only,False,1,False,False,False,False,False,nan,nan,nan,False,7.766904755831215
v3_sc1_staging_20,L2,4,18,pose_only,False,0,True,True,False,False,True,7.766904755831215,1.1,0.20615528128088303,True,7.766904755831215
v3_sc1_staging_20,L2,4,18,separate,False,1,False,False,False,False,False,nan,nan,nan,False,7.766904755831215
v3_sc1_staging_20,L2,4,18,joint,False,0,False,False,False,False,False,nan,nan,nan,False,7.766904755831215
v3_sc1_staging_20,L2,4,18,oracle,False,0,False,True,False,False,True,7.766904755831215,1.1,0.20615528128088303,True,7.766904755831215
v3_sc1_staging_20,L2,4,19,uncalibrated,False,0,True,True,False,False,True,6.568376618407356,1.6918924315688633,0.20615528128088303,True,6.568376618407356
v3_sc1_staging_20,L2,4,19,label_cell,False,0,True,False,False,False,False,nan,nan,nan,False,6.568376618407356
v3_sc1_staging_20,L2,4,19,geometry,False,0,False,False,False,False,False,nan,nan,nan,False,6.568376618407356
v3_sc1_staging_20,L2,4,19,label_only,False,1,False,False,False,False,False,nan,nan,nan,False,6.568376618407356
v3_sc1_staging_20,L2,4,19,pose_only,False,0,True,True,False,False,True,6.568376618407356,1.6918924315688633,0.20615528128088303,True,6.568376618407356
v3_sc1_staging_20,L2,4,19,separate,False,1,False,False,False,False,False,nan,nan,nan,False,6.568376618407356
v3_sc1_staging_20,L2,4,19,joint,False,0,False,True,False,False,True,6.568376618407356,1.6918924315688633,0.20615528128088303,True,6.568376618407356
v3_sc1_staging_20,L2,4,19,oracle,False,0,False,True,False,False,True,6.568376618407356,1.6918924315688633,0.20615528128088303,True,6.568376618407356
v3_sc1_staging_20,L3,0,0,uncalibrated,False,0,True,False,False,False,False,nan,nan,nan,False,5.840559159102155
v3_sc1_staging_20,L3,0,0,label_cell,False,0,True,False,False,False,False,nan,nan,nan,False,5.840559159102155
v3_sc1_staging_20,L3,0,0,geometry,False,0,False,False,False,False,False,nan,nan,nan,False,5.840559159102155
v3_sc1_staging_20,L3,0,0,label_only,False,1,False,False,False,False,False,nan,nan,nan,False,5.840559159102155
v3_sc1_staging_20,L3,0,0,pose_only,False,0,False,False,False,False,False,nan,nan,nan,False,5.840559159102155
v3_sc1_staging_20,L3,0,0,separate,False,1,False,False,False,False,False,nan,nan,nan,False,5.840559159102155
v3_sc1_staging_20,L3,0,0,joint,False,0,False,False,False,False,False,nan,nan,nan,False,5.840559159102155
v3_sc1_staging_20,L3,0,0,oracle,False,0,False,True,False,False,True,5.840559159102155,0.95524865872714,0.20615528128088303,True,5.840559159102155
v3_sc1_staging_20,L3,0,1,uncalibrated,False,0,True,True,False,False,True,2.8577164466275353,2.85175384631984,0.20615528128088303,True,2.8577164466275353
v3_sc1_staging_20,L3,0,1,label_cell,False,0,True,True,False,False,True,3.121320343559642,2.85175384631984,0.5099019513592785,True,2.8577164466275353
v3_sc1_staging_20,L3,0,1,geometry,False,0,False,False,False,False,False,nan,nan,nan,False,2.8577164466275353
v3_sc1_staging_20,L3,0,1,label_only,False,1,False,False,False,False,False,nan,nan,nan,False,2.8577164466275353
v3_sc1_staging_20,L3,0,1,pose_only,False,0,False,True,False,False,True,2.8577164466275353,2.85175384631984,0.20615528128088303,True,2.8577164466275353
v3_sc1_staging_20,L3,0,1,separate,False,1,False,False,False,False,False,nan,nan,nan,False,2.8577164466275353
v3_sc1_staging_20,L3,0,1,joint,False,0,False,True,False,False,True,2.8577164466275353,2.85175384631984,0.20615528128088303,True,2.8577164466275353
v3_sc1_staging_20,L3,0,1,oracle,False,0,False,True,False,False,True,2.8577164466275353,2.85175384631984,0.20615528128088303,True,2.8577164466275353
v3_sc1_staging_20,L3,0,2,uncalibrated,False,0,True,True,False,False,True,5.354163056034261,2.0500000000000003,0.5,True,5.354163056034261
v3_sc1_staging_20,L3,0,2,label_cell,False,0,True,False,False,False,False,nan,nan,nan,False,5.354163056034261
v3_sc1_staging_20,L3,0,2,geometry,False,0,False,False,False,False,False,nan,nan,nan,False,5.354163056034261
v3_sc1_staging_20,L3,0,2,label_only,False,1,False,False,False,False,False,nan,nan,nan,False,5.354163056034261
v3_sc1_staging_20,L3,0,2,pose_only,False,0,False,True,False,False,True,5.354163056034261,2.0500000000000003,0.5,True,5.354163056034261
v3_sc1_staging_20,L3,0,2,separate,False,1,False,False,False,False,False,nan,nan,nan,False,5.354163056034261
v3_sc1_staging_20,L3,0,2,joint,False,0,False,True,False,False,True,5.354163056034261,2.0500000000000003,0.5,True,5.354163056034261
v3_sc1_staging_20,L3,0,2,oracle,False,0,False,True,False,False,True,5.354163056034261,2.0500000000000003,0.5,True,5.354163056034261
v3_sc1_staging_20,L3,0,3,uncalibrated,False,0,True,True,False,False,True,3.0541630560342607,2.2770595073471402,0.5852349955359814,True,3.0541630560342607
v3_sc1_staging_20,L3,0,3,label_cell,False,0,True,False,False,False,False,nan,nan,nan,False,3.0541630560342607
v3_sc1_staging_20,L3,0,3,geometry,False,0,False,False,False,False,False,nan,nan,nan,False,3.0541630560342607
v3_sc1_staging_20,L3,0,3,label_only,False,1,False,False,False,False,False,nan,nan,nan,False,3.0541630560342607
v3_sc1_staging_20,L3,0,3,pose_only,False,0,False,True,False,False,True,3.0541630560342607,2.2770595073471402,0.5852349955359814,True,3.0541630560342607
v3_sc1_staging_20,L3,0,3,separate,False,1,False,False,False,False,False,nan,nan,nan,False,3.0541630560342607
v3_sc1_staging_20,L3,0,3,joint,False,0,False,True,False,False,True,3.0541630560342607,2.2770595073471402,0.5852349955359814,True,3.0541630560342607
v3_sc1_staging_20,L3,0,3,oracle,False,0,False,True,False,False,True,3.0541630560342607,2.2770595073471402,0.5852349955359814,True,3.0541630560342607
v3_sc1_staging_20,L3,0,4,uncalibrated,False,0,True,False,False,False,False,nan,nan,nan,False,9.229036790187179
v3_sc1_staging_20,L3,0,4,label_cell,False,0,True,False,False,False,False,nan,nan,nan,False,9.229036790187179
v3_sc1_staging_20,L3,0,4,geometry,False,0,False,False,False,False,False,nan,nan,nan,False,9.229036790187179
v3_sc1_staging_20,L3,0,4,label_only,False,1,False,False,False,False,False,nan,nan,nan,False,9.229036790187179
v3_sc1_staging_20,L3,0,4,pose_only,False,0,False,False,False,False,False,nan,nan,nan,False,9.229036790187179
v3_sc1_staging_20,L3,0,4,separate,False,1,False,False,False,False,False,nan,nan,nan,False,9.229036790187179
v3_sc1_staging_20,L3,0,4,joint,False,0,False,False,False,False,False,nan,nan,nan,False,9.229036790187179
v3_sc1_staging_20,L3,0,4,oracle,False,0,False,True,False,False,True,9.229036790187179,0.5024937810560445,0.20615528128088303,True,9.229036790187179
v3_sc1_staging_20,L3,0,5,uncalibrated,False,0,True,False,False,False,False,nan,nan,nan,False,7.336143571373729
v3_sc1_staging_20,L3,0,5,label_cell,False,0,True,False,False,False,False,nan,nan,nan,False,7.336143571373729
v3_sc1_staging_20,L3,0,5,geometry,False,0,False,False,False,False,False,nan,nan,nan,False,7.336143571373729
v3_sc1_staging_20,L3,0,5,label_only,False,1,False,False,False,False,False,nan,nan,nan,False,7.336143571373729
v3_sc1_staging_20,L3,0,5,pose_only,False,0,False,False,False,False,False,nan,nan,nan,False,7.336143571373729
v3_sc1_staging_20,L3,0,5,separate,False,1,False,False,False,False,False,nan,nan,nan,False,7.336143571373729
v3_sc1_staging_20,L3,0,5,joint,False,0,False,False,False,False,False,nan,nan,nan,False,7.336143571373729
v3_sc1_staging_20,L3,0,5,oracle,False,0,False,True,False,False,True,7.336143571373729,0.5024937810560445,0.20615528128088303,True,7.336143571373729
v3_sc1_staging_20,L3,0,6,uncalibrated,False,0,True,False,False,False,False,nan,nan,nan,False,9.779036790187178
v3_sc1_staging_20,L3,0,6,label_cell,False,0,True,False,False,False,False,nan,nan,nan,False,9.779036790187178
v3_sc1_staging_20,L3,0,6,geometry,False,0,False,False,False,False,False,nan,nan,nan,False,9.779036790187178
v3_sc1_staging_20,L3,0,6,label_only,False,1,False,False,False,False,False,nan,nan,nan,False,9.779036790187178
v3_sc1_staging_20,L3,0,6,pose_only,False,0,False,False,False,False,False,nan,nan,nan,False,9.779036790187178
v3_sc1_staging_20,L3,0,6,separate,False,1,False,False,False,False,False,nan,nan,nan,False,9.779036790187178
v3_sc1_staging_20,L3,0,6,joint,False,0,False,False,False,False,False,nan,nan,nan,False,9.779036790187178
v3_sc1_staging_20,L3,0,6,oracle,False,0,False,True,False,False,True,9.779036790187178,0.5024937810560445,0.20615528128088303,True,9.779036790187178
v3_sc1_staging_20,L3,0,7,uncalibrated,False,0,True,False,False,False,False,nan,nan,nan,False,6.535533905932738
v3_sc1_staging_20,L3,0,7,label_cell,False,0,True,False,False,False,False,nan,nan,nan,False,6.535533905932738
v3_sc1_staging_20,L3,0,7,geometry,False,0,False,False,False,False,False,nan,nan,nan,False,6.535533905932738
v3_sc1_staging_20,L3,0,7,label_only,False,1,False,False,False,False,False,nan,nan,nan,False,6.535533905932738
v3_sc1_staging_20,L3,0,7,pose_only,False,0,False,False,False,False,False,nan,nan,nan,False,6.535533905932738
v3_sc1_staging_20,L3,0,7,separate,False,1,False,False,False,False,False,nan,nan,nan,False,6.535533905932738
v3_sc1_staging_20,L3,0,7,joint,False,0,False,False,False,False,False,nan,nan,nan,False,6.535533905932738
v3_sc1_staging_20,L3,0,7,oracle,False,0,False,True,False,False,True,6.535533905932738,0.5024937810560445,0.20615528128088303,True,6.535533905932738
v3_sc1_staging_20,L3,0,8,uncalibrated,False,0,True,False,False,False,False,nan,nan,nan,False,6.067766952966369
v3_sc1_staging_20,L3,0,8,label_cell,False,0,True,False,False,False,False,nan,nan,nan,False,6.067766952966369
v3_sc1_staging_20,L3,0,8,geometry,False,0,False,False,False,False,False,nan,nan,nan,False,6.067766952966369
v3_sc1_staging_20,L3,0,8,label_only,False,1,False,False,False,False,False,nan,nan,nan,False,6.067766952966369
v3_sc1_staging_20,L3,0,8,pose_only,False,0,False,False,False,False,False,nan,nan,nan,False,6.067766952966369
v3_sc1_staging_20,L3,0,8,separate,False,1,False,False,False,False,False,nan,nan,nan,False,6.067766952966369
v3_sc1_staging_20,L3,0,8,joint,False,0,False,False,False,False,False,nan,nan,nan,False,6.067766952966369
v3_sc1_staging_20,L3,0,8,oracle,False,0,False,True,False,False,True,6.067766952966369,1.1500000000000001,0.20615528128088303,True,6.067766952966369
v3_sc1_staging_20,L3,0,9,uncalibrated,False,0,True,False,False,False,False,nan,nan,nan,False,5.887005768508882
v3_sc1_staging_20,L3,0,9,label_cell,False,0,True,False,False,False,False,nan,nan,nan,False,5.887005768508882
v3_sc1_staging_20,L3,0,9,geometry,False,0,False,False,False,False,False,nan,nan,nan,False,5.887005768508882
v3_sc1_staging_20,L3,0,9,label_only,False,1,False,False,False,False,False,nan,nan,nan,False,5.887005768508882
v3_sc1_staging_20,L3,0,9,pose_only,False,0,False,False,False,False,False,nan,nan,nan,False,5.887005768508882
v3_sc1_staging_20,L3,0,9,separate,False,1,False,False,False,False,False,nan,nan,nan,False,5.887005768508882
v3_sc1_staging_20,L3,0,9,joint,False,0,False,False,False,False,False,nan,nan,nan,False,5.887005768508882
v3_sc1_staging_20,L3,0,9,oracle,False,0,False,True,False,False,True,5.887005768508882,1.8069310999592654,0.20615528128088303,True,5.887005768508882
v3_sc1_staging_20,L3,0,10,uncalibrated,False,0,True,True,False,False,True,4.531370849898476,2.304886114323222,0.65,True,4.531370849898476
v3_sc1_staging_20,L3,0,10,label_cell,False,0,True,True,False,False,True,4.531370849898476,2.304886114323222,0.65,True,4.531370849898476
v3_sc1_staging_20,L3,0,10,geometry,False,0,False,False,False,False,False,nan,nan,nan,False,4.531370849898476
v3_sc1_staging_20,L3,0,10,label_only,False,1,False,False,False,False,False,nan,nan,nan,False,4.531370849898476
v3_sc1_staging_20,L3,0,10,pose_only,False,0,False,True,False,False,True,4.531370849898476,2.304886114323222,0.65,True,4.531370849898476
v3_sc1_staging_20,L3,0,10,separate,False,1,False,False,False,False,False,nan,nan,nan,False,4.531370849898476
v3_sc1_staging_20,L3,0,10,joint,False,0,False,True,False,False,True,4.531370849898476,2.304886114323222,0.65,True,4.531370849898476
v3_sc1_staging_20,L3,0,10,oracle,False,0,False,True,False,False,True,4.531370849898476,2.304886114323222,0.65,True,4.531370849898476
v3_sc1_staging_20,L3,0,11,uncalibrated,False,0,True,True,False,False,True,3.162132034355965,1.9723082923316022,0.5590169943749475,True,3.162132034355965
v3_sc1_staging_20,L3,0,11,label_cell,False,0,True,False,False,False,False,nan,nan,nan,False,3.162132034355965
v3_sc1_staging_20,L3,0,11,geometry,False,0,False,False,False,False,False,nan,nan,nan,False,3.162132034355965
v3_sc1_staging_20,L3,0,11,label_only,False,1,False,False,False,False,False,nan,nan,nan,False,3.162132034355965
v3_sc1_staging_20,L3,0,11,pose_only,False,0,False,True,False,False,True,3.162132034355965,1.9723082923316022,0.5590169943749475,True,3.162132034355965
v3_sc1_staging_20,L3,0,11,separate,False,1,False,False,False,False,False,nan,nan,nan,False,3.162132034355965
v3_sc1_staging_20,L3,0,11,joint,False,0,False,True,False,False,True,3.162132034355965,1.9723082923316022,0.5590169943749475,True,3.162132034355965
v3_sc1_staging_20,L3,0,11,oracle,False,0,False,True,False,False,True,3.162132034355965,1.9723082923316022,0.5590169943749475,True,3.162132034355965
v3_sc1_staging_20,L3,0,12,uncalibrated,False,0,True,True,False,False,True,3.157106781186547,2.9605742686174925,0.45,True,3.157106781186547
v3_sc1_staging_20,L3,0,12,label_cell,False,0,True,False,False,False,False,nan,nan,nan,False,3.157106781186547
v3_sc1_staging_20,L3,0,12,geometry,False,0,False,False,False,False,False,nan,nan,nan,False,3.157106781186547
v3_sc1_staging_20,L3,0,12,label_only,False,1,False,False,False,False,False,nan,nan,nan,False,3.157106781186547
v3_sc1_staging_20,L3,0,12,pose_only,False,0,False,True,False,False,True,3.157106781186547,2.9605742686174925,0.45,True,3.157106781186547
v3_sc1_staging_20,L3,0,12,separate,False,1,False,False,False,False,False,nan,nan,nan,False,3.157106781186547
v3_sc1_staging_20,L3,0,12,joint,False,0,False,True,False,False,True,3.157106781186547,2.9605742686174925,0.45,True,3.157106781186547
v3_sc1_staging_20,L3,0,12,oracle,False,0,False,True,False,False,True,3.157106781186547,2.9605742686174925,0.45,True,3.157106781186547
v3_sc1_staging_20,L3,0,13,uncalibrated,False,0,True,False,False,False,False,nan,nan,nan,False,9.027564927611037
v3_sc1_staging_20,L3,0,13,label_cell,False,0,True,False,False,False,False,nan,nan,nan,False,9.027564927611037
v3_sc1_staging_20,L3,0,13,geometry,False,0,False,False,False,False,False,nan,nan,nan,False,9.027564927611037
v3_sc1_staging_20,L3,0,13,label_only,False,1,False,False,False,False,False,nan,nan,nan,False,9.027564927611037
v3_sc1_staging_20,L3,0,13,pose_only,False,0,False,False,False,False,False,nan,nan,nan,False,9.027564927611037
v3_sc1_staging_20,L3,0,13,separate,False,1,False,False,False,False,False,nan,nan,nan,False,9.027564927611037
v3_sc1_staging_20,L3,0,13,joint,False,0,False,False,False,False,False,nan,nan,nan,False,9.027564927611037
v3_sc1_staging_20,L3,0,13,oracle,False,0,False,True,False,False,True,9.027564927611037,0.5024937810560445,0.20615528128088303,True,9.027564927611037
v3_sc1_staging_20,L3,0,14,uncalibrated,False,0,True,True,False,False,True,3.4485281374238577,2.25,1.25,True,3.4485281374238577
v3_sc1_staging_20,L3,0,14,label_cell,False,0,True,True,False,False,True,3.4485281374238577,2.25,1.25,True,3.4485281374238577
v3_sc1_staging_20,L3,0,14,geometry,False,0,False,True,False,False,True,3.4485281374238577,2.25,1.25,True,3.4485281374238577
v3_sc1_staging_20,L3,0,14,label_only,False,1,False,True,False,False,True,3.4485281374238577,2.25,1.25,True,3.4485281374238577
v3_sc1_staging_20,L3,0,14,pose_only,False,0,False,True,False,False,True,3.4485281374238577,2.25,1.25,True,3.4485281374238577
v3_sc1_staging_20,L3,0,14,separate,False,1,False,True,False,False,True,3.4485281374238577,2.25,1.25,True,3.4485281374238577
v3_sc1_staging_20,L3,0,14,joint,False,0,False,True,False,False,True,3.4485281374238577,2.25,1.25,True,3.4485281374238577
v3_sc1_staging_20,L3,0,14,oracle,False,0,False,True,False,False,True,3.4485281374238577,2.25,1.25,True,3.4485281374238577
v3_sc1_staging_20,L3,0,15,uncalibrated,False,0,True,True,False,False,True,4.334924240491749,2.1,0.7433034373659253,True,4.334924240491749
v3_sc1_staging_20,L3,0,15,label_cell,False,0,True,False,False,False,False,nan,nan,nan,False,4.334924240491749
v3_sc1_staging_20,L3,0,15,geometry,False,0,False,False,False,False,False,nan,nan,nan,False,4.334924240491749
v3_sc1_staging_20,L3,0,15,label_only,False,1,False,False,False,False,False,nan,nan,nan,False,4.334924240491749
v3_sc1_staging_20,L3,0,15,pose_only,False,0,False,True,False,False,True,4.334924240491749,2.1,0.7433034373659253,True,4.334924240491749
v3_sc1_staging_20,L3,0,15,separate,False,1,False,False,False,False,False,nan,nan,nan,False,4.334924240491749
v3_sc1_staging_20,L3,0,15,joint,False,0,False,True,False,False,True,4.334924240491749,2.1,0.7433034373659253,True,4.334924240491749
v3_sc1_staging_20,L3,0,15,oracle,False,0,False,True,False,False,True,4.334924240491749,2.1,0.7433034373659253,True,4.334924240491749
v3_sc1_staging_20,L3,0,16,uncalibrated,False,0,True,True,False,False,True,3.6420310216782967,2.23606797749979,1.1236102527122116,True,3.6420310216782967
v3_sc1_staging_20,L3,0,16,label_cell,False,0,True,True,False,False,True,3.6420310216782967,2.23606797749979,1.1236102527122116,True,3.6420310216782967
v3_sc1_staging_20,L3,0,16,geometry,False,0,False,True,False,False,True,3.6420310216782967,2.23606797749979,1.1236102527122116,True,3.6420310216782967
v3_sc1_staging_20,L3,0,16,label_only,False,1,False,True,False,False,True,3.6420310216782967,2.23606797749979,1.1236102527122116,True,3.6420310216782967
v3_sc1_staging_20,L3,0,16,pose_only,False,0,False,True,False,False,True,3.6420310216782967,2.23606797749979,1.1236102527122116,True,3.6420310216782967
v3_sc1_staging_20,L3,0,16,separate,False,1,False,True,False,False,True,3.6420310216782967,2.23606797749979,1.1236102527122116,True,3.6420310216782967
v3_sc1_staging_20,L3,0,16,joint,False,0,False,True,False,False,True,3.6420310216782967,2.23606797749979,1.1236102527122116,True,3.6420310216782967
v3_sc1_staging_20,L3,0,16,oracle,False,0,False,True,False,False,True,3.6420310216782967,2.23606797749979,1.1236102527122116,True,3.6420310216782967
v3_sc1_staging_20,L3,0,17,uncalibrated,False,0,True,True,False,False,True,3.5834523779156067,2.3005434140654684,0.4,True,3.5834523779156067
v3_sc1_staging_20,L3,0,17,label_cell,False,0,True,False,False,False,False,nan,nan,nan,False,3.5834523779156067
v3_sc1_staging_20,L3,0,17,geometry,False,0,False,False,False,False,False,nan,nan,nan,False,3.5834523779156067
v3_sc1_staging_20,L3,0,17,label_only,False,1,False,False,False,False,False,nan,nan,nan,False,3.5834523779156067
v3_sc1_staging_20,L3,0,17,pose_only,False,0,False,True,False,False,True,3.5834523779156067,2.3005434140654684,0.4,True,3.5834523779156067
v3_sc1_staging_20,L3,0,17,separate,False,1,False,False,False,False,False,nan,nan,nan,False,3.5834523779156067
v3_sc1_staging_20,L3,0,17,joint,False,0,False,True,False,False,True,3.5834523779156067,2.3005434140654684,0.4,True,3.5834523779156067
v3_sc1_staging_20,L3,0,17,oracle,False,0,False,True,False,False,True,3.5834523779156067,2.3005434140654684,0.4,True,3.5834523779156067
v3_sc1_staging_20,L3,0,18,uncalibrated,False,0,True,False,False,False,False,nan,nan,nan,False,7.737615433949873
v3_sc1_staging_20,L3,0,18,label_cell,False,0,True,False,False,False,False,nan,nan,nan,False,7.737615433949873
v3_sc1_staging_20,L3,0,18,geometry,False,0,False,False,False,False,False,nan,nan,nan,False,7.737615433949873
v3_sc1_staging_20,L3,0,18,label_only,False,1,False,False,False,False,False,nan,nan,nan,False,7.737615433949873
v3_sc1_staging_20,L3,0,18,pose_only,False,0,False,False,False,False,False,nan,nan,nan,False,7.737615433949873
v3_sc1_staging_20,L3,0,18,separate,False,1,False,False,False,False,False,nan,nan,nan,False,7.737615433949873
v3_sc1_staging_20,L3,0,18,joint,False,0,False,False,False,False,False,nan,nan,nan,False,7.737615433949873
v3_sc1_staging_20,L3,0,18,oracle,False,0,False,True,False,False,True,7.737615433949873,1.1500000000000001,0.20615528128088303,True,7.737615433949873
v3_sc1_staging_20,L3,0,19,uncalibrated,False,0,True,True,False,False,True,6.730508652763323,1.6918924315688633,0.20615528128088303,True,6.589087296526012
v3_sc1_staging_20,L3,0,19,label_cell,False,0,True,False,False,False,False,nan,nan,nan,False,6.589087296526012
v3_sc1_staging_20,L3,0,19,geometry,False,0,False,False,False,False,False,nan,nan,nan,False,6.589087296526012
v3_sc1_staging_20,L3,0,19,label_only,False,1,False,False,False,False,False,nan,nan,nan,False,6.589087296526012
v3_sc1_staging_20,L3,0,19,pose_only,False,0,False,True,False,False,True,6.730508652763323,1.6918924315688633,0.20615528128088303,True,6.589087296526012
v3_sc1_staging_20,L3,0,19,separate,False,1,False,False,False,False,False,nan,nan,nan,False,6.589087296526012
v3_sc1_staging_20,L3,0,19,joint,False,0,False,True,False,False,True,6.730508652763323,1.6918924315688633,0.20615528128088303,True,6.589087296526012
v3_sc1_staging_20,L3,0,19,oracle,False,0,False,True,False,False,True,6.589087296526012,1.6918924315688633,0.20615528128088303,True,6.589087296526012
v3_sc1_staging_20,L3,1,0,uncalibrated,False,0,True,False,False,False,False,nan,nan,nan,False,5.890559159102155
v3_sc1_staging_20,L3,1,0,label_cell,False,0,True,False,False,False,False,nan,nan,nan,False,5.890559159102155
v3_sc1_staging_20,L3,1,0,geometry,False,0,False,False,False,False,False,nan,nan,nan,False,5.890559159102155
v3_sc1_staging_20,L3,1,0,label_only,False,1,False,False,False,False,False,nan,nan,nan,False,5.890559159102155
v3_sc1_staging_20,L3,1,0,pose_only,False,0,False,False,False,False,False,nan,nan,nan,False,5.890559159102155
v3_sc1_staging_20,L3,1,0,separate,False,1,False,False,False,False,False,nan,nan,nan,False,5.890559159102155
v3_sc1_staging_20,L3,1,0,joint,False,0,False,False,False,False,False,nan,nan,nan,False,5.890559159102155
v3_sc1_staging_20,L3,1,0,oracle,False,0,False,True,False,False,True,5.890559159102155,0.95524865872714,0.20615528128088303,True,5.890559159102155
v3_sc1_staging_20,L3,1,1,uncalibrated,False,0,True,True,False,False,True,2.966295090390225,2.804014978561991,0.28284271247461906,True,2.907716446627535
v3_sc1_staging_20,L3,1,1,label_cell,False,0,True,False,False,False,False,nan,nan,nan,False,2.907716446627535
v3_sc1_staging_20,L3,1,1,geometry,False,0,False,False,False,False,False,nan,nan,nan,False,2.907716446627535
v3_sc1_staging_20,L3,1,1,label_only,False,1,False,False,False,False,False,nan,nan,nan,False,2.907716446627535
v3_sc1_staging_20,L3,1,1,pose_only,False,0,False,True,False,False,True,2.966295090390225,2.804014978561991,0.28284271247461906,True,2.907716446627535
v3_sc1_staging_20,L3,1,1,separate,False,1,False,False,False,False,False,nan,nan,nan,False,2.907716446627535
v3_sc1_staging_20,L3,1,1,joint,False,0,False,True,False,False,True,2.966295090390225,2.804014978561991,0.28284271247461906,True,2.907716446627535
v3_sc1_staging_20,L3,1,1,oracle,False,0,False,True,False,False,True,2.907716446627535,2.804014978561991,0.21213203435596426,True,2.907716446627535
v3_sc1_staging_20,L3,1,2,uncalibrated,False,0,True,True,False,False,True,5.366295090390226,2.0130822139197395,0.5,True,5.366295090390226
v3_sc1_staging_20,L3,1,2,label_cell,False,0,True,False,False,False,False,nan,nan,nan,False,5.366295090390226
v3_sc1_staging_20,L3,1,2,geometry,False,0,False,False,False,False,False,nan,nan,nan,False,5.366295090390226
v3_sc1_staging_20,L3,1,2,label_only,False,1,False,False,False,False,False,nan,nan,nan,False,5.366295090390226
v3_sc1_staging_20,L3,1,2,pose_only,False,0,False,True,False,False,True,5.366295090390226,2.0130822139197395,0.5,True,5.366295090390226
v3_sc1_staging_20,L3,1,2,separate,False,1,False,False,False,False,False,nan,nan,nan,False,5.366295090390226
v3_sc1_staging_20,L3,1,2,joint,False,0,False,True,False,False,True,5.366295090390226,2.0130822139197395,0.5,True,5.366295090390226
v3_sc1_staging_20,L3,1,2,oracle,False,0,False,True,False,False,True,5.366295090390226,2.0130822139197395,0.5,True,5.366295090390226
v3_sc1_staging_20,L3,1,3,uncalibrated,False,0,True,True,False,False,True,3.0455844122715705,2.2699118925632336,0.6041522986797286,True,3.0455844122715705
v3_sc1_staging_20,L3,1,3,label_cell,False,0,True,True,False,False,True,3.0455844122715705,2.2699118925632336,0.6041522986797286,True,3.0455844122715705
v3_sc1_staging_20,L3,1,3,geometry,False,0,False,False,False,False,False,nan,nan,nan,False,3.0455844122715705
v3_sc1_staging_20,L3,1,3,label_only,False,1,False,False,False,False,False,nan,nan,nan,False,3.0455844122715705
v3_sc1_staging_20,L3,1,3,pose_only,False,0,False,True,False,False,True,3.0455844122715705,2.2699118925632336,0.6041522986797286,True,3.0455844122715705
v3_sc1_staging_20,L3,1,3,separate,False,1,False,False,False,False,False,nan,nan,nan,False,3.0455844122715705
v3_sc1_staging_20,L3,1,3,joint,False,0,False,True,False,False,True,3.0455844122715705,2.2699118925632336,0.6041522986797286,True,3.0455844122715705
v3_sc1_staging_20,L3,1,3,oracle,False,0,False,True,False,False,True,3.0455844122715705,2.2699118925632336,0.6041522986797286,True,3.0455844122715705
v3_sc1_staging_20,L3,1,4,uncalibrated,False,0,True,False,False,False,False,nan,nan,nan,False,9.229036790187179
v3_sc1_staging_20,L3,1,4,label_cell,False,0,True,False,False,False,False,nan,nan,nan,False,9.229036790187179
v3_sc1_staging_20,L3,1,4,geometry,False,0,False,False,False,False,False,nan,nan,nan,False,9.229036790187179
v3_sc1_staging_20,L3,1,4,label_only,False,1,False,False,False,False,False,nan,nan,nan,False,9.229036790187179
v3_sc1_staging_20,L3,1,4,pose_only,False,0,False,False,False,False,False,nan,nan,nan,False,9.229036790187179
v3_sc1_staging_20,L3,1,4,separate,False,1,False,False,False,False,False,nan,nan,nan,False,9.229036790187179
v3_sc1_staging_20,L3,1,4,joint,False,0,False,False,False,False,False,nan,nan,nan,False,9.229036790187179
v3_sc1_staging_20,L3,1,4,oracle,False,0,False,True,False,False,True,9.229036790187179,0.5024937810560445,0.20615528128088303,True,9.229036790187179
v3_sc1_staging_20,L3,1,5,uncalibrated,False,0,True,False,False,False,False,nan,nan,nan,False,7.374011537017765
v3_sc1_staging_20,L3,1,5,label_cell,False,0,True,False,False,False,False,nan,nan,nan,False,7.374011537017765
v3_sc1_staging_20,L3,1,5,geometry,False,0,False,False,False,False,False,nan,nan,nan,False,7.374011537017765
v3_sc1_staging_20,L3,1,5,label_only,False,1,False,False,False,False,False,nan,nan,nan,False,7.374011537017765
v3_sc1_staging_20,L3,1,5,pose_only,False,0,False,False,False,False,False,nan,nan,nan,False,7.374011537017765
v3_sc1_staging_20,L3,1,5,separate,False,1,False,False,False,False,False,nan,nan,nan,False,7.374011537017765
v3_sc1_staging_20,L3,1,5,joint,False,0,False,False,False,False,False,nan,nan,nan,False,7.374011537017765
v3_sc1_staging_20,L3,1,5,oracle,False,0,False,True,False,False,True,7.374011537017765,0.5024937810560445,0.20615528128088303,True,7.374011537017765
v3_sc1_staging_20,L3,1,6,uncalibrated,False,0,True,False,False,False,False,nan,nan,nan,False,9.820458146424489
v3_sc1_staging_20,L3,1,6,label_cell,False,0,True,False,False,False,False,nan,nan,nan,False,9.820458146424489
v3_sc1_staging_20,L3,1,6,geometry,False,0,False,False,False,False,False,nan,nan,nan,False,9.820458146424489
v3_sc1_staging_20,L3,1,6,label_only,False,1,False,False,False,False,False,nan,nan,nan,False,9.820458146424489
v3_sc1_staging_20,L3,1,6,pose_only,False,0,False,False,False,False,False,nan,nan,nan,False,9.820458146424489
v3_sc1_staging_20,L3,1,6,separate,False,1,False,False,False,False,False,nan,nan,nan,False,9.820458146424489
v3_sc1_staging_20,L3,1,6,joint,False,0,False,False,False,False,False,nan,nan,nan,False,9.820458146424489
v3_sc1_staging_20,L3,1,6,oracle,False,0,False,True,False,False,True,9.820458146424489,0.5024937810560445,0.20615528128088303,True,9.820458146424489
v3_sc1_staging_20,L3,1,7,uncalibrated,False,0,True,False,False,False,False,nan,nan,nan,False,6.556244584051393
v3_sc1_staging_20,L3,1,7,label_cell,False,0,True,False,False,False,False,nan,nan,nan,False,6.556244584051393
v3_sc1_staging_20,L3,1,7,geometry,False,0,False,False,False,False,False,nan,nan,nan,False,6.556244584051393
v3_sc1_staging_20,L3,1,7,label_only,False,1,False,False,False,False,False,nan,nan,nan,False,6.556244584051393
v3_sc1_staging_20,L3,1,7,pose_only,False,0,False,False,False,False,False,nan,nan,nan,False,6.556244584051393
v3_sc1_staging_20,L3,1,7,separate,False,1,False,False,False,False,False,nan,nan,nan,False,6.556244584051393
v3_sc1_staging_20,L3,1,7,joint,False,0,False,False,False,False,False,nan,nan,nan,False,6.556244584051393
v3_sc1_staging_20,L3,1,7,oracle,False,0,False,True,False,False,True,6.556244584051393,0.5024937810560445,0.20615528128088303,True,6.556244584051393
v3_sc1_staging_20,L3,1,8,uncalibrated,False,0,True,False,False,False,False,nan,nan,nan,False,6.047056274847714
v3_sc1_staging_20,L3,1,8,label_cell,False,0,True,False,False,False,False,nan,nan,nan,False,6.047056274847714
v3_sc1_staging_20,L3,1,8,geometry,False,0,False,False,False,False,False,nan,nan,nan,False,6.047056274847714
v3_sc1_staging_20,L3,1,8,label_only,False,1,False,False,False,False,False,nan,nan,nan,False,6.047056274847714
v3_sc1_staging_20,L3,1,8,pose_only,False,0,False,False,False,False,False,nan,nan,nan,False,6.047056274847714
v3_sc1_staging_20,L3,1,8,separate,False,1,False,False,False,False,False,nan,nan,nan,False,6.047056274847714
v3_sc1_staging_20,L3,1,8,joint,False,0,False,False,False,False,False,nan,nan,nan,False,6.047056274847714
v3_sc1_staging_20,L3,1,8,oracle,False,0,False,True,False,False,True,6.047056274847714,1.1,0.20615528128088303,True,6.047056274847714
v3_sc1_staging_20,L3,1,9,uncalibrated,False,0,True,True,False,False,True,5.904163056034263,1.8200274723201297,0.25,True,5.845584412271572
v3_sc1_staging_20,L3,1,9,label_cell,False,0,True,False,False,False,False,nan,nan,nan,False,5.845584412271572
v3_sc1_staging_20,L3,1,9,geometry,False,0,False,False,False,False,False,nan,nan,nan,False,5.845584412271572
v3_sc1_staging_20,L3,1,9,label_only,False,1,False,False,False,False,False,nan,nan,nan,False,5.845584412271572
v3_sc1_staging_20,L3,1,9,pose_only,False,0,False,True,False,False,True,5.904163056034263,1.8200274723201297,0.25,True,5.845584412271572
v3_sc1_staging_20,L3,1,9,separate,False,1,False,False,False,False,False,nan,nan,nan,False,5.845584412271572
v3_sc1_staging_20,L3,1,9,joint,False,0,False,True,False,False,True,5.904163056034263,1.8200274723201297,0.25,True,5.845584412271572
v3_sc1_staging_20,L3,1,9,oracle,False,0,False,True,False,False,True,5.845584412271572,1.8200274723201297,0.20615528128088303,True,5.845584412271572
v3_sc1_staging_20,L3,1,10,uncalibrated,False,0,True,True,False,False,True,4.59350288425444,2.2677080940897136,0.65,True,4.59350288425444
v3_sc1_staging_20,L3,1,10,label_cell,False,0,True,True,False,False,True,4.59350288425444,2.2677080940897136,0.65,True,4.59350288425444
v3_sc1_staging_20,L3,1,10,geometry,False,0,False,False,False,False,False,nan,nan,nan,False,4.59350288425444
v3_sc1_staging_20,L3,1,10,label_only,False,1,False,False,False,False,False,nan,nan,nan,False,4.59350288425444
v3_sc1_staging_20,L3,1,10,pose_only,False,0,False,True,False,False,True,4.59350288425444,2.2677080940897136,0.65,True,4.59350288425444
v3_sc1_staging_20,L3,1,10,separate,False,1,False,False,False,False,False,nan,nan,nan,False,4.59350288425444
v3_sc1_staging_20,L3,1,10,joint,False,0,False,True,False,False,True,4.59350288425444,2.2677080940897136,0.65,True,4.59350288425444
v3_sc1_staging_20,L3,1,10,oracle,False,0,False,True,False,False,True,4.59350288425444,2.2677080940897136,0.65,True,4.59350288425444
v3_sc1_staging_20,L3,1,11,uncalibrated,False,0,True,True,False,False,True,3.1414213562373092,1.9557607215607946,0.6264982043070835,True,3.1414213562373092
v3_sc1_staging_20,L3,1,11,label_cell,False,0,True,True,False,False,True,3.1414213562373092,1.9557607215607946,0.6264982043070835,True,3.1414213562373092
v3_sc1_staging_20,L3,1,11,geometry,False,0,False,False,False,False,False,nan,nan,nan,False,3.1414213562373092
v3_sc1_staging_20,L3,1,11,label_only,False,1,False,False,False,False,False,nan,nan,nan,False,3.1414213562373092
v3_sc1_staging_20,L3,1,11,pose_only,False,0,False,True,False,False,True,3.1414213562373092,1.9557607215607946,0.6264982043070835,True,3.1414213562373092
v3_sc1_staging_20,L3,1,11,separate,False,1,False,False,False,False,False,nan,nan,nan,False,3.1414213562373092
v3_sc1_staging_20,L3,1,11,joint,False,0,False,True,False,False,True,3.1414213562373092,1.9557607215607946,0.6264982043070835,True,3.1414213562373092
v3_sc1_staging_20,L3,1,11,oracle,False,0,False,True,False,False,True,3.1414213562373092,1.9557607215607946,0.6264982043070835,True,3.1414213562373092
v3_sc1_staging_20,L3,1,12,uncalibrated,False,0,True,True,False,False,True,3.115685424949238,2.906888370749727,0.5,True,3.115685424949238
v3_sc1_staging_20,L3,1,12,label_cell,False,0,True,False,False,False,False,nan,nan,nan,False,3.115685424949238
v3_sc1_staging_20,L3,1,12,geometry,False,0,False,False,False,False,False,nan,nan,nan,False,3.115685424949238
v3_sc1_staging_20,L3,1,12,label_only,False,1,False,False,False,False,False,nan,nan,nan,False,3.115685424949238
v3_sc1_staging_20,L3,1,12,pose_only,False,0,False,True,False,False,True,3.115685424949238,2.906888370749727,0.5,True,3.115685424949238
v3_sc1_staging_20,L3,1,12,separate,False,1,False,False,False,False,False,nan,nan,nan,False,3.115685424949238
v3_sc1_staging_20,L3,1,12,joint,False,0,False,True,False,False,True,3.115685424949238,2.906888370749727,0.5,True,3.115685424949238
v3_sc1_staging_20,L3,1,12,oracle,False,0,False,True,False,False,True,3.115685424949238,2.906888370749727,0.5,True,3.115685424949238
v3_sc1_staging_20,L3,1,13,uncalibrated,False,0,True,False,False,False,False,nan,nan,nan,False,9.065432893255071
v3_sc1_staging_20,L3,1,13,label_cell,False,0,True,False,False,False,False,nan,nan,nan,False,9.065432893255071
v3_sc1_staging_20,L3,1,13,geometry,False,0,False,False,False,False,False,nan,nan,nan,False,9.065432893255071
v3_sc1_staging_20,L3,1,13,label_only,False,1,False,False,False,False,False,nan,nan,nan,False,9.065432893255071
v3_sc1_staging_20,L3,1,13,pose_only,False,0,False,False,False,False,False,nan,nan,nan,False,9.065432893255071
v3_sc1_staging_20,L3,1,13,separate,False,1,False,False,False,False,False,nan,nan,nan,False,9.065432893255071
v3_sc1_staging_20,L3,1,13,joint,False,0,False,False,False,False,False,nan,nan,nan,False,9.065432893255071
v3_sc1_staging_20,L3,1,13,oracle,False,0,False,True,False,False,True,9.065432893255071,0.5024937810560445,0.20615528128088303,True,9.065432893255071
v3_sc1_staging_20,L3,1,14,uncalibrated,False,0,True,True,False,False,True,3.457106781186548,2.35,1.2000000000000002,True,3.457106781186548
v3_sc1_staging_20,L3,1,14,label_cell,False,0,True,True,False,False,True,3.457106781186548,2.35,1.2000000000000002,True,3.457106781186548
v3_sc1_staging_20,L3,1,14,geometry,False,0,False,True,False,False,True,3.457106781186548,2.35,1.2000000000000002,True,3.457106781186548
v3_sc1_staging_20,L3,1,14,label_only,False,1,False,True,False,False,True,3.457106781186548,2.35,1.2000000000000002,True,3.457106781186548
v3_sc1_staging_20,L3,1,14,pose_only,False,0,False,True,False,False,True,3.457106781186548,2.35,1.2000000000000002,True,3.457106781186548
v3_sc1_staging_20,L3,1,14,separate,False,1,False,True,False,False,True,3.457106781186548,2.35,1.2000000000000002,True,3.457106781186548
v3_sc1_staging_20,L3,1,14,joint,False,0,False,True,False,False,True,3.457106781186548,2.35,1.2000000000000002,True,3.457106781186548
v3_sc1_staging_20,L3,1,14,oracle,False,0,False,True,False,False,True,3.457106781186548,2.35,1.2000000000000002,True,3.457106781186548
v3_sc1_staging_20,L3,1,15,uncalibrated,False,0,True,True,False,False,True,4.376345596729059,2.102379604162864,0.696419413859206,True,4.376345596729059
v3_sc1_staging_20,L3,1,15,label_cell,False,0,True,True,False,False,True,4.376345596729059,2.102379604162864,0.696419413859206,True,4.376345596729059
v3_sc1_staging_20,L3,1,15,geometry,False,0,False,False,False,False,False,nan,nan,nan,False,4.376345596729059
v3_sc1_staging_20,L3,1,15,label_only,False,1,False,False,False,False,False,nan,nan,nan,False,4.376345596729059
v3_sc1_staging_20,L3,1,15,pose_only,False,0,False,True,False,False,True,4.376345596729059,2.102379604162864,0.696419413859206,True,4.376345596729059
v3_sc1_staging_20,L3,1,15,separate,False,1,False,False,False,False,False,nan,nan,nan,False,4.376345596729059
v3_sc1_staging_20,L3,1,15,joint,False,0,False,True,False,False,True,4.376345596729059,2.102379604162864,0.696419413859206,True,4.376345596729059
v3_sc1_staging_20,L3,1,15,oracle,False,0,False,True,False,False,True,4.376345596729059,2.102379604162864,0.696419413859206,True,4.376345596729059
v3_sc1_staging_20,L3,1,16,uncalibrated,False,0,True,True,False,False,True,3.6334523779156065,2.245551157288562,1.1313708498984762,True,3.6334523779156065
v3_sc1_staging_20,L3,1,16,label_cell,False,0,True,True,False,False,True,3.6334523779156065,2.245551157288562,1.1313708498984762,True,3.6334523779156065
v3_sc1_staging_20,L3,1,16,geometry,False,0,False,True,False,False,True,3.6334523779156065,2.245551157288562,1.1313708498984762,True,3.6334523779156065
v3_sc1_staging_20,L3,1,16,label_only,False,1,False,True,False,False,True,3.6334523779156065,2.245551157288562,1.1313708498984762,True,3.6334523779156065
v3_sc1_staging_20,L3,1,16,pose_only,False,0,False,True,False,False,True,3.6334523779156065,2.245551157288562,1.1313708498984762,True,3.6334523779156065
v3_sc1_staging_20,L3,1,16,separate,False,1,False,True,False,False,True,3.6334523779156065,2.245551157288562,1.1313708498984762,True,3.6334523779156065
v3_sc1_staging_20,L3,1,16,joint,False,0,False,True,False,False,True,3.6334523779156065,2.245551157288562,1.1313708498984762,True,3.6334523779156065
v3_sc1_staging_20,L3,1,16,oracle,False,0,False,True,False,False,True,3.6334523779156065,2.245551157288562,1.1313708498984762,True,3.6334523779156065
v3_sc1_staging_20,L3,1,17,uncalibrated,False,0,True,True,False,False,True,3.5420310216782975,2.333452377915607,0.45,True,3.5420310216782975
v3_sc1_staging_20,L3,1,17,label_cell,False,0,True,False,False,False,False,nan,nan,nan,False,3.5420310216782975
v3_sc1_staging_20,L3,1,17,geometry,False,0,False,False,False,False,False,nan,nan,nan,False,3.5420310216782975
v3_sc1_staging_20,L3,1,17,label_only,False,1,False,False,False,False,False,nan,nan,nan,False,3.5420310216782975
v3_sc1_staging_20,L3,1,17,pose_only,False,0,False,True,False,False,True,3.5420310216782975,2.333452377915607,0.45,True,3.5420310216782975
v3_sc1_staging_20,L3,1,17,separate,False,1,False,False,False,False,False,nan,nan,nan,False,3.5420310216782975
v3_sc1_staging_20,L3,1,17,joint,False,0,False,True,False,False,True,3.5420310216782975,2.333452377915607,0.45,True,3.5420310216782975
v3_sc1_staging_20,L3,1,17,oracle,False,0,False,True,False,False,True,3.5420310216782975,2.333452377915607,0.45,True,3.5420310216782975
v3_sc1_staging_20,L3,1,18,uncalibrated,False,0,True,False,False,False,False,nan,nan,nan,False,7.816904755831215
v3_sc1_staging_20,L3,1,18,label_cell,False,0,True,False,False,False,False,nan,nan,nan,False,7.816904755831215
v3_sc1_staging_20,L3,1,18,geometry,False,0,False,False,False,False,False,nan,nan,nan,False,7.816904755831215
v3_sc1_staging_20,L3,1,18,label_only,False,1,False,False,False,False,False,nan,nan,nan,False,7.816904755831215
v3_sc1_staging_20,L3,1,18,pose_only,False,0,False,False,False,False,False,nan,nan,nan,False,7.816904755831215
v3_sc1_staging_20,L3,1,18,separate,False,1,False,False,False,False,False,nan,nan,nan,False,7.816904755831215
v3_sc1_staging_20,L3,1,18,joint,False,0,False,False,False,False,False,nan,nan,nan,False,7.816904755831215
v3_sc1_staging_20,L3,1,18,oracle,False,0,False,True,False,False,True,7.816904755831215,1.1,0.20615528128088303,True,7.816904755831215
v3_sc1_staging_20,L3,1,19,uncalibrated,False,0,True,True,False,False,True,6.668376618407357,1.6620770138594663,0.28284271247461906,True,6.589087296526012
v3_sc1_staging_20,L3,1,19,label_cell,False,0,True,False,False,False,False,nan,nan,nan,False,6.589087296526012
v3_sc1_staging_20,L3,1,19,geometry,False,0,False,False,False,False,False,nan,nan,nan,False,6.589087296526012
v3_sc1_staging_20,L3,1,19,label_only,False,1,False,False,False,False,False,nan,nan,nan,False,6.589087296526012
v3_sc1_staging_20,L3,1,19,pose_only,False,0,False,True,False,False,True,6.668376618407357,1.6620770138594663,0.28284271247461906,True,6.589087296526012
v3_sc1_staging_20,L3,1,19,separate,False,1,False,False,False,False,False,nan,nan,nan,False,6.589087296526012
v3_sc1_staging_20,L3,1,19,joint,False,0,False,True,False,False,True,6.668376618407357,1.6620770138594663,0.28284271247461906,True,6.589087296526012
v3_sc1_staging_20,L3,1,19,oracle,False,0,False,True,False,False,True,6.589087296526012,1.6620770138594663,0.20615528128088303,True,6.589087296526012
v3_sc1_staging_20,L3,2,0,uncalibrated,False,0,True,True,False,False,True,5.86126983722081,0.95524865872714,0.18027756377319948,True,5.8198484809835005
v3_sc1_staging_20,L3,2,0,label_cell,False,0,True,False,False,False,False,nan,nan,nan,False,5.8198484809835005
v3_sc1_staging_20,L3,2,0,geometry,False,0,False,False,False,False,False,nan,nan,nan,False,5.8198484809835005
v3_sc1_staging_20,L3,2,0,label_only,False,1,False,False,False,False,False,nan,nan,nan,False,5.8198484809835005
v3_sc1_staging_20,L3,2,0,pose_only,False,0,False,False,False,False,False,nan,nan,nan,False,5.8198484809835005
v3_sc1_staging_20,L3,2,0,separate,False,1,False,False,False,False,False,nan,nan,nan,False,5.8198484809835005
v3_sc1_staging_20,L3,2,0,joint,False,0,False,False,False,False,False,nan,nan,nan,False,5.8198484809835005
v3_sc1_staging_20,L3,2,0,oracle,False,0,False,True,False,False,True,5.8198484809835005,0.95524865872714,0.20615528128088303,True,5.8198484809835005
v3_sc1_staging_20,L3,2,1,uncalibrated,False,0,True,True,False,False,True,2.98700576850888,2.804014978561991,0.25,True,2.92842712474619
v3_sc1_staging_20,L3,2,1,label_cell,False,0,True,True,False,False,True,3.2506096654409866,2.804014978561991,0.5385164807134504,True,2.92842712474619
v3_sc1_staging_20,L3,2,1,geometry,False,0,False,False,False,False,False,nan,nan,nan,False,2.92842712474619
v3_sc1_staging_20,L3,2,1,label_only,False,1,False,False,False,False,False,nan,nan,nan,False,2.92842712474619
v3_sc1_staging_20,L3,2,1,pose_only,False,0,False,True,False,False,True,2.98700576850888,2.804014978561991,0.25,True,2.92842712474619
v3_sc1_staging_20,L3,2,1,separate,False,1,False,False,False,False,False,nan,nan,nan,False,2.92842712474619
v3_sc1_staging_20,L3,2,1,joint,False,0,False,True,False,False,True,2.98700576850888,2.804014978561991,0.25,True,2.92842712474619
v3_sc1_staging_20,L3,2,1,oracle,False,0,False,True,False,False,True,2.92842712474619,2.804014978561991,0.21213203435596426,True,2.92842712474619
v3_sc1_staging_20,L3,2,2,uncalibrated,False,0,True,True,False,False,True,5.34558441227157,2.0155644370746373,0.5,True,5.34558441227157
v3_sc1_staging_20,L3,2,2,label_cell,False,0,True,False,False,False,False,nan,nan,nan,False,5.34558441227157
v3_sc1_staging_20,L3,2,2,geometry,False,0,False,False,False,False,False,nan,nan,nan,False,5.34558441227157
v3_sc1_staging_20,L3,2,2,label_only,False,1,False,False,False,False,False,nan,nan,nan,False,5.34558441227157
v3_sc1_staging_20,L3,2,2,pose_only,False,0,False,True,False,False,True,5.34558441227157,2.0155644370746373,0.5,True,5.34558441227157
v3_sc1_staging_20,L3,2,2,separate,False,1,False,False,False,False,False,nan,nan,nan,False,5.34558441227157
v3_sc1_staging_20,L3,2,2,joint,False,0,False,True,False,False,True,5.34558441227157,2.0155644370746373,0.5,True,5.34558441227157
v3_sc1_staging_20,L3,2,2,oracle,False,0,False,True,False,False,True,5.34558441227157,2.0155644370746373,0.5,True,5.34558441227157
v3_sc1_staging_20,L3,2,3,uncalibrated,False,0,True,True,False,False,True,3.0955844122715703,2.2638462845343543,0.6041522986797286,True,3.0955844122715703
v3_sc1_staging_20,L3,2,3,label_cell,False,0,True,False,False,False,False,nan,nan,nan,False,3.0955844122715703
v3_sc1_staging_20,L3,2,3,geometry,False,0,False,False,False,False,False,nan,nan,nan,False,3.0955844122715703
v3_sc1_staging_20,L3,2,3,label_only,False,1,False,False,False,False,False,nan,nan,nan,False,3.0955844122715703
v3_sc1_staging_20,L3,2,3,pose_only,False,0,False,True,False,False,True,3.0955844122715703,2.2638462845343543,0.6041522986797286,True,3.0955844122715703
v3_sc1_staging_20,L3,2,3,separate,False,1,False,False,False,False,False,nan,nan,nan,False,3.0955844122715703
v3_sc1_staging_20,L3,2,3,joint,False,0,False,True,False,False,True,3.0955844122715703,2.2638462845343543,0.6041522986797286,True,3.0955844122715703
v3_sc1_staging_20,L3,2,3,oracle,False,0,False,True,False,False,True,3.0955844122715703,2.2638462845343543,0.6041522986797286,True,3.0955844122715703
v3_sc1_staging_20,L3,2,4,uncalibrated,False,0,True,True,True,False,True,9.229036790187179,0.447213595499958,0.18027756377319948,False,9.158326112068524
v3_sc1_staging_20,L3,2,4,label_cell,False,0,True,False,False,False,False,nan,nan,nan,False,9.158326112068524
v3_sc1_staging_20,L3,2,4,geometry,False,0,False,False,False,False,False,nan,nan,nan,False,9.158326112068524
v3_sc1_staging_20,L3,2,4,label_only,False,1,False,False,False,False,False,nan,nan,nan,False,9.158326112068524
v3_sc1_staging_20,L3,2,4,pose_only,False,0,False,False,False,False,False,nan,nan,nan,False,9.158326112068524
v3_sc1_staging_20,L3,2,4,separate,False,1,False,False,False,False,False,nan,nan,nan,False,9.158326112068524
v3_sc1_staging_20,L3,2,4,joint,False,0,False,False,False,False,False,nan,nan,nan,False,9.158326112068524
v3_sc1_staging_20,L3,2,4,oracle,False,0,False,True,False,False,True,9.158326112068524,0.5024937810560445,0.20615528128088303,True,9.158326112068524
v3_sc1_staging_20,L3,2,5,uncalibrated,False,0,True,True,False,False,True,7.353300858899111,0.5656854249492381,0.25,True,7.35330085889911
v3_sc1_staging_20,L3,2,5,label_cell,False,0,True,False,False,False,False,nan,nan,nan,False,7.35330085889911
v3_sc1_staging_20,L3,2,5,geometry,False,0,False,False,False,False,False,nan,nan,nan,False,7.35330085889911
v3_sc1_staging_20,L3,2,5,label_only,False,1,False,False,False,False,False,nan,nan,nan,False,7.35330085889911
v3_sc1_staging_20,L3,2,5,pose_only,False,0,False,False,False,False,False,nan,nan,nan,False,7.35330085889911
v3_sc1_staging_20,L3,2,5,separate,False,1,False,False,False,False,False,nan,nan,nan,False,7.35330085889911
v3_sc1_staging_20,L3,2,5,joint,False,0,False,False,False,False,False,nan,nan,nan,False,7.35330085889911
v3_sc1_staging_20,L3,2,5,oracle,False,0,False,True,False,False,True,7.35330085889911,0.5024937810560445,0.20615528128088303,True,7.35330085889911
v3_sc1_staging_20,L3,2,6,uncalibrated,False,0,True,True,False,False,True,9.820458146424489,0.5656854249492381,0.18027756377319948,True,9.749747468305834
v3_sc1_staging_20,L3,2,6,label_cell,False,0,True,False,False,False,False,nan,nan,nan,False,9.749747468305834
v3_sc1_staging_20,L3,2,6,geometry,False,0,False,False,False,False,False,nan,nan,nan,False,9.749747468305834
v3_sc1_staging_20,L3,2,6,label_only,False,1,False,False,False,False,False,nan,nan,nan,False,9.749747468305834
v3_sc1_staging_20,L3,2,6,pose_only,False,0,False,False,False,False,False,nan,nan,nan,False,9.749747468305834
v3_sc1_staging_20,L3,2,6,separate,False,1,False,False,False,False,False,nan,nan,nan,False,9.749747468305834
v3_sc1_staging_20,L3,2,6,joint,False,0,False,False,False,False,False,nan,nan,nan,False,9.749747468305834
v3_sc1_staging_20,L3,2,6,oracle,False,0,False,True,False,False,True,9.749747468305834,0.5024937810560445,0.20615528128088303,True,9.749747468305834
v3_sc1_staging_20,L3,2,7,uncalibrated,False,0,True,True,False,False,True,6.606244584051395,0.5656854249492381,0.25,True,6.535533905932738
v3_sc1_staging_20,L3,2,7,label_cell,False,0,True,False,False,False,False,nan,nan,nan,False,6.535533905932738
v3_sc1_staging_20,L3,2,7,geometry,False,0,False,False,False,False,False,nan,nan,nan,False,6.535533905932738
v3_sc1_staging_20,L3,2,7,label_only,False,1,False,False,False,False,False,nan,nan,nan,False,6.535533905932738
v3_sc1_staging_20,L3,2,7,pose_only,False,0,False,False,False,False,False,nan,nan,nan,False,6.535533905932738
v3_sc1_staging_20,L3,2,7,separate,False,1,False,False,False,False,False,nan,nan,nan,False,6.535533905932738
v3_sc1_staging_20,L3,2,7,joint,False,0,False,False,False,False,False,nan,nan,nan,False,6.535533905932738
v3_sc1_staging_20,L3,2,7,oracle,False,0,False,True,False,False,True,6.535533905932738,0.5024937810560445,0.20615528128088303,True,6.535533905932738
v3_sc1_staging_20,L3,2,8,uncalibrated,False,0,True,True,False,False,True,6.067766952966369,1.1500000000000001,0.18027756377319948,True,6.026345596729059
v3_sc1_staging_20,L3,2,8,label_cell,False,0,True,False,False,False,False,nan,nan,nan,False,6.026345596729059
v3_sc1_staging_20,L3,2,8,geometry,False,0,False,False,False,False,False,nan,nan,nan,False,6.026345596729059
v3_sc1_staging_20,L3,2,8,label_only,False,1,False,False,False,False,False,nan,nan,nan,False,6.026345596729059
v3_sc1_staging_20,L3,2,8,pose_only,False,0,False,False,False,False,False,nan,nan,nan,False,6.026345596729059
v3_sc1_staging_20,L3,2,8,separate,False,1,False,False,False,False,False,nan,nan,nan,False,6.026345596729059
v3_sc1_staging_20,L3,2,8,joint,False,0,False,False,False,False,False,nan,nan,nan,False,6.026345596729059
v3_sc1_staging_20,L3,2,8,oracle,False,0,False,True,False,False,True,6.026345596729059,1.1,0.20615528128088303,True,6.026345596729059
v3_sc1_staging_20,L3,2,9,uncalibrated,False,0,True,True,False,False,True,5.904163056034263,1.8200274723201297,0.25,True,5.845584412271572
v3_sc1_staging_20,L3,2,9,label_cell,False,0,True,False,False,False,False,nan,nan,nan,False,5.845584412271572
v3_sc1_staging_20,L3,2,9,geometry,False,0,False,False,False,False,False,nan,nan,nan,False,5.845584412271572
v3_sc1_staging_20,L3,2,9,label_only,False,1,False,False,False,False,False,nan,nan,nan,False,5.845584412271572
v3_sc1_staging_20,L3,2,9,pose_only,False,0,False,True,False,False,True,5.904163056034263,1.8200274723201297,0.25,True,5.845584412271572
v3_sc1_staging_20,L3,2,9,separate,False,1,False,False,False,False,False,nan,nan,nan,False,5.845584412271572
v3_sc1_staging_20,L3,2,9,joint,False,0,False,True,False,False,True,5.904163056034263,1.8200274723201297,0.25,True,5.845584412271572
v3_sc1_staging_20,L3,2,9,oracle,False,0,False,True,False,False,True,5.845584412271572,1.8200274723201297,0.20615528128088303,True,5.845584412271572
v3_sc1_staging_20,L3,2,10,uncalibrated,False,0,True,True,False,False,True,4.622792206135785,2.2770595073471402,0.6000000000000001,True,4.622792206135785
v3_sc1_staging_20,L3,2,10,label_cell,False,0,True,True,False,False,True,4.622792206135785,2.2770595073471402,0.6000000000000001,True,4.622792206135785
v3_sc1_staging_20,L3,2,10,geometry,False,0,False,False,False,False,False,nan,nan,nan,False,4.622792206135785
v3_sc1_staging_20,L3,2,10,label_only,False,1,False,False,False,False,False,nan,nan,nan,False,4.622792206135785
v3_sc1_staging_20,L3,2,10,pose_only,False,0,False,True,False,False,True,4.622792206135785,2.2770595073471402,0.6000000000000001,True,4.622792206135785
v3_sc1_staging_20,L3,2,10,separate,False,1,False,False,False,False,False,nan,nan,nan,False,4.622792206135785
v3_sc1_staging_20,L3,2,10,joint,False,0,False,True,False,False,True,4.622792206135785,2.2770595073471402,0.6000000000000001,True,4.622792206135785
v3_sc1_staging_20,L3,2,10,oracle,False,0,False,True,False,False,True,4.622792206135785,2.2770595073471402,0.6000000000000001,True,4.622792206135785
v3_sc1_staging_20,L3,2,11,uncalibrated,False,0,True,True,False,False,True,3.1414213562373092,1.9557607215607946,0.6041522986797286,True,3.1414213562373092
v3_sc1_staging_20,L3,2,11,label_cell,False,0,True,True,False,False,True,3.1414213562373092,1.9557607215607946,0.6041522986797286,True,3.1414213562373092
v3_sc1_staging_20,L3,2,11,geometry,False,0,False,False,False,False,False,nan,nan,nan,False,3.1414213562373092
v3_sc1_staging_20,L3,2,11,label_only,False,1,False,False,False,False,False,nan,nan,nan,False,3.1414213562373092
v3_sc1_staging_20,L3,2,11,pose_only,False,0,False,True,False,False,True,3.1414213562373092,1.9557607215607946,0.6041522986797286,True,3.1414213562373092
v3_sc1_staging_20,L3,2,11,separate,False,1,False,False,False,False,False,nan,nan,nan,False,3.1414213562373092
v3_sc1_staging_20,L3,2,11,joint,False,0,False,True,False,False,True,3.1414213562373092,1.9557607215607946,0.6041522986797286,True,3.1414213562373092
v3_sc1_staging_20,L3,2,11,oracle,False,0,False,True,False,False,True,3.1414213562373092,1.9557607215607946,0.6041522986797286,True,3.1414213562373092
v3_sc1_staging_20,L3,2,12,uncalibrated,False,0,True,True,False,False,True,3.0863961030678926,2.956771888394504,0.45,True,3.0863961030678926
v3_sc1_staging_20,L3,2,12,label_cell,False,0,True,False,False,False,False,nan,nan,nan,False,3.0863961030678926
v3_sc1_staging_20,L3,2,12,geometry,False,0,False,False,False,False,False,nan,nan,nan,False,3.0863961030678926
v3_sc1_staging_20,L3,2,12,label_only,False,1,False,False,False,False,False,nan,nan,nan,False,3.0863961030678926
v3_sc1_staging_20,L3,2,12,pose_only,False,0,False,True,False,False,True,3.0863961030678926,2.956771888394504,0.45,True,3.0863961030678926
v3_sc1_staging_20,L3,2,12,separate,False,1,False,False,False,False,False,nan,nan,nan,False,3.0863961030678926
v3_sc1_staging_20,L3,2,12,joint,False,0,False,True,False,False,True,3.0863961030678926,2.956771888394504,0.45,True,3.0863961030678926
v3_sc1_staging_20,L3,2,12,oracle,False,0,False,True,False,False,True,3.0863961030678926,2.956771888394504,0.45,True,3.0863961030678926
v3_sc1_staging_20,L3,2,13,uncalibrated,False,0,True,True,False,False,True,9.05685424949238,0.5656854249492381,0.18027756377319948,True,9.015432893255072
v3_sc1_staging_20,L3,2,13,label_cell,False,0,True,False,False,False,False,nan,nan,nan,False,9.015432893255072
v3_sc1_staging_20,L3,2,13,geometry,False,0,False,False,False,False,False,nan,nan,nan,False,9.015432893255072
v3_sc1_staging_20,L3,2,13,label_only,False,1,False,False,False,False,False,nan,nan,nan,False,9.015432893255072
v3_sc1_staging_20,L3,2,13,pose_only,False,0,False,False,False,False,False,nan,nan,nan,False,9.015432893255072
v3_sc1_staging_20,L3,2,13,separate,False,1,False,False,False,False,False,nan,nan,nan,False,9.015432893255072
v3_sc1_staging_20,L3,2,13,joint,False,0,False,False,False,False,False,nan,nan,nan,False,9.015432893255072
v3_sc1_staging_20,L3,2,13,oracle,False,0,False,True,False,False,True,9.015432893255072,0.5024937810560445,0.20615528128088303,True,9.015432893255072
v3_sc1_staging_20,L3,2,14,uncalibrated,False,0,True,True,False,False,True,3.457106781186548,2.342007685726074,1.25,True,3.457106781186548
v3_sc1_staging_20,L3,2,14,label_cell,False,0,True,True,False,False,True,3.457106781186548,2.342007685726074,1.25,True,3.457106781186548
v3_sc1_staging_20,L3,2,14,geometry,False,0,False,True,False,False,True,3.457106781186548,2.342007685726074,1.25,True,3.457106781186548
v3_sc1_staging_20,L3,2,14,label_only,False,1,False,True,False,False,True,3.457106781186548,2.342007685726074,1.25,True,3.457106781186548
v3_sc1_staging_20,L3,2,14,pose_only,False,0,False,True,False,False,True,3.457106781186548,2.342007685726074,1.25,True,3.457106781186548
v3_sc1_staging_20,L3,2,14,separate,False,1,False,True,False,False,True,3.457106781186548,2.342007685726074,1.25,True,3.457106781186548
v3_sc1_staging_20,L3,2,14,joint,False,0,False,True,False,False,True,3.457106781186548,2.342007685726074,1.25,True,3.457106781186548
v3_sc1_staging_20,L3,2,14,oracle,False,0,False,True,False,False,True,3.457106781186548,2.342007685726074,1.25,True,3.457106781186548
v3_sc1_staging_20,L3,2,15,uncalibrated,False,0,True,True,False,False,True,4.4263455967290595,2.10535032714273,0.696419413859206,True,4.4263455967290595
v3_sc1_staging_20,L3,2,15,label_cell,False,0,True,True,False,False,True,4.4263455967290595,2.10535032714273,0.696419413859206,True,4.4263455967290595
v3_sc1_staging_20,L3,2,15,geometry,False,0,False,False,False,False,False,nan,nan,nan,False,4.4263455967290595
v3_sc1_staging_20,L3,2,15,label_only,False,1,False,False,False,False,False,nan,nan,nan,False,4.4263455967290595
v3_sc1_staging_20,L3,2,15,pose_only,False,0,False,True,False,False,True,4.4263455967290595,2.10535032714273,0.696419413859206,True,4.4263455967290595
v3_sc1_staging_20,L3,2,15,separate,False,1,False,False,False,False,False,nan,nan,nan,False,4.4263455967290595
v3_sc1_staging_20,L3,2,15,joint,False,0,False,True,False,False,True,4.4263455967290595,2.10535032714273,0.696419413859206,True,4.4263455967290595
v3_sc1_staging_20,L3,2,15,oracle,False,0,False,True,False,False,True,4.4263455967290595,2.10535032714273,0.696419413859206,True,4.4263455967290595
v3_sc1_staging_20,L3,2,16,uncalibrated,False,0,True,True,False,False,True,3.6834523779156068,2.2561028345356955,1.1423659658795864,True,3.6834523779156068
v3_sc1_staging_20,L3,2,16,label_cell,False,0,True,True,False,False,True,3.6834523779156068,2.2561028345356955,1.1423659658795864,True,3.6834523779156068
v3_sc1_staging_20,L3,2,16,geometry,False,0,False,True,False,False,True,3.6834523779156068,2.2561028345356955,1.1423659658795864,True,3.6834523779156068
v3_sc1_staging_20,L3,2,16,label_only,False,1,False,True,False,False,True,3.6834523779156068,2.2561028345356955,1.1423659658795864,True,3.6834523779156068
v3_sc1_staging_20,L3,2,16,pose_only,False,0,False,True,False,False,True,3.6834523779156068,2.2561028345356955,1.1423659658795864,True,3.6834523779156068
v3_sc1_staging_20,L3,2,16,separate,False,1,False,True,False,False,True,3.6834523779156068,2.2561028345356955,1.1423659658795864,True,3.6834523779156068
v3_sc1_staging_20,L3,2,16,joint,False,0,False,True,False,False,True,3.6834523779156068,2.2561028345356955,1.1423659658795864,True,3.6834523779156068
v3_sc1_staging_20,L3,2,16,oracle,False,0,False,True,False,False,True,3.6834523779156068,2.2561028345356955,1.1423659658795864,True,3.6834523779156068
v3_sc1_staging_20,L3,2,17,uncalibrated,False,0,True,True,False,False,True,3.5920310216782974,2.333452377915607,0.4,True,3.5920310216782974
v3_sc1_staging_20,L3,2,17,label_cell,False,0,True,False,False,False,False,nan,nan,nan,False,3.5920310216782974
v3_sc1_staging_20,L3,2,17,geometry,False,0,False,False,False,False,False,nan,nan,nan,False,3.5920310216782974
v3_sc1_staging_20,L3,2,17,label_only,False,1,False,False,False,False,False,nan,nan,nan,False,3.5920310216782974
v3_sc1_staging_20,L3,2,17,pose_only,False,0,False,True,False,False,True,3.5920310216782974,2.333452377915607,0.4,True,3.5920310216782974
v3_sc1_staging_20,L3,2,17,separate,False,1,False,False,False,False,False,nan,nan,nan,False,3.5920310216782974
v3_sc1_staging_20,L3,2,17,joint,False,0,False,True,False,False,True,3.5920310216782974,2.333452377915607,0.4,True,3.5920310216782974
v3_sc1_staging_20,L3,2,17,oracle,False,0,False,True,False,False,True,3.5920310216782974,2.333452377915607,0.4,True,3.5920310216782974
v3_sc1_staging_20,L3,2,18,uncalibrated,False,0,True,True,False,False,True,7.808326112068525,1.1500000000000001,0.18027756377319948,True,7.766904755831215
v3_sc1_staging_20,L3,2,18,label_cell,False,0,True,False,False,False,False,nan,nan,nan,False,7.766904755831215
v3_sc1_staging_20,L3,2,18,geometry,False,0,False,False,False,False,False,nan,nan,nan,False,7.766904755831215
v3_sc1_staging_20,L3,2,18,label_only,False,1,False,False,False,False,False,nan,nan,nan,False,7.766904755831215
v3_sc1_staging_20,L3,2,18,pose_only,False,0,False,False,False,False,False,nan,nan,nan,False,7.766904755831215
v3_sc1_staging_20,L3,2,18,separate,False,1,False,False,False,False,False,nan,nan,nan,False,7.766904755831215
v3_sc1_staging_20,L3,2,18,joint,False,0,False,False,False,False,False,nan,nan,nan,False,7.766904755831215
v3_sc1_staging_20,L3,2,18,oracle,False,0,False,True,False,False,True,7.766904755831215,1.1,0.20615528128088303,True,7.766904755831215
v3_sc1_staging_20,L3,2,19,uncalibrated,False,0,True,True,False,False,True,6.597665940288703,1.6620770138594663,0.223606797749979,True,6.539087296526012
v3_sc1_staging_20,L3,2,19,label_cell,False,0,True,False,False,False,False,nan,nan,nan,False,6.539087296526012
v3_sc1_staging_20,L3,2,19,geometry,False,0,False,False,False,False,False,nan,nan,nan,False,6.539087296526012
v3_sc1_staging_20,L3,2,19,label_only,False,1,False,False,False,False,False,nan,nan,nan,False,6.539087296526012
v3_sc1_staging_20,L3,2,19,pose_only,False,0,False,True,False,False,True,6.597665940288703,1.6620770138594663,0.223606797749979,True,6.539087296526012
v3_sc1_staging_20,L3,2,19,separate,False,1,False,False,False,False,False,nan,nan,nan,False,6.539087296526012
v3_sc1_staging_20,L3,2,19,joint,False,0,False,True,False,False,True,6.597665940288703,1.6620770138594663,0.223606797749979,True,6.539087296526012
v3_sc1_staging_20,L3,2,19,oracle,False,0,False,True,False,False,True,6.539087296526012,1.6620770138594663,0.20615528128088303,True,6.539087296526012
v3_sc1_staging_20,L3,3,0,uncalibrated,False,0,True,True,False,False,True,5.8198484809835005,0.95524865872714,0.2692582403567252,True,5.86126983722081
v3_sc1_staging_20,L3,3,0,label_cell,False,0,True,False,False,False,False,nan,nan,nan,False,5.86126983722081
v3_sc1_staging_20,L3,3,0,geometry,False,0,False,False,False,False,False,nan,nan,nan,False,5.86126983722081
v3_sc1_staging_20,L3,3,0,label_only,False,1,False,False,False,False,False,nan,nan,nan,False,5.86126983722081
v3_sc1_staging_20,L3,3,0,pose_only,False,0,False,False,False,False,False,nan,nan,nan,False,5.86126983722081
v3_sc1_staging_20,L3,3,0,separate,False,1,False,False,False,False,False,nan,nan,nan,False,5.86126983722081
v3_sc1_staging_20,L3,3,0,joint,False,0,False,False,False,False,False,nan,nan,nan,False,5.86126983722081
v3_sc1_staging_20,L3,3,0,oracle,False,0,False,True,False,False,True,5.86126983722081,0.95524865872714,0.20615528128088303,True,5.86126983722081
v3_sc1_staging_20,L3,3,1,uncalibrated,False,0,True,True,False,False,True,2.907716446627535,2.78792037189013,0.21213203435596426,True,2.907716446627535
v3_sc1_staging_20,L3,3,1,label_cell,False,0,True,True,False,False,True,3.171320343559642,2.78792037189013,0.5099019513592785,True,2.907716446627535
v3_sc1_staging_20,L3,3,1,geometry,False,0,False,False,False,False,False,nan,nan,nan,False,2.907716446627535
v3_sc1_staging_20,L3,3,1,label_only,False,1,False,False,False,False,False,nan,nan,nan,False,2.907716446627535
v3_sc1_staging_20,L3,3,1,pose_only,False,0,False,True,False,False,True,2.907716446627535,2.78792037189013,0.21213203435596426,True,2.907716446627535
v3_sc1_staging_20,L3,3,1,separate,False,1,False,False,False,False,False,nan,nan,nan,False,2.907716446627535
v3_sc1_staging_20,L3,3,1,joint,False,0,False,True,False,False,True,2.907716446627535,2.78792037189013,0.21213203435596426,True,2.907716446627535
v3_sc1_staging_20,L3,3,1,oracle,False,0,False,True,False,False,True,2.907716446627535,2.78792037189013,0.21213203435596426,True,2.907716446627535
v3_sc1_staging_20,L3,3,2,uncalibrated,False,0,True,True,False,False,True,5.304163056034262,2.0500000000000003,0.55,True,5.304163056034262
v3_sc1_staging_20,L3,3,2,label_cell,False,0,True,False,False,False,False,nan,nan,nan,False,5.304163056034262
v3_sc1_staging_20,L3,3,2,geometry,False,0,False,False,False,False,False,nan,nan,nan,False,5.304163056034262
v3_sc1_staging_20,L3,3,2,label_only,False,1,False,False,False,False,False,nan,nan,nan,False,5.304163056034262
v3_sc1_staging_20,L3,3,2,pose_only,False,0,False,True,False,False,True,5.304163056034262,2.0500000000000003,0.55,True,5.304163056034262
v3_sc1_staging_20,L3,3,2,separate,False,1,False,False,False,False,False,nan,nan,nan,False,5.304163056034262
v3_sc1_staging_20,L3,3,2,joint,False,0,False,True,False,False,True,5.304163056034262,2.0500000000000003,0.55,True,5.304163056034262
v3_sc1_staging_20,L3,3,2,oracle,False,0,False,True,False,False,True,5.304163056034262,2.0500000000000003,0.55,True,5.304163056034262
v3_sc1_staging_20,L3,3,3,uncalibrated,False,0,True,True,False,False,True,3.0541630560342607,2.2699118925632336,0.65,True,3.0541630560342607
v3_sc1_staging_20,L3,3,3,label_cell,False,0,True,True,False,False,True,3.0541630560342607,2.2699118925632336,0.65,True,3.0541630560342607
v3_sc1_staging_20,L3,3,3,geometry,False,0,False,False,False,False,False,nan,nan,nan,False,3.0541630560342607
v3_sc1_staging_20,L3,3,3,label_only,False,1,False,False,False,False,False,nan,nan,nan,False,3.0541630560342607
v3_sc1_staging_20,L3,3,3,pose_only,False,0,False,True,False,False,True,3.0541630560342607,2.2699118925632336,0.65,True,3.0541630560342607
v3_sc1_staging_20,L3,3,3,separate,False,1,False,False,False,False,False,nan,nan,nan,False,3.0541630560342607
v3_sc1_staging_20,L3,3,3,joint,False,0,False,True,False,False,True,3.0541630560342607,2.2699118925632336,0.65,True,3.0541630560342607
v3_sc1_staging_20,L3,3,3,oracle,False,0,False,True,False,False,True,3.0541630560342607,2.2699118925632336,0.65,True,3.0541630560342607
v3_sc1_staging_20,L3,3,4,uncalibrated,False,0,True,True,True,False,True,9.287615433949869,0.4609772228646444,0.2692582403567252,False,9.229036790187179
v3_sc1_staging_20,L3,3,4,label_cell,False,0,True,False,False,False,False,nan,nan,nan,False,9.229036790187179
v3_sc1_staging_20,L3,3,4,geometry,False,0,False,False,False,False,False,nan,nan,nan,False,9.229036790187179
v3_sc1_staging_20,L3,3,4,label_only,False,1,False,False,False,False,False,nan,nan,nan,False,9.229036790187179
v3_sc1_staging_20,L3,3,4,pose_only,False,0,False,False,False,False,False,nan,nan,nan,False,9.229036790187179
v3_sc1_staging_20,L3,3,4,separate,False,1,False,False,False,False,False,nan,nan,nan,False,9.229036790187179
v3_sc1_staging_20,L3,3,4,joint,False,0,False,False,False,False,False,nan,nan,nan,False,9.229036790187179
v3_sc1_staging_20,L3,3,4,oracle,False,0,False,True,False,False,True,9.229036790187179,0.5024937810560445,0.20615528128088303,True,9.229036790187179
v3_sc1_staging_20,L3,3,5,uncalibrated,False,0,True,True,False,False,True,7.344722215136421,0.6020797289396148,0.28284271247461906,True,7.315432893255073
v3_sc1_staging_20,L3,3,5,label_cell,False,0,True,False,False,False,False,nan,nan,nan,False,7.315432893255073
v3_sc1_staging_20,L3,3,5,geometry,False,0,False,False,False,False,False,nan,nan,nan,False,7.315432893255073
v3_sc1_staging_20,L3,3,5,label_only,False,1,False,False,False,False,False,nan,nan,nan,False,7.315432893255073
v3_sc1_staging_20,L3,3,5,pose_only,False,0,False,False,False,False,False,nan,nan,nan,False,7.315432893255073
v3_sc1_staging_20,L3,3,5,separate,False,1,False,False,False,False,False,nan,nan,nan,False,7.315432893255073
v3_sc1_staging_20,L3,3,5,joint,False,0,False,False,False,False,False,nan,nan,nan,False,7.315432893255073
v3_sc1_staging_20,L3,3,5,oracle,False,0,False,True,False,False,True,7.315432893255073,0.5024937810560445,0.20615528128088303,True,7.315432893255073
v3_sc1_staging_20,L3,3,6,uncalibrated,False,0,True,True,False,False,True,9.816904755831215,0.6020797289396148,0.223606797749979,True,9.779036790187178
v3_sc1_staging_20,L3,3,6,label_cell,False,0,True,False,False,False,False,nan,nan,nan,False,9.779036790187178
v3_sc1_staging_20,L3,3,6,geometry,False,0,False,False,False,False,False,nan,nan,nan,False,9.779036790187178
v3_sc1_staging_20,L3,3,6,label_only,False,1,False,False,False,False,False,nan,nan,nan,False,9.779036790187178
v3_sc1_staging_20,L3,3,6,pose_only,False,0,False,False,False,False,False,nan,nan,nan,False,9.779036790187178
v3_sc1_staging_20,L3,3,6,separate,False,1,False,False,False,False,False,nan,nan,nan,False,9.779036790187178
v3_sc1_staging_20,L3,3,6,joint,False,0,False,False,False,False,False,nan,nan,nan,False,9.779036790187178
v3_sc1_staging_20,L3,3,6,oracle,False,0,False,True,False,False,True,9.779036790187178,0.5024937810560445,0.20615528128088303,True,9.779036790187178
v3_sc1_staging_20,L3,3,7,uncalibrated,False,0,True,True,False,False,True,6.594112549695429,0.6000000000000001,0.35000000000000003,True,6.556244584051393
v3_sc1_staging_20,L3,3,7,label_cell,False,0,True,False,False,False,False,nan,nan,nan,False,6.556244584051393
v3_sc1_staging_20,L3,3,7,geometry,False,0,False,False,False,False,False,nan,nan,nan,False,6.556244584051393
v3_sc1_staging_20,L3,3,7,label_only,False,1,False,False,False,False,False,nan,nan,nan,False,6.556244584051393
v3_sc1_staging_20,L3,3,7,pose_only,False,0,False,False,False,False,False,nan,nan,nan,False,6.556244584051393
v3_sc1_staging_20,L3,3,7,separate,False,1,False,False,False,False,False,nan,nan,nan,False,6.556244584051393
v3_sc1_staging_20,L3,3,7,joint,False,0,False,False,False,False,False,nan,nan,nan,False,6.556244584051393
v3_sc1_staging_20,L3,3,7,oracle,False,0,False,True,False,False,True,6.556244584051393,0.5024937810560445,0.20615528128088303,True,6.556244584051393
v3_sc1_staging_20,L3,3,8,uncalibrated,False,0,True,True,False,False,True,6.005634918610404,1.1,0.2692582403567252,True,6.047056274847714
v3_sc1_staging_20,L3,3,8,label_cell,False,0,True,False,False,False,False,nan,nan,nan,False,6.047056274847714
v3_sc1_staging_20,L3,3,8,geometry,False,0,False,False,False,False,False,nan,nan,nan,False,6.047056274847714
v3_sc1_staging_20,L3,3,8,label_only,False,1,False,False,False,False,False,nan,nan,nan,False,6.047056274847714
v3_sc1_staging_20,L3,3,8,pose_only,False,0,False,False,False,False,False,nan,nan,nan,False,6.047056274847714
v3_sc1_staging_20,L3,3,8,separate,False,1,False,False,False,False,False,nan,nan,nan,False,6.047056274847714
v3_sc1_staging_20,L3,3,8,joint,False,0,False,False,False,False,False,nan,nan,nan,False,6.047056274847714
v3_sc1_staging_20,L3,3,8,oracle,False,0,False,True,False,False,True,6.047056274847714,1.1500000000000001,0.20615528128088303,True,6.047056274847714
v3_sc1_staging_20,L3,3,9,uncalibrated,False,0,True,False,False,False,False,nan,nan,nan,False,5.845584412271572
v3_sc1_staging_20,L3,3,9,label_cell,False,0,True,False,False,False,False,nan,nan,nan,False,5.845584412271572
v3_sc1_staging_20,L3,3,9,geometry,False,0,False,False,False,False,False,nan,nan,nan,False,5.845584412271572
v3_sc1_staging_20,L3,3,9,label_only,False,1,False,False,False,False,False,nan,nan,nan,False,5.845584412271572
v3_sc1_staging_20,L3,3,9,pose_only,False,0,False,False,False,False,False,nan,nan,nan,False,5.845584412271572
v3_sc1_staging_20,L3,3,9,separate,False,1,False,False,False,False,False,nan,nan,nan,False,5.845584412271572
v3_sc1_staging_20,L3,3,9,joint,False,0,False,False,False,False,False,nan,nan,nan,False,5.845584412271572
v3_sc1_staging_20,L3,3,9,oracle,False,0,False,True,False,False,True,5.845584412271572,1.8069310999592654,0.20615528128088303,True,5.845584412271572
v3_sc1_staging_20,L3,3,10,uncalibrated,False,0,True,True,False,False,True,4.6020815280171306,2.316246964380094,0.6000000000000001,True,4.6020815280171306
v3_sc1_staging_20,L3,3,10,label_cell,False,0,True,True,False,False,True,4.6020815280171306,2.316246964380094,0.6000000000000001,True,4.6020815280171306
v3_sc1_staging_20,L3,3,10,geometry,False,0,False,False,False,False,False,nan,nan,nan,False,4.6020815280171306
v3_sc1_staging_20,L3,3,10,label_only,False,1,False,False,False,False,False,nan,nan,nan,False,4.6020815280171306
v3_sc1_staging_20,L3,3,10,pose_only,False,0,False,True,False,False,True,4.6020815280171306,2.316246964380094,0.6000000000000001,True,4.6020815280171306
v3_sc1_staging_20,L3,3,10,separate,False,1,False,False,False,False,False,nan,nan,nan,False,4.6020815280171306
v3_sc1_staging_20,L3,3,10,joint,False,0,False,True,False,False,True,4.6020815280171306,2.316246964380094,0.6000000000000001,True,4.6020815280171306
v3_sc1_staging_20,L3,3,10,oracle,False,0,False,True,False,False,True,4.6020815280171306,2.316246964380094,0.6000000000000001,True,4.6020815280171306
v3_sc1_staging_20,L3,3,11,uncalibrated,False,0,True,True,False,False,True,3.162132034355965,1.9723082923316022,0.5830951894845301,True,3.162132034355965
v3_sc1_staging_20,L3,3,11,label_cell,False,0,True,False,False,False,False,nan,nan,nan,False,3.162132034355965
v3_sc1_staging_20,L3,3,11,geometry,False,0,False,False,False,False,False,nan,nan,nan,False,3.162132034355965
v3_sc1_staging_20,L3,3,11,label_only,False,1,False,False,False,False,False,nan,nan,nan,False,3.162132034355965
v3_sc1_staging_20,L3,3,11,pose_only,False,0,False,True,False,False,True,3.162132034355965,1.9723082923316022,0.5830951894845301,True,3.162132034355965
v3_sc1_staging_20,L3,3,11,separate,False,1,False,False,False,False,False,nan,nan,nan,False,3.162132034355965
v3_sc1_staging_20,L3,3,11,joint,False,0,False,True,False,False,True,3.162132034355965,1.9723082923316022,0.5830951894845301,True,3.162132034355965
v3_sc1_staging_20,L3,3,11,oracle,False,0,False,True,False,False,True,3.162132034355965,1.9723082923316022,0.5830951894845301,True,3.162132034355965
v3_sc1_staging_20,L3,3,12,uncalibrated,False,0,True,True,False,False,True,3.157106781186547,2.9605742686174925,0.45,True,3.157106781186547
v3_sc1_staging_20,L3,3,12,label_cell,False,0,True,False,False,False,False,nan,nan,nan,False,3.157106781186547
v3_sc1_staging_20,L3,3,12,geometry,False,0,False,False,False,False,False,nan,nan,nan,False,3.157106781186547
v3_sc1_staging_20,L3,3,12,label_only,False,1,False,False,False,False,False,nan,nan,nan,False,3.157106781186547
v3_sc1_staging_20,L3,3,12,pose_only,False,0,False,True,False,False,True,3.157106781186547,2.9605742686174925,0.45,True,3.157106781186547
v3_sc1_staging_20,L3,3,12,separate,False,1,False,False,False,False,False,nan,nan,nan,False,3.157106781186547
v3_sc1_staging_20,L3,3,12,joint,False,0,False,True,False,False,True,3.157106781186547,2.9605742686174925,0.45,True,3.157106781186547
v3_sc1_staging_20,L3,3,12,oracle,False,0,False,True,False,False,True,3.157106781186547,2.9605742686174925,0.45,True,3.157106781186547
v3_sc1_staging_20,L3,3,13,uncalibrated,False,0,True,True,False,False,True,9.006854249492381,0.6020797289396148,0.223606797749979,True,9.027564927611037
v3_sc1_staging_20,L3,3,13,label_cell,False,0,True,False,False,False,False,nan,nan,nan,False,9.027564927611037
v3_sc1_staging_20,L3,3,13,geometry,False,0,False,False,False,False,False,nan,nan,nan,False,9.027564927611037
v3_sc1_staging_20,L3,3,13,label_only,False,1,False,False,False,False,False,nan,nan,nan,False,9.027564927611037
v3_sc1_staging_20,L3,3,13,pose_only,False,0,False,False,False,False,False,nan,nan,nan,False,9.027564927611037
v3_sc1_staging_20,L3,3,13,separate,False,1,False,False,False,False,False,nan,nan,nan,False,9.027564927611037
v3_sc1_staging_20,L3,3,13,joint,False,0,False,False,False,False,False,nan,nan,nan,False,9.027564927611037
v3_sc1_staging_20,L3,3,13,oracle,False,0,False,True,False,False,True,9.027564927611037,0.5024937810560445,0.20615528128088303,True,9.027564927611037
v3_sc1_staging_20,L3,3,14,uncalibrated,False,0,True,True,False,False,True,3.4485281374238577,2.25,1.25,True,3.4485281374238577
v3_sc1_staging_20,L3,3,14,label_cell,False,0,True,True,False,False,True,3.4485281374238577,2.25,1.25,True,3.4485281374238577
v3_sc1_staging_20,L3,3,14,geometry,False,0,False,True,False,False,True,3.4485281374238577,2.25,1.25,True,3.4485281374238577
v3_sc1_staging_20,L3,3,14,label_only,False,1,False,True,False,False,True,3.4485281374238577,2.25,1.25,True,3.4485281374238577
v3_sc1_staging_20,L3,3,14,pose_only,False,0,False,True,False,False,True,3.4485281374238577,2.25,1.25,True,3.4485281374238577
v3_sc1_staging_20,L3,3,14,separate,False,1,False,True,False,False,True,3.4485281374238577,2.25,1.25,True,3.4485281374238577
v3_sc1_staging_20,L3,3,14,joint,False,0,False,True,False,False,True,3.4485281374238577,2.25,1.25,True,3.4485281374238577
v3_sc1_staging_20,L3,3,14,oracle,False,0,False,True,False,False,True,3.4485281374238577,2.25,1.25,True,3.4485281374238577
v3_sc1_staging_20,L3,3,15,uncalibrated,False,0,True,True,False,False,True,4.384924240491749,2.1,0.7000000000000001,True,4.384924240491749
v3_sc1_staging_20,L3,3,15,label_cell,False,0,True,True,False,False,True,4.384924240491749,2.1,0.7000000000000001,True,4.384924240491749
v3_sc1_staging_20,L3,3,15,geometry,False,0,False,False,False,False,False,nan,nan,nan,False,4.384924240491749
v3_sc1_staging_20,L3,3,15,label_only,False,1,False,False,False,False,False,nan,nan,nan,False,4.384924240491749
v3_sc1_staging_20,L3,3,15,pose_only,False,0,False,True,False,False,True,4.384924240491749,2.1,0.7000000000000001,True,4.384924240491749
v3_sc1_staging_20,L3,3,15,separate,False,1,False,False,False,False,False,nan,nan,nan,False,4.384924240491749
v3_sc1_staging_20,L3,3,15,joint,False,0,False,True,False,False,True,4.384924240491749,2.1,0.7000000000000001,True,4.384924240491749
v3_sc1_staging_20,L3,3,15,oracle,False,0,False,True,False,False,True,4.384924240491749,2.1,0.7000000000000001,True,4.384924240491749
v3_sc1_staging_20,L3,3,16,uncalibrated,False,0,True,True,False,False,True,3.662741699796952,2.245551157288562,1.1313708498984762,True,3.662741699796952
v3_sc1_staging_20,L3,3,16,label_cell,False,0,True,True,False,False,True,3.662741699796952,2.245551157288562,1.1313708498984762,True,3.662741699796952
v3_sc1_staging_20,L3,3,16,geometry,False,0,False,True,False,False,True,3.662741699796952,2.245551157288562,1.1313708498984762,True,3.662741699796952
v3_sc1_staging_20,L3,3,16,label_only,False,1,False,True,False,False,True,3.662741699796952,2.245551157288562,1.1313708498984762,True,3.662741699796952
v3_sc1_staging_20,L3,3,16,pose_only,False,0,False,True,False,False,True,3.662741699796952,2.245551157288562,1.1313708498984762,True,3.662741699796952
v3_sc1_staging_20,L3,3,16,separate,False,1,False,True,False,False,True,3.662741699796952,2.245551157288562,1.1313708498984762,True,3.662741699796952
v3_sc1_staging_20,L3,3,16,joint,False,0,False,True,False,False,True,3.662741699796952,2.245551157288562,1.1313708498984762,True,3.662741699796952
v3_sc1_staging_20,L3,3,16,oracle,False,0,False,True,False,False,True,3.662741699796952,2.245551157288562,1.1313708498984762,True,3.662741699796952
v3_sc1_staging_20,L3,3,17,uncalibrated,False,0,True,True,False,False,True,3.5834523779156067,2.298368986912241,0.4,True,3.5834523779156067
v3_sc1_staging_20,L3,3,17,label_cell,False,0,True,False,False,False,False,nan,nan,nan,False,3.5834523779156067
v3_sc1_staging_20,L3,3,17,geometry,False,0,False,False,False,False,False,nan,nan,nan,False,3.5834523779156067
v3_sc1_staging_20,L3,3,17,label_only,False,1,False,False,False,False,False,nan,nan,nan,False,3.5834523779156067
v3_sc1_staging_20,L3,3,17,pose_only,False,0,False,True,False,False,True,3.5834523779156067,2.298368986912241,0.4,True,3.5834523779156067
v3_sc1_staging_20,L3,3,17,separate,False,1,False,False,False,False,False,nan,nan,nan,False,3.5834523779156067
v3_sc1_staging_20,L3,3,17,joint,False,0,False,True,False,False,True,3.5834523779156067,2.298368986912241,0.4,True,3.5834523779156067
v3_sc1_staging_20,L3,3,17,oracle,False,0,False,True,False,False,True,3.5834523779156067,2.298368986912241,0.4,True,3.5834523779156067
v3_sc1_staging_20,L3,3,18,uncalibrated,False,0,True,True,False,False,True,7.766904755831215,1.1,0.2692582403567252,True,7.808326112068525
v3_sc1_staging_20,L3,3,18,label_cell,False,0,True,False,False,False,False,nan,nan,nan,False,7.808326112068525
v3_sc1_staging_20,L3,3,18,geometry,False,0,False,False,False,False,False,nan,nan,nan,False,7.808326112068525
v3_sc1_staging_20,L3,3,18,label_only,False,1,False,False,False,False,False,nan,nan,nan,False,7.808326112068525
v3_sc1_staging_20,L3,3,18,pose_only,False,0,False,False,False,False,False,nan,nan,nan,False,7.808326112068525
v3_sc1_staging_20,L3,3,18,separate,False,1,False,False,False,False,False,nan,nan,nan,False,7.808326112068525
v3_sc1_staging_20,L3,3,18,joint,False,0,False,False,False,False,False,nan,nan,nan,False,7.808326112068525
v3_sc1_staging_20,L3,3,18,oracle,False,0,False,True,False,False,True,7.808326112068525,1.1500000000000001,0.20615528128088303,True,7.808326112068525
v3_sc1_staging_20,L3,3,19,uncalibrated,False,0,True,True,False,False,True,6.609797974644668,1.6918924315688633,0.20615528128088303,True,6.568376618407356
v3_sc1_staging_20,L3,3,19,label_cell,False,0,True,False,False,False,False,nan,nan,nan,False,6.568376618407356
v3_sc1_staging_20,L3,3,19,geometry,False,0,False,False,False,False,False,nan,nan,nan,False,6.568376618407356
v3_sc1_staging_20,L3,3,19,label_only,False,1,False,False,False,False,False,nan,nan,nan,False,6.568376618407356
v3_sc1_staging_20,L3,3,19,pose_only,False,0,False,True,False,False,True,6.609797974644668,1.6918924315688633,0.20615528128088303,True,6.568376618407356
v3_sc1_staging_20,L3,3,19,separate,False,1,False,False,False,False,False,nan,nan,nan,False,6.568376618407356
v3_sc1_staging_20,L3,3,19,joint,False,0,False,True,False,False,True,6.609797974644668,1.6918924315688633,0.20615528128088303,True,6.568376618407356
v3_sc1_staging_20,L3,3,19,oracle,False,0,False,True,False,False,True,6.568376618407356,1.6918924315688633,0.20615528128088303,True,6.568376618407356
v3_sc1_staging_20,L3,4,0,uncalibrated,False,0,True,True,False,False,True,5.799137802864845,0.9192388155425117,0.3354101966249685,True,5.881980515339465
v3_sc1_staging_20,L3,4,0,label_cell,False,0,True,False,False,False,False,nan,nan,nan,False,5.881980515339465
v3_sc1_staging_20,L3,4,0,geometry,False,0,False,False,False,False,False,nan,nan,nan,False,5.881980515339465
v3_sc1_staging_20,L3,4,0,label_only,False,1,False,False,False,False,False,nan,nan,nan,False,5.881980515339465
v3_sc1_staging_20,L3,4,0,pose_only,False,0,False,True,False,False,True,5.840559159102155,0.9192388155425117,0.3354101966249685,True,5.881980515339465
v3_sc1_staging_20,L3,4,0,separate,False,1,False,False,False,False,False,nan,nan,nan,False,5.881980515339465
v3_sc1_staging_20,L3,4,0,joint,False,0,False,False,False,False,False,nan,nan,nan,False,5.881980515339465
v3_sc1_staging_20,L3,4,0,oracle,False,0,False,True,False,False,True,5.881980515339465,0.9192388155425117,0.20615528128088303,True,5.881980515339465
v3_sc1_staging_20,L3,4,1,uncalibrated,False,0,True,True,False,False,True,2.907716446627535,2.7735356496717327,0.21213203435596426,True,2.907716446627535
v3_sc1_staging_20,L3,4,1,label_cell,False,0,True,True,False,False,True,3.171320343559642,2.7735356496717327,0.5024937810560445,True,2.907716446627535
v3_sc1_staging_20,L3,4,1,geometry,False,0,False,False,False,False,False,nan,nan,nan,False,2.907716446627535
v3_sc1_staging_20,L3,4,1,label_only,False,1,False,False,False,False,False,nan,nan,nan,False,2.907716446627535
v3_sc1_staging_20,L3,4,1,pose_only,False,0,False,True,False,False,True,2.907716446627535,2.7735356496717327,0.21213203435596426,True,2.907716446627535
v3_sc1_staging_20,L3,4,1,separate,False,1,False,False,False,False,False,nan,nan,nan,False,2.907716446627535
v3_sc1_staging_20,L3,4,1,joint,False,0,False,True,False,False,True,2.907716446627535,2.7735356496717327,0.21213203435596426,True,2.907716446627535
v3_sc1_staging_20,L3,4,1,oracle,False,0,False,True,False,False,True,2.907716446627535,2.7735356496717327,0.20615528128088303,True,2.907716446627535
v3_sc1_staging_20,L3,4,2,uncalibrated,False,0,True,True,False,False,True,5.312741699796952,2.039607805437114,0.5,True,5.312741699796952
v3_sc1_staging_20,L3,4,2,label_cell,False,0,True,False,False,False,False,nan,nan,nan,False,5.312741699796952
v3_sc1_staging_20,L3,4,2,geometry,False,0,False,False,False,False,False,nan,nan,nan,False,5.312741699796952
v3_sc1_staging_20,L3,4,2,label_only,False,1,False,False,False,False,False,nan,nan,nan,False,5.312741699796952
v3_sc1_staging_20,L3,4,2,pose_only,False,0,False,True,False,False,True,5.312741699796952,2.039607805437114,0.5,True,5.312741699796952
v3_sc1_staging_20,L3,4,2,separate,False,1,False,False,False,False,False,nan,nan,nan,False,5.312741699796952
v3_sc1_staging_20,L3,4,2,joint,False,0,False,True,False,False,True,5.312741699796952,2.039607805437114,0.5,True,5.312741699796952
v3_sc1_staging_20,L3,4,2,oracle,False,0,False,True,False,False,True,5.312741699796952,2.039607805437114,0.5,True,5.312741699796952
v3_sc1_staging_20,L3,4,3,uncalibrated,False,0,True,True,False,False,True,3.1041630560342615,2.2770595073471402,0.5852349955359814,True,3.1041630560342615
v3_sc1_staging_20,L3,4,3,label_cell,False,0,True,True,False,False,True,3.1041630560342615,2.2770595073471402,0.5852349955359814,True,3.1041630560342615
v3_sc1_staging_20,L3,4,3,geometry,False,0,False,False,False,False,False,nan,nan,nan,False,3.1041630560342615
v3_sc1_staging_20,L3,4,3,label_only,False,1,False,False,False,False,False,nan,nan,nan,False,3.1041630560342615
v3_sc1_staging_20,L3,4,3,pose_only,False,0,False,True,False,False,True,3.1041630560342615,2.2770595073471402,0.5852349955359814,True,3.1041630560342615
v3_sc1_staging_20,L3,4,3,separate,False,1,False,False,False,False,False,nan,nan,nan,False,3.1041630560342615
v3_sc1_staging_20,L3,4,3,joint,False,0,False,True,False,False,True,3.1041630560342615,2.2770595073471402,0.5852349955359814,True,3.1041630560342615
v3_sc1_staging_20,L3,4,3,oracle,False,0,False,True,False,False,True,3.1041630560342615,2.2770595073471402,0.5852349955359814,True,3.1041630560342615
v3_sc1_staging_20,L3,4,4,uncalibrated,False,0,True,True,True,False,True,9.270458146424488,0.49244289008980524,0.316227766016838,False,9.270458146424488
v3_sc1_staging_20,L3,4,4,label_cell,False,0,True,False,False,False,False,nan,nan,nan,False,9.270458146424488
v3_sc1_staging_20,L3,4,4,geometry,False,0,False,False,False,False,False,nan,nan,nan,False,9.270458146424488
v3_sc1_staging_20,L3,4,4,label_only,False,1,False,False,False,False,False,nan,nan,nan,False,9.270458146424488
v3_sc1_staging_20,L3,4,4,pose_only,False,0,False,True,False,False,True,9.516904755831215,0.7433034373659253,0.316227766016838,True,9.270458146424488
v3_sc1_staging_20,L3,4,4,separate,False,1,False,False,False,False,False,nan,nan,nan,False,9.270458146424488
v3_sc1_staging_20,L3,4,4,joint,False,0,False,False,False,False,False,nan,nan,nan,False,9.270458146424488
v3_sc1_staging_20,L3,4,4,oracle,False,0,False,True,False,False,True,9.270458146424488,0.5024937810560445,0.20615528128088303,True,9.270458146424488
v3_sc1_staging_20,L3,4,5,uncalibrated,False,0,True,True,True,False,True,7.344722215136419,0.4609772228646444,0.32015621187164245,False,7.286143571373728
v3_sc1_staging_20,L3,4,5,label_cell,False,0,True,False,False,False,False,nan,nan,nan,False,7.286143571373728
v3_sc1_staging_20,L3,4,5,geometry,False,0,False,False,False,False,False,nan,nan,nan,False,7.286143571373728
v3_sc1_staging_20,L3,4,5,label_only,False,1,False,False,False,False,False,nan,nan,nan,False,7.286143571373728
v3_sc1_staging_20,L3,4,5,pose_only,False,0,False,True,False,False,True,7.3861435713737285,0.7280109889280518,0.30000000000000004,True,7.286143571373728
v3_sc1_staging_20,L3,4,5,separate,False,1,False,False,False,False,False,nan,nan,nan,False,7.286143571373728
v3_sc1_staging_20,L3,4,5,joint,False,0,False,False,False,False,False,nan,nan,nan,False,7.286143571373728
v3_sc1_staging_20,L3,4,5,oracle,False,0,False,True,False,False,True,7.286143571373728,0.5024937810560445,0.20615528128088303,True,7.286143571373728
v3_sc1_staging_20,L3,4,6,uncalibrated,False,0,True,True,True,False,True,9.787615433949869,0.4609772228646444,0.25,False,9.829036790187178
v3_sc1_staging_20,L3,4,6,label_cell,False,0,True,False,False,False,False,nan,nan,nan,False,9.829036790187178
v3_sc1_staging_20,L3,4,6,geometry,False,0,False,False,False,False,False,nan,nan,nan,False,9.829036790187178
v3_sc1_staging_20,L3,4,6,label_only,False,1,False,False,False,False,False,nan,nan,nan,False,9.829036790187178
v3_sc1_staging_20,L3,4,6,pose_only,False,0,False,True,False,False,True,10.034062043356595,0.7280109889280518,0.25,True,9.829036790187178
v3_sc1_staging_20,L3,4,6,separate,False,1,False,False,False,False,False,nan,nan,nan,False,9.829036790187178
v3_sc1_staging_20,L3,4,6,joint,False,0,False,False,False,False,False,nan,nan,nan,False,9.829036790187178
v3_sc1_staging_20,L3,4,6,oracle,False,0,False,True,False,False,True,9.829036790187178,0.5024937810560445,0.20615528128088303,True,9.829036790187178
v3_sc1_staging_20,L3,4,7,uncalibrated,False,0,True,True,True,False,True,6.564823227814085,0.4609772228646444,0.36055512754639896,False,6.606244584051393
v3_sc1_staging_20,L3,4,7,label_cell,False,0,True,False,False,False,False,nan,nan,nan,False,6.606244584051393
v3_sc1_staging_20,L3,4,7,geometry,False,0,False,False,False,False,False,nan,nan,nan,False,6.606244584051393
v3_sc1_staging_20,L3,4,7,label_only,False,1,False,False,False,False,False,nan,nan,nan,False,6.606244584051393
v3_sc1_staging_20,L3,4,7,pose_only,False,0,False,True,False,False,True,6.811269837220812,0.7280109889280518,0.30000000000000004,True,6.606244584051393
v3_sc1_staging_20,L3,4,7,separate,False,1,False,False,False,False,False,nan,nan,nan,False,6.606244584051393
v3_sc1_staging_20,L3,4,7,joint,False,0,False,False,False,False,False,nan,nan,nan,False,6.606244584051393
v3_sc1_staging_20,L3,4,7,oracle,False,0,False,True,False,False,True,6.606244584051393,0.5024937810560445,0.20615528128088303,True,6.606244584051393
v3_sc1_staging_20,L3,4,8,uncalibrated,False,0,True,True,False,False,True,6.005634918610404,1.05,0.3354101966249685,True,6.0884776310850235
v3_sc1_staging_20,L3,4,8,label_cell,False,0,True,False,False,False,False,nan,nan,nan,False,6.0884776310850235
v3_sc1_staging_20,L3,4,8,geometry,False,0,False,False,False,False,False,nan,nan,nan,False,6.0884776310850235
v3_sc1_staging_20,L3,4,8,label_only,False,1,False,False,False,False,False,nan,nan,nan,False,6.0884776310850235
v3_sc1_staging_20,L3,4,8,pose_only,False,0,False,True,False,False,True,6.047056274847713,1.1,0.30000000000000004,True,6.0884776310850235
v3_sc1_staging_20,L3,4,8,separate,False,1,False,False,False,False,False,nan,nan,nan,False,6.0884776310850235
v3_sc1_staging_20,L3,4,8,joint,False,0,False,False,False,False,False,nan,nan,nan,False,6.0884776310850235
v3_sc1_staging_20,L3,4,8,oracle,False,0,False,True,False,False,True,6.0884776310850235,1.1500000000000001,0.20615528128088303,True,6.0884776310850235
v3_sc1_staging_20,L3,4,9,uncalibrated,False,0,True,False,False,False,False,nan,nan,nan,False,5.887005768508882
v3_sc1_staging_20,L3,4,9,label_cell,False,0,True,False,False,False,False,nan,nan,nan,False,5.887005768508882
v3_sc1_staging_20,L3,4,9,geometry,False,0,False,False,False,False,False,nan,nan,nan,False,5.887005768508882
v3_sc1_staging_20,L3,4,9,label_only,False,1,False,False,False,False,False,nan,nan,nan,False,5.887005768508882
v3_sc1_staging_20,L3,4,9,pose_only,False,0,False,False,False,False,False,nan,nan,nan,False,5.887005768508882
v3_sc1_staging_20,L3,4,9,separate,False,1,False,False,False,False,False,nan,nan,nan,False,5.887005768508882
v3_sc1_staging_20,L3,4,9,joint,False,0,False,False,False,False,False,nan,nan,nan,False,5.887005768508882
v3_sc1_staging_20,L3,4,9,oracle,False,0,False,True,False,False,True,5.887005768508882,1.795132307101624,0.20615528128088303,True,5.887005768508882
v3_sc1_staging_20,L3,4,10,uncalibrated,False,0,True,True,False,False,True,4.560660171779822,2.304886114323222,0.6000000000000001,True,4.560660171779822
v3_sc1_staging_20,L3,4,10,label_cell,False,0,True,True,False,False,True,4.560660171779822,2.304886114323222,0.6000000000000001,True,4.560660171779822
v3_sc1_staging_20,L3,4,10,geometry,False,0,False,False,False,False,False,nan,nan,nan,False,4.560660171779822
v3_sc1_staging_20,L3,4,10,label_only,False,1,False,False,False,False,False,nan,nan,nan,False,4.560660171779822
v3_sc1_staging_20,L3,4,10,pose_only,False,0,False,True,False,False,True,4.560660171779822,2.304886114323222,0.6000000000000001,True,4.560660171779822
v3_sc1_staging_20,L3,4,10,separate,False,1,False,False,False,False,False,nan,nan,nan,False,4.560660171779822
v3_sc1_staging_20,L3,4,10,joint,False,0,False,True,False,False,True,4.560660171779822,2.304886114323222,0.6000000000000001,True,4.560660171779822
v3_sc1_staging_20,L3,4,10,oracle,False,0,False,True,False,False,True,4.560660171779822,2.304886114323222,0.6000000000000001,True,4.560660171779822
v3_sc1_staging_20,L3,4,11,uncalibrated,False,0,True,True,False,False,True,3.1828427124746193,1.9474342094150447,0.5830951894845301,True,3.1828427124746193
v3_sc1_staging_20,L3,4,11,label_cell,False,0,True,True,False,False,True,3.1828427124746193,1.9474342094150447,0.5830951894845301,True,3.1828427124746193
v3_sc1_staging_20,L3,4,11,geometry,False,0,False,False,False,False,False,nan,nan,nan,False,3.1828427124746193
v3_sc1_staging_20,L3,4,11,label_only,False,1,False,False,False,False,False,nan,nan,nan,False,3.1828427124746193
v3_sc1_staging_20,L3,4,11,pose_only,False,0,False,True,False,False,True,3.1828427124746193,1.9474342094150447,0.5830951894845301,True,3.1828427124746193
v3_sc1_staging_20,L3,4,11,separate,False,1,False,False,False,False,False,nan,nan,nan,False,3.1828427124746193
v3_sc1_staging_20,L3,4,11,joint,False,0,False,True,False,False,True,3.1828427124746193,1.9474342094150447,0.5830951894845301,True,3.1828427124746193
v3_sc1_staging_20,L3,4,11,oracle,False,0,False,True,False,False,True,3.1828427124746193,1.9474342094150447,0.5830951894845301,True,3.1828427124746193
v3_sc1_staging_20,L3,4,12,uncalibrated,False,0,True,True,False,False,True,3.177817459305202,3.014962686336267,0.45,True,3.177817459305202
v3_sc1_staging_20,L3,4,12,label_cell,False,0,True,False,False,False,False,nan,nan,nan,False,3.177817459305202
v3_sc1_staging_20,L3,4,12,geometry,False,0,False,False,False,False,False,nan,nan,nan,False,3.177817459305202
v3_sc1_staging_20,L3,4,12,label_only,False,1,False,False,False,False,False,nan,nan,nan,False,3.177817459305202
v3_sc1_staging_20,L3,4,12,pose_only,False,0,False,True,False,False,True,3.177817459305202,3.014962686336267,0.45,True,3.177817459305202
v3_sc1_staging_20,L3,4,12,separate,False,1,False,False,False,False,False,nan,nan,nan,False,3.177817459305202
v3_sc1_staging_20,L3,4,12,joint,False,0,False,True,False,False,True,3.177817459305202,3.014962686336267,0.45,True,3.177817459305202
v3_sc1_staging_20,L3,4,12,oracle,False,0,False,True,False,False,True,3.177817459305202,3.014962686336267,0.45,True,3.177817459305202
v3_sc1_staging_20,L3,4,13,uncalibrated,False,0,True,True,True,False,True,9.018986283848347,0.4609772228646444,0.25,False,9.060407640085655
v3_sc1_staging_20,L3,4,13,label_cell,False,0,True,False,False,False,False,nan,nan,nan,False,9.060407640085655
v3_sc1_staging_20,L3,4,13,geometry,False,0,False,False,False,False,False,nan,nan,nan,False,9.060407640085655
v3_sc1_staging_20,L3,4,13,label_only,False,1,False,False,False,False,False,nan,nan,nan,False,9.060407640085655
v3_sc1_staging_20,L3,4,13,pose_only,False,0,False,True,False,False,True,9.060407640085655,0.7280109889280518,0.25,True,9.060407640085655
v3_sc1_staging_20,L3,4,13,separate,False,1,False,False,False,False,False,nan,nan,nan,False,9.060407640085655
v3_sc1_staging_20,L3,4,13,joint,False,0,False,False,False,False,False,nan,nan,nan,False,9.060407640085655
v3_sc1_staging_20,L3,4,13,oracle,False,0,False,True,False,False,True,9.060407640085655,0.5024937810560445,0.20615528128088303,True,9.060407640085655
v3_sc1_staging_20,L3,4,14,uncalibrated,False,0,True,True,False,False,True,3.4692388155425125,2.4041630560342617,1.2041594578792296,True,3.4692388155425125
v3_sc1_staging_20,L3,4,14,label_cell,False,0,True,True,False,False,True,3.4692388155425125,2.4041630560342617,1.2041594578792296,True,3.4692388155425125
v3_sc1_staging_20,L3,4,14,geometry,False,0,False,True,False,False,True,3.4692388155425125,2.4041630560342617,1.2041594578792296,True,3.4692388155425125
v3_sc1_staging_20,L3,4,14,label_only,False,1,False,True,False,False,True,3.4692388155425125,2.4041630560342617,1.2041594578792296,True,3.4692388155425125
v3_sc1_staging_20,L3,4,14,pose_only,False,0,False,True,False,False,True,3.4692388155425125,2.4041630560342617,1.2041594578792296,True,3.4692388155425125
v3_sc1_staging_20,L3,4,14,separate,False,1,False,True,False,False,True,3.4692388155425125,2.4041630560342617,1.2041594578792296,True,3.4692388155425125
v3_sc1_staging_20,L3,4,14,joint,False,0,False,True,False,False,True,3.4692388155425125,2.4041630560342617,1.2041594578792296,True,3.4692388155425125
v3_sc1_staging_20,L3,4,14,oracle,False,0,False,True,False,False,True,3.4692388155425125,2.4041630560342617,1.2041594578792296,True,3.4692388155425125
v3_sc1_staging_20,L3,4,15,uncalibrated,False,0,True,True,False,False,True,4.34350288425444,2.1,0.7433034373659253,True,4.34350288425444
v3_sc1_staging_20,L3,4,15,label_cell,False,0,True,True,False,False,True,4.34350288425444,2.1,0.7433034373659253,True,4.34350288425444
v3_sc1_staging_20,L3,4,15,geometry,False,0,False,False,False,False,False,nan,nan,nan,False,4.34350288425444
v3_sc1_staging_20,L3,4,15,label_only,False,1,False,False,False,False,False,nan,nan,nan,False,4.34350288425444
v3_sc1_staging_20,L3,4,15,pose_only,False,0,False,True,False,False,True,4.34350288425444,2.1,0.7433034373659253,True,4.34350288425444
v3_sc1_staging_20,L3,4,15,separate,False,1,False,False,False,False,False,nan,nan,nan,False,4.34350288425444
v3_sc1_staging_20,L3,4,15,joint,False,0,False,True,False,False,True,4.34350288425444,2.1,0.7433034373659253,True,4.34350288425444
v3_sc1_staging_20,L3,4,15,oracle,False,0,False,True,False,False,True,4.34350288425444,2.1,0.7433034373659253,True,4.34350288425444
v3_sc1_staging_20,L3,4,16,uncalibrated,False,0,True,True,False,False,True,3.671320343559642,2.23606797749979,1.1236102527122116,True,3.671320343559642
v3_sc1_staging_20,L3,4,16,label_cell,False,0,True,True,False,False,True,3.671320343559642,2.23606797749979,1.1236102527122116,True,3.671320343559642
v3_sc1_staging_20,L3,4,16,geometry,False,0,False,True,False,False,True,3.671320343559642,2.23606797749979,1.1236102527122116,True,3.671320343559642
v3_sc1_staging_20,L3,4,16,label_only,False,1,False,True,False,False,True,3.671320343559642,2.23606797749979,1.1236102527122116,True,3.671320343559642
v3_sc1_staging_20,L3,4,16,pose_only,False,0,False,True,False,False,True,3.671320343559642,2.23606797749979,1.1236102527122116,True,3.671320343559642
v3_sc1_staging_20,L3,4,16,separate,False,1,False,True,False,False,True,3.671320343559642,2.23606797749979,1.1236102527122116,True,3.671320343559642
v3_sc1_staging_20,L3,4,16,joint,False,0,False,True,False,False,True,3.671320343559642,2.23606797749979,1.1236102527122116,True,3.671320343559642
v3_sc1_staging_20,L3,4,16,oracle,False,0,False,True,False,False,True,3.671320343559642,2.23606797749979,1.1236102527122116,True,3.671320343559642
v3_sc1_staging_20,L3,4,17,uncalibrated,False,0,True,True,False,False,True,3.554163056034261,2.298368986912241,0.45,True,3.554163056034261
v3_sc1_staging_20,L3,4,17,label_cell,False,0,True,False,False,False,False,nan,nan,nan,False,3.554163056034261
v3_sc1_staging_20,L3,4,17,geometry,False,0,False,False,False,False,False,nan,nan,nan,False,3.554163056034261
v3_sc1_staging_20,L3,4,17,label_only,False,1,False,False,False,False,False,nan,nan,nan,False,3.554163056034261
v3_sc1_staging_20,L3,4,17,pose_only,False,0,False,True,False,False,True,3.554163056034261,2.298368986912241,0.45,True,3.554163056034261
v3_sc1_staging_20,L3,4,17,separate,False,1,False,False,False,False,False,nan,nan,nan,False,3.554163056034261
v3_sc1_staging_20,L3,4,17,joint,False,0,False,True,False,False,True,3.554163056034261,2.298368986912241,0.45,True,3.554163056034261
v3_sc1_staging_20,L3,4,17,oracle,False,0,False,True,False,False,True,3.554163056034261,2.298368986912241,0.45,True,3.554163056034261
v3_sc1_staging_20,L3,4,18,uncalibrated,False,0,True,True,False,False,True,7.6961940777125655,1.05,0.30000000000000004,True,7.779036790187184
v3_sc1_staging_20,L3,4,18,label_cell,False,0,True,False,False,False,False,nan,nan,nan,False,7.779036790187184
v3_sc1_staging_20,L3,4,18,geometry,False,0,False,False,False,False,False,nan,nan,nan,False,7.779036790187184
v3_sc1_staging_20,L3,4,18,label_only,False,1,False,False,False,False,False,nan,nan,nan,False,7.779036790187184
v3_sc1_staging_20,L3,4,18,pose_only,False,0,False,True,False,False,True,7.737615433949873,1.1,0.30000000000000004,True,7.779036790187184
v3_sc1_staging_20,L3,4,18,separate,False,1,False,False,False,False,False,nan,nan,nan,False,7.779036790187184
v3_sc1_staging_20,L3,4,18,joint,False,0,False,False,False,False,False,nan,nan,nan,False,7.779036790187184
v3_sc1_staging_20,L3,4,18,oracle,False,0,False,True,False,False,True,7.779036790187184,1.1500000000000001,0.20615528128088303,True,7.779036790187184
v3_sc1_staging_20,L3,4,19,uncalibrated,False,0,True,True,False,False,True,6.618376618407357,1.6763054614240211,0.18027756377319948,True,6.589087296526014
v3_sc1_staging_20,L3,4,19,label_cell,False,0,True,False,False,False,False,nan,nan,nan,False,6.589087296526014
v3_sc1_staging_20,L3,4,19,geometry,False,0,False,False,False,False,False,nan,nan,nan,False,6.589087296526014
v3_sc1_staging_20,L3,4,19,label_only,False,1,False,False,False,False,False,nan,nan,nan,False,6.589087296526014
v3_sc1_staging_20,L3,4,19,pose_only,False,0,False,True,False,False,True,6.618376618407357,1.6763054614240211,0.18027756377319948,True,6.589087296526014
v3_sc1_staging_20,L3,4,19,separate,False,1,False,False,False,False,False,nan,nan,nan,False,6.589087296526014
v3_sc1_staging_20,L3,4,19,joint,False,0,False,True,False,False,True,6.618376618407357,1.6763054614240211,0.18027756377319948,True,6.589087296526014
v3_sc1_staging_20,L3,4,19,oracle,False,0,False,True,False,False,True,6.589087296526014,1.6763054614240211,0.20615528128088303,True,6.589087296526014
