scene,level,seed,task,arm,abstained,classes_fell_back,exposed,planned,violation,collision,reached,length,clearance,obst_clearance,success,oracle_length
v3_sc0_staging_00,L0,0,0,uncalibrated,False,0,True,True,False,False,True,4.431370849898476,0.6000000000000001,0.304138126514911,True,4.431370849898476
v3_sc0_staging_00,L0,0,0,label_cell,False,0,False,False,False,False,False,nan,nan,nan,False,4.431370849898476
v3_sc0_staging_00,L0,0,0,geometry,False,0,False,False,False,False,False,nan,nan,nan,False,4.431370849898476
v3_sc0_staging_00,L0,0,0,label_only,False,1,False,False,False,False,False,nan,nan,nan,False,4.431370849898476
v3_sc0_staging_00,L0,0,0,pose_only,False,0,True,True,False,False,True,4.431370849898476,0.6000000000000001,0.304138126514911,True,4.431370849898476
v3_sc0_staging_00,L0,0,0,separate,False,1,False,False,False,False,False,nan,nan,nan,False,4.431370849898476
v3_sc0_staging_00,L0,0,0,joint,False,1,False,False,False,False,False,nan,nan,nan,False,4.431370849898476
v3_sc0_staging_00,L0,0,0,oracle,False,0,False,True,False,False,True,4.431370849898476,0.6000000000000001,0.304138126514911,True,4.431370849898476
v3_sc0_staging_00,L0,0,1,uncalibrated,False,0,True,True,False,False,True,7.742031021678297,0.651920240520265,0.20615528128088303,True,7.742031021678297
v3_sc0_staging_00,L0,0,1,label_cell,False,0,False,False,False,False,False,nan,nan,nan,False,7.742031021678297
v3_sc0_staging_00,L0,0,1,geometry,False,0,False,False,False,False,False,nan,nan,nan,False,7.742031021678297
v3_sc0_staging_00,L0,0,1,label_only,False,1,False,False,False,False,False,nan,nan,nan,False,7.742031021678297
v3_sc0_staging_00,L0,0,1,pose_only,False,0,True,True,False,False,True,7.742031021678297,0.651920240520265,0.20615528128088303,True,7.742031021678297
v3_sc0_staging_00,L0,0,1,separate,False,1,False,False,False,False,False,nan,nan,nan,False,7.742031021678297
v3_sc0_staging_00,L0,0,1,joint,False,1,False,False,False,False,False,nan,nan,nan,False,7.742031021678297
v3_sc0_staging_00,L0,0,1,oracle,False,0,False,True,False,False,True,7.742031021678297,0.651920240520265,0.20615528128088303,True,7.742031021678297
v3_sc0_staging_00,L0,0,2,uncalibrated,False,0,True,True,False,False,True,5.134924240491749,2.0554804791094465,0.20615528128088303,True,5.134924240491749
v3_sc0_staging_00,L0,0,2,label_cell,False,0,False,True,False,False,True,5.3834523779156065,2.1691011963483864,0.5024937810560445,True,5.134924240491749
v3_sc0_staging_00,L0,0,2,geometry,False,0,False,True,False,False,True,5.3834523779156065,2.1691011963483864,0.5024937810560445,True,5.134924240491749
v3_sc0_staging_00,L0,0,2,label_only,False,1,False,True,False,False,True,5.3834523779156065,2.1691011963483864,0.5024937810560445,True,5.134924240491749
v3_sc0_staging_00,L0,0,2,pose_only,False,0,True,True,False,False,True,5.134924240491749,2.0554804791094465,0.20615528128088303,True,5.134924240491749
v3_sc0_staging_00,L0,0,2,separate,False,1,False,True,False,False,True,5.3834523779156065,2.1691011963483864,0.5024937810560445,True,5.134924240491749
v3_sc0_staging_00,L0,0,2,joint,False,1,False,True,False,False,True,5.3834523779156065,2.1691011963483864,0.5024937810560445,True,5.134924240491749
v3_sc0_staging_00,L0,0,2,oracle,False,0,False,True,False,False,True,5.134924240491749,2.0554804791094465,0.20615528128088303,True,5.134924240491749
v3_sc0_staging_00,L0,0,3,uncalibrated,False,0,True,True,False,False,True,4.6713203435596435,2.5942243542145693,0.20615528128088303,True,4.6713203435596435
v3_sc0_staging_00,L0,0,3,label_cell,False,0,False,False,False,False,False,nan,nan,nan,False,4.6713203435596435
v3_sc0_staging_00,L0,0,3,geometry,False,0,False,False,False,False,False,nan,nan,nan,False,4.6713203435596435
v3_sc0_staging_00,L0,0,3,label_only,False,1,False,False,False,False,False,nan,nan,nan,False,4.6713203435596435
v3_sc0_staging_00,L0,0,3,pose_only,False,0,True,True,False,False,True,4.6713203435596435,2.5942243542145693,0.20615528128088303,True,4.6713203435596435
v3_sc0_staging_00,L0,0,3,separate,False,1,False,False,False,False,False,nan,nan,nan,False,4.6713203435596435
v3_sc0_staging_00,L0,0,3,joint,False,1,False,False,False,False,False,nan,nan,nan,False,4.6713203435596435
v3_sc0_staging_00,L0,0,3,oracle,False,0,False,True,False,False,True,4.6713203435596435,2.5942243542145693,0.20615528128088303,True,4.6713203435596435
v3_sc0_staging_00,L0,0,4,uncalibrated,False,0,True,True,False,False,True,4.557106781186547,0.7433034373659253,0.20615528128088303,True,4.557106781186547
v3_sc0_staging_00,L0,0,4,label_cell,False,0,False,True,False,False,True,6.858326112068529,1.7677669529663689,0.5024937810560445,True,4.557106781186547
v3_sc0_staging_00,L0,0,4,geometry,False,0,False,True,False,False,True,6.858326112068529,1.7677669529663689,0.5024937810560445,True,4.557106781186547
v3_sc0_staging_00,L0,0,4,label_only,False,1,False,True,False,False,True,6.858326112068529,1.7677669529663689,0.5024937810560445,True,4.557106781186547
v3_sc0_staging_00,L0,0,4,pose_only,False,0,True,True,False,False,True,4.557106781186547,0.7433034373659253,0.20615528128088303,True,4.557106781186547
v3_sc0_staging_00,L0,0,4,separate,False,1,False,True,False,False,True,6.858326112068529,1.7677669529663689,0.5024937810560445,True,4.557106781186547
v3_sc0_staging_00,L0,0,4,joint,False,1,False,True,False,False,True,6.858326112068529,1.7677669529663689,0.5024937810560445,True,4.557106781186547
v3_sc0_staging_00,L0,0,4,oracle,False,0,False,True,False,False,True,4.557106781186547,0.7433034373659253,0.20615528128088303,True,4.557106781186547
v3_sc0_staging_00,L0,0,5,uncalibrated,False,0,True,True,False,False,True,8.466295090390227,0.6000000000000001,0.25,True,8.466295090390227
v3_sc0_staging_00,L0,0,5,label_cell,False,0,False,False,False,False,False,nan,nan,nan,False,8.466295090390227
v3_sc0_staging_00,L0,0,5,geometry,False,0,False,False,False,False,False,nan,nan,nan,False,8.466295090390227
v3_sc0_staging_00,L0,0,5,label_only,False,1,False,False,False,False,False,nan,nan,nan,False,8.466295090390227
v3_sc0_staging_00,L0,0,5,pose_only,False,0,True,True,False,False,True,8.466295090390227,0.6000000000000001,0.25,True,8.466295090390227
v3_sc0_staging_00,L0,0,5,separate,False,1,False,False,False,False,False,nan,nan,nan,False,8.466295090390227
v3_sc0_staging_00,L0,0,5,joint,False,1,False,False,False,False,False,nan,nan,nan,False,8.466295090390227
v3_sc0_staging_00,L0,0,5,oracle,False,0,False,True,False,False,True,8.466295090390227,0.6000000000000001,0.25,True,8.466295090390227
v3_sc0_staging_00,L0,0,6,uncalibrated,False,0,True,True,False,False,True,4.572792206135786,0.7433034373659253,0.20615528128088303,True,4.572792206135786
v3_sc0_staging_00,L0,0,6,label_cell,False,0,False,False,False,False,False,nan,nan,nan,False,4.572792206135786
v3_sc0_staging_00,L0,0,6,geometry,False,0,False,False,False,False,False,nan,nan,nan,False,4.572792206135786
v3_sc0_staging_00,L0,0,6,label_only,False,1,False,False,False,False,False,nan,nan,nan,False,4.572792206135786
v3_sc0_staging_00,L0,0,6,pose_only,False,0,True,True,False,False,True,4.572792206135786,0.7433034373659253,0.20615528128088303,True,4.572792206135786
v3_sc0_staging_00,L0,0,6,separate,False,1,False,False,False,False,False,nan,nan,nan,False,4.572792206135786
v3_sc0_staging_00,L0,0,6,joint,False,1,False,False,False,False,False,nan,nan,nan,False,4.572792206135786
v3_sc0_staging_00,L0,0,6,oracle,False,0,False,True,False,False,True,4.572792206135786,0.7433034373659253,0.20615528128088303,True,4.572792206135786
v3_sc0_staging_00,L0,0,7,uncalibrated,False,0,True,True,False,False,True,6.9991378028648485,0.6000000000000001,0.20615528128088303,True,6.9991378028648485
v3_sc0_staging_00,L0,0,7,label_cell,False,0,False,True,False,False,True,7.316295090390226,0.6000000000000001,0.5024937810560445,True,6.9991378028648485
v3_sc0_staging_00,L0,0,7,geometry,False,0,False,True,False,False,True,7.316295090390226,0.6000000000000001,0.5024937810560445,True,6.9991378028648485
v3_sc0_staging_00,L0,0,7,label_only,False,1,False,False,False,False,False,nan,nan,nan,False,6.9991378028648485
v3_sc0_staging_00,L0,0,7,pose_only,False,0,True,True,False,False,True,6.9991378028648485,0.6000000000000001,0.20615528128088303,True,6.9991378028648485
v3_sc0_staging_00,L0,0,7,separate,False,1,False,False,False,False,False,nan,nan,nan,False,6.9991378028648485
v3_sc0_staging_00,L0,0,7,joint,False,1,False,False,False,False,False,nan,nan,nan,False,6.9991378028648485
v3_sc0_staging_00,L0,0,7,oracle,False,0,False,True,False,False,True,6.9991378028648485,0.6000000000000001,0.20615528128088303,True,6.9991378028648485
v3_sc0_staging_00,L0,0,8,uncalibrated,False,0,True,True,False,False,True,5.5006096654409875,0.7433034373659253,0.20615528128088303,True,5.5006096654409875
v3_sc0_staging_00,L0,0,8,label_cell,False,0,False,True,False,False,True,6.221930009000632,1.9448650338776723,0.5315072906367325,True,5.5006096654409875
v3_sc0_staging_00,L0,0,8,geometry,False,0,False,True,False,False,True,6.221930009000632,1.9448650338776723,0.5315072906367325,True,5.5006096654409875
v3_sc0_staging_00,L0,0,8,label_only,False,1,False,True,False,False,True,6.221930009000632,1.9448650338776723,0.5315072906367325,True,5.5006096654409875
v3_sc0_staging_00,L0,0,8,pose_only,False,0,True,True,False,False,True,5.5006096654409875,0.7433034373659253,0.20615528128088303,True,5.5006096654409875
v3_sc0_staging_00,L0,0,8,separate,False,1,False,True,False,False,True,6.221930009000632,1.9448650338776723,0.5315072906367325,True,5.5006096654409875
v3_sc0_staging_00,L0,0,8,joint,False,1,False,True,False,False,True,6.221930009000632,1.9448650338776723,0.5315072906367325,True,5.5006096654409875
v3_sc0_staging_00,L0,0,8,oracle,False,0,False,True,False,False,True,5.5006096654409875,0.7433034373659253,0.20615528128088303,True,5.5006096654409875
v3_sc0_staging_00,L0,0,9,uncalibrated,False,0,True,True,False,False,True,6.026345596729059,2.35,0.20615528128088303,True,6.026345596729059
v3_sc0_staging_00,L0,0,9,label_cell,False,0,False,True,False,False,True,6.316295090390225,2.1828879952943074,0.5024937810560445,True,6.026345596729059
v3_sc0_staging_00,L0,0,9,geometry,False,0,False,True,False,False,True,6.316295090390225,2.1828879952943074,0.5024937810560445,True,6.026345596729059
v3_sc0_staging_00,L0,0,9,label_only,False,1,False,True,False,False,True,6.316295090390225,2.1828879952943074,0.5024937810560445,True,6.026345596729059
v3_sc0_staging_00,L0,0,9,pose_only,False,0,True,True,False,False,True,6.026345596729059,2.35,0.20615528128088303,True,6.026345596729059
v3_sc0_staging_00,L0,0,9,separate,False,1,False,True,False,False,True,6.316295090390225,2.1828879952943074,0.5024937810560445,True,6.026345596729059
v3_sc0_staging_00,L0,0,9,joint,False,1,False,True,False,False,True,6.316295090390225,2.1828879952943074,0.5024937810560445,True,6.026345596729059
v3_sc0_staging_00,L0,0,9,oracle,False,0,False,True,False,False,True,6.026345596729059,2.35,0.20615528128088303,True,6.026345596729059
v3_sc0_staging_00,L0,0,10,uncalibrated,False,0,True,True,False,False,True,6.9526911934581195,0.912414379544733,0.20615528128088303,True,6.9526911934581195
v3_sc0_staging_00,L0,0,10,label_cell,False,0,False,False,False,False,False,nan,nan,nan,False,6.9526911934581195
v3_sc0_staging_00,L0,0,10,geometry,False,0,False,False,False,False,False,nan,nan,nan,False,6.9526911934581195
v3_sc0_staging_00,L0,0,10,label_only,False,1,False,False,False,False,False,nan,nan,nan,False,6.9526911934581195
v3_sc0_staging_00,L0,0,10,pose_only,False,0,True,True,False,False,True,6.9526911934581195,0.912414379544733,0.20615528128088303,True,6.9526911934581195
v3_sc0_staging_00,L0,0,10,separate,False,1,False,False,False,False,False,nan,nan,nan,False,6.9526911934581195
v3_sc0_staging_00,L0,0,10,joint,False,1,False,False,False,False,False,nan,nan,nan,False,6.9526911934581195
v3_sc0_staging_00,L0,0,10,oracle,False,0,False,True,False,False,True,6.9526911934581195,0.912414379544733,0.20615528128088303,True,6.9526911934581195
v3_sc0_staging_00,L0,0,11,uncalibrated,False,0,True,True,False,False,True,4.089949493661167,0.6000000000000001,0.45,True,4.089949493661167
v3_sc0_staging_00,L0,0,11,label_cell,False,0,False,True,False,False,True,4.148528137423857,0.6000000000000001,0.5024937810560445,True,4.089949493661167
v3_sc0_staging_00,L0,0,11,geometry,False,0,False,True,False,False,True,4.148528137423857,0.6000000000000001,0.5024937810560445,True,4.089949493661167
v3_sc0_staging_00,L0,0,11,label_only,False,1,False,False,False,False,False,nan,nan,nan,False,4.089949493661167
v3_sc0_staging_00,L0,0,11,pose_only,False,0,True,True,False,False,True,4.089949493661167,0.6000000000000001,0.45,True,4.089949493661167
v3_sc0_staging_00,L0,0,11,separate,False,1,False,False,False,False,False,nan,nan,nan,False,4.089949493661167
v3_sc0_staging_00,L0,0,11,joint,False,1,False,False,False,False,False,nan,nan,nan,False,4.089949493661167
v3_sc0_staging_00,L0,0,11,oracle,False,0,False,True,False,False,True,4.089949493661167,0.6000000000000001,0.45,True,4.089949493661167
v3_sc0_staging_00,L0,0,12,uncalibrated,False,0,True,True,False,False,True,3.9106601717798215,0.7433034373659253,0.20615528128088303,True,3.9106601717798215
v3_sc0_staging_00,L0,0,12,label_cell,False,0,False,True,False,False,True,5.697665940288703,1.5913830462839549,0.5024937810560445,True,3.9106601717798215
v3_sc0_staging_00,L0,0,12,geometry,False,0,False,True,False,False,True,5.697665940288703,1.5913830462839549,0.5024937810560445,True,3.9106601717798215
v3_sc0_staging_00,L0,0,12,label_only,False,1,False,True,False,False,True,5.697665940288703,1.5913830462839549,0.5024937810560445,True,3.9106601717798215
v3_sc0_staging_00,L0,0,12,pose_only,False,0,True,True,False,False,True,3.9106601717798215,0.7433034373659253,0.20615528128088303,True,3.9106601717798215
v3_sc0_staging_00,L0,0,12,separate,False,1,False,True,False,False,True,5.697665940288703,1.5913830462839549,0.5024937810560445,True,3.9106601717798215
v3_sc0_staging_00,L0,0,12,joint,False,1,False,True,False,False,True,5.697665940288703,1.5913830462839549,0.5024937810560445,True,3.9106601717798215
v3_sc0_staging_00,L0,0,12,oracle,False,0,False,True,False,False,True,3.9106601717798215,0.7433034373659253,0.20615528128088303,True,3.9106601717798215
v3_sc0_staging_00,L0,0,13,uncalibrated,False,0,True,True,False,False,True,6.3813708498984765,2.3070543990118657,0.20615528128088303,True,6.3813708498984765
v3_sc0_staging_00,L0,0,13,label_cell,False,0,False,False,False,False,False,nan,nan,nan,False,6.3813708498984765
v3_sc0_staging_00,L0,0,13,geometry,False,0,False,False,False,False,False,nan,nan,nan,False,6.3813708498984765
v3_sc0_staging_00,L0,0,13,label_only,False,1,False,False,False,False,False,nan,nan,nan,False,6.3813708498984765
v3_sc0_staging_00,L0,0,13,pose_only,False,0,True,True,False,False,True,6.3813708498984765,2.3070543990118657,0.20615528128088303,True,6.3813708498984765
v3_sc0_staging_00,L0,0,13,separate,False,1,False,False,False,False,False,nan,nan,nan,False,6.3813708498984765
v3_sc0_staging_00,L0,0,13,joint,False,1,False,False,False,False,False,nan,nan,nan,False,6.3813708498984765
v3_sc0_staging_00,L0,0,13,oracle,False,0,False,True,False,False,True,6.3813708498984765,2.3070543990118657,0.20615528128088303,True,6.3813708498984765
v3_sc0_staging_00,L0,0,14,uncalibrated,False,0,True,True,False,False,True,2.894974746830583,2.3547823678633235,0.35000000000000003,True,2.894974746830583
v3_sc0_staging_00,L0,0,14,label_cell,False,0,False,False,False,False,False,nan,nan,nan,False,2.894974746830583
v3_sc0_staging_00,L0,0,14,geometry,False,0,False,False,False,False,False,nan,nan,nan,False,2.894974746830583
v3_sc0_staging_00,L0,0,14,label_only,False,1,False,False,False,False,False,nan,nan,nan,False,2.894974746830583
v3_sc0_staging_00,L0,0,14,pose_only,False,0,True,True,False,False,True,2.894974746830583,2.3547823678633235,0.35000000000000003,True,2.894974746830583
v3_sc0_staging_00,L0,0,14,separate,False,1,False,False,False,False,False,nan,nan,nan,False,2.894974746830583
v3_sc0_staging_00,L0,0,14,joint,False,1,False,False,False,False,False,nan,nan,nan,False,2.894974746830583
v3_sc0_staging_00,L0,0,14,oracle,False,0,False,True,False,False,True,2.894974746830583,2.3547823678633235,0.35000000000000003,True,2.894974746830583
v3_sc0_staging_00,L0,0,15,uncalibrated,False,0,True,True,False,False,True,3.627817459305202,2.6386549603917526,0.20615528128088303,True,3.627817459305202
v3_sc0_staging_00,L0,0,15,label_cell,False,0,False,False,False,False,False,nan,nan,nan,False,3.627817459305202
v3_sc0_staging_00,L0,0,15,geometry,False,0,False,False,False,False,False,nan,nan,nan,False,3.627817459305202
v3_sc0_staging_00,L0,0,15,label_only,False,1,False,False,False,False,False,nan,nan,nan,False,3.627817459305202
v3_sc0_staging_00,L0,0,15,pose_only,False,0,True,True,False,False,True,3.627817459305202,2.6386549603917526,0.20615528128088303,True,3.627817459305202
v3_sc0_staging_00,L0,0,15,separate,False,1,False,False,False,False,False,nan,nan,nan,False,3.627817459305202
v3_sc0_staging_00,L0,0,15,joint,False,1,False,False,False,False,False,nan,nan,nan,False,3.627817459305202
v3_sc0_staging_00,L0,0,15,oracle,False,0,False,True,False,False,True,3.627817459305202,2.6386549603917526,0.20615528128088303,True,3.627817459305202
v3_sc0_staging_00,L0,0,16,uncalibrated,False,0,True,True,False,False,True,4.226345596729059,1.5913830462839549,0.25,True,4.226345596729059
v3_sc0_staging_00,L0,0,16,label_cell,False,0,False,False,False,False,False,nan,nan,nan,False,4.226345596729059
v3_sc0_staging_00,L0,0,16,geometry,False,0,False,False,False,False,False,nan,nan,nan,False,4.226345596729059
v3_sc0_staging_00,L0,0,16,label_only,False,1,False,False,False,False,False,nan,nan,nan,False,4.226345596729059
v3_sc0_staging_00,L0,0,16,pose_only,False,0,True,True,False,False,True,4.226345596729059,1.5913830462839549,0.25,True,4.226345596729059
v3_sc0_staging_00,L0,0,16,separate,False,1,False,False,False,False,False,nan,nan,nan,False,4.226345596729059
v3_sc0_staging_00,L0,0,16,joint,False,1,False,False,False,False,False,nan,nan,nan,False,4.226345596729059
v3_sc0_staging_00,L0,0,16,oracle,False,0,False,True,False,False,True,4.226345596729059,1.5913830462839549,0.25,True,4.226345596729059
v3_sc0_staging_00,L0,0,17,uncalibrated,False,0,True,True,False,False,True,4.392031021678298,2.1360009363293826,0.20615528128088303,True,4.392031021678298
v3_sc0_staging_00,L0,0,17,label_cell,False,0,False,False,False,False,False,nan,nan,nan,False,4.392031021678298
v3_sc0_staging_00,L0,0,17,geometry,False,0,False,False,False,False,False,nan,nan,nan,False,4.392031021678298
v3_sc0_staging_00,L0,0,17,label_only,False,1,False,False,False,False,False,nan,nan,nan,False,4.392031021678298
v3_sc0_staging_00,L0,0,17,pose_only,False,0,True,True,False,False,True,4.392031021678298,2.1360009363293826,0.20615528128088303,True,4.392031021678298
v3_sc0_staging_00,L0,0,17,separate,False,1,False,False,False,False,False,nan,nan,nan,False,4.392031021678298
v3_sc0_staging_00,L0,0,17,joint,False,1,False,False,False,False,False,nan,nan,nan,False,4.392031021678298
v3_sc0_staging_00,L0,0,17,oracle,False,0,False,True,False,False,True,4.392031021678298,2.1360009363293826,0.20615528128088303,True,4.392031021678298
v3_sc0_staging_00,L0,0,18,uncalibrated,False,0,True,True,False,False,True,6.426955262170049,1.876832437912346,0.20615528128088303,True,6.426955262170049
v3_sc0_staging_00,L0,0,18,label_cell,False,0,False,True,False,False,True,6.60269119345812,1.876832437912346,0.5024937810560445,True,6.426955262170049
v3_sc0_staging_00,L0,0,18,geometry,False,0,False,True,False,False,True,6.60269119345812,1.876832437912346,0.5024937810560445,True,6.426955262170049
v3_sc0_staging_00,L0,0,18,label_only,False,1,False,True,False,False,True,6.60269119345812,1.876832437912346,0.5024937810560445,True,6.426955262170049
v3_sc0_staging_00,L0,0,18,pose_only,False,0,True,True,False,False,True,6.426955262170049,1.876832437912346,0.20615528128088303,True,6.426955262170049
v3_sc0_staging_00,L0,0,18,separate,False,1,False,True,False,False,True,6.60269119345812,1.876832437912346,0.5024937810560445,True,6.426955262170049
v3_sc0_staging_00,L0,0,18,joint,False,1,False,True,False,False,True,6.60269119345812,1.876832437912346,0.5024937810560445,True,6.426955262170049
v3_sc0_staging_00,L0,0,18,oracle,False,0,False,True,False,False,True,6.426955262170049,1.876832437912346,0.20615528128088303,True,6.426955262170049
v3_sc0_staging_00,L0,0,19,uncalibrated,False,0,True,True,False,False,True,3.907716446627535,1.9039432764659772,0.21213203435596426,True,3.907716446627535
v3_sc0_staging_00,L0,0,19,label_cell,False,0,False,False,False,False,False,nan,nan,nan,False,3.907716446627535
v3_sc0_staging_00,L0,0,19,geometry,False,0,False,False,False,False,False,nan,nan,nan,False,3.907716446627535
v3_sc0_staging_00,L0,0,19,label_only,False,1,False,False,False,False,False,nan,nan,nan,False,3.907716446627535
v3_sc0_staging_00,L0,0,19,pose_only,False,0,True,True,False,False,True,3.907716446627535,1.9039432764659772,0.21213203435596426,True,3.907716446627535
v3_sc0_staging_00,L0,0,19,separate,False,1,False,False,False,False,False,nan,nan,nan,False,3.907716446627535
v3_sc0_staging_00,L0,0,19,joint,False,1,False,False,False,False,False,nan,nan,nan,False,3.907716446627535
v3_sc0_staging_00,L0,0,19,oracle,False,0,False,True,False,False,True,3.907716446627535,1.9039432764659772,0.21213203435596426,True,3.907716446627535
v3_sc0_staging_00,L2,0,0,uncalibrated,False,0,True,True,False,False,True,4.389949493661166,0.75,0.2692582403567252,True,4.431370849898476
v3_sc0_staging_00,L2,0,0,label_cell,False,0,True,False,False,False,False,nan,nan,nan,False,4.431370849898476
v3_sc0_staging_00,L2,0,0,geometry,False,0,False,False,False,False,False,nan,nan,nan,False,4.431370849898476
v3_sc0_staging_00,L2,0,0,label_only,False,1,False,False,False,False,False,nan,nan,nan,False,4.431370849898476
v3_sc0_staging_00,L2,0,0,pose_only,False,0,True,True,False,False,True,4.389949493661166,0.75,0.2692582403567252,True,4.431370849898476
v3_sc0_staging_00,L2,0,0,separate,False,1,False,False,False,False,False,nan,nan,nan,False,4.431370849898476
v3_sc0_staging_00,L2,0,0,joint,False,0,False,False,False,False,False,nan,nan,nan,False,4.431370849898476
v3_sc0_staging_00,L2,0,0,oracle,False,0,False,True,False,False,True,4.431370849898476,0.6000000000000001,0.25495097567963926,True,4.431370849898476
v3_sc0_staging_00,L2,0,1,uncalibrated,False,0,True,True,False,False,True,7.771320343559643,0.65,0.25,True,7.742031021678297
v3_sc0_staging_00,L2,0,1,label_cell,False,0,True,False,False,False,False,nan,nan,nan,False,7.742031021678297
v3_sc0_staging_00,L2,0,1,geometry,False,0,False,False,False,False,False,nan,nan,nan,False,7.742031021678297
v3_sc0_staging_00,L2,0,1,label_only,False,1,False,False,False,False,False,nan,nan,nan,False,7.742031021678297
v3_sc0_staging_00,L2,0,1,pose_only,False,0,True,True,False,False,True,7.771320343559643,0.65,0.25,True,7.742031021678297
v3_sc0_staging_00,L2,0,1,separate,False,1,False,False,False,False,False,nan,nan,nan,False,7.742031021678297
v3_sc0_staging_00,L2,0,1,joint,False,0,False,False,False,False,False,nan,nan,nan,False,7.742031021678297
v3_sc0_staging_00,L2,0,1,oracle,False,0,False,True,False,False,True,7.742031021678297,0.65,0.20615528128088303,True,7.742031021678297
v3_sc0_staging_00,L2,0,2,uncalibrated,False,0,True,True,False,False,True,5.155634918610404,2.1691011963483864,0.25,True,5.155634918610404
v3_sc0_staging_00,L2,0,2,label_cell,False,0,True,True,False,False,True,5.40416305603426,2.1691011963483864,0.5099019513592785,True,5.155634918610404
v3_sc0_staging_00,L2,0,2,geometry,False,0,False,False,False,False,False,nan,nan,nan,False,5.155634918610404
v3_sc0_staging_00,L2,0,2,label_only,False,1,False,False,False,False,False,nan,nan,nan,False,5.155634918610404
v3_sc0_staging_00,L2,0,2,pose_only,False,0,True,True,False,False,True,5.155634918610404,2.1691011963483864,0.25,True,5.155634918610404
v3_sc0_staging_00,L2,0,2,separate,False,1,False,False,False,False,False,nan,nan,nan,False,5.155634918610404
v3_sc0_staging_00,L2,0,2,joint,False,0,False,True,False,False,True,5.155634918610404,2.1691011963483864,0.25,True,5.155634918610404
v3_sc0_staging_00,L2,0,2,oracle,False,0,False,True,False,False,True,5.155634918610404,2.1691011963483864,0.25,True,5.155634918610404
v3_sc0_staging_00,L2,0,3,uncalibrated,False,0,True,True,False,False,True,4.6713203435596435,2.6400757564888173,0.2,True,4.6713203435596435
v3_sc0_staging_00,L2,0,3,label_cell,False,0,True,False,False,False,False,nan,nan,nan,False,4.6713203435596435
v3_sc0_staging_00,L2,0,3,geometry,False,0,False,False,False,False,False,nan,nan,nan,False,4.6713203435596435
v3_sc0_staging_00,L2,0,3,label_only,False,1,False,False,False,False,False,nan,nan,nan,False,4.6713203435596435
v3_sc0_staging_00,L2,0,3,pose_only,False,0,True,True,False,False,True,4.6713203435596435,2.6400757564888173,0.2,True,4.6713203435596435
v3_sc0_staging_00,L2,0,3,separate,False,1,False,False,False,False,False,nan,nan,nan,False,4.6713203435596435
v3_sc0_staging_00,L2,0,3,joint,False,0,False,True,False,False,True,4.6713203435596435,2.6400757564888173,0.2,True,4.6713203435596435
v3_sc0_staging_00,L2,0,3,oracle,False,0,False,True,False,False,True,4.6713203435596435,2.5942243542145693,0.20615528128088303,True,4.6713203435596435
v3_sc0_staging_00,L2,0,4,uncalibrated,False,0,True,True,False,False,True,6.337615433949869,1.8034688796871432,0.20615528128088303,True,6.337615433949869
v3_sc0_staging_00,L2,0,4,label_cell,False,0,True,True,False,False,True,6.937615433949873,1.8034688796871432,0.5024937810560445,True,6.337615433949869
v3_sc0_staging_00,L2,0,4,geometry,False,0,False,False,False,False,False,nan,nan,nan,False,6.337615433949869
v3_sc0_staging_00,L2,0,4,label_only,False,1,False,False,False,False,False,nan,nan,nan,False,6.337615433949869
v3_sc0_staging_00,L2,0,4,pose_only,False,0,True,True,False,False,True,6.337615433949869,1.8034688796871432,0.20615528128088303,True,6.337615433949869
v3_sc0_staging_00,L2,0,4,separate,False,1,False,False,False,False,False,nan,nan,nan,False,6.337615433949869
v3_sc0_staging_00,L2,0,4,joint,False,0,False,True,False,False,True,6.337615433949869,1.8034688796871432,0.20615528128088303,True,6.337615433949869
v3_sc0_staging_00,L2,0,4,oracle,False,0,False,True,False,False,True,6.337615433949869,1.8034688796871432,0.20615528128088303,True,6.337615433949869
v3_sc0_staging_00,L2,0,5,uncalibrated,False,0,True,True,False,False,True,8.445584412271572,0.65,0.25,True,8.487005768508883
v3_sc0_staging_00,L2,0,5,label_cell,False,0,True,False,False,False,False,nan,nan,nan,False,8.487005768508883
v3_sc0_staging_00,L2,0,5,geometry,False,0,False,False,False,False,False,nan,nan,nan,False,8.487005768508883
v3_sc0_staging_00,L2,0,5,label_only,False,1,False,False,False,False,False,nan,nan,nan,False,8.487005768508883
v3_sc0_staging_00,L2,0,5,pose_only,False,0,True,True,False,False,True,8.445584412271572,0.65,0.25,True,8.487005768508883
v3_sc0_staging_00,L2,0,5,separate,False,1,False,False,False,False,False,nan,nan,nan,False,8.487005768508883
v3_sc0_staging_00,L2,0,5,joint,False,0,False,False,False,False,False,nan,nan,nan,False,8.487005768508883
v3_sc0_staging_00,L2,0,5,oracle,False,0,False,True,False,False,True,8.487005768508883,0.7000000000000001,0.25,True,8.487005768508883
v3_sc0_staging_00,L2,0,6,uncalibrated,False,0,True,True,False,False,True,5.421930009000631,1.8973665961010278,0.223606797749979,True,5.421930009000631
v3_sc0_staging_00,L2,0,6,label_cell,False,0,True,False,False,False,False,nan,nan,nan,False,5.421930009000631
v3_sc0_staging_00,L2,0,6,geometry,False,0,False,False,False,False,False,nan,nan,nan,False,5.421930009000631
v3_sc0_staging_00,L2,0,6,label_only,False,1,False,False,False,False,False,nan,nan,nan,False,5.421930009000631
v3_sc0_staging_00,L2,0,6,pose_only,False,0,True,True,False,False,True,5.421930009000631,1.8973665961010278,0.223606797749979,True,5.421930009000631
v3_sc0_staging_00,L2,0,6,separate,False,1,False,False,False,False,False,nan,nan,nan,False,5.421930009000631
v3_sc0_staging_00,L2,0,6,joint,False,0,False,True,False,False,True,5.421930009000631,1.8973665961010278,0.223606797749979,True,5.421930009000631
v3_sc0_staging_00,L2,0,6,oracle,False,0,False,True,False,False,True,5.421930009000631,1.8821530224718712,0.20615528128088303,True,5.421930009000631
v3_sc0_staging_00,L2,0,7,uncalibrated,False,0,True,True,False,False,True,6.978427124746194,0.7000000000000001,0.20615528128088303,True,7.0198484809835024
v3_sc0_staging_00,L2,0,7,label_cell,False,0,True,True,False,False,True,7.3541630560342615,0.7000000000000001,0.5024937810560445,True,7.0198484809835024
v3_sc0_staging_00,L2,0,7,geometry,False,0,False,False,False,False,False,nan,nan,nan,False,7.0198484809835024
v3_sc0_staging_00,L2,0,7,label_only,False,1,False,False,False,False,False,nan,nan,nan,False,7.0198484809835024
v3_sc0_staging_00,L2,0,7,pose_only,False,0,True,True,False,False,True,6.978427124746194,0.7000000000000001,0.20615528128088303,True,7.0198484809835024
v3_sc0_staging_00,L2,0,7,separate,False,1,False,False,False,False,False,nan,nan,nan,False,7.0198484809835024
v3_sc0_staging_00,L2,0,7,joint,False,0,False,False,False,False,False,nan,nan,nan,False,7.0198484809835024
v3_sc0_staging_00,L2,0,7,oracle,False,0,False,True,False,False,True,7.0198484809835024,0.6000000000000001,0.20615528128088303,True,7.0198484809835024
v3_sc0_staging_00,L2,0,8,uncalibrated,False,0,True,True,False,False,True,5.935533905932739,1.8034688796871432,0.20615528128088303,True,5.93553390593274
v3_sc0_staging_00,L2,0,8,label_cell,False,0,True,True,False,False,True,6.301219330881977,1.9448650338776723,0.55,True,5.93553390593274
v3_sc0_staging_00,L2,0,8,geometry,False,0,False,False,False,False,False,nan,nan,nan,False,5.93553390593274
v3_sc0_staging_00,L2,0,8,label_only,False,1,False,False,False,False,False,nan,nan,nan,False,5.93553390593274
v3_sc0_staging_00,L2,0,8,pose_only,False,0,True,True,False,False,True,5.935533905932739,1.8034688796871432,0.20615528128088303,True,5.93553390593274
v3_sc0_staging_00,L2,0,8,separate,False,1,False,False,False,False,False,nan,nan,nan,False,5.93553390593274
v3_sc0_staging_00,L2,0,8,joint,False,0,False,True,False,False,True,5.935533905932739,1.8034688796871432,0.20615528128088303,True,5.93553390593274
v3_sc0_staging_00,L2,0,8,oracle,False,0,False,True,False,False,True,5.93553390593274,1.8034688796871432,0.20615528128088303,True,5.93553390593274
v3_sc0_staging_00,L2,0,9,uncalibrated,False,0,True,True,False,False,True,6.047056274847714,2.5,0.2,True,6.047056274847714
v3_sc0_staging_00,L2,0,9,label_cell,False,0,True,True,False,False,True,6.295584412271571,2.247220505424423,0.5,True,6.047056274847714
v3_sc0_staging_00,L2,0,9,geometry,False,0,False,False,False,False,False,nan,nan,nan,False,6.047056274847714
v3_sc0_staging_00,L2,0,9,label_only,False,1,False,False,False,False,False,nan,nan,nan,False,6.047056274847714
v3_sc0_staging_00,L2,0,9,pose_only,False,0,True,True,False,False,True,6.047056274847714,2.5,0.2,True,6.047056274847714
v3_sc0_staging_00,L2,0,9,separate,False,1,False,False,False,False,False,nan,nan,nan,False,6.047056274847714
v3_sc0_staging_00,L2,0,9,joint,False,0,False,True,False,False,True,6.047056274847714,2.5,0.2,True,6.047056274847714
v3_sc0_staging_00,L2,0,9,oracle,False,0,False,True,False,False,True,6.047056274847714,2.35,0.20615528128088303,True,6.047056274847714
v3_sc0_staging_00,L2,0,10,uncalibrated,False,0,True,True,False,False,True,6.931980515339465,0.9013878188659974,0.223606797749979,True,6.973401871576775
v3_sc0_staging_00,L2,0,10,label_cell,False,0,True,False,False,False,False,nan,nan,nan,False,6.973401871576775
v3_sc0_staging_00,L2,0,10,geometry,False,0,False,False,False,False,False,nan,nan,nan,False,6.973401871576775
v3_sc0_staging_00,L2,0,10,label_only,False,1,False,False,False,False,False,nan,nan,nan,False,6.973401871576775
v3_sc0_staging_00,L2,0,10,pose_only,False,0,True,True,False,False,True,6.931980515339465,0.9013878188659974,0.223606797749979,True,6.973401871576775
v3_sc0_staging_00,L2,0,10,separate,False,1,False,False,False,False,False,nan,nan,nan,False,6.973401871576775
v3_sc0_staging_00,L2,0,10,joint,False,0,False,False,False,False,False,nan,nan,nan,False,6.973401871576775
v3_sc0_staging_00,L2,0,10,oracle,False,0,False,True,False,False,True,6.973401871576775,0.9394147114027969,0.20615528128088303,True,6.973401871576775
v3_sc0_staging_00,L2,0,11,uncalibrated,False,0,True,True,False,False,True,4.089949493661167,0.6000000000000001,0.4,True,4.089949493661167
v3_sc0_staging_00,L2,0,11,label_cell,False,0,True,False,False,False,False,nan,nan,nan,False,4.089949493661167
v3_sc0_staging_00,L2,0,11,geometry,False,0,False,False,False,False,False,nan,nan,nan,False,4.089949493661167
v3_sc0_staging_00,L2,0,11,label_only,False,1,False,False,False,False,False,nan,nan,nan,False,4.089949493661167
v3_sc0_staging_00,L2,0,11,pose_only,False,0,True,True,False,False,True,4.089949493661166,0.75,0.45,True,4.089949493661167
v3_sc0_staging_00,L2,0,11,separate,False,1,False,False,False,False,False,nan,nan,nan,False,4.089949493661167
v3_sc0_staging_00,L2,0,11,joint,False,0,False,False,False,False,False,nan,nan,nan,False,4.089949493661167
v3_sc0_staging_00,L2,0,11,oracle,False,0,False,True,False,False,True,4.089949493661167,0.6000000000000001,0.4,True,4.089949493661167
v3_sc0_staging_00,L2,0,12,uncalibrated,False,0,True,True,False,False,True,5.030508652763322,1.5913830462839549,0.20615528128088303,True,5.001219330881977
v3_sc0_staging_00,L2,0,12,label_cell,False,0,True,True,False,False,True,5.776955262170048,1.6620770138594663,0.5147815070493501,True,5.001219330881977
v3_sc0_staging_00,L2,0,12,geometry,False,0,False,False,False,False,False,nan,nan,nan,False,5.001219330881977
v3_sc0_staging_00,L2,0,12,label_only,False,1,False,False,False,False,False,nan,nan,nan,False,5.001219330881977
v3_sc0_staging_00,L2,0,12,pose_only,False,0,True,True,False,False,True,5.030508652763322,1.5913830462839549,0.20615528128088303,True,5.001219330881977
v3_sc0_staging_00,L2,0,12,separate,False,1,False,False,False,False,False,nan,nan,nan,False,5.001219330881977
v3_sc0_staging_00,L2,0,12,joint,False,0,False,True,False,False,True,5.030508652763322,1.5913830462839549,0.20615528128088303,True,5.001219330881977
v3_sc0_staging_00,L2,0,12,oracle,False,0,False,True,False,False,True,5.001219330881977,1.5913830462839549,0.20615528128088303,True,5.001219330881977
v3_sc0_staging_00,L2,0,13,uncalibrated,False,0,True,True,False,False,True,6.402081528017132,2.350531854708632,0.223606797749979,True,6.443502884254442
v3_sc0_staging_00,L2,0,13,label_cell,False,0,True,False,False,False,False,nan,nan,nan,False,6.443502884254442
v3_sc0_staging_00,L2,0,13,geometry,False,0,False,False,False,False,False,nan,nan,nan,False,6.443502884254442
v3_sc0_staging_00,L2,0,13,label_only,False,1,False,False,False,False,False,nan,nan,nan,False,6.443502884254442
v3_sc0_staging_00,L2,0,13,pose_only,False,0,True,True,False,False,True,6.402081528017132,2.350531854708632,0.223606797749979,True,6.443502884254442
v3_sc0_staging_00,L2,0,13,separate,False,1,False,False,False,False,False,nan,nan,nan,False,6.443502884254442
v3_sc0_staging_00,L2,0,13,joint,False,0,False,True,False,False,True,6.402081528017132,2.350531854708632,0.223606797749979,True,6.443502884254442
v3_sc0_staging_00,L2,0,13,oracle,False,0,False,True,False,False,True,6.443502884254442,2.2522211259110416,0.20615528128088303,True,6.443502884254442
v3_sc0_staging_00,L2,0,14,uncalibrated,False,0,True,True,False,False,True,2.9156854249492383,2.369071548096427,0.4,True,2.9156854249492383
v3_sc0_staging_00,L2,0,14,label_cell,False,0,True,False,False,False,False,nan,nan,nan,False,2.9156854249492383
v3_sc0_staging_00,L2,0,14,geometry,False,0,False,False,False,False,False,nan,nan,nan,False,2.9156854249492383
v3_sc0_staging_00,L2,0,14,label_only,False,1,False,False,False,False,False,nan,nan,nan,False,2.9156854249492383
v3_sc0_staging_00,L2,0,14,pose_only,False,0,True,True,False,False,True,2.9156854249492383,2.369071548096427,0.4,True,2.9156854249492383
v3_sc0_staging_00,L2,0,14,separate,False,1,False,False,False,False,False,nan,nan,nan,False,2.9156854249492383
v3_sc0_staging_00,L2,0,14,joint,False,0,False,True,False,False,True,2.9156854249492383,2.369071548096427,0.4,True,2.9156854249492383
v3_sc0_staging_00,L2,0,14,oracle,False,0,False,True,False,False,True,2.9156854249492383,2.369071548096427,0.4,True,2.9156854249492383
v3_sc0_staging_00,L2,0,15,uncalibrated,False,0,True,True,False,False,True,3.607106781186548,2.6612966764342527,0.18027756377319948,True,3.627817459305202
v3_sc0_staging_00,L2,0,15,label_cell,False,0,True,False,False,False,False,nan,nan,nan,False,3.627817459305202
v3_sc0_staging_00,L2,0,15,geometry,False,0,False,False,False,False,False,nan,nan,nan,False,3.627817459305202
v3_sc0_staging_00,L2,0,15,label_only,False,1,False,False,False,False,False,nan,nan,nan,False,3.627817459305202
v3_sc0_staging_00,L2,0,15,pose_only,False,0,True,True,False,False,True,3.607106781186548,2.6612966764342527,0.18027756377319948,True,3.627817459305202
v3_sc0_staging_00,L2,0,15,separate,False,1,False,False,False,False,False,nan,nan,nan,False,3.627817459305202
v3_sc0_staging_00,L2,0,15,joint,False,0,False,True,False,False,True,3.607106781186548,2.6612966764342527,0.18027756377319948,True,3.627817459305202
v3_sc0_staging_00,L2,0,15,oracle,False,0,False,True,False,False,True,3.627817459305202,2.6386549603917526,0.20615528128088303,True,3.627817459305202
v3_sc0_staging_00,L2,0,16,uncalibrated,False,0,True,True,False,False,True,4.226345596729059,1.5913830462839549,0.25,True,4.226345596729059
v3_sc0_staging_00,L2,0,16,label_cell,False,0,True,False,False,False,False,nan,nan,nan,False,4.226345596729059
v3_sc0_staging_00,L2,0,16,geometry,False,0,False,False,False,False,False,nan,nan,nan,False,4.226345596729059
v3_sc0_staging_00,L2,0,16,label_only,False,1,False,False,False,False,False,nan,nan,nan,False,4.226345596729059
v3_sc0_staging_00,L2,0,16,pose_only,False,0,True,True,False,False,True,4.226345596729059,1.5913830462839549,0.25,True,4.226345596729059
v3_sc0_staging_00,L2,0,16,separate,False,1,False,False,False,False,False,nan,nan,nan,False,4.226345596729059
v3_sc0_staging_00,L2,0,16,joint,False,0,False,True,False,False,True,4.226345596729059,1.5913830462839549,0.25,True,4.226345596729059
v3_sc0_staging_00,L2,0,16,oracle,False,0,False,True,False,False,True,4.226345596729059,1.5913830462839549,0.25,True,4.226345596729059
v3_sc0_staging_00,L2,0,17,uncalibrated,False,0,True,True,False,False,True,4.4420310216782966,2.1360009363293826,0.25,True,4.412741699796952
v3_sc0_staging_00,L2,0,17,label_cell,False,0,True,False,False,False,False,nan,nan,nan,False,4.412741699796952
v3_sc0_staging_00,L2,0,17,geometry,False,0,False,False,False,False,False,nan,nan,nan,False,4.412741699796952
v3_sc0_staging_00,L2,0,17,label_only,False,1,False,False,False,False,False,nan,nan,nan,False,4.412741699796952
v3_sc0_staging_00,L2,0,17,pose_only,False,0,True,True,False,False,True,4.4420310216782966,2.1360009363293826,0.25,True,4.412741699796952
v3_sc0_staging_00,L2,0,17,separate,False,1,False,False,False,False,False,nan,nan,nan,False,4.412741699796952
v3_sc0_staging_00,L2,0,17,joint,False,0,False,True,False,False,True,4.4420310216782966,2.1360009363293826,0.25,True,4.412741699796952
v3_sc0_staging_00,L2,0,17,oracle,False,0,False,True,False,False,True,4.412741699796952,2.1360009363293826,0.20615528128088303,True,4.412741699796952
v3_sc0_staging_00,L2,0,18,uncalibrated,False,0,True,True,False,False,True,6.447665940288704,1.876832437912346,0.18027756377319948,True,6.447665940288704
v3_sc0_staging_00,L2,0,18,label_cell,False,0,True,True,False,False,True,6.65269119345812,1.876832437912346,0.4609772228646444,True,6.447665940288704
v3_sc0_staging_00,L2,0,18,geometry,False,0,False,False,False,False,False,nan,nan,nan,False,6.447665940288704
v3_sc0_staging_00,L2,0,18,label_only,False,1,False,False,False,False,False,nan,nan,nan,False,6.447665940288704
v3_sc0_staging_00,L2,0,18,pose_only,False,0,True,True,False,False,True,6.447665940288704,1.876832437912346,0.18027756377319948,True,6.447665940288704
v3_sc0_staging_00,L2,0,18,separate,False,1,False,False,False,False,False,nan,nan,nan,False,6.447665940288704
v3_sc0_staging_00,L2,0,18,joint,False,0,False,True,False,False,True,6.447665940288704,1.876832437912346,0.18027756377319948,True,6.447665940288704
v3_sc0_staging_00,L2,0,18,oracle,False,0,False,True,False,False,True,6.447665940288704,1.876832437912346,0.20615528128088303,True,6.447665940288704
v3_sc0_staging_00,L2,0,19,uncalibrated,False,0,True,True,False,False,True,3.9284271247461895,2.121320343559643,0.35000000000000003,True,3.9284271247461895
v3_sc0_staging_00,L2,0,19,label_cell,False,0,True,False,False,False,False,nan,nan,nan,False,3.9284271247461895
v3_sc0_staging_00,L2,0,19,geometry,False,0,False,False,False,False,False,nan,nan,nan,False,3.9284271247461895
v3_sc0_staging_00,L2,0,19,label_only,False,1,False,False,False,False,False,nan,nan,nan,False,3.9284271247461895
v3_sc0_staging_00,L2,0,19,pose_only,False,0,True,True,False,False,True,3.9284271247461895,2.121320343559643,0.35000000000000003,True,3.9284271247461895
v3_sc0_staging_00,L2,0,19,separate,False,1,False,False,False,False,False,nan,nan,nan,False,3.9284271247461895
v3_sc0_staging_00,L2,0,19,joint,False,0,False,True,False,False,True,3.9284271247461895,2.121320343559643,0.35000000000000003,True,3.9284271247461895
v3_sc0_staging_00,L2,0,19,oracle,False,0,False,True,False,False,True,3.9284271247461895,1.9525624189766635,0.21213203435596426,True,3.9284271247461895
v3_sc0_staging_00,L2,1,0,uncalibrated,False,0,True,True,False,False,True,4.389949493661166,0.75,0.304138126514911,True,4.389949493661167
v3_sc0_staging_00,L2,1,0,label_cell,False,0,True,False,False,False,False,nan,nan,nan,False,4.389949493661167
v3_sc0_staging_00,L2,1,0,geometry,False,0,False,False,False,False,False,nan,nan,nan,False,4.389949493661167
v3_sc0_staging_00,L2,1,0,label_only,False,1,False,False,False,False,False,nan,nan,nan,False,4.389949493661167
v3_sc0_staging_00,L2,1,0,pose_only,False,0,True,True,False,False,True,4.389949493661166,0.75,0.304138126514911,True,4.389949493661167
v3_sc0_staging_00,L2,1,0,separate,False,1,False,False,False,False,False,nan,nan,nan,False,4.389949493661167
v3_sc0_staging_00,L2,1,0,joint,False,0,False,False,False,False,False,nan,nan,nan,False,4.389949493661167
v3_sc0_staging_00,L2,1,0,oracle,False,0,False,True,False,False,True,4.389949493661167,0.7000000000000001,0.304138126514911,True,4.389949493661167
v3_sc0_staging_00,L2,1,1,uncalibrated,False,0,True,True,False,False,True,7.721320343559642,0.75,0.20615528128088303,True,7.692031021678298
v3_sc0_staging_00,L2,1,1,label_cell,False,0,True,False,False,False,False,nan,nan,nan,False,7.692031021678298
v3_sc0_staging_00,L2,1,1,geometry,False,0,False,False,False,False,False,nan,nan,nan,False,7.692031021678298
v3_sc0_staging_00,L2,1,1,label_only,False,1,False,False,False,False,False,nan,nan,nan,False,7.692031021678298
v3_sc0_staging_00,L2,1,1,pose_only,False,0,True,True,False,False,True,7.721320343559642,0.75,0.20615528128088303,True,7.692031021678298
v3_sc0_staging_00,L2,1,1,separate,False,1,False,False,False,False,False,nan,nan,nan,False,7.692031021678298
v3_sc0_staging_00,L2,1,1,joint,False,0,False,False,False,False,False,nan,nan,nan,False,7.692031021678298
v3_sc0_staging_00,L2,1,1,oracle,False,0,False,True,False,False,True,7.692031021678298,0.7000000000000001,0.20615528128088303,True,7.692031021678298
v3_sc0_staging_00,L2,1,2,uncalibrated,False,0,True,True,False,False,True,5.155634918610404,2.1242645786248002,0.25,True,5.155634918610404
v3_sc0_staging_00,L2,1,2,label_cell,False,0,True,True,False,False,True,5.40416305603426,2.1242645786248002,0.5024937810560445,True,5.155634918610404
v3_sc0_staging_00,L2,1,2,geometry,False,0,False,False,False,False,False,nan,nan,nan,False,5.155634918610404
v3_sc0_staging_00,L2,1,2,label_only,False,1,False,False,False,False,False,nan,nan,nan,False,5.155634918610404
v3_sc0_staging_00,L2,1,2,pose_only,False,0,True,True,False,False,True,5.155634918610404,2.1242645786248002,0.25,True,5.155634918610404
v3_sc0_staging_00,L2,1,2,separate,False,1,False,False,False,False,False,nan,nan,nan,False,5.155634918610404
v3_sc0_staging_00,L2,1,2,joint,False,0,False,True,False,False,True,5.155634918610404,2.1242645786248002,0.25,True,5.155634918610404
v3_sc0_staging_00,L2,1,2,oracle,False,0,False,True,False,False,True,5.155634918610404,2.1242645786248002,0.25,True,5.155634918610404
v3_sc0_staging_00,L2,1,3,uncalibrated,False,0,True,True,False,False,True,4.6713203435596435,2.616295090390226,0.20615528128088303,True,4.6713203435596435
v3_sc0_staging_00,L2,1,3,label_cell,False,0,True,False,False,False,False,nan,nan,nan,False,4.6713203435596435
v3_sc0_staging_00,L2,1,3,geometry,False,0,False,False,False,False,False,nan,nan,nan,False,4.6713203435596435
v3_sc0_staging_00,L2,1,3,label_only,False,1,False,False,False,False,False,nan,nan,nan,False,4.6713203435596435
v3_sc0_staging_00,L2,1,3,pose_only,False,0,True,True,False,False,True,4.6713203435596435,2.616295090390226,0.20615528128088303,True,4.6713203435596435
v3_sc0_staging_00,L2,1,3,separate,False,1,False,False,False,False,False,nan,nan,nan,False,4.6713203435596435
v3_sc0_staging_00,L2,1,3,joint,False,0,False,True,False,False,True,4.6713203435596435,2.616295090390226,0.20615528128088303,True,4.6713203435596435
v3_sc0_staging_00,L2,1,3,oracle,False,0,False,True,False,False,True,4.6713203435596435,2.616295090390226,0.20615528128088303,True,4.6713203435596435
v3_sc0_staging_00,L2,1,4,uncalibrated,False,0,True,True,False,False,True,6.308326112068524,1.7677669529663689,0.20615528128088303,True,6.308326112068524
v3_sc0_staging_00,L2,1,4,label_cell,False,0,True,True,False,False,True,6.908326112068528,1.7677669529663689,0.5024937810560445,True,6.308326112068524
v3_sc0_staging_00,L2,1,4,geometry,False,0,False,False,False,False,False,nan,nan,nan,False,6.308326112068524
v3_sc0_staging_00,L2,1,4,label_only,False,1,False,False,False,False,False,nan,nan,nan,False,6.308326112068524
v3_sc0_staging_00,L2,1,4,pose_only,False,0,True,True,False,False,True,6.308326112068524,1.7677669529663689,0.20615528128088303,True,6.308326112068524
v3_sc0_staging_00,L2,1,4,separate,False,1,False,False,False,False,False,nan,nan,nan,False,6.308326112068524
v3_sc0_staging_00,L2,1,4,joint,False,0,False,True,False,False,True,6.308326112068524,1.7677669529663689,0.20615528128088303,True,6.308326112068524
v3_sc0_staging_00,L2,1,4,oracle,False,0,False,True,False,False,True,6.308326112068524,1.7677669529663689,0.20615528128088303,True,6.308326112068524
v3_sc0_staging_00,L2,1,5,uncalibrated,False,0,True,True,False,False,True,8.445584412271572,0.75,0.25,True,8.445584412271572
v3_sc0_staging_00,L2,1,5,label_cell,False,0,True,False,False,False,False,nan,nan,nan,False,8.445584412271572
v3_sc0_staging_00,L2,1,5,geometry,False,0,False,False,False,False,False,nan,nan,nan,False,8.445584412271572
v3_sc0_staging_00,L2,1,5,label_only,False,1,False,False,False,False,False,nan,nan,nan,False,8.445584412271572
v3_sc0_staging_00,L2,1,5,pose_only,False,0,True,True,False,False,True,8.445584412271572,0.75,0.25,True,8.445584412271572
v3_sc0_staging_00,L2,1,5,separate,False,1,False,False,False,False,False,nan,nan,nan,False,8.445584412271572
v3_sc0_staging_00,L2,1,5,joint,False,0,False,False,False,False,False,nan,nan,nan,False,8.445584412271572
v3_sc0_staging_00,L2,1,5,oracle,False,0,False,True,False,False,True,8.445584412271572,0.7000000000000001,0.25,True,8.445584412271572
v3_sc0_staging_00,L2,1,6,uncalibrated,False,0,True,True,False,False,True,5.421930009000631,1.85,0.20615528128088303,True,5.421930009000631
v3_sc0_staging_00,L2,1,6,label_cell,False,0,True,False,False,False,False,nan,nan,nan,False,5.421930009000631
v3_sc0_staging_00,L2,1,6,geometry,False,0,False,False,False,False,False,nan,nan,nan,False,5.421930009000631
v3_sc0_staging_00,L2,1,6,label_only,False,1,False,False,False,False,False,nan,nan,nan,False,5.421930009000631
v3_sc0_staging_00,L2,1,6,pose_only,False,0,True,True,False,False,True,5.421930009000631,1.85,0.20615528128088303,True,5.421930009000631
v3_sc0_staging_00,L2,1,6,separate,False,1,False,False,False,False,False,nan,nan,nan,False,5.421930009000631
v3_sc0_staging_00,L2,1,6,joint,False,0,False,True,False,False,True,5.421930009000631,1.85,0.20615528128088303,True,5.421930009000631
v3_sc0_staging_00,L2,1,6,oracle,False,0,False,True,False,False,True,5.421930009000631,1.85,0.20615528128088303,True,5.421930009000631
v3_sc0_staging_00,L2,1,7,uncalibrated,False,0,True,True,False,False,True,6.907716446627538,0.75,0.20615528128088303,True,6.907716446627538
v3_sc0_staging_00,L2,1,7,label_cell,False,0,True,True,False,False,True,7.274873734152917,0.75,0.5024937810560445,True,6.907716446627538
v3_sc0_staging_00,L2,1,7,geometry,False,0,False,False,False,False,False,nan,nan,nan,False,6.907716446627538
v3_sc0_staging_00,L2,1,7,label_only,False,1,False,False,False,False,False,nan,nan,nan,False,6.907716446627538
v3_sc0_staging_00,L2,1,7,pose_only,False,0,True,True,False,False,True,6.907716446627538,0.75,0.20615528128088303,True,6.907716446627538
v3_sc0_staging_00,L2,1,7,separate,False,1,False,False,False,False,False,nan,nan,nan,False,6.907716446627538
v3_sc0_staging_00,L2,1,7,joint,False,0,False,False,False,False,False,nan,nan,nan,False,6.907716446627538
v3_sc0_staging_00,L2,1,7,oracle,False,0,False,True,False,False,True,6.907716446627538,0.7000000000000001,0.20615528128088303,True,6.907716446627538
v3_sc0_staging_00,L2,1,8,uncalibrated,False,0,True,True,False,False,True,5.935533905932739,1.7677669529663689,0.20615528128088303,True,5.93553390593274
v3_sc0_staging_00,L2,1,8,label_cell,False,0,True,True,False,False,True,6.301219330881977,1.9091883092036785,0.5147815070493501,True,5.93553390593274
v3_sc0_staging_00,L2,1,8,geometry,False,0,False,False,False,False,False,nan,nan,nan,False,5.93553390593274
v3_sc0_staging_00,L2,1,8,label_only,False,1,False,False,False,False,False,nan,nan,nan,False,5.93553390593274
v3_sc0_staging_00,L2,1,8,pose_only,False,0,True,True,False,False,True,5.935533905932739,1.7677669529663689,0.20615528128088303,True,5.93553390593274
v3_sc0_staging_00,L2,1,8,separate,False,1,False,False,False,False,False,nan,nan,nan,False,5.93553390593274
v3_sc0_staging_00,L2,1,8,joint,False,0,False,True,False,False,True,5.935533905932739,1.7677669529663689,0.20615528128088303,True,5.93553390593274
v3_sc0_staging_00,L2,1,8,oracle,False,0,False,True,False,False,True,5.93553390593274,1.7677669529663689,0.20615528128088303,True,5.93553390593274
v3_sc0_staging_00,L2,1,9,uncalibrated,False,0,True,True,False,False,True,6.047056274847714,2.45,0.25,True,6.047056274847714
v3_sc0_staging_00,L2,1,9,label_cell,False,0,True,True,False,False,True,6.295584412271571,2.200568108466539,0.5024937810560445,True,6.047056274847714
v3_sc0_staging_00,L2,1,9,geometry,False,0,False,False,False,False,False,nan,nan,nan,False,6.047056274847714
v3_sc0_staging_00,L2,1,9,label_only,False,1,False,False,False,False,False,nan,nan,nan,False,6.047056274847714
v3_sc0_staging_00,L2,1,9,pose_only,False,0,True,True,False,False,True,6.047056274847714,2.45,0.25,True,6.047056274847714
v3_sc0_staging_00,L2,1,9,separate,False,1,False,False,False,False,False,nan,nan,nan,False,6.047056274847714
v3_sc0_staging_00,L2,1,9,joint,False,0,False,True,False,False,True,6.047056274847714,2.45,0.25,True,6.047056274847714
v3_sc0_staging_00,L2,1,9,oracle,False,0,False,True,False,False,True,6.047056274847714,2.45,0.25,True,6.047056274847714
v3_sc0_staging_00,L2,1,10,uncalibrated,False,0,True,True,False,False,True,6.861269837220812,0.9486832980505139,0.223606797749979,True,6.861269837220812
v3_sc0_staging_00,L2,1,10,label_cell,False,0,True,False,False,False,False,nan,nan,nan,False,6.861269837220812
v3_sc0_staging_00,L2,1,10,geometry,False,0,False,False,False,False,False,nan,nan,nan,False,6.861269837220812
v3_sc0_staging_00,L2,1,10,label_only,False,1,False,False,False,False,False,nan,nan,nan,False,6.861269837220812
v3_sc0_staging_00,L2,1,10,pose_only,False,0,True,True,False,False,True,6.861269837220812,0.9486832980505139,0.223606797749979,True,6.861269837220812
v3_sc0_staging_00,L2,1,10,separate,False,1,False,False,False,False,False,nan,nan,nan,False,6.861269837220812
v3_sc0_staging_00,L2,1,10,joint,False,0,False,False,False,False,False,nan,nan,nan,False,6.861269837220812
v3_sc0_staging_00,L2,1,10,oracle,False,0,False,True,False,False,True,6.861269837220812,0.9394147114027969,0.20615528128088303,True,6.861269837220812
v3_sc0_staging_00,L2,1,11,uncalibrated,False,0,True,True,False,False,True,4.089949493661167,0.6000000000000001,0.4,True,4.089949493661167
v3_sc0_staging_00,L2,1,11,label_cell,False,0,True,True,False,False,True,4.119238815542512,0.65,0.5024937810560445,True,4.089949493661167
v3_sc0_staging_00,L2,1,11,geometry,False,0,False,False,False,False,False,nan,nan,nan,False,4.089949493661167
v3_sc0_staging_00,L2,1,11,label_only,False,1,False,False,False,False,False,nan,nan,nan,False,4.089949493661167
v3_sc0_staging_00,L2,1,11,pose_only,False,0,True,True,False,False,True,4.089949493661166,0.75,0.45,True,4.089949493661167
v3_sc0_staging_00,L2,1,11,separate,False,1,False,False,False,False,False,nan,nan,nan,False,4.089949493661167
v3_sc0_staging_00,L2,1,11,joint,False,0,False,False,False,False,False,nan,nan,nan,False,4.089949493661167
v3_sc0_staging_00,L2,1,11,oracle,False,0,False,True,False,False,True,4.089949493661167,0.6000000000000001,0.4,True,4.089949493661167
v3_sc0_staging_00,L2,1,12,uncalibrated,False,0,True,True,False,False,True,5.030508652763322,1.5556349186104046,0.20615528128088303,True,5.030508652763322
v3_sc0_staging_00,L2,1,12,label_cell,False,0,True,True,False,False,True,5.7476659402887025,1.6263455967290594,0.5024937810560445,True,5.030508652763322
v3_sc0_staging_00,L2,1,12,geometry,False,0,False,False,False,False,False,nan,nan,nan,False,5.030508652763322
v3_sc0_staging_00,L2,1,12,label_only,False,1,False,False,False,False,False,nan,nan,nan,False,5.030508652763322
v3_sc0_staging_00,L2,1,12,pose_only,False,0,True,True,False,False,True,5.030508652763322,1.5556349186104046,0.20615528128088303,True,5.030508652763322
v3_sc0_staging_00,L2,1,12,separate,False,1,False,False,False,False,False,nan,nan,nan,False,5.030508652763322
v3_sc0_staging_00,L2,1,12,joint,False,0,False,True,False,False,True,5.030508652763322,1.5556349186104046,0.20615528128088303,True,5.030508652763322
v3_sc0_staging_00,L2,1,12,oracle,False,0,False,True,False,False,True,5.030508652763322,1.5556349186104046,0.20615528128088303,True,5.030508652763322
v3_sc0_staging_00,L2,1,13,uncalibrated,False,0,True,True,False,False,True,6.402081528017132,2.3005434140654684,0.20615528128088303,True,6.402081528017132
v3_sc0_staging_00,L2,1,13,label_cell,False,0,True,False,False,False,False,nan,nan,nan,False,6.402081528017132
v3_sc0_staging_00,L2,1,13,geometry,False,0,False,False,False,False,False,nan,nan,nan,False,6.402081528017132
v3_sc0_staging_00,L2,1,13,label_only,False,1,False,False,False,False,False,nan,nan,nan,False,6.402081528017132
v3_sc0_staging_00,L2,1,13,pose_only,False,0,True,True,False,False,True,6.402081528017132,2.3005434140654684,0.20615528128088303,True,6.402081528017132
v3_sc0_staging_00,L2,1,13,separate,False,1,False,False,False,False,False,nan,nan,nan,False,6.402081528017132
v3_sc0_staging_00,L2,1,13,joint,False,0,False,True,False,False,True,6.402081528017132,2.3005434140654684,0.20615528128088303,True,6.402081528017132
v3_sc0_staging_00,L2,1,13,oracle,False,0,False,True,False,False,True,6.402081528017132,2.3005434140654684,0.20615528128088303,True,6.402081528017132
v3_sc0_staging_00,L2,1,14,uncalibrated,False,0,True,True,False,False,True,2.9156854249492383,2.3194827009486403,0.3905124837953327,True,2.9156854249492383
v3_sc0_staging_00,L2,1,14,label_cell,False,0,True,False,False,False,False,nan,nan,nan,False,2.9156854249492383
v3_sc0_staging_00,L2,1,14,geometry,False,0,False,False,False,False,False,nan,nan,nan,False,2.9156854249492383
v3_sc0_staging_00,L2,1,14,label_only,False,1,False,False,False,False,False,nan,nan,nan,False,2.9156854249492383
v3_sc0_staging_00,L2,1,14,pose_only,False,0,True,True,False,False,True,2.9156854249492383,2.3194827009486403,0.3905124837953327,True,2.9156854249492383
v3_sc0_staging_00,L2,1,14,separate,False,1,False,False,False,False,False,nan,nan,nan,False,2.9156854249492383
v3_sc0_staging_00,L2,1,14,joint,False,0,False,True,False,False,True,2.9156854249492383,2.3194827009486403,0.3905124837953327,True,2.9156854249492383
v3_sc0_staging_00,L2,1,14,oracle,False,0,False,True,False,False,True,2.9156854249492383,2.3194827009486403,0.3905124837953327,True,2.9156854249492383
v3_sc0_staging_00,L2,1,15,uncalibrated,False,0,True,True,False,False,True,3.5571067811865476,2.6386549603917526,0.20615528128088303,True,3.5571067811865476
v3_sc0_staging_00,L2,1,15,label_cell,False,0,True,False,False,False,False,nan,nan,nan,False,3.5571067811865476
v3_sc0_staging_00,L2,1,15,geometry,False,0,False,False,False,False,False,nan,nan,nan,False,3.5571067811865476
v3_sc0_staging_00,L2,1,15,label_only,False,1,False,False,False,False,False,nan,nan,nan,False,3.5571067811865476
v3_sc0_staging_00,L2,1,15,pose_only,False,0,True,True,False,False,True,3.5571067811865476,2.6386549603917526,0.20615528128088303,True,3.5571067811865476
v3_sc0_staging_00,L2,1,15,separate,False,1,False,False,False,False,False,nan,nan,nan,False,3.5571067811865476
v3_sc0_staging_00,L2,1,15,joint,False,0,False,True,False,False,True,3.5571067811865476,2.6386549603917526,0.20615528128088303,True,3.5571067811865476
v3_sc0_staging_00,L2,1,15,oracle,False,0,False,True,False,False,True,3.5571067811865476,2.6386549603917526,0.20615528128088303,True,3.5571067811865476
v3_sc0_staging_00,L2,1,16,uncalibrated,False,0,True,True,False,False,True,4.2056349186104045,1.5620499351813308,0.25,True,4.2056349186104045
v3_sc0_staging_00,L2,1,16,label_cell,False,0,True,False,False,False,False,nan,nan,nan,False,4.2056349186104045
v3_sc0_staging_00,L2,1,16,geometry,False,0,False,False,False,False,False,nan,nan,nan,False,4.2056349186104045
v3_sc0_staging_00,L2,1,16,label_only,False,1,False,False,False,False,False,nan,nan,nan,False,4.2056349186104045
v3_sc0_staging_00,L2,1,16,pose_only,False,0,True,True,False,False,True,4.2056349186104045,1.5620499351813308,0.25,True,4.2056349186104045
v3_sc0_staging_00,L2,1,16,separate,False,1,False,False,False,False,False,nan,nan,nan,False,4.2056349186104045
v3_sc0_staging_00,L2,1,16,joint,False,0,False,True,False,False,True,4.2056349186104045,1.5620499351813308,0.25,True,4.2056349186104045
v3_sc0_staging_00,L2,1,16,oracle,False,0,False,True,False,False,True,4.2056349186104045,1.5620499351813308,0.25,True,4.2056349186104045
v3_sc0_staging_00,L2,1,17,uncalibrated,False,0,True,True,False,False,True,4.421320343559643,2.1360009363293826,0.223606797749979,True,4.392031021678298
v3_sc0_staging_00,L2,1,17,label_cell,False,0,True,False,False,False,False,nan,nan,nan,False,4.392031021678298
v3_sc0_staging_00,L2,1,17,geometry,False,0,False,False,False,False,False,nan,nan,nan,False,4.392031021678298
v3_sc0_staging_00,L2,1,17,label_only,False,1,False,False,False,False,False,nan,nan,nan,False,4.392031021678298
v3_sc0_staging_00,L2,1,17,pose_only,False,0,True,True,False,False,True,4.421320343559643,2.1360009363293826,0.223606797749979,True,4.392031021678298
v3_sc0_staging_00,L2,1,17,separate,False,1,False,False,False,False,False,nan,nan,nan,False,4.392031021678298
v3_sc0_staging_00,L2,1,17,joint,False,0,False,True,False,False,True,4.421320343559643,2.1360009363293826,0.223606797749979,True,4.392031021678298
v3_sc0_staging_00,L2,1,17,oracle,False,0,False,True,False,False,True,4.392031021678298,2.1360009363293826,0.20615528128088303,True,4.392031021678298
v3_sc0_staging_00,L2,1,18,uncalibrated,False,0,True,True,False,False,True,6.397665940288704,1.876832437912346,0.20615528128088303,True,6.397665940288704
v3_sc0_staging_00,L2,1,18,label_cell,False,0,True,True,False,False,True,6.60269119345812,1.876832437912346,0.5024937810560445,True,6.397665940288704
v3_sc0_staging_00,L2,1,18,geometry,False,0,False,False,False,False,False,nan,nan,nan,False,6.397665940288704
v3_sc0_staging_00,L2,1,18,label_only,False,1,False,False,False,False,False,nan,nan,nan,False,6.397665940288704
v3_sc0_staging_00,L2,1,18,pose_only,False,0,True,True,False,False,True,6.397665940288704,1.876832437912346,0.20615528128088303,True,6.397665940288704
v3_sc0_staging_00,L2,1,18,separate,False,1,False,False,False,False,False,nan,nan,nan,False,6.397665940288704
v3_sc0_staging_00,L2,1,18,joint,False,0,False,True,False,False,True,6.397665940288704,1.876832437912346,0.20615528128088303,True,6.397665940288704
v3_sc0_staging_00,L2,1,18,oracle,False,0,False,True,False,False,True,6.397665940288704,1.876832437912346,0.20615528128088303,True,6.397665940288704
v3_sc0_staging_00,L2,1,19,uncalibrated,False,0,True,True,False,False,True,3.9284271247461895,2.0862646045025066,0.35000000000000003,True,3.9284271247461895
v3_sc0_staging_00,L2,1,19,label_cell,False,0,True,False,False,False,False,nan,nan,nan,False,3.9284271247461895
v3_sc0_staging_00,L2,1,19,geometry,False,0,False,False,False,False,False,nan,nan,nan,False,3.9284271247461895
v3_sc0_staging_00,L2,1,19,label_only,False,1,False,False,False,False,False,nan,nan,nan,False,3.9284271247461895
v3_sc0_staging_00,L2,1,19,pose_only,False,0,True,True,False,False,True,3.9284271247461895,2.0862646045025066,0.35000000000000003,True,3.9284271247461895
v3_sc0_staging_00,L2,1,19,separate,False,1,False,False,False,False,False,nan,nan,nan,False,3.9284271247461895
v3_sc0_staging_00,L2,1,19,joint,False,0,False,True,False,False,True,3.9284271247461895,2.0862646045025066,0.35000000000000003,True,3.9284271247461895
v3_sc0_staging_00,L2,1,19,oracle,False,0,False,True,False,False,True,3.9284271247461895,2.0862646045025066,0.35000000000000003,True,3.9284271247461895
v3_sc0_staging_00,L2,2,0,uncalibrated,False,0,True,True,False,False,True,4.410660171779821,0.6000000000000001,0.316227766016838,True,4.4106601717798215
v3_sc0_staging_00,L2,2,0,label_cell,False,0,True,False,False,False,False,nan,nan,nan,False,4.4106601717798215
v3_sc0_staging_00,L2,2,0,geometry,False,0,False,False,False,False,False,nan,nan,nan,False,4.4106601717798215
v3_sc0_staging_00,L2,2,0,label_only,False,1,False,False,False,False,False,nan,nan,nan,False,4.4106601717798215
v3_sc0_staging_00,L2,2,0,pose_only,False,0,True,True,False,False,True,4.410660171779821,0.6000000000000001,0.316227766016838,True,4.4106601717798215
v3_sc0_staging_00,L2,2,0,separate,False,1,False,False,False,False,False,nan,nan,nan,False,4.4106601717798215
v3_sc0_staging_00,L2,2,0,joint,False,0,False,False,False,False,False,nan,nan,nan,False,4.4106601717798215
v3_sc0_staging_00,L2,2,0,oracle,False,0,False,True,False,False,True,4.4106601717798215,0.6000000000000001,0.316227766016838,True,4.4106601717798215
v3_sc0_staging_00,L2,2,1,uncalibrated,False,0,True,True,False,False,True,7.883452377915607,0.6000000000000001,0.25,True,7.812741699796951
v3_sc0_staging_00,L2,2,1,label_cell,False,0,True,False,False,False,False,nan,nan,nan,False,7.812741699796951
v3_sc0_staging_00,L2,2,1,geometry,False,0,False,False,False,False,False,nan,nan,nan,False,7.812741699796951
v3_sc0_staging_00,L2,2,1,label_only,False,1,False,False,False,False,False,nan,nan,nan,False,7.812741699796951
v3_sc0_staging_00,L2,2,1,pose_only,False,0,True,True,False,False,True,7.883452377915607,0.6000000000000001,0.25,True,7.812741699796951
v3_sc0_staging_00,L2,2,1,separate,False,1,False,False,False,False,False,nan,nan,nan,False,7.812741699796951
v3_sc0_staging_00,L2,2,1,joint,False,0,False,False,False,False,False,nan,nan,nan,False,7.812741699796951
v3_sc0_staging_00,L2,2,1,oracle,False,0,False,True,False,False,True,7.812741699796951,0.6000000000000001,0.20615528128088303,True,7.812741699796951
v3_sc0_staging_00,L2,2,2,uncalibrated,False,0,True,True,False,False,True,5.18492424049175,2.102974084481309,0.20615528128088303,True,5.18492424049175
v3_sc0_staging_00,L2,2,2,label_cell,False,0,True,True,False,False,True,5.433452377915606,2.214158982548453,0.5024937810560445,True,5.18492424049175
v3_sc0_staging_00,L2,2,2,geometry,False,0,False,False,False,False,False,nan,nan,nan,False,5.18492424049175
v3_sc0_staging_00,L2,2,2,label_only,False,1,False,False,False,False,False,nan,nan,nan,False,5.18492424049175
v3_sc0_staging_00,L2,2,2,pose_only,False,0,True,True,False,False,True,5.18492424049175,2.102974084481309,0.20615528128088303,True,5.18492424049175
v3_sc0_staging_00,L2,2,2,separate,False,1,False,False,False,False,False,nan,nan,nan,False,5.18492424049175
v3_sc0_staging_00,L2,2,2,joint,False,0,False,True,False,False,True,5.18492424049175,2.102974084481309,0.20615528128088303,True,5.18492424049175
v3_sc0_staging_00,L2,2,2,oracle,False,0,False,True,False,False,True,5.18492424049175,2.102974084481309,0.20615528128088303,True,5.18492424049175
v3_sc0_staging_00,L2,2,3,uncalibrated,False,0,True,True,False,False,True,4.650609665440989,2.530316185775999,0.20615528128088303,True,4.621320343559643
v3_sc0_staging_00,L2,2,3,label_cell,False,0,True,False,False,False,False,nan,nan,nan,False,4.621320343559643
v3_sc0_staging_00,L2,2,3,geometry,False,0,False,False,False,False,False,nan,nan,nan,False,4.621320343559643
v3_sc0_staging_00,L2,2,3,label_only,False,1,False,False,False,False,False,nan,nan,nan,False,4.621320343559643
v3_sc0_staging_00,L2,2,3,pose_only,False,0,True,True,False,False,True,4.650609665440989,2.530316185775999,0.20615528128088303,True,4.621320343559643
v3_sc0_staging_00,L2,2,3,separate,False,1,False,False,False,False,False,nan,nan,nan,False,4.621320343559643
v3_sc0_staging_00,L2,2,3,joint,False,0,False,True,False,False,True,4.650609665440989,2.530316185775999,0.20615528128088303,True,4.621320343559643
v3_sc0_staging_00,L2,2,3,oracle,False,0,False,True,False,False,True,4.621320343559643,2.616295090390226,0.20615528128088303,True,4.621320343559643
v3_sc0_staging_00,L2,2,4,uncalibrated,False,0,True,True,False,False,True,6.34619407771256,1.732772345116346,0.20615528128088303,True,6.34619407771256
v3_sc0_staging_00,L2,2,4,label_cell,False,0,True,True,False,False,True,6.858326112068529,1.732772345116346,0.5024937810560445,True,6.34619407771256
v3_sc0_staging_00,L2,2,4,geometry,False,0,False,False,False,False,False,nan,nan,nan,False,6.34619407771256
v3_sc0_staging_00,L2,2,4,label_only,False,1,False,False,False,False,False,nan,nan,nan,False,6.34619407771256
v3_sc0_staging_00,L2,2,4,pose_only,False,0,True,True,False,False,True,6.34619407771256,1.732772345116346,0.20615528128088303,True,6.34619407771256
v3_sc0_staging_00,L2,2,4,separate,False,1,False,False,False,False,False,nan,nan,nan,False,6.34619407771256
v3_sc0_staging_00,L2,2,4,joint,False,0,False,True,False,False,True,6.34619407771256,1.732772345116346,0.20615528128088303,True,6.34619407771256
v3_sc0_staging_00,L2,2,4,oracle,False,0,False,True,False,False,True,6.34619407771256,1.732772345116346,0.20615528128088303,True,6.34619407771256
v3_sc0_staging_00,L2,2,5,uncalibrated,False,0,True,True,False,False,True,8.445584412271572,0.6000000000000001,0.28284271247461906,True,8.445584412271572
v3_sc0_staging_00,L2,2,5,label_cell,False,0,True,False,False,False,False,nan,nan,nan,False,8.445584412271572
v3_sc0_staging_00,L2,2,5,geometry,False,0,False,False,False,False,False,nan,nan,nan,False,8.445584412271572
v3_sc0_staging_00,L2,2,5,label_only,False,1,False,False,False,False,False,nan,nan,nan,False,8.445584412271572
v3_sc0_staging_00,L2,2,5,pose_only,False,0,True,True,False,False,True,8.445584412271572,0.6000000000000001,0.28284271247461906,True,8.445584412271572
v3_sc0_staging_00,L2,2,5,separate,False,1,False,False,False,False,False,nan,nan,nan,False,8.445584412271572
v3_sc0_staging_00,L2,2,5,joint,False,0,False,False,False,False,False,nan,nan,nan,False,8.445584412271572
v3_sc0_staging_00,L2,2,5,oracle,False,0,False,True,False,False,True,8.445584412271572,0.7000000000000001,0.28284271247461906,True,8.445584412271572
v3_sc0_staging_00,L2,2,6,uncalibrated,False,0,True,True,False,False,True,5.401219330881976,1.9039432764659772,0.20615528128088303,True,5.401219330881976
v3_sc0_staging_00,L2,2,6,label_cell,False,0,True,False,False,False,False,nan,nan,nan,False,5.401219330881976
v3_sc0_staging_00,L2,2,6,geometry,False,0,False,False,False,False,False,nan,nan,nan,False,5.401219330881976
v3_sc0_staging_00,L2,2,6,label_only,False,1,False,False,False,False,False,nan,nan,nan,False,5.401219330881976
v3_sc0_staging_00,L2,2,6,pose_only,False,0,True,True,False,False,True,5.401219330881976,1.9039432764659772,0.20615528128088303,True,5.401219330881976
v3_sc0_staging_00,L2,2,6,separate,False,1,False,False,False,False,False,nan,nan,nan,False,5.401219330881976
v3_sc0_staging_00,L2,2,6,joint,False,0,False,True,False,False,True,5.401219330881976,1.9039432764659772,0.20615528128088303,True,5.401219330881976
v3_sc0_staging_00,L2,2,6,oracle,False,0,False,True,False,False,True,5.401219330881976,1.9039432764659772,0.20615528128088303,True,5.401219330881976
v3_sc0_staging_00,L2,2,7,uncalibrated,False,0,True,True,False,False,True,7.007716446627538,0.6000000000000001,0.18027756377319948,True,7.007716446627538
v3_sc0_staging_00,L2,2,7,label_cell,False,0,True,True,False,False,True,7.345584412271572,0.6000000000000001,0.49244289008980524,True,7.007716446627538
v3_sc0_staging_00,L2,2,7,geometry,False,0,False,False,False,False,False,nan,nan,nan,False,7.007716446627538
v3_sc0_staging_00,L2,2,7,label_only,False,1,False,False,False,False,False,nan,nan,nan,False,7.007716446627538
v3_sc0_staging_00,L2,2,7,pose_only,False,0,True,True,False,False,True,7.007716446627538,0.6000000000000001,0.18027756377319948,True,7.007716446627538
v3_sc0_staging_00,L2,2,7,separate,False,1,False,False,False,False,False,nan,nan,nan,False,7.007716446627538
v3_sc0_staging_00,L2,2,7,joint,False,0,False,False,False,False,False,nan,nan,nan,False,7.007716446627538
v3_sc0_staging_00,L2,2,7,oracle,False,0,False,True,False,False,True,7.007716446627538,0.6000000000000001,0.20615528128088303,True,7.007716446627538
v3_sc0_staging_00,L2,2,8,uncalibrated,False,0,True,True,False,False,True,5.914823227814084,1.8384776310850235,0.20615528128088303,True,5.914823227814084
v3_sc0_staging_00,L2,2,8,label_cell,False,0,True,True,False,False,True,6.221930009000632,1.9091883092036785,0.5147815070493501,True,5.914823227814084
v3_sc0_staging_00,L2,2,8,geometry,False,0,False,False,False,False,False,nan,nan,nan,False,5.914823227814084
v3_sc0_staging_00,L2,2,8,label_only,False,1,False,False,False,False,False,nan,nan,nan,False,5.914823227814084
v3_sc0_staging_00,L2,2,8,pose_only,False,0,True,True,False,False,True,5.914823227814084,1.8384776310850235,0.20615528128088303,True,5.914823227814084
v3_sc0_staging_00,L2,2,8,separate,False,1,False,False,False,False,False,nan,nan,nan,False,5.914823227814084
v3_sc0_staging_00,L2,2,8,joint,False,0,False,True,False,False,True,5.914823227814084,1.8384776310850235,0.20615528128088303,True,5.914823227814084
v3_sc0_staging_00,L2,2,8,oracle,False,0,False,True,False,False,True,5.914823227814084,1.8384776310850235,0.20615528128088303,True,5.914823227814084
v3_sc0_staging_00,L2,2,9,uncalibrated,False,0,True,True,False,False,True,5.976345596729059,2.3000000000000003,0.20615528128088303,True,5.97634559672906
v3_sc0_staging_00,L2,2,9,label_cell,False,0,True,False,False,False,False,nan,nan,nan,False,5.97634559672906
v3_sc0_staging_00,L2,2,9,geometry,False,0,False,False,False,False,False,nan,nan,nan,False,5.97634559672906
v3_sc0_staging_00,L2,2,9,label_only,False,1,False,False,False,False,False,nan,nan,nan,False,5.97634559672906
v3_sc0_staging_00,L2,2,9,pose_only,False,0,True,True,False,False,True,5.976345596729059,2.3000000000000003,0.20615528128088303,True,5.97634559672906
v3_sc0_staging_00,L2,2,9,separate,False,1,False,False,False,False,False,nan,nan,nan,False,5.97634559672906
v3_sc0_staging_00,L2,2,9,joint,False,0,False,True,False,False,True,5.976345596729059,2.3000000000000003,0.20615528128088303,True,5.97634559672906
v3_sc0_staging_00,L2,2,9,oracle,False,0,False,True,False,False,True,5.97634559672906,2.4000000000000004,0.20615528128088303,True,5.97634559672906
v3_sc0_staging_00,L2,2,10,uncalibrated,False,0,True,True,False,False,True,6.931980515339465,0.8,0.21213203435596426,True,6.931980515339465
v3_sc0_staging_00,L2,2,10,label_cell,False,0,True,False,False,False,False,nan,nan,nan,False,6.931980515339465
v3_sc0_staging_00,L2,2,10,geometry,False,0,False,False,False,False,False,nan,nan,nan,False,6.931980515339465
v3_sc0_staging_00,L2,2,10,label_only,False,1,False,False,False,False,False,nan,nan,nan,False,6.931980515339465
v3_sc0_staging_00,L2,2,10,pose_only,False,0,True,True,False,False,True,6.931980515339465,0.8,0.21213203435596426,True,6.931980515339465
v3_sc0_staging_00,L2,2,10,separate,False,1,False,False,False,False,False,nan,nan,nan,False,6.931980515339465
v3_sc0_staging_00,L2,2,10,joint,False,0,False,False,False,False,False,nan,nan,nan,False,6.931980515339465
v3_sc0_staging_00,L2,2,10,oracle,False,0,False,True,False,False,True,6.931980515339465,0.8514693182963202,0.20615528128088303,True,6.931980515339465
v3_sc0_staging_00,L2,2,11,uncalibrated,False,0,True,True,False,False,True,4.098528137423857,0.7000000000000001,0.45,True,4.098528137423857
v3_sc0_staging_00,L2,2,11,label_cell,False,0,True,True,False,False,True,4.098528137423857,0.55,0.45276925690687087,True,4.098528137423857
v3_sc0_staging_00,L2,2,11,geometry,False,0,False,False,False,False,False,nan,nan,nan,False,4.098528137423857
v3_sc0_staging_00,L2,2,11,label_only,False,1,False,False,False,False,False,nan,nan,nan,False,4.098528137423857
v3_sc0_staging_00,L2,2,11,pose_only,False,0,True,True,False,False,True,4.098528137423857,0.7000000000000001,0.45,True,4.098528137423857
v3_sc0_staging_00,L2,2,11,separate,False,1,False,False,False,False,False,nan,nan,nan,False,4.098528137423857
v3_sc0_staging_00,L2,2,11,joint,False,0,False,False,False,False,False,nan,nan,nan,False,4.098528137423857
v3_sc0_staging_00,L2,2,11,oracle,False,0,False,True,False,False,True,4.098528137423857,0.7000000000000001,0.45,True,4.098528137423857
v3_sc0_staging_00,L2,2,12,uncalibrated,False,0,True,True,False,False,True,4.921930009000631,1.6263455967290594,0.20615528128088303,True,4.921930009000631
v3_sc0_staging_00,L2,2,12,label_cell,False,0,True,True,False,False,True,5.697665940288703,1.6263455967290594,0.5099019513592785,True,4.921930009000631
v3_sc0_staging_00,L2,2,12,geometry,False,0,False,False,False,False,False,nan,nan,nan,False,4.921930009000631
v3_sc0_staging_00,L2,2,12,label_only,False,1,False,False,False,False,False,nan,nan,nan,False,4.921930009000631
v3_sc0_staging_00,L2,2,12,pose_only,False,0,True,True,False,False,True,4.921930009000631,1.6263455967290594,0.20615528128088303,True,4.921930009000631
v3_sc0_staging_00,L2,2,12,separate,False,1,False,False,False,False,False,nan,nan,nan,False,4.921930009000631
v3_sc0_staging_00,L2,2,12,joint,False,0,False,True,False,False,True,4.921930009000631,1.6263455967290594,0.20615528128088303,True,4.921930009000631
v3_sc0_staging_00,L2,2,12,oracle,False,0,False,True,False,False,True,4.921930009000631,1.6263455967290594,0.20615528128088303,True,4.921930009000631
v3_sc0_staging_00,L2,2,13,uncalibrated,False,0,True,True,False,False,True,6.310660171779823,2.202271554554524,0.20615528128088303,True,6.310660171779823
v3_sc0_staging_00,L2,2,13,label_cell,False,0,True,False,False,False,False,nan,nan,nan,False,6.310660171779823
v3_sc0_staging_00,L2,2,13,geometry,False,0,False,False,False,False,False,nan,nan,nan,False,6.310660171779823
v3_sc0_staging_00,L2,2,13,label_only,False,1,False,False,False,False,False,nan,nan,nan,False,6.310660171779823
v3_sc0_staging_00,L2,2,13,pose_only,False,0,True,True,False,False,True,6.310660171779823,2.202271554554524,0.20615528128088303,True,6.310660171779823
v3_sc0_staging_00,L2,2,13,separate,False,1,False,False,False,False,False,nan,nan,nan,False,6.310660171779823
v3_sc0_staging_00,L2,2,13,joint,False,0,False,True,False,False,True,6.310660171779823,2.202271554554524,0.20615528128088303,True,6.310660171779823
v3_sc0_staging_00,L2,2,13,oracle,False,0,False,True,False,False,True,6.310660171779823,2.202271554554524,0.20615528128088303,True,6.310660171779823
v3_sc0_staging_00,L2,2,14,uncalibrated,False,0,True,True,False,False,True,2.8742640687119287,2.352126697267815,0.32015621187164245,True,2.8742640687119287
v3_sc0_staging_00,L2,2,14,label_cell,False,0,True,False,False,False,False,nan,nan,nan,False,2.8742640687119287
v3_sc0_staging_00,L2,2,14,geometry,False,0,False,False,False,False,False,nan,nan,nan,False,2.8742640687119287
v3_sc0_staging_00,L2,2,14,label_only,False,1,False,False,False,False,False,nan,nan,nan,False,2.8742640687119287
v3_sc0_staging_00,L2,2,14,pose_only,False,0,True,True,False,False,True,2.8742640687119287,2.352126697267815,0.32015621187164245,True,2.8742640687119287
v3_sc0_staging_00,L2,2,14,separate,False,1,False,False,False,False,False,nan,nan,nan,False,2.8742640687119287
v3_sc0_staging_00,L2,2,14,joint,False,0,False,True,False,False,True,2.8742640687119287,2.352126697267815,0.32015621187164245,True,2.8742640687119287
v3_sc0_staging_00,L2,2,14,oracle,False,0,False,True,False,False,True,2.8742640687119287,2.352126697267815,0.32015621187164245,True,2.8742640687119287
v3_sc0_staging_00,L2,2,15,uncalibrated,False,0,True,True,False,False,True,3.648528137423857,2.5942243542145693,0.25,True,3.5778174593052023
v3_sc0_staging_00,L2,2,15,label_cell,False,0,True,False,False,False,False,nan,nan,nan,False,3.5778174593052023
v3_sc0_staging_00,L2,2,15,geometry,False,0,False,False,False,False,False,nan,nan,nan,False,3.5778174593052023
v3_sc0_staging_00,L2,2,15,label_only,False,1,False,False,False,False,False,nan,nan,nan,False,3.5778174593052023
v3_sc0_staging_00,L2,2,15,pose_only,False,0,True,True,False,False,True,3.648528137423857,2.5942243542145693,0.25,True,3.5778174593052023
v3_sc0_staging_00,L2,2,15,separate,False,1,False,False,False,False,False,nan,nan,nan,False,3.5778174593052023
v3_sc0_staging_00,L2,2,15,joint,False,0,False,True,False,False,True,3.648528137423857,2.5942243542145693,0.25,True,3.5778174593052023
v3_sc0_staging_00,L2,2,15,oracle,False,0,False,True,False,False,True,3.5778174593052023,2.6612966764342527,0.20615528128088303,True,3.5778174593052023
v3_sc0_staging_00,L2,2,16,uncalibrated,False,0,True,True,False,False,True,4.197056274847713,1.6263455967290594,0.25,True,4.197056274847713
v3_sc0_staging_00,L2,2,16,label_cell,False,0,True,False,False,False,False,nan,nan,nan,False,4.197056274847713
v3_sc0_staging_00,L2,2,16,geometry,False,0,False,False,False,False,False,nan,nan,nan,False,4.197056274847713
v3_sc0_staging_00,L2,2,16,label_only,False,1,False,False,False,False,False,nan,nan,nan,False,4.197056274847713
v3_sc0_staging_00,L2,2,16,pose_only,False,0,True,True,False,False,True,4.197056274847713,1.6263455967290594,0.25,True,4.197056274847713
v3_sc0_staging_00,L2,2,16,separate,False,1,False,False,False,False,False,nan,nan,nan,False,4.197056274847713
v3_sc0_staging_00,L2,2,16,joint,False,0,False,True,False,False,True,4.197056274847713,1.6263455967290594,0.25,True,4.197056274847713
v3_sc0_staging_00,L2,2,16,oracle,False,0,False,True,False,False,True,4.197056274847713,1.6507574019219178,0.21213203435596426,True,4.197056274847713
v3_sc0_staging_00,L2,2,17,uncalibrated,False,0,True,True,False,False,True,4.400609665440988,2.1783020910791966,0.28284271247461906,True,4.342031021678298
v3_sc0_staging_00,L2,2,17,label_cell,False,0,True,False,False,False,False,nan,nan,nan,False,4.342031021678298
v3_sc0_staging_00,L2,2,17,geometry,False,0,False,False,False,False,False,nan,nan,nan,False,4.342031021678298
v3_sc0_staging_00,L2,2,17,label_only,False,1,False,False,False,False,False,nan,nan,nan,False,4.342031021678298
v3_sc0_staging_00,L2,2,17,pose_only,False,0,True,True,False,False,True,4.400609665440988,2.1783020910791966,0.28284271247461906,True,4.342031021678298
v3_sc0_staging_00,L2,2,17,separate,False,1,False,False,False,False,False,nan,nan,nan,False,4.342031021678298
v3_sc0_staging_00,L2,2,17,joint,False,0,False,True,False,False,True,4.400609665440988,2.1783020910791966,0.28284271247461906,True,4.342031021678298
v3_sc0_staging_00,L2,2,17,oracle,False,0,False,True,False,False,True,4.342031021678298,2.1783020910791966,0.20615528128088303,True,4.342031021678298
v3_sc0_staging_00,L2,2,18,uncalibrated,False,0,True,True,False,False,True,6.435533905932738,1.8741664813991314,0.18027756377319948,True,6.435533905932738
v3_sc0_staging_00,L2,2,18,label_cell,False,0,True,True,False,False,True,6.581980515339464,1.8741664813991314,0.49244289008980524,True,6.435533905932738
v3_sc0_staging_00,L2,2,18,geometry,False,0,False,False,False,False,False,nan,nan,nan,False,6.435533905932738
v3_sc0_staging_00,L2,2,18,label_only,False,1,False,False,False,False,False,nan,nan,nan,False,6.435533905932738
v3_sc0_staging_00,L2,2,18,pose_only,False,0,True,True,False,False,True,6.435533905932738,1.8741664813991314,0.18027756377319948,True,6.435533905932738
v3_sc0_staging_00,L2,2,18,separate,False,1,False,False,False,False,False,nan,nan,nan,False,6.435533905932738
v3_sc0_staging_00,L2,2,18,joint,False,0,False,True,False,False,True,6.435533905932738,1.8741664813991314,0.18027756377319948,True,6.435533905932738
v3_sc0_staging_00,L2,2,18,oracle,False,0,False,True,False,False,True,6.435533905932738,1.8741664813991314,0.20615528128088303,True,6.435533905932738
v3_sc0_staging_00,L2,2,19,uncalibrated,False,0,True,True,False,False,True,3.9370057685088797,2.1569654610122995,0.35000000000000003,True,3.9370057685088797
v3_sc0_staging_00,L2,2,19,label_cell,False,0,True,False,False,False,False,nan,nan,nan,False,3.9370057685088797
v3_sc0_staging_00,L2,2,19,geometry,False,0,False,False,False,False,False,nan,nan,nan,False,3.9370057685088797
v3_sc0_staging_00,L2,2,19,label_only,False,1,False,False,False,False,False,nan,nan,nan,False,3.9370057685088797
v3_sc0_staging_00,L2,2,19,pose_only,False,0,True,True,False,False,True,3.9370057685088797,2.1569654610122995,0.35000000000000003,True,3.9370057685088797
v3_sc0_staging_00,L2,2,19,separate,False,1,False,False,False,False,False,nan,nan,nan,False,3.9370057685088797
v3_sc0_staging_00,L2,2,19,joint,False,0,False,True,False,False,True,3.9370057685088797,2.1569654610122995,0.35000000000000003,True,3.9370057685088797
v3_sc0_staging_00,L2,2,19,oracle,False,0,False,True,False,False,True,3.9370057685088797,2.1569654610122995,0.35000000000000003,True,3.9370057685088797
v3_sc0_staging_00,L2,3,0,uncalibrated,False,0,True,True,False,False,True,4.481370849898476,0.65,0.2692582403567252,True,4.481370849898475
v3_sc0_staging_00,L2,3,0,label_cell,False,0,True,False,False,False,False,nan,nan,nan,False,4.481370849898475
v3_sc0_staging_00,L2,3,0,geometry,False,0,False,False,False,False,False,nan,nan,nan,False,4.481370849898475
v3_sc0_staging_00,L2,3,0,label_only,False,1,False,False,False,False,False,nan,nan,nan,False,4.481370849898475
v3_sc0_staging_00,L2,3,0,pose_only,False,0,True,True,False,False,True,4.481370849898476,0.65,0.2692582403567252,True,4.481370849898475
v3_sc0_staging_00,L2,3,0,separate,False,1,False,False,False,False,False,nan,nan,nan,False,4.481370849898475
v3_sc0_staging_00,L2,3,0,joint,False,0,False,False,False,False,False,nan,nan,nan,False,4.481370849898475
v3_sc0_staging_00,L2,3,0,oracle,False,0,False,True,False,False,True,4.481370849898475,0.7000000000000001,0.2692582403567252,True,4.481370849898475
v3_sc0_staging_00,L2,3,1,uncalibrated,False,0,True,True,False,False,True,7.762741699796952,0.6000000000000001,0.25,True,7.692031021678296
v3_sc0_staging_00,L2,3,1,label_cell,False,0,True,False,False,False,False,nan,nan,nan,False,7.692031021678296
v3_sc0_staging_00,L2,3,1,geometry,False,0,False,False,False,False,False,nan,nan,nan,False,7.692031021678296
v3_sc0_staging_00,L2,3,1,label_only,False,1,False,False,False,False,False,nan,nan,nan,False,7.692031021678296
v3_sc0_staging_00,L2,3,1,pose_only,False,0,True,True,False,False,True,7.762741699796952,0.6000000000000001,0.25,True,7.692031021678296
v3_sc0_staging_00,L2,3,1,separate,False,1,False,False,False,False,False,nan,nan,nan,False,7.692031021678296
v3_sc0_staging_00,L2,3,1,joint,False,0,False,False,False,False,False,nan,nan,nan,False,7.692031021678296
v3_sc0_staging_00,L2,3,1,oracle,False,0,False,True,False,False,True,7.692031021678296,0.7000000000000001,0.20615528128088303,True,7.692031021678296
v3_sc0_staging_00,L2,3,2,uncalibrated,False,0,True,True,False,False,True,5.1763455967290595,2.147091055358389,0.25495097567963926,True,5.134924240491749
v3_sc0_staging_00,L2,3,2,label_cell,False,0,True,True,False,False,True,5.424873734152915,2.147091055358389,0.55,True,5.134924240491749
v3_sc0_staging_00,L2,3,2,geometry,False,0,False,False,False,False,False,nan,nan,nan,False,5.134924240491749
v3_sc0_staging_00,L2,3,2,label_only,False,1,False,False,False,False,False,nan,nan,nan,False,5.134924240491749
v3_sc0_staging_00,L2,3,2,pose_only,False,0,True,True,False,False,True,5.1763455967290595,2.147091055358389,0.25495097567963926,True,5.134924240491749
v3_sc0_staging_00,L2,3,2,separate,False,1,False,False,False,False,False,nan,nan,nan,False,5.134924240491749
v3_sc0_staging_00,L2,3,2,joint,False,0,False,True,False,False,True,5.1763455967290595,2.147091055358389,0.25495097567963926,True,5.134924240491749
v3_sc0_staging_00,L2,3,2,oracle,False,0,False,True,False,False,True,5.134924240491749,2.147091055358389,0.25,True,5.134924240491749
v3_sc0_staging_00,L2,3,3,uncalibrated,False,0,True,True,False,False,True,4.650609665440988,2.6386549603917526,0.20615528128088303,True,4.650609665440988
v3_sc0_staging_00,L2,3,3,label_cell,False,0,True,False,False,False,False,nan,nan,nan,False,4.650609665440988
v3_sc0_staging_00,L2,3,3,geometry,False,0,False,False,False,False,False,nan,nan,nan,False,4.650609665440988
v3_sc0_staging_00,L2,3,3,label_only,False,1,False,False,False,False,False,nan,nan,nan,False,4.650609665440988
v3_sc0_staging_00,L2,3,3,pose_only,False,0,True,True,False,False,True,4.650609665440988,2.6386549603917526,0.20615528128088303,True,4.650609665440988
v3_sc0_staging_00,L2,3,3,separate,False,1,False,False,False,False,False,nan,nan,nan,False,4.650609665440988
v3_sc0_staging_00,L2,3,3,joint,False,0,False,True,False,False,True,4.650609665440988,2.6386549603917526,0.20615528128088303,True,4.650609665440988
v3_sc0_staging_00,L2,3,3,oracle,False,0,False,True,False,False,True,4.650609665440988,2.6386549603917526,0.20615528128088303,True,4.650609665440988
v3_sc0_staging_00,L2,3,4,uncalibrated,False,0,True,True,False,False,True,6.358326112068525,1.7677669529663689,0.223606797749979,True,6.28761543394987
v3_sc0_staging_00,L2,3,4,label_cell,False,0,True,True,False,False,True,6.98761543394987,1.7677669529663689,0.5099019513592785,True,6.28761543394987
v3_sc0_staging_00,L2,3,4,geometry,False,0,False,False,False,False,False,nan,nan,nan,False,6.28761543394987
v3_sc0_staging_00,L2,3,4,label_only,False,1,False,False,False,False,False,nan,nan,nan,False,6.28761543394987
v3_sc0_staging_00,L2,3,4,pose_only,False,0,True,True,False,False,True,6.358326112068525,1.7677669529663689,0.223606797749979,True,6.28761543394987
v3_sc0_staging_00,L2,3,4,separate,False,1,False,False,False,False,False,nan,nan,nan,False,6.28761543394987
v3_sc0_staging_00,L2,3,4,joint,False,0,False,True,False,False,True,6.358326112068525,1.7677669529663689,0.223606797749979,True,6.28761543394987
v3_sc0_staging_00,L2,3,4,oracle,False,0,False,True,False,False,True,6.28761543394987,1.7677669529663689,0.20615528128088303,True,6.28761543394987
v3_sc0_staging_00,L2,3,5,uncalibrated,False,0,True,True,False,False,True,8.516295090390228,0.6000000000000001,0.2,True,8.487005768508881
v3_sc0_staging_00,L2,3,5,label_cell,False,0,True,False,False,False,False,nan,nan,nan,False,8.487005768508881
v3_sc0_staging_00,L2,3,5,geometry,False,0,False,False,False,False,False,nan,nan,nan,False,8.487005768508881
v3_sc0_staging_00,L2,3,5,label_only,False,1,False,False,False,False,False,nan,nan,nan,False,8.487005768508881
v3_sc0_staging_00,L2,3,5,pose_only,False,0,True,True,False,False,True,8.516295090390228,0.6000000000000001,0.2,True,8.487005768508881
v3_sc0_staging_00,L2,3,5,separate,False,1,False,False,False,False,False,nan,nan,nan,False,8.487005768508881
v3_sc0_staging_00,L2,3,5,joint,False,0,False,False,False,False,False,nan,nan,nan,False,8.487005768508881
v3_sc0_staging_00,L2,3,5,oracle,False,0,False,True,False,False,True,8.487005768508881,0.7000000000000001,0.21213203435596426,True,8.487005768508881
v3_sc0_staging_00,L2,3,6,uncalibrated,False,0,True,True,False,False,True,5.442640687119286,1.8848076824970765,0.25,True,5.401219330881976
v3_sc0_staging_00,L2,3,6,label_cell,False,0,True,False,False,False,False,nan,nan,nan,False,5.401219330881976
v3_sc0_staging_00,L2,3,6,geometry,False,0,False,False,False,False,False,nan,nan,nan,False,5.401219330881976
v3_sc0_staging_00,L2,3,6,label_only,False,1,False,False,False,False,False,nan,nan,nan,False,5.401219330881976
v3_sc0_staging_00,L2,3,6,pose_only,False,0,True,True,False,False,True,5.442640687119286,1.8848076824970765,0.25,True,5.401219330881976
v3_sc0_staging_00,L2,3,6,separate,False,1,False,False,False,False,False,nan,nan,nan,False,5.401219330881976
v3_sc0_staging_00,L2,3,6,joint,False,0,False,True,False,False,True,5.442640687119286,1.8848076824970765,0.25,True,5.401219330881976
v3_sc0_staging_00,L2,3,6,oracle,False,0,False,True,False,False,True,5.401219330881976,1.8668154702594473,0.20615528128088303,True,5.401219330881976
v3_sc0_staging_00,L2,3,7,uncalibrated,False,0,True,True,False,False,True,6.969848480983503,0.65,0.18027756377319948,True,6.969848480983501
v3_sc0_staging_00,L2,3,7,label_cell,False,0,True,True,False,False,True,7.316295090390226,0.65,0.49244289008980524,True,6.969848480983501
v3_sc0_staging_00,L2,3,7,geometry,False,0,False,False,False,False,False,nan,nan,nan,False,6.969848480983501
v3_sc0_staging_00,L2,3,7,label_only,False,1,False,False,False,False,False,nan,nan,nan,False,6.969848480983501
v3_sc0_staging_00,L2,3,7,pose_only,False,0,True,True,False,False,True,6.969848480983503,0.65,0.18027756377319948,True,6.969848480983501
v3_sc0_staging_00,L2,3,7,separate,False,1,False,False,False,False,False,nan,nan,nan,False,6.969848480983501
v3_sc0_staging_00,L2,3,7,joint,False,0,False,False,False,False,False,nan,nan,nan,False,6.969848480983501
v3_sc0_staging_00,L2,3,7,oracle,False,0,False,True,False,False,True,6.969848480983501,0.7000000000000001,0.20615528128088303,True,6.969848480983501
v3_sc0_staging_00,L2,3,8,uncalibrated,False,0,True,True,False,False,True,5.956244584051394,1.8034688796871432,0.25,True,5.914823227814084
v3_sc0_staging_00,L2,3,8,label_cell,False,0,True,True,False,False,True,6.351219330881976,1.9448650338776723,0.5220153254455275,True,5.914823227814084
v3_sc0_staging_00,L2,3,8,geometry,False,0,False,False,False,False,False,nan,nan,nan,False,5.914823227814084
v3_sc0_staging_00,L2,3,8,label_only,False,1,False,False,False,False,False,nan,nan,nan,False,5.914823227814084
v3_sc0_staging_00,L2,3,8,pose_only,False,0,True,True,False,False,True,5.956244584051394,1.8034688796871432,0.25,True,5.914823227814084
v3_sc0_staging_00,L2,3,8,separate,False,1,False,False,False,False,False,nan,nan,nan,False,5.914823227814084
v3_sc0_staging_00,L2,3,8,joint,False,0,False,True,False,False,True,5.956244584051394,1.8034688796871432,0.25,True,5.914823227814084
v3_sc0_staging_00,L2,3,8,oracle,False,0,False,True,False,False,True,5.914823227814084,1.8034688796871432,0.20615528128088303,True,5.914823227814084
v3_sc0_staging_00,L2,3,9,uncalibrated,False,0,True,True,False,False,True,6.047056274847714,2.45,0.25,True,6.005634918610404
v3_sc0_staging_00,L2,3,9,label_cell,False,0,True,True,False,False,True,6.2955844122715705,2.219234102117215,0.55,True,6.005634918610404
v3_sc0_staging_00,L2,3,9,geometry,False,0,False,False,False,False,False,nan,nan,nan,False,6.005634918610404
v3_sc0_staging_00,L2,3,9,label_only,False,1,False,False,False,False,False,nan,nan,nan,False,6.005634918610404
v3_sc0_staging_00,L2,3,9,pose_only,False,0,True,True,False,False,True,6.047056274847714,2.45,0.25,True,6.005634918610404
v3_sc0_staging_00,L2,3,9,separate,False,1,False,False,False,False,False,nan,nan,nan,False,6.005634918610404
v3_sc0_staging_00,L2,3,9,joint,False,0,False,True,False,False,True,6.047056274847714,2.45,0.25,True,6.005634918610404
v3_sc0_staging_00,L2,3,9,oracle,False,0,False,True,False,False,True,6.005634918610404,2.45,0.25,True,6.005634918610404
v3_sc0_staging_00,L2,3,10,uncalibrated,False,0,True,True,False,False,True,6.923401871576776,0.8558621384311845,0.18027756377319948,True,6.923401871576776
v3_sc0_staging_00,L2,3,10,label_cell,False,0,True,False,False,False,False,nan,nan,nan,False,6.923401871576776
v3_sc0_staging_00,L2,3,10,geometry,False,0,False,False,False,False,False,nan,nan,nan,False,6.923401871576776
v3_sc0_staging_00,L2,3,10,label_only,False,1,False,False,False,False,False,nan,nan,nan,False,6.923401871576776
v3_sc0_staging_00,L2,3,10,pose_only,False,0,True,True,False,False,True,6.923401871576776,0.8558621384311845,0.18027756377319948,True,6.923401871576776
v3_sc0_staging_00,L2,3,10,separate,False,1,False,False,False,False,False,nan,nan,nan,False,6.923401871576776
v3_sc0_staging_00,L2,3,10,joint,False,0,False,False,False,False,False,nan,nan,nan,False,6.923401871576776
v3_sc0_staging_00,L2,3,10,oracle,False,0,False,True,False,False,True,6.923401871576776,0.9013878188659974,0.20615528128088303,True,6.923401871576776
v3_sc0_staging_00,L2,3,11,uncalibrated,False,0,True,True,False,False,True,4.110660171779822,0.6000000000000001,0.45,True,4.110660171779822
v3_sc0_staging_00,L2,3,11,label_cell,False,0,True,True,False,False,True,4.169238815542512,0.65,0.5099019513592785,True,4.110660171779822
v3_sc0_staging_00,L2,3,11,geometry,False,0,False,False,False,False,False,nan,nan,nan,False,4.110660171779822
v3_sc0_staging_00,L2,3,11,label_only,False,1,False,False,False,False,False,nan,nan,nan,False,4.110660171779822
v3_sc0_staging_00,L2,3,11,pose_only,False,0,True,True,False,False,True,4.110660171779822,0.6000000000000001,0.45,True,4.110660171779822
v3_sc0_staging_00,L2,3,11,separate,False,1,False,False,False,False,False,nan,nan,nan,False,4.110660171779822
v3_sc0_staging_00,L2,3,11,joint,False,0,False,False,False,False,False,nan,nan,nan,False,4.110660171779822
v3_sc0_staging_00,L2,3,11,oracle,False,0,False,True,False,False,True,4.110660171779822,0.6000000000000001,0.45,True,4.110660171779822
v3_sc0_staging_00,L2,3,12,uncalibrated,False,0,True,True,False,False,True,5.080508652763322,1.5913830462839549,0.223606797749979,True,5.009797974644666
v3_sc0_staging_00,L2,3,12,label_cell,False,0,True,True,False,False,True,5.826955262170047,1.697056274847714,0.5220153254455275,True,5.009797974644666
v3_sc0_staging_00,L2,3,12,geometry,False,0,False,False,False,False,False,nan,nan,nan,False,5.009797974644666
v3_sc0_staging_00,L2,3,12,label_only,False,1,False,False,False,False,False,nan,nan,nan,False,5.009797974644666
v3_sc0_staging_00,L2,3,12,pose_only,False,0,True,True,False,False,True,5.080508652763322,1.5913830462839549,0.223606797749979,True,5.009797974644666
v3_sc0_staging_00,L2,3,12,separate,False,1,False,False,False,False,False,nan,nan,nan,False,5.009797974644666
v3_sc0_staging_00,L2,3,12,joint,False,0,False,True,False,False,True,5.080508652763322,1.5913830462839549,0.223606797749979,True,5.009797974644666
v3_sc0_staging_00,L2,3,12,oracle,False,0,False,True,False,False,True,5.009797974644666,1.5913830462839549,0.20615528128088303,True,5.009797974644666
v3_sc0_staging_00,L2,3,13,uncalibrated,False,0,True,True,False,False,True,6.443502884254442,2.2588713996153036,0.25,True,6.402081528017132
v3_sc0_staging_00,L2,3,13,label_cell,False,0,True,False,False,False,False,nan,nan,nan,False,6.402081528017132
v3_sc0_staging_00,L2,3,13,geometry,False,0,False,False,False,False,False,nan,nan,nan,False,6.402081528017132
v3_sc0_staging_00,L2,3,13,label_only,False,1,False,False,False,False,False,nan,nan,nan,False,6.402081528017132
v3_sc0_staging_00,L2,3,13,pose_only,False,0,True,True,False,False,True,6.443502884254442,2.2588713996153036,0.25,True,6.402081528017132
v3_sc0_staging_00,L2,3,13,separate,False,1,False,False,False,False,False,nan,nan,nan,False,6.402081528017132
v3_sc0_staging_00,L2,3,13,joint,False,0,False,True,False,False,True,6.443502884254442,2.2588713996153036,0.25,True,6.402081528017132
v3_sc0_staging_00,L2,3,13,oracle,False,0,False,True,False,False,True,6.402081528017132,2.254994456755936,0.20615528128088303,True,6.402081528017132
v3_sc0_staging_00,L2,3,14,uncalibrated,False,0,True,True,False,False,True,2.9156854249492383,2.3837994882120435,0.3905124837953327,True,2.9156854249492383
v3_sc0_staging_00,L2,3,14,label_cell,False,0,True,False,False,False,False,nan,nan,nan,False,2.9156854249492383
v3_sc0_staging_00,L2,3,14,geometry,False,0,False,False,False,False,False,nan,nan,nan,False,2.9156854249492383
v3_sc0_staging_00,L2,3,14,label_only,False,1,False,False,False,False,False,nan,nan,nan,False,2.9156854249492383
v3_sc0_staging_00,L2,3,14,pose_only,False,0,True,True,False,False,True,2.9156854249492383,2.3837994882120435,0.3905124837953327,True,2.9156854249492383
v3_sc0_staging_00,L2,3,14,separate,False,1,False,False,False,False,False,nan,nan,nan,False,2.9156854249492383
v3_sc0_staging_00,L2,3,14,joint,False,0,False,True,False,False,True,2.9156854249492383,2.3837994882120435,0.3905124837953327,True,2.9156854249492383
v3_sc0_staging_00,L2,3,14,oracle,False,0,False,True,False,False,True,2.9156854249492383,2.3837994882120435,0.3905124837953327,True,2.9156854249492383
v3_sc0_staging_00,L2,3,15,uncalibrated,False,0,True,True,False,False,True,3.607106781186548,2.6612966764342527,0.20615528128088303,True,3.607106781186548
v3_sc0_staging_00,L2,3,15,label_cell,False,0,True,False,False,False,False,nan,nan,nan,False,3.607106781186548
v3_sc0_staging_00,L2,3,15,geometry,False,0,False,False,False,False,False,nan,nan,nan,False,3.607106781186548
v3_sc0_staging_00,L2,3,15,label_only,False,1,False,False,False,False,False,nan,nan,nan,False,3.607106781186548
v3_sc0_staging_00,L2,3,15,pose_only,False,0,True,True,False,False,True,3.607106781186548,2.6612966764342527,0.20615528128088303,True,3.607106781186548
v3_sc0_staging_00,L2,3,15,separate,False,1,False,False,False,False,False,nan,nan,nan,False,3.607106781186548
v3_sc0_staging_00,L2,3,15,joint,False,0,False,True,False,False,True,3.607106781186548,2.6612966764342527,0.20615528128088303,True,3.607106781186548
v3_sc0_staging_00,L2,3,15,oracle,False,0,False,True,False,False,True,3.607106781186548,2.6612966764342527,0.20615528128088303,True,3.607106781186548
v3_sc0_staging_00,L2,3,16,uncalibrated,False,0,True,True,False,False,True,4.2349242404917495,1.5700318468107584,0.25,True,4.2349242404917495
v3_sc0_staging_00,L2,3,16,label_cell,False,0,True,False,False,False,False,nan,nan,nan,False,4.2349242404917495
v3_sc0_staging_00,L2,3,16,geometry,False,0,False,False,False,False,False,nan,nan,nan,False,4.2349242404917495
v3_sc0_staging_00,L2,3,16,label_only,False,1,False,False,False,False,False,nan,nan,nan,False,4.2349242404917495
v3_sc0_staging_00,L2,3,16,pose_only,False,0,True,True,False,False,True,4.2349242404917495,1.5700318468107584,0.25,True,4.2349242404917495
v3_sc0_staging_00,L2,3,16,separate,False,1,False,False,False,False,False,nan,nan,nan,False,4.2349242404917495
v3_sc0_staging_00,L2,3,16,joint,False,0,False,True,False,False,True,4.2349242404917495,1.5700318468107584,0.25,True,4.2349242404917495
v3_sc0_staging_00,L2,3,16,oracle,False,0,False,True,False,False,True,4.2349242404917495,1.5700318468107584,0.25,True,4.2349242404917495
v3_sc0_staging_00,L2,3,17,uncalibrated,False,0,True,True,False,False,True,4.400609665440988,2.1633307652783937,0.223606797749979,True,4.371320343559643
v3_sc0_staging_00,L2,3,17,label_cell,False,0,True,False,False,False,False,nan,nan,nan,False,4.371320343559643
v3_sc0_staging_00,L2,3,17,geometry,False,0,False,False,False,False,False,nan,nan,nan,False,4.371320343559643
v3_sc0_staging_00,L2,3,17,label_only,False,1,False,False,False,False,False,nan,nan,nan,False,4.371320343559643
v3_sc0_staging_00,L2,3,17,pose_only,False,0,True,True,False,False,True,4.400609665440988,2.1633307652783937,0.223606797749979,True,4.371320343559643
v3_sc0_staging_00,L2,3,17,separate,False,1,False,False,False,False,False,nan,nan,nan,False,4.371320343559643
v3_sc0_staging_00,L2,3,17,joint,False,0,False,True,False,False,True,4.400609665440988,2.1633307652783937,0.223606797749979,True,4.371320343559643
v3_sc0_staging_00,L2,3,17,oracle,False,0,False,True,False,False,True,4.371320343559643,2.1633307652783937,0.20615528128088303,True,4.371320343559643
v3_sc0_staging_00,L2,3,18,uncalibrated,False,0,True,True,False,False,True,6.439087296526013,1.8439088914585775,0.18027756377319948,True,6.439087296526013
v3_sc0_staging_00,L2,3,18,label_cell,False,0,True,True,False,False,True,6.614823227814084,1.8439088914585775,0.49244289008980524,True,6.439087296526013
v3_sc0_staging_00,L2,3,18,geometry,False,0,False,False,False,False,False,nan,nan,nan,False,6.439087296526013
v3_sc0_staging_00,L2,3,18,label_only,False,1,False,False,False,False,False,nan,nan,nan,False,6.439087296526013
v3_sc0_staging_00,L2,3,18,pose_only,False,0,True,True,False,False,True,6.439087296526013,1.8439088914585775,0.18027756377319948,True,6.439087296526013
v3_sc0_staging_00,L2,3,18,separate,False,1,False,False,False,False,False,nan,nan,nan,False,6.439087296526013
v3_sc0_staging_00,L2,3,18,joint,False,0,False,True,False,False,True,6.439087296526013,1.8439088914585775,0.18027756377319948,True,6.439087296526013
v3_sc0_staging_00,L2,3,18,oracle,False,0,False,True,False,False,True,6.439087296526013,1.8439088914585775,0.20615528128088303,True,6.439087296526013
v3_sc0_staging_00,L2,3,19,uncalibrated,False,0,True,True,False,False,True,3.899137802864845,1.9780040444852482,0.25,True,3.899137802864845
v3_sc0_staging_00,L2,3,19,label_cell,False,0,True,False,False,False,False,nan,nan,nan,False,3.899137802864845
v3_sc0_staging_00,L2,3,19,geometry,False,0,False,False,False,False,False,nan,nan,nan,False,3.899137802864845
v3_sc0_staging_00,L2,3,19,label_only,False,1,False,False,False,False,False,nan,nan,nan,False,3.899137802864845
v3_sc0_staging_00,L2,3,19,pose_only,False,0,True,True,False,False,True,3.899137802864845,1.9780040444852482,0.25,True,3.899137802864845
v3_sc0_staging_00,L2,3,19,separate,False,1,False,False,False,False,False,nan,nan,nan,False,3.899137802864845
v3_sc0_staging_00,L2,3,19,joint,False,0,False,True,False,False,True,3.899137802864845,1.9780040444852482,0.25,True,3.899137802864845
v3_sc0_staging_00,L2,3,19,oracle,False,0,False,True,False,False,True,3.899137802864845,1.9780040444852482,0.25,True,3.899137802864845
v3_sc0_staging_00,L2,4,0,uncalibrated,False,0,True,True,False,False,True,4.389949493661166,0.7000000000000001,0.223606797749979,True,4.431370849898476
v3_sc0_staging_00,L2,4,0,label_cell,False,0,True,False,False,False,False,nan,nan,nan,False,4.431370849898476
v3_sc0_staging_00,L2,4,0,geometry,False,0,False,False,False,False,False,nan,nan,nan,False,4.431370849898476
v3_sc0_staging_00,L2,4,0,label_only,False,1,False,False,False,False,False,nan,nan,nan,False,4.431370849898476
v3_sc0_staging_00,L2,4,0,pose_only,False,0,True,True,False,False,True,4.389949493661166,0.7000000000000001,0.223606797749979,True,4.431370849898476
v3_sc0_staging_00,L2,4,0,separate,False,1,False,False,False,False,False,nan,nan,nan,False,4.431370849898476
v3_sc0_staging_00,L2,4,0,joint,False,0,False,False,False,False,False,nan,nan,nan,False,4.431370849898476
v3_sc0_staging_00,L2,4,0,oracle,False,0,False,True,False,False,True,4.431370849898476,0.6000000000000001,0.25495097567963926,True,4.431370849898476
v3_sc0_staging_00,L2,4,1,uncalibrated,False,0,True,True,False,False,True,7.700609665440988,0.7000000000000001,0.20615528128088303,True,7.742031021678297
v3_sc0_staging_00,L2,4,1,label_cell,False,0,True,False,False,False,False,nan,nan,nan,False,7.742031021678297
v3_sc0_staging_00,L2,4,1,geometry,False,0,False,False,False,False,False,nan,nan,nan,False,7.742031021678297
v3_sc0_staging_00,L2,4,1,label_only,False,1,False,False,False,False,False,nan,nan,nan,False,7.742031021678297
v3_sc0_staging_00,L2,4,1,pose_only,False,0,True,True,False,False,True,7.700609665440988,0.7000000000000001,0.20615528128088303,True,7.742031021678297
v3_sc0_staging_00,L2,4,1,separate,False,1,False,False,False,False,False,nan,nan,nan,False,7.742031021678297
v3_sc0_staging_00,L2,4,1,joint,False,0,False,False,False,False,False,nan,nan,nan,False,7.742031021678297
v3_sc0_staging_00,L2,4,1,oracle,False,0,False,True,False,False,True,7.742031021678297,0.6000000000000001,0.20615528128088303,True,7.742031021678297
v3_sc0_staging_00,L2,4,2,uncalibrated,False,0,True,True,False,False,True,5.155634918610404,2.1691011963483864,0.30000000000000004,True,5.114213562373095
v3_sc0_staging_00,L2,4,2,label_cell,False,0,True,True,False,False,True,5.40416305603426,2.1691011963483864,0.55,True,5.114213562373095
v3_sc0_staging_00,L2,4,2,geometry,False,0,False,False,False,False,False,nan,nan,nan,False,5.114213562373095
v3_sc0_staging_00,L2,4,2,label_only,False,1,False,False,False,False,False,nan,nan,nan,False,5.114213562373095
v3_sc0_staging_00,L2,4,2,pose_only,False,0,True,True,False,False,True,5.155634918610404,2.1691011963483864,0.30000000000000004,True,5.114213562373095
v3_sc0_staging_00,L2,4,2,separate,False,1,False,False,False,False,False,nan,nan,nan,False,5.114213562373095
v3_sc0_staging_00,L2,4,2,joint,False,0,False,True,False,False,True,5.155634918610404,2.1691011963483864,0.30000000000000004,True,5.114213562373095
v3_sc0_staging_00,L2,4,2,oracle,False,0,False,True,False,False,True,5.114213562373095,2.0554804791094465,0.20615528128088303,True,5.114213562373095
v3_sc0_staging_00,L2,4,3,uncalibrated,False,0,True,True,False,False,True,4.6713203435596435,2.616295090390226,0.20615528128088303,True,4.6713203435596435
v3_sc0_staging_00,L2,4,3,label_cell,False,0,True,False,False,False,False,nan,nan,nan,False,4.6713203435596435
v3_sc0_staging_00,L2,4,3,geometry,False,0,False,False,False,False,False,nan,nan,nan,False,4.6713203435596435
v3_sc0_staging_00,L2,4,3,label_only,False,1,False,False,False,False,False,nan,nan,nan,False,4.6713203435596435
v3_sc0_staging_00,L2,4,3,pose_only,False,0,True,True,False,False,True,4.6713203435596435,2.616295090390226,0.20615528128088303,True,4.6713203435596435
v3_sc0_staging_00,L2,4,3,separate,False,1,False,False,False,False,False,nan,nan,nan,False,4.6713203435596435
v3_sc0_staging_00,L2,4,3,joint,False,0,False,True,False,False,True,4.6713203435596435,2.616295090390226,0.20615528128088303,True,4.6713203435596435
v3_sc0_staging_00,L2,4,3,oracle,False,0,False,True,False,False,True,4.6713203435596435,2.616295090390226,0.20615528128088303,True,4.6713203435596435
v3_sc0_staging_00,L2,4,4,uncalibrated,False,0,True,True,False,False,True,6.308326112068524,1.8034688796871432,0.20615528128088303,True,6.266904755831215
v3_sc0_staging_00,L2,4,4,label_cell,False,0,True,True,False,False,True,6.908326112068528,1.8034688796871432,0.5024937810560445,True,6.266904755831215
v3_sc0_staging_00,L2,4,4,geometry,False,0,False,False,False,False,False,nan,nan,nan,False,6.266904755831215
v3_sc0_staging_00,L2,4,4,label_only,False,1,False,False,False,False,False,nan,nan,nan,False,6.266904755831215
v3_sc0_staging_00,L2,4,4,pose_only,False,0,True,True,False,False,True,6.308326112068524,1.8034688796871432,0.20615528128088303,True,6.266904755831215
v3_sc0_staging_00,L2,4,4,separate,False,1,False,False,False,False,False,nan,nan,nan,False,6.266904755831215
v3_sc0_staging_00,L2,4,4,joint,False,0,False,True,False,False,True,6.308326112068524,1.8034688796871432,0.20615528128088303,True,6.266904755831215
v3_sc0_staging_00,L2,4,4,oracle,False,0,False,True,False,False,True,6.266904755831215,1.8034688796871432,0.20615528128088303,True,6.266904755831215
v3_sc0_staging_00,L2,4,5,uncalibrated,False,0,True,True,False,False,True,8.424873734152916,0.7000000000000001,0.25,True,8.466295090390227
v3_sc0_staging_00,L2,4,5,label_cell,False,0,True,False,False,False,False,nan,nan,nan,False,8.466295090390227
v3_sc0_staging_00,L2,4,5,geometry,False,0,False,False,False,False,False,nan,nan,nan,False,8.466295090390227
v3_sc0_staging_00,L2,4,5,label_only,False,1,False,False,False,False,False,nan,nan,nan,False,8.466295090390227
v3_sc0_staging_00,L2,4,5,pose_only,False,0,True,True,False,False,True,8.424873734152916,0.7000000000000001,0.25,True,8.466295090390227
v3_sc0_staging_00,L2,4,5,separate,False,1,False,False,False,False,False,nan,nan,nan,False,8.466295090390227
v3_sc0_staging_00,L2,4,5,joint,False,0,False,False,False,False,False,nan,nan,nan,False,8.466295090390227
v3_sc0_staging_00,L2,4,5,oracle,False,0,False,True,False,False,True,8.466295090390227,0.6000000000000001,0.20615528128088303,True,8.466295090390227
v3_sc0_staging_00,L2,4,6,uncalibrated,False,0,True,True,False,False,True,5.421930009000631,1.8973665961010278,0.25,True,5.3805086527633215
v3_sc0_staging_00,L2,4,6,label_cell,False,0,True,False,False,False,False,nan,nan,nan,False,5.3805086527633215
v3_sc0_staging_00,L2,4,6,geometry,False,0,False,False,False,False,False,nan,nan,nan,False,5.3805086527633215
v3_sc0_staging_00,L2,4,6,label_only,False,1,False,False,False,False,False,nan,nan,nan,False,5.3805086527633215
v3_sc0_staging_00,L2,4,6,pose_only,False,0,True,True,False,False,True,5.421930009000631,1.8973665961010278,0.25,True,5.3805086527633215
v3_sc0_staging_00,L2,4,6,separate,False,1,False,False,False,False,False,nan,nan,nan,False,5.3805086527633215
v3_sc0_staging_00,L2,4,6,joint,False,0,False,True,False,False,True,5.421930009000631,1.8973665961010278,0.25,True,5.3805086527633215
v3_sc0_staging_00,L2,4,6,oracle,False,0,False,True,False,False,True,5.3805086527633215,1.8821530224718712,0.20615528128088303,True,5.3805086527633215
v3_sc0_staging_00,L2,4,7,uncalibrated,False,0,True,True,False,False,True,6.957716446627538,0.8500000000000001,0.20615528128088303,True,6.999137802864848
v3_sc0_staging_00,L2,4,7,label_cell,False,0,True,True,False,False,True,7.304163056034262,0.8500000000000001,0.5024937810560445,True,6.999137802864848
v3_sc0_staging_00,L2,4,7,geometry,False,0,False,False,False,False,False,nan,nan,nan,False,6.999137802864848
v3_sc0_staging_00,L2,4,7,label_only,False,1,False,False,False,False,False,nan,nan,nan,False,6.999137802864848
v3_sc0_staging_00,L2,4,7,pose_only,False,0,True,True,False,False,True,6.957716446627538,0.8500000000000001,0.20615528128088303,True,6.999137802864848
v3_sc0_staging_00,L2,4,7,separate,False,1,False,False,False,False,False,nan,nan,nan,False,6.999137802864848
v3_sc0_staging_00,L2,4,7,joint,False,0,False,False,False,False,False,nan,nan,nan,False,6.999137802864848
v3_sc0_staging_00,L2,4,7,oracle,False,0,False,True,False,False,True,6.999137802864848,0.65,0.20615528128088303,True,6.999137802864848
v3_sc0_staging_00,L2,4,8,uncalibrated,False,0,True,True,False,False,True,5.935533905932739,1.8034688796871432,0.20615528128088303,True,5.894112549695429
v3_sc0_staging_00,L2,4,8,label_cell,False,0,True,True,False,False,True,6.301219330881977,1.9448650338776723,0.5385164807134504,True,5.894112549695429
v3_sc0_staging_00,L2,4,8,geometry,False,0,False,False,False,False,False,nan,nan,nan,False,5.894112549695429
v3_sc0_staging_00,L2,4,8,label_only,False,1,False,False,False,False,False,nan,nan,nan,False,5.894112549695429
v3_sc0_staging_00,L2,4,8,pose_only,False,0,True,True,False,False,True,5.935533905932739,1.8034688796871432,0.20615528128088303,True,5.894112549695429
v3_sc0_staging_00,L2,4,8,separate,False,1,False,False,False,False,False,nan,nan,nan,False,5.894112549695429
v3_sc0_staging_00,L2,4,8,joint,False,0,False,True,False,False,True,5.935533905932739,1.8034688796871432,0.20615528128088303,True,5.894112549695429
v3_sc0_staging_00,L2,4,8,oracle,False,0,False,True,False,False,True,5.894112549695429,1.8034688796871432,0.20615528128088303,True,5.894112549695429
v3_sc0_staging_00,L2,4,9,uncalibrated,False,0,True,True,False,False,True,6.047056274847714,2.350531854708632,0.25,True,6.005634918610404
v3_sc0_staging_00,L2,4,9,label_cell,False,0,True,True,False,False,True,6.337005768508881,2.200568108466539,0.5024937810560445,True,6.005634918610404
v3_sc0_staging_00,L2,4,9,geometry,False,0,False,False,False,False,False,nan,nan,nan,False,6.005634918610404
v3_sc0_staging_00,L2,4,9,label_only,False,1,False,False,False,False,False,nan,nan,nan,False,6.005634918610404
v3_sc0_staging_00,L2,4,9,pose_only,False,0,True,True,False,False,True,6.047056274847714,2.350531854708632,0.25,True,6.005634918610404
v3_sc0_staging_00,L2,4,9,separate,False,1,False,False,False,False,False,nan,nan,nan,False,6.005634918610404
v3_sc0_staging_00,L2,4,9,joint,False,0,False,True,False,False,True,6.047056274847714,2.350531854708632,0.25,True,6.005634918610404
v3_sc0_staging_00,L2,4,9,oracle,False,0,False,True,False,False,True,6.005634918610404,2.35,0.20615528128088303,True,6.005634918610404
v3_sc0_staging_00,L2,4,10,uncalibrated,False,0,True,True,False,False,True,6.911269837220809,0.95524865872714,0.20615528128088303,True,6.9526911934581195
v3_sc0_staging_00,L2,4,10,label_cell,False,0,True,False,False,False,False,nan,nan,nan,False,6.9526911934581195
v3_sc0_staging_00,L2,4,10,geometry,False,0,False,False,False,False,False,nan,nan,nan,False,6.9526911934581195
v3_sc0_staging_00,L2,4,10,label_only,False,1,False,False,False,False,False,nan,nan,nan,False,6.9526911934581195
v3_sc0_staging_00,L2,4,10,pose_only,False,0,True,True,False,False,True,6.911269837220809,0.95524865872714,0.20615528128088303,True,6.9526911934581195
v3_sc0_staging_00,L2,4,10,separate,False,1,False,False,False,False,False,nan,nan,nan,False,6.9526911934581195
v3_sc0_staging_00,L2,4,10,joint,False,0,False,False,False,False,False,nan,nan,nan,False,6.9526911934581195
v3_sc0_staging_00,L2,4,10,oracle,False,0,False,True,False,False,True,6.9526911934581195,0.8514693182963202,0.20615528128088303,True,6.9526911934581195
v3_sc0_staging_00,L2,4,11,uncalibrated,False,0,True,True,False,False,True,4.110660171779822,0.6000000000000001,0.40311288741492746,True,4.110660171779822
v3_sc0_staging_00,L2,4,11,label_cell,False,0,True,False,False,False,False,nan,nan,nan,False,4.110660171779822
v3_sc0_staging_00,L2,4,11,geometry,False,0,False,False,False,False,False,nan,nan,nan,False,4.110660171779822
v3_sc0_staging_00,L2,4,11,label_only,False,1,False,False,False,False,False,nan,nan,nan,False,4.110660171779822
v3_sc0_staging_00,L2,4,11,pose_only,False,0,True,True,False,False,True,4.110660171779822,0.75,0.40311288741492746,True,4.110660171779822
v3_sc0_staging_00,L2,4,11,separate,False,1,False,False,False,False,False,nan,nan,nan,False,4.110660171779822
v3_sc0_staging_00,L2,4,11,joint,False,0,False,False,False,False,False,nan,nan,nan,False,4.110660171779822
v3_sc0_staging_00,L2,4,11,oracle,False,0,False,True,False,False,True,4.110660171779822,0.6000000000000001,0.40311288741492746,True,4.110660171779822
v3_sc0_staging_00,L2,4,12,uncalibrated,False,0,True,True,False,False,True,5.030508652763322,1.5913830462839549,0.20615528128088303,True,4.959797974644667
v3_sc0_staging_00,L2,4,12,label_cell,False,0,True,True,False,False,True,5.7476659402887025,1.6620770138594663,0.5147815070493501,True,4.959797974644667
v3_sc0_staging_00,L2,4,12,geometry,False,0,False,False,False,False,False,nan,nan,nan,False,4.959797974644667
v3_sc0_staging_00,L2,4,12,label_only,False,1,False,False,False,False,False,nan,nan,nan,False,4.959797974644667
v3_sc0_staging_00,L2,4,12,pose_only,False,0,True,True,False,False,True,5.030508652763322,1.5913830462839549,0.20615528128088303,True,4.959797974644667
v3_sc0_staging_00,L2,4,12,separate,False,1,False,False,False,False,False,nan,nan,nan,False,4.959797974644667
v3_sc0_staging_00,L2,4,12,joint,False,0,False,True,False,False,True,5.030508652763322,1.5913830462839549,0.20615528128088303,True,4.959797974644667
v3_sc0_staging_00,L2,4,12,oracle,False,0,False,True,False,False,True,4.959797974644667,1.5913830462839549,0.20615528128088303,True,4.959797974644667
v3_sc0_staging_00,L2,4,13,uncalibrated,False,0,True,True,False,False,True,6.443502884254442,2.3021728866442674,0.25,True,6.402081528017132
v3_sc0_staging_00,L2,4,13,label_cell,False,0,True,False,False,False,False,nan,nan,nan,False,6.402081528017132
v3_sc0_staging_00,L2,4,13,geometry,False,0,False,False,False,False,False,nan,nan,nan,False,6.402081528017132
v3_sc0_staging_00,L2,4,13,label_only,False,1,False,False,False,False,False,nan,nan,nan,False,6.402081528017132
v3_sc0_staging_00,L2,4,13,pose_only,False,0,True,True,False,False,True,6.443502884254442,2.3021728866442674,0.25,True,6.402081528017132
v3_sc0_staging_00,L2,4,13,separate,False,1,False,False,False,False,False,nan,nan,nan,False,6.402081528017132
v3_sc0_staging_00,L2,4,13,joint,False,0,False,True,False,False,True,6.443502884254442,2.3021728866442674,0.25,True,6.402081528017132
v3_sc0_staging_00,L2,4,13,oracle,False,0,False,True,False,False,True,6.402081528017132,2.3005434140654684,0.20615528128088303,True,6.402081528017132
v3_sc0_staging_00,L2,4,14,uncalibrated,False,0,True,True,False,False,True,2.9156854249492383,2.3759208741033446,0.3905124837953327,True,2.9156854249492383
v3_sc0_staging_00,L2,4,14,label_cell,False,0,True,False,False,False,False,nan,nan,nan,False,2.9156854249492383
v3_sc0_staging_00,L2,4,14,geometry,False,0,False,False,False,False,False,nan,nan,nan,False,2.9156854249492383
v3_sc0_staging_00,L2,4,14,label_only,False,1,False,False,False,False,False,nan,nan,nan,False,2.9156854249492383
v3_sc0_staging_00,L2,4,14,pose_only,False,0,True,True,False,False,True,2.9156854249492383,2.3759208741033446,0.3905124837953327,True,2.9156854249492383
v3_sc0_staging_00,L2,4,14,separate,False,1,False,False,False,False,False,nan,nan,nan,False,2.9156854249492383
v3_sc0_staging_00,L2,4,14,joint,False,0,False,True,False,False,True,2.9156854249492383,2.3759208741033446,0.3905124837953327,True,2.9156854249492383
v3_sc0_staging_00,L2,4,14,oracle,False,0,False,True,False,False,True,2.9156854249492383,2.3759208741033446,0.3905124837953327,True,2.9156854249492383
v3_sc0_staging_00,L2,4,15,uncalibrated,False,0,True,True,False,False,True,3.6571067811865476,2.6386549603917526,0.20615528128088303,True,3.6571067811865476
v3_sc0_staging_00,L2,4,15,label_cell,False,0,True,False,False,False,False,nan,nan,nan,False,3.6571067811865476
v3_sc0_staging_00,L2,4,15,geometry,False,0,False,False,False,False,False,nan,nan,nan,False,3.6571067811865476
v3_sc0_staging_00,L2,4,15,label_only,False,1,False,False,False,False,False,nan,nan,nan,False,3.6571067811865476
v3_sc0_staging_00,L2,4,15,pose_only,False,0,True,True,False,False,True,3.6571067811865476,2.6386549603917526,0.20615528128088303,True,3.6571067811865476
v3_sc0_staging_00,L2,4,15,separate,False,1,False,False,False,False,False,nan,nan,nan,False,3.6571067811865476
v3_sc0_staging_00,L2,4,15,joint,False,0,False,True,False,False,True,3.6571067811865476,2.6386549603917526,0.20615528128088303,True,3.6571067811865476
v3_sc0_staging_00,L2,4,15,oracle,False,0,False,True,False,False,True,3.6571067811865476,2.6386549603917526,0.20615528128088303,True,3.6571067811865476
v3_sc0_staging_00,L2,4,16,uncalibrated,False,0,True,True,False,False,True,4.2056349186104045,1.5945218719101977,0.25,True,4.2056349186104045
v3_sc0_staging_00,L2,4,16,label_cell,False,0,True,False,False,False,False,nan,nan,nan,False,4.2056349186104045
v3_sc0_staging_00,L2,4,16,geometry,False,0,False,False,False,False,False,nan,nan,nan,False,4.2056349186104045
v3_sc0_staging_00,L2,4,16,label_only,False,1,False,False,False,False,False,nan,nan,nan,False,4.2056349186104045
v3_sc0_staging_00,L2,4,16,pose_only,False,0,True,True,False,False,True,4.2056349186104045,1.5945218719101977,0.25,True,4.2056349186104045
v3_sc0_staging_00,L2,4,16,separate,False,1,False,False,False,False,False,nan,nan,nan,False,4.2056349186104045
v3_sc0_staging_00,L2,4,16,joint,False,0,False,True,False,False,True,4.2056349186104045,1.5945218719101977,0.25,True,4.2056349186104045
v3_sc0_staging_00,L2,4,16,oracle,False,0,False,True,False,False,True,4.2056349186104045,1.5945218719101977,0.25,True,4.2056349186104045
v3_sc0_staging_00,L2,4,17,uncalibrated,False,0,True,True,False,False,True,4.421320343559643,2.1360009363293826,0.223606797749979,True,4.392031021678298
v3_sc0_staging_00,L2,4,17,label_cell,False,0,True,False,False,False,False,nan,nan,nan,False,4.392031021678298
v3_sc0_staging_00,L2,4,17,geometry,False,0,False,False,False,False,False,nan,nan,nan,False,4.392031021678298
v3_sc0_staging_00,L2,4,17,label_only,False,1,False,False,False,False,False,nan,nan,nan,False,4.392031021678298
v3_sc0_staging_00,L2,4,17,pose_only,False,0,True,True,False,False,True,4.421320343559643,2.1360009363293826,0.223606797749979,True,4.392031021678298
v3_sc0_staging_00,L2,4,17,separate,False,1,False,False,False,False,False,nan,nan,nan,False,4.392031021678298
v3_sc0_staging_00,L2,4,17,joint,False,0,False,True,False,False,True,4.421320343559643,2.1360009363293826,0.223606797749979,True,4.392031021678298
v3_sc0_staging_00,L2,4,17,oracle,False,0,False,True,False,False,True,4.392031021678298,2.1360009363293826,0.20615528128088303,True,4.392031021678298
v3_sc0_staging_00,L2,4,18,uncalibrated,False,0,True,True,False,False,True,6.397665940288704,1.876832437912346,0.20615528128088303,True,6.397665940288704
v3_sc0_staging_00,L2,4,18,label_cell,False,0,True,True,False,False,True,6.60269119345812,1.876832437912346,0.5024937810560445,True,6.397665940288704
v3_sc0_staging_00,L2,4,18,geometry,False,0,False,False,False,False,False,nan,nan,nan,False,6.397665940288704
v3_sc0_staging_00,L2,4,18,label_only,False,1,False,False,False,False,False,nan,nan,nan,False,6.397665940288704
v3_sc0_staging_00,L2,4,18,pose_only,False,0,True,True,False,False,True,6.397665940288704,1.876832437912346,0.20615528128088303,True,6.397665940288704
v3_sc0_staging_00,L2,4,18,separate,False,1,False,False,False,False,False,nan,nan,nan,False,6.397665940288704
v3_sc0_staging_00,L2,4,18,joint,False,0,False,True,False,False,True,6.397665940288704,1.876832437912346,0.20615528128088303,True,6.397665940288704
v3_sc0_staging_00,L2,4,18,oracle,False,0,False,True,False,False,True,6.397665940288704,1.876832437912346,0.20615528128088303,True,6.397665940288704
v3_sc0_staging_00,L2,4,19,uncalibrated,False,0,True,True,False,False,True,3.857716446627535,2.121320343559643,0.4,True,3.857716446627535
v3_sc0_staging_00,L2,4,19,label_cell,False,0,True,False,False,False,False,nan,nan,nan,False,3.857716446627535
v3_sc0_staging_00,L2,4,19,geometry,False,0,False,False,False,False,False,nan,nan,nan,False,3.857716446627535
v3_sc0_staging_00,L2,4,19,label_only,False,1,False,False,False,False,False,nan,nan,nan,False,3.857716446627535
v3_sc0_staging_00,L2,4,19,pose_only,False,0,True,True,False,False,True,3.857716446627535,2.121320343559643,0.4,True,3.857716446627535
v3_sc0_staging_00,L2,4,19,separate,False,1,False,False,False,False,False,nan,nan,nan,False,3.857716446627535
v3_sc0_staging_00,L2,4,19,joint,False,0,False,True,False,False,True,3.857716446627535,2.121320343559643,0.4,True,3.857716446627535
v3_sc0_staging_00,L2,4,19,oracle,False,0,False,True,False,False,True,3.857716446627535,1.91637678967368,0.21213203435596426,True,3.857716446627535
v3_sc0_staging_00,L3,0,0,uncalibrated,False,0,True,True,False,False,True,4.369238815542512,0.75,0.25495097567963926,True,4.4106601717798215
v3_sc0_staging_00,L3,0,0,label_cell,False,0,True,False,False,False,False,nan,nan,nan,False,4.4106601717798215
v3_sc0_staging_00,L3,0,0,geometry,False,0,False,False,False,False,False,nan,nan,nan,False,4.4106601717798215
v3_sc0_staging_00,L3,0,0,label_only,False,1,False,False,False,False,False,nan,nan,nan,False,4.4106601717798215
v3_sc0_staging_00,L3,0,0,pose_only,False,0,False,True,False,False,True,4.369238815542512,0.75,0.25495097567963926,True,4.4106601717798215
v3_sc0_staging_00,L3,0,0,separate,False,1,False,False,False,False,False,nan,nan,nan,False,4.4106601717798215
v3_sc0_staging_00,L3,0,0,joint,False,1,False,False,False,False,False,nan,nan,nan,False,4.4106601717798215
v3_sc0_staging_00,L3,0,0,oracle,False,0,False,True,False,False,True,4.4106601717798215,0.65,0.2692582403567252,True,4.4106601717798215
v3_sc0_staging_00,L3,0,1,uncalibrated,False,0,True,True,False,False,True,7.883452377915607,0.65,0.28284271247461906,True,7.742031021678297
v3_sc0_staging_00,L3,0,1,label_cell,False,0,True,True,False,False,True,8.454163056034261,0.65,0.5,True,7.742031021678297
v3_sc0_staging_00,L3,0,1,geometry,False,0,False,False,False,False,False,nan,nan,nan,False,7.742031021678297
v3_sc0_staging_00,L3,0,1,label_only,False,1,False,False,False,False,False,nan,nan,nan,False,7.742031021678297
v3_sc0_staging_00,L3,0,1,pose_only,False,0,False,True,False,False,True,7.883452377915607,0.65,0.28284271247461906,True,7.742031021678297
v3_sc0_staging_00,L3,0,1,separate,False,1,False,False,False,False,False,nan,nan,nan,False,7.742031021678297
v3_sc0_staging_00,L3,0,1,joint,False,1,False,False,False,False,False,nan,nan,nan,False,7.742031021678297
v3_sc0_staging_00,L3,0,1,oracle,False,0,False,True,False,False,True,7.742031021678297,0.65,0.20615528128088303,True,7.742031021678297
v3_sc0_staging_00,L3,0,2,uncalibrated,False,0,True,True,False,False,True,5.2798989873223325,2.1691011963483864,0.3905124837953327,True,5.114213562373095
v3_sc0_staging_00,L3,0,2,label_cell,False,0,True,False,False,False,False,nan,nan,nan,False,5.114213562373095
v3_sc0_staging_00,L3,0,2,geometry,False,0,False,False,False,False,False,nan,nan,nan,False,5.114213562373095
v3_sc0_staging_00,L3,0,2,label_only,False,1,False,False,False,False,False,nan,nan,nan,False,5.114213562373095
v3_sc0_staging_00,L3,0,2,pose_only,False,0,False,True,False,False,True,5.2798989873223325,2.1691011963483864,0.3905124837953327,True,5.114213562373095
v3_sc0_staging_00,L3,0,2,separate,False,1,False,False,False,False,False,nan,nan,nan,False,5.114213562373095
v3_sc0_staging_00,L3,0,2,joint,False,1,False,False,False,False,False,nan,nan,nan,False,5.114213562373095
v3_sc0_staging_00,L3,0,2,oracle,False,0,False,True,False,False,True,5.114213562373095,2.0554804791094465,0.20615528128088303,True,5.114213562373095
v3_sc0_staging_00,L3,0,3,uncalibrated,False,0,True,True,False,False,True,4.650609665440988,2.5942243542145693,0.20615528128088303,True,4.650609665440988
v3_sc0_staging_00,L3,0,3,label_cell,False,0,True,False,False,False,False,nan,nan,nan,False,4.650609665440988
v3_sc0_staging_00,L3,0,3,geometry,False,0,False,False,False,False,False,nan,nan,nan,False,4.650609665440988
v3_sc0_staging_00,L3,0,3,label_only,False,1,False,False,False,False,False,nan,nan,nan,False,4.650609665440988
v3_sc0_staging_00,L3,0,3,pose_only,False,0,False,True,False,False,True,4.650609665440988,2.5942243542145693,0.20615528128088303,True,4.650609665440988
v3_sc0_staging_00,L3,0,3,separate,False,1,False,False,False,False,False,nan,nan,nan,False,4.650609665440988
v3_sc0_staging_00,L3,0,3,joint,False,1,False,False,False,False,False,nan,nan,nan,False,4.650609665440988
v3_sc0_staging_00,L3,0,3,oracle,False,0,False,True,False,False,True,4.650609665440988,2.5942243542145693,0.20615528128088303,True,4.650609665440988
v3_sc0_staging_00,L3,0,4,uncalibrated,False,0,True,True,False,False,True,6.461879502661798,1.8034688796871432,0.20615528128088303,True,6.266904755831215
v3_sc0_staging_00,L3,0,4,label_cell,False,0,True,False,False,False,False,nan,nan,nan,False,6.266904755831215
v3_sc0_staging_00,L3,0,4,geometry,False,0,False,False,False,False,False,nan,nan,nan,False,6.266904755831215
v3_sc0_staging_00,L3,0,4,label_only,False,1,False,False,False,False,False,nan,nan,nan,False,6.266904755831215
v3_sc0_staging_00,L3,0,4,pose_only,False,0,False,True,False,False,True,6.461879502661798,1.8034688796871432,0.20615528128088303,True,6.266904755831215
v3_sc0_staging_00,L3,0,4,separate,False,1,False,False,False,False,False,nan,nan,nan,False,6.266904755831215
v3_sc0_staging_00,L3,0,4,joint,False,1,False,False,False,False,False,nan,nan,nan,False,6.266904755831215
v3_sc0_staging_00,L3,0,4,oracle,False,0,False,True,False,False,True,6.266904755831215,1.8034688796871432,0.20615528128088303,True,6.266904755831215
v3_sc0_staging_00,L3,0,5,uncalibrated,False,0,True,True,False,False,True,8.454163056034261,0.65,0.25,True,8.466295090390227
v3_sc0_staging_00,L3,0,5,label_cell,False,0,True,False,False,False,False,nan,nan,nan,False,8.466295090390227
v3_sc0_staging_00,L3,0,5,geometry,False,0,False,False,False,False,False,nan,nan,nan,False,8.466295090390227
v3_sc0_staging_00,L3,0,5,label_only,False,1,False,False,False,False,False,nan,nan,nan,False,8.466295090390227
v3_sc0_staging_00,L3,0,5,pose_only,False,0,False,True,False,False,True,8.454163056034261,0.65,0.25,True,8.466295090390227
v3_sc0_staging_00,L3,0,5,separate,False,1,False,False,False,False,False,nan,nan,nan,False,8.466295090390227
v3_sc0_staging_00,L3,0,5,joint,False,1,False,False,False,False,False,nan,nan,nan,False,8.466295090390227
v3_sc0_staging_00,L3,0,5,oracle,False,0,False,True,False,False,True,8.466295090390227,0.65,0.25,True,8.466295090390227
v3_sc0_staging_00,L3,0,6,uncalibrated,False,0,True,True,False,False,True,5.54619407771256,1.9091883092036785,0.28284271247461906,True,5.3805086527633215
v3_sc0_staging_00,L3,0,6,label_cell,False,0,True,False,False,False,False,nan,nan,nan,False,5.3805086527633215
v3_sc0_staging_00,L3,0,6,geometry,False,0,False,False,False,False,False,nan,nan,nan,False,5.3805086527633215
v3_sc0_staging_00,L3,0,6,label_only,False,1,False,False,False,False,False,nan,nan,nan,False,5.3805086527633215
v3_sc0_staging_00,L3,0,6,pose_only,False,0,False,True,False,False,True,5.54619407771256,1.9091883092036785,0.28284271247461906,True,5.3805086527633215
v3_sc0_staging_00,L3,0,6,separate,False,1,False,False,False,False,False,nan,nan,nan,False,5.3805086527633215
v3_sc0_staging_00,L3,0,6,joint,False,1,False,False,False,False,False,nan,nan,nan,False,5.3805086527633215
v3_sc0_staging_00,L3,0,6,oracle,False,0,False,True,False,False,True,5.3805086527633215,1.8821530224718712,0.20615528128088303,True,5.3805086527633215
v3_sc0_staging_00,L3,0,7,uncalibrated,False,0,True,True,False,False,True,6.957716446627538,0.65,0.20615528128088303,True,6.999137802864848
v3_sc0_staging_00,L3,0,7,label_cell,False,0,True,False,False,False,False,nan,nan,nan,False,6.999137802864848
v3_sc0_staging_00,L3,0,7,geometry,False,0,False,False,False,False,False,nan,nan,nan,False,6.999137802864848
v3_sc0_staging_00,L3,0,7,label_only,False,1,False,False,False,False,False,nan,nan,nan,False,6.999137802864848
v3_sc0_staging_00,L3,0,7,pose_only,False,0,False,True,False,False,True,6.957716446627538,0.65,0.20615528128088303,True,6.999137802864848
v3_sc0_staging_00,L3,0,7,separate,False,1,False,False,False,False,False,nan,nan,nan,False,6.999137802864848
v3_sc0_staging_00,L3,0,7,joint,False,1,False,False,False,False,False,nan,nan,nan,False,6.999137802864848
v3_sc0_staging_00,L3,0,7,oracle,False,0,False,True,False,False,True,6.999137802864848,0.65,0.20615528128088303,True,6.999137802864848
v3_sc0_staging_00,L3,0,8,uncalibrated,False,0,True,True,False,False,True,6.089087296526013,1.8034688796871432,0.38078865529319544,True,5.894112549695429
v3_sc0_staging_00,L3,0,8,label_cell,False,0,True,False,False,False,False,nan,nan,nan,False,5.894112549695429
v3_sc0_staging_00,L3,0,8,geometry,False,0,False,False,False,False,False,nan,nan,nan,False,5.894112549695429
v3_sc0_staging_00,L3,0,8,label_only,False,1,False,False,False,False,False,nan,nan,nan,False,5.894112549695429
v3_sc0_staging_00,L3,0,8,pose_only,False,0,False,True,False,False,True,6.089087296526013,1.8034688796871432,0.38078865529319544,True,5.894112549695429
v3_sc0_staging_00,L3,0,8,separate,False,1,False,False,False,False,False,nan,nan,nan,False,5.894112549695429
v3_sc0_staging_00,L3,0,8,joint,False,1,False,False,False,False,False,nan,nan,nan,False,5.894112549695429
v3_sc0_staging_00,L3,0,8,oracle,False,0,False,True,False,False,True,5.894112549695429,1.8034688796871432,0.20615528128088303,True,5.894112549695429
v3_sc0_staging_00,L3,0,9,uncalibrated,False,0,True,True,False,False,True,6.171320343559643,2.488473427625861,0.30000000000000004,True,6.005634918610404
v3_sc0_staging_00,L3,0,9,label_cell,False,0,True,False,False,False,False,nan,nan,nan,False,6.005634918610404
v3_sc0_staging_00,L3,0,9,geometry,False,0,False,False,False,False,False,nan,nan,nan,False,6.005634918610404
v3_sc0_staging_00,L3,0,9,label_only,False,1,False,False,False,False,False,nan,nan,nan,False,6.005634918610404
v3_sc0_staging_00,L3,0,9,pose_only,False,0,False,True,False,False,True,6.171320343559643,2.488473427625861,0.30000000000000004,True,6.005634918610404
v3_sc0_staging_00,L3,0,9,separate,False,1,False,False,False,False,False,nan,nan,nan,False,6.005634918610404
v3_sc0_staging_00,L3,0,9,joint,False,1,False,False,False,False,False,nan,nan,nan,False,6.005634918610404
v3_sc0_staging_00,L3,0,9,oracle,False,0,False,True,False,False,True,6.005634918610404,2.35,0.20615528128088303,True,6.005634918610404
v3_sc0_staging_00,L3,0,10,uncalibrated,False,0,True,True,False,False,True,6.911269837220809,0.9500000000000001,0.25,True,6.9526911934581195
v3_sc0_staging_00,L3,0,10,label_cell,False,0,True,False,False,False,False,nan,nan,nan,False,6.9526911934581195
v3_sc0_staging_00,L3,0,10,geometry,False,0,False,False,False,False,False,nan,nan,nan,False,6.9526911934581195
v3_sc0_staging_00,L3,0,10,label_only,False,1,False,False,False,False,False,nan,nan,nan,False,6.9526911934581195
v3_sc0_staging_00,L3,0,10,pose_only,False,0,False,True,False,False,True,6.911269837220809,0.9500000000000001,0.25,True,6.9526911934581195
v3_sc0_staging_00,L3,0,10,separate,False,1,False,False,False,False,False,nan,nan,nan,False,6.9526911934581195
v3_sc0_staging_00,L3,0,10,joint,False,1,False,False,False,False,False,nan,nan,nan,False,6.9526911934581195
v3_sc0_staging_00,L3,0,10,oracle,False,0,False,True,False,False,True,6.9526911934581195,0.9055385138137417,0.20615528128088303,True,6.9526911934581195
v3_sc0_staging_00,L3,0,11,uncalibrated,False,0,True,True,False,False,True,4.110660171779822,0.6000000000000001,0.40311288741492746,True,4.110660171779821
v3_sc0_staging_00,L3,0,11,label_cell,False,0,True,False,False,False,False,nan,nan,nan,False,4.110660171779821
v3_sc0_staging_00,L3,0,11,geometry,False,0,False,False,False,False,False,nan,nan,nan,False,4.110660171779821
v3_sc0_staging_00,L3,0,11,label_only,False,1,False,False,False,False,False,nan,nan,nan,False,4.110660171779821
v3_sc0_staging_00,L3,0,11,pose_only,False,0,False,True,False,False,True,4.110660171779822,0.75,0.40311288741492746,True,4.110660171779821
v3_sc0_staging_00,L3,0,11,separate,False,1,False,False,False,False,False,nan,nan,nan,False,4.110660171779821
v3_sc0_staging_00,L3,0,11,joint,False,1,False,False,False,False,False,nan,nan,nan,False,4.110660171779821
v3_sc0_staging_00,L3,0,11,oracle,False,0,False,True,False,False,True,4.110660171779821,0.6000000000000001,0.40311288741492746,True,4.110660171779821
v3_sc0_staging_00,L3,0,12,uncalibrated,False,0,True,True,False,False,True,5.271930009000631,1.5913830462839549,0.25,True,4.959797974644667
v3_sc0_staging_00,L3,0,12,label_cell,False,0,True,False,False,False,False,nan,nan,nan,False,4.959797974644667
v3_sc0_staging_00,L3,0,12,geometry,False,0,False,False,False,False,False,nan,nan,nan,False,4.959797974644667
v3_sc0_staging_00,L3,0,12,label_only,False,1,False,False,False,False,False,nan,nan,nan,False,4.959797974644667
v3_sc0_staging_00,L3,0,12,pose_only,False,0,False,True,False,False,True,5.271930009000631,1.5913830462839549,0.25,True,4.959797974644667
v3_sc0_staging_00,L3,0,12,separate,False,1,False,False,False,False,False,nan,nan,nan,False,4.959797974644667
v3_sc0_staging_00,L3,0,12,joint,False,1,False,False,False,False,False,nan,nan,nan,False,4.959797974644667
v3_sc0_staging_00,L3,0,12,oracle,False,0,False,True,False,False,True,4.959797974644667,1.5913830462839549,0.20615528128088303,True,4.959797974644667
v3_sc0_staging_00,L3,0,13,uncalibrated,False,0,True,False,False,False,False,nan,nan,nan,False,6.3813708498984765
v3_sc0_staging_00,L3,0,13,label_cell,False,0,True,False,False,False,False,nan,nan,nan,False,6.3813708498984765
v3_sc0_staging_00,L3,0,13,geometry,False,0,False,False,False,False,False,nan,nan,nan,False,6.3813708498984765
v3_sc0_staging_00,L3,0,13,label_only,False,1,False,False,False,False,False,nan,nan,nan,False,6.3813708498984765
v3_sc0_staging_00,L3,0,13,pose_only,False,0,False,False,False,False,False,nan,nan,nan,False,6.3813708498984765
v3_sc0_staging_00,L3,0,13,separate,False,1,False,False,False,False,False,nan,nan,nan,False,6.3813708498984765
v3_sc0_staging_00,L3,0,13,joint,False,1,False,False,False,False,False,nan,nan,nan,False,6.3813708498984765
v3_sc0_staging_00,L3,0,13,oracle,False,0,False,True,False,False,True,6.3813708498984765,2.3005434140654684,0.20615528128088303,True,6.3813708498984765
v3_sc0_staging_00,L3,0,14,uncalibrated,False,0,True,True,False,False,True,2.865685424949238,2.369071548096427,0.4242640687119285,True,2.865685424949238
v3_sc0_staging_00,L3,0,14,label_cell,False,0,True,False,False,False,False,nan,nan,nan,False,2.865685424949238
v3_sc0_staging_00,L3,0,14,geometry,False,0,False,False,False,False,False,nan,nan,nan,False,2.865685424949238
v3_sc0_staging_00,L3,0,14,label_only,False,1,False,False,False,False,False,nan,nan,nan,False,2.865685424949238
v3_sc0_staging_00,L3,0,14,pose_only,False,0,False,True,False,False,True,2.865685424949238,2.369071548096427,0.4242640687119285,True,2.865685424949238
v3_sc0_staging_00,L3,0,14,separate,False,1,False,False,False,False,False,nan,nan,nan,False,2.865685424949238
v3_sc0_staging_00,L3,0,14,joint,False,1,False,False,False,False,False,nan,nan,nan,False,2.865685424949238
v3_sc0_staging_00,L3,0,14,oracle,False,0,False,True,False,False,True,2.865685424949238,2.369071548096427,0.4242640687119285,True,2.865685424949238
v3_sc0_staging_00,L3,0,15,uncalibrated,False,0,True,True,False,False,True,3.607106781186548,2.6386549603917526,0.20615528128088303,True,3.607106781186548
v3_sc0_staging_00,L3,0,15,label_cell,False,0,True,False,False,False,False,nan,nan,nan,False,3.607106781186548
v3_sc0_staging_00,L3,0,15,geometry,False,0,False,False,False,False,False,nan,nan,nan,False,3.607106781186548
v3_sc0_staging_00,L3,0,15,label_only,False,1,False,False,False,False,False,nan,nan,nan,False,3.607106781186548
v3_sc0_staging_00,L3,0,15,pose_only,False,0,False,True,False,False,True,3.607106781186548,2.6386549603917526,0.20615528128088303,True,3.607106781186548
v3_sc0_staging_00,L3,0,15,separate,False,1,False,False,False,False,False,nan,nan,nan,False,3.607106781186548
v3_sc0_staging_00,L3,0,15,joint,False,1,False,False,False,False,False,nan,nan,nan,False,3.607106781186548
v3_sc0_staging_00,L3,0,15,oracle,False,0,False,True,False,False,True,3.607106781186548,2.6386549603917526,0.20615528128088303,True,3.607106781186548
v3_sc0_staging_00,L3,0,16,uncalibrated,False,0,True,True,False,False,True,4.2056349186104045,1.5945218719101977,0.25,True,4.2056349186104045
v3_sc0_staging_00,L3,0,16,label_cell,False,0,True,False,False,False,False,nan,nan,nan,False,4.2056349186104045
v3_sc0_staging_00,L3,0,16,geometry,False,0,False,False,False,False,False,nan,nan,nan,False,4.2056349186104045
v3_sc0_staging_00,L3,0,16,label_only,False,1,False,False,False,False,False,nan,nan,nan,False,4.2056349186104045
v3_sc0_staging_00,L3,0,16,pose_only,False,0,False,True,False,False,True,4.2056349186104045,1.5945218719101977,0.25,True,4.2056349186104045
v3_sc0_staging_00,L3,0,16,separate,False,1,False,False,False,False,False,nan,nan,nan,False,4.2056349186104045
v3_sc0_staging_00,L3,0,16,joint,False,1,False,False,False,False,False,nan,nan,nan,False,4.2056349186104045
v3_sc0_staging_00,L3,0,16,oracle,False,0,False,True,False,False,True,4.2056349186104045,1.5945218719101977,0.25,True,4.2056349186104045
v3_sc0_staging_00,L3,0,17,uncalibrated,False,0,True,True,False,False,True,4.479898987322332,2.1360009363293826,0.32015621187164245,True,4.392031021678298
v3_sc0_staging_00,L3,0,17,label_cell,False,0,True,False,False,False,False,nan,nan,nan,False,4.392031021678298
v3_sc0_staging_00,L3,0,17,geometry,False,0,False,False,False,False,False,nan,nan,nan,False,4.392031021678298
v3_sc0_staging_00,L3,0,17,label_only,False,1,False,False,False,False,False,nan,nan,nan,False,4.392031021678298
v3_sc0_staging_00,L3,0,17,pose_only,False,0,False,True,False,False,True,4.479898987322332,2.1360009363293826,0.32015621187164245,True,4.392031021678298
v3_sc0_staging_00,L3,0,17,separate,False,1,False,False,False,False,False,nan,nan,nan,False,4.392031021678298
v3_sc0_staging_00,L3,0,17,joint,False,1,False,False,False,False,False,nan,nan,nan,False,4.392031021678298
v3_sc0_staging_00,L3,0,17,oracle,False,0,False,True,False,False,True,4.392031021678298,2.1360009363293826,0.20615528128088303,True,4.392031021678298
v3_sc0_staging_00,L3,0,18,uncalibrated,False,0,True,True,False,False,True,6.397665940288704,1.876832437912346,0.20615528128088303,True,6.397665940288704
v3_sc0_staging_00,L3,0,18,label_cell,False,0,True,False,False,False,False,nan,nan,nan,False,6.397665940288704
v3_sc0_staging_00,L3,0,18,geometry,False,0,False,False,False,False,False,nan,nan,nan,False,6.397665940288704
v3_sc0_staging_00,L3,0,18,label_only,False,1,False,False,False,False,False,nan,nan,nan,False,6.397665940288704
v3_sc0_staging_00,L3,0,18,pose_only,False,0,False,True,False,False,True,6.397665940288704,1.876832437912346,0.20615528128088303,True,6.397665940288704
v3_sc0_staging_00,L3,0,18,separate,False,1,False,False,False,False,False,nan,nan,nan,False,6.397665940288704
v3_sc0_staging_00,L3,0,18,joint,False,1,False,False,False,False,False,nan,nan,nan,False,6.397665940288704
v3_sc0_staging_00,L3,0,18,oracle,False,0,False,True,False,False,True,6.397665940288704,1.876832437912346,0.20615528128088303,True,6.397665940288704
v3_sc0_staging_00,L3,0,19,uncalibrated,False,0,True,True,False,False,True,3.857716446627535,2.121320343559643,0.4,True,3.857716446627535
v3_sc0_staging_00,L3,0,19,label_cell,False,0,True,False,False,False,False,nan,nan,nan,False,3.857716446627535
v3_sc0_staging_00,L3,0,19,geometry,False,0,False,False,False,False,False,nan,nan,nan,False,3.857716446627535
v3_sc0_staging_00,L3,0,19,label_only,False,1,False,False,False,False,False,nan,nan,nan,False,3.857716446627535
v3_sc0_staging_00,L3,0,19,pose_only,False,0,False,True,False,False,True,3.857716446627535,2.121320343559643,0.4,True,3.857716446627535
v3_sc0_staging_00,L3,0,19,separate,False,1,False,False,False,False,False,nan,nan,nan,False,3.857716446627535
v3_sc0_staging_00,L3,0,19,joint,False,1,False,False,False,False,False,nan,nan,nan,False,3.857716446627535
v3_sc0_staging_00,L3,0,19,oracle,False,0,False,True,False,False,True,3.857716446627535,1.91637678967368,0.21213203435596426,True,3.857716446627535
v3_sc0_staging_00,L3,1,0,uncalibrated,False,0,True,True,False,False,True,4.410660171779821,0.65,0.25495097567963926,True,4.4106601717798215
v3_sc0_staging_00,L3,1,0,label_cell,False,0,True,False,False,False,False,nan,nan,nan,False,4.4106601717798215
v3_sc0_staging_00,L3,1,0,geometry,False,0,False,False,False,False,False,nan,nan,nan,False,4.4106601717798215
v3_sc0_staging_00,L3,1,0,label_only,False,1,False,False,False,False,False,nan,nan,nan,False,4.4106601717798215
v3_sc0_staging_00,L3,1,0,pose_only,False,0,True,True,False,False,True,4.410660171779821,0.65,0.25495097567963926,True,4.4106601717798215
v3_sc0_staging_00,L3,1,0,separate,False,1,False,False,False,False,False,nan,nan,nan,False,4.4106601717798215
v3_sc0_staging_00,L3,1,0,joint,False,1,False,False,False,False,False,nan,nan,nan,False,4.4106601717798215
v3_sc0_staging_00,L3,1,0,oracle,False,0,False,True,False,False,True,4.4106601717798215,0.65,0.304138126514911,True,4.4106601717798215
v3_sc0_staging_00,L3,1,1,uncalibrated,False,0,True,True,False,False,True,7.812741699796951,0.6000000000000001,0.20615528128088303,True,7.771320343559641
v3_sc0_staging_00,L3,1,1,label_cell,False,0,True,False,False,False,False,nan,nan,nan,False,7.771320343559641
v3_sc0_staging_00,L3,1,1,geometry,False,0,False,False,False,False,False,nan,nan,nan,False,7.771320343559641
v3_sc0_staging_00,L3,1,1,label_only,False,1,False,False,False,False,False,nan,nan,nan,False,7.771320343559641
v3_sc0_staging_00,L3,1,1,pose_only,False,0,True,True,False,False,True,7.812741699796951,0.6000000000000001,0.20615528128088303,True,7.771320343559641
v3_sc0_staging_00,L3,1,1,separate,False,1,False,False,False,False,False,nan,nan,nan,False,7.771320343559641
v3_sc0_staging_00,L3,1,1,joint,False,1,False,False,False,False,False,nan,nan,nan,False,7.771320343559641
v3_sc0_staging_00,L3,1,1,oracle,False,0,False,True,False,False,True,7.771320343559641,0.6000000000000001,0.20615528128088303,True,7.771320343559641
v3_sc0_staging_00,L3,1,2,uncalibrated,False,0,True,True,False,False,True,5.197056274847714,2.1691011963483864,0.29154759474226505,True,5.155634918610404
v3_sc0_staging_00,L3,1,2,label_cell,False,0,True,True,False,False,True,5.445584412271571,2.191460700081113,0.5,True,5.155634918610404
v3_sc0_staging_00,L3,1,2,geometry,False,0,False,False,False,False,False,nan,nan,nan,False,5.155634918610404
v3_sc0_staging_00,L3,1,2,label_only,False,1,False,False,False,False,False,nan,nan,nan,False,5.155634918610404
v3_sc0_staging_00,L3,1,2,pose_only,False,0,True,True,False,False,True,5.197056274847714,2.1691011963483864,0.29154759474226505,True,5.155634918610404
v3_sc0_staging_00,L3,1,2,separate,False,1,False,False,False,False,False,nan,nan,nan,False,5.155634918610404
v3_sc0_staging_00,L3,1,2,joint,False,1,False,False,False,False,False,nan,nan,nan,False,5.155634918610404
v3_sc0_staging_00,L3,1,2,oracle,False,0,False,True,False,False,True,5.155634918610404,2.1691011963483864,0.25,True,5.155634918610404
v3_sc0_staging_00,L3,1,3,uncalibrated,False,0,True,True,False,False,True,4.700609665440989,2.5942243542145693,0.20615528128088303,True,4.700609665440989
v3_sc0_staging_00,L3,1,3,label_cell,False,0,True,False,False,False,False,nan,nan,nan,False,4.700609665440989
v3_sc0_staging_00,L3,1,3,geometry,False,0,False,False,False,False,False,nan,nan,nan,False,4.700609665440989
v3_sc0_staging_00,L3,1,3,label_only,False,1,False,False,False,False,False,nan,nan,nan,False,4.700609665440989
v3_sc0_staging_00,L3,1,3,pose_only,False,0,True,True,False,False,True,4.700609665440989,2.5942243542145693,0.20615528128088303,True,4.700609665440989
v3_sc0_staging_00,L3,1,3,separate,False,1,False,False,False,False,False,nan,nan,nan,False,4.700609665440989
v3_sc0_staging_00,L3,1,3,joint,False,1,False,False,False,False,False,nan,nan,nan,False,4.700609665440989
v3_sc0_staging_00,L3,1,3,oracle,False,0,False,True,False,False,True,4.700609665440989,2.5942243542145693,0.20615528128088303,True,4.700609665440989
v3_sc0_staging_00,L3,1,4,uncalibrated,False,0,True,True,False,False,True,6.379036790187179,1.7677669529663689,0.18027756377319948,True,6.337615433949869
v3_sc0_staging_00,L3,1,4,label_cell,False,0,True,True,False,False,True,7.03761543394987,1.7677669529663689,0.4609772228646444,True,6.337615433949869
v3_sc0_staging_00,L3,1,4,geometry,False,0,False,False,False,False,False,nan,nan,nan,False,6.337615433949869
v3_sc0_staging_00,L3,1,4,label_only,False,1,False,False,False,False,False,nan,nan,nan,False,6.337615433949869
v3_sc0_staging_00,L3,1,4,pose_only,False,0,True,True,False,False,True,6.379036790187179,1.7677669529663689,0.18027756377319948,True,6.337615433949869
v3_sc0_staging_00,L3,1,4,separate,False,1,False,False,False,False,False,nan,nan,nan,False,6.337615433949869
v3_sc0_staging_00,L3,1,4,joint,False,1,False,False,False,False,False,nan,nan,nan,False,6.337615433949869
v3_sc0_staging_00,L3,1,4,oracle,False,0,False,True,False,False,True,6.337615433949869,1.7677669529663689,0.20615528128088303,True,6.337615433949869
v3_sc0_staging_00,L3,1,5,uncalibrated,False,0,True,True,False,False,True,8.474873734152917,0.6000000000000001,0.25,True,8.416295090390227
v3_sc0_staging_00,L3,1,5,label_cell,False,0,True,False,False,False,False,nan,nan,nan,False,8.416295090390227
v3_sc0_staging_00,L3,1,5,geometry,False,0,False,False,False,False,False,nan,nan,nan,False,8.416295090390227
v3_sc0_staging_00,L3,1,5,label_only,False,1,False,False,False,False,False,nan,nan,nan,False,8.416295090390227
v3_sc0_staging_00,L3,1,5,pose_only,False,0,True,True,False,False,True,8.474873734152917,0.6000000000000001,0.25,True,8.416295090390227
v3_sc0_staging_00,L3,1,5,separate,False,1,False,False,False,False,False,nan,nan,nan,False,8.416295090390227
v3_sc0_staging_00,L3,1,5,joint,False,1,False,False,False,False,False,nan,nan,nan,False,8.416295090390227
v3_sc0_staging_00,L3,1,5,oracle,False,0,False,True,False,False,True,8.416295090390227,0.6000000000000001,0.21213203435596426,True,8.416295090390227
v3_sc0_staging_00,L3,1,6,uncalibrated,False,0,True,True,False,False,True,5.463351365237941,1.9091883092036785,0.25,True,5.421930009000631
v3_sc0_staging_00,L3,1,6,label_cell,False,0,True,False,False,False,False,nan,nan,nan,False,5.421930009000631
v3_sc0_staging_00,L3,1,6,geometry,False,0,False,False,False,False,False,nan,nan,nan,False,5.421930009000631
v3_sc0_staging_00,L3,1,6,label_only,False,1,False,False,False,False,False,nan,nan,nan,False,5.421930009000631
v3_sc0_staging_00,L3,1,6,pose_only,False,0,True,True,False,False,True,5.463351365237941,1.9091883092036785,0.25,True,5.421930009000631
v3_sc0_staging_00,L3,1,6,separate,False,1,False,False,False,False,False,nan,nan,nan,False,5.421930009000631
v3_sc0_staging_00,L3,1,6,joint,False,1,False,False,False,False,False,nan,nan,nan,False,5.421930009000631
v3_sc0_staging_00,L3,1,6,oracle,False,0,False,True,False,False,True,5.421930009000631,1.8821530224718712,0.20615528128088303,True,5.421930009000631
v3_sc0_staging_00,L3,1,7,uncalibrated,False,0,True,True,False,False,True,6.928427124746193,0.65,0.2,True,6.928427124746193
v3_sc0_staging_00,L3,1,7,label_cell,False,0,True,True,False,False,True,7.274873734152917,0.65,0.5,True,6.928427124746193
v3_sc0_staging_00,L3,1,7,geometry,False,0,False,False,False,False,False,nan,nan,nan,False,6.928427124746193
v3_sc0_staging_00,L3,1,7,label_only,False,1,False,False,False,False,False,nan,nan,nan,False,6.928427124746193
v3_sc0_staging_00,L3,1,7,pose_only,False,0,True,True,False,False,True,6.928427124746193,0.65,0.2,True,6.928427124746193
v3_sc0_staging_00,L3,1,7,separate,False,1,False,False,False,False,False,nan,nan,nan,False,6.928427124746193
v3_sc0_staging_00,L3,1,7,joint,False,1,False,False,False,False,False,nan,nan,nan,False,6.928427124746193
v3_sc0_staging_00,L3,1,7,oracle,False,0,False,True,False,False,True,6.928427124746193,0.65,0.20615528128088303,True,6.928427124746193
v3_sc0_staging_00,L3,1,8,uncalibrated,False,0,True,True,False,False,True,5.976955262170049,1.8034688796871432,0.21213203435596426,True,5.935533905932739
v3_sc0_staging_00,L3,1,8,label_cell,False,0,True,True,False,False,True,6.401219330881978,1.9448650338776723,0.5,True,5.935533905932739
v3_sc0_staging_00,L3,1,8,geometry,False,0,False,False,False,False,False,nan,nan,nan,False,5.935533905932739
v3_sc0_staging_00,L3,1,8,label_only,False,1,False,False,False,False,False,nan,nan,nan,False,5.935533905932739
v3_sc0_staging_00,L3,1,8,pose_only,False,0,True,True,False,False,True,5.976955262170049,1.8034688796871432,0.21213203435596426,True,5.935533905932739
v3_sc0_staging_00,L3,1,8,separate,False,1,False,False,False,False,False,nan,nan,nan,False,5.935533905932739
v3_sc0_staging_00,L3,1,8,joint,False,1,False,False,False,False,False,nan,nan,nan,False,5.935533905932739
v3_sc0_staging_00,L3,1,8,oracle,False,0,False,True,False,False,True,5.935533905932739,1.8034688796871432,0.20615528128088303,True,5.935533905932739
v3_sc0_staging_00,L3,1,9,uncalibrated,False,0,True,True,False,False,True,6.0884776310850235,2.3264780248263683,0.29154759474226505,True,6.047056274847714
v3_sc0_staging_00,L3,1,9,label_cell,False,0,True,True,False,False,True,6.37842712474619,2.2388613177238113,0.5,True,6.047056274847714
v3_sc0_staging_00,L3,1,9,geometry,False,0,False,False,False,False,False,nan,nan,nan,False,6.047056274847714
v3_sc0_staging_00,L3,1,9,label_only,False,1,False,False,False,False,False,nan,nan,nan,False,6.047056274847714
v3_sc0_staging_00,L3,1,9,pose_only,False,0,True,True,False,False,True,6.0884776310850235,2.3264780248263683,0.29154759474226505,True,6.047056274847714
v3_sc0_staging_00,L3,1,9,separate,False,1,False,False,False,False,False,nan,nan,nan,False,6.047056274847714
v3_sc0_staging_00,L3,1,9,joint,False,1,False,False,False,False,False,nan,nan,nan,False,6.047056274847714
v3_sc0_staging_00,L3,1,9,oracle,False,0,False,True,False,False,True,6.047056274847714,2.3086792761230392,0.20615528128088303,True,6.047056274847714
v3_sc0_staging_00,L3,1,10,uncalibrated,False,0,True,True,False,False,True,6.8819805153394675,0.9486832980505139,0.20615528128088303,True,6.881980515339466
v3_sc0_staging_00,L3,1,10,label_cell,False,0,True,False,False,False,False,nan,nan,nan,False,6.881980515339466
v3_sc0_staging_00,L3,1,10,geometry,False,0,False,False,False,False,False,nan,nan,nan,False,6.881980515339466
v3_sc0_staging_00,L3,1,10,label_only,False,1,False,False,False,False,False,nan,nan,nan,False,6.881980515339466
v3_sc0_staging_00,L3,1,10,pose_only,False,0,True,True,False,False,True,6.8819805153394675,0.9486832980505139,0.20615528128088303,True,6.881980515339466
v3_sc0_staging_00,L3,1,10,separate,False,1,False,False,False,False,False,nan,nan,nan,False,6.881980515339466
v3_sc0_staging_00,L3,1,10,joint,False,1,False,False,False,False,False,nan,nan,nan,False,6.881980515339466
v3_sc0_staging_00,L3,1,10,oracle,False,0,False,True,False,False,True,6.881980515339466,0.9219544457292888,0.20615528128088303,True,6.881980515339466
v3_sc0_staging_00,L3,1,11,uncalibrated,False,0,True,True,False,False,True,4.110660171779822,0.6363961030678928,0.4,True,4.110660171779822
v3_sc0_staging_00,L3,1,11,label_cell,False,0,True,True,False,False,True,4.169238815542512,0.6000000000000001,0.5024937810560445,True,4.110660171779822
v3_sc0_staging_00,L3,1,11,geometry,False,0,False,False,False,False,False,nan,nan,nan,False,4.110660171779822
v3_sc0_staging_00,L3,1,11,label_only,False,1,False,False,False,False,False,nan,nan,nan,False,4.110660171779822
v3_sc0_staging_00,L3,1,11,pose_only,False,0,True,True,False,False,True,4.110660171779822,0.75,0.4,True,4.110660171779822
v3_sc0_staging_00,L3,1,11,separate,False,1,False,False,False,False,False,nan,nan,nan,False,4.110660171779822
v3_sc0_staging_00,L3,1,11,joint,False,1,False,False,False,False,False,nan,nan,nan,False,4.110660171779822
v3_sc0_staging_00,L3,1,11,oracle,False,0,False,True,False,False,True,4.110660171779822,0.6363961030678928,0.4,True,4.110660171779822
v3_sc0_staging_00,L3,1,12,uncalibrated,False,0,True,True,False,False,True,5.1305086527633215,1.5913830462839549,0.21213203435596426,True,5.001219330881977
v3_sc0_staging_00,L3,1,12,label_cell,False,0,True,True,False,False,True,5.897665940288703,1.732772345116346,0.5,True,5.001219330881977
v3_sc0_staging_00,L3,1,12,geometry,False,0,False,False,False,False,False,nan,nan,nan,False,5.001219330881977
v3_sc0_staging_00,L3,1,12,label_only,False,1,False,False,False,False,False,nan,nan,nan,False,5.001219330881977
v3_sc0_staging_00,L3,1,12,pose_only,False,0,True,True,False,False,True,5.1305086527633215,1.5913830462839549,0.21213203435596426,True,5.001219330881977
v3_sc0_staging_00,L3,1,12,separate,False,1,False,False,False,False,False,nan,nan,nan,False,5.001219330881977
v3_sc0_staging_00,L3,1,12,joint,False,1,False,False,False,False,False,nan,nan,nan,False,5.001219330881977
v3_sc0_staging_00,L3,1,12,oracle,False,0,False,True,False,False,True,5.001219330881977,1.5913830462839549,0.20615528128088303,True,5.001219330881977
v3_sc0_staging_00,L3,1,13,uncalibrated,False,0,True,True,False,False,True,6.464213562373096,2.285278976405288,0.28284271247461906,True,6.422792206135786
v3_sc0_staging_00,L3,1,13,label_cell,False,0,True,False,False,False,False,nan,nan,nan,False,6.422792206135786
v3_sc0_staging_00,L3,1,13,geometry,False,0,False,False,False,False,False,nan,nan,nan,False,6.422792206135786
v3_sc0_staging_00,L3,1,13,label_only,False,1,False,False,False,False,False,nan,nan,nan,False,6.422792206135786
v3_sc0_staging_00,L3,1,13,pose_only,False,0,True,True,False,False,True,6.464213562373096,2.285278976405288,0.28284271247461906,True,6.422792206135786
v3_sc0_staging_00,L3,1,13,separate,False,1,False,False,False,False,False,nan,nan,nan,False,6.422792206135786
v3_sc0_staging_00,L3,1,13,joint,False,1,False,False,False,False,False,nan,nan,nan,False,6.422792206135786
v3_sc0_staging_00,L3,1,13,oracle,False,0,False,True,False,False,True,6.422792206135786,2.2638462845343543,0.20615528128088303,True,6.422792206135786
v3_sc0_staging_00,L3,1,14,uncalibrated,False,0,True,True,False,False,True,2.9156854249492383,2.353720459187964,0.4,True,2.9156854249492383
v3_sc0_staging_00,L3,1,14,label_cell,False,0,True,False,False,False,False,nan,nan,nan,False,2.9156854249492383
v3_sc0_staging_00,L3,1,14,geometry,False,0,False,False,False,False,False,nan,nan,nan,False,2.9156854249492383
v3_sc0_staging_00,L3,1,14,label_only,False,1,False,False,False,False,False,nan,nan,nan,False,2.9156854249492383
v3_sc0_staging_00,L3,1,14,pose_only,False,0,True,True,False,False,True,2.9156854249492383,2.353720459187964,0.4,True,2.9156854249492383
v3_sc0_staging_00,L3,1,14,separate,False,1,False,False,False,False,False,nan,nan,nan,False,2.9156854249492383
v3_sc0_staging_00,L3,1,14,joint,False,1,False,False,False,False,False,nan,nan,nan,False,2.9156854249492383
v3_sc0_staging_00,L3,1,14,oracle,False,0,False,True,False,False,True,2.9156854249492383,2.353720459187964,0.4,True,2.9156854249492383
v3_sc0_staging_00,L3,1,15,uncalibrated,False,0,True,True,False,False,True,3.607106781186548,2.6386549603917526,0.20615528128088303,True,3.607106781186548
v3_sc0_staging_00,L3,1,15,label_cell,False,0,True,False,False,False,False,nan,nan,nan,False,3.607106781186548
v3_sc0_staging_00,L3,1,15,geometry,False,0,False,False,False,False,False,nan,nan,nan,False,3.607106781186548
v3_sc0_staging_00,L3,1,15,label_only,False,1,False,False,False,False,False,nan,nan,nan,False,3.607106781186548
v3_sc0_staging_00,L3,1,15,pose_only,False,0,True,True,False,False,True,3.607106781186548,2.6386549603917526,0.20615528128088303,True,3.607106781186548
v3_sc0_staging_00,L3,1,15,separate,False,1,False,False,False,False,False,nan,nan,nan,False,3.607106781186548
v3_sc0_staging_00,L3,1,15,joint,False,1,False,False,False,False,False,nan,nan,nan,False,3.607106781186548
v3_sc0_staging_00,L3,1,15,oracle,False,0,False,True,False,False,True,3.607106781186548,2.6386549603917526,0.20615528128088303,True,3.607106781186548
v3_sc0_staging_00,L3,1,16,uncalibrated,False,0,True,True,False,False,True,4.2056349186104045,1.5945218719101977,0.25,True,4.2056349186104045
v3_sc0_staging_00,L3,1,16,label_cell,False,0,True,False,False,False,False,nan,nan,nan,False,4.2056349186104045
v3_sc0_staging_00,L3,1,16,geometry,False,0,False,False,False,False,False,nan,nan,nan,False,4.2056349186104045
v3_sc0_staging_00,L3,1,16,label_only,False,1,False,False,False,False,False,nan,nan,nan,False,4.2056349186104045
v3_sc0_staging_00,L3,1,16,pose_only,False,0,True,True,False,False,True,4.2056349186104045,1.5945218719101977,0.25,True,4.2056349186104045
v3_sc0_staging_00,L3,1,16,separate,False,1,False,False,False,False,False,nan,nan,nan,False,4.2056349186104045
v3_sc0_staging_00,L3,1,16,joint,False,1,False,False,False,False,False,nan,nan,nan,False,4.2056349186104045
v3_sc0_staging_00,L3,1,16,oracle,False,0,False,True,False,False,True,4.2056349186104045,1.5945218719101977,0.25,True,4.2056349186104045
v3_sc0_staging_00,L3,1,17,uncalibrated,False,0,True,True,False,False,True,4.479898987322332,2.1360009363293826,0.29154759474226505,True,4.392031021678298
v3_sc0_staging_00,L3,1,17,label_cell,False,0,True,False,False,False,False,nan,nan,nan,False,4.392031021678298
v3_sc0_staging_00,L3,1,17,geometry,False,0,False,False,False,False,False,nan,nan,nan,False,4.392031021678298
v3_sc0_staging_00,L3,1,17,label_only,False,1,False,False,False,False,False,nan,nan,nan,False,4.392031021678298
v3_sc0_staging_00,L3,1,17,pose_only,False,0,True,True,False,False,True,4.479898987322332,2.1360009363293826,0.29154759474226505,True,4.392031021678298
v3_sc0_staging_00,L3,1,17,separate,False,1,False,False,False,False,False,nan,nan,nan,False,4.392031021678298
v3_sc0_staging_00,L3,1,17,joint,False,1,False,False,False,False,False,nan,nan,nan,False,4.392031021678298
v3_sc0_staging_00,L3,1,17,oracle,False,0,False,True,False,False,True,4.392031021678298,2.1360009363293826,0.20615528128088303,True,4.392031021678298
v3_sc0_staging_00,L3,1,18,uncalibrated,False,0,True,True,False,False,True,6.397665940288704,1.876832437912346,0.20615528128088303,True,6.397665940288704
v3_sc0_staging_00,L3,1,18,label_cell,False,0,True,True,False,False,True,6.573401871576774,1.876832437912346,0.5,True,6.397665940288704
v3_sc0_staging_00,L3,1,18,geometry,False,0,False,False,False,False,False,nan,nan,nan,False,6.397665940288704
v3_sc0_staging_00,L3,1,18,label_only,False,1,False,False,False,False,False,nan,nan,nan,False,6.397665940288704
v3_sc0_staging_00,L3,1,18,pose_only,False,0,True,True,False,False,True,6.397665940288704,1.876832437912346,0.20615528128088303,True,6.397665940288704
v3_sc0_staging_00,L3,1,18,separate,False,1,False,False,False,False,False,nan,nan,nan,False,6.397665940288704
v3_sc0_staging_00,L3,1,18,joint,False,1,False,False,False,False,False,nan,nan,nan,False,6.397665940288704
v3_sc0_staging_00,L3,1,18,oracle,False,0,False,True,False,False,True,6.397665940288704,1.876832437912346,0.20615528128088303,True,6.397665940288704
v3_sc0_staging_00,L3,1,19,uncalibrated,False,0,True,True,False,False,True,3.9284271247461895,2.121320343559643,0.35000000000000003,True,3.9284271247461895
v3_sc0_staging_00,L3,1,19,label_cell,False,0,True,False,False,False,False,nan,nan,nan,False,3.9284271247461895
v3_sc0_staging_00,L3,1,19,geometry,False,0,False,False,False,False,False,nan,nan,nan,False,3.9284271247461895
v3_sc0_staging_00,L3,1,19,label_only,False,1,False,False,False,False,False,nan,nan,nan,False,3.9284271247461895
v3_sc0_staging_00,L3,1,19,pose_only,False,0,True,True,False,False,True,3.9284271247461895,2.121320343559643,0.35000000000000003,True,3.9284271247461895
v3_sc0_staging_00,L3,1,19,separate,False,1,False,False,False,False,False,nan,nan,nan,False,3.9284271247461895
v3_sc0_staging_00,L3,1,19,joint,False,1,False,False,False,False,False,nan,nan,nan,False,3.9284271247461895
v3_sc0_staging_00,L3,1,19,oracle,False,0,False,True,False,False,True,3.9284271247461895,1.9525624189766635,0.21213203435596426,True,3.9284271247461895
v3_sc0_staging_00,L3,2,0,uncalibrated,False,0,True,False,False,False,False,nan,nan,nan,False,4.360660171779822
v3_sc0_staging_00,L3,2,0,label_cell,False,0,True,False,False,False,False,nan,nan,nan,False,4.360660171779822
v3_sc0_staging_00,L3,2,0,geometry,False,0,False,False,False,False,False,nan,nan,nan,False,4.360660171779822
v3_sc0_staging_00,L3,2,0,label_only,False,1,False,False,False,False,False,nan,nan,nan,False,4.360660171779822
v3_sc0_staging_00,L3,2,0,pose_only,False,0,True,False,False,False,False,nan,nan,nan,False,4.360660171779822
v3_sc0_staging_00,L3,2,0,separate,False,1,False,False,False,False,False,nan,nan,nan,False,4.360660171779822
v3_sc0_staging_00,L3,2,0,joint,False,1,False,False,False,False,False,nan,nan,nan,False,4.360660171779822
v3_sc0_staging_00,L3,2,0,oracle,False,0,False,True,False,False,True,4.360660171779822,0.7000000000000001,0.29154759474226505,True,4.360660171779822
v3_sc0_staging_00,L3,2,1,uncalibrated,False,0,True,True,False,False,True,8.174873734152916,0.55,0.3905124837953327,True,7.7506096654409875
v3_sc0_staging_00,L3,2,1,label_cell,False,0,True,False,False,False,False,nan,nan,nan,False,7.7506096654409875
v3_sc0_staging_00,L3,2,1,geometry,False,0,False,False,False,False,False,nan,nan,nan,False,7.7506096654409875
v3_sc0_staging_00,L3,2,1,label_only,False,1,False,False,False,False,False,nan,nan,nan,False,7.7506096654409875
v3_sc0_staging_00,L3,2,1,pose_only,False,0,True,True,False,False,True,8.174873734152916,0.55,0.3905124837953327,True,7.7506096654409875
v3_sc0_staging_00,L3,2,1,separate,False,1,False,False,False,False,False,nan,nan,nan,False,7.7506096654409875
v3_sc0_staging_00,L3,2,1,joint,False,1,False,False,False,False,False,nan,nan,nan,False,7.7506096654409875
v3_sc0_staging_00,L3,2,1,oracle,False,0,False,True,False,False,True,7.7506096654409875,0.7000000000000001,0.20615528128088303,True,7.7506096654409875
v3_sc0_staging_00,L3,2,2,uncalibrated,False,0,True,True,False,False,True,5.247056274847713,2.1224985276791126,0.2692582403567252,True,5.205634918610404
v3_sc0_staging_00,L3,2,2,label_cell,False,0,True,False,False,False,False,nan,nan,nan,False,5.205634918610404
v3_sc0_staging_00,L3,2,2,geometry,False,0,False,False,False,False,False,nan,nan,nan,False,5.205634918610404
v3_sc0_staging_00,L3,2,2,label_only,False,1,False,False,False,False,False,nan,nan,nan,False,5.205634918610404
v3_sc0_staging_00,L3,2,2,pose_only,False,0,True,True,False,False,True,5.247056274847713,2.1224985276791126,0.2692582403567252,True,5.205634918610404
v3_sc0_staging_00,L3,2,2,separate,False,1,False,False,False,False,False,nan,nan,nan,False,5.205634918610404
v3_sc0_staging_00,L3,2,2,joint,False,1,False,False,False,False,False,nan,nan,nan,False,5.205634918610404
v3_sc0_staging_00,L3,2,2,oracle,False,0,False,True,False,False,True,5.205634918610404,2.1224985276791126,0.20615528128088303,True,5.205634918610404
v3_sc0_staging_00,L3,2,3,uncalibrated,False,0,True,True,False,False,True,4.833452377915607,2.4377243486497813,0.2,True,4.650609665440988
v3_sc0_staging_00,L3,2,3,label_cell,False,0,True,False,False,False,False,nan,nan,nan,False,4.650609665440988
v3_sc0_staging_00,L3,2,3,geometry,False,0,False,False,False,False,False,nan,nan,nan,False,4.650609665440988
v3_sc0_staging_00,L3,2,3,label_only,False,1,False,False,False,False,False,nan,nan,nan,False,4.650609665440988
v3_sc0_staging_00,L3,2,3,pose_only,False,0,True,True,False,False,True,4.833452377915607,2.4377243486497813,0.2,True,4.650609665440988
v3_sc0_staging_00,L3,2,3,separate,False,1,False,False,False,False,False,nan,nan,nan,False,4.650609665440988
v3_sc0_staging_00,L3,2,3,joint,False,1,False,False,False,False,False,nan,nan,nan,False,4.650609665440988
v3_sc0_staging_00,L3,2,3,oracle,False,0,False,True,False,False,True,4.650609665440988,2.553918557824427,0.20615528128088303,True,4.650609665440988
v3_sc0_staging_00,L3,2,4,uncalibrated,False,0,True,True,False,False,True,6.496194077712559,1.697056274847714,0.20615528128088303,True,6.45477272147525
v3_sc0_staging_00,L3,2,4,label_cell,False,0,True,False,False,False,False,nan,nan,nan,False,6.45477272147525
v3_sc0_staging_00,L3,2,4,geometry,False,0,False,False,False,False,False,nan,nan,nan,False,6.45477272147525
v3_sc0_staging_00,L3,2,4,label_only,False,1,False,False,False,False,False,nan,nan,nan,False,6.45477272147525
v3_sc0_staging_00,L3,2,4,pose_only,False,0,True,True,False,False,True,6.496194077712559,1.697056274847714,0.20615528128088303,True,6.45477272147525
v3_sc0_staging_00,L3,2,4,separate,False,1,False,False,False,False,False,nan,nan,nan,False,6.45477272147525
v3_sc0_staging_00,L3,2,4,joint,False,1,False,False,False,False,False,nan,nan,nan,False,6.45477272147525
v3_sc0_staging_00,L3,2,4,oracle,False,0,False,True,False,False,True,6.45477272147525,1.697056274847714,0.20615528128088303,True,6.45477272147525
v3_sc0_staging_00,L3,2,5,uncalibrated,False,0,True,False,False,False,False,nan,nan,nan,False,8.371320343559644
v3_sc0_staging_00,L3,2,5,label_cell,False,0,True,False,False,False,False,nan,nan,nan,False,8.371320343559644
v3_sc0_staging_00,L3,2,5,geometry,False,0,False,False,False,False,False,nan,nan,nan,False,8.371320343559644
v3_sc0_staging_00,L3,2,5,label_only,False,1,False,False,False,False,False,nan,nan,nan,False,8.371320343559644
v3_sc0_staging_00,L3,2,5,pose_only,False,0,True,False,False,False,False,nan,nan,nan,False,8.371320343559644
v3_sc0_staging_00,L3,2,5,separate,False,1,False,False,False,False,False,nan,nan,nan,False,8.371320343559644
v3_sc0_staging_00,L3,2,5,joint,False,1,False,False,False,False,False,nan,nan,nan,False,8.371320343559644
v3_sc0_staging_00,L3,2,5,oracle,False,0,False,True,False,False,True,8.371320343559644,0.7000000000000001,0.28284271247461906,True,8.371320343559644
v3_sc0_staging_00,L3,2,6,uncalibrated,False,0,True,True,False,False,True,5.501219330881976,1.9729419656948861,0.25,True,5.459797974644665
v3_sc0_staging_00,L3,2,6,label_cell,False,0,True,False,False,False,False,nan,nan,nan,False,5.459797974644665
v3_sc0_staging_00,L3,2,6,geometry,False,0,False,False,False,False,False,nan,nan,nan,False,5.459797974644665
v3_sc0_staging_00,L3,2,6,label_only,False,1,False,False,False,False,False,nan,nan,nan,False,5.459797974644665
v3_sc0_staging_00,L3,2,6,pose_only,False,0,True,True,False,False,True,5.501219330881976,1.9729419656948861,0.25,True,5.459797974644665
v3_sc0_staging_00,L3,2,6,separate,False,1,False,False,False,False,False,nan,nan,nan,False,5.459797974644665
v3_sc0_staging_00,L3,2,6,joint,False,1,False,False,False,False,False,nan,nan,nan,False,5.459797974644665
v3_sc0_staging_00,L3,2,6,oracle,False,0,False,True,False,False,True,5.459797974644665,1.960229578391266,0.20615528128088303,True,5.459797974644665
v3_sc0_staging_00,L3,2,7,uncalibrated,False,0,True,True,False,False,True,7.119848480983501,0.6000000000000001,0.18027756377319948,True,6.974873734152917
v3_sc0_staging_00,L3,2,7,label_cell,False,0,True,False,False,False,False,nan,nan,nan,False,6.974873734152917
v3_sc0_staging_00,L3,2,7,geometry,False,0,False,False,False,False,False,nan,nan,nan,False,6.974873734152917
v3_sc0_staging_00,L3,2,7,label_only,False,1,False,False,False,False,False,nan,nan,nan,False,6.974873734152917
v3_sc0_staging_00,L3,2,7,pose_only,False,0,True,True,False,False,True,7.119848480983501,0.6000000000000001,0.18027756377319948,True,6.974873734152917
v3_sc0_staging_00,L3,2,7,separate,False,1,False,False,False,False,False,nan,nan,nan,False,6.974873734152917
v3_sc0_staging_00,L3,2,7,joint,False,1,False,False,False,False,False,nan,nan,nan,False,6.974873734152917
v3_sc0_staging_00,L3,2,7,oracle,False,0,False,True,False,False,True,6.974873734152917,0.75,0.20615528128088303,True,6.974873734152917
v3_sc0_staging_00,L3,2,8,uncalibrated,False,0,True,True,False,False,True,6.056244584051393,1.8741664813991314,0.25,True,6.014823227814084
v3_sc0_staging_00,L3,2,8,label_cell,False,0,True,False,False,False,False,nan,nan,nan,False,6.014823227814084
v3_sc0_staging_00,L3,2,8,geometry,False,0,False,False,False,False,False,nan,nan,nan,False,6.014823227814084
v3_sc0_staging_00,L3,2,8,label_only,False,1,False,False,False,False,False,nan,nan,nan,False,6.014823227814084
v3_sc0_staging_00,L3,2,8,pose_only,False,0,True,True,False,False,True,6.056244584051393,1.8741664813991314,0.25,True,6.014823227814084
v3_sc0_staging_00,L3,2,8,separate,False,1,False,False,False,False,False,nan,nan,nan,False,6.014823227814084
v3_sc0_staging_00,L3,2,8,joint,False,1,False,False,False,False,False,nan,nan,nan,False,6.014823227814084
v3_sc0_staging_00,L3,2,8,oracle,False,0,False,True,False,False,True,6.014823227814084,1.8741664813991314,0.20615528128088303,True,6.014823227814084
v3_sc0_staging_00,L3,2,9,uncalibrated,False,0,True,True,False,False,True,6.079898987322333,2.280350850198276,0.2692582403567252,True,5.997056274847714
v3_sc0_staging_00,L3,2,9,label_cell,False,0,True,False,False,False,False,nan,nan,nan,False,5.997056274847714
v3_sc0_staging_00,L3,2,9,geometry,False,0,False,False,False,False,False,nan,nan,nan,False,5.997056274847714
v3_sc0_staging_00,L3,2,9,label_only,False,1,False,False,False,False,False,nan,nan,nan,False,5.997056274847714
v3_sc0_staging_00,L3,2,9,pose_only,False,0,True,True,False,False,True,6.079898987322333,2.280350850198276,0.2692582403567252,True,5.997056274847714
v3_sc0_staging_00,L3,2,9,separate,False,1,False,False,False,False,False,nan,nan,nan,False,5.997056274847714
v3_sc0_staging_00,L3,2,9,joint,False,1,False,False,False,False,False,nan,nan,nan,False,5.997056274847714
v3_sc0_staging_00,L3,2,9,oracle,False,0,False,True,False,False,True,5.997056274847714,2.3837994882120435,0.20615528128088303,True,5.997056274847714
v3_sc0_staging_00,L3,2,10,uncalibrated,False,0,True,True,False,False,True,7.023401871576775,0.75,0.32015621187164245,True,6.899137802864846
v3_sc0_staging_00,L3,2,10,label_cell,False,0,True,False,False,False,False,nan,nan,nan,False,6.899137802864846
v3_sc0_staging_00,L3,2,10,geometry,False,0,False,False,False,False,False,nan,nan,nan,False,6.899137802864846
v3_sc0_staging_00,L3,2,10,label_only,False,1,False,False,False,False,False,nan,nan,nan,False,6.899137802864846
v3_sc0_staging_00,L3,2,10,pose_only,False,0,True,True,False,False,True,7.023401871576775,0.75,0.32015621187164245,True,6.899137802864846
v3_sc0_staging_00,L3,2,10,separate,False,1,False,False,False,False,False,nan,nan,nan,False,6.899137802864846
v3_sc0_staging_00,L3,2,10,joint,False,1,False,False,False,False,False,nan,nan,nan,False,6.899137802864846
v3_sc0_staging_00,L3,2,10,oracle,False,0,False,True,False,False,True,6.899137802864846,0.8500000000000001,0.20615528128088303,True,6.899137802864846
v3_sc0_staging_00,L3,2,11,uncalibrated,False,0,True,True,False,False,True,4.0571067811865476,0.6670832032063168,0.45,True,4.0571067811865476
v3_sc0_staging_00,L3,2,11,label_cell,False,0,True,False,False,False,False,nan,nan,nan,False,4.0571067811865476
v3_sc0_staging_00,L3,2,11,geometry,False,0,False,False,False,False,False,nan,nan,nan,False,4.0571067811865476
v3_sc0_staging_00,L3,2,11,label_only,False,1,False,False,False,False,False,nan,nan,nan,False,4.0571067811865476
v3_sc0_staging_00,L3,2,11,pose_only,False,0,True,True,False,False,True,4.0571067811865476,0.6670832032063168,0.45,True,4.0571067811865476
v3_sc0_staging_00,L3,2,11,separate,False,1,False,False,False,False,False,nan,nan,nan,False,4.0571067811865476
v3_sc0_staging_00,L3,2,11,joint,False,1,False,False,False,False,False,nan,nan,nan,False,4.0571067811865476
v3_sc0_staging_00,L3,2,11,oracle,False,0,False,True,False,False,True,4.0571067811865476,0.65,0.45,True,4.0571067811865476
v3_sc0_staging_00,L3,2,12,uncalibrated,False,0,True,True,False,False,True,5.0426406871192855,1.5556349186104046,0.21213203435596426,True,4.971930009000631
v3_sc0_staging_00,L3,2,12,label_cell,False,0,True,False,False,False,False,nan,nan,nan,False,4.971930009000631
v3_sc0_staging_00,L3,2,12,geometry,False,0,False,False,False,False,False,nan,nan,nan,False,4.971930009000631
v3_sc0_staging_00,L3,2,12,label_only,False,1,False,False,False,False,False,nan,nan,nan,False,4.971930009000631
v3_sc0_staging_00,L3,2,12,pose_only,False,0,True,True,False,False,True,5.0426406871192855,1.5556349186104046,0.21213203435596426,True,4.971930009000631
v3_sc0_staging_00,L3,2,12,separate,False,1,False,False,False,False,False,nan,nan,nan,False,4.971930009000631
v3_sc0_staging_00,L3,2,12,joint,False,1,False,False,False,False,False,nan,nan,nan,False,4.971930009000631
v3_sc0_staging_00,L3,2,12,oracle,False,0,False,True,False,False,True,4.971930009000631,1.4849242404917498,0.20615528128088303,True,4.971930009000631
v3_sc0_staging_00,L3,2,13,uncalibrated,False,0,True,True,False,False,True,6.48492424049175,2.200568108466539,0.25,True,6.319238815542512
v3_sc0_staging_00,L3,2,13,label_cell,False,0,True,False,False,False,False,nan,nan,nan,False,6.319238815542512
v3_sc0_staging_00,L3,2,13,geometry,False,0,False,False,False,False,False,nan,nan,nan,False,6.319238815542512
v3_sc0_staging_00,L3,2,13,label_only,False,1,False,False,False,False,False,nan,nan,nan,False,6.319238815542512
v3_sc0_staging_00,L3,2,13,pose_only,False,0,True,True,False,False,True,6.48492424049175,2.200568108466539,0.25,True,6.319238815542512
v3_sc0_staging_00,L3,2,13,separate,False,1,False,False,False,False,False,nan,nan,nan,False,6.319238815542512
v3_sc0_staging_00,L3,2,13,joint,False,1,False,False,False,False,False,nan,nan,nan,False,6.319238815542512
v3_sc0_staging_00,L3,2,13,oracle,False,0,False,True,False,False,True,6.319238815542512,2.3021728866442674,0.20615528128088303,True,6.319238815542512
v3_sc0_staging_00,L3,2,14,uncalibrated,False,0,True,True,False,False,True,2.8828427124746194,2.4000000000000004,0.28284271247461906,True,2.8828427124746194
v3_sc0_staging_00,L3,2,14,label_cell,False,0,True,False,False,False,False,nan,nan,nan,False,2.8828427124746194
v3_sc0_staging_00,L3,2,14,geometry,False,0,False,False,False,False,False,nan,nan,nan,False,2.8828427124746194
v3_sc0_staging_00,L3,2,14,label_only,False,1,False,False,False,False,False,nan,nan,nan,False,2.8828427124746194
v3_sc0_staging_00,L3,2,14,pose_only,False,0,True,True,False,False,True,2.8828427124746194,2.4000000000000004,0.28284271247461906,True,2.8828427124746194
v3_sc0_staging_00,L3,2,14,separate,False,1,False,False,False,False,False,nan,nan,nan,False,2.8828427124746194
v3_sc0_staging_00,L3,2,14,joint,False,1,False,False,False,False,False,nan,nan,nan,False,2.8828427124746194
v3_sc0_staging_00,L3,2,14,oracle,False,0,False,True,False,False,True,2.8828427124746194,2.4000000000000004,0.28284271247461906,True,2.8828427124746194
v3_sc0_staging_00,L3,2,15,uncalibrated,False,0,True,True,False,False,True,3.9313708498984763,2.4824383174612823,0.28284271247461906,True,3.6985281374238568
v3_sc0_staging_00,L3,2,15,label_cell,False,0,True,False,False,False,False,nan,nan,nan,False,3.6985281374238568
v3_sc0_staging_00,L3,2,15,geometry,False,0,False,False,False,False,False,nan,nan,nan,False,3.6985281374238568
v3_sc0_staging_00,L3,2,15,label_only,False,1,False,False,False,False,False,nan,nan,nan,False,3.6985281374238568
v3_sc0_staging_00,L3,2,15,pose_only,False,0,True,True,False,False,True,3.9313708498984763,2.4824383174612823,0.28284271247461906,True,3.6985281374238568
v3_sc0_staging_00,L3,2,15,separate,False,1,False,False,False,False,False,nan,nan,nan,False,3.6985281374238568
v3_sc0_staging_00,L3,2,15,joint,False,1,False,False,False,False,False,nan,nan,nan,False,3.6985281374238568
v3_sc0_staging_00,L3,2,15,oracle,False,0,False,True,False,False,True,3.6985281374238568,2.6,0.20615528128088303,True,3.6985281374238568
v3_sc0_staging_00,L3,2,16,uncalibrated,False,0,True,False,False,False,False,nan,nan,nan,False,4.229898987322334
v3_sc0_staging_00,L3,2,16,label_cell,False,0,True,False,False,False,False,nan,nan,nan,False,4.229898987322334
v3_sc0_staging_00,L3,2,16,geometry,False,0,False,False,False,False,False,nan,nan,nan,False,4.229898987322334
v3_sc0_staging_00,L3,2,16,label_only,False,1,False,False,False,False,False,nan,nan,nan,False,4.229898987322334
v3_sc0_staging_00,L3,2,16,pose_only,False,0,True,False,False,False,False,nan,nan,nan,False,4.229898987322334
v3_sc0_staging_00,L3,2,16,separate,False,1,False,False,False,False,False,nan,nan,nan,False,4.229898987322334
v3_sc0_staging_00,L3,2,16,joint,False,1,False,False,False,False,False,nan,nan,nan,False,4.229898987322334
v3_sc0_staging_00,L3,2,16,oracle,False,0,False,True,False,False,True,4.229898987322334,1.697056274847714,0.21213203435596426,True,4.229898987322334
v3_sc0_staging_00,L3,2,17,uncalibrated,False,0,True,True,False,False,True,4.450609665440989,2.127204738618265,0.28284271247461906,True,4.362741699796952
v3_sc0_staging_00,L3,2,17,label_cell,False,0,True,False,False,False,False,nan,nan,nan,False,4.362741699796952
v3_sc0_staging_00,L3,2,17,geometry,False,0,False,False,False,False,False,nan,nan,nan,False,4.362741699796952
v3_sc0_staging_00,L3,2,17,label_only,False,1,False,False,False,False,False,nan,nan,nan,False,4.362741699796952
v3_sc0_staging_00,L3,2,17,pose_only,False,0,True,True,False,False,True,4.450609665440989,2.127204738618265,0.28284271247461906,True,4.362741699796952
v3_sc0_staging_00,L3,2,17,separate,False,1,False,False,False,False,False,nan,nan,nan,False,4.362741699796952
v3_sc0_staging_00,L3,2,17,joint,False,1,False,False,False,False,False,nan,nan,nan,False,4.362741699796952
v3_sc0_staging_00,L3,2,17,oracle,False,0,False,True,False,False,True,4.362741699796952,2.127204738618265,0.20615528128088303,True,4.362741699796952
v3_sc0_staging_00,L3,2,18,uncalibrated,False,0,True,True,False,False,True,6.4526911934581195,1.8741664813991314,0.18027756377319948,True,6.452691193458119
v3_sc0_staging_00,L3,2,18,label_cell,False,0,True,False,False,False,False,nan,nan,nan,False,6.452691193458119
v3_sc0_staging_00,L3,2,18,geometry,False,0,False,False,False,False,False,nan,nan,nan,False,6.452691193458119
v3_sc0_staging_00,L3,2,18,label_only,False,1,False,False,False,False,False,nan,nan,nan,False,6.452691193458119
v3_sc0_staging_00,L3,2,18,pose_only,False,0,True,True,False,False,True,6.4526911934581195,1.8741664813991314,0.18027756377319948,True,6.452691193458119
v3_sc0_staging_00,L3,2,18,separate,False,1,False,False,False,False,False,nan,nan,nan,False,6.452691193458119
v3_sc0_staging_00,L3,2,18,joint,False,1,False,False,False,False,False,nan,nan,nan,False,6.452691193458119
v3_sc0_staging_00,L3,2,18,oracle,False,0,False,True,False,False,True,6.452691193458119,1.8741664813991314,0.20615528128088303,True,6.452691193458119
v3_sc0_staging_00,L3,2,19,uncalibrated,False,0,True,True,False,False,True,3.9248737341529165,2.0796634343085425,0.35000000000000003,True,3.9248737341529165
v3_sc0_staging_00,L3,2,19,label_cell,False,0,True,False,False,False,False,nan,nan,nan,False,3.9248737341529165
v3_sc0_staging_00,L3,2,19,geometry,False,0,False,False,False,False,False,nan,nan,nan,False,3.9248737341529165
v3_sc0_staging_00,L3,2,19,label_only,False,1,False,False,False,False,False,nan,nan,nan,False,3.9248737341529165
v3_sc0_staging_00,L3,2,19,pose_only,False,0,True,True,False,False,True,3.9248737341529165,2.0796634343085425,0.35000000000000003,True,3.9248737341529165
v3_sc0_staging_00,L3,2,19,separate,False,1,False,False,False,False,False,nan,nan,nan,False,3.9248737341529165
v3_sc0_staging_00,L3,2,19,joint,False,1,False,False,False,False,False,nan,nan,nan,False,3.9248737341529165
v3_sc0_staging_00,L3,2,19,oracle,False,0,False,True,False,False,True,3.9248737341529165,2.0796634343085425,0.35000000000000003,True,3.9248737341529165
v3_sc0_staging_00,L3,3,0,uncalibrated,False,0,True,True,False,False,True,4.481370849898475,0.7000000000000001,0.25,True,4.522792206135786
v3_sc0_staging_00,L3,3,0,label_cell,False,0,True,False,False,False,False,nan,nan,nan,False,4.522792206135786
v3_sc0_staging_00,L3,3,0,geometry,False,0,False,False,False,False,False,nan,nan,nan,False,4.522792206135786
v3_sc0_staging_00,L3,3,0,label_only,False,1,False,False,False,False,False,nan,nan,nan,False,4.522792206135786
v3_sc0_staging_00,L3,3,0,pose_only,False,0,True,True,False,False,True,4.481370849898475,0.7000000000000001,0.25,True,4.522792206135786
v3_sc0_staging_00,L3,3,0,separate,False,1,False,False,False,False,False,nan,nan,nan,False,4.522792206135786
v3_sc0_staging_00,L3,3,0,joint,False,1,False,False,False,False,False,nan,nan,nan,False,4.522792206135786
v3_sc0_staging_00,L3,3,0,oracle,False,0,False,True,False,False,True,4.522792206135786,0.6000000000000001,0.25,True,4.522792206135786
v3_sc0_staging_00,L3,3,1,uncalibrated,False,0,True,True,False,False,True,7.916295090390225,0.75,0.25,True,7.804163056034262
v3_sc0_staging_00,L3,3,1,label_cell,False,0,True,False,False,False,False,nan,nan,nan,False,7.804163056034262
v3_sc0_staging_00,L3,3,1,geometry,False,0,False,False,False,False,False,nan,nan,nan,False,7.804163056034262
v3_sc0_staging_00,L3,3,1,label_only,False,1,False,False,False,False,False,nan,nan,nan,False,7.804163056034262
v3_sc0_staging_00,L3,3,1,pose_only,False,0,True,True,False,False,True,7.916295090390225,0.75,0.25,True,7.804163056034262
v3_sc0_staging_00,L3,3,1,separate,False,1,False,False,False,False,False,nan,nan,nan,False,7.804163056034262
v3_sc0_staging_00,L3,3,1,joint,False,1,False,False,False,False,False,nan,nan,nan,False,7.804163056034262
v3_sc0_staging_00,L3,3,1,oracle,False,0,False,True,False,False,True,7.804163056034262,0.5024937810560445,0.20615528128088303,True,7.804163056034262
v3_sc0_staging_00,L3,3,2,uncalibrated,False,0,True,True,False,False,True,5.250609665440987,2.2627416997969525,0.42720018726587655,True,5.08492424049175
v3_sc0_staging_00,L3,3,2,label_cell,False,0,True,False,False,False,False,nan,nan,nan,False,5.08492424049175
v3_sc0_staging_00,L3,3,2,geometry,False,0,False,False,False,False,False,nan,nan,nan,False,5.08492424049175
v3_sc0_staging_00,L3,3,2,label_only,False,1,False,False,False,False,False,nan,nan,nan,False,5.08492424049175
v3_sc0_staging_00,L3,3,2,pose_only,False,0,True,True,False,False,True,5.250609665440987,2.2627416997969525,0.42720018726587655,True,5.08492424049175
v3_sc0_staging_00,L3,3,2,separate,False,1,False,False,False,False,False,nan,nan,nan,False,5.08492424049175
v3_sc0_staging_00,L3,3,2,joint,False,1,False,False,False,False,False,nan,nan,nan,False,5.08492424049175
v3_sc0_staging_00,L3,3,2,oracle,False,0,False,True,False,False,True,5.08492424049175,2.0838665984174707,0.20615528128088303,True,5.08492424049175
v3_sc0_staging_00,L3,3,3,uncalibrated,False,0,True,True,False,False,True,4.779898987322333,2.581181899828062,0.20615528128088303,True,4.750609665440988
v3_sc0_staging_00,L3,3,3,label_cell,False,0,True,False,False,False,False,nan,nan,nan,False,4.750609665440988
v3_sc0_staging_00,L3,3,3,geometry,False,0,False,False,False,False,False,nan,nan,nan,False,4.750609665440988
v3_sc0_staging_00,L3,3,3,label_only,False,1,False,False,False,False,False,nan,nan,nan,False,4.750609665440988
v3_sc0_staging_00,L3,3,3,pose_only,False,0,True,True,False,False,True,4.779898987322333,2.581181899828062,0.20615528128088303,True,4.750609665440988
v3_sc0_staging_00,L3,3,3,separate,False,1,False,False,False,False,False,nan,nan,nan,False,4.750609665440988
v3_sc0_staging_00,L3,3,3,joint,False,1,False,False,False,False,False,nan,nan,nan,False,4.750609665440988
v3_sc0_staging_00,L3,3,3,oracle,False,0,False,True,False,False,True,4.750609665440988,2.60768096208106,0.20615528128088303,True,4.750609665440988
v3_sc0_staging_00,L3,3,4,uncalibrated,False,0,True,True,False,False,True,6.553300858899108,1.8741664813991314,0.20615528128088303,True,4.627817459305203
v3_sc0_staging_00,L3,3,4,label_cell,False,0,True,False,False,False,False,nan,nan,nan,False,4.627817459305203
v3_sc0_staging_00,L3,3,4,geometry,False,0,False,False,False,False,False,nan,nan,nan,False,4.627817459305203
v3_sc0_staging_00,L3,3,4,label_only,False,1,False,False,False,False,False,nan,nan,nan,False,4.627817459305203
v3_sc0_staging_00,L3,3,4,pose_only,False,0,True,True,False,False,True,6.553300858899108,1.8741664813991314,0.20615528128088303,True,4.627817459305203
v3_sc0_staging_00,L3,3,4,separate,False,1,False,False,False,False,False,nan,nan,nan,False,4.627817459305203
v3_sc0_staging_00,L3,3,4,joint,False,1,False,False,False,False,False,nan,nan,nan,False,4.627817459305203
v3_sc0_staging_00,L3,3,4,oracle,False,0,False,True,False,False,True,4.627817459305203,0.75,0.20615528128088303,True,4.627817459305203
v3_sc0_staging_00,L3,3,5,uncalibrated,False,0,True,True,False,False,True,8.566295090390227,0.55,0.2,True,8.519848480983502
v3_sc0_staging_00,L3,3,5,label_cell,False,0,True,False,False,False,False,nan,nan,nan,False,8.519848480983502
v3_sc0_staging_00,L3,3,5,geometry,False,0,False,False,False,False,False,nan,nan,nan,False,8.519848480983502
v3_sc0_staging_00,L3,3,5,label_only,False,1,False,False,False,False,False,nan,nan,nan,False,8.519848480983502
v3_sc0_staging_00,L3,3,5,pose_only,False,0,True,True,False,False,True,8.566295090390227,0.55,0.2,True,8.519848480983502
v3_sc0_staging_00,L3,3,5,separate,False,1,False,False,False,False,False,nan,nan,nan,False,8.519848480983502
v3_sc0_staging_00,L3,3,5,joint,False,1,False,False,False,False,False,nan,nan,nan,False,8.519848480983502
v3_sc0_staging_00,L3,3,5,oracle,False,0,False,True,False,False,True,8.519848480983502,0.5024937810560445,0.20615528128088303,True,8.519848480983502
v3_sc0_staging_00,L3,3,6,uncalibrated,False,0,True,True,False,False,True,5.59619407771256,1.9448650338776723,0.32015621187164245,True,4.555634918610404
v3_sc0_staging_00,L3,3,6,label_cell,False,0,True,False,False,False,False,nan,nan,nan,False,4.555634918610404
v3_sc0_staging_00,L3,3,6,geometry,False,0,False,False,False,False,False,nan,nan,nan,False,4.555634918610404
v3_sc0_staging_00,L3,3,6,label_only,False,1,False,False,False,False,False,nan,nan,nan,False,4.555634918610404
v3_sc0_staging_00,L3,3,6,pose_only,False,0,True,True,False,False,True,5.59619407771256,1.9448650338776723,0.32015621187164245,True,4.555634918610404
v3_sc0_staging_00,L3,3,6,separate,False,1,False,False,False,False,False,nan,nan,nan,False,4.555634918610404
v3_sc0_staging_00,L3,3,6,joint,False,1,False,False,False,False,False,nan,nan,nan,False,4.555634918610404
v3_sc0_staging_00,L3,3,6,oracle,False,0,False,True,False,False,True,4.555634918610404,0.75,0.20615528128088303,True,4.555634918610404
v3_sc0_staging_00,L3,3,7,uncalibrated,False,0,True,True,False,False,True,6.911269837220812,0.8,0.2,True,6.952691193458121
v3_sc0_staging_00,L3,3,7,label_cell,False,0,True,False,False,False,False,nan,nan,nan,False,6.952691193458121
v3_sc0_staging_00,L3,3,7,geometry,False,0,False,False,False,False,False,nan,nan,nan,False,6.952691193458121
v3_sc0_staging_00,L3,3,7,label_only,False,1,False,False,False,False,False,nan,nan,nan,False,6.952691193458121
v3_sc0_staging_00,L3,3,7,pose_only,False,0,True,True,False,False,True,6.911269837220812,0.8,0.2,True,6.952691193458121
v3_sc0_staging_00,L3,3,7,separate,False,1,False,False,False,False,False,nan,nan,nan,False,6.952691193458121
v3_sc0_staging_00,L3,3,7,joint,False,1,False,False,False,False,False,nan,nan,nan,False,6.952691193458121
v3_sc0_staging_00,L3,3,7,oracle,False,0,False,True,False,False,True,6.952691193458121,0.7000000000000001,0.20615528128088303,True,6.952691193458121
v3_sc0_staging_00,L3,3,8,uncalibrated,False,0,True,True,False,False,True,6.106244584051394,1.8384776310850235,0.304138126514911,True,5.474873734152916
v3_sc0_staging_00,L3,3,8,label_cell,False,0,True,False,False,False,False,nan,nan,nan,False,5.474873734152916
v3_sc0_staging_00,L3,3,8,geometry,False,0,False,False,False,False,False,nan,nan,nan,False,5.474873734152916
v3_sc0_staging_00,L3,3,8,label_only,False,1,False,False,False,False,False,nan,nan,nan,False,5.474873734152916
v3_sc0_staging_00,L3,3,8,pose_only,False,0,True,True,False,False,True,6.106244584051394,1.8384776310850235,0.304138126514911,True,5.474873734152916
v3_sc0_staging_00,L3,3,8,separate,False,1,False,False,False,False,False,nan,nan,nan,False,5.474873734152916
v3_sc0_staging_00,L3,3,8,joint,False,1,False,False,False,False,False,nan,nan,nan,False,5.474873734152916
v3_sc0_staging_00,L3,3,8,oracle,False,0,False,True,False,False,True,5.474873734152916,0.75,0.25,True,5.474873734152916
v3_sc0_staging_00,L3,3,9,uncalibrated,False,0,True,True,False,False,True,6.242031021678298,2.5500000000000003,0.30000000000000004,True,6.07634559672906
v3_sc0_staging_00,L3,3,9,label_cell,False,0,True,False,False,False,False,nan,nan,nan,False,6.07634559672906
v3_sc0_staging_00,L3,3,9,geometry,False,0,False,False,False,False,False,nan,nan,nan,False,6.07634559672906
v3_sc0_staging_00,L3,3,9,label_only,False,1,False,False,False,False,False,nan,nan,nan,False,6.07634559672906
v3_sc0_staging_00,L3,3,9,pose_only,False,0,True,True,False,False,True,6.242031021678298,2.5500000000000003,0.30000000000000004,True,6.07634559672906
v3_sc0_staging_00,L3,3,9,separate,False,1,False,False,False,False,False,nan,nan,nan,False,6.07634559672906
v3_sc0_staging_00,L3,3,9,joint,False,1,False,False,False,False,False,nan,nan,nan,False,6.07634559672906
v3_sc0_staging_00,L3,3,9,oracle,False,0,False,True,False,False,True,6.07634559672906,2.3264780248263683,0.20615528128088303,True,6.07634559672906
v3_sc0_staging_00,L3,3,10,uncalibrated,False,0,True,True,False,False,True,6.864823227814085,0.9340770846134703,0.25,True,6.906244584051397
v3_sc0_staging_00,L3,3,10,label_cell,False,0,True,False,False,False,False,nan,nan,nan,False,6.906244584051397
v3_sc0_staging_00,L3,3,10,geometry,False,0,False,False,False,False,False,nan,nan,nan,False,6.906244584051397
v3_sc0_staging_00,L3,3,10,label_only,False,1,False,False,False,False,False,nan,nan,nan,False,6.906244584051397
v3_sc0_staging_00,L3,3,10,pose_only,False,0,True,True,False,False,True,6.864823227814085,0.9340770846134703,0.25,True,6.906244584051397
v3_sc0_staging_00,L3,3,10,separate,False,1,False,False,False,False,False,nan,nan,nan,False,6.906244584051397
v3_sc0_staging_00,L3,3,10,joint,False,1,False,False,False,False,False,nan,nan,nan,False,6.906244584051397
v3_sc0_staging_00,L3,3,10,oracle,False,0,False,True,False,False,True,6.906244584051397,0.9178779875342911,0.20615528128088303,True,6.906244584051397
v3_sc0_staging_00,L3,3,11,uncalibrated,False,0,True,True,False,False,True,4.164213562373095,0.7000000000000001,0.4,True,4.164213562373095
v3_sc0_staging_00,L3,3,11,label_cell,False,0,True,False,False,False,False,nan,nan,nan,False,4.164213562373095
v3_sc0_staging_00,L3,3,11,geometry,False,0,False,False,False,False,False,nan,nan,nan,False,4.164213562373095
v3_sc0_staging_00,L3,3,11,label_only,False,1,False,False,False,False,False,nan,nan,nan,False,4.164213562373095
v3_sc0_staging_00,L3,3,11,pose_only,False,0,True,True,False,False,True,4.164213562373095,0.8,0.4,True,4.164213562373095
v3_sc0_staging_00,L3,3,11,separate,False,1,False,False,False,False,False,nan,nan,nan,False,4.164213562373095
v3_sc0_staging_00,L3,3,11,joint,False,1,False,False,False,False,False,nan,nan,nan,False,4.164213562373095
v3_sc0_staging_00,L3,3,11,oracle,False,0,False,True,False,False,True,4.164213562373095,0.7000000000000001,0.4,True,4.164213562373095
v3_sc0_staging_00,L3,3,12,uncalibrated,False,0,True,True,False,False,True,5.389087296526012,1.5556349186104046,0.25,True,3.8727922061357845
v3_sc0_staging_00,L3,3,12,label_cell,False,0,True,False,False,False,False,nan,nan,nan,False,3.8727922061357845
v3_sc0_staging_00,L3,3,12,geometry,False,0,False,False,False,False,False,nan,nan,nan,False,3.8727922061357845
v3_sc0_staging_00,L3,3,12,label_only,False,1,False,False,False,False,False,nan,nan,nan,False,3.8727922061357845
v3_sc0_staging_00,L3,3,12,pose_only,False,0,True,True,False,False,True,5.389087296526012,1.5556349186104046,0.25,True,3.8727922061357845
v3_sc0_staging_00,L3,3,12,separate,False,1,False,False,False,False,False,nan,nan,nan,False,3.8727922061357845
v3_sc0_staging_00,L3,3,12,joint,False,1,False,False,False,False,False,nan,nan,nan,False,3.8727922061357845
v3_sc0_staging_00,L3,3,12,oracle,False,0,False,True,False,False,True,3.8727922061357845,0.75,0.20615528128088303,True,3.8727922061357845
v3_sc0_staging_00,L3,3,13,uncalibrated,False,0,True,True,False,False,True,6.6506096654409905,2.1828879952943074,0.32015621187164245,True,6.48492424049175
v3_sc0_staging_00,L3,3,13,label_cell,False,0,True,False,False,False,False,nan,nan,nan,False,6.48492424049175
v3_sc0_staging_00,L3,3,13,geometry,False,0,False,False,False,False,False,nan,nan,nan,False,6.48492424049175
v3_sc0_staging_00,L3,3,13,label_only,False,1,False,False,False,False,False,nan,nan,nan,False,6.48492424049175
v3_sc0_staging_00,L3,3,13,pose_only,False,0,True,True,False,False,True,6.6506096654409905,2.1828879952943074,0.32015621187164245,True,6.48492424049175
v3_sc0_staging_00,L3,3,13,separate,False,1,False,False,False,False,False,nan,nan,nan,False,6.48492424049175
v3_sc0_staging_00,L3,3,13,joint,False,1,False,False,False,False,False,nan,nan,nan,False,6.48492424049175
v3_sc0_staging_00,L3,3,13,oracle,False,0,False,True,False,False,True,6.48492424049175,2.170829334609241,0.20615528128088303,True,6.48492424049175
v3_sc0_staging_00,L3,3,14,uncalibrated,False,0,True,True,False,False,True,2.927817459305202,2.353720459187964,0.4242640687119285,True,2.927817459305202
v3_sc0_staging_00,L3,3,14,label_cell,False,0,True,False,False,False,False,nan,nan,nan,False,2.927817459305202
v3_sc0_staging_00,L3,3,14,geometry,False,0,False,False,False,False,False,nan,nan,nan,False,2.927817459305202
v3_sc0_staging_00,L3,3,14,label_only,False,1,False,False,False,False,False,nan,nan,nan,False,2.927817459305202
v3_sc0_staging_00,L3,3,14,pose_only,False,0,True,True,False,False,True,2.927817459305202,2.353720459187964,0.4242640687119285,True,2.927817459305202
v3_sc0_staging_00,L3,3,14,separate,False,1,False,False,False,False,False,nan,nan,nan,False,2.927817459305202
v3_sc0_staging_00,L3,3,14,joint,False,1,False,False,False,False,False,nan,nan,nan,False,2.927817459305202
v3_sc0_staging_00,L3,3,14,oracle,False,0,False,True,False,False,True,2.927817459305202,2.342007685726074,0.35000000000000003,True,2.927817459305202
v3_sc0_staging_00,L3,3,15,uncalibrated,False,0,True,True,False,False,True,3.6571067811865476,2.617728022541685,0.25,True,3.627817459305202
v3_sc0_staging_00,L3,3,15,label_cell,False,0,True,False,False,False,False,nan,nan,nan,False,3.627817459305202
v3_sc0_staging_00,L3,3,15,geometry,False,0,False,False,False,False,False,nan,nan,nan,False,3.627817459305202
v3_sc0_staging_00,L3,3,15,label_only,False,1,False,False,False,False,False,nan,nan,nan,False,3.627817459305202
v3_sc0_staging_00,L3,3,15,pose_only,False,0,True,True,False,False,True,3.6571067811865476,2.617728022541685,0.25,True,3.627817459305202
v3_sc0_staging_00,L3,3,15,separate,False,1,False,False,False,False,False,nan,nan,nan,False,3.627817459305202
v3_sc0_staging_00,L3,3,15,joint,False,1,False,False,False,False,False,nan,nan,nan,False,3.627817459305202
v3_sc0_staging_00,L3,3,15,oracle,False,0,False,True,False,False,True,3.627817459305202,2.661766330841233,0.20615528128088303,True,3.627817459305202
v3_sc0_staging_00,L3,3,16,uncalibrated,False,0,True,True,False,False,True,4.284924240491749,1.5700318468107584,0.2,True,4.28492424049175
v3_sc0_staging_00,L3,3,16,label_cell,False,0,True,False,False,False,False,nan,nan,nan,False,4.28492424049175
v3_sc0_staging_00,L3,3,16,geometry,False,0,False,False,False,False,False,nan,nan,nan,False,4.28492424049175
v3_sc0_staging_00,L3,3,16,label_only,False,1,False,False,False,False,False,nan,nan,nan,False,4.28492424049175
v3_sc0_staging_00,L3,3,16,pose_only,False,0,True,True,False,False,True,4.284924240491749,1.5700318468107584,0.2,True,4.28492424049175
v3_sc0_staging_00,L3,3,16,separate,False,1,False,False,False,False,False,nan,nan,nan,False,4.28492424049175
v3_sc0_staging_00,L3,3,16,joint,False,1,False,False,False,False,False,nan,nan,nan,False,4.28492424049175
v3_sc0_staging_00,L3,3,16,oracle,False,0,False,True,False,False,True,4.28492424049175,1.565247584249853,0.20615528128088303,True,4.28492424049175
v3_sc0_staging_00,L3,3,17,uncalibrated,False,0,True,True,False,False,True,4.5384776310850246,2.1400934559032696,0.30000000000000004,True,4.421320343559643
v3_sc0_staging_00,L3,3,17,label_cell,False,0,True,False,False,False,False,nan,nan,nan,False,4.421320343559643
v3_sc0_staging_00,L3,3,17,geometry,False,0,False,False,False,False,False,nan,nan,nan,False,4.421320343559643
v3_sc0_staging_00,L3,3,17,label_only,False,1,False,False,False,False,False,nan,nan,nan,False,4.421320343559643
v3_sc0_staging_00,L3,3,17,pose_only,False,0,True,True,False,False,True,4.5384776310850246,2.1400934559032696,0.30000000000000004,True,4.421320343559643
v3_sc0_staging_00,L3,3,17,separate,False,1,False,False,False,False,False,nan,nan,nan,False,4.421320343559643
v3_sc0_staging_00,L3,3,17,joint,False,1,False,False,False,False,False,nan,nan,nan,False,4.421320343559643
v3_sc0_staging_00,L3,3,17,oracle,False,0,False,True,False,False,True,4.421320343559643,2.1400934559032696,0.20615528128088303,True,4.421320343559643
v3_sc0_staging_00,L3,3,18,uncalibrated,False,0,True,True,False,False,True,6.392640687119285,1.8506755523321747,0.20615528128088303,True,6.392640687119285
v3_sc0_staging_00,L3,3,18,label_cell,False,0,True,False,False,False,False,nan,nan,nan,False,6.392640687119285
v3_sc0_staging_00,L3,3,18,geometry,False,0,False,False,False,False,False,nan,nan,nan,False,6.392640687119285
v3_sc0_staging_00,L3,3,18,label_only,False,1,False,False,False,False,False,nan,nan,nan,False,6.392640687119285
v3_sc0_staging_00,L3,3,18,pose_only,False,0,True,True,False,False,True,6.392640687119285,1.8506755523321747,0.20615528128088303,True,6.392640687119285
v3_sc0_staging_00,L3,3,18,separate,False,1,False,False,False,False,False,nan,nan,nan,False,6.392640687119285
v3_sc0_staging_00,L3,3,18,joint,False,1,False,False,False,False,False,nan,nan,nan,False,6.392640687119285
v3_sc0_staging_00,L3,3,18,oracle,False,0,False,True,False,False,True,6.392640687119285,1.8506755523321747,0.20615528128088303,True,6.392640687119285
v3_sc0_staging_00,L3,3,19,uncalibrated,False,0,True,True,False,False,True,3.8612698372208096,2.0506096654409878,0.35000000000000003,True,3.8612698372208096
v3_sc0_staging_00,L3,3,19,label_cell,False,0,True,False,False,False,False,nan,nan,nan,False,3.8612698372208096
v3_sc0_staging_00,L3,3,19,geometry,False,0,False,False,False,False,False,nan,nan,nan,False,3.8612698372208096
v3_sc0_staging_00,L3,3,19,label_only,False,1,False,False,False,False,False,nan,nan,nan,False,3.8612698372208096
v3_sc0_staging_00,L3,3,19,pose_only,False,0,True,True,False,False,True,3.8612698372208096,2.0506096654409878,0.35000000000000003,True,3.8612698372208096
v3_sc0_staging_00,L3,3,19,separate,False,1,False,False,False,False,False,nan,nan,nan,False,3.8612698372208096
v3_sc0_staging_00,L3,3,19,joint,False,1,False,False,False,False,False,nan,nan,nan,False,3.8612698372208096
v3_sc0_staging_00,L3,3,19,oracle,False,0,False,True,False,False,True,3.8612698372208096,2.0506096654409878,0.28284271247461906,True,3.8612698372208096
v3_sc0_staging_00,L3,4,0,uncalibrated,False,0,True,True,False,False,True,4.327817459305202,0.7000000000000001,0.25,True,4.4106601717798215
v3_sc0_staging_00,L3,4,0,label_cell,False,0,True,True,False,False,True,4.410660171779821,0.9340770846134703,0.3354101966249685,True,4.4106601717798215
v3_sc0_staging_00,L3,4,0,geometry,False,0,False,False,False,False,False,nan,nan,nan,False,4.4106601717798215
v3_sc0_staging_00,L3,4,0,label_only,False,1,False,False,False,False,False,nan,nan,nan,False,4.4106601717798215
v3_sc0_staging_00,L3,4,0,pose_only,False,0,False,True,False,False,True,4.327817459305202,0.7000000000000001,0.25,True,4.4106601717798215
v3_sc0_staging_00,L3,4,0,separate,False,1,False,False,False,False,False,nan,nan,nan,False,4.4106601717798215
v3_sc0_staging_00,L3,4,0,joint,False,1,False,False,False,False,False,nan,nan,nan,False,4.4106601717798215
v3_sc0_staging_00,L3,4,0,oracle,False,0,False,True,False,False,True,4.4106601717798215,0.7000000000000001,0.2692582403567252,True,4.4106601717798215
v3_sc0_staging_00,L3,4,1,uncalibrated,False,0,True,True,False,False,True,7.783452377915606,0.75,0.158113883008419,True,7.812741699796952
v3_sc0_staging_00,L3,4,1,label_cell,False,0,True,True,False,False,True,8.324873734152916,0.9340770846134703,0.45276925690687087,True,7.812741699796952
v3_sc0_staging_00,L3,4,1,geometry,False,0,False,False,False,False,False,nan,nan,nan,False,7.812741699796952
v3_sc0_staging_00,L3,4,1,label_only,False,1,False,False,False,False,False,nan,nan,nan,False,7.812741699796952
v3_sc0_staging_00,L3,4,1,pose_only,False,0,False,True,False,False,True,7.783452377915606,0.75,0.158113883008419,True,7.812741699796952
v3_sc0_staging_00,L3,4,1,separate,False,1,False,False,False,False,False,nan,nan,nan,False,7.812741699796952
v3_sc0_staging_00,L3,4,1,joint,False,1,False,False,False,False,False,nan,nan,nan,False,7.812741699796952
v3_sc0_staging_00,L3,4,1,oracle,False,0,False,True,False,False,True,7.812741699796952,0.6000000000000001,0.20615528128088303,True,7.812741699796952
v3_sc0_staging_00,L3,4,2,uncalibrated,False,0,True,True,False,False,True,5.238477631085023,2.147091055358389,0.3535533905932738,True,5.114213562373095
v3_sc0_staging_00,L3,4,2,label_cell,False,0,True,False,False,False,False,nan,nan,nan,False,5.114213562373095
v3_sc0_staging_00,L3,4,2,geometry,False,0,False,False,False,False,False,nan,nan,nan,False,5.114213562373095
v3_sc0_staging_00,L3,4,2,label_only,False,1,False,False,False,False,False,nan,nan,nan,False,5.114213562373095
v3_sc0_staging_00,L3,4,2,pose_only,False,0,False,True,False,False,True,5.238477631085023,2.147091055358389,0.3535533905932738,True,5.114213562373095
v3_sc0_staging_00,L3,4,2,separate,False,1,False,False,False,False,False,nan,nan,nan,False,5.114213562373095
v3_sc0_staging_00,L3,4,2,joint,False,1,False,False,False,False,False,nan,nan,nan,False,5.114213562373095
v3_sc0_staging_00,L3,4,2,oracle,False,0,False,True,False,False,True,5.114213562373095,2.147091055358389,0.25,True,5.114213562373095
v3_sc0_staging_00,L3,4,3,uncalibrated,False,0,True,True,False,False,True,4.671320343559643,2.617728022541685,0.20615528128088303,True,4.671320343559643
v3_sc0_staging_00,L3,4,3,label_cell,False,0,True,False,False,False,False,nan,nan,nan,False,4.671320343559643
v3_sc0_staging_00,L3,4,3,geometry,False,0,False,False,False,False,False,nan,nan,nan,False,4.671320343559643
v3_sc0_staging_00,L3,4,3,label_only,False,1,False,False,False,False,False,nan,nan,nan,False,4.671320343559643
v3_sc0_staging_00,L3,4,3,pose_only,False,0,False,True,False,False,True,4.671320343559643,2.617728022541685,0.20615528128088303,True,4.671320343559643
v3_sc0_staging_00,L3,4,3,separate,False,1,False,False,False,False,False,nan,nan,nan,False,4.671320343559643
v3_sc0_staging_00,L3,4,3,joint,False,1,False,False,False,False,False,nan,nan,nan,False,4.671320343559643
v3_sc0_staging_00,L3,4,3,oracle,False,0,False,True,False,False,True,4.671320343559643,2.617728022541685,0.20615528128088303,True,4.671320343559643
v3_sc0_staging_00,L3,4,4,uncalibrated,False,0,True,True,False,False,True,6.3911688245431435,1.8034688796871432,0.25,True,6.208326112068525
v3_sc0_staging_00,L3,4,4,label_cell,False,0,True,False,False,False,False,nan,nan,nan,False,6.208326112068525
v3_sc0_staging_00,L3,4,4,geometry,False,0,False,False,False,False,False,nan,nan,nan,False,6.208326112068525
v3_sc0_staging_00,L3,4,4,label_only,False,1,False,False,False,False,False,nan,nan,nan,False,6.208326112068525
v3_sc0_staging_00,L3,4,4,pose_only,False,0,False,True,False,False,True,6.3911688245431435,1.8034688796871432,0.25,True,6.208326112068525
v3_sc0_staging_00,L3,4,4,separate,False,1,False,False,False,False,False,nan,nan,nan,False,6.208326112068525
v3_sc0_staging_00,L3,4,4,joint,False,1,False,False,False,False,False,nan,nan,nan,False,6.208326112068525
v3_sc0_staging_00,L3,4,4,oracle,False,0,False,True,False,False,True,6.208326112068525,1.8034688796871432,0.20615528128088303,True,6.208326112068525
v3_sc0_staging_00,L3,4,5,uncalibrated,False,0,True,True,False,False,True,8.383452377915608,0.7000000000000001,0.25,True,8.43700576850888
v3_sc0_staging_00,L3,4,5,label_cell,False,0,True,False,False,False,False,nan,nan,nan,False,8.43700576850888
v3_sc0_staging_00,L3,4,5,geometry,False,0,False,False,False,False,False,nan,nan,nan,False,8.43700576850888
v3_sc0_staging_00,L3,4,5,label_only,False,1,False,False,False,False,False,nan,nan,nan,False,8.43700576850888
v3_sc0_staging_00,L3,4,5,pose_only,False,0,False,True,False,False,True,8.383452377915608,0.7000000000000001,0.25,True,8.43700576850888
v3_sc0_staging_00,L3,4,5,separate,False,1,False,False,False,False,False,nan,nan,nan,False,8.43700576850888
v3_sc0_staging_00,L3,4,5,joint,False,1,False,False,False,False,False,nan,nan,nan,False,8.43700576850888
v3_sc0_staging_00,L3,4,5,oracle,False,0,False,True,False,False,True,8.43700576850888,0.6000000000000001,0.20615528128088303,True,8.43700576850888
v3_sc0_staging_00,L3,4,6,uncalibrated,False,0,True,True,False,False,True,5.45477272147525,1.8741664813991314,0.32015621187164245,True,5.330508652763322
v3_sc0_staging_00,L3,4,6,label_cell,False,0,True,False,False,False,False,nan,nan,nan,False,5.330508652763322
v3_sc0_staging_00,L3,4,6,geometry,False,0,False,False,False,False,False,nan,nan,nan,False,5.330508652763322
v3_sc0_staging_00,L3,4,6,label_only,False,1,False,False,False,False,False,nan,nan,nan,False,5.330508652763322
v3_sc0_staging_00,L3,4,6,pose_only,False,0,False,True,False,False,True,5.45477272147525,1.8741664813991314,0.32015621187164245,True,5.330508652763322
v3_sc0_staging_00,L3,4,6,separate,False,1,False,False,False,False,False,nan,nan,nan,False,5.330508652763322
v3_sc0_staging_00,L3,4,6,joint,False,1,False,False,False,False,False,nan,nan,nan,False,5.330508652763322
v3_sc0_staging_00,L3,4,6,oracle,False,0,False,True,False,False,True,5.330508652763322,1.8668154702594473,0.20615528128088303,True,5.330508652763322
v3_sc0_staging_00,L3,4,7,uncalibrated,False,0,True,True,False,False,True,6.928427124746193,0.8631338250816034,0.2,True,6.969848480983503
v3_sc0_staging_00,L3,4,7,label_cell,False,0,True,True,False,False,True,7.283452377915606,0.9,0.45276925690687087,True,6.969848480983503
v3_sc0_staging_00,L3,4,7,geometry,False,0,False,False,False,False,False,nan,nan,nan,False,6.969848480983503
v3_sc0_staging_00,L3,4,7,label_only,False,1,False,False,False,False,False,nan,nan,nan,False,6.969848480983503
v3_sc0_staging_00,L3,4,7,pose_only,False,0,False,True,False,False,True,6.928427124746193,0.873212459828649,0.2,True,6.969848480983503
v3_sc0_staging_00,L3,4,7,separate,False,1,False,False,False,False,False,nan,nan,nan,False,6.969848480983503
v3_sc0_staging_00,L3,4,7,joint,False,1,False,False,False,False,False,nan,nan,nan,False,6.969848480983503
v3_sc0_staging_00,L3,4,7,oracle,False,0,False,True,False,False,True,6.969848480983503,0.8,0.20615528128088303,True,6.969848480983503
v3_sc0_staging_00,L3,4,8,uncalibrated,False,0,True,True,False,False,True,5.997665940288703,1.8384776310850235,0.28284271247461906,True,5.84411254969543
v3_sc0_staging_00,L3,4,8,label_cell,False,0,True,False,False,False,False,nan,nan,nan,False,5.84411254969543
v3_sc0_staging_00,L3,4,8,geometry,False,0,False,False,False,False,False,nan,nan,nan,False,5.84411254969543
v3_sc0_staging_00,L3,4,8,label_only,False,1,False,False,False,False,False,nan,nan,nan,False,5.84411254969543
v3_sc0_staging_00,L3,4,8,pose_only,False,0,False,True,False,False,True,5.997665940288703,1.8384776310850235,0.28284271247461906,True,5.84411254969543
v3_sc0_staging_00,L3,4,8,separate,False,1,False,False,False,False,False,nan,nan,nan,False,5.84411254969543
v3_sc0_staging_00,L3,4,8,joint,False,1,False,False,False,False,False,nan,nan,nan,False,5.84411254969543
v3_sc0_staging_00,L3,4,8,oracle,False,0,False,True,False,False,True,5.84411254969543,1.7677669529663689,0.20615528128088303,True,5.84411254969543
v3_sc0_staging_00,L3,4,9,uncalibrated,False,0,True,True,False,False,True,6.129898987322333,2.4545875417267156,0.2,True,6.005634918610404
v3_sc0_staging_00,L3,4,9,label_cell,False,0,True,False,False,False,False,nan,nan,nan,False,6.005634918610404
v3_sc0_staging_00,L3,4,9,geometry,False,0,False,False,False,False,False,nan,nan,nan,False,6.005634918610404
v3_sc0_staging_00,L3,4,9,label_only,False,1,False,False,False,False,False,nan,nan,nan,False,6.005634918610404
v3_sc0_staging_00,L3,4,9,pose_only,False,0,False,True,False,False,True,6.129898987322333,2.4545875417267156,0.2,True,6.005634918610404
v3_sc0_staging_00,L3,4,9,separate,False,1,False,False,False,False,False,nan,nan,nan,False,6.005634918610404
v3_sc0_staging_00,L3,4,9,joint,False,1,False,False,False,False,False,nan,nan,nan,False,6.005634918610404
v3_sc0_staging_00,L3,4,9,oracle,False,0,False,True,False,False,True,6.005634918610404,2.3021728866442674,0.20615528128088303,True,6.005634918610404
v3_sc0_staging_00,L3,4,10,uncalibrated,False,0,True,True,False,False,True,6.819848480983501,1.0111874208078342,0.18027756377319948,True,6.902691193458121
v3_sc0_staging_00,L3,4,10,label_cell,False,0,True,False,False,False,False,nan,nan,nan,False,6.902691193458121
v3_sc0_staging_00,L3,4,10,geometry,False,0,False,False,False,False,False,nan,nan,nan,False,6.902691193458121
v3_sc0_staging_00,L3,4,10,label_only,False,1,False,False,False,False,False,nan,nan,nan,False,6.902691193458121
v3_sc0_staging_00,L3,4,10,pose_only,False,0,False,True,False,False,True,6.819848480983501,1.0111874208078342,0.18027756377319948,True,6.902691193458121
v3_sc0_staging_00,L3,4,10,separate,False,1,False,False,False,False,False,nan,nan,nan,False,6.902691193458121
v3_sc0_staging_00,L3,4,10,joint,False,1,False,False,False,False,False,nan,nan,nan,False,6.902691193458121
v3_sc0_staging_00,L3,4,10,oracle,False,0,False,True,False,False,True,6.902691193458121,0.8860022573334675,0.20615528128088303,True,6.902691193458121
v3_sc0_staging_00,L3,4,11,uncalibrated,False,0,True,True,False,False,True,4.1020815280171306,0.65,0.4,True,4.1020815280171306
v3_sc0_staging_00,L3,4,11,label_cell,False,0,True,False,False,False,False,nan,nan,nan,False,4.1020815280171306
v3_sc0_staging_00,L3,4,11,geometry,False,0,False,False,False,False,False,nan,nan,nan,False,4.1020815280171306
v3_sc0_staging_00,L3,4,11,label_only,False,1,False,False,False,False,False,nan,nan,nan,False,4.1020815280171306
v3_sc0_staging_00,L3,4,11,pose_only,False,0,False,True,False,False,True,4.1020815280171306,0.8,0.4,True,4.1020815280171306
v3_sc0_staging_00,L3,4,11,separate,False,1,False,False,False,False,False,nan,nan,nan,False,4.1020815280171306
v3_sc0_staging_00,L3,4,11,joint,False,1,False,False,False,False,False,nan,nan,nan,False,4.1020815280171306
v3_sc0_staging_00,L3,4,11,oracle,False,0,False,True,False,False,True,4.1020815280171306,0.65,0.4,True,4.1020815280171306
v3_sc0_staging_00,L3,4,12,uncalibrated,False,0,True,True,False,False,True,5.209797974644668,1.5556349186104046,0.28284271247461906,True,4.9683766184073574
v3_sc0_staging_00,L3,4,12,label_cell,False,0,True,False,False,False,False,nan,nan,nan,False,4.9683766184073574
v3_sc0_staging_00,L3,4,12,geometry,False,0,False,False,False,False,False,nan,nan,nan,False,4.9683766184073574
v3_sc0_staging_00,L3,4,12,label_only,False,1,False,False,False,False,False,nan,nan,nan,False,4.9683766184073574
v3_sc0_staging_00,L3,4,12,pose_only,False,0,False,True,False,False,True,5.209797974644668,1.5556349186104046,0.28284271247461906,True,4.9683766184073574
v3_sc0_staging_00,L3,4,12,separate,False,1,False,False,False,False,False,nan,nan,nan,False,4.9683766184073574
v3_sc0_staging_00,L3,4,12,joint,False,1,False,False,False,False,False,nan,nan,nan,False,4.9683766184073574
v3_sc0_staging_00,L3,4,12,oracle,False,0,False,True,False,False,True,4.9683766184073574,1.5556349186104046,0.20615528128088303,True,4.9683766184073574
v3_sc0_staging_00,L3,4,13,uncalibrated,False,0,True,False,False,False,False,nan,nan,nan,False,6.422792206135786
v3_sc0_staging_00,L3,4,13,label_cell,False,0,True,False,False,False,False,nan,nan,nan,False,6.422792206135786
v3_sc0_staging_00,L3,4,13,geometry,False,0,False,False,False,False,False,nan,nan,nan,False,6.422792206135786
v3_sc0_staging_00,L3,4,13,label_only,False,1,False,False,False,False,False,nan,nan,nan,False,6.422792206135786
v3_sc0_staging_00,L3,4,13,pose_only,False,0,False,False,False,False,False,nan,nan,nan,False,6.422792206135786
v3_sc0_staging_00,L3,4,13,separate,False,1,False,False,False,False,False,nan,nan,nan,False,6.422792206135786
v3_sc0_staging_00,L3,4,13,joint,False,1,False,False,False,False,False,nan,nan,nan,False,6.422792206135786
v3_sc0_staging_00,L3,4,13,oracle,False,0,False,True,False,False,True,6.422792206135786,2.209072203437452,0.20615528128088303,True,6.422792206135786
v3_sc0_staging_00,L3,4,14,uncalibrated,False,0,True,True,False,False,True,2.9363961030678927,2.3837994882120435,0.3905124837953327,True,2.9363961030678927
v3_sc0_staging_00,L3,4,14,label_cell,False,0,True,False,False,False,False,nan,nan,nan,False,2.9363961030678927
v3_sc0_staging_00,L3,4,14,geometry,False,0,False,False,False,False,False,nan,nan,nan,False,2.9363961030678927
v3_sc0_staging_00,L3,4,14,label_only,False,1,False,False,False,False,False,nan,nan,nan,False,2.9363961030678927
v3_sc0_staging_00,L3,4,14,pose_only,False,0,False,True,False,False,True,2.9363961030678927,2.3837994882120435,0.3905124837953327,True,2.9363961030678927
v3_sc0_staging_00,L3,4,14,separate,False,1,False,False,False,False,False,nan,nan,nan,False,2.9363961030678927
v3_sc0_staging_00,L3,4,14,joint,False,1,False,False,False,False,False,nan,nan,nan,False,2.9363961030678927
v3_sc0_staging_00,L3,4,14,oracle,False,0,False,True,False,False,True,2.9363961030678927,2.3837994882120435,0.3905124837953327,True,2.9363961030678927
v3_sc0_staging_00,L3,4,15,uncalibrated,False,0,True,True,False,False,True,3.607106781186548,2.6612966764342527,0.18027756377319948,True,3.627817459305202
v3_sc0_staging_00,L3,4,15,label_cell,False,0,True,False,False,False,False,nan,nan,nan,False,3.627817459305202
v3_sc0_staging_00,L3,4,15,geometry,False,0,False,False,False,False,False,nan,nan,nan,False,3.627817459305202
v3_sc0_staging_00,L3,4,15,label_only,False,1,False,False,False,False,False,nan,nan,nan,False,3.627817459305202
v3_sc0_staging_00,L3,4,15,pose_only,False,0,False,True,False,False,True,3.607106781186548,2.6612966764342527,0.18027756377319948,True,3.627817459305202
v3_sc0_staging_00,L3,4,15,separate,False,1,False,False,False,False,False,nan,nan,nan,False,3.627817459305202
v3_sc0_staging_00,L3,4,15,joint,False,1,False,False,False,False,False,nan,nan,nan,False,3.627817459305202
v3_sc0_staging_00,L3,4,15,oracle,False,0,False,True,False,False,True,3.627817459305202,2.6386549603917526,0.20615528128088303,True,3.627817459305202
v3_sc0_staging_00,L3,4,16,uncalibrated,False,0,True,True,False,False,True,4.255634918610404,1.5620499351813308,0.25,True,4.255634918610404
v3_sc0_staging_00,L3,4,16,label_cell,False,0,True,False,False,False,False,nan,nan,nan,False,4.255634918610404
v3_sc0_staging_00,L3,4,16,geometry,False,0,False,False,False,False,False,nan,nan,nan,False,4.255634918610404
v3_sc0_staging_00,L3,4,16,label_only,False,1,False,False,False,False,False,nan,nan,nan,False,4.255634918610404
v3_sc0_staging_00,L3,4,16,pose_only,False,0,False,True,False,False,True,4.255634918610404,1.5620499351813308,0.25,True,4.255634918610404
v3_sc0_staging_00,L3,4,16,separate,False,1,False,False,False,False,False,nan,nan,nan,False,4.255634918610404
v3_sc0_staging_00,L3,4,16,joint,False,1,False,False,False,False,False,nan,nan,nan,False,4.255634918610404
v3_sc0_staging_00,L3,4,16,oracle,False,0,False,True,False,False,True,4.255634918610404,1.5620499351813308,0.20615528128088303,True,4.255634918610404
v3_sc0_staging_00,L3,4,17,uncalibrated,False,0,True,True,False,False,True,4.479898987322333,2.150581316760657,0.2,True,4.421320343559643
v3_sc0_staging_00,L3,4,17,label_cell,False,0,True,False,False,False,False,nan,nan,nan,False,4.421320343559643
v3_sc0_staging_00,L3,4,17,geometry,False,0,False,False,False,False,False,nan,nan,nan,False,4.421320343559643
v3_sc0_staging_00,L3,4,17,label_only,False,1,False,False,False,False,False,nan,nan,nan,False,4.421320343559643
v3_sc0_staging_00,L3,4,17,pose_only,False,0,False,True,False,False,True,4.479898987322333,2.150581316760657,0.2,True,4.421320343559643
v3_sc0_staging_00,L3,4,17,separate,False,1,False,False,False,False,False,nan,nan,nan,False,4.421320343559643
v3_sc0_staging_00,L3,4,17,joint,False,1,False,False,False,False,False,nan,nan,nan,False,4.421320343559643
v3_sc0_staging_00,L3,4,17,oracle,False,0,False,True,False,False,True,4.421320343559643,2.150581316760657,0.20615528128088303,True,4.421320343559643
v3_sc0_staging_00,L3,4,18,uncalibrated,False,0,True,True,False,False,True,6.409797974644668,1.8821530224718712,0.18027756377319948,True,6.409797974644668
v3_sc0_staging_00,L3,4,18,label_cell,False,0,True,False,False,False,False,nan,nan,nan,False,6.409797974644668
v3_sc0_staging_00,L3,4,18,geometry,False,0,False,False,False,False,False,nan,nan,nan,False,6.409797974644668
v3_sc0_staging_00,L3,4,18,label_only,False,1,False,False,False,False,False,nan,nan,nan,False,6.409797974644668
v3_sc0_staging_00,L3,4,18,pose_only,False,0,False,True,False,False,True,6.409797974644668,1.8821530224718712,0.18027756377319948,True,6.409797974644668
v3_sc0_staging_00,L3,4,18,separate,False,1,False,False,False,False,False,nan,nan,nan,False,6.409797974644668
v3_sc0_staging_00,L3,4,18,joint,False,1,False,False,False,False,False,nan,nan,nan,False,6.409797974644668
v3_sc0_staging_00,L3,4,18,oracle,False,0,False,True,False,False,True,6.409797974644668,1.8821530224718712,0.20615528128088303,True,6.409797974644668
v3_sc0_staging_00,L3,4,19,uncalibrated,False,0,True,True,False,False,True,3.8991378028648445,2.121320343559643,0.35000000000000003,True,3.899137802864845
v3_sc0_staging_00,L3,4,19,label_cell,False,0,True,False,False,False,False,nan,nan,nan,False,3.899137802864845
v3_sc0_staging_00,L3,4,19,geometry,False,0,False,False,False,False,False,nan,nan,nan,False,3.899137802864845
v3_sc0_staging_00,L3,4,19,label_only,False,1,False,False,False,False,False,nan,nan,nan,False,3.899137802864845
v3_sc0_staging_00,L3,4,19,pose_only,False,0,False,True,False,False,True,3.8991378028648445,2.121320343559643,0.35000000000000003,True,3.899137802864845
v3_sc0_staging_00,L3,4,19,separate,False,1,False,False,False,False,False,nan,nan,nan,False,3.899137802864845
v3_sc0_staging_00,L3,4,19,joint,False,1,False,False,False,False,False,nan,nan,nan,False,3.899137802864845
v3_sc0_staging_00,L3,4,19,oracle,False,0,False,True,False,False,True,3.899137802864845,1.9780040444852482,0.25,True,3.899137802864845
