scene,level,seed,task,arm,abstained,classes_fell_back,planned,violation,collision,reached,length,success,oracle_length
v3_sc3_staging_08,L0,0,0,uncalibrated,False,0,True,True,False,True,9.453300858899107,False,9.511879502661799
v3_sc3_staging_08,L0,0,0,label_cell,False,0,True,False,False,True,9.599747468305834,True,9.511879502661799
v3_sc3_staging_08,L0,0,0,label_only,False,0,True,False,False,True,9.99619407771256,True,9.511879502661799
v3_sc3_staging_08,L0,0,0,pose_only,False,0,True,True,False,True,9.453300858899107,False,9.511879502661799
v3_sc3_staging_08,L0,0,0,separate,False,0,True,False,False,True,9.99619407771256,True,9.511879502661799
v3_sc3_staging_08,L0,0,0,joint,False,0,True,False,False,True,9.99619407771256,True,9.511879502661799
v3_sc3_staging_08,L0,0,0,oracle,False,0,True,False,False,True,9.511879502661799,True,9.511879502661799
v3_sc3_staging_08,L0,0,1,uncalibrated,False,0,True,True,False,True,8.035533905932738,False,8.035533905932738
v3_sc3_staging_08,L0,0,1,label_cell,False,0,False,False,False,False,nan,False,8.035533905932738
v3_sc3_staging_08,L0,0,1,label_only,False,0,True,False,False,True,8.301219330881976,True,8.035533905932738
v3_sc3_staging_08,L0,0,1,pose_only,False,0,True,True,False,True,8.035533905932738,False,8.035533905932738
v3_sc3_staging_08,L0,0,1,separate,False,0,True,False,False,True,8.301219330881976,True,8.035533905932738
v3_sc3_staging_08,L0,0,1,joint,False,0,True,False,False,True,8.301219330881976,True,8.035533905932738
v3_sc3_staging_08,L0,0,1,oracle,False,0,True,False,False,True,8.035533905932738,True,8.035533905932738
v3_sc3_staging_08,L0,0,2,uncalibrated,False,0,True,True,False,True,10.571930009000631,False,10.747665940288705
v3_sc3_staging_08,L0,0,2,label_cell,False,0,False,False,False,False,nan,False,10.747665940288705
v3_sc3_staging_08,L0,0,2,label_only,False,0,True,False,False,True,11.33553390593274,True,10.747665940288705
v3_sc3_staging_08,L0,0,2,pose_only,False,0,True,True,False,True,10.571930009000631,False,10.747665940288705
v3_sc3_staging_08,L0,0,2,separate,False,0,True,False,False,True,11.33553390593274,True,10.747665940288705
v3_sc3_staging_08,L0,0,2,joint,False,0,True,False,False,True,11.33553390593274,True,10.747665940288705
v3_sc3_staging_08,L0,0,2,oracle,False,0,True,False,False,True,10.747665940288705,True,10.747665940288705
v3_sc3_staging_08,L0,0,3,uncalibrated,False,0,True,True,False,True,8.657716446627536,False,8.862741699796954
v3_sc3_staging_08,L0,0,3,label_cell,False,0,True,False,False,True,8.904163056034262,True,8.862741699796954
v3_sc3_staging_08,L0,0,3,label_only,False,0,True,False,False,True,9.492031021678299,True,8.862741699796954
v3_sc3_staging_08,L0,0,3,pose_only,False,0,True,True,False,True,8.657716446627536,False,8.862741699796954
v3_sc3_staging_08,L0,0,3,separate,False,0,True,False,False,True,9.492031021678299,True,8.862741699796954
v3_sc3_staging_08,L0,0,3,joint,False,0,True,False,False,True,9.492031021678299,True,8.862741699796954
v3_sc3_staging_08,L0,0,3,oracle,False,0,True,False,False,True,8.862741699796954,True,8.862741699796954
v3_sc3_staging_08,L0,0,4,uncalibrated,False,0,True,True,False,True,10.6118795026618,False,10.611879502661797
v3_sc3_staging_08,L0,0,4,label_cell,False,0,True,False,False,True,10.641168824543144,True,10.611879502661797
v3_sc3_staging_08,L0,0,4,label_only,False,0,True,False,False,True,10.670458146424489,True,10.611879502661797
v3_sc3_staging_08,L0,0,4,pose_only,False,0,True,True,False,True,10.6118795026618,False,10.611879502661797
v3_sc3_staging_08,L0,0,4,separate,False,0,True,False,False,True,10.670458146424489,True,10.611879502661797
v3_sc3_staging_08,L0,0,4,joint,False,0,True,False,False,True,10.670458146424489,True,10.611879502661797
v3_sc3_staging_08,L0,0,4,oracle,False,0,True,False,False,True,10.611879502661797,True,10.611879502661797
v3_sc3_staging_08,L0,0,5,uncalibrated,False,0,True,True,False,True,8.964823227814083,False,9.169848480983498
v3_sc3_staging_08,L0,0,5,label_cell,False,0,False,False,False,False,nan,False,9.169848480983498
v3_sc3_staging_08,L0,0,5,label_only,False,0,True,False,False,True,9.550609665440987,True,9.169848480983498
v3_sc3_staging_08,L0,0,5,pose_only,False,0,True,True,False,True,8.964823227814083,False,9.169848480983498
v3_sc3_staging_08,L0,0,5,separate,False,0,True,False,False,True,9.550609665440987,True,9.169848480983498
v3_sc3_staging_08,L0,0,5,joint,False,0,True,False,False,True,9.550609665440987,True,9.169848480983498
v3_sc3_staging_08,L0,0,5,oracle,False,0,True,False,False,True,9.169848480983498,True,9.169848480983498
v3_sc3_staging_08,L0,0,6,uncalibrated,False,0,True,True,False,True,10.670458146424489,False,10.84619407771256
v3_sc3_staging_08,L0,0,6,label_cell,False,0,False,False,False,False,nan,False,10.84619407771256
v3_sc3_staging_08,L0,0,6,label_only,False,0,True,False,False,True,11.226955262170048,True,10.84619407771256
v3_sc3_staging_08,L0,0,6,pose_only,False,0,True,True,False,True,10.670458146424489,False,10.84619407771256
v3_sc3_staging_08,L0,0,6,separate,False,0,True,False,False,True,11.226955262170048,True,10.84619407771256
v3_sc3_staging_08,L0,0,6,joint,False,0,True,False,False,True,11.226955262170048,True,10.84619407771256
v3_sc3_staging_08,L0,0,6,oracle,False,0,True,False,False,True,10.84619407771256,True,10.84619407771256
v3_sc3_staging_08,L0,0,7,uncalibrated,False,0,True,False,False,True,6.571320343559645,True,6.571320343559643
v3_sc3_staging_08,L0,0,7,label_cell,False,0,False,False,False,False,nan,False,6.571320343559643
v3_sc3_staging_08,L0,0,7,label_only,False,0,True,False,False,True,6.837005768508881,True,6.571320343559643
v3_sc3_staging_08,L0,0,7,pose_only,False,0,True,False,False,True,6.571320343559645,True,6.571320343559643
v3_sc3_staging_08,L0,0,7,separate,False,0,True,False,False,True,6.837005768508881,True,6.571320343559643
v3_sc3_staging_08,L0,0,7,joint,False,0,True,False,False,True,6.837005768508881,True,6.571320343559643
v3_sc3_staging_08,L0,0,7,oracle,False,0,True,False,False,True,6.571320343559643,True,6.571320343559643
v3_sc3_staging_08,L0,0,8,uncalibrated,False,0,True,True,False,True,6.418376618407358,False,6.418376618407358
v3_sc3_staging_08,L0,0,8,label_cell,False,0,True,False,False,True,6.418376618407358,True,6.418376618407358
v3_sc3_staging_08,L0,0,8,label_only,False,0,True,False,False,True,6.735533905932738,True,6.418376618407358
v3_sc3_staging_08,L0,0,8,pose_only,False,0,True,True,False,True,6.418376618407358,False,6.418376618407358
v3_sc3_staging_08,L0,0,8,separate,False,0,True,False,False,True,6.735533905932738,True,6.418376618407358
v3_sc3_staging_08,L0,0,8,joint,False,0,True,False,False,True,6.735533905932738,True,6.418376618407358
v3_sc3_staging_08,L0,0,8,oracle,False,0,True,False,False,True,6.418376618407358,True,6.418376618407358
v3_sc3_staging_08,L0,0,9,uncalibrated,False,0,True,False,False,True,6.530508652763324,True,6.530508652763324
v3_sc3_staging_08,L0,0,9,label_cell,False,0,True,False,False,True,6.530508652763324,True,6.530508652763324
v3_sc3_staging_08,L0,0,9,label_only,False,0,True,False,False,True,6.676955262170049,True,6.530508652763324
v3_sc3_staging_08,L0,0,9,pose_only,False,0,True,False,False,True,6.530508652763324,True,6.530508652763324
v3_sc3_staging_08,L0,0,9,separate,False,0,True,False,False,True,6.676955262170049,True,6.530508652763324
v3_sc3_staging_08,L0,0,9,joint,False,0,True,False,False,True,6.676955262170049,True,6.530508652763324
v3_sc3_staging_08,L0,0,9,oracle,False,0,True,False,False,True,6.530508652763324,True,6.530508652763324
v3_sc3_staging_08,L0,0,10,uncalibrated,False,0,True,True,False,True,10.232590180780452,False,10.291168824543144
v3_sc3_staging_08,L0,0,10,label_cell,False,0,False,False,False,False,nan,False,10.291168824543144
v3_sc3_staging_08,L0,0,10,label_only,False,0,True,False,False,True,11.127564927611038,True,10.291168824543144
v3_sc3_staging_08,L0,0,10,pose_only,False,0,True,True,False,True,10.232590180780452,False,10.291168824543144
v3_sc3_staging_08,L0,0,10,separate,False,0,True,False,False,True,11.127564927611038,True,10.291168824543144
v3_sc3_staging_08,L0,0,10,joint,False,0,True,False,False,True,11.127564927611038,True,10.291168824543144
v3_sc3_staging_08,L0,0,10,oracle,False,0,True,False,False,True,10.291168824543144,True,10.291168824543144
v3_sc3_staging_08,L0,0,11,uncalibrated,False,0,True,True,False,True,11.436143571373727,False,11.436143571373727
v3_sc3_staging_08,L0,0,11,label_cell,False,0,True,False,False,True,11.436143571373727,True,11.436143571373727
v3_sc3_staging_08,L0,0,11,label_only,False,0,True,False,False,True,11.494722215136418,True,11.436143571373727
v3_sc3_staging_08,L0,0,11,pose_only,False,0,True,True,False,True,11.436143571373727,False,11.436143571373727
v3_sc3_staging_08,L0,0,11,separate,False,0,True,False,False,True,11.494722215136418,True,11.436143571373727
v3_sc3_staging_08,L0,0,11,joint,False,0,True,False,False,True,11.494722215136418,True,11.436143571373727
v3_sc3_staging_08,L0,0,11,oracle,False,0,True,False,False,True,11.436143571373727,True,11.436143571373727
v3_sc3_staging_08,L0,0,12,uncalibrated,False,0,True,True,False,True,7.004772721475253,False,7.121930009000636
v3_sc3_staging_08,L0,0,12,label_cell,False,0,False,False,False,False,nan,False,7.121930009000636
v3_sc3_staging_08,L0,0,12,label_only,False,0,True,False,False,True,7.875483399593904,True,7.121930009000636
v3_sc3_staging_08,L0,0,12,pose_only,False,0,True,True,False,True,7.004772721475253,False,7.121930009000636
v3_sc3_staging_08,L0,0,12,separate,False,0,True,False,False,True,7.875483399593904,True,7.121930009000636
v3_sc3_staging_08,L0,0,12,joint,False,0,True,False,False,True,7.875483399593904,True,7.121930009000636
v3_sc3_staging_08,L0,0,12,oracle,False,0,True,False,False,True,7.121930009000636,True,7.121930009000636
v3_sc3_staging_08,L0,0,13,uncalibrated,False,0,True,True,False,True,8.867514421272203,False,8.867514421272203
v3_sc3_staging_08,L0,0,13,label_cell,False,0,False,False,False,False,nan,False,8.867514421272203
v3_sc3_staging_08,L0,0,13,label_only,False,0,True,False,False,True,9.24827560572969,True,8.867514421272203
v3_sc3_staging_08,L0,0,13,pose_only,False,0,True,True,False,True,8.867514421272203,False,8.867514421272203
v3_sc3_staging_08,L0,0,13,separate,False,0,True,False,False,True,9.24827560572969,True,8.867514421272203
v3_sc3_staging_08,L0,0,13,joint,False,0,True,False,False,True,9.24827560572969,True,8.867514421272203
v3_sc3_staging_08,L0,0,13,oracle,False,0,True,False,False,True,8.867514421272203,True,8.867514421272203
v3_sc3_staging_08,L0,0,14,uncalibrated,False,0,True,True,False,True,7.7533008588991095,False,7.753300858899111
v3_sc3_staging_08,L0,0,14,label_cell,False,0,True,False,False,True,8.011879502661797,True,7.753300858899111
v3_sc3_staging_08,L0,0,14,label_only,False,0,True,False,False,True,7.811879502661802,True,7.753300858899111
v3_sc3_staging_08,L0,0,14,pose_only,False,0,True,True,False,True,7.7533008588991095,False,7.753300858899111
v3_sc3_staging_08,L0,0,14,separate,False,0,True,False,False,True,7.811879502661802,True,7.753300858899111
v3_sc3_staging_08,L0,0,14,joint,False,0,True,False,False,True,7.811879502661802,True,7.753300858899111
v3_sc3_staging_08,L0,0,14,oracle,False,0,True,False,False,True,7.753300858899111,True,7.753300858899111
v3_sc3_staging_08,L0,0,15,uncalibrated,False,0,True,True,False,True,6.835533905932741,False,6.835533905932741
v3_sc3_staging_08,L0,0,15,label_cell,False,0,False,False,False,False,nan,False,6.835533905932741
v3_sc3_staging_08,L0,0,15,label_only,False,0,True,False,False,True,7.184062043356597,True,6.835533905932741
v3_sc3_staging_08,L0,0,15,pose_only,False,0,True,True,False,True,6.835533905932741,False,6.835533905932741
v3_sc3_staging_08,L0,0,15,separate,False,0,True,False,False,True,7.184062043356597,True,6.835533905932741
v3_sc3_staging_08,L0,0,15,joint,False,0,True,False,False,True,7.184062043356597,True,6.835533905932741
v3_sc3_staging_08,L0,0,15,oracle,False,0,True,False,False,True,6.835533905932741,True,6.835533905932741
v3_sc3_staging_08,L0,0,16,uncalibrated,False,0,True,True,False,True,7.313351365237941,False,7.489087296526015
v3_sc3_staging_08,L0,0,16,label_cell,False,0,True,False,False,True,7.701219330881976,True,7.489087296526015
v3_sc3_staging_08,L0,0,16,label_only,False,0,True,False,False,True,7.994112549695429,True,7.489087296526015
v3_sc3_staging_08,L0,0,16,pose_only,False,0,True,True,False,True,7.313351365237941,False,7.489087296526015
v3_sc3_staging_08,L0,0,16,separate,False,0,True,False,False,True,7.994112549695429,True,7.489087296526015
v3_sc3_staging_08,L0,0,16,joint,False,0,True,False,False,True,7.994112549695429,True,7.489087296526015
v3_sc3_staging_08,L0,0,16,oracle,False,0,True,False,False,True,7.489087296526015,True,7.489087296526015
v3_sc3_staging_08,L0,0,17,uncalibrated,False,0,True,True,False,True,7.57756492761104,False,7.724011537017765
v3_sc3_staging_08,L0,0,17,label_cell,False,0,True,False,False,True,7.811879502661802,True,7.724011537017765
v3_sc3_staging_08,L0,0,17,label_only,False,0,True,False,False,True,8.311879502661798,True,7.724011537017765
v3_sc3_staging_08,L0,0,17,pose_only,False,0,True,True,False,True,7.57756492761104,False,7.724011537017765
v3_sc3_staging_08,L0,0,17,separate,False,0,True,False,False,True,8.311879502661798,True,7.724011537017765
v3_sc3_staging_08,L0,0,17,joint,False,0,True,False,False,True,8.311879502661798,True,7.724011537017765
v3_sc3_staging_08,L0,0,17,oracle,False,0,True,False,False,True,7.724011537017765,True,7.724011537017765
v3_sc3_staging_08,L0,0,18,uncalibrated,False,0,True,True,False,True,8.008935777509512,False,8.03822509939086
v3_sc3_staging_08,L0,0,18,label_cell,False,0,False,False,False,False,nan,False,8.03822509939086
v3_sc3_staging_08,L0,0,18,label_only,False,0,True,False,False,True,8.48111831820431,True,8.03822509939086
v3_sc3_staging_08,L0,0,18,pose_only,False,0,True,True,False,True,8.008935777509512,False,8.03822509939086
v3_sc3_staging_08,L0,0,18,separate,False,0,True,False,False,True,8.48111831820431,True,8.03822509939086
v3_sc3_staging_08,L0,0,18,joint,False,0,True,False,False,True,8.48111831820431,True,8.03822509939086
v3_sc3_staging_08,L0,0,18,oracle,False,0,True,False,False,True,8.03822509939086,True,8.03822509939086
v3_sc3_staging_08,L0,0,19,uncalibrated,False,0,True,True,False,True,9.541168824543144,False,9.541168824543144
v3_sc3_staging_08,L0,0,19,label_cell,False,0,False,False,False,False,nan,False,9.541168824543144
v3_sc3_staging_08,L0,0,19,label_only,False,0,True,False,False,True,9.62045814642449,True,9.541168824543144
v3_sc3_staging_08,L0,0,19,pose_only,False,0,True,True,False,True,9.541168824543144,False,9.541168824543144
v3_sc3_staging_08,L0,0,19,separate,False,0,True,False,False,True,9.62045814642449,True,9.541168824543144
v3_sc3_staging_08,L0,0,19,joint,False,0,True,False,False,True,9.62045814642449,True,9.541168824543144
v3_sc3_staging_08,L0,0,19,oracle,False,0,True,False,False,True,9.541168824543144,True,9.541168824543144
v3_sc3_staging_08,L1,0,0,uncalibrated,False,0,True,True,False,True,9.453300858899107,False,9.511879502661799
v3_sc3_staging_08,L1,0,0,label_cell,False,0,True,False,False,True,9.599747468305834,True,9.511879502661799
v3_sc3_staging_08,L1,0,0,label_only,False,0,True,False,False,True,9.99619407771256,True,9.511879502661799
v3_sc3_staging_08,L1,0,0,pose_only,False,0,True,True,False,True,9.453300858899107,False,9.511879502661799
v3_sc3_staging_08,L1,0,0,separate,False,0,True,False,False,True,10.046194077712562,True,9.511879502661799
v3_sc3_staging_08,L1,0,0,joint,False,0,True,False,False,True,9.99619407771256,True,9.511879502661799
v3_sc3_staging_08,L1,0,0,oracle,False,0,True,False,False,True,9.511879502661799,True,9.511879502661799
v3_sc3_staging_08,L1,0,1,uncalibrated,False,0,True,True,False,True,8.035533905932738,False,8.035533905932738
v3_sc3_staging_08,L1,0,1,label_cell,False,0,False,False,False,False,nan,False,8.035533905932738
v3_sc3_staging_08,L1,0,1,label_only,False,0,True,False,False,True,8.301219330881976,True,8.035533905932738
v3_sc3_staging_08,L1,0,1,pose_only,False,0,True,True,False,True,8.035533905932738,False,8.035533905932738
v3_sc3_staging_08,L1,0,1,separate,False,0,True,False,False,True,8.37193000900063,True,8.035533905932738
v3_sc3_staging_08,L1,0,1,joint,False,0,True,False,False,True,8.301219330881976,True,8.035533905932738
v3_sc3_staging_08,L1,0,1,oracle,False,0,True,False,False,True,8.035533905932738,True,8.035533905932738
v3_sc3_staging_08,L1,0,2,uncalibrated,False,0,True,True,False,True,10.571930009000633,False,10.747665940288705
v3_sc3_staging_08,L1,0,2,label_cell,False,0,False,False,False,False,nan,False,10.747665940288705
v3_sc3_staging_08,L1,0,2,label_only,False,0,True,False,False,True,11.335533905932738,True,10.747665940288705
v3_sc3_staging_08,L1,0,2,pose_only,False,0,True,True,False,True,10.571930009000633,False,10.747665940288705
v3_sc3_staging_08,L1,0,2,separate,False,0,True,False,False,True,11.406244584051395,True,10.747665940288705
v3_sc3_staging_08,L1,0,2,joint,False,0,True,False,False,True,11.335533905932738,True,10.747665940288705
v3_sc3_staging_08,L1,0,2,oracle,False,0,True,False,False,True,10.747665940288705,True,10.747665940288705
v3_sc3_staging_08,L1,0,3,uncalibrated,False,0,True,True,False,True,8.574873734152916,False,8.809188309203677
v3_sc3_staging_08,L1,0,3,label_cell,False,0,True,False,False,True,8.904163056034262,True,8.809188309203677
v3_sc3_staging_08,L1,0,3,label_only,False,0,True,False,False,True,9.492031021678299,True,8.809188309203677
v3_sc3_staging_08,L1,0,3,pose_only,False,0,True,True,False,True,8.604163056034261,False,8.809188309203677
v3_sc3_staging_08,L1,0,3,separate,False,0,True,False,False,True,9.562741699796954,True,8.809188309203677
v3_sc3_staging_08,L1,0,3,joint,False,0,True,False,False,True,9.492031021678299,True,8.809188309203677
v3_sc3_staging_08,L1,0,3,oracle,False,0,True,False,False,True,8.809188309203677,True,8.809188309203677
v3_sc3_staging_08,L1,0,4,uncalibrated,False,0,True,True,False,True,10.6118795026618,False,10.611879502661797
v3_sc3_staging_08,L1,0,4,label_cell,False,0,True,False,False,True,10.641168824543144,True,10.611879502661797
v3_sc3_staging_08,L1,0,4,label_only,False,0,True,False,False,True,10.670458146424489,True,10.611879502661797
v3_sc3_staging_08,L1,0,4,pose_only,False,0,True,True,False,True,10.6118795026618,False,10.611879502661797
v3_sc3_staging_08,L1,0,4,separate,False,0,True,False,False,True,10.699747468305834,True,10.611879502661797
v3_sc3_staging_08,L1,0,4,joint,False,0,True,False,False,True,10.670458146424489,True,10.611879502661797
v3_sc3_staging_08,L1,0,4,oracle,False,0,True,False,False,True,10.611879502661797,True,10.611879502661797
v3_sc3_staging_08,L1,0,5,uncalibrated,False,0,True,True,False,True,8.964823227814083,False,9.169848480983498
v3_sc3_staging_08,L1,0,5,label_cell,False,0,False,False,False,False,nan,False,9.169848480983498
v3_sc3_staging_08,L1,0,5,label_only,False,0,True,False,False,True,9.550609665440987,True,9.169848480983498
v3_sc3_staging_08,L1,0,5,pose_only,False,0,True,True,False,True,8.994112549695428,False,9.169848480983498
v3_sc3_staging_08,L1,0,5,separate,False,0,True,False,False,True,9.579898987322332,True,9.169848480983498
v3_sc3_staging_08,L1,0,5,joint,False,0,True,False,False,True,9.550609665440987,True,9.169848480983498
v3_sc3_staging_08,L1,0,5,oracle,False,0,True,False,False,True,9.169848480983498,True,9.169848480983498
v3_sc3_staging_08,L1,0,6,uncalibrated,False,0,True,True,False,True,10.670458146424489,False,10.84619407771256
v3_sc3_staging_08,L1,0,6,label_cell,False,0,False,False,False,False,nan,False,10.84619407771256
v3_sc3_staging_08,L1,0,6,label_only,False,0,True,False,False,True,11.226955262170048,True,10.84619407771256
v3_sc3_staging_08,L1,0,6,pose_only,False,0,True,True,False,True,10.670458146424489,False,10.84619407771256
v3_sc3_staging_08,L1,0,6,separate,False,0,True,False,False,True,11.256244584051394,True,10.84619407771256
v3_sc3_staging_08,L1,0,6,joint,False,0,True,False,False,True,11.226955262170048,True,10.84619407771256
v3_sc3_staging_08,L1,0,6,oracle,False,0,True,False,False,True,10.84619407771256,True,10.84619407771256
v3_sc3_staging_08,L1,0,7,uncalibrated,False,0,True,False,False,True,6.571320343559645,True,6.571320343559643
v3_sc3_staging_08,L1,0,7,label_cell,False,0,False,False,False,False,nan,False,6.571320343559643
v3_sc3_staging_08,L1,0,7,label_only,False,0,True,False,False,True,6.837005768508881,True,6.571320343559643
v3_sc3_staging_08,L1,0,7,pose_only,False,0,True,False,False,True,6.571320343559645,True,6.571320343559643
v3_sc3_staging_08,L1,0,7,separate,False,0,True,False,False,True,6.9077164466275365,True,6.571320343559643
v3_sc3_staging_08,L1,0,7,joint,False,0,True,False,False,True,6.837005768508881,True,6.571320343559643
v3_sc3_staging_08,L1,0,7,oracle,False,0,True,False,False,True,6.571320343559643,True,6.571320343559643
v3_sc3_staging_08,L1,0,8,uncalibrated,False,0,True,True,False,True,6.418376618407358,False,6.418376618407358
v3_sc3_staging_08,L1,0,8,label_cell,False,0,True,False,False,True,6.418376618407358,True,6.418376618407358
v3_sc3_staging_08,L1,0,8,label_only,False,0,True,False,False,True,6.735533905932738,True,6.418376618407358
v3_sc3_staging_08,L1,0,8,pose_only,False,0,True,True,False,True,6.418376618407358,False,6.418376618407358
v3_sc3_staging_08,L1,0,8,separate,False,0,True,False,False,True,6.785533905932738,True,6.418376618407358
v3_sc3_staging_08,L1,0,8,joint,False,0,True,False,False,True,6.735533905932738,True,6.418376618407358
v3_sc3_staging_08,L1,0,8,oracle,False,0,True,False,False,True,6.418376618407358,True,6.418376618407358
v3_sc3_staging_08,L1,0,9,uncalibrated,False,0,True,False,False,True,6.530508652763324,True,6.530508652763324
v3_sc3_staging_08,L1,0,9,label_cell,False,0,True,False,False,True,6.530508652763323,True,6.530508652763324
v3_sc3_staging_08,L1,0,9,label_only,False,0,True,False,False,True,6.676955262170049,True,6.530508652763324
v3_sc3_staging_08,L1,0,9,pose_only,False,0,True,False,False,True,6.530508652763324,True,6.530508652763324
v3_sc3_staging_08,L1,0,9,separate,False,0,True,False,False,True,6.7062445840513965,True,6.530508652763324
v3_sc3_staging_08,L1,0,9,joint,False,0,True,False,False,True,6.676955262170049,True,6.530508652763324
v3_sc3_staging_08,L1,0,9,oracle,False,0,True,False,False,True,6.530508652763324,True,6.530508652763324
v3_sc3_staging_08,L1,0,10,uncalibrated,False,0,True,True,False,True,10.232590180780452,False,10.291168824543144
v3_sc3_staging_08,L1,0,10,label_cell,False,0,False,False,False,False,nan,False,10.291168824543144
v3_sc3_staging_08,L1,0,10,label_only,False,0,True,False,False,True,11.127564927611038,True,10.291168824543144
v3_sc3_staging_08,L1,0,10,pose_only,False,0,True,True,False,True,10.232590180780452,False,10.291168824543144
v3_sc3_staging_08,L1,0,10,separate,False,0,True,False,False,True,11.198275605729693,True,10.291168824543144
v3_sc3_staging_08,L1,0,10,joint,False,0,True,False,False,True,11.127564927611038,True,10.291168824543144
v3_sc3_staging_08,L1,0,10,oracle,False,0,True,False,False,True,10.291168824543144,True,10.291168824543144
v3_sc3_staging_08,L1,0,11,uncalibrated,False,0,True,True,False,True,11.436143571373727,False,11.436143571373727
v3_sc3_staging_08,L1,0,11,label_cell,False,0,True,False,False,True,11.436143571373727,True,11.436143571373727
v3_sc3_staging_08,L1,0,11,label_only,False,0,True,False,False,True,11.494722215136418,True,11.436143571373727
v3_sc3_staging_08,L1,0,11,pose_only,False,0,True,True,False,True,11.436143571373727,False,11.436143571373727
v3_sc3_staging_08,L1,0,11,separate,False,0,True,False,False,True,11.544722215136417,True,11.436143571373727
v3_sc3_staging_08,L1,0,11,joint,False,0,True,False,False,True,11.494722215136418,True,11.436143571373727
v3_sc3_staging_08,L1,0,11,oracle,False,0,True,False,False,True,11.436143571373727,True,11.436143571373727
v3_sc3_staging_08,L1,0,12,uncalibrated,False,0,True,True,False,True,7.004772721475253,False,7.121930009000636
v3_sc3_staging_08,L1,0,12,label_cell,False,0,False,False,False,False,nan,False,7.121930009000636
v3_sc3_staging_08,L1,0,12,label_only,False,0,True,False,False,True,7.875483399593904,True,7.121930009000636
v3_sc3_staging_08,L1,0,12,pose_only,False,0,True,True,False,True,7.004772721475253,False,7.121930009000636
v3_sc3_staging_08,L1,0,12,separate,False,0,True,False,False,True,7.946194077712559,True,7.121930009000636
v3_sc3_staging_08,L1,0,12,joint,False,0,True,False,False,True,7.875483399593904,True,7.121930009000636
v3_sc3_staging_08,L1,0,12,oracle,False,0,True,False,False,True,7.121930009000636,True,7.121930009000636
v3_sc3_staging_08,L1,0,13,uncalibrated,False,0,True,True,False,True,8.867514421272203,False,8.867514421272203
v3_sc3_staging_08,L1,0,13,label_cell,False,0,False,False,False,False,nan,False,8.867514421272203
v3_sc3_staging_08,L1,0,13,label_only,False,0,True,False,False,True,9.24827560572969,True,8.867514421272203
v3_sc3_staging_08,L1,0,13,pose_only,False,0,True,True,False,True,8.867514421272203,False,8.867514421272203
v3_sc3_staging_08,L1,0,13,separate,False,0,True,False,False,True,9.277564927611037,True,8.867514421272203
v3_sc3_staging_08,L1,0,13,joint,False,0,True,False,False,True,9.24827560572969,True,8.867514421272203
v3_sc3_staging_08,L1,0,13,oracle,False,0,True,False,False,True,8.867514421272203,True,8.867514421272203
v3_sc3_staging_08,L1,0,14,uncalibrated,False,0,True,True,False,True,7.7533008588991095,False,7.753300858899111
v3_sc3_staging_08,L1,0,14,label_cell,False,0,True,False,False,True,8.011879502661797,True,7.753300858899111
v3_sc3_staging_08,L1,0,14,label_only,False,0,True,False,False,True,7.811879502661802,True,7.753300858899111
v3_sc3_staging_08,L1,0,14,pose_only,False,0,True,True,False,True,7.7533008588991095,False,7.753300858899111
v3_sc3_staging_08,L1,0,14,separate,False,0,True,False,False,True,7.841168824543146,True,7.753300858899111
v3_sc3_staging_08,L1,0,14,joint,False,0,True,False,False,True,7.811879502661802,True,7.753300858899111
v3_sc3_staging_08,L1,0,14,oracle,False,0,True,False,False,True,7.753300858899111,True,7.753300858899111
v3_sc3_staging_08,L1,0,15,uncalibrated,False,0,True,True,False,True,6.835533905932741,False,6.835533905932741
v3_sc3_staging_08,L1,0,15,label_cell,False,0,False,False,False,False,nan,False,6.835533905932741
v3_sc3_staging_08,L1,0,15,label_only,False,0,True,False,False,True,7.184062043356597,True,6.835533905932741
v3_sc3_staging_08,L1,0,15,pose_only,False,0,True,True,False,True,6.835533905932741,False,6.835533905932741
v3_sc3_staging_08,L1,0,15,separate,False,0,True,False,False,True,7.254772721475255,True,6.835533905932741
v3_sc3_staging_08,L1,0,15,joint,False,0,True,False,False,True,7.184062043356597,True,6.835533905932741
v3_sc3_staging_08,L1,0,15,oracle,False,0,True,False,False,True,6.835533905932741,True,6.835533905932741
v3_sc3_staging_08,L1,0,16,uncalibrated,False,0,True,True,False,True,7.313351365237941,False,7.489087296526015
v3_sc3_staging_08,L1,0,16,label_cell,False,0,True,False,False,True,7.701219330881976,True,7.489087296526015
v3_sc3_staging_08,L1,0,16,label_only,False,0,True,False,False,True,7.994112549695429,True,7.489087296526015
v3_sc3_staging_08,L1,0,16,pose_only,False,0,True,True,False,True,7.313351365237941,False,7.489087296526015
v3_sc3_staging_08,L1,0,16,separate,False,0,True,False,False,True,8.064823227814083,True,7.489087296526015
v3_sc3_staging_08,L1,0,16,joint,False,0,True,False,False,True,7.994112549695429,True,7.489087296526015
v3_sc3_staging_08,L1,0,16,oracle,False,0,True,False,False,True,7.489087296526015,True,7.489087296526015
v3_sc3_staging_08,L1,0,17,uncalibrated,False,0,True,True,False,True,7.57756492761104,False,7.724011537017765
v3_sc3_staging_08,L1,0,17,label_cell,False,0,True,False,False,True,7.811879502661802,True,7.724011537017765
v3_sc3_staging_08,L1,0,17,label_only,False,0,True,False,False,True,8.311879502661798,True,7.724011537017765
v3_sc3_staging_08,L1,0,17,pose_only,False,0,True,True,False,True,7.57756492761104,False,7.724011537017765
v3_sc3_staging_08,L1,0,17,separate,False,0,True,False,False,True,8.382590180780452,True,7.724011537017765
v3_sc3_staging_08,L1,0,17,joint,False,0,True,False,False,True,8.311879502661798,True,7.724011537017765
v3_sc3_staging_08,L1,0,17,oracle,False,0,True,False,False,True,7.724011537017765,True,7.724011537017765
v3_sc3_staging_08,L1,0,18,uncalibrated,False,0,True,True,False,True,8.008935777509512,False,8.03822509939086
v3_sc3_staging_08,L1,0,18,label_cell,False,0,False,False,False,False,nan,False,8.03822509939086
v3_sc3_staging_08,L1,0,18,label_only,False,0,True,False,False,True,8.48111831820431,True,8.03822509939086
v3_sc3_staging_08,L1,0,18,pose_only,False,0,True,True,False,True,8.008935777509514,False,8.03822509939086
v3_sc3_staging_08,L1,0,18,separate,False,0,True,False,False,True,8.53111831820431,True,8.03822509939086
v3_sc3_staging_08,L1,0,18,joint,False,0,True,False,False,True,8.48111831820431,True,8.03822509939086
v3_sc3_staging_08,L1,0,18,oracle,False,0,True,False,False,True,8.03822509939086,True,8.03822509939086
v3_sc3_staging_08,L1,0,19,uncalibrated,False,0,True,True,False,True,9.541168824543144,False,9.541168824543144
v3_sc3_staging_08,L1,0,19,label_cell,False,0,False,False,False,False,nan,False,9.541168824543144
v3_sc3_staging_08,L1,0,19,label_only,False,0,True,False,False,True,9.62045814642449,True,9.541168824543144
v3_sc3_staging_08,L1,0,19,pose_only,False,0,True,True,False,True,9.541168824543144,False,9.541168824543144
v3_sc3_staging_08,L1,0,19,separate,False,0,True,False,False,True,9.670458146424489,True,9.541168824543144
v3_sc3_staging_08,L1,0,19,joint,False,0,True,False,False,True,9.62045814642449,True,9.541168824543144
v3_sc3_staging_08,L1,0,19,oracle,False,0,True,False,False,True,9.541168824543144,True,9.541168824543144
v3_sc3_staging_08,L1,1,0,uncalibrated,False,0,True,True,False,True,9.453300858899107,False,9.511879502661799
v3_sc3_staging_08,L1,1,0,label_cell,False,0,True,False,False,True,9.599747468305834,True,9.511879502661799
v3_sc3_staging_08,L1,1,0,label_only,False,0,True,False,False,True,9.99619407771256,True,9.511879502661799
v3_sc3_staging_08,L1,1,0,pose_only,False,0,True,True,False,True,9.453300858899107,False,9.511879502661799
v3_sc3_staging_08,L1,1,0,separate,False,0,True,False,False,True,10.046194077712562,True,9.511879502661799
v3_sc3_staging_08,L1,1,0,joint,False,0,True,False,False,True,9.99619407771256,True,9.511879502661799
v3_sc3_staging_08,L1,1,0,oracle,False,0,True,False,False,True,9.511879502661799,True,9.511879502661799
v3_sc3_staging_08,L1,1,1,uncalibrated,False,0,True,True,False,True,8.035533905932738,False,8.035533905932738
v3_sc3_staging_08,L1,1,1,label_cell,False,0,False,False,False,False,nan,False,8.035533905932738
v3_sc3_staging_08,L1,1,1,label_only,False,0,True,False,False,True,8.301219330881976,True,8.035533905932738
v3_sc3_staging_08,L1,1,1,pose_only,False,0,True,True,False,True,8.035533905932738,False,8.035533905932738
v3_sc3_staging_08,L1,1,1,separate,False,0,True,False,False,True,8.37193000900063,True,8.035533905932738
v3_sc3_staging_08,L1,1,1,joint,False,0,True,False,False,True,8.301219330881976,True,8.035533905932738
v3_sc3_staging_08,L1,1,1,oracle,False,0,True,False,False,True,8.035533905932738,True,8.035533905932738
v3_sc3_staging_08,L1,1,2,uncalibrated,False,0,True,True,False,True,10.571930009000633,False,10.747665940288705
v3_sc3_staging_08,L1,1,2,label_cell,False,0,False,False,False,False,nan,False,10.747665940288705
v3_sc3_staging_08,L1,1,2,label_only,False,0,True,False,False,True,11.335533905932738,True,10.747665940288705
v3_sc3_staging_08,L1,1,2,pose_only,False,0,True,True,False,True,10.571930009000633,False,10.747665940288705
v3_sc3_staging_08,L1,1,2,separate,False,0,True,False,False,True,11.406244584051395,True,10.747665940288705
v3_sc3_staging_08,L1,1,2,joint,False,0,True,False,False,True,11.335533905932738,True,10.747665940288705
v3_sc3_staging_08,L1,1,2,oracle,False,0,True,False,False,True,10.747665940288705,True,10.747665940288705
v3_sc3_staging_08,L1,1,3,uncalibrated,False,0,True,True,False,True,8.604163056034261,False,8.809188309203677
v3_sc3_staging_08,L1,1,3,label_cell,False,0,True,False,False,True,8.945584412271572,True,8.809188309203677
v3_sc3_staging_08,L1,1,3,label_only,False,0,True,False,False,True,9.492031021678299,True,8.809188309203677
v3_sc3_staging_08,L1,1,3,pose_only,False,0,True,True,False,True,8.633452377915606,False,8.809188309203677
v3_sc3_staging_08,L1,1,3,separate,False,0,True,False,False,True,9.562741699796954,True,8.809188309203677
v3_sc3_staging_08,L1,1,3,joint,False,0,True,False,False,True,9.492031021678299,True,8.809188309203677
v3_sc3_staging_08,L1,1,3,oracle,False,0,True,False,False,True,8.809188309203677,True,8.809188309203677
v3_sc3_staging_08,L1,1,4,uncalibrated,False,0,True,True,False,True,10.6118795026618,False,10.611879502661797
v3_sc3_staging_08,L1,1,4,label_cell,False,0,True,False,False,True,10.641168824543144,True,10.611879502661797
v3_sc3_staging_08,L1,1,4,label_only,False,0,True,False,False,True,10.670458146424489,True,10.611879502661797
v3_sc3_staging_08,L1,1,4,pose_only,False,0,True,True,False,True,10.6118795026618,False,10.611879502661797
v3_sc3_staging_08,L1,1,4,separate,False,0,True,False,False,True,10.699747468305834,True,10.611879502661797
v3_sc3_staging_08,L1,1,4,joint,False,0,True,False,False,True,10.670458146424489,True,10.611879502661797
v3_sc3_staging_08,L1,1,4,oracle,False,0,True,False,False,True,10.611879502661797,True,10.611879502661797
v3_sc3_staging_08,L1,1,5,uncalibrated,False,0,True,True,False,True,8.964823227814083,False,9.169848480983498
v3_sc3_staging_08,L1,1,5,label_cell,False,0,False,False,False,False,nan,False,9.169848480983498
v3_sc3_staging_08,L1,1,5,label_only,False,0,True,False,False,True,9.550609665440987,True,9.169848480983498
v3_sc3_staging_08,L1,1,5,pose_only,False,0,True,True,False,True,8.994112549695428,False,9.169848480983498
v3_sc3_staging_08,L1,1,5,separate,False,0,True,False,False,True,9.579898987322332,True,9.169848480983498
v3_sc3_staging_08,L1,1,5,joint,False,0,True,False,False,True,9.550609665440987,True,9.169848480983498
v3_sc3_staging_08,L1,1,5,oracle,False,0,True,False,False,True,9.169848480983498,True,9.169848480983498
v3_sc3_staging_08,L1,1,6,uncalibrated,False,0,True,True,False,True,10.670458146424489,False,10.84619407771256
v3_sc3_staging_08,L1,1,6,label_cell,False,0,False,False,False,False,nan,False,10.84619407771256
v3_sc3_staging_08,L1,1,6,label_only,False,0,True,False,False,True,11.226955262170048,True,10.84619407771256
v3_sc3_staging_08,L1,1,6,pose_only,False,0,True,True,False,True,10.670458146424489,False,10.84619407771256
v3_sc3_staging_08,L1,1,6,separate,False,0,True,False,False,True,11.256244584051394,True,10.84619407771256
v3_sc3_staging_08,L1,1,6,joint,False,0,True,False,False,True,11.226955262170048,True,10.84619407771256
v3_sc3_staging_08,L1,1,6,oracle,False,0,True,False,False,True,10.84619407771256,True,10.84619407771256
v3_sc3_staging_08,L1,1,7,uncalibrated,False,0,True,False,False,True,6.571320343559645,True,6.571320343559643
v3_sc3_staging_08,L1,1,7,label_cell,False,0,False,False,False,False,nan,False,6.571320343559643
v3_sc3_staging_08,L1,1,7,label_only,False,0,True,False,False,True,6.837005768508881,True,6.571320343559643
v3_sc3_staging_08,L1,1,7,pose_only,False,0,True,False,False,True,6.571320343559645,True,6.571320343559643
v3_sc3_staging_08,L1,1,7,separate,False,0,True,False,False,True,6.9077164466275365,True,6.571320343559643
v3_sc3_staging_08,L1,1,7,joint,False,0,True,False,False,True,6.837005768508881,True,6.571320343559643
v3_sc3_staging_08,L1,1,7,oracle,False,0,True,False,False,True,6.571320343559643,True,6.571320343559643
v3_sc3_staging_08,L1,1,8,uncalibrated,False,0,True,True,False,True,6.418376618407358,False,6.418376618407358
v3_sc3_staging_08,L1,1,8,label_cell,False,0,True,False,False,True,6.418376618407358,True,6.418376618407358
v3_sc3_staging_08,L1,1,8,label_only,False,0,True,False,False,True,6.735533905932738,True,6.418376618407358
v3_sc3_staging_08,L1,1,8,pose_only,False,0,True,True,False,True,6.418376618407358,False,6.418376618407358
v3_sc3_staging_08,L1,1,8,separate,False,0,True,False,False,True,6.785533905932738,True,6.418376618407358
v3_sc3_staging_08,L1,1,8,joint,False,0,True,False,False,True,6.735533905932738,True,6.418376618407358
v3_sc3_staging_08,L1,1,8,oracle,False,0,True,False,False,True,6.418376618407358,True,6.418376618407358
v3_sc3_staging_08,L1,1,9,uncalibrated,False,0,True,False,False,True,6.530508652763324,True,6.530508652763324
v3_sc3_staging_08,L1,1,9,label_cell,False,0,True,False,False,True,6.530508652763324,True,6.530508652763324
v3_sc3_staging_08,L1,1,9,label_only,False,0,True,False,False,True,6.676955262170049,True,6.530508652763324
v3_sc3_staging_08,L1,1,9,pose_only,False,0,True,False,False,True,6.530508652763324,True,6.530508652763324
v3_sc3_staging_08,L1,1,9,separate,False,0,True,False,False,True,6.706244584051395,True,6.530508652763324
v3_sc3_staging_08,L1,1,9,joint,False,0,True,False,False,True,6.676955262170049,True,6.530508652763324
v3_sc3_staging_08,L1,1,9,oracle,False,0,True,False,False,True,6.530508652763324,True,6.530508652763324
v3_sc3_staging_08,L1,1,10,uncalibrated,False,0,True,True,False,True,10.232590180780452,False,10.291168824543144
v3_sc3_staging_08,L1,1,10,label_cell,False,0,False,False,False,False,nan,False,10.291168824543144
v3_sc3_staging_08,L1,1,10,label_only,False,0,True,False,False,True,11.127564927611038,True,10.291168824543144
v3_sc3_staging_08,L1,1,10,pose_only,False,0,True,True,False,True,10.232590180780452,False,10.291168824543144
v3_sc3_staging_08,L1,1,10,separate,False,0,True,False,False,True,11.198275605729693,True,10.291168824543144
v3_sc3_staging_08,L1,1,10,joint,False,0,True,False,False,True,11.127564927611038,True,10.291168824543144
v3_sc3_staging_08,L1,1,10,oracle,False,0,True,False,False,True,10.291168824543144,True,10.291168824543144
v3_sc3_staging_08,L1,1,11,uncalibrated,False,0,True,True,False,True,11.436143571373727,False,11.436143571373727
v3_sc3_staging_08,L1,1,11,label_cell,False,0,True,False,False,True,11.436143571373727,True,11.436143571373727
v3_sc3_staging_08,L1,1,11,label_only,False,0,True,False,False,True,11.494722215136418,True,11.436143571373727
v3_sc3_staging_08,L1,1,11,pose_only,False,0,True,True,False,True,11.436143571373727,False,11.436143571373727
v3_sc3_staging_08,L1,1,11,separate,False,0,True,False,False,True,11.544722215136417,True,11.436143571373727
v3_sc3_staging_08,L1,1,11,joint,False,0,True,False,False,True,11.494722215136418,True,11.436143571373727
v3_sc3_staging_08,L1,1,11,oracle,False,0,True,False,False,True,11.436143571373727,True,11.436143571373727
v3_sc3_staging_08,L1,1,12,uncalibrated,False,0,True,True,False,True,7.004772721475253,False,7.121930009000636
v3_sc3_staging_08,L1,1,12,label_cell,False,0,False,False,False,False,nan,False,7.121930009000636
v3_sc3_staging_08,L1,1,12,label_only,False,0,True,False,False,True,7.875483399593904,True,7.121930009000636
v3_sc3_staging_08,L1,1,12,pose_only,False,0,True,True,False,True,7.004772721475253,False,7.121930009000636
v3_sc3_staging_08,L1,1,12,separate,False,0,True,False,False,True,7.946194077712559,True,7.121930009000636
v3_sc3_staging_08,L1,1,12,joint,False,0,True,False,False,True,7.875483399593904,True,7.121930009000636
v3_sc3_staging_08,L1,1,12,oracle,False,0,True,False,False,True,7.121930009000636,True,7.121930009000636
v3_sc3_staging_08,L1,1,13,uncalibrated,False,0,True,True,False,True,8.867514421272203,False,8.867514421272203
v3_sc3_staging_08,L1,1,13,label_cell,False,0,False,False,False,False,nan,False,8.867514421272203
v3_sc3_staging_08,L1,1,13,label_only,False,0,True,False,False,True,9.24827560572969,True,8.867514421272203
v3_sc3_staging_08,L1,1,13,pose_only,False,0,True,True,False,True,8.867514421272203,False,8.867514421272203
v3_sc3_staging_08,L1,1,13,separate,False,0,True,False,False,True,9.277564927611037,True,8.867514421272203
v3_sc3_staging_08,L1,1,13,joint,False,0,True,False,False,True,9.24827560572969,True,8.867514421272203
v3_sc3_staging_08,L1,1,13,oracle,False,0,True,False,False,True,8.867514421272203,True,8.867514421272203
v3_sc3_staging_08,L1,1,14,uncalibrated,False,0,True,True,False,True,7.7533008588991095,False,7.753300858899111
v3_sc3_staging_08,L1,1,14,label_cell,False,0,True,False,False,True,8.011879502661797,True,7.753300858899111
v3_sc3_staging_08,L1,1,14,label_only,False,0,True,False,False,True,7.811879502661802,True,7.753300858899111
v3_sc3_staging_08,L1,1,14,pose_only,False,0,True,True,False,True,7.7533008588991095,False,7.753300858899111
v3_sc3_staging_08,L1,1,14,separate,False,0,True,False,False,True,7.841168824543146,True,7.753300858899111
v3_sc3_staging_08,L1,1,14,joint,False,0,True,False,False,True,7.811879502661802,True,7.753300858899111
v3_sc3_staging_08,L1,1,14,oracle,False,0,True,False,False,True,7.753300858899111,True,7.753300858899111
v3_sc3_staging_08,L1,1,15,uncalibrated,False,0,True,True,False,True,6.835533905932741,False,6.835533905932741
v3_sc3_staging_08,L1,1,15,label_cell,False,0,False,False,False,False,nan,False,6.835533905932741
v3_sc3_staging_08,L1,1,15,label_only,False,0,True,False,False,True,7.184062043356597,True,6.835533905932741
v3_sc3_staging_08,L1,1,15,pose_only,False,0,True,True,False,True,6.835533905932741,False,6.835533905932741
v3_sc3_staging_08,L1,1,15,separate,False,0,True,False,False,True,7.254772721475255,True,6.835533905932741
v3_sc3_staging_08,L1,1,15,joint,False,0,True,False,False,True,7.184062043356597,True,6.835533905932741
v3_sc3_staging_08,L1,1,15,oracle,False,0,True,False,False,True,6.835533905932741,True,6.835533905932741
v3_sc3_staging_08,L1,1,16,uncalibrated,False,0,True,True,False,True,7.313351365237941,False,7.489087296526015
v3_sc3_staging_08,L1,1,16,label_cell,False,0,True,False,False,True,7.701219330881976,True,7.489087296526015
v3_sc3_staging_08,L1,1,16,label_only,False,0,True,False,False,True,7.994112549695429,True,7.489087296526015
v3_sc3_staging_08,L1,1,16,pose_only,False,0,True,True,False,True,7.313351365237941,False,7.489087296526015
v3_sc3_staging_08,L1,1,16,separate,False,0,True,False,False,True,8.064823227814083,True,7.489087296526015
v3_sc3_staging_08,L1,1,16,joint,False,0,True,False,False,True,7.994112549695429,True,7.489087296526015
v3_sc3_staging_08,L1,1,16,oracle,False,0,True,False,False,True,7.489087296526015,True,7.489087296526015
v3_sc3_staging_08,L1,1,17,uncalibrated,False,0,True,True,False,True,7.57756492761104,False,7.724011537017765
v3_sc3_staging_08,L1,1,17,label_cell,False,0,True,False,False,True,7.811879502661802,True,7.724011537017765
v3_sc3_staging_08,L1,1,17,label_only,False,0,True,False,False,True,8.311879502661798,True,7.724011537017765
v3_sc3_staging_08,L1,1,17,pose_only,False,0,True,True,False,True,7.57756492761104,False,7.724011537017765
v3_sc3_staging_08,L1,1,17,separate,False,0,True,False,False,True,8.382590180780452,True,7.724011537017765
v3_sc3_staging_08,L1,1,17,joint,False,0,True,False,False,True,8.311879502661798,True,7.724011537017765
v3_sc3_staging_08,L1,1,17,oracle,False,0,True,False,False,True,7.724011537017765,True,7.724011537017765
v3_sc3_staging_08,L1,1,18,uncalibrated,False,0,True,True,False,True,8.008935777509512,False,8.03822509939086
v3_sc3_staging_08,L1,1,18,label_cell,False,0,False,False,False,False,nan,False,8.03822509939086
v3_sc3_staging_08,L1,1,18,label_only,False,0,True,False,False,True,8.48111831820431,True,8.03822509939086
v3_sc3_staging_08,L1,1,18,pose_only,False,0,True,True,False,True,8.008935777509514,False,8.03822509939086
v3_sc3_staging_08,L1,1,18,separate,False,0,True,False,False,True,8.53111831820431,True,8.03822509939086
v3_sc3_staging_08,L1,1,18,joint,False,0,True,False,False,True,8.48111831820431,True,8.03822509939086
v3_sc3_staging_08,L1,1,18,oracle,False,0,True,False,False,True,8.03822509939086,True,8.03822509939086
v3_sc3_staging_08,L1,1,19,uncalibrated,False,0,True,True,False,True,9.541168824543144,False,9.541168824543144
v3_sc3_staging_08,L1,1,19,label_cell,False,0,False,False,False,False,nan,False,9.541168824543144
v3_sc3_staging_08,L1,1,19,label_only,False,0,True,False,False,True,9.62045814642449,True,9.541168824543144
v3_sc3_staging_08,L1,1,19,pose_only,False,0,True,True,False,True,9.541168824543144,False,9.541168824543144
v3_sc3_staging_08,L1,1,19,separate,False,0,True,False,False,True,9.670458146424489,True,9.541168824543144
v3_sc3_staging_08,L1,1,19,joint,False,0,True,False,False,True,9.62045814642449,True,9.541168824543144
v3_sc3_staging_08,L1,1,19,oracle,False,0,True,False,False,True,9.541168824543144,True,9.541168824543144
v3_sc3_staging_08,L1,2,0,uncalibrated,False,0,True,True,False,True,9.453300858899107,False,9.511879502661799
v3_sc3_staging_08,L1,2,0,label_cell,False,0,True,False,False,True,9.599747468305834,True,9.511879502661799
v3_sc3_staging_08,L1,2,0,label_only,False,0,True,False,False,True,9.99619407771256,True,9.511879502661799
v3_sc3_staging_08,L1,2,0,pose_only,False,0,True,True,False,True,9.453300858899107,False,9.511879502661799
v3_sc3_staging_08,L1,2,0,separate,False,0,True,False,False,True,10.046194077712562,True,9.511879502661799
v3_sc3_staging_08,L1,2,0,joint,False,0,True,False,False,True,9.99619407771256,True,9.511879502661799
v3_sc3_staging_08,L1,2,0,oracle,False,0,True,False,False,True,9.511879502661799,True,9.511879502661799
v3_sc3_staging_08,L1,2,1,uncalibrated,False,0,True,True,False,True,8.035533905932738,False,8.035533905932738
v3_sc3_staging_08,L1,2,1,label_cell,False,0,False,False,False,False,nan,False,8.035533905932738
v3_sc3_staging_08,L1,2,1,label_only,False,0,True,False,False,True,8.301219330881976,True,8.035533905932738
v3_sc3_staging_08,L1,2,1,pose_only,False,0,True,True,False,True,8.035533905932738,False,8.035533905932738
v3_sc3_staging_08,L1,2,1,separate,False,0,True,False,False,True,8.37193000900063,True,8.035533905932738
v3_sc3_staging_08,L1,2,1,joint,False,0,True,False,False,True,8.301219330881976,True,8.035533905932738
v3_sc3_staging_08,L1,2,1,oracle,False,0,True,False,False,True,8.035533905932738,True,8.035533905932738
v3_sc3_staging_08,L1,2,2,uncalibrated,False,0,True,True,False,True,10.571930009000631,False,10.747665940288705
v3_sc3_staging_08,L1,2,2,label_cell,False,0,False,False,False,False,nan,False,10.747665940288705
v3_sc3_staging_08,L1,2,2,label_only,False,0,True,False,False,True,11.335533905932738,True,10.747665940288705
v3_sc3_staging_08,L1,2,2,pose_only,False,0,True,True,False,True,10.571930009000631,False,10.747665940288705
v3_sc3_staging_08,L1,2,2,separate,False,0,True,False,False,True,11.406244584051393,True,10.747665940288705
v3_sc3_staging_08,L1,2,2,joint,False,0,True,False,False,True,11.335533905932738,True,10.747665940288705
v3_sc3_staging_08,L1,2,2,oracle,False,0,True,False,False,True,10.747665940288705,True,10.747665940288705
v3_sc3_staging_08,L1,2,3,uncalibrated,False,0,True,True,False,True,8.604163056034261,False,8.821320343559643
v3_sc3_staging_08,L1,2,3,label_cell,False,0,True,False,False,True,8.945584412271572,True,8.821320343559643
v3_sc3_staging_08,L1,2,3,label_only,False,0,True,False,False,True,9.492031021678299,True,8.821320343559643
v3_sc3_staging_08,L1,2,3,pose_only,False,0,True,True,False,True,8.633452377915606,False,8.821320343559643
v3_sc3_staging_08,L1,2,3,separate,False,0,True,False,False,True,9.562741699796952,True,8.821320343559643
v3_sc3_staging_08,L1,2,3,joint,False,0,True,False,False,True,9.492031021678299,True,8.821320343559643
v3_sc3_staging_08,L1,2,3,oracle,False,0,True,False,False,True,8.821320343559643,True,8.821320343559643
v3_sc3_staging_08,L1,2,4,uncalibrated,False,0,True,True,False,True,10.6118795026618,False,10.611879502661797
v3_sc3_staging_08,L1,2,4,label_cell,False,0,True,False,False,True,10.641168824543144,True,10.611879502661797
v3_sc3_staging_08,L1,2,4,label_only,False,0,True,False,False,True,10.670458146424489,True,10.611879502661797
v3_sc3_staging_08,L1,2,4,pose_only,False,0,True,True,False,True,10.6118795026618,False,10.611879502661797
v3_sc3_staging_08,L1,2,4,separate,False,0,True,False,False,True,10.699747468305834,True,10.611879502661797
v3_sc3_staging_08,L1,2,4,joint,False,0,True,False,False,True,10.670458146424489,True,10.611879502661797
v3_sc3_staging_08,L1,2,4,oracle,False,0,True,False,False,True,10.611879502661797,True,10.611879502661797
v3_sc3_staging_08,L1,2,5,uncalibrated,False,0,True,True,False,True,8.964823227814083,False,9.169848480983498
v3_sc3_staging_08,L1,2,5,label_cell,False,0,False,False,False,False,nan,False,9.169848480983498
v3_sc3_staging_08,L1,2,5,label_only,False,0,True,False,False,True,9.550609665440987,True,9.169848480983498
v3_sc3_staging_08,L1,2,5,pose_only,False,0,True,True,False,True,8.994112549695428,False,9.169848480983498
v3_sc3_staging_08,L1,2,5,separate,False,0,True,False,False,True,9.579898987322332,True,9.169848480983498
v3_sc3_staging_08,L1,2,5,joint,False,0,True,False,False,True,9.550609665440987,True,9.169848480983498
v3_sc3_staging_08,L1,2,5,oracle,False,0,True,False,False,True,9.169848480983498,True,9.169848480983498
v3_sc3_staging_08,L1,2,6,uncalibrated,False,0,True,True,False,True,10.670458146424489,False,10.84619407771256
v3_sc3_staging_08,L1,2,6,label_cell,False,0,False,False,False,False,nan,False,10.84619407771256
v3_sc3_staging_08,L1,2,6,label_only,False,0,True,False,False,True,11.226955262170048,True,10.84619407771256
v3_sc3_staging_08,L1,2,6,pose_only,False,0,True,True,False,True,10.670458146424489,False,10.84619407771256
v3_sc3_staging_08,L1,2,6,separate,False,0,True,False,False,True,11.256244584051394,True,10.84619407771256
v3_sc3_staging_08,L1,2,6,joint,False,0,True,False,False,True,11.226955262170048,True,10.84619407771256
v3_sc3_staging_08,L1,2,6,oracle,False,0,True,False,False,True,10.84619407771256,True,10.84619407771256
v3_sc3_staging_08,L1,2,7,uncalibrated,False,0,True,False,False,True,6.571320343559643,True,6.571320343559643
v3_sc3_staging_08,L1,2,7,label_cell,False,0,False,False,False,False,nan,False,6.571320343559643
v3_sc3_staging_08,L1,2,7,label_only,False,0,True,False,False,True,6.837005768508881,True,6.571320343559643
v3_sc3_staging_08,L1,2,7,pose_only,False,0,True,False,False,True,6.571320343559643,True,6.571320343559643
v3_sc3_staging_08,L1,2,7,separate,False,0,True,False,False,True,6.9077164466275365,True,6.571320343559643
v3_sc3_staging_08,L1,2,7,joint,False,0,True,False,False,True,6.837005768508881,True,6.571320343559643
v3_sc3_staging_08,L1,2,7,oracle,False,0,True,False,False,True,6.571320343559643,True,6.571320343559643
v3_sc3_staging_08,L1,2,8,uncalibrated,False,0,True,True,False,True,6.418376618407358,False,6.418376618407358
v3_sc3_staging_08,L1,2,8,label_cell,False,0,True,False,False,True,6.418376618407358,True,6.418376618407358
v3_sc3_staging_08,L1,2,8,label_only,False,0,True,False,False,True,6.735533905932738,True,6.418376618407358
v3_sc3_staging_08,L1,2,8,pose_only,False,0,True,True,False,True,6.418376618407358,False,6.418376618407358
v3_sc3_staging_08,L1,2,8,separate,False,0,True,False,False,True,6.785533905932738,True,6.418376618407358
v3_sc3_staging_08,L1,2,8,joint,False,0,True,False,False,True,6.735533905932738,True,6.418376618407358
v3_sc3_staging_08,L1,2,8,oracle,False,0,True,False,False,True,6.418376618407358,True,6.418376618407358
v3_sc3_staging_08,L1,2,9,uncalibrated,False,0,True,False,False,True,6.530508652763324,True,6.530508652763324
v3_sc3_staging_08,L1,2,9,label_cell,False,0,True,False,False,True,6.530508652763323,True,6.530508652763324
v3_sc3_staging_08,L1,2,9,label_only,False,0,True,False,False,True,6.676955262170049,True,6.530508652763324
v3_sc3_staging_08,L1,2,9,pose_only,False,0,True,False,False,True,6.530508652763324,True,6.530508652763324
v3_sc3_staging_08,L1,2,9,separate,False,0,True,False,False,True,6.706244584051395,True,6.530508652763324
v3_sc3_staging_08,L1,2,9,joint,False,0,True,False,False,True,6.676955262170049,True,6.530508652763324
v3_sc3_staging_08,L1,2,9,oracle,False,0,True,False,False,True,6.530508652763324,True,6.530508652763324
v3_sc3_staging_08,L1,2,10,uncalibrated,False,0,True,True,False,True,10.232590180780452,False,10.291168824543144
v3_sc3_staging_08,L1,2,10,label_cell,False,0,False,False,False,False,nan,False,10.291168824543144
v3_sc3_staging_08,L1,2,10,label_only,False,0,True,False,False,True,11.127564927611038,True,10.291168824543144
v3_sc3_staging_08,L1,2,10,pose_only,False,0,True,True,False,True,10.232590180780452,False,10.291168824543144
v3_sc3_staging_08,L1,2,10,separate,False,0,True,False,False,True,11.198275605729693,True,10.291168824543144
v3_sc3_staging_08,L1,2,10,joint,False,0,True,False,False,True,11.127564927611038,True,10.291168824543144
v3_sc3_staging_08,L1,2,10,oracle,False,0,True,False,False,True,10.291168824543144,True,10.291168824543144
v3_sc3_staging_08,L1,2,11,uncalibrated,False,0,True,True,False,True,11.436143571373727,False,11.436143571373727
v3_sc3_staging_08,L1,2,11,label_cell,False,0,False,False,False,False,nan,False,11.436143571373727
v3_sc3_staging_08,L1,2,11,label_only,False,0,True,False,False,True,11.515432893255074,True,11.436143571373727
v3_sc3_staging_08,L1,2,11,pose_only,False,0,True,True,False,True,11.436143571373727,False,11.436143571373727
v3_sc3_staging_08,L1,2,11,separate,False,0,True,False,False,True,11.544722215136417,True,11.436143571373727
v3_sc3_staging_08,L1,2,11,joint,False,0,True,False,False,True,11.515432893255074,True,11.436143571373727
v3_sc3_staging_08,L1,2,11,oracle,False,0,True,False,False,True,11.436143571373727,True,11.436143571373727
v3_sc3_staging_08,L1,2,12,uncalibrated,False,0,True,True,False,True,7.004772721475253,False,7.121930009000636
v3_sc3_staging_08,L1,2,12,label_cell,False,0,False,False,False,False,nan,False,7.121930009000636
v3_sc3_staging_08,L1,2,12,label_only,False,0,True,False,False,True,7.875483399593904,True,7.121930009000636
v3_sc3_staging_08,L1,2,12,pose_only,False,0,True,True,False,True,7.004772721475253,False,7.121930009000636
v3_sc3_staging_08,L1,2,12,separate,False,0,True,False,False,True,7.946194077712559,True,7.121930009000636
v3_sc3_staging_08,L1,2,12,joint,False,0,True,False,False,True,7.875483399593904,True,7.121930009000636
v3_sc3_staging_08,L1,2,12,oracle,False,0,True,False,False,True,7.121930009000636,True,7.121930009000636
v3_sc3_staging_08,L1,2,13,uncalibrated,False,0,True,True,False,True,8.867514421272203,False,8.867514421272203
v3_sc3_staging_08,L1,2,13,label_cell,False,0,False,False,False,False,nan,False,8.867514421272203
v3_sc3_staging_08,L1,2,13,label_only,False,0,True,False,False,True,9.24827560572969,True,8.867514421272203
v3_sc3_staging_08,L1,2,13,pose_only,False,0,True,True,False,True,8.867514421272203,False,8.867514421272203
v3_sc3_staging_08,L1,2,13,separate,False,0,True,False,False,True,9.277564927611037,True,8.867514421272203
v3_sc3_staging_08,L1,2,13,joint,False,0,True,False,False,True,9.24827560572969,True,8.867514421272203
v3_sc3_staging_08,L1,2,13,oracle,False,0,True,False,False,True,8.867514421272203,True,8.867514421272203
v3_sc3_staging_08,L1,2,14,uncalibrated,False,0,True,True,False,True,7.7533008588991095,False,7.753300858899111
v3_sc3_staging_08,L1,2,14,label_cell,False,0,True,False,False,True,8.011879502661797,True,7.753300858899111
v3_sc3_staging_08,L1,2,14,label_only,False,0,True,False,False,True,7.811879502661802,True,7.753300858899111
v3_sc3_staging_08,L1,2,14,pose_only,False,0,True,True,False,True,7.7533008588991095,False,7.753300858899111
v3_sc3_staging_08,L1,2,14,separate,False,0,True,False,False,True,7.841168824543146,True,7.753300858899111
v3_sc3_staging_08,L1,2,14,joint,False,0,True,False,False,True,7.811879502661802,True,7.753300858899111
v3_sc3_staging_08,L1,2,14,oracle,False,0,True,False,False,True,7.753300858899111,True,7.753300858899111
v3_sc3_staging_08,L1,2,15,uncalibrated,False,0,True,True,False,True,6.835533905932741,False,6.835533905932741
v3_sc3_staging_08,L1,2,15,label_cell,False,0,False,False,False,False,nan,False,6.835533905932741
v3_sc3_staging_08,L1,2,15,label_only,False,0,True,False,False,True,7.184062043356597,True,6.835533905932741
v3_sc3_staging_08,L1,2,15,pose_only,False,0,True,True,False,True,6.835533905932741,False,6.835533905932741
v3_sc3_staging_08,L1,2,15,separate,False,0,True,False,False,True,7.254772721475255,True,6.835533905932741
v3_sc3_staging_08,L1,2,15,joint,False,0,True,False,False,True,7.184062043356597,True,6.835533905932741
v3_sc3_staging_08,L1,2,15,oracle,False,0,True,False,False,True,6.835533905932741,True,6.835533905932741
v3_sc3_staging_08,L1,2,16,uncalibrated,False,0,True,True,False,True,7.313351365237941,False,7.489087296526015
v3_sc3_staging_08,L1,2,16,label_cell,False,0,True,False,False,True,7.701219330881976,True,7.489087296526015
v3_sc3_staging_08,L1,2,16,label_only,False,0,True,False,False,True,7.994112549695429,True,7.489087296526015
v3_sc3_staging_08,L1,2,16,pose_only,False,0,True,True,False,True,7.313351365237941,False,7.489087296526015
v3_sc3_staging_08,L1,2,16,separate,False,0,True,False,False,True,8.064823227814083,True,7.489087296526015
v3_sc3_staging_08,L1,2,16,joint,False,0,True,False,False,True,7.994112549695429,True,7.489087296526015
v3_sc3_staging_08,L1,2,16,oracle,False,0,True,False,False,True,7.489087296526015,True,7.489087296526015
v3_sc3_staging_08,L1,2,17,uncalibrated,False,0,True,True,False,True,7.57756492761104,False,7.724011537017765
v3_sc3_staging_08,L1,2,17,label_cell,False,0,True,False,False,True,7.811879502661802,True,7.724011537017765
v3_sc3_staging_08,L1,2,17,label_only,False,0,True,False,False,True,8.311879502661798,True,7.724011537017765
v3_sc3_staging_08,L1,2,17,pose_only,False,0,True,True,False,True,7.57756492761104,False,7.724011537017765
v3_sc3_staging_08,L1,2,17,separate,False,0,True,False,False,True,8.382590180780452,True,7.724011537017765
v3_sc3_staging_08,L1,2,17,joint,False,0,True,False,False,True,8.311879502661798,True,7.724011537017765
v3_sc3_staging_08,L1,2,17,oracle,False,0,True,False,False,True,7.724011537017765,True,7.724011537017765
v3_sc3_staging_08,L1,2,18,uncalibrated,False,0,True,True,False,True,8.008935777509512,False,8.03822509939086
v3_sc3_staging_08,L1,2,18,label_cell,False,0,False,False,False,False,nan,False,8.03822509939086
v3_sc3_staging_08,L1,2,18,label_only,False,0,True,False,False,True,8.48111831820431,True,8.03822509939086
v3_sc3_staging_08,L1,2,18,pose_only,False,0,True,True,False,True,8.008935777509514,False,8.03822509939086
v3_sc3_staging_08,L1,2,18,separate,False,0,True,False,False,True,8.53111831820431,True,8.03822509939086
v3_sc3_staging_08,L1,2,18,joint,False,0,True,False,False,True,8.48111831820431,True,8.03822509939086
v3_sc3_staging_08,L1,2,18,oracle,False,0,True,False,False,True,8.03822509939086,True,8.03822509939086
v3_sc3_staging_08,L1,2,19,uncalibrated,False,0,True,True,False,True,9.541168824543144,False,9.541168824543144
v3_sc3_staging_08,L1,2,19,label_cell,False,0,False,False,False,False,nan,False,9.541168824543144
v3_sc3_staging_08,L1,2,19,label_only,False,0,True,False,False,True,9.62045814642449,True,9.541168824543144
v3_sc3_staging_08,L1,2,19,pose_only,False,0,True,True,False,True,9.541168824543144,False,9.541168824543144
v3_sc3_staging_08,L1,2,19,separate,False,0,True,False,False,True,9.670458146424489,True,9.541168824543144
v3_sc3_staging_08,L1,2,19,joint,False,0,True,False,False,True,9.62045814642449,True,9.541168824543144
v3_sc3_staging_08,L1,2,19,oracle,False,0,True,False,False,True,9.541168824543144,True,9.541168824543144
v3_sc3_staging_08,L1,3,0,uncalibrated,False,0,True,True,False,True,9.453300858899107,False,9.511879502661799
v3_sc3_staging_08,L1,3,0,label_cell,False,0,True,False,False,True,9.599747468305834,True,9.511879502661799
v3_sc3_staging_08,L1,3,0,label_only,False,0,True,False,False,True,9.99619407771256,True,9.511879502661799
v3_sc3_staging_08,L1,3,0,pose_only,False,0,True,True,False,True,9.453300858899107,False,9.511879502661799
v3_sc3_staging_08,L1,3,0,separate,False,0,True,False,False,True,10.046194077712562,True,9.511879502661799
v3_sc3_staging_08,L1,3,0,joint,False,0,True,False,False,True,9.99619407771256,True,9.511879502661799
v3_sc3_staging_08,L1,3,0,oracle,False,0,True,False,False,True,9.511879502661799,True,9.511879502661799
v3_sc3_staging_08,L1,3,1,uncalibrated,False,0,True,True,False,True,8.035533905932738,False,8.035533905932738
v3_sc3_staging_08,L1,3,1,label_cell,False,0,False,False,False,False,nan,False,8.035533905932738
v3_sc3_staging_08,L1,3,1,label_only,False,0,True,False,False,True,8.301219330881976,True,8.035533905932738
v3_sc3_staging_08,L1,3,1,pose_only,False,0,True,True,False,True,8.035533905932738,False,8.035533905932738
v3_sc3_staging_08,L1,3,1,separate,False,0,True,False,False,True,8.37193000900063,True,8.035533905932738
v3_sc3_staging_08,L1,3,1,joint,False,0,True,False,False,True,8.301219330881976,True,8.035533905932738
v3_sc3_staging_08,L1,3,1,oracle,False,0,True,False,False,True,8.035533905932738,True,8.035533905932738
v3_sc3_staging_08,L1,3,2,uncalibrated,False,0,True,True,False,True,10.571930009000631,False,10.747665940288705
v3_sc3_staging_08,L1,3,2,label_cell,False,0,False,False,False,False,nan,False,10.747665940288705
v3_sc3_staging_08,L1,3,2,label_only,False,0,True,False,False,True,11.335533905932738,True,10.747665940288705
v3_sc3_staging_08,L1,3,2,pose_only,False,0,True,True,False,True,10.571930009000631,False,10.747665940288705
v3_sc3_staging_08,L1,3,2,separate,False,0,True,False,False,True,11.406244584051395,True,10.747665940288705
v3_sc3_staging_08,L1,3,2,joint,False,0,True,False,False,True,11.335533905932738,True,10.747665940288705
v3_sc3_staging_08,L1,3,2,oracle,False,0,True,False,False,True,10.747665940288705,True,10.747665940288705
v3_sc3_staging_08,L1,3,3,uncalibrated,False,0,True,True,False,True,8.616295090390226,False,8.862741699796954
v3_sc3_staging_08,L1,3,3,label_cell,False,0,True,False,False,True,8.904163056034262,True,8.862741699796954
v3_sc3_staging_08,L1,3,3,label_only,False,0,True,False,False,True,9.492031021678299,True,8.862741699796954
v3_sc3_staging_08,L1,3,3,pose_only,False,0,True,True,False,True,8.645584412271573,False,8.862741699796954
v3_sc3_staging_08,L1,3,3,separate,False,0,True,False,False,True,9.562741699796954,True,8.862741699796954
v3_sc3_staging_08,L1,3,3,joint,False,0,True,False,False,True,9.492031021678299,True,8.862741699796954
v3_sc3_staging_08,L1,3,3,oracle,False,0,True,False,False,True,8.862741699796954,True,8.862741699796954
v3_sc3_staging_08,L1,3,4,uncalibrated,False,0,True,True,False,True,10.6118795026618,False,10.611879502661797
v3_sc3_staging_08,L1,3,4,label_cell,False,0,True,False,False,True,10.641168824543144,True,10.611879502661797
v3_sc3_staging_08,L1,3,4,label_only,False,0,True,False,False,True,10.670458146424489,True,10.611879502661797
v3_sc3_staging_08,L1,3,4,pose_only,False,0,True,True,False,True,10.6118795026618,False,10.611879502661797
v3_sc3_staging_08,L1,3,4,separate,False,0,True,False,False,True,10.699747468305834,True,10.611879502661797
v3_sc3_staging_08,L1,3,4,joint,False,0,True,False,False,True,10.670458146424489,True,10.611879502661797
v3_sc3_staging_08,L1,3,4,oracle,False,0,True,False,False,True,10.611879502661797,True,10.611879502661797
v3_sc3_staging_08,L1,3,5,uncalibrated,False,0,True,True,False,True,8.964823227814083,False,9.169848480983498
v3_sc3_staging_08,L1,3,5,label_cell,False,0,False,False,False,False,nan,False,9.169848480983498
v3_sc3_staging_08,L1,3,5,label_only,False,0,True,False,False,True,9.550609665440987,True,9.169848480983498
v3_sc3_staging_08,L1,3,5,pose_only,False,0,True,True,False,True,8.994112549695428,False,9.169848480983498
v3_sc3_staging_08,L1,3,5,separate,False,0,True,False,False,True,9.579898987322332,True,9.169848480983498
v3_sc3_staging_08,L1,3,5,joint,False,0,True,False,False,True,9.550609665440987,True,9.169848480983498
v3_sc3_staging_08,L1,3,5,oracle,False,0,True,False,False,True,9.169848480983498,True,9.169848480983498
v3_sc3_staging_08,L1,3,6,uncalibrated,False,0,True,True,False,True,10.670458146424489,False,10.84619407771256
v3_sc3_staging_08,L1,3,6,label_cell,False,0,False,False,False,False,nan,False,10.84619407771256
v3_sc3_staging_08,L1,3,6,label_only,False,0,True,False,False,True,11.226955262170048,True,10.84619407771256
v3_sc3_staging_08,L1,3,6,pose_only,False,0,True,True,False,True,10.670458146424489,False,10.84619407771256
v3_sc3_staging_08,L1,3,6,separate,False,0,True,False,False,True,11.256244584051394,True,10.84619407771256
v3_sc3_staging_08,L1,3,6,joint,False,0,True,False,False,True,11.226955262170048,True,10.84619407771256
v3_sc3_staging_08,L1,3,6,oracle,False,0,True,False,False,True,10.84619407771256,True,10.84619407771256
v3_sc3_staging_08,L1,3,7,uncalibrated,False,0,True,False,False,True,6.571320343559645,True,6.571320343559643
v3_sc3_staging_08,L1,3,7,label_cell,False,0,False,False,False,False,nan,False,6.571320343559643
v3_sc3_staging_08,L1,3,7,label_only,False,0,True,False,False,True,6.837005768508881,True,6.571320343559643
v3_sc3_staging_08,L1,3,7,pose_only,False,0,True,False,False,True,6.571320343559645,True,6.571320343559643
v3_sc3_staging_08,L1,3,7,separate,False,0,True,False,False,True,6.9077164466275365,True,6.571320343559643
v3_sc3_staging_08,L1,3,7,joint,False,0,True,False,False,True,6.837005768508881,True,6.571320343559643
v3_sc3_staging_08,L1,3,7,oracle,False,0,True,False,False,True,6.571320343559643,True,6.571320343559643
v3_sc3_staging_08,L1,3,8,uncalibrated,False,0,True,True,False,True,6.418376618407358,False,6.418376618407358
v3_sc3_staging_08,L1,3,8,label_cell,False,0,True,False,False,True,6.418376618407358,True,6.418376618407358
v3_sc3_staging_08,L1,3,8,label_only,False,0,True,False,False,True,6.735533905932738,True,6.418376618407358
v3_sc3_staging_08,L1,3,8,pose_only,False,0,True,True,False,True,6.418376618407358,False,6.418376618407358
v3_sc3_staging_08,L1,3,8,separate,False,0,True,False,False,True,6.785533905932738,True,6.418376618407358
v3_sc3_staging_08,L1,3,8,joint,False,0,True,False,False,True,6.735533905932738,True,6.418376618407358
v3_sc3_staging_08,L1,3,8,oracle,False,0,True,False,False,True,6.418376618407358,True,6.418376618407358
v3_sc3_staging_08,L1,3,9,uncalibrated,False,0,True,False,False,True,6.530508652763324,True,6.530508652763324
v3_sc3_staging_08,L1,3,9,label_cell,False,0,True,False,False,True,6.530508652763324,True,6.530508652763324
v3_sc3_staging_08,L1,3,9,label_only,False,0,True,False,False,True,6.676955262170049,True,6.530508652763324
v3_sc3_staging_08,L1,3,9,pose_only,False,0,True,False,False,True,6.530508652763324,True,6.530508652763324
v3_sc3_staging_08,L1,3,9,separate,False,0,True,False,False,True,6.706244584051395,True,6.530508652763324
v3_sc3_staging_08,L1,3,9,joint,False,0,True,False,False,True,6.676955262170049,True,6.530508652763324
v3_sc3_staging_08,L1,3,9,oracle,False,0,True,False,False,True,6.530508652763324,True,6.530508652763324
v3_sc3_staging_08,L1,3,10,uncalibrated,False,0,True,True,False,True,10.232590180780452,False,10.291168824543144
v3_sc3_staging_08,L1,3,10,label_cell,False,0,False,False,False,False,nan,False,10.291168824543144
v3_sc3_staging_08,L1,3,10,label_only,False,0,True,False,False,True,11.127564927611038,True,10.291168824543144
v3_sc3_staging_08,L1,3,10,pose_only,False,0,True,True,False,True,10.232590180780452,False,10.291168824543144
v3_sc3_staging_08,L1,3,10,separate,False,0,True,False,False,True,11.198275605729693,True,10.291168824543144
v3_sc3_staging_08,L1,3,10,joint,False,0,True,False,False,True,11.127564927611038,True,10.291168824543144
v3_sc3_staging_08,L1,3,10,oracle,False,0,True,False,False,True,10.291168824543144,True,10.291168824543144
v3_sc3_staging_08,L1,3,11,uncalibrated,False,0,True,True,False,True,11.436143571373727,False,11.436143571373727
v3_sc3_staging_08,L1,3,11,label_cell,False,0,True,False,False,True,11.436143571373727,True,11.436143571373727
v3_sc3_staging_08,L1,3,11,label_only,False,0,True,False,False,True,11.494722215136418,True,11.436143571373727
v3_sc3_staging_08,L1,3,11,pose_only,False,0,True,True,False,True,11.436143571373727,False,11.436143571373727
v3_sc3_staging_08,L1,3,11,separate,False,0,True,False,False,True,11.544722215136417,True,11.436143571373727
v3_sc3_staging_08,L1,3,11,joint,False,0,True,False,False,True,11.494722215136418,True,11.436143571373727
v3_sc3_staging_08,L1,3,11,oracle,False,0,True,False,False,True,11.436143571373727,True,11.436143571373727
v3_sc3_staging_08,L1,3,12,uncalibrated,False,0,True,True,False,True,7.004772721475253,False,7.121930009000636
v3_sc3_staging_08,L1,3,12,label_cell,False,0,False,False,False,False,nan,False,7.121930009000636
v3_sc3_staging_08,L1,3,12,label_only,False,0,True,False,False,True,7.875483399593904,True,7.121930009000636
v3_sc3_staging_08,L1,3,12,pose_only,False,0,True,True,False,True,7.004772721475253,False,7.121930009000636
v3_sc3_staging_08,L1,3,12,separate,False,0,True,False,False,True,7.946194077712559,True,7.121930009000636
v3_sc3_staging_08,L1,3,12,joint,False,0,True,False,False,True,7.875483399593904,True,7.121930009000636
v3_sc3_staging_08,L1,3,12,oracle,False,0,True,False,False,True,7.121930009000636,True,7.121930009000636
v3_sc3_staging_08,L1,3,13,uncalibrated,False,0,True,True,False,True,8.867514421272203,False,8.867514421272203
v3_sc3_staging_08,L1,3,13,label_cell,False,0,False,False,False,False,nan,False,8.867514421272203
v3_sc3_staging_08,L1,3,13,label_only,False,0,True,False,False,True,9.24827560572969,True,8.867514421272203
v3_sc3_staging_08,L1,3,13,pose_only,False,0,True,True,False,True,8.867514421272203,False,8.867514421272203
v3_sc3_staging_08,L1,3,13,separate,False,0,True,False,False,True,9.277564927611037,True,8.867514421272203
v3_sc3_staging_08,L1,3,13,joint,False,0,True,False,False,True,9.24827560572969,True,8.867514421272203
v3_sc3_staging_08,L1,3,13,oracle,False,0,True,False,False,True,8.867514421272203,True,8.867514421272203
v3_sc3_staging_08,L1,3,14,uncalibrated,False,0,True,True,False,True,7.7533008588991095,False,7.753300858899111
v3_sc3_staging_08,L1,3,14,label_cell,False,0,True,False,False,True,8.011879502661797,True,7.753300858899111
v3_sc3_staging_08,L1,3,14,label_only,False,0,True,False,False,True,7.811879502661802,True,7.753300858899111
v3_sc3_staging_08,L1,3,14,pose_only,False,0,True,True,False,True,7.7533008588991095,False,7.753300858899111
v3_sc3_staging_08,L1,3,14,separate,False,0,True,False,False,True,7.841168824543146,True,7.753300858899111
v3_sc3_staging_08,L1,3,14,joint,False,0,True,False,False,True,7.811879502661802,True,7.753300858899111
v3_sc3_staging_08,L1,3,14,oracle,False,0,True,False,False,True,7.753300858899111,True,7.753300858899111
v3_sc3_staging_08,L1,3,15,uncalibrated,False,0,True,True,False,True,6.835533905932741,False,6.835533905932741
v3_sc3_staging_08,L1,3,15,label_cell,False,0,False,False,False,False,nan,False,6.835533905932741
v3_sc3_staging_08,L1,3,15,label_only,False,0,True,False,False,True,7.184062043356597,True,6.835533905932741
v3_sc3_staging_08,L1,3,15,pose_only,False,0,True,True,False,True,6.835533905932741,False,6.835533905932741
v3_sc3_staging_08,L1,3,15,separate,False,0,True,False,False,True,7.254772721475255,True,6.835533905932741
v3_sc3_staging_08,L1,3,15,joint,False,0,True,False,False,True,7.184062043356597,True,6.835533905932741
v3_sc3_staging_08,L1,3,15,oracle,False,0,True,False,False,True,6.835533905932741,True,6.835533905932741
v3_sc3_staging_08,L1,3,16,uncalibrated,False,0,True,True,False,True,7.313351365237941,False,7.489087296526015
v3_sc3_staging_08,L1,3,16,label_cell,False,0,True,False,False,True,7.701219330881976,True,7.489087296526015
v3_sc3_staging_08,L1,3,16,label_only,False,0,True,False,False,True,7.994112549695429,True,7.489087296526015
v3_sc3_staging_08,L1,3,16,pose_only,False,0,True,True,False,True,7.313351365237941,False,7.489087296526015
v3_sc3_staging_08,L1,3,16,separate,False,0,True,False,False,True,8.064823227814083,True,7.489087296526015
v3_sc3_staging_08,L1,3,16,joint,False,0,True,False,False,True,7.994112549695429,True,7.489087296526015
v3_sc3_staging_08,L1,3,16,oracle,False,0,True,False,False,True,7.489087296526015,True,7.489087296526015
v3_sc3_staging_08,L1,3,17,uncalibrated,False,0,True,True,False,True,7.57756492761104,False,7.724011537017765
v3_sc3_staging_08,L1,3,17,label_cell,False,0,True,False,False,True,7.811879502661802,True,7.724011537017765
v3_sc3_staging_08,L1,3,17,label_only,False,0,True,False,False,True,8.311879502661798,True,7.724011537017765
v3_sc3_staging_08,L1,3,17,pose_only,False,0,True,True,False,True,7.57756492761104,False,7.724011537017765
v3_sc3_staging_08,L1,3,17,separate,False,0,True,False,False,True,8.382590180780452,True,7.724011537017765
v3_sc3_staging_08,L1,3,17,joint,False,0,True,False,False,True,8.311879502661798,True,7.724011537017765
v3_sc3_staging_08,L1,3,17,oracle,False,0,True,False,False,True,7.724011537017765,True,7.724011537017765
v3_sc3_staging_08,L1,3,18,uncalibrated,False,0,True,True,False,True,8.008935777509512,False,8.03822509939086
v3_sc3_staging_08,L1,3,18,label_cell,False,0,False,False,False,False,nan,False,8.03822509939086
v3_sc3_staging_08,L1,3,18,label_only,False,0,True,False,False,True,8.48111831820431,True,8.03822509939086
v3_sc3_staging_08,L1,3,18,pose_only,False,0,True,True,False,True,8.008935777509514,False,8.03822509939086
v3_sc3_staging_08,L1,3,18,separate,False,0,True,False,False,True,8.53111831820431,True,8.03822509939086
v3_sc3_staging_08,L1,3,18,joint,False,0,True,False,False,True,8.48111831820431,True,8.03822509939086
v3_sc3_staging_08,L1,3,18,oracle,False,0,True,False,False,True,8.03822509939086,True,8.03822509939086
v3_sc3_staging_08,L1,3,19,uncalibrated,False,0,True,True,False,True,9.541168824543144,False,9.541168824543144
v3_sc3_staging_08,L1,3,19,label_cell,False,0,False,False,False,False,nan,False,9.541168824543144
v3_sc3_staging_08,L1,3,19,label_only,False,0,True,False,False,True,9.62045814642449,True,9.541168824543144
v3_sc3_staging_08,L1,3,19,pose_only,False,0,True,True,False,True,9.541168824543144,False,9.541168824543144
v3_sc3_staging_08,L1,3,19,separate,False,0,True,False,False,True,9.670458146424489,True,9.541168824543144
v3_sc3_staging_08,L1,3,19,joint,False,0,True,False,False,True,9.62045814642449,True,9.541168824543144
v3_sc3_staging_08,L1,3,19,oracle,False,0,True,False,False,True,9.541168824543144,True,9.541168824543144
v3_sc3_staging_08,L1,4,0,uncalibrated,False,0,True,True,False,True,9.453300858899107,False,9.511879502661799
v3_sc3_staging_08,L1,4,0,label_cell,False,0,True,False,False,True,9.599747468305834,True,9.511879502661799
v3_sc3_staging_08,L1,4,0,label_only,False,0,True,False,False,True,10.025483399593906,True,9.511879502661799
v3_sc3_staging_08,L1,4,0,pose_only,False,0,True,True,False,True,9.453300858899107,False,9.511879502661799
v3_sc3_staging_08,L1,4,0,separate,False,0,True,False,False,True,10.075483399593907,True,9.511879502661799
v3_sc3_staging_08,L1,4,0,joint,False,0,True,False,False,True,10.025483399593906,True,9.511879502661799
v3_sc3_staging_08,L1,4,0,oracle,False,0,True,False,False,True,9.511879502661799,True,9.511879502661799
v3_sc3_staging_08,L1,4,1,uncalibrated,False,0,True,True,False,True,8.035533905932738,False,8.035533905932738
v3_sc3_staging_08,L1,4,1,label_cell,False,0,False,False,False,False,nan,False,8.035533905932738
v3_sc3_staging_08,L1,4,1,label_only,False,0,True,False,False,True,8.330508652763323,True,8.035533905932738
v3_sc3_staging_08,L1,4,1,pose_only,False,0,True,True,False,True,8.035533905932738,False,8.035533905932738
v3_sc3_staging_08,L1,4,1,separate,False,0,True,False,False,True,8.401219330881977,True,8.035533905932738
v3_sc3_staging_08,L1,4,1,joint,False,0,True,False,False,True,8.330508652763323,True,8.035533905932738
v3_sc3_staging_08,L1,4,1,oracle,False,0,True,False,False,True,8.035533905932738,True,8.035533905932738
v3_sc3_staging_08,L1,4,2,uncalibrated,False,0,True,True,False,True,10.601219330881978,False,10.789087296526013
v3_sc3_staging_08,L1,4,2,label_cell,False,0,False,False,False,False,nan,False,10.789087296526013
v3_sc3_staging_08,L1,4,2,label_only,False,0,True,False,False,True,11.364823227814085,True,10.789087296526013
v3_sc3_staging_08,L1,4,2,pose_only,False,0,True,True,False,True,10.630508652763323,False,10.789087296526013
v3_sc3_staging_08,L1,4,2,separate,False,0,True,False,False,True,11.43553390593274,True,10.789087296526013
v3_sc3_staging_08,L1,4,2,joint,False,0,True,False,False,True,11.364823227814085,True,10.789087296526013
v3_sc3_staging_08,L1,4,2,oracle,False,0,True,False,False,True,10.789087296526013,True,10.789087296526013
v3_sc3_staging_08,L1,4,3,uncalibrated,False,0,True,True,False,True,8.604163056034261,False,8.821320343559643
v3_sc3_staging_08,L1,4,3,label_cell,False,0,True,False,False,True,8.904163056034262,True,8.821320343559643
v3_sc3_staging_08,L1,4,3,label_only,False,0,True,False,False,True,9.521320343559642,True,8.821320343559643
v3_sc3_staging_08,L1,4,3,pose_only,False,0,True,True,False,True,8.633452377915606,False,8.821320343559643
v3_sc3_staging_08,L1,4,3,separate,False,0,True,False,False,True,9.592031021678299,True,8.821320343559643
v3_sc3_staging_08,L1,4,3,joint,False,0,True,False,False,True,9.521320343559642,True,8.821320343559643
v3_sc3_staging_08,L1,4,3,oracle,False,0,True,False,False,True,8.821320343559643,True,8.821320343559643
v3_sc3_staging_08,L1,4,4,uncalibrated,False,0,True,True,False,True,10.6118795026618,False,10.611879502661797
v3_sc3_staging_08,L1,4,4,label_cell,False,0,True,False,False,True,10.641168824543144,True,10.611879502661797
v3_sc3_staging_08,L1,4,4,label_only,False,0,True,False,False,True,10.699747468305834,True,10.611879502661797
v3_sc3_staging_08,L1,4,4,pose_only,False,0,True,True,False,True,10.6118795026618,False,10.611879502661797
v3_sc3_staging_08,L1,4,4,separate,False,0,True,False,False,True,10.729036790187179,True,10.611879502661797
v3_sc3_staging_08,L1,4,4,joint,False,0,True,False,False,True,10.699747468305834,True,10.611879502661797
v3_sc3_staging_08,L1,4,4,oracle,False,0,True,False,False,True,10.611879502661797,True,10.611879502661797
v3_sc3_staging_08,L1,4,5,uncalibrated,False,0,True,True,False,True,8.994112549695428,False,9.169848480983498
v3_sc3_staging_08,L1,4,5,label_cell,False,0,False,False,False,False,nan,False,9.169848480983498
v3_sc3_staging_08,L1,4,5,label_only,False,0,True,False,False,True,9.579898987322332,True,9.169848480983498
v3_sc3_staging_08,L1,4,5,pose_only,False,0,True,True,False,True,9.023401871576773,False,9.169848480983498
v3_sc3_staging_08,L1,4,5,separate,False,0,True,False,False,True,9.60918830920368,True,9.169848480983498
v3_sc3_staging_08,L1,4,5,joint,False,0,True,False,False,True,9.579898987322332,True,9.169848480983498
v3_sc3_staging_08,L1,4,5,oracle,False,0,True,False,False,True,9.169848480983498,True,9.169848480983498
v3_sc3_staging_08,L1,4,6,uncalibrated,False,0,True,True,False,True,10.670458146424489,False,10.84619407771256
v3_sc3_staging_08,L1,4,6,label_cell,False,0,False,False,False,False,nan,False,10.84619407771256
v3_sc3_staging_08,L1,4,6,label_only,False,0,True,False,False,True,11.256244584051394,True,10.84619407771256
v3_sc3_staging_08,L1,4,6,pose_only,False,0,True,True,False,True,10.699747468305834,False,10.84619407771256
v3_sc3_staging_08,L1,4,6,separate,False,0,True,False,False,True,11.285533905932738,True,10.84619407771256
v3_sc3_staging_08,L1,4,6,joint,False,0,True,False,False,True,11.256244584051394,True,10.84619407771256
v3_sc3_staging_08,L1,4,6,oracle,False,0,True,False,False,True,10.84619407771256,True,10.84619407771256
v3_sc3_staging_08,L1,4,7,uncalibrated,False,0,True,False,False,True,6.571320343559645,True,6.571320343559645
v3_sc3_staging_08,L1,4,7,label_cell,False,0,False,False,False,False,nan,False,6.571320343559645
v3_sc3_staging_08,L1,4,7,label_only,False,0,True,False,False,True,6.866295090390228,True,6.571320343559645
v3_sc3_staging_08,L1,4,7,pose_only,False,0,True,False,False,True,6.571320343559645,True,6.571320343559645
v3_sc3_staging_08,L1,4,7,separate,False,0,True,False,False,True,6.937005768508882,True,6.571320343559645
v3_sc3_staging_08,L1,4,7,joint,False,0,True,False,False,True,6.866295090390228,True,6.571320343559645
v3_sc3_staging_08,L1,4,7,oracle,False,0,True,False,False,True,6.571320343559645,True,6.571320343559645
v3_sc3_staging_08,L1,4,8,uncalibrated,False,0,True,True,False,True,6.418376618407358,False,6.418376618407358
v3_sc3_staging_08,L1,4,8,label_cell,False,0,True,False,False,True,6.418376618407358,True,6.418376618407358
v3_sc3_staging_08,L1,4,8,label_only,False,0,True,False,False,True,6.764823227814083,True,6.418376618407358
v3_sc3_staging_08,L1,4,8,pose_only,False,0,True,True,False,True,6.418376618407358,False,6.418376618407358
v3_sc3_staging_08,L1,4,8,separate,False,0,True,False,False,True,6.814823227814083,True,6.418376618407358
v3_sc3_staging_08,L1,4,8,joint,False,0,True,False,False,True,6.764823227814083,True,6.418376618407358
v3_sc3_staging_08,L1,4,8,oracle,False,0,True,False,False,True,6.418376618407358,True,6.418376618407358
v3_sc3_staging_08,L1,4,9,uncalibrated,False,0,True,False,False,True,6.530508652763324,True,6.530508652763324
v3_sc3_staging_08,L1,4,9,label_cell,False,0,True,False,False,True,6.530508652763324,True,6.530508652763324
v3_sc3_staging_08,L1,4,9,label_only,False,0,True,False,False,True,6.706244584051395,True,6.530508652763324
v3_sc3_staging_08,L1,4,9,pose_only,False,0,True,False,False,True,6.530508652763324,True,6.530508652763324
v3_sc3_staging_08,L1,4,9,separate,False,0,True,False,False,True,6.735533905932741,True,6.530508652763324
v3_sc3_staging_08,L1,4,9,joint,False,0,True,False,False,True,6.706244584051395,True,6.530508652763324
v3_sc3_staging_08,L1,4,9,oracle,False,0,True,False,False,True,6.530508652763324,True,6.530508652763324
v3_sc3_staging_08,L1,4,10,uncalibrated,False,0,True,True,False,True,10.232590180780452,False,10.291168824543144
v3_sc3_staging_08,L1,4,10,label_cell,False,0,False,False,False,False,nan,False,10.291168824543144
v3_sc3_staging_08,L1,4,10,label_only,False,0,True,False,False,True,11.156854249492383,True,10.291168824543144
v3_sc3_staging_08,L1,4,10,pose_only,False,0,True,True,False,True,10.232590180780452,False,10.291168824543144
v3_sc3_staging_08,L1,4,10,separate,False,0,True,False,False,True,11.227564927611038,True,10.291168824543144
v3_sc3_staging_08,L1,4,10,joint,False,0,True,False,False,True,11.156854249492383,True,10.291168824543144
v3_sc3_staging_08,L1,4,10,oracle,False,0,True,False,False,True,10.291168824543144,True,10.291168824543144
v3_sc3_staging_08,L1,4,11,uncalibrated,False,0,True,True,False,True,11.436143571373727,False,11.436143571373727
v3_sc3_staging_08,L1,4,11,label_cell,False,0,True,False,False,True,11.436143571373727,True,11.436143571373727
v3_sc3_staging_08,L1,4,11,label_only,False,0,True,False,False,True,11.524011537017763,True,11.436143571373727
v3_sc3_staging_08,L1,4,11,pose_only,False,0,True,True,False,True,11.436143571373727,False,11.436143571373727
v3_sc3_staging_08,L1,4,11,separate,False,0,True,False,False,True,11.574011537017764,True,11.436143571373727
v3_sc3_staging_08,L1,4,11,joint,False,0,True,False,False,True,11.524011537017763,True,11.436143571373727
v3_sc3_staging_08,L1,4,11,oracle,False,0,True,False,False,True,11.436143571373727,True,11.436143571373727
v3_sc3_staging_08,L1,4,12,uncalibrated,False,0,True,True,False,True,7.004772721475253,False,7.121930009000636
v3_sc3_staging_08,L1,4,12,label_cell,False,0,False,False,False,False,nan,False,7.121930009000636
v3_sc3_staging_08,L1,4,12,label_only,False,0,True,False,False,True,7.904772721475251,True,7.121930009000636
v3_sc3_staging_08,L1,4,12,pose_only,False,0,True,True,False,True,7.004772721475252,False,7.121930009000636
v3_sc3_staging_08,L1,4,12,separate,False,0,True,False,False,True,7.975483399593904,True,7.121930009000636
v3_sc3_staging_08,L1,4,12,joint,False,0,True,False,False,True,7.904772721475251,True,7.121930009000636
v3_sc3_staging_08,L1,4,12,oracle,False,0,True,False,False,True,7.121930009000636,True,7.121930009000636
v3_sc3_staging_08,L1,4,13,uncalibrated,False,0,True,True,False,True,8.867514421272203,False,8.867514421272203
v3_sc3_staging_08,L1,4,13,label_cell,False,0,False,False,False,False,nan,False,8.867514421272203
v3_sc3_staging_08,L1,4,13,label_only,False,0,True,False,False,True,9.277564927611037,True,8.867514421272203
v3_sc3_staging_08,L1,4,13,pose_only,False,0,True,True,False,True,8.867514421272203,False,8.867514421272203
v3_sc3_staging_08,L1,4,13,separate,False,0,True,False,False,True,9.30685424949238,True,8.867514421272203
v3_sc3_staging_08,L1,4,13,joint,False,0,True,False,False,True,9.277564927611037,True,8.867514421272203
v3_sc3_staging_08,L1,4,13,oracle,False,0,True,False,False,True,8.867514421272203,True,8.867514421272203
v3_sc3_staging_08,L1,4,14,uncalibrated,False,0,True,True,False,True,7.7533008588991095,False,7.753300858899111
v3_sc3_staging_08,L1,4,14,label_cell,False,0,True,False,False,True,8.011879502661797,True,7.753300858899111
v3_sc3_staging_08,L1,4,14,label_only,False,0,True,False,False,True,7.841168824543146,True,7.753300858899111
v3_sc3_staging_08,L1,4,14,pose_only,False,0,True,True,False,True,7.7533008588991095,False,7.753300858899111
v3_sc3_staging_08,L1,4,14,separate,False,0,True,False,False,True,7.870458146424489,True,7.753300858899111
v3_sc3_staging_08,L1,4,14,joint,False,0,True,False,False,True,7.841168824543146,True,7.753300858899111
v3_sc3_staging_08,L1,4,14,oracle,False,0,True,False,False,True,7.753300858899111,True,7.753300858899111
v3_sc3_staging_08,L1,4,15,uncalibrated,False,0,True,True,False,True,6.835533905932741,False,6.835533905932741
v3_sc3_staging_08,L1,4,15,label_cell,False,0,False,False,False,False,nan,False,6.835533905932741
v3_sc3_staging_08,L1,4,15,label_only,False,0,True,False,False,True,7.213351365237944,True,6.835533905932741
v3_sc3_staging_08,L1,4,15,pose_only,False,0,True,True,False,True,6.835533905932741,False,6.835533905932741
v3_sc3_staging_08,L1,4,15,separate,False,0,True,False,False,True,7.284062043356596,True,6.835533905932741
v3_sc3_staging_08,L1,4,15,joint,False,0,True,False,False,True,7.213351365237944,True,6.835533905932741
v3_sc3_staging_08,L1,4,15,oracle,False,0,True,False,False,True,6.835533905932741,True,6.835533905932741
v3_sc3_staging_08,L1,4,16,uncalibrated,False,0,True,True,False,True,7.313351365237941,False,7.489087296526015
v3_sc3_staging_08,L1,4,16,label_cell,False,0,True,False,False,True,7.701219330881978,True,7.489087296526015
v3_sc3_staging_08,L1,4,16,label_only,False,0,True,False,False,True,8.023401871576773,True,7.489087296526015
v3_sc3_staging_08,L1,4,16,pose_only,False,0,True,True,False,True,7.342640687119287,False,7.489087296526015
v3_sc3_staging_08,L1,4,16,separate,False,0,True,False,False,True,8.09411254969543,True,7.489087296526015
v3_sc3_staging_08,L1,4,16,joint,False,0,True,False,False,True,8.023401871576773,True,7.489087296526015
v3_sc3_staging_08,L1,4,16,oracle,False,0,True,False,False,True,7.489087296526015,True,7.489087296526015
v3_sc3_staging_08,L1,4,17,uncalibrated,False,0,True,True,False,True,7.57756492761104,False,7.724011537017765
v3_sc3_staging_08,L1,4,17,label_cell,False,0,True,False,False,True,7.811879502661802,True,7.724011537017765
v3_sc3_staging_08,L1,4,17,label_only,False,0,True,False,False,True,8.341168824543145,True,7.724011537017765
v3_sc3_staging_08,L1,4,17,pose_only,False,0,True,True,False,True,7.606854249492386,False,7.724011537017765
v3_sc3_staging_08,L1,4,17,separate,False,0,True,False,False,True,8.411879502661797,True,7.724011537017765
v3_sc3_staging_08,L1,4,17,joint,False,0,True,False,False,True,8.341168824543145,True,7.724011537017765
v3_sc3_staging_08,L1,4,17,oracle,False,0,True,False,False,True,7.724011537017765,True,7.724011537017765
v3_sc3_staging_08,L1,4,18,uncalibrated,False,0,True,True,False,True,8.008935777509512,False,8.03822509939086
v3_sc3_staging_08,L1,4,18,label_cell,False,0,False,False,False,False,nan,False,8.03822509939086
v3_sc3_staging_08,L1,4,18,label_only,False,0,True,False,False,True,8.510407640085655,True,8.03822509939086
v3_sc3_staging_08,L1,4,18,pose_only,False,0,True,True,False,True,8.008935777509514,False,8.03822509939086
v3_sc3_staging_08,L1,4,18,separate,False,0,True,False,False,True,8.560407640085655,True,8.03822509939086
v3_sc3_staging_08,L1,4,18,joint,False,0,True,False,False,True,8.510407640085655,True,8.03822509939086
v3_sc3_staging_08,L1,4,18,oracle,False,0,True,False,False,True,8.03822509939086,True,8.03822509939086
v3_sc3_staging_08,L1,4,19,uncalibrated,False,0,True,True,False,True,9.541168824543144,False,9.541168824543144
v3_sc3_staging_08,L1,4,19,label_cell,False,0,False,False,False,False,nan,False,9.541168824543144
v3_sc3_staging_08,L1,4,19,label_only,False,0,True,False,False,True,9.649747468305833,True,9.541168824543144
v3_sc3_staging_08,L1,4,19,pose_only,False,0,True,True,False,True,9.541168824543144,False,9.541168824543144
v3_sc3_staging_08,L1,4,19,separate,False,0,True,False,False,True,9.699747468305834,True,9.541168824543144
v3_sc3_staging_08,L1,4,19,joint,False,0,True,False,False,True,9.649747468305833,True,9.541168824543144
v3_sc3_staging_08,L1,4,19,oracle,False,0,True,False,False,True,9.541168824543144,True,9.541168824543144
v3_sc3_staging_08,L2,0,0,uncalibrated,False,0,True,True,False,True,9.482590180780454,False,9.511879502661799
v3_sc3_staging_08,L2,0,0,label_cell,False,0,True,False,False,True,9.62045814642449,True,9.511879502661799
v3_sc3_staging_08,L2,0,0,label_only,False,0,True,False,False,True,10.016904755831215,True,9.511879502661799
v3_sc3_staging_08,L2,0,0,pose_only,False,0,True,True,False,True,9.482590180780454,False,9.511879502661799
v3_sc3_staging_08,L2,0,0,separate,False,0,True,False,False,True,10.116904755831214,True,9.511879502661799
v3_sc3_staging_08,L2,0,0,joint,False,0,True,False,False,True,10.016904755831215,True,9.511879502661799
v3_sc3_staging_08,L2,0,0,oracle,False,0,True,False,False,True,9.511879502661799,True,9.511879502661799
v3_sc3_staging_08,L2,0,1,uncalibrated,False,0,True,True,False,True,8.014823227814082,False,8.014823227814082
v3_sc3_staging_08,L2,0,1,label_cell,False,0,False,False,False,False,nan,False,8.014823227814082
v3_sc3_staging_08,L2,0,1,label_only,False,0,True,False,False,True,8.32193000900063,True,8.014823227814082
v3_sc3_staging_08,L2,0,1,pose_only,False,0,True,True,False,True,8.014823227814084,False,8.014823227814082
v3_sc3_staging_08,L2,0,1,separate,False,0,True,False,False,True,8.421930009000631,True,8.014823227814082
v3_sc3_staging_08,L2,0,1,joint,False,0,True,False,False,True,8.32193000900063,True,8.014823227814082
v3_sc3_staging_08,L2,0,1,oracle,False,0,True,False,False,True,8.014823227814082,True,8.014823227814082
v3_sc3_staging_08,L2,0,2,uncalibrated,False,0,True,True,False,True,10.571930009000631,False,10.747665940288705
v3_sc3_staging_08,L2,0,2,label_cell,False,0,False,False,False,False,nan,False,10.747665940288705
v3_sc3_staging_08,L2,0,2,label_only,False,0,True,False,False,True,11.37695526217005,True,10.747665940288705
v3_sc3_staging_08,L2,0,2,pose_only,False,0,True,True,False,True,10.601219330881976,False,10.747665940288705
v3_sc3_staging_08,L2,0,2,separate,False,0,True,False,False,True,11.47695526217005,True,10.747665940288705
v3_sc3_staging_08,L2,0,2,joint,False,0,True,False,False,True,11.37695526217005,True,10.747665940288705
v3_sc3_staging_08,L2,0,2,oracle,False,0,True,False,False,True,10.747665940288705,True,10.747665940288705
v3_sc3_staging_08,L2,0,3,uncalibrated,False,0,True,True,False,True,8.595584412271572,False,8.759188309203678
v3_sc3_staging_08,L2,0,3,label_cell,False,0,True,False,False,True,8.924873734152916,True,8.759188309203678
v3_sc3_staging_08,L2,0,3,label_only,False,0,True,False,False,True,9.512741699796953,True,8.759188309203678
v3_sc3_staging_08,L2,0,3,pose_only,False,0,True,True,False,True,8.654163056034262,False,8.759188309203678
v3_sc3_staging_08,L2,0,3,separate,False,0,True,False,False,True,9.612741699796953,True,8.759188309203678
v3_sc3_staging_08,L2,0,3,joint,False,0,True,False,False,True,9.512741699796953,True,8.759188309203678
v3_sc3_staging_08,L2,0,3,oracle,False,0,True,False,False,True,8.759188309203678,True,8.759188309203678
v3_sc3_staging_08,L2,0,4,uncalibrated,False,0,True,True,False,True,10.591168824543145,False,10.591168824543143
v3_sc3_staging_08,L2,0,4,label_cell,False,0,True,False,False,True,10.62045814642449,True,10.591168824543143
v3_sc3_staging_08,L2,0,4,label_only,False,0,True,False,False,True,10.649747468305835,True,10.591168824543143
v3_sc3_staging_08,L2,0,4,pose_only,False,0,True,True,False,True,10.591168824543143,False,10.591168824543143
v3_sc3_staging_08,L2,0,4,separate,False,0,True,False,False,True,10.708326112068525,True,10.591168824543143
v3_sc3_staging_08,L2,0,4,joint,False,0,True,False,False,True,10.649747468305835,True,10.591168824543143
v3_sc3_staging_08,L2,0,4,oracle,False,0,True,False,False,True,10.591168824543143,True,10.591168824543143
v3_sc3_staging_08,L2,0,5,uncalibrated,False,0,True,True,False,True,8.944112549695427,False,9.149137802864844
v3_sc3_staging_08,L2,0,5,label_cell,False,0,False,False,False,False,nan,False,9.149137802864844
v3_sc3_staging_08,L2,0,5,label_only,False,0,True,False,False,True,9.529898987322332,True,9.149137802864844
v3_sc3_staging_08,L2,0,5,pose_only,False,0,True,True,False,True,9.00269119345812,False,9.149137802864844
v3_sc3_staging_08,L2,0,5,separate,False,0,True,False,False,True,9.588477631085025,True,9.149137802864844
v3_sc3_staging_08,L2,0,5,joint,False,0,True,False,False,True,9.529898987322332,True,9.149137802864844
v3_sc3_staging_08,L2,0,5,oracle,False,0,True,False,False,True,9.149137802864844,True,9.149137802864844
v3_sc3_staging_08,L2,0,6,uncalibrated,False,0,True,True,False,True,10.67045814642449,False,10.84619407771256
v3_sc3_staging_08,L2,0,6,label_cell,False,0,False,False,False,False,nan,False,10.84619407771256
v3_sc3_staging_08,L2,0,6,label_only,False,0,True,False,False,True,11.22695526217005,True,10.84619407771256
v3_sc3_staging_08,L2,0,6,pose_only,False,0,True,True,False,True,10.699747468305834,False,10.84619407771256
v3_sc3_staging_08,L2,0,6,separate,False,0,True,False,False,True,11.285533905932738,True,10.84619407771256
v3_sc3_staging_08,L2,0,6,joint,False,0,True,False,False,True,11.22695526217005,True,10.84619407771256
v3_sc3_staging_08,L2,0,6,oracle,False,0,True,False,False,True,10.84619407771256,True,10.84619407771256
v3_sc3_staging_08,L2,0,7,uncalibrated,False,0,True,False,False,True,6.550609665440989,True,6.550609665440989
v3_sc3_staging_08,L2,0,7,label_cell,False,0,False,False,False,False,nan,False,6.550609665440989
v3_sc3_staging_08,L2,0,7,label_only,False,0,True,False,False,True,6.857716446627535,True,6.550609665440989
v3_sc3_staging_08,L2,0,7,pose_only,False,0,True,False,False,True,6.550609665440989,True,6.550609665440989
v3_sc3_staging_08,L2,0,7,separate,False,0,True,False,False,True,6.957716446627538,True,6.550609665440989
v3_sc3_staging_08,L2,0,7,joint,False,0,True,False,False,True,6.857716446627535,True,6.550609665440989
v3_sc3_staging_08,L2,0,7,oracle,False,0,True,False,False,True,6.550609665440989,True,6.550609665440989
v3_sc3_staging_08,L2,0,8,uncalibrated,False,0,True,True,False,True,6.397665940288703,False,6.397665940288703
v3_sc3_staging_08,L2,0,8,label_cell,False,0,True,False,False,True,6.397665940288703,True,6.397665940288703
v3_sc3_staging_08,L2,0,8,label_only,False,0,True,False,False,True,6.735533905932738,True,6.397665940288703
v3_sc3_staging_08,L2,0,8,pose_only,False,0,True,True,False,True,6.397665940288703,False,6.397665940288703
v3_sc3_staging_08,L2,0,8,separate,False,0,True,False,False,True,6.814823227814085,True,6.397665940288703
v3_sc3_staging_08,L2,0,8,joint,False,0,True,False,False,True,6.735533905932738,True,6.397665940288703
v3_sc3_staging_08,L2,0,8,oracle,False,0,True,False,False,True,6.397665940288703,True,6.397665940288703
v3_sc3_staging_08,L2,0,9,uncalibrated,False,0,True,False,False,True,6.509797974644669,True,6.509797974644669
v3_sc3_staging_08,L2,0,9,label_cell,False,0,True,False,False,True,6.509797974644669,True,6.509797974644669
v3_sc3_staging_08,L2,0,9,label_only,False,0,True,False,False,True,6.656244584051393,True,6.509797974644669
v3_sc3_staging_08,L2,0,9,pose_only,False,0,True,False,False,True,6.509797974644669,True,6.509797974644669
v3_sc3_staging_08,L2,0,9,separate,False,0,True,False,False,True,6.714823227814086,True,6.509797974644669
v3_sc3_staging_08,L2,0,9,joint,False,0,True,False,False,True,6.656244584051393,True,6.509797974644669
v3_sc3_staging_08,L2,0,9,oracle,False,0,True,False,False,True,6.509797974644669,True,6.509797974644669
v3_sc3_staging_08,L2,0,10,uncalibrated,False,0,True,True,False,True,10.303300858899107,False,10.320458146424489
v3_sc3_staging_08,L2,0,10,label_cell,False,0,False,False,False,False,nan,False,10.320458146424489
v3_sc3_staging_08,L2,0,10,label_only,False,0,True,False,False,True,11.168986283848348,True,10.320458146424489
v3_sc3_staging_08,L2,0,10,pose_only,False,0,True,True,False,True,10.303300858899107,False,10.320458146424489
v3_sc3_staging_08,L2,0,10,separate,False,0,True,False,False,True,11.26898628384835,True,10.320458146424489
v3_sc3_staging_08,L2,0,10,joint,False,0,True,False,False,True,11.168986283848348,True,10.320458146424489
v3_sc3_staging_08,L2,0,10,oracle,False,0,True,False,False,True,10.320458146424489,True,10.320458146424489
v3_sc3_staging_08,L2,0,11,uncalibrated,False,0,True,True,False,True,11.465432893255073,False,11.465432893255072
v3_sc3_staging_08,L2,0,11,label_cell,False,0,False,False,False,False,nan,False,11.465432893255072
v3_sc3_staging_08,L2,0,11,label_only,False,0,True,False,False,True,11.544722215136417,True,11.465432893255072
v3_sc3_staging_08,L2,0,11,pose_only,False,0,True,True,False,True,11.465432893255073,False,11.465432893255072
v3_sc3_staging_08,L2,0,11,separate,False,0,True,False,False,True,11.624011537017763,True,11.465432893255072
v3_sc3_staging_08,L2,0,11,joint,False,0,True,False,False,True,11.544722215136417,True,11.465432893255072
v3_sc3_staging_08,L2,0,11,oracle,False,0,True,False,False,True,11.465432893255072,True,11.465432893255072
v3_sc3_staging_08,L2,0,12,uncalibrated,False,0,True,True,False,True,7.004772721475252,False,7.121930009000636
v3_sc3_staging_08,L2,0,12,label_cell,False,0,False,False,False,False,nan,False,7.121930009000636
v3_sc3_staging_08,L2,0,12,label_only,False,0,True,False,False,True,7.916904755831215,True,7.121930009000636
v3_sc3_staging_08,L2,0,12,pose_only,False,0,True,True,False,True,7.034062043356599,False,7.121930009000636
v3_sc3_staging_08,L2,0,12,separate,False,0,True,False,False,True,8.016904755831213,True,7.121930009000636
v3_sc3_staging_08,L2,0,12,joint,False,0,True,False,False,True,7.916904755831215,True,7.121930009000636
v3_sc3_staging_08,L2,0,12,oracle,False,0,True,False,False,True,7.121930009000636,True,7.121930009000636
v3_sc3_staging_08,L2,0,13,uncalibrated,False,0,True,True,False,True,8.896803743153548,False,8.896803743153548
v3_sc3_staging_08,L2,0,13,label_cell,False,0,False,False,False,False,nan,False,8.896803743153548
v3_sc3_staging_08,L2,0,13,label_only,False,0,True,False,False,True,9.24827560572969,True,8.896803743153548
v3_sc3_staging_08,L2,0,13,pose_only,False,0,True,True,False,True,8.896803743153546,False,8.896803743153548
v3_sc3_staging_08,L2,0,13,separate,False,0,True,False,False,True,9.30685424949238,True,8.896803743153548
v3_sc3_staging_08,L2,0,13,joint,False,0,True,False,False,True,9.24827560572969,True,8.896803743153548
v3_sc3_staging_08,L2,0,13,oracle,False,0,True,False,False,True,8.896803743153548,True,8.896803743153548
v3_sc3_staging_08,L2,0,14,uncalibrated,False,0,True,True,False,True,7.732590180780456,False,7.732590180780456
v3_sc3_staging_08,L2,0,14,label_cell,False,0,True,False,False,True,7.941168824543142,True,7.732590180780456
v3_sc3_staging_08,L2,0,14,label_only,False,0,True,False,False,True,7.7911688245431465,True,7.732590180780456
v3_sc3_staging_08,L2,0,14,pose_only,False,0,True,True,False,True,7.732590180780456,False,7.732590180780456
v3_sc3_staging_08,L2,0,14,separate,False,0,True,False,False,True,7.849747468305833,True,7.732590180780456
v3_sc3_staging_08,L2,0,14,joint,False,0,True,False,False,True,7.7911688245431465,True,7.732590180780456
v3_sc3_staging_08,L2,0,14,oracle,False,0,True,False,False,True,7.732590180780456,True,7.732590180780456
v3_sc3_staging_08,L2,0,15,uncalibrated,False,0,True,True,False,True,6.8148232278140854,False,6.8148232278140854
v3_sc3_staging_08,L2,0,15,label_cell,False,0,False,False,False,False,nan,False,6.8148232278140854
v3_sc3_staging_08,L2,0,15,label_only,False,0,True,False,False,True,7.204772721475253,True,6.8148232278140854
v3_sc3_staging_08,L2,0,15,pose_only,False,0,True,True,False,True,6.8148232278140854,False,6.8148232278140854
v3_sc3_staging_08,L2,0,15,separate,False,0,True,False,False,True,7.304772721475252,True,6.8148232278140854
v3_sc3_staging_08,L2,0,15,joint,False,0,True,False,False,True,7.204772721475253,True,6.8148232278140854
v3_sc3_staging_08,L2,0,15,oracle,False,0,True,False,False,True,6.8148232278140854,True,6.8148232278140854
v3_sc3_staging_08,L2,0,16,uncalibrated,False,0,True,True,False,True,7.313351365237941,False,7.489087296526016
v3_sc3_staging_08,L2,0,16,label_cell,False,0,True,False,False,True,7.680508652763322,True,7.489087296526016
v3_sc3_staging_08,L2,0,16,label_only,False,0,True,False,False,True,8.035533905932738,True,7.489087296526016
v3_sc3_staging_08,L2,0,16,pose_only,False,0,True,True,False,True,7.342640687119289,False,7.489087296526016
v3_sc3_staging_08,L2,0,16,separate,False,0,True,False,False,True,8.135533905932737,True,7.489087296526016
v3_sc3_staging_08,L2,0,16,joint,False,0,True,False,False,True,8.035533905932738,True,7.489087296526016
v3_sc3_staging_08,L2,0,16,oracle,False,0,True,False,False,True,7.489087296526016,True,7.489087296526016
v3_sc3_staging_08,L2,0,17,uncalibrated,False,0,True,True,False,True,7.606854249492386,False,7.724011537017765
v3_sc3_staging_08,L2,0,17,label_cell,False,0,True,False,False,True,7.811879502661802,True,7.724011537017765
v3_sc3_staging_08,L2,0,17,label_only,False,0,True,False,False,True,8.353300858899107,True,7.724011537017765
v3_sc3_staging_08,L2,0,17,pose_only,False,0,True,True,False,True,7.606854249492386,False,7.724011537017765
v3_sc3_staging_08,L2,0,17,separate,False,0,True,False,False,True,8.453300858899107,True,7.724011537017765
v3_sc3_staging_08,L2,0,17,joint,False,0,True,False,False,True,8.353300858899107,True,7.724011537017765
v3_sc3_staging_08,L2,0,17,oracle,False,0,True,False,False,True,7.724011537017765,True,7.724011537017765
v3_sc3_staging_08,L2,0,18,uncalibrated,False,0,True,True,False,True,8.008935777509512,False,8.03822509939086
v3_sc3_staging_08,L2,0,18,label_cell,False,0,False,False,False,False,nan,False,8.03822509939086
v3_sc3_staging_08,L2,0,18,label_only,False,0,True,False,False,True,8.501828996322965,True,8.03822509939086
v3_sc3_staging_08,L2,0,18,pose_only,False,0,True,True,False,True,8.008935777509512,False,8.03822509939086
v3_sc3_staging_08,L2,0,18,separate,False,0,True,False,False,True,8.58111831820431,True,8.03822509939086
v3_sc3_staging_08,L2,0,18,joint,False,0,True,False,False,True,8.501828996322965,True,8.03822509939086
v3_sc3_staging_08,L2,0,18,oracle,False,0,True,False,False,True,8.03822509939086,True,8.03822509939086
v3_sc3_staging_08,L2,0,19,uncalibrated,False,0,True,True,False,True,9.520458146424488,False,9.520458146424488
v3_sc3_staging_08,L2,0,19,label_cell,False,0,False,False,False,False,nan,False,9.520458146424488
v3_sc3_staging_08,L2,0,19,label_only,False,0,True,False,False,True,9.62045814642449,True,9.520458146424488
v3_sc3_staging_08,L2,0,19,pose_only,False,0,True,True,False,True,9.520458146424488,False,9.520458146424488
v3_sc3_staging_08,L2,0,19,separate,False,0,True,False,False,True,9.699747468305834,True,9.520458146424488
v3_sc3_staging_08,L2,0,19,joint,False,0,True,False,False,True,9.62045814642449,True,9.520458146424488
v3_sc3_staging_08,L2,0,19,oracle,False,0,True,False,False,True,9.520458146424488,True,9.520458146424488
v3_sc3_staging_08,L2,1,0,uncalibrated,False,0,True,True,False,True,9.411879502661797,False,9.441168824543144
v3_sc3_staging_08,L2,1,0,label_cell,False,0,True,False,False,True,9.52903679018718,True,9.441168824543144
v3_sc3_staging_08,L2,1,0,label_only,False,0,True,False,False,True,9.94619407771256,True,9.441168824543144
v3_sc3_staging_08,L2,1,0,pose_only,False,0,True,True,False,True,9.411879502661797,False,9.441168824543144
v3_sc3_staging_08,L2,1,0,separate,False,0,True,False,False,True,10.04619407771256,True,9.441168824543144
v3_sc3_staging_08,L2,1,0,joint,False,0,True,False,False,True,9.94619407771256,True,9.441168824543144
v3_sc3_staging_08,L2,1,0,oracle,False,0,True,False,False,True,9.441168824543144,True,9.441168824543144
v3_sc3_staging_08,L2,1,1,uncalibrated,False,0,True,True,False,True,7.994112549695427,False,7.994112549695427
v3_sc3_staging_08,L2,1,1,label_cell,False,0,False,False,False,False,nan,False,7.994112549695427
v3_sc3_staging_08,L2,1,1,label_only,False,0,True,False,False,True,8.301219330881976,True,7.994112549695427
v3_sc3_staging_08,L2,1,1,pose_only,False,0,True,True,False,True,7.994112549695427,False,7.994112549695427
v3_sc3_staging_08,L2,1,1,separate,False,0,True,False,False,True,8.401219330881977,True,7.994112549695427
v3_sc3_staging_08,L2,1,1,joint,False,0,True,False,False,True,8.301219330881976,True,7.994112549695427
v3_sc3_staging_08,L2,1,1,oracle,False,0,True,False,False,True,7.994112549695427,True,7.994112549695427
v3_sc3_staging_08,L2,1,2,uncalibrated,False,0,True,True,False,True,10.551219330881977,False,10.768376618407357
v3_sc3_staging_08,L2,1,2,label_cell,False,0,False,False,False,False,nan,False,10.768376618407357
v3_sc3_staging_08,L2,1,2,label_only,False,0,True,False,False,True,11.356244584051396,True,10.768376618407357
v3_sc3_staging_08,L2,1,2,pose_only,False,0,True,True,False,True,10.580508652763323,False,10.768376618407357
v3_sc3_staging_08,L2,1,2,separate,False,0,True,False,False,True,11.456244584051394,True,10.768376618407357
v3_sc3_staging_08,L2,1,2,joint,False,0,True,False,False,True,11.356244584051396,True,10.768376618407357
v3_sc3_staging_08,L2,1,2,oracle,False,0,True,False,False,True,10.768376618407357,True,10.768376618407357
v3_sc3_staging_08,L2,1,3,uncalibrated,False,0,True,True,False,True,8.595584412271572,False,8.800609665440987
v3_sc3_staging_08,L2,1,3,label_cell,False,0,True,False,False,True,8.883452377915608,True,8.800609665440987
v3_sc3_staging_08,L2,1,3,label_only,False,0,True,False,False,True,9.512741699796953,True,8.800609665440987
v3_sc3_staging_08,L2,1,3,pose_only,False,0,True,True,False,True,8.654163056034262,False,8.800609665440987
v3_sc3_staging_08,L2,1,3,separate,False,0,True,False,False,True,9.612741699796954,True,8.800609665440987
v3_sc3_staging_08,L2,1,3,joint,False,0,True,False,False,True,9.512741699796953,True,8.800609665440987
v3_sc3_staging_08,L2,1,3,oracle,False,0,True,False,False,True,8.800609665440987,True,8.800609665440987
v3_sc3_staging_08,L2,1,4,uncalibrated,False,0,True,True,False,True,10.570458146424489,False,10.570458146424489
v3_sc3_staging_08,L2,1,4,label_cell,False,0,True,False,False,True,10.599747468305834,True,10.570458146424489
v3_sc3_staging_08,L2,1,4,label_only,False,0,True,False,False,True,10.629036790187179,True,10.570458146424489
v3_sc3_staging_08,L2,1,4,pose_only,False,0,True,True,False,True,10.570458146424489,False,10.570458146424489
v3_sc3_staging_08,L2,1,4,separate,False,0,True,False,False,True,10.68761543394987,True,10.570458146424489
v3_sc3_staging_08,L2,1,4,joint,False,0,True,False,False,True,10.629036790187179,True,10.570458146424489
v3_sc3_staging_08,L2,1,4,oracle,False,0,True,False,False,True,10.570458146424489,True,10.570458146424489
v3_sc3_staging_08,L2,1,5,uncalibrated,False,0,True,True,False,True,8.944112549695427,False,9.149137802864844
v3_sc3_staging_08,L2,1,5,label_cell,False,0,False,False,False,False,nan,False,9.149137802864844
v3_sc3_staging_08,L2,1,5,label_only,False,0,True,False,False,True,9.529898987322332,True,9.149137802864844
v3_sc3_staging_08,L2,1,5,pose_only,False,0,True,True,False,True,9.00269119345812,False,9.149137802864844
v3_sc3_staging_08,L2,1,5,separate,False,0,True,False,False,True,9.588477631085025,True,9.149137802864844
v3_sc3_staging_08,L2,1,5,joint,False,0,True,False,False,True,9.529898987322332,True,9.149137802864844
v3_sc3_staging_08,L2,1,5,oracle,False,0,True,False,False,True,9.149137802864844,True,9.149137802864844
v3_sc3_staging_08,L2,1,6,uncalibrated,False,0,True,True,False,True,10.670458146424489,False,10.84619407771256
v3_sc3_staging_08,L2,1,6,label_cell,False,0,False,False,False,False,nan,False,10.84619407771256
v3_sc3_staging_08,L2,1,6,label_only,False,0,True,False,False,True,11.22695526217005,True,10.84619407771256
v3_sc3_staging_08,L2,1,6,pose_only,False,0,True,True,False,True,10.699747468305834,False,10.84619407771256
v3_sc3_staging_08,L2,1,6,separate,False,0,True,False,False,True,11.285533905932738,True,10.84619407771256
v3_sc3_staging_08,L2,1,6,joint,False,0,True,False,False,True,11.22695526217005,True,10.84619407771256
v3_sc3_staging_08,L2,1,6,oracle,False,0,True,False,False,True,10.84619407771256,True,10.84619407771256
v3_sc3_staging_08,L2,1,7,uncalibrated,False,0,True,False,False,True,6.550609665440989,True,6.550609665440989
v3_sc3_staging_08,L2,1,7,label_cell,False,0,False,False,False,False,nan,False,6.550609665440989
v3_sc3_staging_08,L2,1,7,label_only,False,0,True,False,False,True,6.857716446627535,True,6.550609665440989
v3_sc3_staging_08,L2,1,7,pose_only,False,0,True,False,False,True,6.550609665440989,True,6.550609665440989
v3_sc3_staging_08,L2,1,7,separate,False,0,True,False,False,True,6.957716446627538,True,6.550609665440989
v3_sc3_staging_08,L2,1,7,joint,False,0,True,False,False,True,6.857716446627535,True,6.550609665440989
v3_sc3_staging_08,L2,1,7,oracle,False,0,True,False,False,True,6.550609665440989,True,6.550609665440989
v3_sc3_staging_08,L2,1,8,uncalibrated,False,0,True,True,False,True,6.418376618407358,False,6.418376618407358
v3_sc3_staging_08,L2,1,8,label_cell,False,0,True,False,False,True,6.418376618407358,True,6.418376618407358
v3_sc3_staging_08,L2,1,8,label_only,False,0,True,False,False,True,6.735533905932738,True,6.418376618407358
v3_sc3_staging_08,L2,1,8,pose_only,False,0,True,True,False,True,6.418376618407358,False,6.418376618407358
v3_sc3_staging_08,L2,1,8,separate,False,0,True,False,False,True,6.814823227814085,True,6.418376618407358
v3_sc3_staging_08,L2,1,8,joint,False,0,True,False,False,True,6.735533905932738,True,6.418376618407358
v3_sc3_staging_08,L2,1,8,oracle,False,0,True,False,False,True,6.418376618407358,True,6.418376618407358
v3_sc3_staging_08,L2,1,9,uncalibrated,False,0,True,False,False,True,6.530508652763324,True,6.530508652763324
v3_sc3_staging_08,L2,1,9,label_cell,False,0,False,False,False,False,nan,False,6.530508652763324
v3_sc3_staging_08,L2,1,9,label_only,False,0,True,False,False,True,6.676955262170049,True,6.530508652763324
v3_sc3_staging_08,L2,1,9,pose_only,False,0,True,False,False,True,6.530508652763324,True,6.530508652763324
v3_sc3_staging_08,L2,1,9,separate,False,0,True,False,False,True,6.735533905932741,True,6.530508652763324
v3_sc3_staging_08,L2,1,9,joint,False,0,True,False,False,True,6.676955262170049,True,6.530508652763324
v3_sc3_staging_08,L2,1,9,oracle,False,0,True,False,False,True,6.530508652763324,True,6.530508652763324
v3_sc3_staging_08,L2,1,10,uncalibrated,False,0,True,True,False,True,10.191168824543142,False,10.249747468305834
v3_sc3_staging_08,L2,1,10,label_cell,False,0,False,False,False,False,nan,False,10.249747468305834
v3_sc3_staging_08,L2,1,10,label_only,False,0,True,False,False,True,11.098275605729691,True,10.249747468305834
v3_sc3_staging_08,L2,1,10,pose_only,False,0,True,True,False,True,10.191168824543142,False,10.249747468305834
v3_sc3_staging_08,L2,1,10,separate,False,0,True,False,False,True,11.198275605729693,True,10.249747468305834
v3_sc3_staging_08,L2,1,10,joint,False,0,True,False,False,True,11.098275605729691,True,10.249747468305834
v3_sc3_staging_08,L2,1,10,oracle,False,0,True,False,False,True,10.249747468305834,True,10.249747468305834
v3_sc3_staging_08,L2,1,11,uncalibrated,False,0,True,True,False,True,11.394722215136419,False,11.394722215136419
v3_sc3_staging_08,L2,1,11,label_cell,False,0,True,False,False,True,11.394722215136419,True,11.394722215136419
v3_sc3_staging_08,L2,1,11,label_only,False,0,True,False,False,True,11.474011537017763,True,11.394722215136419
v3_sc3_staging_08,L2,1,11,pose_only,False,0,True,True,False,True,11.394722215136419,False,11.394722215136419
v3_sc3_staging_08,L2,1,11,separate,False,0,True,False,False,True,11.553300858899108,True,11.394722215136419
v3_sc3_staging_08,L2,1,11,joint,False,0,True,False,False,True,11.474011537017763,True,11.394722215136419
v3_sc3_staging_08,L2,1,11,oracle,False,0,True,False,False,True,11.394722215136419,True,11.394722215136419
v3_sc3_staging_08,L2,1,12,uncalibrated,False,0,True,True,False,True,7.004772721475253,False,7.121930009000636
v3_sc3_staging_08,L2,1,12,label_cell,False,0,False,False,False,False,nan,False,7.121930009000636
v3_sc3_staging_08,L2,1,12,label_only,False,0,True,False,False,True,7.875483399593904,True,7.121930009000636
v3_sc3_staging_08,L2,1,12,pose_only,False,0,True,True,False,True,7.004772721475252,False,7.121930009000636
v3_sc3_staging_08,L2,1,12,separate,False,0,True,False,False,True,7.975483399593904,True,7.121930009000636
v3_sc3_staging_08,L2,1,12,joint,False,0,True,False,False,True,7.875483399593904,True,7.121930009000636
v3_sc3_staging_08,L2,1,12,oracle,False,0,True,False,False,True,7.121930009000636,True,7.121930009000636
v3_sc3_staging_08,L2,1,13,uncalibrated,False,0,True,True,False,True,8.826093065034895,False,8.826093065034895
v3_sc3_staging_08,L2,1,13,label_cell,False,0,False,False,False,False,nan,False,8.826093065034895
v3_sc3_staging_08,L2,1,13,label_only,False,0,True,False,False,True,9.177564927611035,True,8.826093065034895
v3_sc3_staging_08,L2,1,13,pose_only,False,0,True,True,False,True,8.826093065034893,False,8.826093065034895
v3_sc3_staging_08,L2,1,13,separate,False,0,True,False,False,True,9.236143571373727,True,8.826093065034895
v3_sc3_staging_08,L2,1,13,joint,False,0,True,False,False,True,9.177564927611035,True,8.826093065034895
v3_sc3_staging_08,L2,1,13,oracle,False,0,True,False,False,True,8.826093065034895,True,8.826093065034895
v3_sc3_staging_08,L2,1,14,uncalibrated,False,0,True,True,False,True,7.732590180780456,False,7.732590180780456
v3_sc3_staging_08,L2,1,14,label_cell,False,0,True,False,False,True,8.041168824543144,True,7.732590180780456
v3_sc3_staging_08,L2,1,14,label_only,False,0,True,False,False,True,7.7911688245431465,True,7.732590180780456
v3_sc3_staging_08,L2,1,14,pose_only,False,0,True,True,False,True,7.732590180780455,False,7.732590180780456
v3_sc3_staging_08,L2,1,14,separate,False,0,True,False,False,True,7.849747468305835,True,7.732590180780456
v3_sc3_staging_08,L2,1,14,joint,False,0,True,False,False,True,7.7911688245431465,True,7.732590180780456
v3_sc3_staging_08,L2,1,14,oracle,False,0,True,False,False,True,7.732590180780456,True,7.732590180780456
v3_sc3_staging_08,L2,1,15,uncalibrated,False,0,True,True,False,True,6.835533905932741,False,6.835533905932741
v3_sc3_staging_08,L2,1,15,label_cell,False,0,False,False,False,False,nan,False,6.835533905932741
v3_sc3_staging_08,L2,1,15,label_only,False,0,True,False,False,True,7.184062043356597,True,6.835533905932741
v3_sc3_staging_08,L2,1,15,pose_only,False,0,True,True,False,True,6.835533905932741,False,6.835533905932741
v3_sc3_staging_08,L2,1,15,separate,False,0,True,False,False,True,7.284062043356596,True,6.835533905932741
v3_sc3_staging_08,L2,1,15,joint,False,0,True,False,False,True,7.184062043356597,True,6.835533905932741
v3_sc3_staging_08,L2,1,15,oracle,False,0,True,False,False,True,6.835533905932741,True,6.835533905932741
v3_sc3_staging_08,L2,1,16,uncalibrated,False,0,True,True,False,True,7.292640687119287,False,7.468376618407361
v3_sc3_staging_08,L2,1,16,label_cell,False,0,True,False,False,True,7.680508652763322,True,7.468376618407361
v3_sc3_staging_08,L2,1,16,label_only,False,0,True,False,False,True,8.014823227814082,True,7.468376618407361
v3_sc3_staging_08,L2,1,16,pose_only,False,0,True,True,False,True,7.321930009000633,False,7.468376618407361
v3_sc3_staging_08,L2,1,16,separate,False,0,True,False,False,True,8.114823227814083,True,7.468376618407361
v3_sc3_staging_08,L2,1,16,joint,False,0,True,False,False,True,8.014823227814082,True,7.468376618407361
v3_sc3_staging_08,L2,1,16,oracle,False,0,True,False,False,True,7.468376618407361,True,7.468376618407361
v3_sc3_staging_08,L2,1,17,uncalibrated,False,0,True,True,False,True,7.556854249492386,False,7.6740115370177655
v3_sc3_staging_08,L2,1,17,label_cell,False,0,True,False,False,True,7.761879502661802,True,7.6740115370177655
v3_sc3_staging_08,L2,1,17,label_only,False,0,True,False,False,True,8.261879502661797,True,7.6740115370177655
v3_sc3_staging_08,L2,1,17,pose_only,False,0,True,True,False,True,7.556854249492386,False,7.6740115370177655
v3_sc3_staging_08,L2,1,17,separate,False,0,True,False,False,True,8.361879502661798,True,7.6740115370177655
v3_sc3_staging_08,L2,1,17,joint,False,0,True,False,False,True,8.261879502661797,True,7.6740115370177655
v3_sc3_staging_08,L2,1,17,oracle,False,0,True,False,False,True,7.6740115370177655,True,7.6740115370177655
v3_sc3_staging_08,L2,1,18,uncalibrated,False,0,True,True,False,True,7.988225099390859,False,7.988225099390859
v3_sc3_staging_08,L2,1,18,label_cell,False,0,False,False,False,False,nan,False,7.988225099390859
v3_sc3_staging_08,L2,1,18,label_only,False,0,True,False,False,True,8.43111831820431,True,7.988225099390859
v3_sc3_staging_08,L2,1,18,pose_only,False,0,True,True,False,True,7.988225099390859,False,7.988225099390859
v3_sc3_staging_08,L2,1,18,separate,False,0,True,False,False,True,8.510407640085655,True,7.988225099390859
v3_sc3_staging_08,L2,1,18,joint,False,0,True,False,False,True,8.43111831820431,True,7.988225099390859
v3_sc3_staging_08,L2,1,18,oracle,False,0,True,False,False,True,7.988225099390859,True,7.988225099390859
v3_sc3_staging_08,L2,1,19,uncalibrated,False,0,True,True,False,True,9.499747468305834,False,9.499747468305832
v3_sc3_staging_08,L2,1,19,label_cell,False,0,False,False,False,False,nan,False,9.499747468305832
v3_sc3_staging_08,L2,1,19,label_only,False,0,True,False,False,True,9.599747468305834,True,9.499747468305832
v3_sc3_staging_08,L2,1,19,pose_only,False,0,True,True,False,True,9.499747468305832,False,9.499747468305832
v3_sc3_staging_08,L2,1,19,separate,False,0,True,False,False,True,9.67903679018718,True,9.499747468305832
v3_sc3_staging_08,L2,1,19,joint,False,0,True,False,False,True,9.599747468305834,True,9.499747468305832
v3_sc3_staging_08,L2,1,19,oracle,False,0,True,False,False,True,9.499747468305832,True,9.499747468305832
v3_sc3_staging_08,L2,2,0,uncalibrated,False,0,True,True,False,True,9.461879502661798,False,9.461879502661798
v3_sc3_staging_08,L2,2,0,label_cell,False,0,True,False,False,True,9.549747468305833,True,9.461879502661798
v3_sc3_staging_08,L2,2,0,label_only,False,0,True,False,False,True,9.966904755831216,True,9.461879502661798
v3_sc3_staging_08,L2,2,0,pose_only,False,0,True,True,False,True,9.461879502661798,False,9.461879502661798
v3_sc3_staging_08,L2,2,0,separate,False,0,True,False,False,True,10.066904755831215,True,9.461879502661798
v3_sc3_staging_08,L2,2,0,joint,False,0,True,False,False,True,9.966904755831216,True,9.461879502661798
v3_sc3_staging_08,L2,2,0,oracle,False,0,True,False,False,True,9.461879502661798,True,9.461879502661798
v3_sc3_staging_08,L2,2,1,uncalibrated,False,0,True,True,False,True,7.994112549695427,False,7.994112549695427
v3_sc3_staging_08,L2,2,1,label_cell,False,0,False,False,False,False,nan,False,7.994112549695427
v3_sc3_staging_08,L2,2,1,label_only,False,0,True,False,False,True,8.27193000900063,True,7.994112549695427
v3_sc3_staging_08,L2,2,1,pose_only,False,0,True,True,False,True,7.994112549695427,False,7.994112549695427
v3_sc3_staging_08,L2,2,1,separate,False,0,True,False,False,True,8.37193000900063,True,7.994112549695427
v3_sc3_staging_08,L2,2,1,joint,False,0,True,False,False,True,8.27193000900063,True,7.994112549695427
v3_sc3_staging_08,L2,2,1,oracle,False,0,True,False,False,True,7.994112549695427,True,7.994112549695427
v3_sc3_staging_08,L2,2,2,uncalibrated,False,0,True,True,False,True,10.501219330881979,False,10.71837661840736
v3_sc3_staging_08,L2,2,2,label_cell,False,0,False,False,False,False,nan,False,10.71837661840736
v3_sc3_staging_08,L2,2,2,label_only,False,0,True,False,False,True,11.347665940288703,True,10.71837661840736
v3_sc3_staging_08,L2,2,2,pose_only,False,0,True,True,False,True,10.530508652763324,False,10.71837661840736
v3_sc3_staging_08,L2,2,2,separate,False,0,True,False,False,True,11.447665940288704,True,10.71837661840736
v3_sc3_staging_08,L2,2,2,joint,False,0,True,False,False,True,11.347665940288703,True,10.71837661840736
v3_sc3_staging_08,L2,2,2,oracle,False,0,True,False,False,True,10.71837661840736,True,10.71837661840736
v3_sc3_staging_08,L2,2,3,uncalibrated,False,0,True,True,False,True,8.483452377915606,False,8.729898987322334
v3_sc3_staging_08,L2,2,3,label_cell,False,0,True,False,False,True,8.895584412271573,True,8.729898987322334
v3_sc3_staging_08,L2,2,3,label_only,False,0,True,False,False,True,9.512741699796953,True,8.729898987322334
v3_sc3_staging_08,L2,2,3,pose_only,False,0,True,True,False,True,8.542031021678296,False,8.729898987322334
v3_sc3_staging_08,L2,2,3,separate,False,0,True,False,False,True,9.612741699796953,True,8.729898987322334
v3_sc3_staging_08,L2,2,3,joint,False,0,True,False,False,True,9.512741699796953,True,8.729898987322334
v3_sc3_staging_08,L2,2,3,oracle,False,0,True,False,False,True,8.729898987322334,True,8.729898987322334
v3_sc3_staging_08,L2,2,4,uncalibrated,False,0,True,True,False,True,10.67045814642449,False,10.670458146424489
v3_sc3_staging_08,L2,2,4,label_cell,False,0,True,False,False,True,10.729036790187179,True,10.670458146424489
v3_sc3_staging_08,L2,2,4,label_only,False,0,True,False,False,True,10.699747468305834,True,10.670458146424489
v3_sc3_staging_08,L2,2,4,pose_only,False,0,True,True,False,True,10.670458146424489,False,10.670458146424489
v3_sc3_staging_08,L2,2,4,separate,False,0,True,False,False,True,10.758326112068524,True,10.670458146424489
v3_sc3_staging_08,L2,2,4,joint,False,0,True,False,False,True,10.699747468305834,True,10.670458146424489
v3_sc3_staging_08,L2,2,4,oracle,False,0,True,False,False,True,10.670458146424489,True,10.670458146424489
v3_sc3_staging_08,L2,2,5,uncalibrated,False,0,True,True,False,True,8.923401871576774,False,9.12842712474619
v3_sc3_staging_08,L2,2,5,label_cell,False,0,False,False,False,False,nan,False,9.12842712474619
v3_sc3_staging_08,L2,2,5,label_only,False,0,True,False,False,True,9.509188309203678,True,9.12842712474619
v3_sc3_staging_08,L2,2,5,pose_only,False,0,True,True,False,True,8.981980515339464,False,9.12842712474619
v3_sc3_staging_08,L2,2,5,separate,False,0,True,False,False,True,9.56776695296637,True,9.12842712474619
v3_sc3_staging_08,L2,2,5,joint,False,0,True,False,False,True,9.509188309203678,True,9.12842712474619
v3_sc3_staging_08,L2,2,5,oracle,False,0,True,False,False,True,9.12842712474619,True,9.12842712474619
v3_sc3_staging_08,L2,2,6,uncalibrated,False,0,True,True,False,True,10.649747468305835,False,10.825483399593905
v3_sc3_staging_08,L2,2,6,label_cell,False,0,False,False,False,False,nan,False,10.825483399593905
v3_sc3_staging_08,L2,2,6,label_only,False,0,True,False,False,True,11.206244584051394,True,10.825483399593905
v3_sc3_staging_08,L2,2,6,pose_only,False,0,True,True,False,True,10.679036790187181,False,10.825483399593905
v3_sc3_staging_08,L2,2,6,separate,False,0,True,False,False,True,11.264823227814084,True,10.825483399593905
v3_sc3_staging_08,L2,2,6,joint,False,0,True,False,False,True,11.206244584051394,True,10.825483399593905
v3_sc3_staging_08,L2,2,6,oracle,False,0,True,False,False,True,10.825483399593905,True,10.825483399593905
v3_sc3_staging_08,L2,2,7,uncalibrated,False,0,True,False,False,True,6.529898987322333,True,6.529898987322333
v3_sc3_staging_08,L2,2,7,label_cell,False,0,False,False,False,False,nan,False,6.529898987322333
v3_sc3_staging_08,L2,2,7,label_only,False,0,True,False,False,True,6.807716446627535,True,6.529898987322333
v3_sc3_staging_08,L2,2,7,pose_only,False,0,True,False,False,True,6.529898987322333,True,6.529898987322333
v3_sc3_staging_08,L2,2,7,separate,False,0,True,False,False,True,6.9077164466275365,True,6.529898987322333
v3_sc3_staging_08,L2,2,7,joint,False,0,True,False,False,True,6.807716446627535,True,6.529898987322333
v3_sc3_staging_08,L2,2,7,oracle,False,0,True,False,False,True,6.529898987322333,True,6.529898987322333
v3_sc3_staging_08,L2,2,8,uncalibrated,False,0,True,True,False,True,6.376955262170048,False,6.376955262170047
v3_sc3_staging_08,L2,2,8,label_cell,False,0,True,False,False,True,6.376955262170047,True,6.376955262170047
v3_sc3_staging_08,L2,2,8,label_only,False,0,True,False,False,True,6.685533905932738,True,6.376955262170047
v3_sc3_staging_08,L2,2,8,pose_only,False,0,True,True,False,True,6.376955262170047,False,6.376955262170047
v3_sc3_staging_08,L2,2,8,separate,False,0,True,False,False,True,6.764823227814083,True,6.376955262170047
v3_sc3_staging_08,L2,2,8,joint,False,0,True,False,False,True,6.685533905932738,True,6.376955262170047
v3_sc3_staging_08,L2,2,8,oracle,False,0,True,False,False,True,6.376955262170047,True,6.376955262170047
v3_sc3_staging_08,L2,2,9,uncalibrated,False,0,True,False,False,True,6.489087296526013,True,6.489087296526013
v3_sc3_staging_08,L2,2,9,label_cell,False,0,True,False,False,True,6.489087296526013,True,6.489087296526013
v3_sc3_staging_08,L2,2,9,label_only,False,0,True,False,False,True,6.606244584051395,True,6.489087296526013
v3_sc3_staging_08,L2,2,9,pose_only,False,0,True,False,False,True,6.489087296526013,True,6.489087296526013
v3_sc3_staging_08,L2,2,9,separate,False,0,True,False,False,True,6.664823227814086,True,6.489087296526013
v3_sc3_staging_08,L2,2,9,joint,False,0,True,False,False,True,6.606244584051395,True,6.489087296526013
v3_sc3_staging_08,L2,2,9,oracle,False,0,True,False,False,True,6.489087296526013,True,6.489087296526013
v3_sc3_staging_08,L2,2,10,uncalibrated,False,0,True,False,False,True,10.241168824543143,True,10.270458146424488
v3_sc3_staging_08,L2,2,10,label_cell,False,0,False,False,False,False,nan,False,10.270458146424488
v3_sc3_staging_08,L2,2,10,label_only,False,0,True,False,False,True,11.118986283848349,True,10.270458146424488
v3_sc3_staging_08,L2,2,10,pose_only,False,0,True,False,False,True,10.241168824543143,True,10.270458146424488
v3_sc3_staging_08,L2,2,10,separate,False,0,True,False,False,True,11.218986283848347,True,10.270458146424488
v3_sc3_staging_08,L2,2,10,joint,False,0,True,False,False,True,11.118986283848349,True,10.270458146424488
v3_sc3_staging_08,L2,2,10,oracle,False,0,True,False,False,True,10.270458146424488,True,10.270458146424488
v3_sc3_staging_08,L2,2,11,uncalibrated,False,0,True,True,False,True,11.424011537017762,False,11.424011537017762
v3_sc3_staging_08,L2,2,11,label_cell,False,0,True,False,False,True,11.424011537017762,True,11.424011537017762
v3_sc3_staging_08,L2,2,11,label_only,False,0,True,False,False,True,11.474011537017763,True,11.424011537017762
v3_sc3_staging_08,L2,2,11,pose_only,False,0,True,True,False,True,11.424011537017762,False,11.424011537017762
v3_sc3_staging_08,L2,2,11,separate,False,0,True,False,False,True,11.553300858899108,True,11.424011537017762
v3_sc3_staging_08,L2,2,11,joint,False,0,True,False,False,True,11.474011537017763,True,11.424011537017762
v3_sc3_staging_08,L2,2,11,oracle,False,0,True,False,False,True,11.424011537017762,True,11.424011537017762
v3_sc3_staging_08,L2,2,12,uncalibrated,False,0,True,True,False,True,6.984062043356598,False,7.071930009000635
v3_sc3_staging_08,L2,2,12,label_cell,False,0,False,False,False,False,nan,False,7.071930009000635
v3_sc3_staging_08,L2,2,12,label_only,False,0,True,False,False,True,7.866904755831214,True,7.071930009000635
v3_sc3_staging_08,L2,2,12,pose_only,False,0,True,True,False,True,6.984062043356598,False,7.071930009000635
v3_sc3_staging_08,L2,2,12,separate,False,0,True,False,False,True,7.966904755831215,True,7.071930009000635
v3_sc3_staging_08,L2,2,12,joint,False,0,True,False,False,True,7.866904755831214,True,7.071930009000635
v3_sc3_staging_08,L2,2,12,oracle,False,0,True,False,False,True,7.071930009000635,True,7.071930009000635
v3_sc3_staging_08,L2,2,13,uncalibrated,False,0,True,True,False,True,8.926093065034895,False,8.926093065034895
v3_sc3_staging_08,L2,2,13,label_cell,False,0,False,False,False,False,nan,False,8.926093065034895
v3_sc3_staging_08,L2,2,13,label_only,False,0,True,False,False,True,9.24827560572969,True,8.926093065034895
v3_sc3_staging_08,L2,2,13,pose_only,False,0,True,True,False,True,8.926093065034893,False,8.926093065034895
v3_sc3_staging_08,L2,2,13,separate,False,0,True,False,False,True,9.30685424949238,True,8.926093065034895
v3_sc3_staging_08,L2,2,13,joint,False,0,True,False,False,True,9.24827560572969,True,8.926093065034895
v3_sc3_staging_08,L2,2,13,oracle,False,0,True,False,False,True,8.926093065034895,True,8.926093065034895
v3_sc3_staging_08,L2,2,14,uncalibrated,False,0,True,True,False,True,7.811879502661802,False,7.811879502661802
v3_sc3_staging_08,L2,2,14,label_cell,False,0,True,False,False,True,8.020458146424488,True,7.811879502661802
v3_sc3_staging_08,L2,2,14,label_only,False,0,True,False,False,True,7.841168824543146,True,7.811879502661802
v3_sc3_staging_08,L2,2,14,pose_only,False,0,True,True,False,True,7.811879502661802,False,7.811879502661802
v3_sc3_staging_08,L2,2,14,separate,False,0,True,False,False,True,7.899747468305833,True,7.811879502661802
v3_sc3_staging_08,L2,2,14,joint,False,0,True,False,False,True,7.841168824543146,True,7.811879502661802
v3_sc3_staging_08,L2,2,14,oracle,False,0,True,False,False,True,7.811879502661802,True,7.811879502661802
v3_sc3_staging_08,L2,2,15,uncalibrated,False,0,True,True,False,True,6.8441125496954305,False,6.8441125496954305
v3_sc3_staging_08,L2,2,15,label_cell,False,0,False,False,False,False,nan,False,6.8441125496954305
v3_sc3_staging_08,L2,2,15,label_only,False,0,True,False,False,True,7.204772721475255,True,6.8441125496954305
v3_sc3_staging_08,L2,2,15,pose_only,False,0,True,True,False,True,6.8441125496954305,False,6.8441125496954305
v3_sc3_staging_08,L2,2,15,separate,False,0,True,False,False,True,7.304772721475252,True,6.8441125496954305
v3_sc3_staging_08,L2,2,15,joint,False,0,True,False,False,True,7.204772721475255,True,6.8441125496954305
v3_sc3_staging_08,L2,2,15,oracle,False,0,True,False,False,True,6.8441125496954305,True,6.8441125496954305
v3_sc3_staging_08,L2,2,16,uncalibrated,False,0,True,True,False,True,7.263351365237942,False,7.439087296526015
v3_sc3_staging_08,L2,2,16,label_cell,False,0,True,False,False,True,7.651219330881978,True,7.439087296526015
v3_sc3_staging_08,L2,2,16,label_only,False,0,True,False,False,True,7.985533905932738,True,7.439087296526015
v3_sc3_staging_08,L2,2,16,pose_only,False,0,True,True,False,True,7.292640687119287,False,7.439087296526015
v3_sc3_staging_08,L2,2,16,separate,False,0,True,False,False,True,8.085533905932738,True,7.439087296526015
v3_sc3_staging_08,L2,2,16,joint,False,0,True,False,False,True,7.985533905932738,True,7.439087296526015
v3_sc3_staging_08,L2,2,16,oracle,False,0,True,False,False,True,7.439087296526015,True,7.439087296526015
v3_sc3_staging_08,L2,2,17,uncalibrated,False,0,True,True,False,True,7.57756492761104,False,7.694722215136419
v3_sc3_staging_08,L2,2,17,label_cell,False,0,True,False,False,True,7.782590180780457,True,7.694722215136419
v3_sc3_staging_08,L2,2,17,label_only,False,0,True,False,False,True,8.282590180780451,True,7.694722215136419
v3_sc3_staging_08,L2,2,17,pose_only,False,0,True,True,False,True,7.606854249492386,False,7.694722215136419
v3_sc3_staging_08,L2,2,17,separate,False,0,True,False,False,True,8.382590180780452,True,7.694722215136419
v3_sc3_staging_08,L2,2,17,joint,False,0,True,False,False,True,8.282590180780451,True,7.694722215136419
v3_sc3_staging_08,L2,2,17,oracle,False,0,True,False,False,True,7.694722215136419,True,7.694722215136419
v3_sc3_staging_08,L2,2,18,uncalibrated,False,0,True,True,False,True,7.988225099390859,False,7.988225099390859
v3_sc3_staging_08,L2,2,18,label_cell,False,0,False,False,False,False,nan,False,7.988225099390859
v3_sc3_staging_08,L2,2,18,label_only,False,0,True,False,False,True,8.401828996322966,True,7.988225099390859
v3_sc3_staging_08,L2,2,18,pose_only,False,0,True,True,False,True,7.988225099390859,False,7.988225099390859
v3_sc3_staging_08,L2,2,18,separate,False,0,True,False,False,True,8.48111831820431,True,7.988225099390859
v3_sc3_staging_08,L2,2,18,joint,False,0,True,False,False,True,8.401828996322966,True,7.988225099390859
v3_sc3_staging_08,L2,2,18,oracle,False,0,True,False,False,True,7.988225099390859,True,7.988225099390859
v3_sc3_staging_08,L2,2,19,uncalibrated,False,0,True,True,False,True,9.529036790187178,False,9.529036790187178
v3_sc3_staging_08,L2,2,19,label_cell,False,0,False,False,False,False,nan,False,9.529036790187178
v3_sc3_staging_08,L2,2,19,label_only,False,0,True,False,False,True,9.599747468305834,True,9.529036790187178
v3_sc3_staging_08,L2,2,19,pose_only,False,0,True,True,False,True,9.52903679018718,False,9.529036790187178
v3_sc3_staging_08,L2,2,19,separate,False,0,True,False,False,True,9.67903679018718,True,9.529036790187178
v3_sc3_staging_08,L2,2,19,joint,False,0,True,False,False,True,9.599747468305834,True,9.529036790187178
v3_sc3_staging_08,L2,2,19,oracle,False,0,True,False,False,True,9.529036790187178,True,9.529036790187178
v3_sc3_staging_08,L2,3,0,uncalibrated,False,0,True,True,False,True,9.453300858899107,False,9.511879502661799
v3_sc3_staging_08,L2,3,0,label_cell,False,0,True,False,False,True,9.599747468305834,True,9.511879502661799
v3_sc3_staging_08,L2,3,0,label_only,False,0,True,False,False,True,9.99619407771256,True,9.511879502661799
v3_sc3_staging_08,L2,3,0,pose_only,False,0,True,True,False,True,9.453300858899107,False,9.511879502661799
v3_sc3_staging_08,L2,3,0,separate,False,0,True,False,False,True,10.075483399593907,True,9.511879502661799
v3_sc3_staging_08,L2,3,0,joint,False,0,True,False,False,True,9.99619407771256,True,9.511879502661799
v3_sc3_staging_08,L2,3,0,oracle,False,0,True,False,False,True,9.511879502661799,True,9.511879502661799
v3_sc3_staging_08,L2,3,1,uncalibrated,False,0,True,True,False,True,8.035533905932738,False,8.035533905932738
v3_sc3_staging_08,L2,3,1,label_cell,False,0,False,False,False,False,nan,False,8.035533905932738
v3_sc3_staging_08,L2,3,1,label_only,False,0,True,False,False,True,8.301219330881976,True,8.035533905932738
v3_sc3_staging_08,L2,3,1,pose_only,False,0,True,True,False,True,8.035533905932738,False,8.035533905932738
v3_sc3_staging_08,L2,3,1,separate,False,0,True,False,False,True,8.401219330881977,True,8.035533905932738
v3_sc3_staging_08,L2,3,1,joint,False,0,True,False,False,True,8.301219330881976,True,8.035533905932738
v3_sc3_staging_08,L2,3,1,oracle,False,0,True,False,False,True,8.035533905932738,True,8.035533905932738
v3_sc3_staging_08,L2,3,2,uncalibrated,False,0,True,True,False,True,10.571930009000631,False,10.747665940288705
v3_sc3_staging_08,L2,3,2,label_cell,False,0,False,False,False,False,nan,False,10.747665940288705
v3_sc3_staging_08,L2,3,2,label_only,False,0,True,False,False,True,11.335533905932738,True,10.747665940288705
v3_sc3_staging_08,L2,3,2,pose_only,False,0,True,True,False,True,10.601219330881978,False,10.747665940288705
v3_sc3_staging_08,L2,3,2,separate,False,0,True,False,False,True,11.43553390593274,True,10.747665940288705
v3_sc3_staging_08,L2,3,2,joint,False,0,True,False,False,True,11.335533905932738,True,10.747665940288705
v3_sc3_staging_08,L2,3,2,oracle,False,0,True,False,False,True,10.747665940288705,True,10.747665940288705
v3_sc3_staging_08,L2,3,3,uncalibrated,False,0,True,True,False,True,8.616295090390226,False,8.821320343559643
v3_sc3_staging_08,L2,3,3,label_cell,False,0,True,False,False,True,8.945584412271572,True,8.821320343559643
v3_sc3_staging_08,L2,3,3,label_only,False,0,True,False,False,True,9.492031021678299,True,8.821320343559643
v3_sc3_staging_08,L2,3,3,pose_only,False,0,True,True,False,True,8.674873734152916,False,8.821320343559643
v3_sc3_staging_08,L2,3,3,separate,False,0,True,False,False,True,9.592031021678299,True,8.821320343559643
v3_sc3_staging_08,L2,3,3,joint,False,0,True,False,False,True,9.492031021678299,True,8.821320343559643
v3_sc3_staging_08,L2,3,3,oracle,False,0,True,False,False,True,8.821320343559643,True,8.821320343559643
v3_sc3_staging_08,L2,3,4,uncalibrated,False,0,True,True,False,True,10.6118795026618,False,10.611879502661797
v3_sc3_staging_08,L2,3,4,label_cell,False,0,True,False,False,True,10.641168824543144,True,10.611879502661797
v3_sc3_staging_08,L2,3,4,label_only,False,0,True,False,False,True,10.670458146424489,True,10.611879502661797
v3_sc3_staging_08,L2,3,4,pose_only,False,0,True,True,False,True,10.611879502661798,False,10.611879502661797
v3_sc3_staging_08,L2,3,4,separate,False,0,True,False,False,True,10.729036790187179,True,10.611879502661797
v3_sc3_staging_08,L2,3,4,joint,False,0,True,False,False,True,10.670458146424489,True,10.611879502661797
v3_sc3_staging_08,L2,3,4,oracle,False,0,True,False,False,True,10.611879502661797,True,10.611879502661797
v3_sc3_staging_08,L2,3,5,uncalibrated,False,0,True,True,False,True,8.964823227814083,False,9.169848480983498
v3_sc3_staging_08,L2,3,5,label_cell,False,0,False,False,False,False,nan,False,9.169848480983498
v3_sc3_staging_08,L2,3,5,label_only,False,0,True,False,False,True,9.550609665440987,True,9.169848480983498
v3_sc3_staging_08,L2,3,5,pose_only,False,0,True,True,False,True,9.023401871576773,False,9.169848480983498
v3_sc3_staging_08,L2,3,5,separate,False,0,True,False,False,True,9.60918830920368,True,9.169848480983498
v3_sc3_staging_08,L2,3,5,joint,False,0,True,False,False,True,9.550609665440987,True,9.169848480983498
v3_sc3_staging_08,L2,3,5,oracle,False,0,True,False,False,True,9.169848480983498,True,9.169848480983498
v3_sc3_staging_08,L2,3,6,uncalibrated,False,0,True,True,False,True,10.670458146424489,False,10.84619407771256
v3_sc3_staging_08,L2,3,6,label_cell,False,0,False,False,False,False,nan,False,10.84619407771256
v3_sc3_staging_08,L2,3,6,label_only,False,0,True,False,False,True,11.226955262170048,True,10.84619407771256
v3_sc3_staging_08,L2,3,6,pose_only,False,0,True,True,False,True,10.699747468305834,False,10.84619407771256
v3_sc3_staging_08,L2,3,6,separate,False,0,True,False,False,True,11.285533905932738,True,10.84619407771256
v3_sc3_staging_08,L2,3,6,joint,False,0,True,False,False,True,11.226955262170048,True,10.84619407771256
v3_sc3_staging_08,L2,3,6,oracle,False,0,True,False,False,True,10.84619407771256,True,10.84619407771256
v3_sc3_staging_08,L2,3,7,uncalibrated,False,0,True,False,False,True,6.571320343559645,True,6.571320343559643
v3_sc3_staging_08,L2,3,7,label_cell,False,0,False,False,False,False,nan,False,6.571320343559643
v3_sc3_staging_08,L2,3,7,label_only,False,0,True,False,False,True,6.837005768508881,True,6.571320343559643
v3_sc3_staging_08,L2,3,7,pose_only,False,0,True,False,False,True,6.571320343559645,True,6.571320343559643
v3_sc3_staging_08,L2,3,7,separate,False,0,True,False,False,True,6.937005768508882,True,6.571320343559643
v3_sc3_staging_08,L2,3,7,joint,False,0,True,False,False,True,6.837005768508881,True,6.571320343559643
v3_sc3_staging_08,L2,3,7,oracle,False,0,True,False,False,True,6.571320343559643,True,6.571320343559643
v3_sc3_staging_08,L2,3,8,uncalibrated,False,0,True,True,False,True,6.418376618407358,False,6.418376618407358
v3_sc3_staging_08,L2,3,8,label_cell,False,0,True,False,False,True,6.418376618407358,True,6.418376618407358
v3_sc3_staging_08,L2,3,8,label_only,False,0,True,False,False,True,6.735533905932738,True,6.418376618407358
v3_sc3_staging_08,L2,3,8,pose_only,False,0,True,True,False,True,6.418376618407358,False,6.418376618407358
v3_sc3_staging_08,L2,3,8,separate,False,0,True,False,False,True,6.814823227814085,True,6.418376618407358
v3_sc3_staging_08,L2,3,8,joint,False,0,True,False,False,True,6.735533905932738,True,6.418376618407358
v3_sc3_staging_08,L2,3,8,oracle,False,0,True,False,False,True,6.418376618407358,True,6.418376618407358
v3_sc3_staging_08,L2,3,9,uncalibrated,False,0,True,False,False,True,6.530508652763324,True,6.530508652763324
v3_sc3_staging_08,L2,3,9,label_cell,False,0,True,False,False,True,6.530508652763324,True,6.530508652763324
v3_sc3_staging_08,L2,3,9,label_only,False,0,True,False,False,True,6.676955262170049,True,6.530508652763324
v3_sc3_staging_08,L2,3,9,pose_only,False,0,True,False,False,True,6.530508652763324,True,6.530508652763324
v3_sc3_staging_08,L2,3,9,separate,False,0,True,False,False,True,6.735533905932741,True,6.530508652763324
v3_sc3_staging_08,L2,3,9,joint,False,0,True,False,False,True,6.676955262170049,True,6.530508652763324
v3_sc3_staging_08,L2,3,9,oracle,False,0,True,False,False,True,6.530508652763324,True,6.530508652763324
v3_sc3_staging_08,L2,3,10,uncalibrated,False,0,True,True,False,True,10.232590180780452,False,10.291168824543144
v3_sc3_staging_08,L2,3,10,label_cell,False,0,False,False,False,False,nan,False,10.291168824543144
v3_sc3_staging_08,L2,3,10,label_only,False,0,True,False,False,True,11.127564927611038,True,10.291168824543144
v3_sc3_staging_08,L2,3,10,pose_only,False,0,True,True,False,True,10.232590180780452,False,10.291168824543144
v3_sc3_staging_08,L2,3,10,separate,False,0,True,False,False,True,11.22756492761104,True,10.291168824543144
v3_sc3_staging_08,L2,3,10,joint,False,0,True,False,False,True,11.127564927611038,True,10.291168824543144
v3_sc3_staging_08,L2,3,10,oracle,False,0,True,False,False,True,10.291168824543144,True,10.291168824543144
v3_sc3_staging_08,L2,3,11,uncalibrated,False,0,True,True,False,True,11.456854249492382,False,11.436143571373727
v3_sc3_staging_08,L2,3,11,label_cell,False,0,True,False,False,True,11.45685424949238,True,11.436143571373727
v3_sc3_staging_08,L2,3,11,label_only,False,0,True,False,False,True,11.515432893255074,True,11.436143571373727
v3_sc3_staging_08,L2,3,11,pose_only,False,0,True,True,False,True,11.45685424949238,False,11.436143571373727
v3_sc3_staging_08,L2,3,11,separate,False,0,True,False,False,True,11.574011537017764,True,11.436143571373727
v3_sc3_staging_08,L2,3,11,joint,False,0,True,False,False,True,11.515432893255074,True,11.436143571373727
v3_sc3_staging_08,L2,3,11,oracle,False,0,True,False,False,True,11.436143571373727,True,11.436143571373727
v3_sc3_staging_08,L2,3,12,uncalibrated,False,0,True,True,False,True,7.004772721475253,False,7.121930009000636
v3_sc3_staging_08,L2,3,12,label_cell,False,0,False,False,False,False,nan,False,7.121930009000636
v3_sc3_staging_08,L2,3,12,label_only,False,0,True,False,False,True,7.875483399593904,True,7.121930009000636
v3_sc3_staging_08,L2,3,12,pose_only,False,0,True,True,False,True,7.004772721475252,False,7.121930009000636
v3_sc3_staging_08,L2,3,12,separate,False,0,True,False,False,True,7.975483399593904,True,7.121930009000636
v3_sc3_staging_08,L2,3,12,joint,False,0,True,False,False,True,7.875483399593904,True,7.121930009000636
v3_sc3_staging_08,L2,3,12,oracle,False,0,True,False,False,True,7.121930009000636,True,7.121930009000636
v3_sc3_staging_08,L2,3,13,uncalibrated,False,0,True,True,False,True,8.867514421272203,False,8.867514421272203
v3_sc3_staging_08,L2,3,13,label_cell,False,0,False,False,False,False,nan,False,8.867514421272203
v3_sc3_staging_08,L2,3,13,label_only,False,0,True,False,False,True,9.24827560572969,True,8.867514421272203
v3_sc3_staging_08,L2,3,13,pose_only,False,0,True,True,False,True,8.867514421272203,False,8.867514421272203
v3_sc3_staging_08,L2,3,13,separate,False,0,True,False,False,True,9.30685424949238,True,8.867514421272203
v3_sc3_staging_08,L2,3,13,joint,False,0,True,False,False,True,9.24827560572969,True,8.867514421272203
v3_sc3_staging_08,L2,3,13,oracle,False,0,True,False,False,True,8.867514421272203,True,8.867514421272203
v3_sc3_staging_08,L2,3,14,uncalibrated,False,0,True,True,False,True,7.7533008588991095,False,7.753300858899111
v3_sc3_staging_08,L2,3,14,label_cell,False,0,True,False,False,True,7.961879502661796,True,7.753300858899111
v3_sc3_staging_08,L2,3,14,label_only,False,0,True,False,False,True,7.811879502661802,True,7.753300858899111
v3_sc3_staging_08,L2,3,14,pose_only,False,0,True,True,False,True,7.7533008588991095,False,7.753300858899111
v3_sc3_staging_08,L2,3,14,separate,False,0,True,False,False,True,7.870458146424489,True,7.753300858899111
v3_sc3_staging_08,L2,3,14,joint,False,0,True,False,False,True,7.811879502661802,True,7.753300858899111
v3_sc3_staging_08,L2,3,14,oracle,False,0,True,False,False,True,7.753300858899111,True,7.753300858899111
v3_sc3_staging_08,L2,3,15,uncalibrated,False,0,True,True,False,True,6.835533905932741,False,6.835533905932741
v3_sc3_staging_08,L2,3,15,label_cell,False,0,False,False,False,False,nan,False,6.835533905932741
v3_sc3_staging_08,L2,3,15,label_only,False,0,True,False,False,True,7.184062043356597,True,6.835533905932741
v3_sc3_staging_08,L2,3,15,pose_only,False,0,True,True,False,True,6.835533905932741,False,6.835533905932741
v3_sc3_staging_08,L2,3,15,separate,False,0,True,False,False,True,7.284062043356596,True,6.835533905932741
v3_sc3_staging_08,L2,3,15,joint,False,0,True,False,False,True,7.184062043356597,True,6.835533905932741
v3_sc3_staging_08,L2,3,15,oracle,False,0,True,False,False,True,6.835533905932741,True,6.835533905932741
v3_sc3_staging_08,L2,3,16,uncalibrated,False,0,True,True,False,True,7.313351365237942,False,7.489087296526015
v3_sc3_staging_08,L2,3,16,label_cell,False,0,True,False,False,True,7.701219330881978,True,7.489087296526015
v3_sc3_staging_08,L2,3,16,label_only,False,0,True,False,False,True,7.994112549695429,True,7.489087296526015
v3_sc3_staging_08,L2,3,16,pose_only,False,0,True,True,False,True,7.342640687119287,False,7.489087296526015
v3_sc3_staging_08,L2,3,16,separate,False,0,True,False,False,True,8.094112549695428,True,7.489087296526015
v3_sc3_staging_08,L2,3,16,joint,False,0,True,False,False,True,7.994112549695429,True,7.489087296526015
v3_sc3_staging_08,L2,3,16,oracle,False,0,True,False,False,True,7.489087296526015,True,7.489087296526015
v3_sc3_staging_08,L2,3,17,uncalibrated,False,0,True,True,False,True,7.57756492761104,False,7.724011537017765
v3_sc3_staging_08,L2,3,17,label_cell,False,0,True,False,False,True,7.811879502661802,True,7.724011537017765
v3_sc3_staging_08,L2,3,17,label_only,False,0,True,False,False,True,8.311879502661798,True,7.724011537017765
v3_sc3_staging_08,L2,3,17,pose_only,False,0,True,True,False,True,7.606854249492386,False,7.724011537017765
v3_sc3_staging_08,L2,3,17,separate,False,0,True,False,False,True,8.411879502661797,True,7.724011537017765
v3_sc3_staging_08,L2,3,17,joint,False,0,True,False,False,True,8.311879502661798,True,7.724011537017765
v3_sc3_staging_08,L2,3,17,oracle,False,0,True,False,False,True,7.724011537017765,True,7.724011537017765
v3_sc3_staging_08,L2,3,18,uncalibrated,False,0,True,True,False,True,8.008935777509512,False,8.03822509939086
v3_sc3_staging_08,L2,3,18,label_cell,False,0,False,False,False,False,nan,False,8.03822509939086
v3_sc3_staging_08,L2,3,18,label_only,False,0,True,False,False,True,8.48111831820431,True,8.03822509939086
v3_sc3_staging_08,L2,3,18,pose_only,False,0,True,True,False,True,8.008935777509514,False,8.03822509939086
v3_sc3_staging_08,L2,3,18,separate,False,0,True,False,False,True,8.560407640085655,True,8.03822509939086
v3_sc3_staging_08,L2,3,18,joint,False,0,True,False,False,True,8.48111831820431,True,8.03822509939086
v3_sc3_staging_08,L2,3,18,oracle,False,0,True,False,False,True,8.03822509939086,True,8.03822509939086
v3_sc3_staging_08,L2,3,19,uncalibrated,False,0,True,True,False,True,9.541168824543144,False,9.541168824543144
v3_sc3_staging_08,L2,3,19,label_cell,False,0,False,False,False,False,nan,False,9.541168824543144
v3_sc3_staging_08,L2,3,19,label_only,False,0,True,False,False,True,9.62045814642449,True,9.541168824543144
v3_sc3_staging_08,L2,3,19,pose_only,False,0,True,True,False,True,9.541168824543144,False,9.541168824543144
v3_sc3_staging_08,L2,3,19,separate,False,0,True,False,False,True,9.699747468305834,True,9.541168824543144
v3_sc3_staging_08,L2,3,19,joint,False,0,True,False,False,True,9.62045814642449,True,9.541168824543144
v3_sc3_staging_08,L2,3,19,oracle,False,0,True,False,False,True,9.541168824543144,True,9.541168824543144
v3_sc3_staging_08,L2,4,0,uncalibrated,False,0,True,True,False,True,9.444722215136418,False,9.561879502661798
v3_sc3_staging_08,L2,4,0,label_cell,False,0,True,False,False,True,9.591168824543145,True,9.561879502661798
v3_sc3_staging_08,L2,4,0,label_only,False,0,True,False,False,True,9.99619407771256,True,9.561879502661798
v3_sc3_staging_08,L2,4,0,pose_only,False,0,True,True,False,True,9.444722215136418,False,9.561879502661798
v3_sc3_staging_08,L2,4,0,separate,False,0,True,False,False,True,10.075483399593907,True,9.561879502661798
v3_sc3_staging_08,L2,4,0,joint,False,0,True,False,False,True,9.99619407771256,True,9.561879502661798
v3_sc3_staging_08,L2,4,0,oracle,False,0,True,False,False,True,9.561879502661798,True,9.561879502661798
v3_sc3_staging_08,L2,4,1,uncalibrated,False,0,True,True,False,True,8.026955262170047,False,8.026955262170047
v3_sc3_staging_08,L2,4,1,label_cell,False,0,False,False,False,False,nan,False,8.026955262170047
v3_sc3_staging_08,L2,4,1,label_only,False,0,True,False,False,True,8.251219330881977,True,8.026955262170047
v3_sc3_staging_08,L2,4,1,pose_only,False,0,True,True,False,True,8.026955262170047,False,8.026955262170047
v3_sc3_staging_08,L2,4,1,separate,False,0,True,False,False,True,8.351219330881976,True,8.026955262170047
v3_sc3_staging_08,L2,4,1,joint,False,0,True,False,False,True,8.251219330881977,True,8.026955262170047
v3_sc3_staging_08,L2,4,1,oracle,False,0,True,False,False,True,8.026955262170047,True,8.026955262170047
v3_sc3_staging_08,L2,4,2,uncalibrated,False,0,True,True,False,True,10.584062043356596,False,10.818376618407358
v3_sc3_staging_08,L2,4,2,label_cell,False,0,False,False,False,False,nan,False,10.818376618407358
v3_sc3_staging_08,L2,4,2,label_only,False,0,True,False,False,True,11.29411254969543,True,10.818376618407358
v3_sc3_staging_08,L2,4,2,pose_only,False,0,True,True,False,True,10.642640687119286,False,10.818376618407358
v3_sc3_staging_08,L2,4,2,separate,False,0,True,False,False,True,11.39411254969543,True,10.818376618407358
v3_sc3_staging_08,L2,4,2,joint,False,0,True,False,False,True,11.29411254969543,True,10.818376618407358
v3_sc3_staging_08,L2,4,2,oracle,False,0,True,False,False,True,10.818376618407358,True,10.818376618407358
v3_sc3_staging_08,L2,4,3,uncalibrated,False,0,True,True,False,True,8.607716446627535,False,8.829898987322332
v3_sc3_staging_08,L2,4,3,label_cell,False,0,True,False,False,True,8.895584412271573,True,8.829898987322332
v3_sc3_staging_08,L2,4,3,label_only,False,0,True,False,False,True,9.400609665440987,True,8.829898987322332
v3_sc3_staging_08,L2,4,3,pose_only,False,0,True,True,False,True,8.666295090390227,False,8.829898987322332
v3_sc3_staging_08,L2,4,3,separate,False,0,True,False,False,True,9.500609665440988,True,8.829898987322332
v3_sc3_staging_08,L2,4,3,joint,False,0,True,False,False,True,9.400609665440987,True,8.829898987322332
v3_sc3_staging_08,L2,4,3,oracle,False,0,True,False,False,True,8.829898987322332,True,8.829898987322332
v3_sc3_staging_08,L2,4,4,uncalibrated,False,0,True,True,False,True,10.624011537017763,False,10.624011537017763
v3_sc3_staging_08,L2,4,4,label_cell,False,0,False,False,False,False,nan,False,10.624011537017763
v3_sc3_staging_08,L2,4,4,label_only,False,0,True,False,False,True,10.682590180780451,True,10.624011537017763
v3_sc3_staging_08,L2,4,4,pose_only,False,0,True,True,False,True,10.624011537017763,False,10.624011537017763
v3_sc3_staging_08,L2,4,4,separate,False,0,True,False,False,True,10.741168824543145,True,10.624011537017763
v3_sc3_staging_08,L2,4,4,joint,False,0,True,False,False,True,10.682590180780451,True,10.624011537017763
v3_sc3_staging_08,L2,4,4,oracle,False,0,True,False,False,True,10.624011537017763,True,10.624011537017763
v3_sc3_staging_08,L2,4,5,uncalibrated,False,0,True,True,False,True,8.956244584051392,False,9.190559159102156
v3_sc3_staging_08,L2,4,5,label_cell,False,0,False,False,False,False,nan,False,9.190559159102156
v3_sc3_staging_08,L2,4,5,label_only,False,0,True,False,False,True,9.542031021678298,True,9.190559159102156
v3_sc3_staging_08,L2,4,5,pose_only,False,0,True,True,False,True,9.014823227814082,False,9.190559159102156
v3_sc3_staging_08,L2,4,5,separate,False,0,True,False,False,True,9.600609665440988,True,9.190559159102156
v3_sc3_staging_08,L2,4,5,joint,False,0,True,False,False,True,9.542031021678298,True,9.190559159102156
v3_sc3_staging_08,L2,4,5,oracle,False,0,True,False,False,True,9.190559159102156,True,9.190559159102156
v3_sc3_staging_08,L2,4,6,uncalibrated,False,0,True,True,False,True,10.682590180780451,False,10.916904755831215
v3_sc3_staging_08,L2,4,6,label_cell,False,0,False,False,False,False,nan,False,10.916904755831215
v3_sc3_staging_08,L2,4,6,label_only,False,0,True,False,False,True,11.268376618407357,True,10.916904755831215
v3_sc3_staging_08,L2,4,6,pose_only,False,0,True,True,False,True,10.741168824543145,False,10.916904755831215
v3_sc3_staging_08,L2,4,6,separate,False,0,True,False,False,True,11.326955262170047,True,10.916904755831215
v3_sc3_staging_08,L2,4,6,joint,False,0,True,False,False,True,11.268376618407357,True,10.916904755831215
v3_sc3_staging_08,L2,4,6,oracle,False,0,True,False,False,True,10.916904755831215,True,10.916904755831215
v3_sc3_staging_08,L2,4,7,uncalibrated,False,0,True,False,False,True,6.562741699796954,True,6.562741699796954
v3_sc3_staging_08,L2,4,7,label_cell,False,0,False,False,False,False,nan,False,6.562741699796954
v3_sc3_staging_08,L2,4,7,label_only,False,0,True,False,False,True,6.78700576850888,True,6.562741699796954
v3_sc3_staging_08,L2,4,7,pose_only,False,0,True,False,False,True,6.562741699796954,True,6.562741699796954
v3_sc3_staging_08,L2,4,7,separate,False,0,True,False,False,True,6.887005768508883,True,6.562741699796954
v3_sc3_staging_08,L2,4,7,joint,False,0,True,False,False,True,6.78700576850888,True,6.562741699796954
v3_sc3_staging_08,L2,4,7,oracle,False,0,True,False,False,True,6.562741699796954,True,6.562741699796954
v3_sc3_staging_08,L2,4,8,uncalibrated,False,0,True,True,False,True,6.409797974644667,False,6.409797974644667
v3_sc3_staging_08,L2,4,8,label_cell,False,0,True,False,False,True,6.409797974644667,True,6.409797974644667
v3_sc3_staging_08,L2,4,8,label_only,False,0,True,False,False,True,6.735533905932738,True,6.409797974644667
v3_sc3_staging_08,L2,4,8,pose_only,False,0,True,True,False,True,6.409797974644667,False,6.409797974644667
v3_sc3_staging_08,L2,4,8,separate,False,0,True,False,False,True,6.814823227814083,True,6.409797974644667
v3_sc3_staging_08,L2,4,8,joint,False,0,True,False,False,True,6.735533905932738,True,6.409797974644667
v3_sc3_staging_08,L2,4,8,oracle,False,0,True,False,False,True,6.409797974644667,True,6.409797974644667
v3_sc3_staging_08,L2,4,9,uncalibrated,False,0,True,False,False,True,6.521930009000633,True,6.521930009000633
v3_sc3_staging_08,L2,4,9,label_cell,False,0,False,False,False,False,nan,False,6.521930009000633
v3_sc3_staging_08,L2,4,9,label_only,False,0,True,False,False,True,6.697665940288704,True,6.521930009000633
v3_sc3_staging_08,L2,4,9,pose_only,False,0,True,False,False,True,6.521930009000633,True,6.521930009000633
v3_sc3_staging_08,L2,4,9,separate,False,0,True,False,False,True,6.756244584051396,True,6.521930009000633
v3_sc3_staging_08,L2,4,9,joint,False,0,True,False,False,True,6.697665940288704,True,6.521930009000633
v3_sc3_staging_08,L2,4,9,oracle,False,0,True,False,False,True,6.521930009000633,True,6.521930009000633
v3_sc3_staging_08,L2,4,10,uncalibrated,False,0,True,True,False,True,10.244722215136418,False,10.3618795026618
v3_sc3_staging_08,L2,4,10,label_cell,False,0,False,False,False,False,nan,False,10.3618795026618
v3_sc3_staging_08,L2,4,10,label_only,False,0,True,False,False,True,11.086143571373729,True,10.3618795026618
v3_sc3_staging_08,L2,4,10,pose_only,False,0,True,True,False,True,10.244722215136418,False,10.3618795026618
v3_sc3_staging_08,L2,4,10,separate,False,0,True,False,False,True,11.186143571373728,True,10.3618795026618
v3_sc3_staging_08,L2,4,10,joint,False,0,True,False,False,True,11.086143571373729,True,10.3618795026618
v3_sc3_staging_08,L2,4,10,oracle,False,0,True,False,False,True,10.3618795026618,True,10.3618795026618
v3_sc3_staging_08,L2,4,11,uncalibrated,False,0,True,True,False,True,11.448275605729691,False,11.448275605729691
v3_sc3_staging_08,L2,4,11,label_cell,False,0,False,False,False,False,nan,False,11.448275605729691
v3_sc3_staging_08,L2,4,11,label_only,False,0,True,False,False,True,11.506854249492383,True,11.448275605729691
v3_sc3_staging_08,L2,4,11,pose_only,False,0,True,True,False,True,11.448275605729691,False,11.448275605729691
v3_sc3_staging_08,L2,4,11,separate,False,0,True,False,False,True,11.565432893255073,True,11.448275605729691
v3_sc3_staging_08,L2,4,11,joint,False,0,True,False,False,True,11.506854249492383,True,11.448275605729691
v3_sc3_staging_08,L2,4,11,oracle,False,0,True,False,False,True,11.448275605729691,True,11.448275605729691
v3_sc3_staging_08,L2,4,12,uncalibrated,False,0,True,True,False,True,6.996194077712563,False,7.171930009000636
v3_sc3_staging_08,L2,4,12,label_cell,False,0,False,False,False,False,nan,False,7.171930009000636
v3_sc3_staging_08,L2,4,12,label_only,False,0,True,False,False,True,7.85477272147525,True,7.171930009000636
v3_sc3_staging_08,L2,4,12,pose_only,False,0,True,True,False,True,7.025483399593907,False,7.171930009000636
v3_sc3_staging_08,L2,4,12,separate,False,0,True,False,False,True,7.954772721475249,True,7.171930009000636
v3_sc3_staging_08,L2,4,12,joint,False,0,True,False,False,True,7.85477272147525,True,7.171930009000636
v3_sc3_staging_08,L2,4,12,oracle,False,0,True,False,False,True,7.171930009000636,True,7.171930009000636
v3_sc3_staging_08,L2,4,13,uncalibrated,False,0,True,True,False,True,8.858935777509513,False,8.917514421272202
v3_sc3_staging_08,L2,4,13,label_cell,False,0,False,False,False,False,nan,False,8.917514421272202
v3_sc3_staging_08,L2,4,13,label_only,False,0,True,False,False,True,9.268986283848344,True,8.917514421272202
v3_sc3_staging_08,L2,4,13,pose_only,False,0,True,True,False,True,8.858935777509513,False,8.917514421272202
v3_sc3_staging_08,L2,4,13,separate,False,0,True,False,False,True,9.327564927611036,True,8.917514421272202
v3_sc3_staging_08,L2,4,13,joint,False,0,True,False,False,True,9.268986283848344,True,8.917514421272202
v3_sc3_staging_08,L2,4,13,oracle,False,0,True,False,False,True,8.917514421272202,True,8.917514421272202
v3_sc3_staging_08,L2,4,14,uncalibrated,False,0,True,True,False,True,7.744722215136419,False,7.74472221513642
v3_sc3_staging_08,L2,4,14,label_cell,False,0,True,False,False,True,8.053300858899107,True,7.74472221513642
v3_sc3_staging_08,L2,4,14,label_only,False,0,True,False,False,True,7.80330085889911,True,7.74472221513642
v3_sc3_staging_08,L2,4,14,pose_only,False,0,True,True,False,True,7.744722215136419,False,7.74472221513642
v3_sc3_staging_08,L2,4,14,separate,False,0,True,False,False,True,7.861879502661802,True,7.74472221513642
v3_sc3_staging_08,L2,4,14,joint,False,0,True,False,False,True,7.80330085889911,True,7.74472221513642
v3_sc3_staging_08,L2,4,14,oracle,False,0,True,False,False,True,7.74472221513642,True,7.74472221513642
v3_sc3_staging_08,L2,4,15,uncalibrated,False,0,True,True,False,True,6.82695526217005,False,6.826955262170049
v3_sc3_staging_08,L2,4,15,label_cell,False,0,False,False,False,False,nan,False,6.826955262170049
v3_sc3_staging_08,L2,4,15,label_only,False,0,True,False,False,True,7.1340620433565975,True,6.826955262170049
v3_sc3_staging_08,L2,4,15,pose_only,False,0,True,True,False,True,6.826955262170049,False,6.826955262170049
v3_sc3_staging_08,L2,4,15,separate,False,0,True,False,False,True,7.234062043356599,True,6.826955262170049
v3_sc3_staging_08,L2,4,15,joint,False,0,True,False,False,True,7.1340620433565975,True,6.826955262170049
v3_sc3_staging_08,L2,4,15,oracle,False,0,True,False,False,True,6.826955262170049,True,6.826955262170049
v3_sc3_staging_08,L2,4,16,uncalibrated,False,0,True,True,False,True,7.304772721475252,False,7.539087296526013
v3_sc3_staging_08,L2,4,16,label_cell,False,0,True,False,False,True,7.692640687119286,True,7.539087296526013
v3_sc3_staging_08,L2,4,16,label_only,False,0,True,False,False,True,7.973401871576773,True,7.539087296526013
v3_sc3_staging_08,L2,4,16,pose_only,False,0,True,True,False,True,7.363351365237943,False,7.539087296526013
v3_sc3_staging_08,L2,4,16,separate,False,0,True,False,False,True,8.073401871576776,True,7.539087296526013
v3_sc3_staging_08,L2,4,16,joint,False,0,True,False,False,True,7.973401871576773,True,7.539087296526013
v3_sc3_staging_08,L2,4,16,oracle,False,0,True,False,False,True,7.539087296526013,True,7.539087296526013
v3_sc3_staging_08,L2,4,17,uncalibrated,False,0,True,True,False,True,7.56898628384835,False,7.774011537017765
v3_sc3_staging_08,L2,4,17,label_cell,False,0,True,False,False,True,7.803300858899113,True,7.774011537017765
v3_sc3_staging_08,L2,4,17,label_only,False,0,True,False,False,True,8.291168824543144,True,7.774011537017765
v3_sc3_staging_08,L2,4,17,pose_only,False,0,True,True,False,True,7.598275605729694,False,7.774011537017765
v3_sc3_staging_08,L2,4,17,separate,False,0,True,False,False,True,8.391168824543142,True,7.774011537017765
v3_sc3_staging_08,L2,4,17,joint,False,0,True,False,False,True,8.291168824543144,True,7.774011537017765
v3_sc3_staging_08,L2,4,17,oracle,False,0,True,False,False,True,7.774011537017765,True,7.774011537017765
v3_sc3_staging_08,L2,4,18,uncalibrated,False,0,True,True,False,True,7.9796464556281705,False,8.067514421272206
v3_sc3_staging_08,L2,4,18,label_cell,False,0,False,False,False,False,nan,False,8.067514421272206
v3_sc3_staging_08,L2,4,18,label_only,False,0,True,False,False,True,8.460407640085654,True,8.067514421272206
v3_sc3_staging_08,L2,4,18,pose_only,False,0,True,True,False,True,7.9796464556281705,False,8.067514421272206
v3_sc3_staging_08,L2,4,18,separate,False,0,True,False,False,True,8.539696961967,True,8.067514421272206
v3_sc3_staging_08,L2,4,18,joint,False,0,True,False,False,True,8.460407640085654,True,8.067514421272206
v3_sc3_staging_08,L2,4,18,oracle,False,0,True,False,False,True,8.067514421272206,True,8.067514421272206
v3_sc3_staging_08,L2,4,19,uncalibrated,False,0,True,True,False,True,9.532590180780455,False,9.532590180780453
v3_sc3_staging_08,L2,4,19,label_cell,False,0,False,False,False,False,nan,False,9.532590180780453
v3_sc3_staging_08,L2,4,19,label_only,False,0,True,False,False,True,9.591168824543145,True,9.532590180780453
v3_sc3_staging_08,L2,4,19,pose_only,False,0,True,True,False,True,9.532590180780453,False,9.532590180780453
v3_sc3_staging_08,L2,4,19,separate,False,0,True,False,False,True,9.670458146424489,True,9.532590180780453
v3_sc3_staging_08,L2,4,19,joint,False,0,True,False,False,True,9.591168824543145,True,9.532590180780453
v3_sc3_staging_08,L2,4,19,oracle,False,0,True,False,False,True,9.532590180780453,True,9.532590180780453
v3_sc3_staging_08,L3,0,0,uncalibrated,False,0,True,True,False,True,9.491168824543143,False,9.491168824543143
v3_sc3_staging_08,L3,0,0,label_cell,False,0,True,False,False,True,9.641168824543144,True,9.491168824543143
v3_sc3_staging_08,L3,0,0,label_only,False,0,True,False,False,True,10.03761543394987,True,9.491168824543143
v3_sc3_staging_08,L3,0,0,pose_only,False,0,True,False,False,True,9.491168824543143,True,9.491168824543143
v3_sc3_staging_08,L3,0,0,separate,False,0,True,False,False,True,10.308326112068524,True,9.491168824543143
v3_sc3_staging_08,L3,0,0,joint,False,0,True,False,False,True,10.108326112068525,True,9.491168824543143
v3_sc3_staging_08,L3,0,0,oracle,False,0,True,False,False,True,9.491168824543143,True,9.491168824543143
v3_sc3_staging_08,L3,0,1,uncalibrated,False,0,True,True,False,True,8.023401871576773,False,8.023401871576773
v3_sc3_staging_08,L3,0,1,label_cell,False,0,False,False,False,False,nan,False,8.023401871576773
v3_sc3_staging_08,L3,0,1,label_only,False,0,True,False,False,True,8.37193000900063,True,8.023401871576773
v3_sc3_staging_08,L3,0,1,pose_only,False,0,True,False,False,True,8.023401871576773,True,8.023401871576773
v3_sc3_staging_08,L3,0,1,separate,False,0,True,False,False,True,8.642640687119286,True,8.023401871576773
v3_sc3_staging_08,L3,0,1,joint,False,0,True,False,False,True,8.442640687119287,True,8.023401871576773
v3_sc3_staging_08,L3,0,1,oracle,False,0,True,False,False,True,8.023401871576773,True,8.023401871576773
v3_sc3_staging_08,L3,0,2,uncalibrated,False,0,True,True,False,True,10.654772721475252,False,10.706244584051394
v3_sc3_staging_08,L3,0,2,label_cell,False,0,False,False,False,False,nan,False,10.706244584051394
v3_sc3_staging_08,L3,0,2,label_only,False,0,True,False,False,True,11.418376618407358,True,10.706244584051394
v3_sc3_staging_08,L3,0,2,pose_only,False,0,True,True,False,True,10.77193000900063,False,10.706244584051394
v3_sc3_staging_08,L3,0,2,separate,False,0,True,False,False,True,11.689087296526012,True,10.706244584051394
v3_sc3_staging_08,L3,0,2,joint,False,0,True,False,False,True,11.489087296526014,True,10.706244584051394
v3_sc3_staging_08,L3,0,2,oracle,False,0,True,False,False,True,10.706244584051394,True,10.706244584051394
v3_sc3_staging_08,L3,0,3,uncalibrated,False,0,True,True,False,True,8.769848480983498,False,8.809188309203677
v3_sc3_staging_08,L3,0,3,label_cell,False,0,True,False,False,True,9.116295090390226,True,8.809188309203677
v3_sc3_staging_08,L3,0,3,label_only,False,0,True,False,False,True,9.633452377915608,True,8.809188309203677
v3_sc3_staging_08,L3,0,3,pose_only,False,0,True,True,False,True,8.916295090390227,False,8.809188309203677
v3_sc3_staging_08,L3,0,3,separate,False,0,True,False,False,True,9.904163056034264,True,8.809188309203677
v3_sc3_staging_08,L3,0,3,joint,False,0,True,False,False,True,9.704163056034261,True,8.809188309203677
v3_sc3_staging_08,L3,0,3,oracle,False,0,True,False,False,True,8.809188309203677,True,8.809188309203677
v3_sc3_staging_08,L3,0,4,uncalibrated,False,0,True,True,False,True,10.579036790187178,False,10.579036790187178
v3_sc3_staging_08,L3,0,4,label_cell,False,0,True,False,False,True,10.579036790187178,True,10.579036790187178
v3_sc3_staging_08,L3,0,4,label_only,False,0,True,False,False,True,10.63761543394987,True,10.579036790187178
v3_sc3_staging_08,L3,0,4,pose_only,False,0,True,False,False,True,10.579036790187178,True,10.579036790187178
v3_sc3_staging_08,L3,0,4,separate,False,0,True,False,False,True,10.825483399593907,True,10.579036790187178
v3_sc3_staging_08,L3,0,4,joint,False,0,True,False,False,True,10.666904755831215,True,10.579036790187178
v3_sc3_staging_08,L3,0,4,oracle,False,0,True,False,False,True,10.579036790187178,True,10.579036790187178
v3_sc3_staging_08,L3,0,5,uncalibrated,False,0,True,True,False,True,8.95269119345812,False,9.157716446627536
v3_sc3_staging_08,L3,0,5,label_cell,False,0,False,False,False,False,nan,False,9.157716446627536
v3_sc3_staging_08,L3,0,5,label_only,False,0,True,False,False,True,9.538477631085025,True,9.157716446627536
v3_sc3_staging_08,L3,0,5,pose_only,False,0,True,False,False,True,9.099137802864844,True,9.157716446627536
v3_sc3_staging_08,L3,0,5,separate,False,0,True,False,False,True,9.705634918610405,True,9.157716446627536
v3_sc3_staging_08,L3,0,5,joint,False,0,True,False,False,True,9.56776695296637,True,9.157716446627536
v3_sc3_staging_08,L3,0,5,oracle,False,0,True,False,False,True,9.157716446627536,True,9.157716446627536
v3_sc3_staging_08,L3,0,6,uncalibrated,False,0,True,True,False,True,10.62903679018718,False,10.804772721475251
v3_sc3_staging_08,L3,0,6,label_cell,False,0,False,False,False,False,nan,False,10.804772721475251
v3_sc3_staging_08,L3,0,6,label_only,False,0,True,False,False,True,11.185533905932738,True,10.804772721475251
v3_sc3_staging_08,L3,0,6,pose_only,False,0,True,False,False,True,10.746194077712559,True,10.804772721475251
v3_sc3_staging_08,L3,0,6,separate,False,0,True,False,False,True,11.373401871576775,True,10.804772721475251
v3_sc3_staging_08,L3,0,6,joint,False,0,True,False,False,True,11.214823227814085,True,10.804772721475251
v3_sc3_staging_08,L3,0,6,oracle,False,0,True,False,False,True,10.804772721475251,True,10.804772721475251
v3_sc3_staging_08,L3,0,7,uncalibrated,False,0,True,False,False,True,6.5591883092036785,True,6.559188309203677
v3_sc3_staging_08,L3,0,7,label_cell,False,0,False,False,False,False,nan,False,6.559188309203677
v3_sc3_staging_08,L3,0,7,label_only,False,0,True,False,False,True,6.9077164466275365,True,6.559188309203677
v3_sc3_staging_08,L3,0,7,pose_only,False,0,True,False,False,True,6.559188309203677,True,6.559188309203677
v3_sc3_staging_08,L3,0,7,separate,False,0,True,False,False,True,7.178427124746193,True,6.559188309203677
v3_sc3_staging_08,L3,0,7,joint,False,0,True,False,False,True,6.978427124746192,True,6.559188309203677
v3_sc3_staging_08,L3,0,7,oracle,False,0,True,False,False,True,6.559188309203677,True,6.559188309203677
v3_sc3_staging_08,L3,0,8,uncalibrated,False,0,True,True,False,True,6.426955262170049,False,6.426955262170047
v3_sc3_staging_08,L3,0,8,label_cell,False,0,True,False,False,True,6.426955262170047,True,6.426955262170047
v3_sc3_staging_08,L3,0,8,label_only,False,0,True,False,False,True,6.735533905932738,True,6.426955262170047
v3_sc3_staging_08,L3,0,8,pose_only,False,0,True,False,False,True,6.426955262170047,True,6.426955262170047
v3_sc3_staging_08,L3,0,8,separate,False,0,True,False,False,True,6.98553390593274,True,6.426955262170047
v3_sc3_staging_08,L3,0,8,joint,False,0,True,False,False,True,6.785533905932738,True,6.426955262170047
v3_sc3_staging_08,L3,0,8,oracle,False,0,True,False,False,True,6.426955262170047,True,6.426955262170047
v3_sc3_staging_08,L3,0,9,uncalibrated,False,0,True,False,False,True,6.539087296526013,True,6.539087296526013
v3_sc3_staging_08,L3,0,9,label_cell,False,0,True,False,False,True,6.539087296526013,True,6.539087296526013
v3_sc3_staging_08,L3,0,9,label_only,False,0,True,False,False,True,6.656244584051395,True,6.539087296526013
v3_sc3_staging_08,L3,0,9,pose_only,False,0,True,False,False,True,6.539087296526013,True,6.539087296526013
v3_sc3_staging_08,L3,0,9,separate,False,0,True,False,False,True,6.844112549695433,True,6.539087296526013
v3_sc3_staging_08,L3,0,9,joint,False,0,True,False,False,True,6.685533905932741,True,6.539087296526013
v3_sc3_staging_08,L3,0,9,oracle,False,0,True,False,False,True,6.539087296526013,True,6.539087296526013
v3_sc3_staging_08,L3,0,10,uncalibrated,False,0,False,False,False,False,nan,False,nan
v3_sc3_staging_08,L3,0,10,label_cell,False,0,False,False,False,False,nan,False,nan
v3_sc3_staging_08,L3,0,10,label_only,False,0,False,False,False,False,nan,False,nan
v3_sc3_staging_08,L3,0,10,pose_only,False,0,False,False,False,False,nan,False,nan
v3_sc3_staging_08,L3,0,10,separate,False,0,False,False,False,False,nan,False,nan
v3_sc3_staging_08,L3,0,10,joint,False,0,False,False,False,False,nan,False,nan
v3_sc3_staging_08,L3,0,10,oracle,False,0,False,False,False,False,nan,False,nan
v3_sc3_staging_08,L3,0,11,uncalibrated,False,0,True,True,False,True,11.453300858899107,False,11.453300858899107
v3_sc3_staging_08,L3,0,11,label_cell,False,0,False,False,False,False,nan,False,11.453300858899107
v3_sc3_staging_08,L3,0,11,label_only,False,0,True,False,False,True,11.574011537017762,True,11.453300858899107
v3_sc3_staging_08,L3,0,11,pose_only,False,0,True,False,False,True,11.453300858899107,True,11.453300858899107
v3_sc3_staging_08,L3,0,11,separate,False,0,True,False,False,True,11.782590180780453,True,11.453300858899107
v3_sc3_staging_08,L3,0,11,joint,False,0,True,False,False,True,11.624011537017763,True,11.453300858899107
v3_sc3_staging_08,L3,0,11,oracle,False,0,True,False,False,True,11.453300858899107,True,11.453300858899107
v3_sc3_staging_08,L3,0,12,uncalibrated,False,0,True,True,False,True,7.034062043356599,False,7.121930009000636
v3_sc3_staging_08,L3,0,12,label_cell,False,0,False,False,False,False,nan,False,7.121930009000636
v3_sc3_staging_08,L3,0,12,label_only,False,0,True,False,False,True,7.916904755831215,True,7.121930009000636
v3_sc3_staging_08,L3,0,12,pose_only,False,0,True,True,False,True,7.0926406871192915,False,7.121930009000636
v3_sc3_staging_08,L3,0,12,separate,False,0,True,False,False,True,8.18761543394987,True,7.121930009000636
v3_sc3_staging_08,L3,0,12,joint,False,0,True,False,False,True,7.987615433949869,True,7.121930009000636
v3_sc3_staging_08,L3,0,12,oracle,False,0,True,False,False,True,7.121930009000636,True,7.121930009000636
v3_sc3_staging_08,L3,0,13,uncalibrated,False,0,True,True,False,True,8.905382386916239,False,8.905382386916239
v3_sc3_staging_08,L3,0,13,label_cell,False,0,False,False,False,False,nan,False,8.905382386916239
v3_sc3_staging_08,L3,0,13,label_only,False,0,True,False,False,True,9.227564927611036,True,8.905382386916239
v3_sc3_staging_08,L3,0,13,pose_only,False,0,True,False,False,True,8.905382386916239,True,8.905382386916239
v3_sc3_staging_08,L3,0,13,separate,False,0,True,False,False,True,9.374011537017763,True,8.905382386916239
v3_sc3_staging_08,L3,0,13,joint,False,0,True,False,False,True,9.256854249492381,True,8.905382386916239
v3_sc3_staging_08,L3,0,13,oracle,False,0,True,False,False,True,8.905382386916239,True,8.905382386916239
v3_sc3_staging_08,L3,0,14,uncalibrated,False,0,True,True,False,True,7.761879502661802,False,7.761879502661802
v3_sc3_staging_08,L3,0,14,label_cell,False,0,True,False,False,True,8.020458146424488,True,7.761879502661802
v3_sc3_staging_08,L3,0,14,label_only,False,0,True,False,False,True,7.8204581464244916,True,7.761879502661802
v3_sc3_staging_08,L3,0,14,pose_only,False,0,True,False,False,True,7.761879502661802,True,7.761879502661802
v3_sc3_staging_08,L3,0,14,separate,False,0,True,False,False,True,7.966904755831215,True,7.761879502661802
v3_sc3_staging_08,L3,0,14,joint,False,0,True,False,False,True,7.849747468305835,True,7.761879502661802
v3_sc3_staging_08,L3,0,14,oracle,False,0,True,False,False,True,7.761879502661802,True,7.761879502661802
v3_sc3_staging_08,L3,0,15,uncalibrated,False,0,True,True,False,True,6.8441125496954305,False,6.8441125496954305
v3_sc3_staging_08,L3,0,15,label_cell,False,0,False,False,False,False,nan,False,6.8441125496954305
v3_sc3_staging_08,L3,0,15,label_only,False,0,True,False,False,True,7.234062043356599,True,6.8441125496954305
v3_sc3_staging_08,L3,0,15,pose_only,False,0,True,False,False,True,6.844112549695429,True,6.8441125496954305
v3_sc3_staging_08,L3,0,15,separate,False,0,True,False,False,True,7.504772721475253,True,6.8441125496954305
v3_sc3_staging_08,L3,0,15,joint,False,0,True,False,False,True,7.304772721475252,True,6.8441125496954305
v3_sc3_staging_08,L3,0,15,oracle,False,0,True,False,False,True,6.8441125496954305,True,6.8441125496954305
v3_sc3_staging_08,L3,0,16,uncalibrated,False,0,True,True,False,True,7.292640687119287,False,7.468376618407361
v3_sc3_staging_08,L3,0,16,label_cell,False,0,True,False,False,True,7.701219330881976,True,7.468376618407361
v3_sc3_staging_08,L3,0,16,label_only,False,0,True,False,False,True,8.056244584051393,True,7.468376618407361
v3_sc3_staging_08,L3,0,16,pose_only,False,0,True,True,False,True,7.40979797464467,False,7.468376618407361
v3_sc3_staging_08,L3,0,16,separate,False,0,True,False,False,True,8.326955262170047,True,7.468376618407361
v3_sc3_staging_08,L3,0,16,joint,False,0,True,False,False,True,8.126955262170048,True,7.468376618407361
v3_sc3_staging_08,L3,0,16,oracle,False,0,True,False,False,True,7.468376618407361,True,7.468376618407361
v3_sc3_staging_08,L3,0,17,uncalibrated,False,0,True,True,False,True,7.606854249492386,False,7.724011537017765
v3_sc3_staging_08,L3,0,17,label_cell,False,0,True,False,False,True,7.811879502661802,True,7.724011537017765
v3_sc3_staging_08,L3,0,17,label_only,False,0,True,False,False,True,8.353300858899107,True,7.724011537017765
v3_sc3_staging_08,L3,0,17,pose_only,False,0,True,False,False,True,7.665432893255073,True,7.724011537017765
v3_sc3_staging_08,L3,0,17,separate,False,0,True,False,False,True,8.624011537017763,True,7.724011537017765
v3_sc3_staging_08,L3,0,17,joint,False,0,True,False,False,True,8.424011537017762,True,7.724011537017765
v3_sc3_staging_08,L3,0,17,oracle,False,0,True,False,False,True,7.724011537017765,True,7.724011537017765
v3_sc3_staging_08,L3,0,18,uncalibrated,False,0,False,False,False,False,nan,False,8.067514421272206
v3_sc3_staging_08,L3,0,18,label_cell,False,0,False,False,False,False,nan,False,8.067514421272206
v3_sc3_staging_08,L3,0,18,label_only,False,0,False,False,False,False,nan,False,8.067514421272206
v3_sc3_staging_08,L3,0,18,pose_only,False,0,False,False,False,False,nan,False,8.067514421272206
v3_sc3_staging_08,L3,0,18,separate,False,0,False,False,False,False,nan,False,8.067514421272206
v3_sc3_staging_08,L3,0,18,joint,False,0,False,False,False,False,nan,False,8.067514421272206
v3_sc3_staging_08,L3,0,18,oracle,False,0,True,False,False,True,8.067514421272206,True,8.067514421272206
v3_sc3_staging_08,L3,0,19,uncalibrated,False,0,True,True,False,True,9.641168824543144,False,9.558326112068523
v3_sc3_staging_08,L3,0,19,label_cell,False,0,False,False,False,False,nan,False,9.558326112068523
v3_sc3_staging_08,L3,0,19,label_only,False,0,True,False,False,True,9.761879502661799,True,9.558326112068523
v3_sc3_staging_08,L3,0,19,pose_only,False,0,True,False,False,True,9.641168824543144,True,9.558326112068523
v3_sc3_staging_08,L3,0,19,separate,False,0,True,False,False,True,9.97045814642449,True,9.558326112068523
v3_sc3_staging_08,L3,0,19,joint,False,0,True,False,False,True,9.8118795026618,True,9.558326112068523
v3_sc3_staging_08,L3,0,19,oracle,False,0,True,False,False,True,9.558326112068523,True,9.558326112068523
v3_sc3_staging_08,L3,1,0,uncalibrated,False,0,True,True,False,True,9.47045814642449,False,9.47045814642449
v3_sc3_staging_08,L3,1,0,label_cell,False,0,True,False,False,True,9.57903679018718,True,9.47045814642449
v3_sc3_staging_08,L3,1,0,label_only,False,0,True,False,False,True,9.958326112068525,True,9.47045814642449
v3_sc3_staging_08,L3,1,0,pose_only,False,0,True,False,False,True,9.47045814642449,True,9.47045814642449
v3_sc3_staging_08,L3,1,0,separate,False,0,True,False,False,True,10.22903679018718,True,9.47045814642449
v3_sc3_staging_08,L3,1,0,joint,False,0,True,False,False,True,10.029036790187178,True,9.47045814642449
v3_sc3_staging_08,L3,1,0,oracle,False,0,True,False,False,True,9.47045814642449,True,9.47045814642449
v3_sc3_staging_08,L3,1,1,uncalibrated,False,0,True,True,False,True,8.00269119345812,False,8.00269119345812
v3_sc3_staging_08,L3,1,1,label_cell,False,0,False,False,False,False,nan,False,8.00269119345812
v3_sc3_staging_08,L3,1,1,label_only,False,0,True,False,False,True,8.32193000900063,True,8.00269119345812
v3_sc3_staging_08,L3,1,1,pose_only,False,0,True,False,False,True,8.00269119345812,True,8.00269119345812
v3_sc3_staging_08,L3,1,1,separate,False,0,True,False,False,True,8.592640687119285,True,8.00269119345812
v3_sc3_staging_08,L3,1,1,joint,False,0,True,False,False,True,8.392640687119286,True,8.00269119345812
v3_sc3_staging_08,L3,1,1,oracle,False,0,True,False,False,True,8.00269119345812,True,8.00269119345812
v3_sc3_staging_08,L3,1,2,uncalibrated,False,0,True,True,False,True,10.559797974644667,False,10.676955262170049
v3_sc3_staging_08,L3,1,2,label_cell,False,0,False,False,False,False,nan,False,10.676955262170049
v3_sc3_staging_08,L3,1,2,label_only,False,0,True,False,False,True,11.389087296526014,True,10.676955262170049
v3_sc3_staging_08,L3,1,2,pose_only,False,0,True,True,False,True,10.659797974644668,False,10.676955262170049
v3_sc3_staging_08,L3,1,2,separate,False,0,True,False,False,True,11.659797974644668,True,10.676955262170049
v3_sc3_staging_08,L3,1,2,joint,False,0,True,False,False,True,11.459797974644669,True,10.676955262170049
v3_sc3_staging_08,L3,1,2,oracle,False,0,True,False,False,True,10.676955262170049,True,10.676955262170049
v3_sc3_staging_08,L3,1,3,uncalibrated,False,0,False,False,False,False,nan,False,8.771320343559642
v3_sc3_staging_08,L3,1,3,label_cell,False,0,False,False,False,False,nan,False,8.771320343559642
v3_sc3_staging_08,L3,1,3,label_only,False,0,False,False,False,False,nan,False,8.771320343559642
v3_sc3_staging_08,L3,1,3,pose_only,False,0,False,False,False,False,nan,False,8.771320343559642
v3_sc3_staging_08,L3,1,3,separate,False,0,False,False,False,False,nan,False,8.771320343559642
v3_sc3_staging_08,L3,1,3,joint,False,0,False,False,False,False,nan,False,8.771320343559642
v3_sc3_staging_08,L3,1,3,oracle,False,0,True,False,False,True,8.771320343559642,True,8.771320343559642
v3_sc3_staging_08,L3,1,4,uncalibrated,False,0,True,True,False,True,10.558326112068523,False,10.558326112068523
v3_sc3_staging_08,L3,1,4,label_cell,False,0,True,False,False,True,10.587615433949871,True,10.558326112068523
v3_sc3_staging_08,L3,1,4,label_only,False,0,True,False,False,True,10.587615433949871,True,10.558326112068523
v3_sc3_staging_08,L3,1,4,pose_only,False,0,True,False,False,True,10.558326112068523,True,10.558326112068523
v3_sc3_staging_08,L3,1,4,separate,False,0,True,False,False,True,10.775483399593906,True,10.558326112068523
v3_sc3_staging_08,L3,1,4,joint,False,0,True,False,False,True,10.616904755831214,True,10.558326112068523
v3_sc3_staging_08,L3,1,4,oracle,False,0,True,False,False,True,10.558326112068523,True,10.558326112068523
v3_sc3_staging_08,L3,1,5,uncalibrated,False,0,True,True,False,True,8.873401871576773,False,9.07842712474619
v3_sc3_staging_08,L3,1,5,label_cell,False,0,False,False,False,False,nan,False,9.07842712474619
v3_sc3_staging_08,L3,1,5,label_only,False,0,True,False,False,True,9.459188309203679,True,9.07842712474619
v3_sc3_staging_08,L3,1,5,pose_only,False,0,True,False,False,True,9.0198484809835,True,9.07842712474619
v3_sc3_staging_08,L3,1,5,separate,False,0,True,False,False,True,9.66776695296637,True,9.07842712474619
v3_sc3_staging_08,L3,1,5,joint,False,0,True,False,False,True,9.509188309203678,True,9.07842712474619
v3_sc3_staging_08,L3,1,5,oracle,False,0,True,False,False,True,9.07842712474619,True,9.07842712474619
v3_sc3_staging_08,L3,1,6,uncalibrated,False,0,True,True,False,True,10.658326112068524,False,10.775483399593904
v3_sc3_staging_08,L3,1,6,label_cell,False,0,False,False,False,False,nan,False,10.775483399593904
v3_sc3_staging_08,L3,1,6,label_only,False,0,True,False,False,True,11.156244584051393,True,10.775483399593904
v3_sc3_staging_08,L3,1,6,pose_only,False,0,True,False,False,True,10.716904755831216,True,10.775483399593904
v3_sc3_staging_08,L3,1,6,separate,False,0,True,False,False,True,11.38553390593274,True,10.775483399593904
v3_sc3_staging_08,L3,1,6,joint,False,0,True,False,False,True,11.22695526217005,True,10.775483399593904
v3_sc3_staging_08,L3,1,6,oracle,False,0,True,False,False,True,10.775483399593904,True,10.775483399593904
v3_sc3_staging_08,L3,1,7,uncalibrated,False,0,True,False,False,True,6.559188309203677,True,6.559188309203677
v3_sc3_staging_08,L3,1,7,label_cell,False,0,False,False,False,False,nan,False,6.559188309203677
v3_sc3_staging_08,L3,1,7,label_only,False,0,True,False,False,True,6.878427124746191,True,6.559188309203677
v3_sc3_staging_08,L3,1,7,pose_only,False,0,True,False,False,True,6.5591883092036785,True,6.559188309203677
v3_sc3_staging_08,L3,1,7,separate,False,0,True,False,False,True,7.149137802864849,True,6.559188309203677
v3_sc3_staging_08,L3,1,7,joint,False,0,True,False,False,True,6.949137802864846,True,6.559188309203677
v3_sc3_staging_08,L3,1,7,oracle,False,0,True,False,False,True,6.559188309203677,True,6.559188309203677
v3_sc3_staging_08,L3,1,8,uncalibrated,False,0,True,True,False,True,6.406244584051393,False,6.406244584051393
v3_sc3_staging_08,L3,1,8,label_cell,False,0,True,False,False,True,6.406244584051393,True,6.406244584051393
v3_sc3_staging_08,L3,1,8,label_only,False,0,True,False,False,True,6.706244584051394,True,6.406244584051393
v3_sc3_staging_08,L3,1,8,pose_only,False,0,True,False,False,True,6.406244584051393,True,6.406244584051393
v3_sc3_staging_08,L3,1,8,separate,False,0,True,False,False,True,6.976955262170049,True,6.406244584051393
v3_sc3_staging_08,L3,1,8,joint,False,0,True,False,False,True,6.776955262170048,True,6.406244584051393
v3_sc3_staging_08,L3,1,8,oracle,False,0,True,False,False,True,6.406244584051393,True,6.406244584051393
v3_sc3_staging_08,L3,1,9,uncalibrated,False,0,True,False,False,True,6.518376618407359,True,6.518376618407359
v3_sc3_staging_08,L3,1,9,label_cell,False,0,True,False,False,True,6.518376618407359,True,6.518376618407359
v3_sc3_staging_08,L3,1,9,label_only,False,0,True,False,False,True,6.606244584051395,True,6.518376618407359
v3_sc3_staging_08,L3,1,9,pose_only,False,0,True,False,False,True,6.518376618407359,True,6.518376618407359
v3_sc3_staging_08,L3,1,9,separate,False,0,True,False,False,True,6.835533905932741,True,6.518376618407359
v3_sc3_staging_08,L3,1,9,joint,False,0,True,False,False,True,6.635533905932741,True,6.518376618407359
v3_sc3_staging_08,L3,1,9,oracle,False,0,True,False,False,True,6.518376618407359,True,6.518376618407359
v3_sc3_staging_08,L3,1,10,uncalibrated,False,0,True,False,False,True,10.3118795026618,True,10.270458146424488
v3_sc3_staging_08,L3,1,10,label_cell,False,0,False,False,False,False,nan,False,10.270458146424488
v3_sc3_staging_08,L3,1,10,label_only,False,0,True,False,False,True,11.131118318204312,True,10.270458146424488
v3_sc3_staging_08,L3,1,10,pose_only,False,0,True,False,False,True,10.353300858899107,True,10.270458146424488
v3_sc3_staging_08,L3,1,10,separate,False,0,True,False,False,True,11.401828996322966,True,10.270458146424488
v3_sc3_staging_08,L3,1,10,joint,False,0,True,False,False,True,11.201828996322966,True,10.270458146424488
v3_sc3_staging_08,L3,1,10,oracle,False,0,True,False,False,True,10.270458146424488,True,10.270458146424488
v3_sc3_staging_08,L3,1,11,uncalibrated,False,0,True,True,False,True,11.432590180780453,False,11.432590180780451
v3_sc3_staging_08,L3,1,11,label_cell,False,0,False,False,False,False,nan,False,11.432590180780451
v3_sc3_staging_08,L3,1,11,label_only,False,0,True,False,False,True,11.524011537017763,True,11.432590180780451
v3_sc3_staging_08,L3,1,11,pose_only,False,0,True,False,False,True,11.432590180780453,True,11.432590180780451
v3_sc3_staging_08,L3,1,11,separate,False,0,True,False,False,True,11.732590180780454,True,11.432590180780451
v3_sc3_staging_08,L3,1,11,joint,False,0,True,False,False,True,11.574011537017762,True,11.432590180780451
v3_sc3_staging_08,L3,1,11,oracle,False,0,True,False,False,True,11.432590180780451,True,11.432590180780451
v3_sc3_staging_08,L3,1,12,uncalibrated,False,0,True,True,False,True,7.013351365237944,False,7.071930009000635
v3_sc3_staging_08,L3,1,12,label_cell,False,0,False,False,False,False,nan,False,7.071930009000635
v3_sc3_staging_08,L3,1,12,label_only,False,0,True,False,False,True,7.908326112068524,True,7.071930009000635
v3_sc3_staging_08,L3,1,12,pose_only,False,0,True,False,False,True,7.04264068711929,True,7.071930009000635
v3_sc3_staging_08,L3,1,12,separate,False,0,False,False,False,False,nan,False,7.071930009000635
v3_sc3_staging_08,L3,1,12,joint,False,0,True,False,False,True,7.979036790187178,True,7.071930009000635
v3_sc3_staging_08,L3,1,12,oracle,False,0,True,False,False,True,7.071930009000635,True,7.071930009000635
v3_sc3_staging_08,L3,1,13,uncalibrated,False,0,True,True,False,True,8.884671708797583,False,8.884671708797583
v3_sc3_staging_08,L3,1,13,label_cell,False,0,False,False,False,False,nan,False,8.884671708797583
v3_sc3_staging_08,L3,1,13,label_only,False,0,True,False,False,True,9.14827560572969,True,8.884671708797583
v3_sc3_staging_08,L3,1,13,pose_only,False,0,True,False,False,True,8.884671708797583,True,8.884671708797583
v3_sc3_staging_08,L3,1,13,separate,False,0,True,False,False,True,9.294722215136415,True,8.884671708797583
v3_sc3_staging_08,L3,1,13,joint,False,0,True,False,False,True,9.177564927611035,True,8.884671708797583
v3_sc3_staging_08,L3,1,13,oracle,False,0,True,False,False,True,8.884671708797583,True,8.884671708797583
v3_sc3_staging_08,L3,1,14,uncalibrated,False,0,True,True,False,True,7.720458146424491,False,7.720458146424491
v3_sc3_staging_08,L3,1,14,label_cell,False,0,True,False,False,True,7.979036790187178,True,7.720458146424491
v3_sc3_staging_08,L3,1,14,label_only,False,0,True,False,False,True,7.749747468305838,True,7.720458146424491
v3_sc3_staging_08,L3,1,14,pose_only,False,0,True,False,False,True,7.720458146424491,True,7.720458146424491
v3_sc3_staging_08,L3,1,14,separate,False,0,True,False,False,True,7.896194077712559,True,7.720458146424491
v3_sc3_staging_08,L3,1,14,joint,False,0,True,False,False,True,7.779036790187182,True,7.720458146424491
v3_sc3_staging_08,L3,1,14,oracle,False,0,True,False,False,True,7.720458146424491,True,7.720458146424491
v3_sc3_staging_08,L3,1,15,uncalibrated,False,0,True,True,False,True,6.80269119345812,False,6.80269119345812
v3_sc3_staging_08,L3,1,15,label_cell,False,0,False,False,False,False,nan,False,6.80269119345812
v3_sc3_staging_08,L3,1,15,label_only,False,0,True,False,False,True,7.204772721475255,True,6.80269119345812
v3_sc3_staging_08,L3,1,15,pose_only,False,0,True,False,False,True,6.823401871576775,True,6.80269119345812
v3_sc3_staging_08,L3,1,15,separate,False,0,True,False,False,True,7.475483399593907,True,6.80269119345812
v3_sc3_staging_08,L3,1,15,joint,False,0,True,False,False,True,7.275483399593909,True,6.80269119345812
v3_sc3_staging_08,L3,1,15,oracle,False,0,True,False,False,True,6.80269119345812,True,6.80269119345812
v3_sc3_staging_08,L3,1,16,uncalibrated,False,0,True,True,False,True,7.321930009000633,False,7.439087296526015
v3_sc3_staging_08,L3,1,16,label_cell,False,0,True,False,False,True,7.709797974644667,True,7.439087296526015
v3_sc3_staging_08,L3,1,16,label_only,False,0,True,False,False,True,8.026955262170047,True,7.439087296526015
v3_sc3_staging_08,L3,1,16,pose_only,False,0,True,True,False,True,7.380508652763324,False,7.439087296526015
v3_sc3_staging_08,L3,1,16,separate,False,0,True,False,False,True,8.297665940288702,True,7.439087296526015
v3_sc3_staging_08,L3,1,16,joint,False,0,True,False,False,True,8.097665940288703,True,7.439087296526015
v3_sc3_staging_08,L3,1,16,oracle,False,0,True,False,False,True,7.439087296526015,True,7.439087296526015
v3_sc3_staging_08,L3,1,17,uncalibrated,False,0,True,True,False,True,7.586143571373731,False,7.644722215136418
v3_sc3_staging_08,L3,1,17,label_cell,False,0,True,False,False,True,7.7911688245431465,True,7.644722215136418
v3_sc3_staging_08,L3,1,17,label_only,False,0,True,False,False,True,8.274011537017762,True,7.644722215136418
v3_sc3_staging_08,L3,1,17,pose_only,False,0,True,False,False,True,7.615432893255073,True,7.644722215136418
v3_sc3_staging_08,L3,1,17,separate,False,0,True,False,False,True,8.544722215136417,True,7.644722215136418
v3_sc3_staging_08,L3,1,17,joint,False,0,True,False,False,True,8.344722215136414,True,7.644722215136418
v3_sc3_staging_08,L3,1,17,oracle,False,0,True,False,False,True,7.644722215136418,True,7.644722215136418
v3_sc3_staging_08,L3,1,18,uncalibrated,False,0,True,True,False,True,8.04680374315355,False,8.04680374315355
v3_sc3_staging_08,L3,1,18,label_cell,False,0,False,False,False,False,nan,False,8.04680374315355
v3_sc3_staging_08,L3,1,18,label_only,False,0,True,False,False,True,8.422539674441621,True,8.04680374315355
v3_sc3_staging_08,L3,1,18,pose_only,False,0,True,False,False,True,8.04680374315355,True,8.04680374315355
v3_sc3_staging_08,L3,1,18,separate,False,0,True,False,False,True,8.651828996322966,True,8.04680374315355
v3_sc3_staging_08,L3,1,18,joint,False,0,True,False,False,True,8.47253967444162,True,8.04680374315355
v3_sc3_staging_08,L3,1,18,oracle,False,0,True,False,False,True,8.04680374315355,True,8.04680374315355
v3_sc3_staging_08,L3,1,19,uncalibrated,False,0,True,True,False,True,9.579036790187178,False,9.53761543394987
v3_sc3_staging_08,L3,1,19,label_cell,False,0,False,False,False,False,nan,False,9.53761543394987
v3_sc3_staging_08,L3,1,19,label_only,False,0,True,False,False,True,9.670458146424489,True,9.53761543394987
v3_sc3_staging_08,L3,1,19,pose_only,False,0,True,False,False,True,9.579036790187178,True,9.53761543394987
v3_sc3_staging_08,L3,1,19,separate,False,0,True,False,False,True,9.879036790187179,True,9.53761543394987
v3_sc3_staging_08,L3,1,19,joint,False,0,True,False,False,True,9.72045814642449,True,9.53761543394987
v3_sc3_staging_08,L3,1,19,oracle,False,0,True,False,False,True,9.53761543394987,True,9.53761543394987
v3_sc3_staging_08,L3,2,0,uncalibrated,False,0,True,True,False,True,9.43761543394987,False,9.43761543394987
v3_sc3_staging_08,L3,2,0,label_cell,False,0,True,False,False,True,9.58761543394987,True,9.43761543394987
v3_sc3_staging_08,L3,2,0,label_only,False,0,True,False,False,True,9.949747468305834,True,9.43761543394987
v3_sc3_staging_08,L3,2,0,pose_only,False,0,True,True,False,True,9.43761543394987,False,9.43761543394987
v3_sc3_staging_08,L3,2,0,separate,False,0,True,False,False,True,10.220458146424487,True,9.43761543394987
v3_sc3_staging_08,L3,2,0,joint,False,0,True,False,False,True,10.020458146424488,True,9.43761543394987
v3_sc3_staging_08,L3,2,0,oracle,False,0,True,False,False,True,9.43761543394987,True,9.43761543394987
v3_sc3_staging_08,L3,2,1,uncalibrated,False,0,True,True,False,True,8.031980515339464,False,7.990559159102155
v3_sc3_staging_08,L3,2,1,label_cell,False,0,False,False,False,False,nan,False,7.990559159102155
v3_sc3_staging_08,L3,2,1,label_only,False,0,True,False,False,True,8.363351365237941,True,7.990559159102155
v3_sc3_staging_08,L3,2,1,pose_only,False,0,True,True,False,True,8.031980515339464,False,7.990559159102155
v3_sc3_staging_08,L3,2,1,separate,False,0,True,False,False,True,8.634062043356597,True,7.990559159102155
v3_sc3_staging_08,L3,2,1,joint,False,0,True,False,False,True,8.434062043356596,True,7.990559159102155
v3_sc3_staging_08,L3,2,1,oracle,False,0,True,False,False,True,7.990559159102155,True,7.990559159102155
v3_sc3_staging_08,L3,2,2,uncalibrated,False,0,True,True,False,True,10.547665940288702,False,10.594112549695431
v3_sc3_staging_08,L3,2,2,label_cell,False,0,False,False,False,False,nan,False,10.594112549695431
v3_sc3_staging_08,L3,2,2,label_only,False,0,True,False,False,True,11.401219330881979,True,10.594112549695431
v3_sc3_staging_08,L3,2,2,pose_only,False,0,True,True,False,True,10.547665940288702,False,10.594112549695431
v3_sc3_staging_08,L3,2,2,separate,False,0,True,False,False,True,11.671930009000633,True,10.594112549695431
v3_sc3_staging_08,L3,2,2,joint,False,0,True,False,False,True,11.471930009000634,True,10.594112549695431
v3_sc3_staging_08,L3,2,2,oracle,False,0,True,False,False,True,10.594112549695431,True,10.594112549695431
v3_sc3_staging_08,L3,2,3,uncalibrated,False,0,True,True,False,True,8.524873734152917,False,8.759188309203678
v3_sc3_staging_08,L3,2,3,label_cell,False,0,True,False,False,True,8.966295090390227,True,8.759188309203678
v3_sc3_staging_08,L3,2,3,label_only,False,0,True,False,False,True,9.566295090390227,True,8.759188309203678
v3_sc3_staging_08,L3,2,3,pose_only,False,0,True,True,False,True,8.671320343559643,False,8.759188309203678
v3_sc3_staging_08,L3,2,3,separate,False,0,True,False,False,True,9.837005768508881,True,8.759188309203678
v3_sc3_staging_08,L3,2,3,joint,False,0,True,False,False,True,9.637005768508882,True,8.759188309203678
v3_sc3_staging_08,L3,2,3,oracle,False,0,True,False,False,True,8.759188309203678,True,8.759188309203678
v3_sc3_staging_08,L3,2,4,uncalibrated,False,0,True,True,False,True,10.604772721475252,False,10.60477272147525
v3_sc3_staging_08,L3,2,4,label_cell,False,0,True,False,False,True,10.634062043356597,True,10.60477272147525
v3_sc3_staging_08,L3,2,4,label_only,False,0,True,False,False,True,10.64619407771256,True,10.60477272147525
v3_sc3_staging_08,L3,2,4,pose_only,False,0,True,True,False,True,10.604772721475252,False,10.60477272147525
v3_sc3_staging_08,L3,2,4,separate,False,0,True,False,False,True,10.85477272147525,True,10.60477272147525
v3_sc3_staging_08,L3,2,4,joint,False,0,True,False,False,True,10.675483399593906,True,10.60477272147525
v3_sc3_staging_08,L3,2,4,oracle,False,0,True,False,False,True,10.60477272147525,True,10.60477272147525
v3_sc3_staging_08,L3,2,5,uncalibrated,False,0,True,True,False,True,8.881980515339462,False,9.116295090390224
v3_sc3_staging_08,L3,2,5,label_cell,False,0,False,False,False,False,nan,False,9.116295090390224
v3_sc3_staging_08,L3,2,5,label_only,False,0,True,False,False,True,9.488477631085024,True,9.116295090390224
v3_sc3_staging_08,L3,2,5,pose_only,False,0,True,True,False,True,9.028427124746191,False,9.116295090390224
v3_sc3_staging_08,L3,2,5,separate,False,0,True,False,False,True,9.697056274847714,True,9.116295090390224
v3_sc3_staging_08,L3,2,5,joint,False,0,True,False,False,True,9.517766952966369,True,9.116295090390224
v3_sc3_staging_08,L3,2,5,oracle,False,0,True,False,False,True,9.116295090390224,True,9.116295090390224
v3_sc3_staging_08,L3,2,6,uncalibrated,False,0,True,True,False,True,10.675483399593906,False,10.76335136523794
v3_sc3_staging_08,L3,2,6,label_cell,False,0,False,False,False,False,nan,False,10.76335136523794
v3_sc3_staging_08,L3,2,6,label_only,False,0,True,False,False,True,11.156244584051393,True,10.76335136523794
v3_sc3_staging_08,L3,2,6,pose_only,False,0,True,True,False,True,10.675483399593908,False,10.76335136523794
v3_sc3_staging_08,L3,2,6,separate,False,0,True,False,False,True,11.364823227814083,True,10.76335136523794
v3_sc3_staging_08,L3,2,6,joint,False,0,True,False,False,True,11.185533905932738,True,10.76335136523794
v3_sc3_staging_08,L3,2,6,oracle,False,0,True,False,False,True,10.76335136523794,True,10.76335136523794
v3_sc3_staging_08,L3,2,7,uncalibrated,False,0,True,False,False,True,6.497056274847714,True,6.497056274847714
v3_sc3_staging_08,L3,2,7,label_cell,False,0,False,False,False,False,nan,False,6.497056274847714
v3_sc3_staging_08,L3,2,7,label_only,False,0,True,False,False,True,6.828427124746191,True,6.497056274847714
v3_sc3_staging_08,L3,2,7,pose_only,False,0,True,False,False,True,6.497056274847714,True,6.497056274847714
v3_sc3_staging_08,L3,2,7,separate,False,0,True,False,False,True,7.099137802864849,True,6.497056274847714
v3_sc3_staging_08,L3,2,7,joint,False,0,True,False,False,True,6.899137802864846,True,6.497056274847714
v3_sc3_staging_08,L3,2,7,oracle,False,0,True,False,False,True,6.497056274847714,True,6.497056274847714
v3_sc3_staging_08,L3,2,8,uncalibrated,False,0,True,True,False,True,6.414823227814082,False,6.414823227814082
v3_sc3_staging_08,L3,2,8,label_cell,False,0,True,False,False,True,6.414823227814082,True,6.414823227814082
v3_sc3_staging_08,L3,2,8,label_only,False,0,True,False,False,True,6.656244584051393,True,6.414823227814082
v3_sc3_staging_08,L3,2,8,pose_only,False,0,True,True,False,True,6.414823227814082,False,6.414823227814082
v3_sc3_staging_08,L3,2,8,separate,False,0,True,False,False,True,6.926955262170049,True,6.414823227814082
v3_sc3_staging_08,L3,2,8,joint,False,0,True,False,False,True,6.726955262170049,True,6.414823227814082
v3_sc3_staging_08,L3,2,8,oracle,False,0,True,False,False,True,6.414823227814082,True,6.414823227814082
v3_sc3_staging_08,L3,2,9,uncalibrated,False,0,True,False,False,True,6.556244584051395,True,6.556244584051395
v3_sc3_staging_08,L3,2,9,label_cell,False,0,True,False,False,True,6.556244584051395,True,6.556244584051395
v3_sc3_staging_08,L3,2,9,label_only,False,0,True,False,False,True,6.585533905932741,True,6.556244584051395
v3_sc3_staging_08,L3,2,9,pose_only,False,0,True,False,False,True,6.556244584051395,True,6.556244584051395
v3_sc3_staging_08,L3,2,9,separate,False,0,True,False,False,True,6.814823227814087,True,6.556244584051395
v3_sc3_staging_08,L3,2,9,joint,False,0,True,False,False,True,6.614823227814085,True,6.556244584051395
v3_sc3_staging_08,L3,2,9,oracle,False,0,True,False,False,True,6.556244584051395,True,6.556244584051395
v3_sc3_staging_08,L3,2,10,uncalibrated,False,0,False,False,False,False,nan,False,10.329036790187178
v3_sc3_staging_08,L3,2,10,label_cell,False,0,False,False,False,False,nan,False,10.329036790187178
v3_sc3_staging_08,L3,2,10,label_only,False,0,False,False,False,False,nan,False,10.329036790187178
v3_sc3_staging_08,L3,2,10,pose_only,False,0,False,False,False,False,nan,False,10.329036790187178
v3_sc3_staging_08,L3,2,10,separate,False,0,False,False,False,False,nan,False,10.329036790187178
v3_sc3_staging_08,L3,2,10,joint,False,0,False,False,False,False,nan,False,10.329036790187178
v3_sc3_staging_08,L3,2,10,oracle,False,0,True,False,False,True,10.329036790187178,True,10.329036790187178
v3_sc3_staging_08,L3,2,11,uncalibrated,False,0,True,True,False,True,11.379036790187179,False,11.379036790187179
v3_sc3_staging_08,L3,2,11,label_cell,False,0,True,False,False,True,11.379036790187179,True,11.379036790187179
v3_sc3_staging_08,L3,2,11,label_only,False,0,True,False,False,True,11.503300858899108,True,11.379036790187179
v3_sc3_staging_08,L3,2,11,pose_only,False,0,True,True,False,True,11.379036790187179,False,11.379036790187179
v3_sc3_staging_08,L3,2,11,separate,False,0,True,False,False,True,11.732590180780454,True,11.379036790187179
v3_sc3_staging_08,L3,2,11,joint,False,0,True,False,False,True,11.532590180780453,True,11.379036790187179
v3_sc3_staging_08,L3,2,11,oracle,False,0,True,False,False,True,11.379036790187179,True,11.379036790187179
v3_sc3_staging_08,L3,2,12,uncalibrated,False,0,True,False,False,True,7.0012193308819795,True,7.030508652763325
v3_sc3_staging_08,L3,2,12,label_cell,False,0,False,False,False,False,nan,False,7.030508652763325
v3_sc3_staging_08,L3,2,12,label_only,False,0,True,False,False,True,7.808326112068525,True,7.030508652763325
v3_sc3_staging_08,L3,2,12,pose_only,False,0,True,False,False,True,7.00121933088198,True,7.030508652763325
v3_sc3_staging_08,L3,2,12,separate,False,0,True,False,False,True,8.079036790187178,True,7.030508652763325
v3_sc3_staging_08,L3,2,12,joint,False,0,True,False,False,True,7.879036790187178,True,7.030508652763325
v3_sc3_staging_08,L3,2,12,oracle,False,0,True,False,False,True,7.030508652763325,True,7.030508652763325
v3_sc3_staging_08,L3,2,13,uncalibrated,False,0,True,True,False,True,8.972539674441618,False,8.972539674441618
v3_sc3_staging_08,L3,2,13,label_cell,False,0,False,False,False,False,nan,False,8.972539674441618
v3_sc3_staging_08,L3,2,13,label_only,False,0,True,False,False,True,9.118986283848345,True,8.972539674441618
v3_sc3_staging_08,L3,2,13,pose_only,False,0,True,True,False,True,8.972539674441618,False,8.972539674441618
v3_sc3_staging_08,L3,2,13,separate,False,0,True,False,False,True,9.265432893255072,True,8.972539674441618
v3_sc3_staging_08,L3,2,13,joint,False,0,True,False,False,True,9.148275605729692,True,8.972539674441618
v3_sc3_staging_08,L3,2,13,oracle,False,0,True,False,False,True,8.972539674441618,True,8.972539674441618
v3_sc3_staging_08,L3,2,14,uncalibrated,False,0,True,True,False,True,7.829036790187179,False,7.829036790187179
v3_sc3_staging_08,L3,2,14,label_cell,False,0,True,False,False,True,8.08761543394987,True,7.829036790187179
v3_sc3_staging_08,L3,2,14,label_only,False,0,True,False,False,True,7.829036790187181,True,7.829036790187179
v3_sc3_staging_08,L3,2,14,pose_only,False,0,True,True,False,True,7.829036790187181,False,7.829036790187179
v3_sc3_staging_08,L3,2,14,separate,False,0,True,False,False,True,7.975483399593904,True,7.829036790187179
v3_sc3_staging_08,L3,2,14,joint,False,0,True,False,False,True,7.858326112068524,True,7.829036790187179
v3_sc3_staging_08,L3,2,14,oracle,False,0,True,False,False,True,7.829036790187179,True,7.829036790187179
v3_sc3_staging_08,L3,2,15,uncalibrated,False,0,True,True,False,True,6.81126983722081,False,6.811269837220809
v3_sc3_staging_08,L3,2,15,label_cell,False,0,False,False,False,False,nan,False,6.811269837220809
v3_sc3_staging_08,L3,2,15,label_only,False,0,True,False,False,True,7.184062043356599,True,6.811269837220809
v3_sc3_staging_08,L3,2,15,pose_only,False,0,True,True,False,True,6.831980515339464,False,6.811269837220809
v3_sc3_staging_08,L3,2,15,separate,False,0,True,False,False,True,7.454772721475251,True,6.811269837220809
v3_sc3_staging_08,L3,2,15,joint,False,0,True,False,False,True,7.254772721475255,True,6.811269837220809
v3_sc3_staging_08,L3,2,15,oracle,False,0,True,False,False,True,6.811269837220809,True,6.811269837220809
v3_sc3_staging_08,L3,2,16,uncalibrated,False,0,True,True,False,True,7.330508652763324,False,7.418376618407359
v3_sc3_staging_08,L3,2,16,label_cell,False,0,True,False,False,True,7.718376618407357,True,7.418376618407359
v3_sc3_staging_08,L3,2,16,label_only,False,0,True,False,False,True,7.976955262170048,True,7.418376618407359
v3_sc3_staging_08,L3,2,16,pose_only,False,0,True,True,False,True,7.330508652763324,False,7.418376618407359
v3_sc3_staging_08,L3,2,16,separate,False,0,True,False,False,True,8.247665940288703,True,7.418376618407359
v3_sc3_staging_08,L3,2,16,joint,False,0,True,False,False,True,8.047665940288702,True,7.418376618407359
v3_sc3_staging_08,L3,2,16,oracle,False,0,True,False,False,True,7.418376618407359,True,7.418376618407359
v3_sc3_staging_08,L3,2,17,uncalibrated,False,0,True,False,False,True,7.644722215136418,True,7.6740115370177655
v3_sc3_staging_08,L3,2,17,label_cell,False,0,True,False,False,True,7.820458146424494,True,7.6740115370177655
v3_sc3_staging_08,L3,2,17,label_only,False,0,True,False,False,True,8.244722215136417,True,7.6740115370177655
v3_sc3_staging_08,L3,2,17,pose_only,False,0,True,False,False,True,7.644722215136418,True,7.6740115370177655
v3_sc3_staging_08,L3,2,17,separate,False,0,True,False,False,True,8.515432893255072,True,7.6740115370177655
v3_sc3_staging_08,L3,2,17,joint,False,0,True,False,False,True,8.31543289325507,True,7.6740115370177655
v3_sc3_staging_08,L3,2,17,oracle,False,0,True,False,False,True,7.6740115370177655,True,7.6740115370177655
v3_sc3_staging_08,L3,2,18,uncalibrated,False,0,True,True,False,True,8.084671708797586,False,8.084671708797586
v3_sc3_staging_08,L3,2,18,label_cell,False,0,False,False,False,False,nan,False,8.084671708797586
v3_sc3_staging_08,L3,2,18,label_only,False,0,True,False,False,True,8.343250352560274,True,8.084671708797586
v3_sc3_staging_08,L3,2,18,pose_only,False,0,True,True,False,True,8.084671708797586,False,8.084671708797586
v3_sc3_staging_08,L3,2,18,separate,False,0,True,False,False,True,8.57253967444162,True,8.084671708797586
v3_sc3_staging_08,L3,2,18,joint,False,0,True,False,False,True,8.393250352560273,True,8.084671708797586
v3_sc3_staging_08,L3,2,18,oracle,False,0,True,False,False,True,8.084671708797586,True,8.084671708797586
v3_sc3_staging_08,L3,2,19,uncalibrated,False,0,True,True,False,True,9.608326112068525,False,9.525483399593904
v3_sc3_staging_08,L3,2,19,label_cell,False,0,False,False,False,False,nan,False,9.525483399593904
v3_sc3_staging_08,L3,2,19,label_only,False,0,True,False,False,True,9.670458146424489,True,9.525483399593904
v3_sc3_staging_08,L3,2,19,pose_only,False,0,True,True,False,True,9.608326112068525,False,9.525483399593904
v3_sc3_staging_08,L3,2,19,separate,False,0,True,False,False,True,9.879036790187179,True,9.525483399593904
v3_sc3_staging_08,L3,2,19,joint,False,0,True,False,False,True,9.72045814642449,True,9.525483399593904
v3_sc3_staging_08,L3,2,19,oracle,False,0,True,False,False,True,9.525483399593904,True,9.525483399593904
v3_sc3_staging_08,L3,3,0,uncalibrated,False,0,True,True,False,True,9.453300858899107,False,9.511879502661799
v3_sc3_staging_08,L3,3,0,label_cell,False,0,True,False,False,True,9.62045814642449,True,9.511879502661799
v3_sc3_staging_08,L3,3,0,label_only,False,0,True,False,False,True,9.99619407771256,True,9.511879502661799
v3_sc3_staging_08,L3,3,0,pose_only,False,0,True,False,False,True,9.453300858899107,True,9.511879502661799
v3_sc3_staging_08,L3,3,0,separate,False,0,True,False,False,True,10.246194077712559,True,9.511879502661799
v3_sc3_staging_08,L3,3,0,joint,False,0,True,False,False,True,10.046194077712562,True,9.511879502661799
v3_sc3_staging_08,L3,3,0,oracle,False,0,True,False,False,True,9.511879502661799,True,9.511879502661799
v3_sc3_staging_08,L3,3,1,uncalibrated,False,0,True,True,False,True,8.035533905932738,False,8.035533905932738
v3_sc3_staging_08,L3,3,1,label_cell,False,0,False,False,False,False,nan,False,8.035533905932738
v3_sc3_staging_08,L3,3,1,label_only,False,0,True,False,False,True,8.301219330881976,True,8.035533905932738
v3_sc3_staging_08,L3,3,1,pose_only,False,0,True,False,False,True,8.035533905932738,True,8.035533905932738
v3_sc3_staging_08,L3,3,1,separate,False,0,True,False,False,True,8.57193000900063,True,8.035533905932738
v3_sc3_staging_08,L3,3,1,joint,False,0,True,False,False,True,8.37193000900063,True,8.035533905932738
v3_sc3_staging_08,L3,3,1,oracle,False,0,True,False,False,True,8.035533905932738,True,8.035533905932738
v3_sc3_staging_08,L3,3,2,uncalibrated,False,0,True,True,False,True,10.571930009000631,False,10.747665940288705
v3_sc3_staging_08,L3,3,2,label_cell,False,0,False,False,False,False,nan,False,10.747665940288705
v3_sc3_staging_08,L3,3,2,label_only,False,0,True,False,False,True,11.335533905932738,True,10.747665940288705
v3_sc3_staging_08,L3,3,2,pose_only,False,0,True,True,False,True,10.689087296526012,False,10.747665940288705
v3_sc3_staging_08,L3,3,2,separate,False,0,True,False,False,True,11.606244584051394,True,10.747665940288705
v3_sc3_staging_08,L3,3,2,joint,False,0,True,False,False,True,11.406244584051393,True,10.747665940288705
v3_sc3_staging_08,L3,3,2,oracle,False,0,True,False,False,True,10.747665940288705,True,10.747665940288705
v3_sc3_staging_08,L3,3,3,uncalibrated,False,0,True,True,False,True,8.616295090390228,False,8.821320343559643
v3_sc3_staging_08,L3,3,3,label_cell,False,0,True,False,False,True,8.987005768508881,True,8.821320343559643
v3_sc3_staging_08,L3,3,3,label_only,False,0,True,False,False,True,9.492031021678299,True,8.821320343559643
v3_sc3_staging_08,L3,3,3,pose_only,False,0,True,True,False,True,8.762741699796953,False,8.821320343559643
v3_sc3_staging_08,L3,3,3,separate,False,0,True,False,False,True,9.762741699796953,True,8.821320343559643
v3_sc3_staging_08,L3,3,3,joint,False,0,True,False,False,True,9.562741699796954,True,8.821320343559643
v3_sc3_staging_08,L3,3,3,oracle,False,0,True,False,False,True,8.821320343559643,True,8.821320343559643
v3_sc3_staging_08,L3,3,4,uncalibrated,False,0,True,True,False,True,10.6118795026618,False,10.611879502661797
v3_sc3_staging_08,L3,3,4,label_cell,False,0,True,False,False,True,10.641168824543144,True,10.611879502661797
v3_sc3_staging_08,L3,3,4,label_only,False,0,True,False,False,True,10.670458146424489,True,10.611879502661797
v3_sc3_staging_08,L3,3,4,pose_only,False,0,True,False,False,True,10.611879502661797,True,10.611879502661797
v3_sc3_staging_08,L3,3,4,separate,False,0,True,False,False,True,10.816904755831215,True,10.611879502661797
v3_sc3_staging_08,L3,3,4,joint,False,0,True,False,False,True,10.699747468305834,True,10.611879502661797
v3_sc3_staging_08,L3,3,4,oracle,False,0,True,False,False,True,10.611879502661797,True,10.611879502661797
v3_sc3_staging_08,L3,3,5,uncalibrated,False,0,True,True,False,True,8.964823227814083,False,9.169848480983498
v3_sc3_staging_08,L3,3,5,label_cell,False,0,False,False,False,False,nan,False,9.169848480983498
v3_sc3_staging_08,L3,3,5,label_only,False,0,True,False,False,True,9.550609665440987,True,9.169848480983498
v3_sc3_staging_08,L3,3,5,pose_only,False,0,True,False,False,True,9.111269837220808,True,9.169848480983498
v3_sc3_staging_08,L3,3,5,separate,False,0,True,False,False,True,9.697056274847714,True,9.169848480983498
v3_sc3_staging_08,L3,3,5,joint,False,0,True,False,False,True,9.579898987322332,True,9.169848480983498
v3_sc3_staging_08,L3,3,5,oracle,False,0,True,False,False,True,9.169848480983498,True,9.169848480983498
v3_sc3_staging_08,L3,3,6,uncalibrated,False,0,True,True,False,True,10.670458146424489,False,10.84619407771256
v3_sc3_staging_08,L3,3,6,label_cell,False,0,False,False,False,False,nan,False,10.84619407771256
v3_sc3_staging_08,L3,3,6,label_only,False,0,True,False,False,True,11.226955262170048,True,10.84619407771256
v3_sc3_staging_08,L3,3,6,pose_only,False,0,True,False,False,True,10.78761543394987,True,10.84619407771256
v3_sc3_staging_08,L3,3,6,separate,False,0,True,False,False,True,11.373401871576775,True,10.84619407771256
v3_sc3_staging_08,L3,3,6,joint,False,0,True,False,False,True,11.256244584051394,True,10.84619407771256
v3_sc3_staging_08,L3,3,6,oracle,False,0,True,False,False,True,10.84619407771256,True,10.84619407771256
v3_sc3_staging_08,L3,3,7,uncalibrated,False,0,True,False,False,True,6.571320343559645,True,6.571320343559643
v3_sc3_staging_08,L3,3,7,label_cell,False,0,False,False,False,False,nan,False,6.571320343559643
v3_sc3_staging_08,L3,3,7,label_only,False,0,True,False,False,True,6.837005768508881,True,6.571320343559643
v3_sc3_staging_08,L3,3,7,pose_only,False,0,True,False,False,True,6.571320343559645,True,6.571320343559643
v3_sc3_staging_08,L3,3,7,separate,False,0,True,False,False,True,7.107716446627538,True,6.571320343559643
v3_sc3_staging_08,L3,3,7,joint,False,0,True,False,False,True,6.9077164466275365,True,6.571320343559643
v3_sc3_staging_08,L3,3,7,oracle,False,0,True,False,False,True,6.571320343559643,True,6.571320343559643
v3_sc3_staging_08,L3,3,8,uncalibrated,False,0,True,True,False,True,6.418376618407358,False,6.418376618407358
v3_sc3_staging_08,L3,3,8,label_cell,False,0,True,False,False,True,6.418376618407358,True,6.418376618407358
v3_sc3_staging_08,L3,3,8,label_only,False,0,True,False,False,True,6.735533905932738,True,6.418376618407358
v3_sc3_staging_08,L3,3,8,pose_only,False,0,True,False,False,True,6.418376618407358,True,6.418376618407358
v3_sc3_staging_08,L3,3,8,separate,False,0,True,False,False,True,6.964823227814084,True,6.418376618407358
v3_sc3_staging_08,L3,3,8,joint,False,0,True,False,False,True,6.785533905932738,True,6.418376618407358
v3_sc3_staging_08,L3,3,8,oracle,False,0,True,False,False,True,6.418376618407358,True,6.418376618407358
v3_sc3_staging_08,L3,3,9,uncalibrated,False,0,True,False,False,True,6.530508652763324,True,6.530508652763324
v3_sc3_staging_08,L3,3,9,label_cell,False,0,True,False,False,True,6.530508652763323,True,6.530508652763324
v3_sc3_staging_08,L3,3,9,label_only,False,0,True,False,False,True,6.676955262170049,True,6.530508652763324
v3_sc3_staging_08,L3,3,9,pose_only,False,0,True,False,False,True,6.530508652763324,True,6.530508652763324
v3_sc3_staging_08,L3,3,9,separate,False,0,True,False,False,True,6.8234018715767775,True,6.530508652763324
v3_sc3_staging_08,L3,3,9,joint,False,0,True,False,False,True,6.706244584051395,True,6.530508652763324
v3_sc3_staging_08,L3,3,9,oracle,False,0,True,False,False,True,6.530508652763324,True,6.530508652763324
v3_sc3_staging_08,L3,3,10,uncalibrated,False,0,True,True,False,True,10.274011537017763,False,10.291168824543144
v3_sc3_staging_08,L3,3,10,label_cell,False,0,False,False,False,False,nan,False,10.291168824543144
v3_sc3_staging_08,L3,3,10,label_only,False,0,True,False,False,True,11.127564927611038,True,10.291168824543144
v3_sc3_staging_08,L3,3,10,pose_only,False,0,True,False,False,True,10.303300858899107,True,10.291168824543144
v3_sc3_staging_08,L3,3,10,separate,False,0,True,False,False,True,11.398275605729692,True,10.291168824543144
v3_sc3_staging_08,L3,3,10,joint,False,0,True,False,False,True,11.198275605729693,True,10.291168824543144
v3_sc3_staging_08,L3,3,10,oracle,False,0,True,False,False,True,10.291168824543144,True,10.291168824543144
v3_sc3_staging_08,L3,3,11,uncalibrated,False,0,True,True,False,True,11.436143571373728,False,11.436143571373727
v3_sc3_staging_08,L3,3,11,label_cell,False,0,True,False,False,True,11.436143571373727,True,11.436143571373727
v3_sc3_staging_08,L3,3,11,label_only,False,0,True,False,False,True,11.494722215136418,True,11.436143571373727
v3_sc3_staging_08,L3,3,11,pose_only,False,0,True,False,False,True,11.436143571373727,True,11.436143571373727
v3_sc3_staging_08,L3,3,11,separate,False,0,True,False,False,True,11.703300858899109,True,11.436143571373727
v3_sc3_staging_08,L3,3,11,joint,False,0,True,False,False,True,11.565432893255073,True,11.436143571373727
v3_sc3_staging_08,L3,3,11,oracle,False,0,True,False,False,True,11.436143571373727,True,11.436143571373727
v3_sc3_staging_08,L3,3,12,uncalibrated,False,0,True,True,False,True,7.004772721475253,False,7.121930009000636
v3_sc3_staging_08,L3,3,12,label_cell,False,0,False,False,False,False,nan,False,7.121930009000636
v3_sc3_staging_08,L3,3,12,label_only,False,0,True,False,False,True,7.875483399593904,True,7.121930009000636
v3_sc3_staging_08,L3,3,12,pose_only,False,0,True,True,False,True,7.063351365237944,False,7.121930009000636
v3_sc3_staging_08,L3,3,12,separate,False,0,True,False,False,True,8.14619407771256,True,7.121930009000636
v3_sc3_staging_08,L3,3,12,joint,False,0,True,False,False,True,7.946194077712559,True,7.121930009000636
v3_sc3_staging_08,L3,3,12,oracle,False,0,True,False,False,True,7.121930009000636,True,7.121930009000636
v3_sc3_staging_08,L3,3,13,uncalibrated,False,0,True,True,False,True,8.867514421272203,False,8.867514421272203
v3_sc3_staging_08,L3,3,13,label_cell,False,0,False,False,False,False,nan,False,8.867514421272203
v3_sc3_staging_08,L3,3,13,label_only,False,0,True,False,False,True,9.24827560572969,True,8.867514421272203
v3_sc3_staging_08,L3,3,13,pose_only,False,0,True,False,False,True,8.867514421272203,True,8.867514421272203
v3_sc3_staging_08,L3,3,13,separate,False,0,True,False,False,True,9.394722215136417,True,8.867514421272203
v3_sc3_staging_08,L3,3,13,joint,False,0,True,False,False,True,9.277564927611037,True,8.867514421272203
v3_sc3_staging_08,L3,3,13,oracle,False,0,True,False,False,True,8.867514421272203,True,8.867514421272203
v3_sc3_staging_08,L3,3,14,uncalibrated,False,0,True,True,False,True,7.7533008588991095,False,7.753300858899111
v3_sc3_staging_08,L3,3,14,label_cell,False,0,True,False,False,True,8.011879502661797,True,7.753300858899111
v3_sc3_staging_08,L3,3,14,label_only,False,0,True,False,False,True,7.811879502661802,True,7.753300858899111
v3_sc3_staging_08,L3,3,14,pose_only,False,0,True,False,False,True,7.7533008588991095,True,7.753300858899111
v3_sc3_staging_08,L3,3,14,separate,False,0,True,False,False,True,7.958326112068524,True,7.753300858899111
v3_sc3_staging_08,L3,3,14,joint,False,0,True,False,False,True,7.841168824543146,True,7.753300858899111
v3_sc3_staging_08,L3,3,14,oracle,False,0,True,False,False,True,7.753300858899111,True,7.753300858899111
v3_sc3_staging_08,L3,3,15,uncalibrated,False,0,True,True,False,True,6.835533905932741,False,6.835533905932741
v3_sc3_staging_08,L3,3,15,label_cell,False,0,False,False,False,False,nan,False,6.835533905932741
v3_sc3_staging_08,L3,3,15,label_only,False,0,True,False,False,True,7.184062043356597,True,6.835533905932741
v3_sc3_staging_08,L3,3,15,pose_only,False,0,True,False,False,True,6.8355339059327385,True,6.835533905932741
v3_sc3_staging_08,L3,3,15,separate,False,0,True,False,False,True,7.454772721475251,True,6.835533905932741
v3_sc3_staging_08,L3,3,15,joint,False,0,True,False,False,True,7.254772721475253,True,6.835533905932741
v3_sc3_staging_08,L3,3,15,oracle,False,0,True,False,False,True,6.835533905932741,True,6.835533905932741
v3_sc3_staging_08,L3,3,16,uncalibrated,False,0,True,True,False,True,7.313351365237941,False,7.489087296526015
v3_sc3_staging_08,L3,3,16,label_cell,False,0,True,False,False,True,7.680508652763322,True,7.489087296526015
v3_sc3_staging_08,L3,3,16,label_only,False,0,True,False,False,True,7.994112549695427,True,7.489087296526015
v3_sc3_staging_08,L3,3,16,pose_only,False,0,True,True,False,True,7.430508652763326,False,7.489087296526015
v3_sc3_staging_08,L3,3,16,separate,False,0,True,False,False,True,8.264823227814084,True,7.489087296526015
v3_sc3_staging_08,L3,3,16,joint,False,0,True,False,False,True,8.064823227814083,True,7.489087296526015
v3_sc3_staging_08,L3,3,16,oracle,False,0,True,False,False,True,7.489087296526015,True,7.489087296526015
v3_sc3_staging_08,L3,3,17,uncalibrated,False,0,True,True,False,True,7.57756492761104,False,7.724011537017765
v3_sc3_staging_08,L3,3,17,label_cell,False,0,True,False,False,True,7.811879502661802,True,7.724011537017765
v3_sc3_staging_08,L3,3,17,label_only,False,0,True,False,False,True,8.311879502661798,True,7.724011537017765
v3_sc3_staging_08,L3,3,17,pose_only,False,0,True,True,False,True,7.665432893255073,False,7.724011537017765
v3_sc3_staging_08,L3,3,17,separate,False,0,True,False,False,True,8.582590180780452,True,7.724011537017765
v3_sc3_staging_08,L3,3,17,joint,False,0,True,False,False,True,8.382590180780452,True,7.724011537017765
v3_sc3_staging_08,L3,3,17,oracle,False,0,True,False,False,True,7.724011537017765,True,7.724011537017765
v3_sc3_staging_08,L3,3,18,uncalibrated,False,0,True,True,False,True,8.008935777509512,False,8.03822509939086
v3_sc3_staging_08,L3,3,18,label_cell,False,0,False,False,False,False,nan,False,8.03822509939086
v3_sc3_staging_08,L3,3,18,label_only,False,0,True,False,False,True,8.48111831820431,True,8.03822509939086
v3_sc3_staging_08,L3,3,18,pose_only,False,0,True,False,False,True,8.008935777509512,True,8.03822509939086
v3_sc3_staging_08,L3,3,18,separate,False,0,True,False,False,True,8.689696961967,True,8.03822509939086
v3_sc3_staging_08,L3,3,18,joint,False,0,True,False,False,True,8.53111831820431,True,8.03822509939086
v3_sc3_staging_08,L3,3,18,oracle,False,0,True,False,False,True,8.03822509939086,True,8.03822509939086
v3_sc3_staging_08,L3,3,19,uncalibrated,False,0,True,True,False,True,9.5618795026618,False,9.520458146424488
v3_sc3_staging_08,L3,3,19,label_cell,False,0,False,False,False,False,nan,False,9.520458146424488
v3_sc3_staging_08,L3,3,19,label_only,False,0,True,False,False,True,9.641168824543144,True,9.520458146424488
v3_sc3_staging_08,L3,3,19,pose_only,False,0,True,False,False,True,9.5618795026618,True,9.520458146424488
v3_sc3_staging_08,L3,3,19,separate,False,0,True,False,False,True,9.849747468305834,True,9.520458146424488
v3_sc3_staging_08,L3,3,19,joint,False,0,True,False,False,True,9.691168824543144,True,9.520458146424488
v3_sc3_staging_08,L3,3,19,oracle,False,0,True,False,False,True,9.520458146424488,True,9.520458146424488
v3_sc3_staging_08,L3,4,0,uncalibrated,False,0,True,True,False,True,9.427564927611035,False,9.632590180780454
v3_sc3_staging_08,L3,4,0,label_cell,False,0,True,False,False,True,9.60330085889911,True,9.632590180780454
v3_sc3_staging_08,L3,4,0,label_only,False,0,True,False,False,True,10.034062043356597,True,9.632590180780454
v3_sc3_staging_08,L3,4,0,pose_only,False,0,True,False,False,True,9.574011537017762,True,9.632590180780454
v3_sc3_staging_08,L3,4,0,separate,False,0,True,False,False,True,10.242640687119286,True,9.632590180780454
v3_sc3_staging_08,L3,4,0,joint,False,0,True,False,False,True,10.084062043356596,True,9.632590180780454
v3_sc3_staging_08,L3,4,0,oracle,False,0,True,False,False,True,9.632590180780454,True,9.632590180780454
v3_sc3_staging_08,L3,4,1,uncalibrated,False,0,True,True,False,True,8.030508652763322,False,8.030508652763322
v3_sc3_staging_08,L3,4,1,label_cell,False,0,False,False,False,False,nan,False,8.030508652763322
v3_sc3_staging_08,L3,4,1,label_only,False,0,True,False,False,True,8.230508652763323,True,8.030508652763322
v3_sc3_staging_08,L3,4,1,pose_only,False,0,True,False,False,True,8.030508652763322,True,8.030508652763322
v3_sc3_staging_08,L3,4,1,separate,False,0,True,False,False,True,8.459797974644667,True,8.030508652763322
v3_sc3_staging_08,L3,4,1,joint,False,0,True,False,False,True,8.280508652763322,True,8.030508652763322
v3_sc3_staging_08,L3,4,1,oracle,False,0,True,False,False,True,8.030508652763322,True,8.030508652763322
v3_sc3_staging_08,L3,4,2,uncalibrated,False,0,True,True,False,True,10.654772721475252,False,10.859797974644668
v3_sc3_staging_08,L3,4,2,label_cell,False,0,False,False,False,False,nan,False,10.859797974644668
v3_sc3_staging_08,L3,4,2,label_only,False,0,True,False,False,True,11.240559159102157,True,10.859797974644668
v3_sc3_staging_08,L3,4,2,pose_only,False,0,True,True,False,True,10.801219330881977,False,10.859797974644668
v3_sc3_staging_08,L3,4,2,separate,False,0,True,False,False,True,11.4698484809835,True,10.859797974644668
v3_sc3_staging_08,L3,4,2,joint,False,0,True,False,False,True,11.31126983722081,True,10.859797974644668
v3_sc3_staging_08,L3,4,2,oracle,False,0,True,False,False,True,10.859797974644668,True,10.859797974644668
v3_sc3_staging_08,L3,4,3,uncalibrated,False,0,True,True,False,True,8.657716446627536,False,8.862741699796953
v3_sc3_staging_08,L3,4,3,label_cell,False,0,True,False,False,True,8.916295090390227,True,8.862741699796953
v3_sc3_staging_08,L3,4,3,label_only,False,0,True,False,False,True,9.32634559672906,True,8.862741699796953
v3_sc3_staging_08,L3,4,3,pose_only,False,0,True,True,False,True,8.80416305603426,False,8.862741699796953
v3_sc3_staging_08,L3,4,3,separate,False,0,True,False,False,True,9.597056274847715,True,8.862741699796953
v3_sc3_staging_08,L3,4,3,joint,False,0,True,False,False,True,9.397056274847714,True,8.862741699796953
v3_sc3_staging_08,L3,4,3,oracle,False,0,True,False,False,True,8.862741699796953,True,8.862741699796953
v3_sc3_staging_08,L3,4,4,uncalibrated,False,0,True,True,False,True,10.627564927611036,False,10.627564927611036
v3_sc3_staging_08,L3,4,4,label_cell,False,0,False,False,False,False,nan,False,10.627564927611036
v3_sc3_staging_08,L3,4,4,label_only,False,0,True,False,False,True,10.744722215136417,True,10.627564927611036
v3_sc3_staging_08,L3,4,4,pose_only,False,0,True,False,False,True,10.627564927611036,True,10.627564927611036
v3_sc3_staging_08,L3,4,4,separate,False,0,True,False,False,True,10.891168824543144,True,10.627564927611036
v3_sc3_staging_08,L3,4,4,joint,False,0,True,False,False,True,10.774011537017763,True,10.627564927611036
v3_sc3_staging_08,L3,4,4,oracle,False,0,True,False,False,True,10.627564927611036,True,10.627564927611036
v3_sc3_staging_08,L3,4,5,uncalibrated,False,0,True,True,False,True,9.0476659402887,False,9.252691193458118
v3_sc3_staging_08,L3,4,5,label_cell,False,0,False,False,False,False,nan,False,9.252691193458118
v3_sc3_staging_08,L3,4,5,label_only,False,0,True,False,False,True,9.633452377915606,True,9.252691193458118
v3_sc3_staging_08,L3,4,5,pose_only,False,0,True,True,False,True,9.194112549695427,False,9.252691193458118
v3_sc3_staging_08,L3,4,5,separate,False,0,True,False,False,True,9.779898987322333,True,9.252691193458118
v3_sc3_staging_08,L3,4,5,joint,False,0,True,False,False,True,9.662741699796953,True,9.252691193458118
v3_sc3_staging_08,L3,4,5,oracle,False,0,True,False,False,True,9.252691193458118,True,9.252691193458118
v3_sc3_staging_08,L3,4,6,uncalibrated,False,0,True,True,False,True,10.75330085889911,False,10.958326112068523
v3_sc3_staging_08,L3,4,6,label_cell,False,0,False,False,False,False,nan,False,10.958326112068523
v3_sc3_staging_08,L3,4,6,label_only,False,0,True,False,False,True,11.339087296526012,True,10.958326112068523
v3_sc3_staging_08,L3,4,6,pose_only,False,0,True,False,False,True,10.899747468305833,True,10.958326112068523
v3_sc3_staging_08,L3,4,6,separate,False,0,True,False,False,True,11.485533905932739,True,10.958326112068523
v3_sc3_staging_08,L3,4,6,joint,False,0,True,False,False,True,11.368376618407357,True,10.958326112068523
v3_sc3_staging_08,L3,4,6,oracle,False,0,True,False,False,True,10.958326112068523,True,10.958326112068523
v3_sc3_staging_08,L3,4,7,uncalibrated,False,0,True,False,False,True,6.595584412271572,True,6.595584412271572
v3_sc3_staging_08,L3,4,7,label_cell,False,0,False,False,False,False,nan,False,6.595584412271572
v3_sc3_staging_08,L3,4,7,label_only,False,0,True,False,False,True,6.795584412271572,True,6.595584412271572
v3_sc3_staging_08,L3,4,7,pose_only,False,0,True,False,False,True,6.595584412271572,True,6.595584412271572
v3_sc3_staging_08,L3,4,7,separate,False,0,True,False,False,True,7.024873734152917,True,6.595584412271572
v3_sc3_staging_08,L3,4,7,joint,False,0,True,False,False,True,6.845584412271572,True,6.595584412271572
v3_sc3_staging_08,L3,4,7,oracle,False,0,True,False,False,True,6.595584412271572,True,6.595584412271572
v3_sc3_staging_08,L3,4,8,uncalibrated,False,0,True,True,False,True,6.37193000900063,False,6.37193000900063
v3_sc3_staging_08,L3,4,8,label_cell,False,0,True,False,False,True,6.37193000900063,True,6.37193000900063
v3_sc3_staging_08,L3,4,8,label_only,False,0,True,False,False,True,6.744112549695429,True,6.37193000900063
v3_sc3_staging_08,L3,4,8,pose_only,False,0,True,False,False,True,6.37193000900063,True,6.37193000900063
v3_sc3_staging_08,L3,4,8,separate,False,0,True,False,False,True,6.9526911934581195,True,6.37193000900063
v3_sc3_staging_08,L3,4,8,joint,False,0,True,False,False,True,6.794112549695429,True,6.37193000900063
v3_sc3_staging_08,L3,4,8,oracle,False,0,True,False,False,True,6.37193000900063,True,6.37193000900063
v3_sc3_staging_08,L3,4,9,uncalibrated,False,0,True,False,False,True,6.484062043356596,True,6.484062043356596
v3_sc3_staging_08,L3,4,9,label_cell,False,0,False,False,False,False,nan,False,6.484062043356596
v3_sc3_staging_08,L3,4,9,label_only,False,0,True,False,False,True,6.747665940288704,True,6.484062043356596
v3_sc3_staging_08,L3,4,9,pose_only,False,0,True,False,False,True,6.484062043356596,True,6.484062043356596
v3_sc3_staging_08,L3,4,9,separate,False,0,True,False,False,True,6.894112549695433,True,6.484062043356596
v3_sc3_staging_08,L3,4,9,joint,False,0,True,False,False,True,6.77695526217005,True,6.484062043356596
v3_sc3_staging_08,L3,4,9,oracle,False,0,True,False,False,True,6.484062043356596,True,6.484062043356596
v3_sc3_staging_08,L3,4,10,uncalibrated,False,0,True,True,False,True,10.256854249492381,False,10.432590180780453
v3_sc3_staging_08,L3,4,10,label_cell,False,0,False,False,False,False,nan,False,10.432590180780453
v3_sc3_staging_08,L3,4,10,label_only,False,0,True,False,False,True,11.0618795026618,True,10.432590180780453
v3_sc3_staging_08,L3,4,10,pose_only,False,0,True,True,False,True,10.374011537017763,False,10.432590180780453
v3_sc3_staging_08,L3,4,10,separate,False,0,True,False,False,True,11.332590180780453,True,10.432590180780453
v3_sc3_staging_08,L3,4,10,joint,False,0,True,False,False,True,11.132590180780454,True,10.432590180780453
v3_sc3_staging_08,L3,4,10,oracle,False,0,True,False,False,True,10.432590180780453,True,10.432590180780453
v3_sc3_staging_08,L3,4,11,uncalibrated,False,0,True,True,False,True,11.443250352560277,False,11.422539674441621
v3_sc3_staging_08,L3,4,11,label_cell,False,0,False,False,False,False,nan,False,11.422539674441621
v3_sc3_staging_08,L3,4,11,label_only,False,0,True,False,False,True,11.560407640085657,True,11.422539674441621
v3_sc3_staging_08,L3,4,11,pose_only,False,0,True,False,False,True,11.443250352560277,True,11.422539674441621
v3_sc3_staging_08,L3,4,11,separate,False,0,True,False,False,True,11.70685424949238,True,11.422539674441621
v3_sc3_staging_08,L3,4,11,joint,False,0,True,False,False,True,11.589696961967002,True,11.422539674441621
v3_sc3_staging_08,L3,4,11,oracle,False,0,True,False,False,True,11.422539674441621,True,11.422539674441621
v3_sc3_staging_08,L3,4,12,uncalibrated,False,0,True,True,False,True,6.966904755831215,False,7.171930009000636
v3_sc3_staging_08,L3,4,12,label_cell,False,0,False,False,False,False,nan,False,7.171930009000636
v3_sc3_staging_08,L3,4,12,label_only,False,0,True,False,False,True,7.801219330881977,True,7.171930009000636
v3_sc3_staging_08,L3,4,12,pose_only,False,0,True,True,False,True,7.113351365237944,False,7.171930009000636
v3_sc3_staging_08,L3,4,12,separate,False,0,True,False,False,True,8.07193000900063,True,7.171930009000636
v3_sc3_staging_08,L3,4,12,joint,False,0,True,False,False,True,7.87193000900063,True,7.171930009000636
v3_sc3_staging_08,L3,4,12,oracle,False,0,True,False,False,True,7.171930009000636,True,7.171930009000636
v3_sc3_staging_08,L3,4,13,uncalibrated,False,0,True,True,False,True,8.79177848998413,False,8.967514421272202
v3_sc3_staging_08,L3,4,13,label_cell,False,0,False,False,False,False,nan,False,8.967514421272202
v3_sc3_staging_08,L3,4,13,label_only,False,0,True,False,False,True,9.348275605729691,True,8.967514421272202
v3_sc3_staging_08,L3,4,13,pose_only,False,0,True,False,False,True,8.908935777509512,True,8.967514421272202
v3_sc3_staging_08,L3,4,13,separate,False,0,True,False,False,True,9.494722215136417,True,8.967514421272202
v3_sc3_staging_08,L3,4,13,joint,False,0,True,False,False,True,9.377564927611036,True,8.967514421272202
v3_sc3_staging_08,L3,4,13,oracle,False,0,True,False,False,True,8.967514421272202,True,8.967514421272202
v3_sc3_staging_08,L3,4,14,uncalibrated,False,0,True,True,False,True,7.786143571373728,False,7.727564927611038
v3_sc3_staging_08,L3,4,14,label_cell,False,0,False,False,False,False,nan,False,7.727564927611038
v3_sc3_staging_08,L3,4,14,label_only,False,0,True,False,False,True,7.932590180780453,True,7.727564927611038
v3_sc3_staging_08,L3,4,14,pose_only,False,0,True,False,False,True,7.786143571373728,True,7.727564927611038
v3_sc3_staging_08,L3,4,14,separate,False,0,True,False,False,True,8.079036790187178,True,7.727564927611038
v3_sc3_staging_08,L3,4,14,joint,False,0,True,False,False,True,7.961879502661798,True,7.727564927611038
v3_sc3_staging_08,L3,4,14,oracle,False,0,True,False,False,True,7.727564927611038,True,7.727564927611038
v3_sc3_staging_08,L3,4,15,uncalibrated,False,0,True,True,False,True,6.809797974644667,False,6.809797974644667
v3_sc3_staging_08,L3,4,15,label_cell,False,0,False,False,False,False,nan,False,6.809797974644667
v3_sc3_staging_08,L3,4,15,label_only,False,0,True,False,False,True,7.092640687119287,True,6.809797974644667
v3_sc3_staging_08,L3,4,15,pose_only,False,0,True,False,False,True,6.809797974644667,True,6.809797974644667
v3_sc3_staging_08,L3,4,15,separate,False,0,True,False,False,True,7.363351365237941,True,6.809797974644667
v3_sc3_staging_08,L3,4,15,joint,False,0,True,False,False,True,7.163351365237941,True,6.809797974644667
v3_sc3_staging_08,L3,4,15,oracle,False,0,True,False,False,True,6.809797974644667,True,6.809797974644667
v3_sc3_staging_08,L3,4,16,uncalibrated,False,0,True,True,False,True,7.334062043356596,False,7.539087296526013
v3_sc3_staging_08,L3,4,16,label_cell,False,0,True,False,False,True,7.704772721475251,True,7.539087296526013
v3_sc3_staging_08,L3,4,16,label_only,False,0,True,False,False,True,7.919848480983501,True,7.539087296526013
v3_sc3_staging_08,L3,4,16,pose_only,False,0,True,True,False,True,7.480508652763323,False,7.539087296526013
v3_sc3_staging_08,L3,4,16,separate,False,0,True,False,False,True,8.190559159102156,True,7.539087296526013
v3_sc3_staging_08,L3,4,16,joint,False,0,True,False,False,True,7.990559159102154,True,7.539087296526013
v3_sc3_staging_08,L3,4,16,oracle,False,0,True,False,False,True,7.539087296526013,True,7.539087296526013
v3_sc3_staging_08,L3,4,17,uncalibrated,False,0,True,True,False,True,7.598275605729694,False,7.803300858899111
v3_sc3_staging_08,L3,4,17,label_cell,False,0,True,False,False,True,7.774011537017765,True,7.803300858899111
v3_sc3_staging_08,L3,4,17,label_only,False,0,True,False,False,True,8.308326112068523,True,7.803300858899111
v3_sc3_staging_08,L3,4,17,pose_only,False,0,True,True,False,True,7.744722215136419,False,7.803300858899111
v3_sc3_staging_08,L3,4,17,separate,False,0,True,False,False,True,8.579036790187178,True,7.803300858899111
v3_sc3_staging_08,L3,4,17,joint,False,0,True,False,False,True,8.379036790187177,True,7.803300858899111
v3_sc3_staging_08,L3,4,17,oracle,False,0,True,False,False,True,7.803300858899111,True,7.803300858899111
v3_sc3_staging_08,L3,4,18,uncalibrated,False,0,True,True,False,True,8.000357133746826,False,8.146803743153553
v3_sc3_staging_08,L3,4,18,label_cell,False,0,False,False,False,False,nan,False,8.146803743153553
v3_sc3_staging_08,L3,4,18,label_only,False,0,True,False,False,True,8.54827560572969,True,8.146803743153553
v3_sc3_staging_08,L3,4,18,pose_only,False,0,True,False,False,True,8.08822509939086,True,8.146803743153553
v3_sc3_staging_08,L3,4,18,separate,False,0,True,False,False,True,8.756854249492381,True,8.146803743153553
v3_sc3_staging_08,L3,4,18,joint,False,0,True,False,False,True,8.59827560572969,True,8.146803743153553
v3_sc3_staging_08,L3,4,18,oracle,False,0,True,False,False,True,8.146803743153553,True,8.146803743153553
v3_sc3_staging_08,L3,4,19,uncalibrated,False,0,True,True,False,True,9.536143571373726,False,9.536143571373726
v3_sc3_staging_08,L3,4,19,label_cell,False,0,False,False,False,False,nan,False,9.536143571373726
v3_sc3_staging_08,L3,4,19,label_only,False,0,True,False,False,True,9.653300858899108,True,9.536143571373726
v3_sc3_staging_08,L3,4,19,pose_only,False,0,True,False,False,True,9.536143571373726,True,9.536143571373726
v3_sc3_staging_08,L3,4,19,separate,False,0,True,False,False,True,9.820458146424489,True,9.536143571373726
v3_sc3_staging_08,L3,4,19,joint,False,0,True,False,False,True,9.682590180780451,True,9.536143571373726
v3_sc3_staging_08,L3,4,19,oracle,False,0,True,False,False,True,9.536143571373726,True,9.536143571373726
v3_sc3_staging_08,L4,0,0,uncalibrated,False,0,False,False,False,False,nan,False,9.509797974644668
v3_sc3_staging_08,L4,0,0,label_cell,False,0,False,False,False,False,nan,False,9.509797974644668
v3_sc3_staging_08,L4,0,0,label_only,False,0,False,False,False,False,nan,False,9.509797974644668
v3_sc3_staging_08,L4,0,0,pose_only,False,0,False,False,False,False,nan,False,9.509797974644668
v3_sc3_staging_08,L4,0,0,separate,False,0,False,False,False,False,nan,False,9.509797974644668
v3_sc3_staging_08,L4,0,0,joint,False,0,False,False,False,False,nan,False,9.509797974644668
v3_sc3_staging_08,L4,0,0,oracle,False,0,True,False,False,True,9.509797974644668,True,9.509797974644668
v3_sc3_staging_08,L4,0,1,uncalibrated,False,0,False,False,False,False,nan,False,8.004163056034262
v3_sc3_staging_08,L4,0,1,label_cell,False,0,False,False,False,False,nan,False,8.004163056034262
v3_sc3_staging_08,L4,0,1,label_only,False,0,False,False,False,False,nan,False,8.004163056034262
v3_sc3_staging_08,L4,0,1,pose_only,False,0,False,False,False,False,nan,False,8.004163056034262
v3_sc3_staging_08,L4,0,1,separate,False,0,False,False,False,False,nan,False,8.004163056034262
v3_sc3_staging_08,L4,0,1,joint,False,0,False,False,False,False,nan,False,8.004163056034262
v3_sc3_staging_08,L4,0,1,oracle,False,0,True,False,False,True,8.004163056034262,True,8.004163056034262
v3_sc3_staging_08,L4,0,2,uncalibrated,False,0,False,False,False,False,nan,False,10.609797974644668
v3_sc3_staging_08,L4,0,2,label_cell,False,0,False,False,False,False,nan,False,10.609797974644668
v3_sc3_staging_08,L4,0,2,label_only,False,0,False,False,False,False,nan,False,10.609797974644668
v3_sc3_staging_08,L4,0,2,pose_only,False,0,False,False,False,False,nan,False,10.609797974644668
v3_sc3_staging_08,L4,0,2,separate,False,0,False,False,False,False,nan,False,10.609797974644668
v3_sc3_staging_08,L4,0,2,joint,False,0,False,False,False,False,nan,False,10.609797974644668
v3_sc3_staging_08,L4,0,2,oracle,False,0,True,False,False,True,10.609797974644668,True,10.609797974644668
v3_sc3_staging_08,L4,0,3,uncalibrated,False,0,False,False,False,False,nan,False,8.80416305603426
v3_sc3_staging_08,L4,0,3,label_cell,False,0,False,False,False,False,nan,False,8.80416305603426
v3_sc3_staging_08,L4,0,3,label_only,False,0,False,False,False,False,nan,False,8.80416305603426
v3_sc3_staging_08,L4,0,3,pose_only,False,0,False,False,False,False,nan,False,8.80416305603426
v3_sc3_staging_08,L4,0,3,separate,False,0,False,False,False,False,nan,False,8.80416305603426
v3_sc3_staging_08,L4,0,3,joint,False,0,False,False,False,False,nan,False,8.80416305603426
v3_sc3_staging_08,L4,0,3,oracle,False,0,True,False,False,True,8.80416305603426,True,8.80416305603426
v3_sc3_staging_08,L4,0,4,uncalibrated,False,0,False,False,False,False,nan,False,10.49411254969543
v3_sc3_staging_08,L4,0,4,label_cell,False,0,False,False,False,False,nan,False,10.49411254969543
v3_sc3_staging_08,L4,0,4,label_only,False,0,False,False,False,False,nan,False,10.49411254969543
v3_sc3_staging_08,L4,0,4,pose_only,False,0,False,False,False,False,nan,False,10.49411254969543
v3_sc3_staging_08,L4,0,4,separate,False,0,False,False,False,False,nan,False,10.49411254969543
v3_sc3_staging_08,L4,0,4,joint,False,0,False,False,False,False,nan,False,10.49411254969543
v3_sc3_staging_08,L4,0,4,oracle,False,0,True,False,False,True,10.49411254969543,True,10.49411254969543
v3_sc3_staging_08,L4,0,5,uncalibrated,False,0,False,False,False,False,nan,False,8.929898987322332
v3_sc3_staging_08,L4,0,5,label_cell,False,0,False,False,False,False,nan,False,8.929898987322332
v3_sc3_staging_08,L4,0,5,label_only,False,0,False,False,False,False,nan,False,8.929898987322332
v3_sc3_staging_08,L4,0,5,pose_only,False,0,False,False,False,False,nan,False,8.929898987322332
v3_sc3_staging_08,L4,0,5,separate,False,0,False,False,False,False,nan,False,8.929898987322332
v3_sc3_staging_08,L4,0,5,joint,False,0,False,False,False,False,nan,False,8.929898987322332
v3_sc3_staging_08,L4,0,5,oracle,False,0,True,False,False,True,8.929898987322332,True,8.929898987322332
v3_sc3_staging_08,L4,0,6,uncalibrated,False,0,False,False,False,False,nan,False,10.47695526217005
v3_sc3_staging_08,L4,0,6,label_cell,False,0,False,False,False,False,nan,False,10.47695526217005
v3_sc3_staging_08,L4,0,6,label_only,False,0,False,False,False,False,nan,False,10.47695526217005
v3_sc3_staging_08,L4,0,6,pose_only,False,0,False,False,False,False,nan,False,10.47695526217005
v3_sc3_staging_08,L4,0,6,separate,False,0,False,False,False,False,nan,False,10.47695526217005
v3_sc3_staging_08,L4,0,6,joint,False,0,False,False,False,False,nan,False,10.47695526217005
v3_sc3_staging_08,L4,0,6,oracle,False,0,True,False,False,True,10.47695526217005,True,10.47695526217005
v3_sc3_staging_08,L4,0,7,uncalibrated,False,0,False,False,False,False,nan,False,6.502081528017131
v3_sc3_staging_08,L4,0,7,label_cell,False,0,False,False,False,False,nan,False,6.502081528017131
v3_sc3_staging_08,L4,0,7,label_only,False,0,False,False,False,False,nan,False,6.502081528017131
v3_sc3_staging_08,L4,0,7,pose_only,False,0,False,False,False,False,nan,False,6.502081528017131
v3_sc3_staging_08,L4,0,7,separate,False,0,False,False,False,False,nan,False,6.502081528017131
v3_sc3_staging_08,L4,0,7,joint,False,0,False,False,False,False,nan,False,6.502081528017131
v3_sc3_staging_08,L4,0,7,oracle,False,0,True,False,False,True,6.502081528017131,True,6.502081528017131
v3_sc3_staging_08,L4,0,8,uncalibrated,False,0,False,False,False,False,nan,False,6.407716446627536
v3_sc3_staging_08,L4,0,8,label_cell,False,0,False,False,False,False,nan,False,6.407716446627536
v3_sc3_staging_08,L4,0,8,label_only,False,0,False,False,False,False,nan,False,6.407716446627536
v3_sc3_staging_08,L4,0,8,pose_only,False,0,False,False,False,False,nan,False,6.407716446627536
v3_sc3_staging_08,L4,0,8,separate,False,0,False,False,False,False,nan,False,6.407716446627536
v3_sc3_staging_08,L4,0,8,joint,False,0,False,False,False,False,nan,False,6.407716446627536
v3_sc3_staging_08,L4,0,8,oracle,False,0,True,False,False,True,6.407716446627536,True,6.407716446627536
v3_sc3_staging_08,L4,0,9,uncalibrated,False,0,False,False,False,False,nan,False,6.569848480983502
v3_sc3_staging_08,L4,0,9,label_cell,False,0,False,False,False,False,nan,False,6.569848480983502
v3_sc3_staging_08,L4,0,9,label_only,False,0,False,False,False,False,nan,False,6.569848480983502
v3_sc3_staging_08,L4,0,9,pose_only,False,0,False,False,False,False,nan,False,6.569848480983502
v3_sc3_staging_08,L4,0,9,separate,False,0,False,False,False,False,nan,False,6.569848480983502
v3_sc3_staging_08,L4,0,9,joint,False,0,False,False,False,False,nan,False,6.569848480983502
v3_sc3_staging_08,L4,0,9,oracle,False,0,True,False,False,True,6.569848480983502,True,6.569848480983502
v3_sc3_staging_08,L4,0,10,uncalibrated,False,0,False,False,False,False,nan,False,nan
v3_sc3_staging_08,L4,0,10,label_cell,False,0,False,False,False,False,nan,False,nan
v3_sc3_staging_08,L4,0,10,label_only,False,0,False,False,False,False,nan,False,nan
v3_sc3_staging_08,L4,0,10,pose_only,False,0,False,False,False,False,nan,False,nan
v3_sc3_staging_08,L4,0,10,separate,False,0,False,False,False,False,nan,False,nan
v3_sc3_staging_08,L4,0,10,joint,False,0,False,False,False,False,nan,False,nan
v3_sc3_staging_08,L4,0,10,oracle,False,0,False,False,False,False,nan,False,nan
v3_sc3_staging_08,L4,0,11,uncalibrated,False,0,False,False,False,False,nan,False,11.347665940288703
v3_sc3_staging_08,L4,0,11,label_cell,False,0,False,False,False,False,nan,False,11.347665940288703
v3_sc3_staging_08,L4,0,11,label_only,False,0,False,False,False,False,nan,False,11.347665940288703
v3_sc3_staging_08,L4,0,11,pose_only,False,0,False,False,False,False,nan,False,11.347665940288703
v3_sc3_staging_08,L4,0,11,separate,False,0,False,False,False,False,nan,False,11.347665940288703
v3_sc3_staging_08,L4,0,11,joint,False,0,False,False,False,False,nan,False,11.347665940288703
v3_sc3_staging_08,L4,0,11,oracle,False,0,True,False,False,True,11.347665940288703,True,11.347665940288703
v3_sc3_staging_08,L4,0,12,uncalibrated,False,0,False,False,False,False,nan,False,7.126955262170049
v3_sc3_staging_08,L4,0,12,label_cell,False,0,False,False,False,False,nan,False,7.126955262170049
v3_sc3_staging_08,L4,0,12,label_only,False,0,False,False,False,False,nan,False,7.126955262170049
v3_sc3_staging_08,L4,0,12,pose_only,False,0,False,False,False,False,nan,False,7.126955262170049
v3_sc3_staging_08,L4,0,12,separate,False,0,False,False,False,False,nan,False,7.126955262170049
v3_sc3_staging_08,L4,0,12,joint,False,0,False,False,False,False,nan,False,7.126955262170049
v3_sc3_staging_08,L4,0,12,oracle,False,0,True,False,False,True,7.126955262170049,True,7.126955262170049
v3_sc3_staging_08,L4,0,13,uncalibrated,False,0,False,False,False,False,nan,False,9.074011537017762
v3_sc3_staging_08,L4,0,13,label_cell,False,0,False,False,False,False,nan,False,9.074011537017762
v3_sc3_staging_08,L4,0,13,label_only,False,0,False,False,False,False,nan,False,9.074011537017762
v3_sc3_staging_08,L4,0,13,pose_only,False,0,False,False,False,False,nan,False,9.074011537017762
v3_sc3_staging_08,L4,0,13,separate,False,0,False,False,False,False,nan,False,9.074011537017762
v3_sc3_staging_08,L4,0,13,joint,False,0,False,False,False,False,nan,False,9.074011537017762
v3_sc3_staging_08,L4,0,13,oracle,False,0,True,False,False,True,9.074011537017762,True,9.074011537017762
v3_sc3_staging_08,L4,0,14,uncalibrated,False,0,False,False,False,False,nan,False,7.851219330881975
v3_sc3_staging_08,L4,0,14,label_cell,False,0,False,False,False,False,nan,False,7.851219330881975
v3_sc3_staging_08,L4,0,14,label_only,False,0,False,False,False,False,nan,False,7.851219330881975
v3_sc3_staging_08,L4,0,14,pose_only,False,0,False,False,False,False,nan,False,7.851219330881975
v3_sc3_staging_08,L4,0,14,separate,False,0,False,False,False,False,nan,False,7.851219330881975
v3_sc3_staging_08,L4,0,14,joint,False,0,False,False,False,False,nan,False,7.851219330881975
v3_sc3_staging_08,L4,0,14,oracle,False,0,True,False,False,True,7.851219330881975,True,7.851219330881975
v3_sc3_staging_08,L4,0,15,uncalibrated,False,0,False,False,False,False,nan,False,6.816295090390226
v3_sc3_staging_08,L4,0,15,label_cell,False,0,False,False,False,False,nan,False,6.816295090390226
v3_sc3_staging_08,L4,0,15,label_only,False,0,False,False,False,False,nan,False,6.816295090390226
v3_sc3_staging_08,L4,0,15,pose_only,False,0,False,False,False,False,nan,False,6.816295090390226
v3_sc3_staging_08,L4,0,15,separate,False,0,False,False,False,False,nan,False,6.816295090390226
v3_sc3_staging_08,L4,0,15,joint,False,0,False,False,False,False,nan,False,6.816295090390226
v3_sc3_staging_08,L4,0,15,oracle,False,0,True,False,False,True,6.816295090390226,True,6.816295090390226
v3_sc3_staging_08,L4,0,16,uncalibrated,False,0,False,False,False,False,nan,False,7.256244584051396
v3_sc3_staging_08,L4,0,16,label_cell,False,0,False,False,False,False,nan,False,7.256244584051396
v3_sc3_staging_08,L4,0,16,label_only,False,0,False,False,False,False,nan,False,7.256244584051396
v3_sc3_staging_08,L4,0,16,pose_only,False,0,False,False,False,False,nan,False,7.256244584051396
v3_sc3_staging_08,L4,0,16,separate,False,0,False,False,False,False,nan,False,7.256244584051396
v3_sc3_staging_08,L4,0,16,joint,False,0,False,False,False,False,nan,False,7.256244584051396
v3_sc3_staging_08,L4,0,16,oracle,False,0,True,False,False,True,7.256244584051396,True,7.256244584051396
v3_sc3_staging_08,L4,0,17,uncalibrated,False,0,True,False,False,True,7.737615433949876,True,7.6961940777125655
v3_sc3_staging_08,L4,0,17,label_cell,False,0,False,False,False,False,nan,False,7.6961940777125655
v3_sc3_staging_08,L4,0,17,label_only,False,0,True,False,False,True,8.393250352560274,True,7.6961940777125655
v3_sc3_staging_08,L4,0,17,pose_only,False,0,True,False,False,True,8.18111831820431,True,7.6961940777125655
v3_sc3_staging_08,L4,0,17,separate,False,0,False,False,False,False,nan,False,7.6961940777125655
v3_sc3_staging_08,L4,0,17,joint,False,0,False,False,False,False,nan,False,7.6961940777125655
v3_sc3_staging_08,L4,0,17,oracle,False,0,True,False,False,True,7.6961940777125655,True,7.6961940777125655
v3_sc3_staging_08,L4,0,18,uncalibrated,False,0,False,False,False,False,nan,False,8.277564927611035
v3_sc3_staging_08,L4,0,18,label_cell,False,0,False,False,False,False,nan,False,8.277564927611035
v3_sc3_staging_08,L4,0,18,label_only,False,0,False,False,False,False,nan,False,8.277564927611035
v3_sc3_staging_08,L4,0,18,pose_only,False,0,False,False,False,False,nan,False,8.277564927611035
v3_sc3_staging_08,L4,0,18,separate,False,0,False,False,False,False,nan,False,8.277564927611035
v3_sc3_staging_08,L4,0,18,joint,False,0,False,False,False,False,nan,False,8.277564927611035
v3_sc3_staging_08,L4,0,18,oracle,False,0,True,False,False,True,8.277564927611035,True,8.277564927611035
v3_sc3_staging_08,L4,0,19,uncalibrated,False,0,False,False,False,False,nan,False,9.53553390593274
v3_sc3_staging_08,L4,0,19,label_cell,False,0,False,False,False,False,nan,False,9.53553390593274
v3_sc3_staging_08,L4,0,19,label_only,False,0,False,False,False,False,nan,False,9.53553390593274
v3_sc3_staging_08,L4,0,19,pose_only,False,0,False,False,False,False,nan,False,9.53553390593274
v3_sc3_staging_08,L4,0,19,separate,False,0,False,False,False,False,nan,False,9.53553390593274
v3_sc3_staging_08,L4,0,19,joint,False,0,False,False,False,False,nan,False,9.53553390593274
v3_sc3_staging_08,L4,0,19,oracle,False,0,True,False,False,True,9.53553390593274,True,9.53553390593274
v3_sc3_staging_08,L4,1,0,uncalibrated,False,0,True,True,False,True,9.621930009000632,False,9.497665940288703
v3_sc3_staging_08,L4,1,0,label_cell,False,0,False,False,False,False,nan,False,9.497665940288703
v3_sc3_staging_08,L4,1,0,label_only,False,0,True,False,False,True,10.189696961967002,True,9.497665940288703
v3_sc3_staging_08,L4,1,0,pose_only,False,0,True,False,False,True,10.036143571373728,True,9.497665940288703
v3_sc3_staging_08,L4,1,0,separate,False,0,False,False,False,False,nan,False,9.497665940288703
v3_sc3_staging_08,L4,1,0,joint,False,0,True,False,False,True,10.601828996322965,True,9.497665940288703
v3_sc3_staging_08,L4,1,0,oracle,False,0,True,False,False,True,9.497665940288703,True,9.497665940288703
v3_sc3_staging_08,L4,1,1,uncalibrated,False,0,False,False,False,False,nan,False,7.992031021678298
v3_sc3_staging_08,L4,1,1,label_cell,False,0,False,False,False,False,nan,False,7.992031021678298
v3_sc3_staging_08,L4,1,1,label_only,False,0,False,False,False,False,nan,False,7.992031021678298
v3_sc3_staging_08,L4,1,1,pose_only,False,0,False,False,False,False,nan,False,7.992031021678298
v3_sc3_staging_08,L4,1,1,separate,False,0,False,False,False,False,nan,False,7.992031021678298
v3_sc3_staging_08,L4,1,1,joint,False,0,False,False,False,False,nan,False,7.992031021678298
v3_sc3_staging_08,L4,1,1,oracle,False,0,True,False,False,True,7.992031021678298,True,7.992031021678298
v3_sc3_staging_08,L4,1,2,uncalibrated,False,0,True,False,False,True,10.971930009000632,True,10.701219330881976
v3_sc3_staging_08,L4,1,2,label_cell,False,0,False,False,False,False,nan,False,10.701219330881976
v3_sc3_staging_08,L4,1,2,label_only,False,0,True,False,False,True,11.715432893255073,True,10.701219330881976
v3_sc3_staging_08,L4,1,2,pose_only,False,0,True,False,False,True,11.474011537017763,True,10.701219330881976
v3_sc3_staging_08,L4,1,2,separate,False,0,False,False,False,False,nan,False,10.701219330881976
v3_sc3_staging_08,L4,1,2,joint,False,0,True,False,False,True,12.127564927611038,True,10.701219330881976
v3_sc3_staging_08,L4,1,2,oracle,False,0,True,False,False,True,10.701219330881976,True,10.701219330881976
v3_sc3_staging_08,L4,1,3,uncalibrated,False,0,False,False,False,False,nan,False,8.849137802864846
v3_sc3_staging_08,L4,1,3,label_cell,False,0,False,False,False,False,nan,False,8.849137802864846
v3_sc3_staging_08,L4,1,3,label_only,False,0,False,False,False,False,nan,False,8.849137802864846
v3_sc3_staging_08,L4,1,3,pose_only,False,0,False,False,False,False,nan,False,8.849137802864846
v3_sc3_staging_08,L4,1,3,separate,False,0,False,False,False,False,nan,False,8.849137802864846
v3_sc3_staging_08,L4,1,3,joint,False,0,False,False,False,False,nan,False,8.849137802864846
v3_sc3_staging_08,L4,1,3,oracle,False,0,True,False,False,True,8.849137802864846,True,8.849137802864846
v3_sc3_staging_08,L4,1,4,uncalibrated,False,0,True,True,False,True,10.531980515339464,False,10.449137802864847
v3_sc3_staging_08,L4,1,4,label_cell,False,0,False,False,False,False,nan,False,10.449137802864847
v3_sc3_staging_08,L4,1,4,label_only,False,0,True,False,False,True,11.099747468305834,True,10.449137802864847
v3_sc3_staging_08,L4,1,4,pose_only,False,0,True,False,False,True,10.946194077712562,True,10.449137802864847
v3_sc3_staging_08,L4,1,4,separate,False,0,False,False,False,False,nan,False,10.449137802864847
v3_sc3_staging_08,L4,1,4,joint,False,0,True,False,False,True,11.511879502661799,True,10.449137802864847
v3_sc3_staging_08,L4,1,4,oracle,False,0,True,False,False,True,10.449137802864847,True,10.449137802864847
v3_sc3_staging_08,L4,1,5,uncalibrated,False,0,True,True,False,True,8.866295090390226,False,8.809188309203677
v3_sc3_staging_08,L4,1,5,label_cell,False,0,False,False,False,False,nan,False,8.809188309203677
v3_sc3_staging_08,L4,1,5,label_only,False,0,True,False,False,True,9.990559159102155,True,8.809188309203677
v3_sc3_staging_08,L4,1,5,pose_only,False,0,True,False,False,True,9.749137802864846,True,8.809188309203677
v3_sc3_staging_08,L4,1,5,separate,False,0,False,False,False,False,nan,False,8.809188309203677
v3_sc3_staging_08,L4,1,5,joint,False,0,True,False,False,True,10.40269119345812,True,8.809188309203677
v3_sc3_staging_08,L4,1,5,oracle,False,0,True,False,False,True,8.809188309203677,True,8.809188309203677
v3_sc3_staging_08,L4,1,6,uncalibrated,False,0,True,True,False,True,10.776955262170048,False,10.485533905932739
v3_sc3_staging_08,L4,1,6,label_cell,False,0,False,False,False,False,nan,False,10.485533905932739
v3_sc3_staging_08,L4,1,6,label_only,False,0,True,False,False,True,11.520458146424488,True,10.485533905932739
v3_sc3_staging_08,L4,1,6,pose_only,False,0,True,False,False,True,11.27903679018718,True,10.485533905932739
v3_sc3_staging_08,L4,1,6,separate,False,0,False,False,False,False,nan,False,10.485533905932739
v3_sc3_staging_08,L4,1,6,joint,False,0,True,False,False,True,11.932590180780455,True,10.485533905932739
v3_sc3_staging_08,L4,1,6,oracle,False,0,True,False,False,True,10.485533905932739,True,10.485533905932739
v3_sc3_staging_08,L4,1,7,uncalibrated,False,0,False,False,False,False,nan,False,6.460660171779821
v3_sc3_staging_08,L4,1,7,label_cell,False,0,False,False,False,False,nan,False,6.460660171779821
v3_sc3_staging_08,L4,1,7,label_only,False,0,False,False,False,False,nan,False,6.460660171779821
v3_sc3_staging_08,L4,1,7,pose_only,False,0,False,False,False,False,nan,False,6.460660171779821
v3_sc3_staging_08,L4,1,7,separate,False,0,False,False,False,False,nan,False,6.460660171779821
v3_sc3_staging_08,L4,1,7,joint,False,0,False,False,False,False,nan,False,6.460660171779821
v3_sc3_staging_08,L4,1,7,oracle,False,0,True,False,False,True,6.460660171779821,True,6.460660171779821
v3_sc3_staging_08,L4,1,8,uncalibrated,False,0,True,True,False,True,6.445584412271572,False,6.424873734152917
v3_sc3_staging_08,L4,1,8,label_cell,False,0,False,False,False,False,nan,False,6.424873734152917
v3_sc3_staging_08,L4,1,8,label_only,False,0,True,False,False,True,6.951219330881978,True,6.424873734152917
v3_sc3_staging_08,L4,1,8,pose_only,False,0,True,False,False,True,6.797665940288704,True,6.424873734152917
v3_sc3_staging_08,L4,1,8,separate,False,0,False,False,False,False,nan,False,6.424873734152917
v3_sc3_staging_08,L4,1,8,joint,False,0,True,False,False,True,7.363351365237943,True,6.424873734152917
v3_sc3_staging_08,L4,1,8,oracle,False,0,True,False,False,True,6.424873734152917,True,6.424873734152917
v3_sc3_staging_08,L4,1,9,uncalibrated,False,0,True,False,False,True,6.566295090390229,True,6.566295090390229
v3_sc3_staging_08,L4,1,9,label_cell,False,0,False,False,False,False,nan,False,6.566295090390229
v3_sc3_staging_08,L4,1,9,label_only,False,0,True,False,False,True,6.926955262170051,True,6.566295090390229
v3_sc3_staging_08,L4,1,9,pose_only,False,0,True,False,False,True,6.773401871576778,True,6.566295090390229
v3_sc3_staging_08,L4,1,9,separate,False,0,False,False,False,False,nan,False,6.566295090390229
v3_sc3_staging_08,L4,1,9,joint,False,0,True,False,False,True,7.3390872965260145,True,6.566295090390229
v3_sc3_staging_08,L4,1,9,oracle,False,0,True,False,False,True,6.566295090390229,True,6.566295090390229
v3_sc3_staging_08,L4,1,10,uncalibrated,False,0,True,False,False,True,10.753300858899108,True,10.62903679018718
v3_sc3_staging_08,L4,1,10,label_cell,False,0,False,False,False,False,nan,False,10.62903679018718
v3_sc3_staging_08,L4,1,10,label_only,False,0,True,False,False,True,11.321067811865477,True,10.62903679018718
v3_sc3_staging_08,L4,1,10,pose_only,False,0,True,False,False,True,11.167514421272204,True,10.62903679018718
v3_sc3_staging_08,L4,1,10,separate,False,0,False,False,False,False,nan,False,10.62903679018718
v3_sc3_staging_08,L4,1,10,joint,False,0,True,False,False,True,11.733199846221442,True,10.62903679018718
v3_sc3_staging_08,L4,1,10,oracle,False,0,True,False,False,True,10.62903679018718,True,10.62903679018718
v3_sc3_staging_08,L4,1,11,uncalibrated,False,0,True,True,False,True,11.468376618407358,False,11.364823227814083
v3_sc3_staging_08,L4,1,11,label_cell,False,0,False,False,False,False,nan,False,11.364823227814083
v3_sc3_staging_08,L4,1,11,label_only,False,0,True,False,False,True,12.036143571373728,True,11.364823227814083
v3_sc3_staging_08,L4,1,11,pose_only,False,0,True,False,False,True,11.882590180780452,True,11.364823227814083
v3_sc3_staging_08,L4,1,11,separate,False,0,False,False,False,False,nan,False,11.364823227814083
v3_sc3_staging_08,L4,1,11,joint,False,0,True,False,False,True,12.448275605729691,True,11.364823227814083
v3_sc3_staging_08,L4,1,11,oracle,False,0,True,False,False,True,11.364823227814083,True,11.364823227814083
v3_sc3_staging_08,L4,1,12,uncalibrated,False,0,False,False,False,False,nan,False,7.2062445840513965
v3_sc3_staging_08,L4,1,12,label_cell,False,0,False,False,False,False,nan,False,7.2062445840513965
v3_sc3_staging_08,L4,1,12,label_only,False,0,False,False,False,False,nan,False,7.2062445840513965
v3_sc3_staging_08,L4,1,12,pose_only,False,0,False,False,False,False,nan,False,7.2062445840513965
v3_sc3_staging_08,L4,1,12,separate,False,0,False,False,False,False,nan,False,7.2062445840513965
v3_sc3_staging_08,L4,1,12,joint,False,0,False,False,False,False,nan,False,7.2062445840513965
v3_sc3_staging_08,L4,1,12,oracle,False,0,True,False,False,True,7.2062445840513965,True,7.2062445840513965
v3_sc3_staging_08,L4,1,13,uncalibrated,False,0,True,True,False,True,9.049747468305835,False,9.049747468305833
v3_sc3_staging_08,L4,1,13,label_cell,False,0,False,False,False,False,nan,False,9.049747468305833
v3_sc3_staging_08,L4,1,13,label_only,False,0,True,False,False,True,9.286143571373728,True,9.049747468305833
v3_sc3_staging_08,L4,1,13,pose_only,False,0,True,False,False,True,9.132590180780452,True,9.049747468305833
v3_sc3_staging_08,L4,1,13,separate,False,0,False,False,False,False,nan,False,9.049747468305833
v3_sc3_staging_08,L4,1,13,joint,False,0,True,False,False,True,9.698275605729691,True,9.049747468305833
v3_sc3_staging_08,L4,1,13,oracle,False,0,True,False,False,True,9.049747468305833,True,9.049747468305833
v3_sc3_staging_08,L4,1,14,uncalibrated,False,0,True,True,False,True,7.847665940288701,False,7.847665940288701
v3_sc3_staging_08,L4,1,14,label_cell,False,0,False,False,False,False,nan,False,7.847665940288701
v3_sc3_staging_08,L4,1,14,label_only,False,0,True,False,False,True,8.084062043356596,True,7.847665940288701
v3_sc3_staging_08,L4,1,14,pose_only,False,0,True,False,False,True,7.930508652763322,True,7.847665940288701
v3_sc3_staging_08,L4,1,14,separate,False,0,False,False,False,False,nan,False,7.847665940288701
v3_sc3_staging_08,L4,1,14,joint,False,0,True,False,False,True,8.496194077712559,True,7.847665940288701
v3_sc3_staging_08,L4,1,14,oracle,False,0,True,False,False,True,7.847665940288701,True,7.847665940288701
v3_sc3_staging_08,L4,1,15,uncalibrated,False,0,False,False,False,False,nan,False,6.8541630560342615
v3_sc3_staging_08,L4,1,15,label_cell,False,0,False,False,False,False,nan,False,6.8541630560342615
v3_sc3_staging_08,L4,1,15,label_only,False,0,False,False,False,False,nan,False,6.8541630560342615
v3_sc3_staging_08,L4,1,15,pose_only,False,0,False,False,False,False,nan,False,6.8541630560342615
v3_sc3_staging_08,L4,1,15,separate,False,0,False,False,False,False,nan,False,6.8541630560342615
v3_sc3_staging_08,L4,1,15,joint,False,0,False,False,False,False,nan,False,6.8541630560342615
v3_sc3_staging_08,L4,1,15,oracle,False,0,True,False,False,True,6.8541630560342615,True,6.8541630560342615
v3_sc3_staging_08,L4,1,16,uncalibrated,False,0,True,False,False,True,7.544112549695427,True,7.273401871576778
v3_sc3_staging_08,L4,1,16,label_cell,False,0,False,False,False,False,nan,False,7.273401871576778
v3_sc3_staging_08,L4,1,16,label_only,False,0,True,False,False,True,8.287615433949869,True,7.273401871576778
v3_sc3_staging_08,L4,1,16,pose_only,False,0,True,False,False,True,8.04619407771256,True,7.273401871576778
v3_sc3_staging_08,L4,1,16,separate,False,0,False,False,False,False,nan,False,7.273401871576778
v3_sc3_staging_08,L4,1,16,joint,False,0,True,False,False,True,8.699747468305834,True,7.273401871576778
v3_sc3_staging_08,L4,1,16,oracle,False,0,True,False,False,True,7.273401871576778,True,7.273401871576778
v3_sc3_staging_08,L4,1,17,uncalibrated,False,0,True,False,False,True,7.763351365237941,True,7.763351365237941
v3_sc3_staging_08,L4,1,17,label_cell,False,0,False,False,False,False,nan,False,7.763351365237941
v3_sc3_staging_08,L4,1,17,label_only,False,0,True,False,False,True,8.401828996322966,True,7.763351365237941
v3_sc3_staging_08,L4,1,17,pose_only,False,0,True,False,False,True,8.218986283848345,True,7.763351365237941
v3_sc3_staging_08,L4,1,17,separate,False,0,False,False,False,False,nan,False,7.763351365237941
v3_sc3_staging_08,L4,1,17,joint,False,0,False,False,False,False,nan,False,7.763351365237941
v3_sc3_staging_08,L4,1,17,oracle,False,0,True,False,False,True,7.763351365237941,True,7.763351365237941
v3_sc3_staging_08,L4,1,18,uncalibrated,False,0,False,False,False,False,nan,False,8.274011537017762
v3_sc3_staging_08,L4,1,18,label_cell,False,0,False,False,False,False,nan,False,8.274011537017762
v3_sc3_staging_08,L4,1,18,label_only,False,0,False,False,False,False,nan,False,8.274011537017762
v3_sc3_staging_08,L4,1,18,pose_only,False,0,False,False,False,False,nan,False,8.274011537017762
v3_sc3_staging_08,L4,1,18,separate,False,0,False,False,False,False,nan,False,8.274011537017762
v3_sc3_staging_08,L4,1,18,joint,False,0,False,False,False,False,nan,False,8.274011537017762
v3_sc3_staging_08,L4,1,18,oracle,False,0,True,False,False,True,8.274011537017762,True,8.274011537017762
v3_sc3_staging_08,L4,1,19,uncalibrated,False,0,False,False,False,False,nan,False,9.511269837220809
v3_sc3_staging_08,L4,1,19,label_cell,False,0,False,False,False,False,nan,False,9.511269837220809
v3_sc3_staging_08,L4,1,19,label_only,False,0,False,False,False,False,nan,False,9.511269837220809
v3_sc3_staging_08,L4,1,19,pose_only,False,0,False,False,False,False,nan,False,9.511269837220809
v3_sc3_staging_08,L4,1,19,separate,False,0,False,False,False,False,nan,False,9.511269837220809
v3_sc3_staging_08,L4,1,19,joint,False,0,False,False,False,False,nan,False,9.511269837220809
v3_sc3_staging_08,L4,1,19,oracle,False,0,True,False,False,True,9.511269837220809,True,9.511269837220809
v3_sc3_staging_08,L4,2,0,uncalibrated,False,0,True,True,False,True,9.806244584051392,False,9.889087296526013
v3_sc3_staging_08,L4,2,0,label_cell,False,0,False,False,False,False,nan,False,9.889087296526013
v3_sc3_staging_08,L4,2,0,label_only,False,0,False,False,False,False,nan,False,9.889087296526013
v3_sc3_staging_08,L4,2,0,pose_only,False,0,True,False,False,True,10.179036790187178,True,9.889087296526013
v3_sc3_staging_08,L4,2,0,separate,False,0,False,False,False,False,nan,False,9.889087296526013
v3_sc3_staging_08,L4,2,0,joint,False,0,False,False,False,False,nan,False,9.889087296526013
v3_sc3_staging_08,L4,2,0,oracle,False,0,True,False,False,True,9.889087296526013,True,9.889087296526013
v3_sc3_staging_08,L4,2,1,uncalibrated,False,0,False,False,False,False,nan,False,8.142031021678298
v3_sc3_staging_08,L4,2,1,label_cell,False,0,False,False,False,False,nan,False,8.142031021678298
v3_sc3_staging_08,L4,2,1,label_only,False,0,False,False,False,False,nan,False,8.142031021678298
v3_sc3_staging_08,L4,2,1,pose_only,False,0,False,False,False,False,nan,False,8.142031021678298
v3_sc3_staging_08,L4,2,1,separate,False,0,False,False,False,False,nan,False,8.142031021678298
v3_sc3_staging_08,L4,2,1,joint,False,0,False,False,False,False,nan,False,8.142031021678298
v3_sc3_staging_08,L4,2,1,oracle,False,0,True,False,False,True,8.142031021678298,True,8.142031021678298
v3_sc3_staging_08,L4,2,2,uncalibrated,False,0,False,False,False,False,nan,False,11.070458146424489
v3_sc3_staging_08,L4,2,2,label_cell,False,0,False,False,False,False,nan,False,11.070458146424489
v3_sc3_staging_08,L4,2,2,label_only,False,0,False,False,False,False,nan,False,11.070458146424489
v3_sc3_staging_08,L4,2,2,pose_only,False,0,False,False,False,False,nan,False,11.070458146424489
v3_sc3_staging_08,L4,2,2,separate,False,0,False,False,False,False,nan,False,11.070458146424489
v3_sc3_staging_08,L4,2,2,joint,False,0,False,False,False,False,nan,False,11.070458146424489
v3_sc3_staging_08,L4,2,2,oracle,False,0,True,False,False,True,11.070458146424489,True,11.070458146424489
v3_sc3_staging_08,L4,2,3,uncalibrated,False,0,False,False,False,False,nan,False,8.980508652763321
v3_sc3_staging_08,L4,2,3,label_cell,False,0,False,False,False,False,nan,False,8.980508652763321
v3_sc3_staging_08,L4,2,3,label_only,False,0,False,False,False,False,nan,False,8.980508652763321
v3_sc3_staging_08,L4,2,3,pose_only,False,0,False,False,False,False,nan,False,8.980508652763321
v3_sc3_staging_08,L4,2,3,separate,False,0,False,False,False,False,nan,False,8.980508652763321
v3_sc3_staging_08,L4,2,3,joint,False,0,False,False,False,False,nan,False,8.980508652763321
v3_sc3_staging_08,L4,2,3,oracle,False,0,True,False,False,True,8.980508652763321,True,8.980508652763321
v3_sc3_staging_08,L4,2,4,uncalibrated,False,0,False,False,False,False,nan,False,10.678427124746191
v3_sc3_staging_08,L4,2,4,label_cell,False,0,False,False,False,False,nan,False,10.678427124746191
v3_sc3_staging_08,L4,2,4,label_only,False,0,False,False,False,False,nan,False,10.678427124746191
v3_sc3_staging_08,L4,2,4,pose_only,False,0,False,False,False,False,nan,False,10.678427124746191
v3_sc3_staging_08,L4,2,4,separate,False,0,False,False,False,False,nan,False,10.678427124746191
v3_sc3_staging_08,L4,2,4,joint,False,0,False,False,False,False,nan,False,10.678427124746191
v3_sc3_staging_08,L4,2,4,oracle,False,0,True,False,False,True,10.678427124746191,True,10.678427124746191
v3_sc3_staging_08,L4,2,5,uncalibrated,False,0,False,False,False,False,nan,False,8.96126983722081
v3_sc3_staging_08,L4,2,5,label_cell,False,0,False,False,False,False,nan,False,8.96126983722081
v3_sc3_staging_08,L4,2,5,label_only,False,0,False,False,False,False,nan,False,8.96126983722081
v3_sc3_staging_08,L4,2,5,pose_only,False,0,False,False,False,False,nan,False,8.96126983722081
v3_sc3_staging_08,L4,2,5,separate,False,0,False,False,False,False,nan,False,8.96126983722081
v3_sc3_staging_08,L4,2,5,joint,False,0,False,False,False,False,nan,False,8.96126983722081
v3_sc3_staging_08,L4,2,5,oracle,False,0,True,False,False,True,8.96126983722081,True,8.96126983722081
v3_sc3_staging_08,L4,2,6,uncalibrated,False,0,False,False,False,False,nan,False,10.87193000900063
v3_sc3_staging_08,L4,2,6,label_cell,False,0,False,False,False,False,nan,False,10.87193000900063
v3_sc3_staging_08,L4,2,6,label_only,False,0,False,False,False,False,nan,False,10.87193000900063
v3_sc3_staging_08,L4,2,6,pose_only,False,0,False,False,False,False,nan,False,10.87193000900063
v3_sc3_staging_08,L4,2,6,separate,False,0,False,False,False,False,nan,False,10.87193000900063
v3_sc3_staging_08,L4,2,6,joint,False,0,False,False,False,False,nan,False,10.87193000900063
v3_sc3_staging_08,L4,2,6,oracle,False,0,True,False,False,True,10.87193000900063,True,10.87193000900063
v3_sc3_staging_08,L4,2,7,uncalibrated,False,0,False,False,False,False,nan,False,6.634924240491753
v3_sc3_staging_08,L4,2,7,label_cell,False,0,False,False,False,False,nan,False,6.634924240491753
v3_sc3_staging_08,L4,2,7,label_only,False,0,False,False,False,False,nan,False,6.634924240491753
v3_sc3_staging_08,L4,2,7,pose_only,False,0,False,False,False,False,nan,False,6.634924240491753
v3_sc3_staging_08,L4,2,7,separate,False,0,False,False,False,False,nan,False,6.634924240491753
v3_sc3_staging_08,L4,2,7,joint,False,0,False,False,False,False,nan,False,6.634924240491753
v3_sc3_staging_08,L4,2,7,oracle,False,0,True,False,False,True,6.634924240491753,True,6.634924240491753
v3_sc3_staging_08,L4,2,8,uncalibrated,False,0,True,True,False,True,6.37634559672906,False,6.459188309203679
v3_sc3_staging_08,L4,2,8,label_cell,False,0,False,False,False,False,nan,False,6.459188309203679
v3_sc3_staging_08,L4,2,8,label_only,False,0,False,False,False,False,nan,False,6.459188309203679
v3_sc3_staging_08,L4,2,8,pose_only,False,0,True,False,False,True,6.749137802864848,True,6.459188309203679
v3_sc3_staging_08,L4,2,8,separate,False,0,False,False,False,False,nan,False,6.459188309203679
v3_sc3_staging_08,L4,2,8,joint,False,0,False,False,False,False,nan,False,6.459188309203679
v3_sc3_staging_08,L4,2,8,oracle,False,0,True,False,False,True,6.459188309203679,True,6.459188309203679
v3_sc3_staging_08,L4,2,9,uncalibrated,False,0,True,False,False,True,6.393502884254442,True,6.434924240491751
v3_sc3_staging_08,L4,2,9,label_cell,False,0,False,False,False,False,nan,False,6.434924240491751
v3_sc3_staging_08,L4,2,9,label_only,False,0,False,False,False,False,nan,False,6.434924240491751
v3_sc3_staging_08,L4,2,9,pose_only,False,0,True,False,False,True,6.766295090390227,True,6.434924240491751
v3_sc3_staging_08,L4,2,9,separate,False,0,False,False,False,False,nan,False,6.434924240491751
v3_sc3_staging_08,L4,2,9,joint,False,0,False,False,False,False,nan,False,6.434924240491751
v3_sc3_staging_08,L4,2,9,oracle,False,0,True,False,False,True,6.434924240491751,True,6.434924240491751
v3_sc3_staging_08,L4,2,10,uncalibrated,False,0,True,False,False,True,10.98761543394987,True,10.941168824543142
v3_sc3_staging_08,L4,2,10,label_cell,False,0,False,False,False,False,nan,False,10.941168824543142
v3_sc3_staging_08,L4,2,10,label_only,False,0,False,False,False,False,nan,False,10.941168824543142
v3_sc3_staging_08,L4,2,10,pose_only,False,0,True,False,False,True,11.360407640085656,True,10.941168824543142
v3_sc3_staging_08,L4,2,10,separate,False,0,False,False,False,False,nan,False,10.941168824543142
v3_sc3_staging_08,L4,2,10,joint,False,0,False,False,False,False,nan,False,10.941168824543142
v3_sc3_staging_08,L4,2,10,oracle,False,0,True,False,False,True,10.941168824543142,True,10.941168824543142
v3_sc3_staging_08,L4,2,11,uncalibrated,False,0,True,True,False,True,11.606244584051394,False,11.606244584051394
v3_sc3_staging_08,L4,2,11,label_cell,False,0,False,False,False,False,nan,False,11.606244584051394
v3_sc3_staging_08,L4,2,11,label_only,False,0,False,False,False,False,nan,False,11.606244584051394
v3_sc3_staging_08,L4,2,11,pose_only,False,0,True,False,False,True,11.97903679018718,True,11.606244584051394
v3_sc3_staging_08,L4,2,11,separate,False,0,False,False,False,False,nan,False,11.606244584051394
v3_sc3_staging_08,L4,2,11,joint,False,0,False,False,False,False,nan,False,11.606244584051394
v3_sc3_staging_08,L4,2,11,oracle,False,0,True,False,False,True,11.606244584051394,True,11.606244584051394
v3_sc3_staging_08,L4,2,12,uncalibrated,False,0,True,True,False,True,7.331980515339466,False,7.414823227814086
v3_sc3_staging_08,L4,2,12,label_cell,False,0,False,False,False,False,nan,False,7.414823227814086
v3_sc3_staging_08,L4,2,12,label_only,False,0,False,False,False,False,nan,False,7.414823227814086
v3_sc3_staging_08,L4,2,12,pose_only,False,0,True,False,False,True,7.704772721475251,True,7.414823227814086
v3_sc3_staging_08,L4,2,12,separate,False,0,False,False,False,False,nan,False,7.414823227814086
v3_sc3_staging_08,L4,2,12,joint,False,0,False,False,False,False,nan,False,7.414823227814086
v3_sc3_staging_08,L4,2,12,oracle,False,0,True,False,False,True,7.414823227814086,True,7.414823227814086
v3_sc3_staging_08,L4,2,13,uncalibrated,False,0,True,True,False,True,9.031980515339464,False,9.031980515339464
v3_sc3_staging_08,L4,2,13,label_cell,False,0,False,False,False,False,nan,False,9.031980515339464
v3_sc3_staging_08,L4,2,13,label_only,False,0,False,False,False,False,nan,False,9.031980515339464
v3_sc3_staging_08,L4,2,13,pose_only,False,0,True,False,False,True,9.40477272147525,True,9.031980515339464
v3_sc3_staging_08,L4,2,13,separate,False,0,False,False,False,False,nan,False,9.031980515339464
v3_sc3_staging_08,L4,2,13,joint,False,0,False,False,False,False,nan,False,9.031980515339464
v3_sc3_staging_08,L4,2,13,oracle,False,0,True,False,False,True,9.031980515339464,True,9.031980515339464
v3_sc3_staging_08,L4,2,14,uncalibrated,False,0,False,False,False,False,nan,False,7.721320343559643
v3_sc3_staging_08,L4,2,14,label_cell,False,0,False,False,False,False,nan,False,7.721320343559643
v3_sc3_staging_08,L4,2,14,label_only,False,0,False,False,False,False,nan,False,7.721320343559643
v3_sc3_staging_08,L4,2,14,pose_only,False,0,False,False,False,False,nan,False,7.721320343559643
v3_sc3_staging_08,L4,2,14,separate,False,0,False,False,False,False,nan,False,7.721320343559643
v3_sc3_staging_08,L4,2,14,joint,False,0,False,False,False,False,nan,False,7.721320343559643
v3_sc3_staging_08,L4,2,14,oracle,False,0,True,False,False,True,7.721320343559643,True,7.721320343559643
v3_sc3_staging_08,L4,2,15,uncalibrated,False,0,False,False,False,False,nan,False,6.921320343559646
v3_sc3_staging_08,L4,2,15,label_cell,False,0,False,False,False,False,nan,False,6.921320343559646
v3_sc3_staging_08,L4,2,15,label_only,False,0,False,False,False,False,nan,False,6.921320343559646
v3_sc3_staging_08,L4,2,15,pose_only,False,0,False,False,False,False,nan,False,6.921320343559646
v3_sc3_staging_08,L4,2,15,separate,False,0,False,False,False,False,nan,False,6.921320343559646
v3_sc3_staging_08,L4,2,15,joint,False,0,False,False,False,False,nan,False,6.921320343559646
v3_sc3_staging_08,L4,2,15,oracle,False,0,True,False,False,True,6.921320343559646,True,6.921320343559646
v3_sc3_staging_08,L4,2,16,uncalibrated,False,0,True,False,False,True,7.411269837220809,True,7.464823227814083
v3_sc3_staging_08,L4,2,16,label_cell,False,0,False,False,False,False,nan,False,7.464823227814083
v3_sc3_staging_08,L4,2,16,label_only,False,0,False,False,False,False,nan,False,7.464823227814083
v3_sc3_staging_08,L4,2,16,pose_only,False,0,True,False,False,True,7.784062043356595,True,7.464823227814083
v3_sc3_staging_08,L4,2,16,separate,False,0,False,False,False,False,nan,False,7.464823227814083
v3_sc3_staging_08,L4,2,16,joint,False,0,False,False,False,False,nan,False,7.464823227814083
v3_sc3_staging_08,L4,2,16,oracle,False,0,True,False,False,True,7.464823227814083,True,7.464823227814083
v3_sc3_staging_08,L4,2,17,uncalibrated,False,0,True,False,False,True,7.823401871576775,True,7.906244584051393
v3_sc3_staging_08,L4,2,17,label_cell,False,0,False,False,False,False,nan,False,7.906244584051393
v3_sc3_staging_08,L4,2,17,label_only,False,0,False,False,False,False,nan,False,7.906244584051393
v3_sc3_staging_08,L4,2,17,pose_only,False,0,True,False,False,True,8.19619407771256,True,7.906244584051393
v3_sc3_staging_08,L4,2,17,separate,False,0,False,False,False,False,nan,False,7.906244584051393
v3_sc3_staging_08,L4,2,17,joint,False,0,False,False,False,False,nan,False,7.906244584051393
v3_sc3_staging_08,L4,2,17,oracle,False,0,True,False,False,True,7.906244584051393,True,7.906244584051393
v3_sc3_staging_08,L4,2,18,uncalibrated,False,0,False,False,False,False,nan,False,8.318376618407356
v3_sc3_staging_08,L4,2,18,label_cell,False,0,False,False,False,False,nan,False,8.318376618407356
v3_sc3_staging_08,L4,2,18,label_only,False,0,False,False,False,False,nan,False,8.318376618407356
v3_sc3_staging_08,L4,2,18,pose_only,False,0,False,False,False,False,nan,False,8.318376618407356
v3_sc3_staging_08,L4,2,18,separate,False,0,False,False,False,False,nan,False,8.318376618407356
v3_sc3_staging_08,L4,2,18,joint,False,0,False,False,False,False,nan,False,8.318376618407356
v3_sc3_staging_08,L4,2,18,oracle,False,0,True,False,False,True,8.318376618407356,True,8.318376618407356
v3_sc3_staging_08,L4,2,19,uncalibrated,False,0,False,False,False,False,nan,False,9.31776695296637
v3_sc3_staging_08,L4,2,19,label_cell,False,0,False,False,False,False,nan,False,9.31776695296637
v3_sc3_staging_08,L4,2,19,label_only,False,0,False,False,False,False,nan,False,9.31776695296637
v3_sc3_staging_08,L4,2,19,pose_only,False,0,False,False,False,False,nan,False,9.31776695296637
v3_sc3_staging_08,L4,2,19,separate,False,0,False,False,False,False,nan,False,9.31776695296637
v3_sc3_staging_08,L4,2,19,joint,False,0,False,False,False,False,nan,False,9.31776695296637
v3_sc3_staging_08,L4,2,19,oracle,False,0,True,False,False,True,9.31776695296637,True,9.31776695296637
v3_sc3_staging_08,L4,3,0,uncalibrated,False,0,True,True,False,True,9.503300858899108,False,9.441168824543144
v3_sc3_staging_08,L4,3,0,label_cell,False,0,False,False,False,False,nan,False,9.441168824543144
v3_sc3_staging_08,L4,3,0,label_only,False,0,True,False,False,True,9.78761543394987,True,9.441168824543144
v3_sc3_staging_08,L4,3,0,pose_only,False,0,True,False,False,True,9.649747468305833,True,9.441168824543144
v3_sc3_staging_08,L4,3,0,separate,False,0,False,False,False,False,nan,False,9.441168824543144
v3_sc3_staging_08,L4,3,0,joint,False,0,True,False,False,True,10.158326112068524,True,9.441168824543144
v3_sc3_staging_08,L4,3,0,oracle,False,0,True,False,False,True,9.441168824543144,True,9.441168824543144
v3_sc3_staging_08,L4,3,1,uncalibrated,False,0,False,False,False,False,nan,False,8.023401871576773
v3_sc3_staging_08,L4,3,1,label_cell,False,0,False,False,False,False,nan,False,8.023401871576773
v3_sc3_staging_08,L4,3,1,label_only,False,0,False,False,False,False,nan,False,8.023401871576773
v3_sc3_staging_08,L4,3,1,pose_only,False,0,False,False,False,False,nan,False,8.023401871576773
v3_sc3_staging_08,L4,3,1,separate,False,0,False,False,False,False,nan,False,8.023401871576773
v3_sc3_staging_08,L4,3,1,joint,False,0,False,False,False,False,nan,False,8.023401871576773
v3_sc3_staging_08,L4,3,1,oracle,False,0,True,False,False,True,8.023401871576773,True,8.023401871576773
v3_sc3_staging_08,L4,3,2,uncalibrated,False,0,True,True,True,True,10.820458146424489,False,10.718376618407358
v3_sc3_staging_08,L4,3,2,label_cell,False,0,False,False,False,False,nan,False,10.718376618407358
v3_sc3_staging_08,L4,3,2,label_only,False,0,True,False,True,True,11.301219330881977,False,10.718376618407358
v3_sc3_staging_08,L4,3,2,pose_only,False,0,True,False,True,True,11.142640687119286,False,10.718376618407358
v3_sc3_staging_08,L4,3,2,separate,False,0,False,False,False,False,nan,False,10.718376618407358
v3_sc3_staging_08,L4,3,2,joint,False,0,True,False,True,True,11.671930009000631,False,10.718376618407358
v3_sc3_staging_08,L4,3,2,oracle,False,0,True,False,False,True,10.718376618407358,True,10.718376618407358
v3_sc3_staging_08,L4,3,3,uncalibrated,False,0,True,True,False,True,8.852691193458119,False,8.750609665440988
v3_sc3_staging_08,L4,3,3,label_cell,False,0,False,False,False,False,nan,False,8.750609665440988
v3_sc3_staging_08,L4,3,3,label_only,False,0,True,False,False,True,9.333452377915606,True,8.750609665440988
v3_sc3_staging_08,L4,3,3,pose_only,False,0,True,False,False,True,9.174873734152916,True,8.750609665440988
v3_sc3_staging_08,L4,3,3,separate,False,0,False,False,False,False,nan,False,8.750609665440988
v3_sc3_staging_08,L4,3,3,joint,False,0,True,False,False,True,9.745584412271572,True,8.750609665440988
v3_sc3_staging_08,L4,3,3,oracle,False,0,True,False,False,True,8.750609665440988,True,8.750609665440988
v3_sc3_staging_08,L4,3,4,uncalibrated,False,0,True,True,False,True,10.579036790187178,False,10.579036790187178
v3_sc3_staging_08,L4,3,4,label_cell,False,0,False,False,False,False,nan,False,10.579036790187178
v3_sc3_staging_08,L4,3,4,label_only,False,0,True,False,False,True,10.63761543394987,True,10.579036790187178
v3_sc3_staging_08,L4,3,4,pose_only,False,0,True,False,False,True,10.579036790187178,True,10.579036790187178
v3_sc3_staging_08,L4,3,4,separate,False,0,False,False,False,False,nan,False,10.579036790187178
v3_sc3_staging_08,L4,3,4,joint,False,0,True,False,False,True,10.884062043356597,True,10.579036790187178
v3_sc3_staging_08,L4,3,4,oracle,False,0,True,False,False,True,10.579036790187178,True,10.579036790187178
v3_sc3_staging_08,L4,3,5,uncalibrated,False,0,True,True,False,True,8.95269119345812,False,9.099137802864844
v3_sc3_staging_08,L4,3,5,label_cell,False,0,False,False,False,False,nan,False,9.099137802864844
v3_sc3_staging_08,L4,3,5,label_only,False,0,True,False,False,True,9.392031021678296,True,9.099137802864844
v3_sc3_staging_08,L4,3,5,pose_only,False,0,True,False,False,True,9.274873734152917,True,9.099137802864844
v3_sc3_staging_08,L4,3,5,separate,False,0,False,False,False,False,nan,False,9.099137802864844
v3_sc3_staging_08,L4,3,5,joint,False,0,True,False,False,True,9.762741699796951,True,9.099137802864844
v3_sc3_staging_08,L4,3,5,oracle,False,0,True,False,False,True,9.099137802864844,True,9.099137802864844
v3_sc3_staging_08,L4,3,6,uncalibrated,False,0,True,True,False,True,10.629036790187179,False,10.775483399593904
v3_sc3_staging_08,L4,3,6,label_cell,False,0,False,False,False,False,nan,False,10.775483399593904
v3_sc3_staging_08,L4,3,6,label_only,False,0,True,False,False,True,11.068376618407356,True,10.775483399593904
v3_sc3_staging_08,L4,3,6,pose_only,False,0,True,False,False,True,10.951219330881978,True,10.775483399593904
v3_sc3_staging_08,L4,3,6,separate,False,0,False,False,False,False,nan,False,10.775483399593904
v3_sc3_staging_08,L4,3,6,joint,False,0,True,False,False,True,11.439087296526013,True,10.775483399593904
v3_sc3_staging_08,L4,3,6,oracle,False,0,True,False,False,True,10.775483399593904,True,10.775483399593904
v3_sc3_staging_08,L4,3,7,uncalibrated,False,0,True,True,False,True,6.704163056034261,False,6.579898987322332
v3_sc3_staging_08,L4,3,7,label_cell,False,0,False,False,False,False,nan,False,6.579898987322332
v3_sc3_staging_08,L4,3,7,label_only,False,0,True,False,False,True,6.8041630560342625,True,6.579898987322332
v3_sc3_staging_08,L4,3,7,pose_only,False,0,True,False,False,True,6.704163056034261,True,6.579898987322332
v3_sc3_staging_08,L4,3,7,separate,False,0,False,False,False,False,nan,False,6.579898987322332
v3_sc3_staging_08,L4,3,7,joint,False,0,True,False,False,True,7.216295090390225,True,6.579898987322332
v3_sc3_staging_08,L4,3,7,oracle,False,0,True,False,False,True,6.579898987322332,True,6.579898987322332
v3_sc3_staging_08,L4,3,8,uncalibrated,False,0,True,True,False,True,6.426955262170049,False,6.426955262170047
v3_sc3_staging_08,L4,3,8,label_cell,False,0,False,False,False,False,nan,False,6.426955262170047
v3_sc3_staging_08,L4,3,8,label_only,False,0,True,False,False,True,6.576955262170049,True,6.426955262170047
v3_sc3_staging_08,L4,3,8,pose_only,False,0,True,False,False,True,6.426955262170047,True,6.426955262170047
v3_sc3_staging_08,L4,3,8,separate,False,0,False,False,False,False,nan,False,6.426955262170047
v3_sc3_staging_08,L4,3,8,joint,False,0,True,False,False,True,6.926955262170049,True,6.426955262170047
v3_sc3_staging_08,L4,3,8,oracle,False,0,True,False,False,True,6.426955262170047,True,6.426955262170047
v3_sc3_staging_08,L4,3,9,uncalibrated,False,0,True,False,False,True,6.539087296526013,True,6.539087296526013
v3_sc3_staging_08,L4,3,9,label_cell,False,0,False,False,False,False,nan,False,6.539087296526013
v3_sc3_staging_08,L4,3,9,label_only,False,0,True,False,False,True,6.597665940288704,True,6.539087296526013
v3_sc3_staging_08,L4,3,9,pose_only,False,0,True,False,False,True,6.539087296526013,True,6.539087296526013
v3_sc3_staging_08,L4,3,9,separate,False,0,False,False,False,False,nan,False,6.539087296526013
v3_sc3_staging_08,L4,3,9,joint,False,0,True,False,False,True,6.844112549695433,True,6.539087296526013
v3_sc3_staging_08,L4,3,9,oracle,False,0,True,False,False,True,6.539087296526013,True,6.539087296526013
v3_sc3_staging_08,L4,3,10,uncalibrated,False,0,True,False,False,True,10.643250352560276,True,10.270458146424488
v3_sc3_staging_08,L4,3,10,label_cell,False,0,False,False,False,False,nan,False,10.270458146424488
v3_sc3_staging_08,L4,3,10,label_only,False,0,True,False,False,True,10.918986283848348,True,10.270458146424488
v3_sc3_staging_08,L4,3,10,pose_only,False,0,True,False,False,True,10.760407640085655,True,10.270458146424488
v3_sc3_staging_08,L4,3,10,separate,False,0,False,False,False,False,nan,False,10.270458146424488
v3_sc3_staging_08,L4,3,10,joint,False,0,True,False,False,True,11.331118318204313,True,10.270458146424488
v3_sc3_staging_08,L4,3,10,oracle,False,0,True,False,False,True,10.270458146424488,True,10.270458146424488
v3_sc3_staging_08,L4,3,11,uncalibrated,False,0,True,True,False,True,11.403300858899108,False,11.403300858899108
v3_sc3_staging_08,L4,3,11,label_cell,False,0,False,False,False,False,nan,False,11.403300858899108
v3_sc3_staging_08,L4,3,11,label_only,False,0,True,False,False,True,11.482590180780454,True,11.403300858899108
v3_sc3_staging_08,L4,3,11,pose_only,False,0,True,False,False,True,11.403300858899108,True,11.403300858899108
v3_sc3_staging_08,L4,3,11,separate,False,0,False,False,False,False,nan,False,11.403300858899108
v3_sc3_staging_08,L4,3,11,joint,False,0,True,False,False,True,11.791168824543144,True,11.403300858899108
v3_sc3_staging_08,L4,3,11,oracle,False,0,True,False,False,True,11.403300858899108,True,11.403300858899108
v3_sc3_staging_08,L4,3,12,uncalibrated,False,0,False,False,False,False,nan,False,7.021930009000634
v3_sc3_staging_08,L4,3,12,label_cell,False,0,False,False,False,False,nan,False,7.021930009000634
v3_sc3_staging_08,L4,3,12,label_only,False,0,False,False,False,False,nan,False,7.021930009000634
v3_sc3_staging_08,L4,3,12,pose_only,False,0,False,False,False,False,nan,False,7.021930009000634
v3_sc3_staging_08,L4,3,12,separate,False,0,False,False,False,False,nan,False,7.021930009000634
v3_sc3_staging_08,L4,3,12,joint,False,0,False,False,False,False,nan,False,7.021930009000634
v3_sc3_staging_08,L4,3,12,oracle,False,0,True,False,False,True,7.021930009000634,True,7.021930009000634
v3_sc3_staging_08,L4,3,13,uncalibrated,False,0,True,True,False,True,8.905382386916239,False,8.905382386916239
v3_sc3_staging_08,L4,3,13,label_cell,False,0,False,False,False,False,nan,False,8.905382386916239
v3_sc3_staging_08,L4,3,13,label_only,False,0,True,False,False,True,9.08111831820431,True,8.905382386916239
v3_sc3_staging_08,L4,3,13,pose_only,False,0,True,False,False,True,8.963961030678929,True,8.905382386916239
v3_sc3_staging_08,L4,3,13,separate,False,0,False,False,False,False,nan,False,8.905382386916239
v3_sc3_staging_08,L4,3,13,joint,False,0,True,False,False,True,9.327564927611036,True,8.905382386916239
v3_sc3_staging_08,L4,3,13,oracle,False,0,True,False,False,True,8.905382386916239,True,8.905382386916239
v3_sc3_staging_08,L4,3,14,uncalibrated,False,0,True,True,False,True,7.799747468305838,False,7.741168824543147
v3_sc3_staging_08,L4,3,14,label_cell,False,0,False,False,False,False,nan,False,7.741168824543147
v3_sc3_staging_08,L4,3,14,label_only,False,0,True,False,False,True,7.858326112068524,True,7.741168824543147
v3_sc3_staging_08,L4,3,14,pose_only,False,0,True,False,False,True,7.7997474683058385,True,7.741168824543147
v3_sc3_staging_08,L4,3,14,separate,False,0,False,False,False,False,nan,False,7.741168824543147
v3_sc3_staging_08,L4,3,14,joint,False,0,True,False,False,True,8.104772721475248,True,7.741168824543147
v3_sc3_staging_08,L4,3,14,oracle,False,0,True,False,False,True,7.741168824543147,True,7.741168824543147
v3_sc3_staging_08,L4,3,15,uncalibrated,False,0,False,False,False,False,nan,False,6.823401871576775
v3_sc3_staging_08,L4,3,15,label_cell,False,0,False,False,False,False,nan,False,6.823401871576775
v3_sc3_staging_08,L4,3,15,label_only,False,0,False,False,False,False,nan,False,6.823401871576775
v3_sc3_staging_08,L4,3,15,pose_only,False,0,False,False,False,False,nan,False,6.823401871576775
v3_sc3_staging_08,L4,3,15,separate,False,0,False,False,False,False,nan,False,6.823401871576775
v3_sc3_staging_08,L4,3,15,joint,False,0,False,False,False,False,nan,False,6.823401871576775
v3_sc3_staging_08,L4,3,15,oracle,False,0,True,False,False,True,6.823401871576775,True,6.823401871576775
v3_sc3_staging_08,L4,3,16,uncalibrated,False,0,True,True,True,True,7.334062043356596,False,7.439087296526015
v3_sc3_staging_08,L4,3,16,label_cell,False,0,False,False,False,False,nan,False,7.439087296526015
v3_sc3_staging_08,L4,3,16,label_only,False,0,True,False,True,True,7.814823227814083,False,7.439087296526015
v3_sc3_staging_08,L4,3,16,pose_only,False,0,True,False,True,True,7.656244584051393,False,7.439087296526015
v3_sc3_staging_08,L4,3,16,separate,False,0,False,False,False,False,nan,False,7.439087296526015
v3_sc3_staging_08,L4,3,16,joint,False,0,True,False,True,True,8.226955262170046,False,7.439087296526015
v3_sc3_staging_08,L4,3,16,oracle,False,0,True,False,False,True,7.439087296526015,True,7.439087296526015
v3_sc3_staging_08,L4,3,17,uncalibrated,False,0,True,True,False,True,7.606854249492386,False,7.665432893255073
v3_sc3_staging_08,L4,3,17,label_cell,False,0,False,False,False,False,nan,False,7.665432893255073
v3_sc3_staging_08,L4,3,17,label_only,False,0,True,False,False,True,8.082590180780452,True,7.665432893255073
v3_sc3_staging_08,L4,3,17,pose_only,False,0,True,False,False,True,7.84116882454315,True,7.665432893255073
v3_sc3_staging_08,L4,3,17,separate,False,0,False,False,False,False,nan,False,7.665432893255073
v3_sc3_staging_08,L4,3,17,joint,False,0,True,False,False,True,8.494722215136417,True,7.665432893255073
v3_sc3_staging_08,L4,3,17,oracle,False,0,True,False,False,True,7.665432893255073,True,7.665432893255073
v3_sc3_staging_08,L4,3,18,uncalibrated,False,0,False,False,False,False,nan,False,8.067514421272206
v3_sc3_staging_08,L4,3,18,label_cell,False,0,False,False,False,False,nan,False,8.067514421272206
v3_sc3_staging_08,L4,3,18,label_only,False,0,False,False,False,False,nan,False,8.067514421272206
v3_sc3_staging_08,L4,3,18,pose_only,False,0,False,False,False,False,nan,False,8.067514421272206
v3_sc3_staging_08,L4,3,18,separate,False,0,False,False,False,False,nan,False,8.067514421272206
v3_sc3_staging_08,L4,3,18,joint,False,0,False,False,False,False,nan,False,8.067514421272206
v3_sc3_staging_08,L4,3,18,oracle,False,0,True,False,False,True,8.067514421272206,True,8.067514421272206
v3_sc3_staging_08,L4,3,19,uncalibrated,False,0,False,False,False,False,nan,False,9.529036790187178
v3_sc3_staging_08,L4,3,19,label_cell,False,0,False,False,False,False,nan,False,9.529036790187178
v3_sc3_staging_08,L4,3,19,label_only,False,0,False,False,False,False,nan,False,9.529036790187178
v3_sc3_staging_08,L4,3,19,pose_only,False,0,False,False,False,False,nan,False,9.529036790187178
v3_sc3_staging_08,L4,3,19,separate,False,0,False,False,False,False,nan,False,9.529036790187178
v3_sc3_staging_08,L4,3,19,joint,False,0,False,False,False,False,nan,False,9.529036790187178
v3_sc3_staging_08,L4,3,19,oracle,False,0,True,False,False,True,9.529036790187178,True,9.529036790187178
v3_sc3_staging_08,L4,4,0,uncalibrated,False,0,False,False,False,False,nan,False,9.998275605729692
v3_sc3_staging_08,L4,4,0,label_cell,False,0,False,False,False,False,nan,False,9.998275605729692
v3_sc3_staging_08,L4,4,0,label_only,False,0,False,False,False,False,nan,False,9.998275605729692
v3_sc3_staging_08,L4,4,0,pose_only,False,0,False,False,False,False,nan,False,9.998275605729692
v3_sc3_staging_08,L4,4,0,separate,False,0,False,False,False,False,nan,False,9.998275605729692
v3_sc3_staging_08,L4,4,0,joint,False,0,False,False,False,False,nan,False,9.998275605729692
v3_sc3_staging_08,L4,4,0,oracle,False,0,True,False,False,True,9.998275605729692,True,9.998275605729692
v3_sc3_staging_08,L4,4,1,uncalibrated,False,0,True,True,False,True,7.960407640085657,False,8.02756492761104
v3_sc3_staging_08,L4,4,1,label_cell,False,0,False,False,False,False,nan,False,8.02756492761104
v3_sc3_staging_08,L4,4,1,label_only,False,0,True,False,False,True,8.54619407771256,True,8.02756492761104
v3_sc3_staging_08,L4,4,1,pose_only,False,0,True,False,False,True,8.429036790187178,True,8.02756492761104
v3_sc3_staging_08,L4,4,1,separate,False,0,False,False,False,False,nan,False,8.02756492761104
v3_sc3_staging_08,L4,4,1,joint,False,0,False,False,False,False,nan,False,8.02756492761104
v3_sc3_staging_08,L4,4,1,oracle,False,0,True,False,False,True,8.02756492761104,True,8.02756492761104
v3_sc3_staging_08,L4,4,2,uncalibrated,False,0,False,False,False,False,nan,False,11.224011537017763
v3_sc3_staging_08,L4,4,2,label_cell,False,0,False,False,False,False,nan,False,11.224011537017763
v3_sc3_staging_08,L4,4,2,label_only,False,0,False,False,False,False,nan,False,11.224011537017763
v3_sc3_staging_08,L4,4,2,pose_only,False,0,False,False,False,False,nan,False,11.224011537017763
v3_sc3_staging_08,L4,4,2,separate,False,0,False,False,False,False,nan,False,11.224011537017763
v3_sc3_staging_08,L4,4,2,joint,False,0,False,False,False,False,nan,False,11.224011537017763
v3_sc3_staging_08,L4,4,2,oracle,False,0,True,False,False,True,11.224011537017763,True,11.224011537017763
v3_sc3_staging_08,L4,4,3,uncalibrated,False,0,False,False,False,False,nan,False,9.109797974644664
v3_sc3_staging_08,L4,4,3,label_cell,False,0,False,False,False,False,nan,False,9.109797974644664
v3_sc3_staging_08,L4,4,3,label_only,False,0,False,False,False,False,nan,False,9.109797974644664
v3_sc3_staging_08,L4,4,3,pose_only,False,0,False,False,False,False,nan,False,9.109797974644664
v3_sc3_staging_08,L4,4,3,separate,False,0,False,False,False,False,nan,False,9.109797974644664
v3_sc3_staging_08,L4,4,3,joint,False,0,False,False,False,False,nan,False,9.109797974644664
v3_sc3_staging_08,L4,4,3,oracle,False,0,True,False,False,True,9.109797974644664,True,9.109797974644664
v3_sc3_staging_08,L4,4,4,uncalibrated,False,0,False,False,False,False,nan,False,10.67462120245875
v3_sc3_staging_08,L4,4,4,label_cell,False,0,False,False,False,False,nan,False,10.67462120245875
v3_sc3_staging_08,L4,4,4,label_only,False,0,False,False,False,False,nan,False,10.67462120245875
v3_sc3_staging_08,L4,4,4,pose_only,False,0,False,False,False,False,nan,False,10.67462120245875
v3_sc3_staging_08,L4,4,4,separate,False,0,False,False,False,False,nan,False,10.67462120245875
v3_sc3_staging_08,L4,4,4,joint,False,0,False,False,False,False,nan,False,10.67462120245875
v3_sc3_staging_08,L4,4,4,oracle,False,0,True,False,False,True,10.67462120245875,True,10.67462120245875
v3_sc3_staging_08,L4,4,5,uncalibrated,False,0,False,False,False,False,nan,False,9.249747468305832
v3_sc3_staging_08,L4,4,5,label_cell,False,0,False,False,False,False,nan,False,9.249747468305832
v3_sc3_staging_08,L4,4,5,label_only,False,0,False,False,False,False,nan,False,9.249747468305832
v3_sc3_staging_08,L4,4,5,pose_only,False,0,False,False,False,False,nan,False,9.249747468305832
v3_sc3_staging_08,L4,4,5,separate,False,0,False,False,False,False,nan,False,9.249747468305832
v3_sc3_staging_08,L4,4,5,joint,False,0,False,False,False,False,nan,False,9.249747468305832
v3_sc3_staging_08,L4,4,5,oracle,False,0,True,False,False,True,9.249747468305832,True,9.249747468305832
v3_sc3_staging_08,L4,4,6,uncalibrated,False,0,False,False,False,False,nan,False,11.081118318204311
v3_sc3_staging_08,L4,4,6,label_cell,False,0,False,False,False,False,nan,False,11.081118318204311
v3_sc3_staging_08,L4,4,6,label_only,False,0,False,False,False,False,nan,False,11.081118318204311
v3_sc3_staging_08,L4,4,6,pose_only,False,0,False,False,False,False,nan,False,11.081118318204311
v3_sc3_staging_08,L4,4,6,separate,False,0,False,False,False,False,nan,False,11.081118318204311
v3_sc3_staging_08,L4,4,6,joint,False,0,False,False,False,False,nan,False,11.081118318204311
v3_sc3_staging_08,L4,4,6,oracle,False,0,True,False,False,True,11.081118318204311,True,11.081118318204311
v3_sc3_staging_08,L4,4,7,uncalibrated,False,0,True,True,False,True,6.575483399593907,False,6.604772721475252
v3_sc3_staging_08,L4,4,7,label_cell,False,0,False,False,False,False,nan,False,6.604772721475252
v3_sc3_staging_08,L4,4,7,label_only,False,0,True,False,False,True,7.044112549695429,True,6.604772721475252
v3_sc3_staging_08,L4,4,7,pose_only,False,0,True,False,False,True,6.926955262170051,True,6.604772721475252
v3_sc3_staging_08,L4,4,7,separate,False,0,False,False,False,False,nan,False,6.604772721475252
v3_sc3_staging_08,L4,4,7,joint,False,0,False,False,False,False,nan,False,6.604772721475252
v3_sc3_staging_08,L4,4,7,oracle,False,0,True,False,False,True,6.604772721475252,True,6.604772721475252
v3_sc3_staging_08,L4,4,8,uncalibrated,False,0,False,False,False,False,nan,False,6.525483399593906
v3_sc3_staging_08,L4,4,8,label_cell,False,0,False,False,False,False,nan,False,6.525483399593906
v3_sc3_staging_08,L4,4,8,label_only,False,0,False,False,False,False,nan,False,6.525483399593906
v3_sc3_staging_08,L4,4,8,pose_only,False,0,False,False,False,False,nan,False,6.525483399593906
v3_sc3_staging_08,L4,4,8,separate,False,0,False,False,False,False,nan,False,6.525483399593906
v3_sc3_staging_08,L4,4,8,joint,False,0,False,False,False,False,nan,False,6.525483399593906
v3_sc3_staging_08,L4,4,8,oracle,False,0,True,False,False,True,6.525483399593906,True,6.525483399593906
v3_sc3_staging_08,L4,4,9,uncalibrated,False,0,False,False,False,False,nan,False,6.529036790187179
v3_sc3_staging_08,L4,4,9,label_cell,False,0,False,False,False,False,nan,False,6.529036790187179
v3_sc3_staging_08,L4,4,9,label_only,False,0,False,False,False,False,nan,False,6.529036790187179
v3_sc3_staging_08,L4,4,9,pose_only,False,0,False,False,False,False,nan,False,6.529036790187179
v3_sc3_staging_08,L4,4,9,separate,False,0,False,False,False,False,nan,False,6.529036790187179
v3_sc3_staging_08,L4,4,9,joint,False,0,False,False,False,False,nan,False,6.529036790187179
v3_sc3_staging_08,L4,4,9,oracle,False,0,True,False,False,True,6.529036790187179,True,6.529036790187179
v3_sc3_staging_08,L4,4,10,uncalibrated,False,0,False,False,False,False,nan,False,10.95685424949238
v3_sc3_staging_08,L4,4,10,label_cell,False,0,False,False,False,False,nan,False,10.95685424949238
v3_sc3_staging_08,L4,4,10,label_only,False,0,False,False,False,False,nan,False,10.95685424949238
v3_sc3_staging_08,L4,4,10,pose_only,False,0,False,False,False,False,nan,False,10.95685424949238
v3_sc3_staging_08,L4,4,10,separate,False,0,False,False,False,False,nan,False,10.95685424949238
v3_sc3_staging_08,L4,4,10,joint,False,0,False,False,False,False,nan,False,10.95685424949238
v3_sc3_staging_08,L4,4,10,oracle,False,0,True,False,False,True,10.95685424949238,True,10.95685424949238
v3_sc3_staging_08,L4,4,11,uncalibrated,False,0,False,False,False,False,nan,False,11.678174593052024
v3_sc3_staging_08,L4,4,11,label_cell,False,0,False,False,False,False,nan,False,11.678174593052024
v3_sc3_staging_08,L4,4,11,label_only,False,0,False,False,False,False,nan,False,11.678174593052024
v3_sc3_staging_08,L4,4,11,pose_only,False,0,False,False,False,False,nan,False,11.678174593052024
v3_sc3_staging_08,L4,4,11,separate,False,0,False,False,False,False,nan,False,11.678174593052024
v3_sc3_staging_08,L4,4,11,joint,False,0,False,False,False,False,nan,False,11.678174593052024
v3_sc3_staging_08,L4,4,11,oracle,False,0,True,False,False,True,11.678174593052024,True,11.678174593052024
v3_sc3_staging_08,L4,4,12,uncalibrated,False,0,False,False,False,False,nan,False,7.471930009000634
v3_sc3_staging_08,L4,4,12,label_cell,False,0,False,False,False,False,nan,False,7.471930009000634
v3_sc3_staging_08,L4,4,12,label_only,False,0,False,False,False,False,nan,False,7.471930009000634
v3_sc3_staging_08,L4,4,12,pose_only,False,0,False,False,False,False,nan,False,7.471930009000634
v3_sc3_staging_08,L4,4,12,separate,False,0,False,False,False,False,nan,False,7.471930009000634
v3_sc3_staging_08,L4,4,12,joint,False,0,False,False,False,False,nan,False,7.471930009000634
v3_sc3_staging_08,L4,4,12,oracle,False,0,True,False,False,True,7.471930009000634,True,7.471930009000634
v3_sc3_staging_08,L4,4,13,uncalibrated,False,0,False,False,False,False,nan,False,9.034671708797584
v3_sc3_staging_08,L4,4,13,label_cell,False,0,False,False,False,False,nan,False,9.034671708797584
v3_sc3_staging_08,L4,4,13,label_only,False,0,False,False,False,False,nan,False,9.034671708797584
v3_sc3_staging_08,L4,4,13,pose_only,False,0,False,False,False,False,nan,False,9.034671708797584
v3_sc3_staging_08,L4,4,13,separate,False,0,False,False,False,False,nan,False,9.034671708797584
v3_sc3_staging_08,L4,4,13,joint,False,0,False,False,False,False,nan,False,9.034671708797584
v3_sc3_staging_08,L4,4,13,oracle,False,0,True,False,False,True,9.034671708797584,True,9.034671708797584
v3_sc3_staging_08,L4,4,14,uncalibrated,False,0,False,False,False,False,nan,False,7.643250352560277
v3_sc3_staging_08,L4,4,14,label_cell,False,0,False,False,False,False,nan,False,7.643250352560277
v3_sc3_staging_08,L4,4,14,label_only,False,0,False,False,False,False,nan,False,7.643250352560277
v3_sc3_staging_08,L4,4,14,pose_only,False,0,False,False,False,False,nan,False,7.643250352560277
v3_sc3_staging_08,L4,4,14,separate,False,0,False,False,False,False,nan,False,7.643250352560277
v3_sc3_staging_08,L4,4,14,joint,False,0,False,False,False,False,nan,False,7.643250352560277
v3_sc3_staging_08,L4,4,14,oracle,False,0,True,False,False,True,7.643250352560277,True,7.643250352560277
v3_sc3_staging_08,L4,4,15,uncalibrated,False,0,True,True,False,True,6.732590180780455,False,6.908326112068528
v3_sc3_staging_08,L4,4,15,label_cell,False,0,False,False,False,False,nan,False,6.908326112068528
v3_sc3_staging_08,L4,4,15,label_only,False,0,True,False,False,True,7.31837661840736,True,6.908326112068528
v3_sc3_staging_08,L4,4,15,pose_only,False,0,True,False,False,True,7.201219330881978,True,6.908326112068528
v3_sc3_staging_08,L4,4,15,separate,False,0,False,False,False,False,nan,False,6.908326112068528
v3_sc3_staging_08,L4,4,15,joint,False,0,False,False,False,False,nan,False,6.908326112068528
v3_sc3_staging_08,L4,4,15,oracle,False,0,True,False,False,True,6.908326112068528,True,6.908326112068528
v3_sc3_staging_08,L4,4,16,uncalibrated,False,0,False,False,False,False,nan,False,7.651219330881976
v3_sc3_staging_08,L4,4,16,label_cell,False,0,False,False,False,False,nan,False,7.651219330881976
v3_sc3_staging_08,L4,4,16,label_only,False,0,False,False,False,False,nan,False,7.651219330881976
v3_sc3_staging_08,L4,4,16,pose_only,False,0,False,False,False,False,nan,False,7.651219330881976
v3_sc3_staging_08,L4,4,16,separate,False,0,False,False,False,False,nan,False,7.651219330881976
v3_sc3_staging_08,L4,4,16,joint,False,0,False,False,False,False,nan,False,7.651219330881976
v3_sc3_staging_08,L4,4,16,oracle,False,0,True,False,False,True,7.651219330881976,True,7.651219330881976
v3_sc3_staging_08,L4,4,17,uncalibrated,False,0,False,False,False,False,nan,False,8.058326112068523
v3_sc3_staging_08,L4,4,17,label_cell,False,0,False,False,False,False,nan,False,8.058326112068523
v3_sc3_staging_08,L4,4,17,label_only,False,0,False,False,False,False,nan,False,8.058326112068523
v3_sc3_staging_08,L4,4,17,pose_only,False,0,False,False,False,False,nan,False,8.058326112068523
v3_sc3_staging_08,L4,4,17,separate,False,0,False,False,False,False,nan,False,8.058326112068523
v3_sc3_staging_08,L4,4,17,joint,False,0,False,False,False,False,nan,False,8.058326112068523
v3_sc3_staging_08,L4,4,17,oracle,False,0,True,False,False,True,8.058326112068523,True,8.058326112068523
v3_sc3_staging_08,L4,4,18,uncalibrated,False,0,False,False,False,False,nan,False,8.35685424949238
v3_sc3_staging_08,L4,4,18,label_cell,False,0,False,False,False,False,nan,False,8.35685424949238
v3_sc3_staging_08,L4,4,18,label_only,False,0,False,False,False,False,nan,False,8.35685424949238
v3_sc3_staging_08,L4,4,18,pose_only,False,0,False,False,False,False,nan,False,8.35685424949238
v3_sc3_staging_08,L4,4,18,separate,False,0,False,False,False,False,nan,False,8.35685424949238
v3_sc3_staging_08,L4,4,18,joint,False,0,False,False,False,False,nan,False,8.35685424949238
v3_sc3_staging_08,L4,4,18,oracle,False,0,True,False,False,True,8.35685424949238,True,8.35685424949238
v3_sc3_staging_08,L4,4,19,uncalibrated,False,0,False,False,False,False,nan,False,9.307463914933368
v3_sc3_staging_08,L4,4,19,label_cell,False,0,False,False,False,False,nan,False,9.307463914933368
v3_sc3_staging_08,L4,4,19,label_only,False,0,False,False,False,False,nan,False,9.307463914933368
v3_sc3_staging_08,L4,4,19,pose_only,False,0,False,False,False,False,nan,False,9.307463914933368
v3_sc3_staging_08,L4,4,19,separate,False,0,False,False,False,False,nan,False,9.307463914933368
v3_sc3_staging_08,L4,4,19,joint,False,0,False,False,False,False,nan,False,9.307463914933368
v3_sc3_staging_08,L4,4,19,oracle,False,0,True,False,False,True,9.307463914933368,True,9.307463914933368
v3_sc3_staging_08,L5,0,0,uncalibrated,False,0,False,False,False,False,nan,False,9.492640687119286
v3_sc3_staging_08,L5,0,0,label_cell,False,0,False,False,False,False,nan,False,9.492640687119286
v3_sc3_staging_08,L5,0,0,label_only,False,0,False,False,False,False,nan,False,9.492640687119286
v3_sc3_staging_08,L5,0,0,pose_only,False,0,False,False,False,False,nan,False,9.492640687119286
v3_sc3_staging_08,L5,0,0,separate,False,0,False,False,False,False,nan,False,9.492640687119286
v3_sc3_staging_08,L5,0,0,joint,False,1,False,False,False,False,nan,False,9.492640687119286
v3_sc3_staging_08,L5,0,0,oracle,False,0,True,False,False,True,9.492640687119286,True,9.492640687119286
v3_sc3_staging_08,L5,0,1,uncalibrated,False,0,False,False,False,False,nan,False,7.975483399593904
v3_sc3_staging_08,L5,0,1,label_cell,False,0,False,False,False,False,nan,False,7.975483399593904
v3_sc3_staging_08,L5,0,1,label_only,False,0,False,False,False,False,nan,False,7.975483399593904
v3_sc3_staging_08,L5,0,1,pose_only,False,0,False,False,False,False,nan,False,7.975483399593904
v3_sc3_staging_08,L5,0,1,separate,False,0,False,False,False,False,nan,False,7.975483399593904
v3_sc3_staging_08,L5,0,1,joint,False,1,False,False,False,False,nan,False,7.975483399593904
v3_sc3_staging_08,L5,0,1,oracle,False,0,True,False,False,True,7.975483399593904,True,7.975483399593904
v3_sc3_staging_08,L5,0,4,uncalibrated,False,0,False,False,False,False,nan,False,10.586143571373727
v3_sc3_staging_08,L5,0,4,label_cell,False,0,False,False,False,False,nan,False,10.586143571373727
v3_sc3_staging_08,L5,0,4,label_only,False,0,False,False,False,False,nan,False,10.586143571373727
v3_sc3_staging_08,L5,0,4,pose_only,False,0,False,False,False,False,nan,False,10.586143571373727
v3_sc3_staging_08,L5,0,4,separate,False,0,False,False,False,False,nan,False,10.586143571373727
v3_sc3_staging_08,L5,0,4,joint,False,1,False,False,False,False,nan,False,10.586143571373727
v3_sc3_staging_08,L5,0,4,oracle,False,0,True,False,False,True,10.586143571373727,True,10.586143571373727
v3_sc3_staging_08,L5,0,5,uncalibrated,False,0,False,False,False,False,nan,False,9.101828996322965
v3_sc3_staging_08,L5,0,5,label_cell,False,0,False,False,False,False,nan,False,9.101828996322965
v3_sc3_staging_08,L5,0,5,label_only,False,0,False,False,False,False,nan,False,9.101828996322965
v3_sc3_staging_08,L5,0,5,pose_only,False,0,False,False,False,False,nan,False,9.101828996322965
v3_sc3_staging_08,L5,0,5,separate,False,0,False,False,False,False,nan,False,9.101828996322965
v3_sc3_staging_08,L5,0,5,joint,False,1,False,False,False,False,nan,False,9.101828996322965
v3_sc3_staging_08,L5,0,5,oracle,False,0,True,False,False,True,9.101828996322965,True,9.101828996322965
v3_sc3_staging_08,L5,0,7,uncalibrated,False,0,False,False,False,False,nan,False,6.554772721475252
v3_sc3_staging_08,L5,0,7,label_cell,False,0,False,False,False,False,nan,False,6.554772721475252
v3_sc3_staging_08,L5,0,7,label_only,False,0,False,False,False,False,nan,False,6.554772721475252
v3_sc3_staging_08,L5,0,7,pose_only,False,0,False,False,False,False,nan,False,6.554772721475252
v3_sc3_staging_08,L5,0,7,separate,False,0,False,False,False,False,nan,False,6.554772721475252
v3_sc3_staging_08,L5,0,7,joint,False,1,False,False,False,False,nan,False,6.554772721475252
v3_sc3_staging_08,L5,0,7,oracle,False,0,True,False,False,True,6.554772721475252,True,6.554772721475252
v3_sc3_staging_08,L5,0,8,uncalibrated,False,0,False,False,False,False,nan,False,6.437005768508882
v3_sc3_staging_08,L5,0,8,label_cell,False,0,False,False,False,False,nan,False,6.437005768508882
v3_sc3_staging_08,L5,0,8,label_only,False,0,False,False,False,False,nan,False,6.437005768508882
v3_sc3_staging_08,L5,0,8,pose_only,False,0,False,False,False,False,nan,False,6.437005768508882
v3_sc3_staging_08,L5,0,8,separate,False,0,False,False,False,False,nan,False,6.437005768508882
v3_sc3_staging_08,L5,0,8,joint,False,1,False,False,False,False,nan,False,6.437005768508882
v3_sc3_staging_08,L5,0,8,oracle,False,0,True,False,False,True,6.437005768508882,True,6.437005768508882
v3_sc3_staging_08,L5,0,9,uncalibrated,False,0,False,False,False,False,nan,False,6.545584412271572
v3_sc3_staging_08,L5,0,9,label_cell,False,0,False,False,False,False,nan,False,6.545584412271572
v3_sc3_staging_08,L5,0,9,label_only,False,0,False,False,False,False,nan,False,6.545584412271572
v3_sc3_staging_08,L5,0,9,pose_only,False,0,False,False,False,False,nan,False,6.545584412271572
v3_sc3_staging_08,L5,0,9,separate,False,0,False,False,False,False,nan,False,6.545584412271572
v3_sc3_staging_08,L5,0,9,joint,False,1,False,False,False,False,nan,False,6.545584412271572
v3_sc3_staging_08,L5,0,9,oracle,False,0,True,False,False,True,6.545584412271572,True,6.545584412271572
v3_sc3_staging_08,L5,0,10,uncalibrated,False,0,False,False,False,False,nan,False,10.303300858899108
v3_sc3_staging_08,L5,0,10,label_cell,False,0,False,False,False,False,nan,False,10.303300858899108
v3_sc3_staging_08,L5,0,10,label_only,False,0,False,False,False,False,nan,False,10.303300858899108
v3_sc3_staging_08,L5,0,10,pose_only,False,0,False,False,False,False,nan,False,10.303300858899108
v3_sc3_staging_08,L5,0,10,separate,False,0,False,False,False,False,nan,False,10.303300858899108
v3_sc3_staging_08,L5,0,10,joint,False,1,False,False,False,False,nan,False,10.303300858899108
v3_sc3_staging_08,L5,0,10,oracle,False,0,True,False,False,True,10.303300858899108,True,10.303300858899108
v3_sc3_staging_08,L5,0,11,uncalibrated,False,0,False,False,False,False,nan,False,11.460407640085656
v3_sc3_staging_08,L5,0,11,label_cell,False,0,False,False,False,False,nan,False,11.460407640085656
v3_sc3_staging_08,L5,0,11,label_only,False,0,False,False,False,False,nan,False,11.460407640085656
v3_sc3_staging_08,L5,0,11,pose_only,False,0,False,False,False,False,nan,False,11.460407640085656
v3_sc3_staging_08,L5,0,11,separate,False,0,False,False,False,False,nan,False,11.460407640085656
v3_sc3_staging_08,L5,0,11,joint,False,1,False,False,False,False,nan,False,11.460407640085656
v3_sc3_staging_08,L5,0,11,oracle,False,0,True,False,False,True,11.460407640085656,True,11.460407640085656
v3_sc3_staging_08,L5,0,12,uncalibrated,False,0,False,False,False,False,nan,False,7.0991378028648455
v3_sc3_staging_08,L5,0,12,label_cell,False,0,False,False,False,False,nan,False,7.0991378028648455
v3_sc3_staging_08,L5,0,12,label_only,False,0,False,False,False,False,nan,False,7.0991378028648455
v3_sc3_staging_08,L5,0,12,pose_only,False,0,False,False,False,False,nan,False,7.0991378028648455
v3_sc3_staging_08,L5,0,12,separate,False,0,False,False,False,False,nan,False,7.0991378028648455
v3_sc3_staging_08,L5,0,12,joint,False,1,False,False,False,False,nan,False,7.0991378028648455
v3_sc3_staging_08,L5,0,12,oracle,False,0,True,False,False,True,7.0991378028648455,True,7.0991378028648455
v3_sc3_staging_08,L5,0,13,uncalibrated,False,0,False,False,False,False,nan,False,8.912741699796952
v3_sc3_staging_08,L5,0,13,label_cell,False,0,False,False,False,False,nan,False,8.912741699796952
v3_sc3_staging_08,L5,0,13,label_only,False,0,False,False,False,False,nan,False,8.912741699796952
v3_sc3_staging_08,L5,0,13,pose_only,False,0,False,False,False,False,nan,False,8.912741699796952
v3_sc3_staging_08,L5,0,13,separate,False,0,False,False,False,False,nan,False,8.912741699796952
v3_sc3_staging_08,L5,0,13,joint,False,1,False,False,False,False,nan,False,8.912741699796952
v3_sc3_staging_08,L5,0,13,oracle,False,0,True,False,False,True,8.912741699796952,True,8.912741699796952
v3_sc3_staging_08,L5,0,14,uncalibrated,False,0,False,False,False,False,nan,False,7.816295090390226
v3_sc3_staging_08,L5,0,14,label_cell,False,0,False,False,False,False,nan,False,7.816295090390226
v3_sc3_staging_08,L5,0,14,label_only,False,0,False,False,False,False,nan,False,7.816295090390226
v3_sc3_staging_08,L5,0,14,pose_only,False,0,False,False,False,False,nan,False,7.816295090390226
v3_sc3_staging_08,L5,0,14,separate,False,0,False,False,False,False,nan,False,7.816295090390226
v3_sc3_staging_08,L5,0,14,joint,False,1,False,False,False,False,nan,False,7.816295090390226
v3_sc3_staging_08,L5,0,14,oracle,False,0,True,False,False,True,7.816295090390226,True,7.816295090390226
v3_sc3_staging_08,L5,0,15,uncalibrated,False,0,False,False,False,False,nan,False,6.8234018715767775
v3_sc3_staging_08,L5,0,15,label_cell,False,0,False,False,False,False,nan,False,6.8234018715767775
v3_sc3_staging_08,L5,0,15,label_only,False,0,False,False,False,False,nan,False,6.8234018715767775
v3_sc3_staging_08,L5,0,15,pose_only,False,0,False,False,False,False,nan,False,6.8234018715767775
v3_sc3_staging_08,L5,0,15,separate,False,0,False,False,False,False,nan,False,6.8234018715767775
v3_sc3_staging_08,L5,0,15,joint,False,1,False,False,False,False,nan,False,6.8234018715767775
v3_sc3_staging_08,L5,0,15,oracle,False,0,True,False,False,True,6.8234018715767775,True,6.8234018715767775
v3_sc3_staging_08,L5,0,16,uncalibrated,False,0,False,False,False,False,nan,False,7.414823227814082
v3_sc3_staging_08,L5,0,16,label_cell,False,0,False,False,False,False,nan,False,7.414823227814082
v3_sc3_staging_08,L5,0,16,label_only,False,0,False,False,False,False,nan,False,7.414823227814082
v3_sc3_staging_08,L5,0,16,pose_only,False,0,False,False,False,False,nan,False,7.414823227814082
v3_sc3_staging_08,L5,0,16,separate,False,0,False,False,False,False,nan,False,7.414823227814082
v3_sc3_staging_08,L5,0,16,joint,False,1,False,False,False,False,nan,False,7.414823227814082
v3_sc3_staging_08,L5,0,16,oracle,False,0,True,False,False,True,7.414823227814082,True,7.414823227814082
v3_sc3_staging_08,L5,0,17,uncalibrated,False,0,False,False,False,False,nan,False,7.692031021678298
v3_sc3_staging_08,L5,0,17,label_cell,False,0,False,False,False,False,nan,False,7.692031021678298
v3_sc3_staging_08,L5,0,17,label_only,False,0,False,False,False,False,nan,False,7.692031021678298
v3_sc3_staging_08,L5,0,17,pose_only,False,0,False,False,False,False,nan,False,7.692031021678298
v3_sc3_staging_08,L5,0,17,separate,False,0,False,False,False,False,nan,False,7.692031021678298
v3_sc3_staging_08,L5,0,17,joint,False,1,False,False,False,False,nan,False,7.692031021678298
v3_sc3_staging_08,L5,0,17,oracle,False,0,True,False,False,True,7.692031021678298,True,7.692031021678298
v3_sc3_staging_08,L5,0,18,uncalibrated,False,0,False,False,False,False,nan,False,8.072792206135786
v3_sc3_staging_08,L5,0,18,label_cell,False,0,False,False,False,False,nan,False,8.072792206135786
v3_sc3_staging_08,L5,0,18,label_only,False,0,False,False,False,False,nan,False,8.072792206135786
v3_sc3_staging_08,L5,0,18,pose_only,False,0,False,False,False,False,nan,False,8.072792206135786
v3_sc3_staging_08,L5,0,18,separate,False,0,False,False,False,False,nan,False,8.072792206135786
v3_sc3_staging_08,L5,0,18,joint,False,1,False,False,False,False,nan,False,8.072792206135786
v3_sc3_staging_08,L5,0,18,oracle,False,0,True,False,False,True,8.072792206135786,True,8.072792206135786
v3_sc3_staging_08,L5,0,19,uncalibrated,False,0,False,False,False,False,nan,False,9.54619407771256
v3_sc3_staging_08,L5,0,19,label_cell,False,0,False,False,False,False,nan,False,9.54619407771256
v3_sc3_staging_08,L5,0,19,label_only,False,0,False,False,False,False,nan,False,9.54619407771256
v3_sc3_staging_08,L5,0,19,pose_only,False,0,False,False,False,False,nan,False,9.54619407771256
v3_sc3_staging_08,L5,0,19,separate,False,0,False,False,False,False,nan,False,9.54619407771256
v3_sc3_staging_08,L5,0,19,joint,False,1,False,False,False,False,nan,False,9.54619407771256
v3_sc3_staging_08,L5,0,19,oracle,False,0,True,False,False,True,9.54619407771256,True,9.54619407771256
v3_sc3_staging_08,L5,1,0,uncalibrated,False,0,False,False,False,False,nan,False,9.698275605729691
v3_sc3_staging_08,L5,1,0,label_cell,False,0,False,False,False,False,nan,False,9.698275605729691
v3_sc3_staging_08,L5,1,0,label_only,False,0,False,False,False,False,nan,False,9.698275605729691
v3_sc3_staging_08,L5,1,0,pose_only,False,0,False,False,False,False,nan,False,9.698275605729691
v3_sc3_staging_08,L5,1,0,separate,False,0,False,False,False,False,nan,False,9.698275605729691
v3_sc3_staging_08,L5,1,0,joint,False,1,False,False,False,False,nan,False,9.698275605729691
v3_sc3_staging_08,L5,1,0,oracle,False,0,True,False,False,True,9.698275605729691,True,9.698275605729691
v3_sc3_staging_08,L5,1,1,uncalibrated,False,0,False,False,False,False,nan,False,8.048275605729696
v3_sc3_staging_08,L5,1,1,label_cell,False,0,False,False,False,False,nan,False,8.048275605729696
v3_sc3_staging_08,L5,1,1,label_only,False,0,False,False,False,False,nan,False,8.048275605729696
v3_sc3_staging_08,L5,1,1,pose_only,False,0,False,False,False,False,nan,False,8.048275605729696
v3_sc3_staging_08,L5,1,1,separate,False,0,False,False,False,False,nan,False,8.048275605729696
v3_sc3_staging_08,L5,1,1,joint,False,1,False,False,False,False,nan,False,8.048275605729696
v3_sc3_staging_08,L5,1,1,oracle,False,0,True,False,False,True,8.048275605729696,True,8.048275605729696
v3_sc3_staging_08,L5,1,2,uncalibrated,False,0,False,False,False,False,nan,False,10.934671708797584
v3_sc3_staging_08,L5,1,2,label_cell,False,0,False,False,False,False,nan,False,10.934671708797584
v3_sc3_staging_08,L5,1,2,label_only,False,0,False,False,False,False,nan,False,10.934671708797584
v3_sc3_staging_08,L5,1,2,pose_only,False,0,False,False,False,False,nan,False,10.934671708797584
v3_sc3_staging_08,L5,1,2,separate,False,0,False,False,False,False,nan,False,10.934671708797584
v3_sc3_staging_08,L5,1,2,joint,False,1,False,False,False,False,nan,False,10.934671708797584
v3_sc3_staging_08,L5,1,2,oracle,False,0,True,False,False,True,10.934671708797584,True,10.934671708797584
v3_sc3_staging_08,L5,1,3,uncalibrated,False,0,False,False,False,False,nan,False,8.91543289325507
v3_sc3_staging_08,L5,1,3,label_cell,False,0,False,False,False,False,nan,False,8.91543289325507
v3_sc3_staging_08,L5,1,3,label_only,False,0,False,False,False,False,nan,False,8.91543289325507
v3_sc3_staging_08,L5,1,3,pose_only,False,0,False,False,False,False,nan,False,8.91543289325507
v3_sc3_staging_08,L5,1,3,separate,False,0,False,False,False,False,nan,False,8.91543289325507
v3_sc3_staging_08,L5,1,3,joint,False,1,False,False,False,False,nan,False,8.91543289325507
v3_sc3_staging_08,L5,1,3,oracle,False,0,True,False,False,True,8.91543289325507,True,8.91543289325507
v3_sc3_staging_08,L5,1,4,uncalibrated,False,0,False,False,False,False,nan,False,10.498885271170678
v3_sc3_staging_08,L5,1,4,label_cell,False,0,False,False,False,False,nan,False,10.498885271170678
v3_sc3_staging_08,L5,1,4,label_only,False,0,False,False,False,False,nan,False,10.498885271170678
v3_sc3_staging_08,L5,1,4,pose_only,False,0,False,False,False,False,nan,False,10.498885271170678
v3_sc3_staging_08,L5,1,4,separate,False,0,False,False,False,False,nan,False,10.498885271170678
v3_sc3_staging_08,L5,1,4,joint,False,1,False,False,False,False,nan,False,10.498885271170678
v3_sc3_staging_08,L5,1,4,oracle,False,0,True,False,False,True,10.498885271170678,True,10.498885271170678
v3_sc3_staging_08,L5,1,5,uncalibrated,False,0,False,False,False,False,nan,False,8.826093065034893
v3_sc3_staging_08,L5,1,5,label_cell,False,0,False,False,False,False,nan,False,8.826093065034893
v3_sc3_staging_08,L5,1,5,label_only,False,0,False,False,False,False,nan,False,8.826093065034893
v3_sc3_staging_08,L5,1,5,pose_only,False,0,False,False,False,False,nan,False,8.826093065034893
v3_sc3_staging_08,L5,1,5,separate,False,0,False,False,False,False,nan,False,8.826093065034893
v3_sc3_staging_08,L5,1,5,joint,False,1,False,False,False,False,nan,False,8.826093065034893
v3_sc3_staging_08,L5,1,5,oracle,False,0,True,False,False,True,8.826093065034893,True,8.826093065034893
v3_sc3_staging_08,L5,1,6,uncalibrated,False,0,False,False,False,False,nan,False,10.62964645562817
v3_sc3_staging_08,L5,1,6,label_cell,False,0,False,False,False,False,nan,False,10.62964645562817
v3_sc3_staging_08,L5,1,6,label_only,False,0,False,False,False,False,nan,False,10.62964645562817
v3_sc3_staging_08,L5,1,6,pose_only,False,0,False,False,False,False,nan,False,10.62964645562817
v3_sc3_staging_08,L5,1,6,separate,False,0,False,False,False,False,nan,False,10.62964645562817
v3_sc3_staging_08,L5,1,6,joint,False,1,False,False,False,False,nan,False,10.62964645562817
v3_sc3_staging_08,L5,1,6,oracle,False,0,True,False,False,True,10.62964645562817,True,10.62964645562817
v3_sc3_staging_08,L5,1,7,uncalibrated,False,0,False,False,False,False,nan,False,6.511879502661799
v3_sc3_staging_08,L5,1,7,label_cell,False,0,False,False,False,False,nan,False,6.511879502661799
v3_sc3_staging_08,L5,1,7,label_only,False,0,False,False,False,False,nan,False,6.511879502661799
v3_sc3_staging_08,L5,1,7,pose_only,False,0,False,False,False,False,nan,False,6.511879502661799
v3_sc3_staging_08,L5,1,7,separate,False,0,False,False,False,False,nan,False,6.511879502661799
v3_sc3_staging_08,L5,1,7,joint,False,1,False,False,False,False,nan,False,6.511879502661799
v3_sc3_staging_08,L5,1,7,oracle,False,0,True,False,False,True,6.511879502661799,True,6.511879502661799
v3_sc3_staging_08,L5,1,8,uncalibrated,False,0,False,False,False,False,nan,False,6.384062043356596
v3_sc3_staging_08,L5,1,8,label_cell,False,0,False,False,False,False,nan,False,6.384062043356596
v3_sc3_staging_08,L5,1,8,label_only,False,0,False,False,False,False,nan,False,6.384062043356596
v3_sc3_staging_08,L5,1,8,pose_only,False,0,False,False,False,False,nan,False,6.384062043356596
v3_sc3_staging_08,L5,1,8,separate,False,0,False,False,False,False,nan,False,6.384062043356596
v3_sc3_staging_08,L5,1,8,joint,False,1,False,False,False,False,nan,False,6.384062043356596
v3_sc3_staging_08,L5,1,8,oracle,False,0,True,False,False,True,6.384062043356596,True,6.384062043356596
v3_sc3_staging_08,L5,1,9,uncalibrated,False,0,False,False,False,False,nan,False,6.484062043356596
v3_sc3_staging_08,L5,1,9,label_cell,False,0,False,False,False,False,nan,False,6.484062043356596
v3_sc3_staging_08,L5,1,9,label_only,False,0,False,False,False,False,nan,False,6.484062043356596
v3_sc3_staging_08,L5,1,9,pose_only,False,0,False,False,False,False,nan,False,6.484062043356596
v3_sc3_staging_08,L5,1,9,separate,False,0,False,False,False,False,nan,False,6.484062043356596
v3_sc3_staging_08,L5,1,9,joint,False,1,False,False,False,False,nan,False,6.484062043356596
v3_sc3_staging_08,L5,1,9,oracle,False,0,True,False,False,True,6.484062043356596,True,6.484062043356596
v3_sc3_staging_08,L5,1,10,uncalibrated,False,0,False,False,False,False,nan,False,10.798275605729692
v3_sc3_staging_08,L5,1,10,label_cell,False,0,False,False,False,False,nan,False,10.798275605729692
v3_sc3_staging_08,L5,1,10,label_only,False,0,False,False,False,False,nan,False,10.798275605729692
v3_sc3_staging_08,L5,1,10,pose_only,False,0,False,False,False,False,nan,False,10.798275605729692
v3_sc3_staging_08,L5,1,10,separate,False,0,False,False,False,False,nan,False,10.798275605729692
v3_sc3_staging_08,L5,1,10,joint,False,1,False,False,False,False,nan,False,10.798275605729692
v3_sc3_staging_08,L5,1,10,oracle,False,0,True,False,False,True,10.798275605729692,True,10.798275605729692
v3_sc3_staging_08,L5,1,11,uncalibrated,False,0,False,False,False,False,nan,False,11.469595949289333
v3_sc3_staging_08,L5,1,11,label_cell,False,0,False,False,False,False,nan,False,11.469595949289333
v3_sc3_staging_08,L5,1,11,label_only,False,0,False,False,False,False,nan,False,11.469595949289333
v3_sc3_staging_08,L5,1,11,pose_only,False,0,False,False,False,False,nan,False,11.469595949289333
v3_sc3_staging_08,L5,1,11,separate,False,0,False,False,False,False,nan,False,11.469595949289333
v3_sc3_staging_08,L5,1,11,joint,False,1,False,False,False,False,nan,False,11.469595949289333
v3_sc3_staging_08,L5,1,11,oracle,False,0,True,False,False,True,11.469595949289333,True,11.469595949289333
v3_sc3_staging_08,L5,1,12,uncalibrated,False,0,False,False,False,False,nan,False,7.297665940288706
v3_sc3_staging_08,L5,1,12,label_cell,False,0,False,False,False,False,nan,False,7.297665940288706
v3_sc3_staging_08,L5,1,12,label_only,False,0,False,False,False,False,nan,False,7.297665940288706
v3_sc3_staging_08,L5,1,12,pose_only,False,0,False,False,False,False,nan,False,7.297665940288706
v3_sc3_staging_08,L5,1,12,separate,False,0,False,False,False,False,nan,False,7.297665940288706
v3_sc3_staging_08,L5,1,12,joint,False,1,False,False,False,False,nan,False,7.297665940288706
v3_sc3_staging_08,L5,1,12,oracle,False,0,True,False,False,True,7.297665940288706,True,7.297665940288706
v3_sc3_staging_08,L5,1,13,uncalibrated,False,0,False,False,False,False,nan,False,9.07903679018718
v3_sc3_staging_08,L5,1,13,label_cell,False,0,False,False,False,False,nan,False,9.07903679018718
v3_sc3_staging_08,L5,1,13,label_only,False,0,False,False,False,False,nan,False,9.07903679018718
v3_sc3_staging_08,L5,1,13,pose_only,False,0,False,False,False,False,nan,False,9.07903679018718
v3_sc3_staging_08,L5,1,13,separate,False,0,False,False,False,False,nan,False,9.07903679018718
v3_sc3_staging_08,L5,1,13,joint,False,1,False,False,False,False,nan,False,9.07903679018718
v3_sc3_staging_08,L5,1,13,oracle,False,0,True,False,False,True,9.07903679018718,True,9.07903679018718
v3_sc3_staging_08,L5,1,14,uncalibrated,False,0,False,False,False,False,nan,False,7.78761543394987
v3_sc3_staging_08,L5,1,14,label_cell,False,0,False,False,False,False,nan,False,7.78761543394987
v3_sc3_staging_08,L5,1,14,label_only,False,0,False,False,False,False,nan,False,7.78761543394987
v3_sc3_staging_08,L5,1,14,pose_only,False,0,False,False,False,False,nan,False,7.78761543394987
v3_sc3_staging_08,L5,1,14,separate,False,0,False,False,False,False,nan,False,7.78761543394987
v3_sc3_staging_08,L5,1,14,joint,False,1,False,False,False,False,nan,False,7.78761543394987
v3_sc3_staging_08,L5,1,14,oracle,False,0,True,False,False,True,7.78761543394987,True,7.78761543394987
v3_sc3_staging_08,L5,1,15,uncalibrated,False,0,False,False,False,False,nan,False,6.866904755831218
v3_sc3_staging_08,L5,1,15,label_cell,False,0,False,False,False,False,nan,False,6.866904755831218
v3_sc3_staging_08,L5,1,15,label_only,False,0,False,False,False,False,nan,False,6.866904755831218
v3_sc3_staging_08,L5,1,15,pose_only,False,0,False,False,False,False,nan,False,6.866904755831218
v3_sc3_staging_08,L5,1,15,separate,False,0,False,False,False,False,nan,False,6.866904755831218
v3_sc3_staging_08,L5,1,15,joint,False,1,False,False,False,False,nan,False,6.866904755831218
v3_sc3_staging_08,L5,1,15,oracle,False,0,True,False,False,True,6.866904755831218,True,6.866904755831218
v3_sc3_staging_08,L5,1,16,uncalibrated,False,0,False,False,False,False,nan,False,7.3305086527633225
v3_sc3_staging_08,L5,1,16,label_cell,False,0,False,False,False,False,nan,False,7.3305086527633225
v3_sc3_staging_08,L5,1,16,label_only,False,0,False,False,False,False,nan,False,7.3305086527633225
v3_sc3_staging_08,L5,1,16,pose_only,False,0,False,False,False,False,nan,False,7.3305086527633225
v3_sc3_staging_08,L5,1,16,separate,False,0,False,False,False,False,nan,False,7.3305086527633225
v3_sc3_staging_08,L5,1,16,joint,False,1,False,False,False,False,nan,False,7.3305086527633225
v3_sc3_staging_08,L5,1,16,oracle,False,0,True,False,False,True,7.3305086527633225,True,7.3305086527633225
v3_sc3_staging_08,L5,1,17,uncalibrated,False,0,False,False,False,False,nan,False,7.789087296526012
v3_sc3_staging_08,L5,1,17,label_cell,False,0,False,False,False,False,nan,False,7.789087296526012
v3_sc3_staging_08,L5,1,17,label_only,False,0,False,False,False,False,nan,False,7.789087296526012
v3_sc3_staging_08,L5,1,17,pose_only,False,0,False,False,False,False,nan,False,7.789087296526012
v3_sc3_staging_08,L5,1,17,separate,False,0,False,False,False,False,nan,False,7.789087296526012
v3_sc3_staging_08,L5,1,17,joint,False,1,False,False,False,False,nan,False,7.789087296526012
v3_sc3_staging_08,L5,1,17,oracle,False,0,True,False,False,True,7.789087296526012,True,7.789087296526012
v3_sc3_staging_08,L5,1,18,uncalibrated,False,0,False,False,False,False,nan,False,8.335533905932738
v3_sc3_staging_08,L5,1,18,label_cell,False,0,False,False,False,False,nan,False,8.335533905932738
v3_sc3_staging_08,L5,1,18,label_only,False,0,False,False,False,False,nan,False,8.335533905932738
v3_sc3_staging_08,L5,1,18,pose_only,False,0,False,False,False,False,nan,False,8.335533905932738
v3_sc3_staging_08,L5,1,18,separate,False,0,False,False,False,False,nan,False,8.335533905932738
v3_sc3_staging_08,L5,1,18,joint,False,1,False,False,False,False,nan,False,8.335533905932738
v3_sc3_staging_08,L5,1,18,oracle,False,0,True,False,False,True,8.335533905932738,True,8.335533905932738
v3_sc3_staging_08,L5,1,19,uncalibrated,False,0,False,False,False,False,nan,False,9.321067811865476
v3_sc3_staging_08,L5,1,19,label_cell,False,0,False,False,False,False,nan,False,9.321067811865476
v3_sc3_staging_08,L5,1,19,label_only,False,0,False,False,False,False,nan,False,9.321067811865476
v3_sc3_staging_08,L5,1,19,pose_only,False,0,False,False,False,False,nan,False,9.321067811865476
v3_sc3_staging_08,L5,1,19,separate,False,0,False,False,False,False,nan,False,9.321067811865476
v3_sc3_staging_08,L5,1,19,joint,False,1,False,False,False,False,nan,False,9.321067811865476
v3_sc3_staging_08,L5,1,19,oracle,False,0,True,False,False,True,9.321067811865476,True,9.321067811865476
v3_sc3_staging_08,L5,3,0,uncalibrated,False,0,False,False,False,False,nan,False,9.501219330881977
v3_sc3_staging_08,L5,3,0,label_cell,False,0,False,False,False,False,nan,False,9.501219330881977
v3_sc3_staging_08,L5,3,0,label_only,False,0,False,False,False,False,nan,False,9.501219330881977
v3_sc3_staging_08,L5,3,0,pose_only,False,0,False,False,False,False,nan,False,9.501219330881977
v3_sc3_staging_08,L5,3,0,separate,False,0,False,False,False,False,nan,False,9.501219330881977
v3_sc3_staging_08,L5,3,0,joint,False,1,False,False,False,False,nan,False,9.501219330881977
v3_sc3_staging_08,L5,3,0,oracle,False,0,True,False,False,True,9.501219330881977,True,9.501219330881977
v3_sc3_staging_08,L5,3,1,uncalibrated,False,0,False,False,False,False,nan,False,7.9955844122715725
v3_sc3_staging_08,L5,3,1,label_cell,False,0,False,False,False,False,nan,False,7.9955844122715725
v3_sc3_staging_08,L5,3,1,label_only,False,0,False,False,False,False,nan,False,7.9955844122715725
v3_sc3_staging_08,L5,3,1,pose_only,False,0,False,False,False,False,nan,False,7.9955844122715725
v3_sc3_staging_08,L5,3,1,separate,False,0,False,False,False,False,nan,False,7.9955844122715725
v3_sc3_staging_08,L5,3,1,joint,False,1,False,False,False,False,nan,False,7.9955844122715725
v3_sc3_staging_08,L5,3,1,oracle,False,0,True,False,False,True,7.9955844122715725,True,7.9955844122715725
v3_sc3_staging_08,L5,3,2,uncalibrated,False,0,False,False,False,False,nan,False,10.618376618407357
v3_sc3_staging_08,L5,3,2,label_cell,False,0,False,False,False,False,nan,False,10.618376618407357
v3_sc3_staging_08,L5,3,2,label_only,False,0,False,False,False,False,nan,False,10.618376618407357
v3_sc3_staging_08,L5,3,2,pose_only,False,0,False,False,False,False,nan,False,10.618376618407357
v3_sc3_staging_08,L5,3,2,separate,False,0,False,False,False,False,nan,False,10.618376618407357
v3_sc3_staging_08,L5,3,2,joint,False,1,False,False,False,False,nan,False,10.618376618407357
v3_sc3_staging_08,L5,3,2,oracle,False,0,True,False,False,True,10.618376618407357,True,10.618376618407357
v3_sc3_staging_08,L5,3,3,uncalibrated,False,0,False,False,False,False,nan,False,8.804163056034263
v3_sc3_staging_08,L5,3,3,label_cell,False,0,False,False,False,False,nan,False,8.804163056034263
v3_sc3_staging_08,L5,3,3,label_only,False,0,False,False,False,False,nan,False,8.804163056034263
v3_sc3_staging_08,L5,3,3,pose_only,False,0,False,False,False,False,nan,False,8.804163056034263
v3_sc3_staging_08,L5,3,3,separate,False,0,False,False,False,False,nan,False,8.804163056034263
v3_sc3_staging_08,L5,3,3,joint,False,1,False,False,False,False,nan,False,8.804163056034263
v3_sc3_staging_08,L5,3,3,oracle,False,0,True,False,False,True,8.804163056034263,True,8.804163056034263
v3_sc3_staging_08,L5,3,4,uncalibrated,False,0,False,False,False,False,nan,False,10.506244584051394
v3_sc3_staging_08,L5,3,4,label_cell,False,0,False,False,False,False,nan,False,10.506244584051394
v3_sc3_staging_08,L5,3,4,label_only,False,0,False,False,False,False,nan,False,10.506244584051394
v3_sc3_staging_08,L5,3,4,pose_only,False,0,False,False,False,False,nan,False,10.506244584051394
v3_sc3_staging_08,L5,3,4,separate,False,0,False,False,False,False,nan,False,10.506244584051394
v3_sc3_staging_08,L5,3,4,joint,False,1,False,False,False,False,nan,False,10.506244584051394
v3_sc3_staging_08,L5,3,4,oracle,False,0,True,False,False,True,10.506244584051394,True,10.506244584051394
v3_sc3_staging_08,L5,3,5,uncalibrated,False,0,False,False,False,False,nan,False,8.921320343559643
v3_sc3_staging_08,L5,3,5,label_cell,False,0,False,False,False,False,nan,False,8.921320343559643
v3_sc3_staging_08,L5,3,5,label_only,False,0,False,False,False,False,nan,False,8.921320343559643
v3_sc3_staging_08,L5,3,5,pose_only,False,0,False,False,False,False,nan,False,8.921320343559643
v3_sc3_staging_08,L5,3,5,separate,False,0,False,False,False,False,nan,False,8.921320343559643
v3_sc3_staging_08,L5,3,5,joint,False,1,False,False,False,False,nan,False,8.921320343559643
v3_sc3_staging_08,L5,3,5,oracle,False,0,True,False,False,True,8.921320343559643,True,8.921320343559643
v3_sc3_staging_08,L5,3,6,uncalibrated,False,0,False,False,False,False,nan,False,10.539087296526013
v3_sc3_staging_08,L5,3,6,label_cell,False,0,False,False,False,False,nan,False,10.539087296526013
v3_sc3_staging_08,L5,3,6,label_only,False,0,False,False,False,False,nan,False,10.539087296526013
v3_sc3_staging_08,L5,3,6,pose_only,False,0,False,False,False,False,nan,False,10.539087296526013
v3_sc3_staging_08,L5,3,6,separate,False,0,False,False,False,False,nan,False,10.539087296526013
v3_sc3_staging_08,L5,3,6,joint,False,1,False,False,False,False,nan,False,10.539087296526013
v3_sc3_staging_08,L5,3,6,oracle,False,0,True,False,False,True,10.539087296526013,True,10.539087296526013
v3_sc3_staging_08,L5,3,7,uncalibrated,False,0,False,False,False,False,nan,False,6.49350288425444
v3_sc3_staging_08,L5,3,7,label_cell,False,0,False,False,False,False,nan,False,6.49350288425444
v3_sc3_staging_08,L5,3,7,label_only,False,0,False,False,False,False,nan,False,6.49350288425444
v3_sc3_staging_08,L5,3,7,pose_only,False,0,False,False,False,False,nan,False,6.49350288425444
v3_sc3_staging_08,L5,3,7,separate,False,0,False,False,False,False,nan,False,6.49350288425444
v3_sc3_staging_08,L5,3,7,joint,False,1,False,False,False,False,nan,False,6.49350288425444
v3_sc3_staging_08,L5,3,7,oracle,False,0,True,False,False,True,6.49350288425444,True,6.49350288425444
v3_sc3_staging_08,L5,3,8,uncalibrated,False,0,False,False,False,False,nan,False,6.37842712474619
v3_sc3_staging_08,L5,3,8,label_cell,False,0,False,False,False,False,nan,False,6.37842712474619
v3_sc3_staging_08,L5,3,8,label_only,False,0,False,False,False,False,nan,False,6.37842712474619
v3_sc3_staging_08,L5,3,8,pose_only,False,0,False,False,False,False,nan,False,6.37842712474619
v3_sc3_staging_08,L5,3,8,separate,False,0,False,False,False,False,nan,False,6.37842712474619
v3_sc3_staging_08,L5,3,8,joint,False,1,False,False,False,False,nan,False,6.37842712474619
v3_sc3_staging_08,L5,3,8,oracle,False,0,True,False,False,True,6.37842712474619,True,6.37842712474619
v3_sc3_staging_08,L5,3,9,uncalibrated,False,0,False,False,False,False,nan,False,6.561269837220812
v3_sc3_staging_08,L5,3,9,label_cell,False,0,False,False,False,False,nan,False,6.561269837220812
v3_sc3_staging_08,L5,3,9,label_only,False,0,False,False,False,False,nan,False,6.561269837220812
v3_sc3_staging_08,L5,3,9,pose_only,False,0,False,False,False,False,nan,False,6.561269837220812
v3_sc3_staging_08,L5,3,9,separate,False,0,False,False,False,False,nan,False,6.561269837220812
v3_sc3_staging_08,L5,3,9,joint,False,1,False,False,False,False,nan,False,6.561269837220812
v3_sc3_staging_08,L5,3,9,oracle,False,0,True,False,False,True,6.561269837220812,True,6.561269837220812
v3_sc3_staging_08,L5,3,10,uncalibrated,False,0,False,False,False,False,nan,False,10.570458146424489
v3_sc3_staging_08,L5,3,10,label_cell,False,0,False,False,False,False,nan,False,10.570458146424489
v3_sc3_staging_08,L5,3,10,label_only,False,0,False,False,False,False,nan,False,10.570458146424489
v3_sc3_staging_08,L5,3,10,pose_only,False,0,False,False,False,False,nan,False,10.570458146424489
v3_sc3_staging_08,L5,3,10,separate,False,0,False,False,False,False,nan,False,10.570458146424489
v3_sc3_staging_08,L5,3,10,joint,False,1,False,False,False,False,nan,False,10.570458146424489
v3_sc3_staging_08,L5,3,10,oracle,False,0,True,False,False,True,10.570458146424489,True,10.570458146424489
v3_sc3_staging_08,L5,3,11,uncalibrated,False,0,False,False,False,False,nan,False,11.409797974644668
v3_sc3_staging_08,L5,3,11,label_cell,False,0,False,False,False,False,nan,False,11.409797974644668
v3_sc3_staging_08,L5,3,11,label_only,False,0,False,False,False,False,nan,False,11.409797974644668
v3_sc3_staging_08,L5,3,11,pose_only,False,0,False,False,False,False,nan,False,11.409797974644668
v3_sc3_staging_08,L5,3,11,separate,False,0,False,False,False,False,nan,False,11.409797974644668
v3_sc3_staging_08,L5,3,11,joint,False,1,False,False,False,False,nan,False,11.409797974644668
v3_sc3_staging_08,L5,3,11,oracle,False,0,True,False,False,True,11.409797974644668,True,11.409797974644668
v3_sc3_staging_08,L5,3,12,uncalibrated,False,0,False,False,False,False,nan,False,7.076955262170049
v3_sc3_staging_08,L5,3,12,label_cell,False,0,False,False,False,False,nan,False,7.076955262170049
v3_sc3_staging_08,L5,3,12,label_only,False,0,False,False,False,False,nan,False,7.076955262170049
v3_sc3_staging_08,L5,3,12,pose_only,False,0,False,False,False,False,nan,False,7.076955262170049
v3_sc3_staging_08,L5,3,12,separate,False,0,False,False,False,False,nan,False,7.076955262170049
v3_sc3_staging_08,L5,3,12,joint,False,1,False,False,False,False,nan,False,7.076955262170049
v3_sc3_staging_08,L5,3,12,oracle,False,0,True,False,False,True,7.076955262170049,True,7.076955262170049
v3_sc3_staging_08,L5,3,13,uncalibrated,False,0,False,False,False,False,nan,False,9.065432893255073
v3_sc3_staging_08,L5,3,13,label_cell,False,0,False,False,False,False,nan,False,9.065432893255073
v3_sc3_staging_08,L5,3,13,label_only,False,0,False,False,False,False,nan,False,9.065432893255073
v3_sc3_staging_08,L5,3,13,pose_only,False,0,False,False,False,False,nan,False,9.065432893255073
v3_sc3_staging_08,L5,3,13,separate,False,0,False,False,False,False,nan,False,9.065432893255073
v3_sc3_staging_08,L5,3,13,joint,False,1,False,False,False,False,nan,False,9.065432893255073
v3_sc3_staging_08,L5,3,13,oracle,False,0,True,False,False,True,9.065432893255073,True,9.065432893255073
v3_sc3_staging_08,L5,3,14,uncalibrated,False,0,False,False,False,False,nan,False,7.8219300090006305
v3_sc3_staging_08,L5,3,14,label_cell,False,0,False,False,False,False,nan,False,7.8219300090006305
v3_sc3_staging_08,L5,3,14,label_only,False,0,False,False,False,False,nan,False,7.8219300090006305
v3_sc3_staging_08,L5,3,14,pose_only,False,0,False,False,False,False,nan,False,7.8219300090006305
v3_sc3_staging_08,L5,3,14,separate,False,0,False,False,False,False,nan,False,7.8219300090006305
v3_sc3_staging_08,L5,3,14,joint,False,1,False,False,False,False,nan,False,7.8219300090006305
v3_sc3_staging_08,L5,3,14,oracle,False,0,True,False,False,True,7.8219300090006305,True,7.8219300090006305
v3_sc3_staging_08,L5,3,15,uncalibrated,False,0,False,False,False,False,nan,False,6.837005768508881
v3_sc3_staging_08,L5,3,15,label_cell,False,0,False,False,False,False,nan,False,6.837005768508881
v3_sc3_staging_08,L5,3,15,label_only,False,0,False,False,False,False,nan,False,6.837005768508881
v3_sc3_staging_08,L5,3,15,pose_only,False,0,False,False,False,False,nan,False,6.837005768508881
v3_sc3_staging_08,L5,3,15,separate,False,0,False,False,False,False,nan,False,6.837005768508881
v3_sc3_staging_08,L5,3,15,joint,False,1,False,False,False,False,nan,False,6.837005768508881
v3_sc3_staging_08,L5,3,15,oracle,False,0,True,False,False,True,6.837005768508881,True,6.837005768508881
v3_sc3_staging_08,L5,3,16,uncalibrated,False,0,False,False,False,False,nan,False,7.297665940288707
v3_sc3_staging_08,L5,3,16,label_cell,False,0,False,False,False,False,nan,False,7.297665940288707
v3_sc3_staging_08,L5,3,16,label_only,False,0,False,False,False,False,nan,False,7.297665940288707
v3_sc3_staging_08,L5,3,16,pose_only,False,0,False,False,False,False,nan,False,7.297665940288707
v3_sc3_staging_08,L5,3,16,separate,False,0,False,False,False,False,nan,False,7.297665940288707
v3_sc3_staging_08,L5,3,16,joint,False,1,False,False,False,False,nan,False,7.297665940288707
v3_sc3_staging_08,L5,3,16,oracle,False,0,True,False,False,True,7.297665940288707,True,7.297665940288707
v3_sc3_staging_08,L5,3,17,uncalibrated,False,0,False,False,False,False,nan,False,7.70832611206853
v3_sc3_staging_08,L5,3,17,label_cell,False,0,False,False,False,False,nan,False,7.70832611206853
v3_sc3_staging_08,L5,3,17,label_only,False,0,False,False,False,False,nan,False,7.70832611206853
v3_sc3_staging_08,L5,3,17,pose_only,False,0,False,False,False,False,nan,False,7.70832611206853
v3_sc3_staging_08,L5,3,17,separate,False,0,False,False,False,False,nan,False,7.70832611206853
v3_sc3_staging_08,L5,3,17,joint,False,1,False,False,False,False,nan,False,7.70832611206853
v3_sc3_staging_08,L5,3,17,oracle,False,0,True,False,False,True,7.70832611206853,True,7.70832611206853
v3_sc3_staging_08,L5,3,18,uncalibrated,False,0,False,False,False,False,nan,False,8.218986283848345
v3_sc3_staging_08,L5,3,18,label_cell,False,0,False,False,False,False,nan,False,8.218986283848345
v3_sc3_staging_08,L5,3,18,label_only,False,0,False,False,False,False,nan,False,8.218986283848345
v3_sc3_staging_08,L5,3,18,pose_only,False,0,False,False,False,False,nan,False,8.218986283848345
v3_sc3_staging_08,L5,3,18,separate,False,0,False,False,False,False,nan,False,8.218986283848345
v3_sc3_staging_08,L5,3,18,joint,False,1,False,False,False,False,nan,False,8.218986283848345
v3_sc3_staging_08,L5,3,18,oracle,False,0,True,False,False,True,8.218986283848345,True,8.218986283848345
v3_sc3_staging_08,L5,3,19,uncalibrated,False,0,False,False,False,False,nan,False,9.526955262170048
v3_sc3_staging_08,L5,3,19,label_cell,False,0,False,False,False,False,nan,False,9.526955262170048
v3_sc3_staging_08,L5,3,19,label_only,False,0,False,False,False,False,nan,False,9.526955262170048
v3_sc3_staging_08,L5,3,19,pose_only,False,0,False,False,False,False,nan,False,9.526955262170048
v3_sc3_staging_08,L5,3,19,separate,False,0,False,False,False,False,nan,False,9.526955262170048
v3_sc3_staging_08,L5,3,19,joint,False,1,False,False,False,False,nan,False,9.526955262170048
v3_sc3_staging_08,L5,3,19,oracle,False,0,True,False,False,True,9.526955262170048,True,9.526955262170048
v3_sc3_staging_08,L5,4,0,uncalibrated,False,0,False,False,False,False,nan,False,9.977564927611036
v3_sc3_staging_08,L5,4,0,label_cell,False,0,False,False,False,False,nan,False,9.977564927611036
v3_sc3_staging_08,L5,4,0,label_only,False,0,False,False,False,False,nan,False,9.977564927611036
v3_sc3_staging_08,L5,4,0,pose_only,False,0,False,False,False,False,nan,False,9.977564927611036
v3_sc3_staging_08,L5,4,0,separate,False,0,False,False,False,False,nan,False,9.977564927611036
v3_sc3_staging_08,L5,4,0,joint,False,1,False,False,False,False,nan,False,9.977564927611036
v3_sc3_staging_08,L5,4,0,oracle,False,0,True,False,False,True,9.977564927611036,True,9.977564927611036
v3_sc3_staging_08,L5,4,1,uncalibrated,False,0,False,False,False,False,nan,False,8.056854249492382
v3_sc3_staging_08,L5,4,1,label_cell,False,0,False,False,False,False,nan,False,8.056854249492382
v3_sc3_staging_08,L5,4,1,label_only,False,0,False,False,False,False,nan,False,8.056854249492382
v3_sc3_staging_08,L5,4,1,pose_only,False,0,False,False,False,False,nan,False,8.056854249492382
v3_sc3_staging_08,L5,4,1,separate,False,0,False,False,False,False,nan,False,8.056854249492382
v3_sc3_staging_08,L5,4,1,joint,False,1,False,False,False,False,nan,False,8.056854249492382
v3_sc3_staging_08,L5,4,1,oracle,False,0,True,False,False,True,8.056854249492382,True,8.056854249492382
v3_sc3_staging_08,L5,4,2,uncalibrated,False,0,False,False,False,False,nan,False,11.211879502661798
v3_sc3_staging_08,L5,4,2,label_cell,False,0,False,False,False,False,nan,False,11.211879502661798
v3_sc3_staging_08,L5,4,2,label_only,False,0,False,False,False,False,nan,False,11.211879502661798
v3_sc3_staging_08,L5,4,2,pose_only,False,0,False,False,False,False,nan,False,11.211879502661798
v3_sc3_staging_08,L5,4,2,separate,False,0,False,False,False,False,nan,False,11.211879502661798
v3_sc3_staging_08,L5,4,2,joint,False,1,False,False,False,False,nan,False,11.211879502661798
v3_sc3_staging_08,L5,4,2,oracle,False,0,True,False,False,True,11.211879502661798,True,11.211879502661798
v3_sc3_staging_08,L5,4,3,uncalibrated,False,0,False,False,False,False,nan,False,9.126955262170048
v3_sc3_staging_08,L5,4,3,label_cell,False,0,False,False,False,False,nan,False,9.126955262170048
v3_sc3_staging_08,L5,4,3,label_only,False,0,False,False,False,False,nan,False,9.126955262170048
v3_sc3_staging_08,L5,4,3,pose_only,False,0,False,False,False,False,nan,False,9.126955262170048
v3_sc3_staging_08,L5,4,3,separate,False,0,False,False,False,False,nan,False,9.126955262170048
v3_sc3_staging_08,L5,4,3,joint,False,1,False,False,False,False,nan,False,9.126955262170048
v3_sc3_staging_08,L5,4,3,oracle,False,0,True,False,False,True,9.126955262170048,True,9.126955262170048
v3_sc3_staging_08,L5,4,4,uncalibrated,False,0,False,False,False,False,nan,False,10.703910524340095
v3_sc3_staging_08,L5,4,4,label_cell,False,0,False,False,False,False,nan,False,10.703910524340095
v3_sc3_staging_08,L5,4,4,label_only,False,0,False,False,False,False,nan,False,10.703910524340095
v3_sc3_staging_08,L5,4,4,pose_only,False,0,False,False,False,False,nan,False,10.703910524340095
v3_sc3_staging_08,L5,4,4,separate,False,0,False,False,False,False,nan,False,10.703910524340095
v3_sc3_staging_08,L5,4,4,joint,False,1,False,False,False,False,nan,False,10.703910524340095
v3_sc3_staging_08,L5,4,4,oracle,False,0,True,False,False,True,10.703910524340095,True,10.703910524340095
v3_sc3_staging_08,L5,4,5,uncalibrated,False,0,False,False,False,False,nan,False,9.266904755831215
v3_sc3_staging_08,L5,4,5,label_cell,False,0,False,False,False,False,nan,False,9.266904755831215
v3_sc3_staging_08,L5,4,5,label_only,False,0,False,False,False,False,nan,False,9.266904755831215
v3_sc3_staging_08,L5,4,5,pose_only,False,0,False,False,False,False,nan,False,9.266904755831215
v3_sc3_staging_08,L5,4,5,separate,False,0,False,False,False,False,nan,False,9.266904755831215
v3_sc3_staging_08,L5,4,5,joint,False,1,False,False,False,False,nan,False,9.266904755831215
v3_sc3_staging_08,L5,4,5,oracle,False,0,True,False,False,True,9.266904755831215,True,9.266904755831215
v3_sc3_staging_08,L5,4,6,uncalibrated,False,0,False,False,False,False,nan,False,11.089696961967
v3_sc3_staging_08,L5,4,6,label_cell,False,0,False,False,False,False,nan,False,11.089696961967
v3_sc3_staging_08,L5,4,6,label_only,False,0,False,False,False,False,nan,False,11.089696961967
v3_sc3_staging_08,L5,4,6,pose_only,False,0,False,False,False,False,nan,False,11.089696961967
v3_sc3_staging_08,L5,4,6,separate,False,0,False,False,False,False,nan,False,11.089696961967
v3_sc3_staging_08,L5,4,6,joint,False,1,False,False,False,False,nan,False,11.089696961967
v3_sc3_staging_08,L5,4,6,oracle,False,0,True,False,False,True,11.089696961967,True,11.089696961967
v3_sc3_staging_08,L5,4,7,uncalibrated,False,0,False,False,False,False,nan,False,6.584062043356596
v3_sc3_staging_08,L5,4,7,label_cell,False,0,False,False,False,False,nan,False,6.584062043356596
v3_sc3_staging_08,L5,4,7,label_only,False,0,False,False,False,False,nan,False,6.584062043356596
v3_sc3_staging_08,L5,4,7,pose_only,False,0,False,False,False,False,nan,False,6.584062043356596
v3_sc3_staging_08,L5,4,7,separate,False,0,False,False,False,False,nan,False,6.584062043356596
v3_sc3_staging_08,L5,4,7,joint,False,1,False,False,False,False,nan,False,6.584062043356596
v3_sc3_staging_08,L5,4,7,oracle,False,0,True,False,False,True,6.584062043356596,True,6.584062043356596
v3_sc3_staging_08,L5,4,8,uncalibrated,False,0,False,False,False,False,nan,False,6.554772721475252
v3_sc3_staging_08,L5,4,8,label_cell,False,0,False,False,False,False,nan,False,6.554772721475252
v3_sc3_staging_08,L5,4,8,label_only,False,0,False,False,False,False,nan,False,6.554772721475252
v3_sc3_staging_08,L5,4,8,pose_only,False,0,False,False,False,False,nan,False,6.554772721475252
v3_sc3_staging_08,L5,4,8,separate,False,0,False,False,False,False,nan,False,6.554772721475252
v3_sc3_staging_08,L5,4,8,joint,False,1,False,False,False,False,nan,False,6.554772721475252
v3_sc3_staging_08,L5,4,8,oracle,False,0,True,False,False,True,6.554772721475252,True,6.554772721475252
v3_sc3_staging_08,L5,4,9,uncalibrated,False,0,False,False,False,False,nan,False,6.549747468305835
v3_sc3_staging_08,L5,4,9,label_cell,False,0,False,False,False,False,nan,False,6.549747468305835
v3_sc3_staging_08,L5,4,9,label_only,False,0,False,False,False,False,nan,False,6.549747468305835
v3_sc3_staging_08,L5,4,9,pose_only,False,0,False,False,False,False,nan,False,6.549747468305835
v3_sc3_staging_08,L5,4,9,separate,False,0,False,False,False,False,nan,False,6.549747468305835
v3_sc3_staging_08,L5,4,9,joint,False,1,False,False,False,False,nan,False,6.549747468305835
v3_sc3_staging_08,L5,4,9,oracle,False,0,True,False,False,True,6.549747468305835,True,6.549747468305835
v3_sc3_staging_08,L5,4,10,uncalibrated,False,0,False,False,False,False,nan,False,10.956854249492384
v3_sc3_staging_08,L5,4,10,label_cell,False,0,False,False,False,False,nan,False,10.956854249492384
v3_sc3_staging_08,L5,4,10,label_only,False,0,False,False,False,False,nan,False,10.956854249492384
v3_sc3_staging_08,L5,4,10,pose_only,False,0,False,False,False,False,nan,False,10.956854249492384
v3_sc3_staging_08,L5,4,10,separate,False,0,False,False,False,False,nan,False,10.956854249492384
v3_sc3_staging_08,L5,4,10,joint,False,1,False,False,False,False,nan,False,10.956854249492384
v3_sc3_staging_08,L5,4,10,oracle,False,0,True,False,False,True,10.956854249492384,True,10.956854249492384
v3_sc3_staging_08,L5,4,11,uncalibrated,False,0,False,False,False,False,nan,False,11.636753236814716
v3_sc3_staging_08,L5,4,11,label_cell,False,0,False,False,False,False,nan,False,11.636753236814716
v3_sc3_staging_08,L5,4,11,label_only,False,0,False,False,False,False,nan,False,11.636753236814716
v3_sc3_staging_08,L5,4,11,pose_only,False,0,False,False,False,False,nan,False,11.636753236814716
v3_sc3_staging_08,L5,4,11,separate,False,0,False,False,False,False,nan,False,11.636753236814716
v3_sc3_staging_08,L5,4,11,joint,False,1,False,False,False,False,nan,False,11.636753236814716
v3_sc3_staging_08,L5,4,11,oracle,False,0,True,False,False,True,11.636753236814716,True,11.636753236814716
v3_sc3_staging_08,L5,4,12,uncalibrated,False,0,False,False,False,False,nan,False,7.4512193308819805
v3_sc3_staging_08,L5,4,12,label_cell,False,0,False,False,False,False,nan,False,7.4512193308819805
v3_sc3_staging_08,L5,4,12,label_only,False,0,False,False,False,False,nan,False,7.4512193308819805
v3_sc3_staging_08,L5,4,12,pose_only,False,0,False,False,False,False,nan,False,7.4512193308819805
v3_sc3_staging_08,L5,4,12,separate,False,0,False,False,False,False,nan,False,7.4512193308819805
v3_sc3_staging_08,L5,4,12,joint,False,1,False,False,False,False,nan,False,7.4512193308819805
v3_sc3_staging_08,L5,4,12,oracle,False,0,True,False,False,True,7.4512193308819805,True,7.4512193308819805
v3_sc3_staging_08,L5,4,13,uncalibrated,False,0,False,False,False,False,nan,False,9.105382386916238
v3_sc3_staging_08,L5,4,13,label_cell,False,0,False,False,False,False,nan,False,9.105382386916238
v3_sc3_staging_08,L5,4,13,label_only,False,0,False,False,False,False,nan,False,9.105382386916238
v3_sc3_staging_08,L5,4,13,pose_only,False,0,False,False,False,False,nan,False,9.105382386916238
v3_sc3_staging_08,L5,4,13,separate,False,0,False,False,False,False,nan,False,9.105382386916238
v3_sc3_staging_08,L5,4,13,joint,False,1,False,False,False,False,nan,False,9.105382386916238
v3_sc3_staging_08,L5,4,13,oracle,False,0,True,False,False,True,9.105382386916238,True,9.105382386916238
v3_sc3_staging_08,L5,4,14,uncalibrated,False,0,False,False,False,False,nan,False,7.672539674441623
v3_sc3_staging_08,L5,4,14,label_cell,False,0,False,False,False,False,nan,False,7.672539674441623
v3_sc3_staging_08,L5,4,14,label_only,False,0,False,False,False,False,nan,False,7.672539674441623
v3_sc3_staging_08,L5,4,14,pose_only,False,0,False,False,False,False,nan,False,7.672539674441623
v3_sc3_staging_08,L5,4,14,separate,False,0,False,False,False,False,nan,False,7.672539674441623
v3_sc3_staging_08,L5,4,14,joint,False,1,False,False,False,False,nan,False,7.672539674441623
v3_sc3_staging_08,L5,4,14,oracle,False,0,True,False,False,True,7.672539674441623,True,7.672539674441623
v3_sc3_staging_08,L5,4,15,uncalibrated,False,0,False,False,False,False,nan,False,6.908326112068528
v3_sc3_staging_08,L5,4,15,label_cell,False,0,False,False,False,False,nan,False,6.908326112068528
v3_sc3_staging_08,L5,4,15,label_only,False,0,False,False,False,False,nan,False,6.908326112068528
v3_sc3_staging_08,L5,4,15,pose_only,False,0,False,False,False,False,nan,False,6.908326112068528
v3_sc3_staging_08,L5,4,15,separate,False,0,False,False,False,False,nan,False,6.908326112068528
v3_sc3_staging_08,L5,4,15,joint,False,1,False,False,False,False,nan,False,6.908326112068528
v3_sc3_staging_08,L5,4,15,oracle,False,0,True,False,False,True,6.908326112068528,True,6.908326112068528
v3_sc3_staging_08,L5,4,16,uncalibrated,False,0,False,False,False,False,nan,False,7.680508652763321
v3_sc3_staging_08,L5,4,16,label_cell,False,0,False,False,False,False,nan,False,7.680508652763321
v3_sc3_staging_08,L5,4,16,label_only,False,0,False,False,False,False,nan,False,7.680508652763321
v3_sc3_staging_08,L5,4,16,pose_only,False,0,False,False,False,False,nan,False,7.680508652763321
v3_sc3_staging_08,L5,4,16,separate,False,0,False,False,False,False,nan,False,7.680508652763321
v3_sc3_staging_08,L5,4,16,joint,False,1,False,False,False,False,nan,False,7.680508652763321
v3_sc3_staging_08,L5,4,16,oracle,False,0,True,False,False,True,7.680508652763321,True,7.680508652763321
v3_sc3_staging_08,L5,4,17,uncalibrated,False,0,False,False,False,False,nan,False,8.079036790187178
v3_sc3_staging_08,L5,4,17,label_cell,False,0,False,False,False,False,nan,False,8.079036790187178
v3_sc3_staging_08,L5,4,17,label_only,False,0,False,False,False,False,nan,False,8.079036790187178
v3_sc3_staging_08,L5,4,17,pose_only,False,0,False,False,False,False,nan,False,8.079036790187178
v3_sc3_staging_08,L5,4,17,separate,False,0,False,False,False,False,nan,False,8.079036790187178
v3_sc3_staging_08,L5,4,17,joint,False,1,False,False,False,False,nan,False,8.079036790187178
v3_sc3_staging_08,L5,4,17,oracle,False,0,True,False,False,True,8.079036790187178,True,8.079036790187178
v3_sc3_staging_08,L5,4,18,uncalibrated,False,0,False,False,False,False,nan,False,8.377564927611035
v3_sc3_staging_08,L5,4,18,label_cell,False,0,False,False,False,False,nan,False,8.377564927611035
v3_sc3_staging_08,L5,4,18,label_only,False,0,False,False,False,False,nan,False,8.377564927611035
v3_sc3_staging_08,L5,4,18,pose_only,False,0,False,False,False,False,nan,False,8.377564927611035
v3_sc3_staging_08,L5,4,18,separate,False,0,False,False,False,False,nan,False,8.377564927611035
v3_sc3_staging_08,L5,4,18,joint,False,1,False,False,False,False,nan,False,8.377564927611035
v3_sc3_staging_08,L5,4,18,oracle,False,0,True,False,False,True,8.377564927611035,True,8.377564927611035
